from,to,log2fc,adj_p_value
E-GEOD-5305-g1_g3,ENSMUSG00000000001,0.8,0.0568411641079271
E-GEOD-5305-g1_g3,ENSMUSG00000000028,0.4,0.0396462123647264
E-GEOD-5305-g1_g3,ENSMUSG00000000058,0.5,0.0164640868028289
E-GEOD-5305-g1_g3,ENSMUSG00000000131,0.3,0.0550535206330793
E-GEOD-5305-g1_g3,ENSMUSG00000000149,0.3,0.0579655048024834
E-GEOD-5305-g1_g3,ENSMUSG00000000168,-0.6,0.0119985581139819
E-GEOD-5305-g1_g3,ENSMUSG00000000184,-0.9,0.0002088473383569
E-GEOD-5305-g1_g3,ENSMUSG00000000275,0.5,0.005499280471639
E-GEOD-5305-g1_g3,ENSMUSG00000000290,-1.5,2.73719010426375e-05
E-GEOD-5305-g1_g3,ENSMUSG00000000296,-0.6,0.0171808434435655
E-GEOD-5305-g1_g3,ENSMUSG00000000399,-0.4,0.0115000260380724
E-GEOD-5305-g1_g3,ENSMUSG00000000435,0.5,0.0475790294724452
E-GEOD-5305-g1_g3,ENSMUSG00000000489,0.4,0.0249134246139049
E-GEOD-5305-g1_g3,ENSMUSG00000000552,0.6,0.0140737279925787
E-GEOD-5305-g1_g3,ENSMUSG00000000568,0.5,0.0313336494038964
E-GEOD-5305-g1_g3,ENSMUSG00000000628,-1.6,4.36817574359282e-05
E-GEOD-5305-g1_g3,ENSMUSG00000000693,0.4,0.0396598017960349
E-GEOD-5305-g1_g3,ENSMUSG00000000751,0.5,0.0076598677000609
E-GEOD-5305-g1_g3,ENSMUSG00000000881,0.4,0.0424239801588826
E-GEOD-5305-g1_g3,ENSMUSG00000000901,-0.4,0.0568413650993419
E-GEOD-5305-g1_g3,ENSMUSG00000000934,-0.6,0.0049953483558248
E-GEOD-5305-g1_g3,ENSMUSG00000000957,0.6,0.0015011161493607
E-GEOD-5305-g1_g3,ENSMUSG00000000958,-0.3,0.0778721819082516
E-GEOD-5305-g1_g3,ENSMUSG00000001025,0.9,0.0004571972368447
E-GEOD-5305-g1_g3,ENSMUSG00000001056,-0.5,0.0042678244065211
E-GEOD-5305-g1_g3,ENSMUSG00000001082,0.4,0.0493214525934492
E-GEOD-5305-g1_g3,ENSMUSG00000001098,0.4,0.0175257325895539
E-GEOD-5305-g1_g3,ENSMUSG00000001105,0.5,0.0106099605917427
E-GEOD-5305-g1_g3,ENSMUSG00000001119,0.8,0.0005319529302653
E-GEOD-5305-g1_g3,ENSMUSG00000001123,0.7,0.0068387280892221
E-GEOD-5305-g1_g3,ENSMUSG00000001131,0.3,0.0761231108784306
E-GEOD-5305-g1_g3,ENSMUSG00000001158,0.4,0.029182799010112
E-GEOD-5305-g1_g3,ENSMUSG00000001211,-0.5,0.004692148565048
E-GEOD-5305-g1_g3,ENSMUSG00000001228,1.6,2.18398641465783e-05
E-GEOD-5305-g1_g3,ENSMUSG00000001288,0.5,0.0719353497318081
E-GEOD-5305-g1_g3,ENSMUSG00000001300,0.3,0.0635877444462285
E-GEOD-5305-g1_g3,ENSMUSG00000001403,1.4,2.94655399245127e-05
E-GEOD-5305-g1_g3,ENSMUSG00000001435,1.5,4.69073643805553e-05
E-GEOD-5305-g1_g3,ENSMUSG00000001440,0.4,0.01619019100958
E-GEOD-5305-g1_g3,ENSMUSG00000001441,0.3,0.0667410385884586
E-GEOD-5305-g1_g3,ENSMUSG00000001467,1.2,0.0034341640273396
E-GEOD-5305-g1_g3,ENSMUSG00000001506,0.5,0.0173139509999459
E-GEOD-5305-g1_g3,ENSMUSG00000001508,-0.6,0.0024488461736256
E-GEOD-5305-g1_g3,ENSMUSG00000001517,0.4,0.0635877444462285
E-GEOD-5305-g1_g3,ENSMUSG00000001525,0.9,0.000237777752502
E-GEOD-5305-g1_g3,ENSMUSG00000001552,0.4,0.0465836195731924
E-GEOD-5305-g1_g3,ENSMUSG00000001555,0.6,0.010427304714437
E-GEOD-5305-g1_g3,ENSMUSG00000001655,0.6,0.0020506540657519
E-GEOD-5305-g1_g3,ENSMUSG00000001687,-0.5,0.0111321884681268
E-GEOD-5305-g1_g3,ENSMUSG00000001707,-0.4,0.0872413679208056
E-GEOD-5305-g1_g3,ENSMUSG00000001750,0.5,0.0090617165794264
E-GEOD-5305-g1_g3,ENSMUSG00000001755,-0.3,0.0562107479825261
E-GEOD-5305-g1_g3,ENSMUSG00000001829,-0.7,0.0023888514933265
E-GEOD-5305-g1_g3,ENSMUSG00000001864,-0.8,0.0007678061684048
E-GEOD-5305-g1_g3,ENSMUSG00000001870,0.6,0.05182958380242
E-GEOD-5305-g1_g3,ENSMUSG00000001891,-0.6,0.0334768003727956
E-GEOD-5305-g1_g3,ENSMUSG00000001911,0.4,0.032533871278139
E-GEOD-5305-g1_g3,ENSMUSG00000001918,-0.6,0.0022132796108483
E-GEOD-5305-g1_g3,ENSMUSG00000001964,0.4,0.0167205949481208
E-GEOD-5305-g1_g3,ENSMUSG00000001999,0.5,0.0084113921426541
E-GEOD-5305-g1_g3,ENSMUSG00000002007,-0.6,0.0092291523101473
E-GEOD-5305-g1_g3,ENSMUSG00000002010,-0.5,0.004692148565048
E-GEOD-5305-g1_g3,ENSMUSG00000002015,-0.4,0.0140026885906674
E-GEOD-5305-g1_g3,ENSMUSG00000002031,0.3,0.0988997236134095
E-GEOD-5305-g1_g3,ENSMUSG00000002055,0.8,0.0005676206039394
E-GEOD-5305-g1_g3,ENSMUSG00000002058,0.5,0.0095903532128746
E-GEOD-5305-g1_g3,ENSMUSG00000002059,0.4,0.0179824602140064
E-GEOD-5305-g1_g3,ENSMUSG00000002068,0.4,0.0479737272974924
E-GEOD-5305-g1_g3,ENSMUSG00000002102,-0.4,0.0075170480482214
E-GEOD-5305-g1_g3,ENSMUSG00000002221,0.4,0.0424544851661163
E-GEOD-5305-g1_g3,ENSMUSG00000002233,0.7,0.0048920801486025
E-GEOD-5305-g1_g3,ENSMUSG00000002274,0.3,0.0855678744480901
E-GEOD-5305-g1_g3,ENSMUSG00000002297,0.9,0.0049817759747608
E-GEOD-5305-g1_g3,ENSMUSG00000002395,-0.5,0.0056782257927866
E-GEOD-5305-g1_g3,ENSMUSG00000002489,0.6,0.0037202486364127
E-GEOD-5305-g1_g3,ENSMUSG00000002500,-0.4,0.0709691195719662
E-GEOD-5305-g1_g3,ENSMUSG00000002603,0.5,0.0828097630571141
E-GEOD-5305-g1_g3,ENSMUSG00000002635,-0.5,0.0150120925528482
E-GEOD-5305-g1_g3,ENSMUSG00000002731,0.7,0.0011857063401696
E-GEOD-5305-g1_g3,ENSMUSG00000002732,0.8,0.0790552504634493
E-GEOD-5305-g1_g3,ENSMUSG00000002768,-0.3,0.0465836195731924
E-GEOD-5305-g1_g3,ENSMUSG00000002778,0.4,0.0184295775557522
E-GEOD-5305-g1_g3,ENSMUSG00000002799,0.5,0.0147464964756683
E-GEOD-5305-g1_g3,ENSMUSG00000002825,-0.5,0.0109852722881118
E-GEOD-5305-g1_g3,ENSMUSG00000002844,-0.5,0.0068387280892221
E-GEOD-5305-g1_g3,ENSMUSG00000002845,0.4,0.0171015456935663
E-GEOD-5305-g1_g3,ENSMUSG00000002870,0.5,0.0122720532716859
E-GEOD-5305-g1_g3,ENSMUSG00000002881,0.7,0.0599114744927381
E-GEOD-5305-g1_g3,ENSMUSG00000002900,0.8,0.0144264405244316
E-GEOD-5305-g1_g3,ENSMUSG00000002980,-0.6,0.0328849238638649
E-GEOD-5305-g1_g3,ENSMUSG00000002983,-0.4,0.054724525683447
E-GEOD-5305-g1_g3,ENSMUSG00000003032,-1.1,0.0001764957105039
E-GEOD-5305-g1_g3,ENSMUSG00000003154,0.4,0.0309999198809655
E-GEOD-5305-g1_g3,ENSMUSG00000003161,0.7,0.0014520696280547
E-GEOD-5305-g1_g3,ENSMUSG00000003234,-0.5,0.0059041892826138
E-GEOD-5305-g1_g3,ENSMUSG00000003352,0.6,0.0086654678570911
E-GEOD-5305-g1_g3,ENSMUSG00000003355,0.5,0.0129495186856503
E-GEOD-5305-g1_g3,ENSMUSG00000003402,0.3,0.07285471660921
E-GEOD-5305-g1_g3,ENSMUSG00000003420,0.6,0.0014701234288307
E-GEOD-5305-g1_g3,ENSMUSG00000003458,0.3,0.0924964050322838
E-GEOD-5305-g1_g3,ENSMUSG00000003559,-0.3,0.051974337592028
E-GEOD-5305-g1_g3,ENSMUSG00000003617,0.5,0.028416419277374
E-GEOD-5305-g1_g3,ENSMUSG00000003623,0.3,0.070044605793658
E-GEOD-5305-g1_g3,ENSMUSG00000003779,1.1,0.0010234288168236
E-GEOD-5305-g1_g3,ENSMUSG00000003809,-0.5,0.0299640002980277
E-GEOD-5305-g1_g3,ENSMUSG00000003813,-0.6,0.0021014971022424
E-GEOD-5305-g1_g3,ENSMUSG00000003847,0.4,0.0110558736961548
E-GEOD-5305-g1_g3,ENSMUSG00000003865,-0.4,0.0441278441032728
E-GEOD-5305-g1_g3,ENSMUSG00000003873,0.4,0.017536497796186
E-GEOD-5305-g1_g3,ENSMUSG00000003948,0.6,0.0183645939540875
E-GEOD-5305-g1_g3,ENSMUSG00000003992,-0.6,0.0098536087274579
E-GEOD-5305-g1_g3,ENSMUSG00000004040,-0.3,0.0774112049787821
E-GEOD-5305-g1_g3,ENSMUSG00000004044,0.6,0.0428130607148918
E-GEOD-5305-g1_g3,ENSMUSG00000004056,-0.4,0.01285453935739
E-GEOD-5305-g1_g3,ENSMUSG00000004069,-1.2,9.55829481701274e-05
E-GEOD-5305-g1_g3,ENSMUSG00000004098,0.9,0.0006022431198909
E-GEOD-5305-g1_g3,ENSMUSG00000004099,0.8,0.0005030766794896
E-GEOD-5305-g1_g3,ENSMUSG00000004105,0.5,0.0160943756624806
E-GEOD-5305-g1_g3,ENSMUSG00000004267,-0.5,0.0229715487578561
E-GEOD-5305-g1_g3,ENSMUSG00000004317,0.6,0.0153755121458954
E-GEOD-5305-g1_g3,ENSMUSG00000004393,-0.3,0.0370940415307679
E-GEOD-5305-g1_g3,ENSMUSG00000004451,0.7,0.0011857063401696
E-GEOD-5305-g1_g3,ENSMUSG00000004655,0.4,0.064627825374648
E-GEOD-5305-g1_g3,ENSMUSG00000004665,0.4,0.0140475116202208
E-GEOD-5305-g1_g3,ENSMUSG00000004789,-0.4,0.0159345673274945
E-GEOD-5305-g1_g3,ENSMUSG00000004791,0.4,0.0369274031423064
E-GEOD-5305-g1_g3,ENSMUSG00000004849,0.4,0.0253475790425963
E-GEOD-5305-g1_g3,ENSMUSG00000004880,0.6,0.0890912080333889
E-GEOD-5305-g1_g3,ENSMUSG00000004885,0.7,0.0006807768151237
E-GEOD-5305-g1_g3,ENSMUSG00000004929,-0.8,0.0025982636217928
E-GEOD-5305-g1_g3,ENSMUSG00000004952,0.5,0.029584909660392
E-GEOD-5305-g1_g3,ENSMUSG00000004994,-0.5,0.0250028141117737
E-GEOD-5305-g1_g3,ENSMUSG00000004996,-0.4,0.031054882113673
E-GEOD-5305-g1_g3,ENSMUSG00000005054,0.4,0.0104422158020072
E-GEOD-5305-g1_g3,ENSMUSG00000005087,0.4,0.0624155685530211
E-GEOD-5305-g1_g3,ENSMUSG00000005103,0.4,0.0193080492347551
E-GEOD-5305-g1_g3,ENSMUSG00000005124,0.4,0.0832259229537004
E-GEOD-5305-g1_g3,ENSMUSG00000005142,0.5,0.0139641966232321
E-GEOD-5305-g1_g3,ENSMUSG00000005148,-0.5,0.005578955350874
E-GEOD-5305-g1_g3,ENSMUSG00000005233,0.8,0.0033586167485375
E-GEOD-5305-g1_g3,ENSMUSG00000005320,0.5,0.0031739216851781
E-GEOD-5305-g1_g3,ENSMUSG00000005370,0.7,0.0022959343034064
E-GEOD-5305-g1_g3,ENSMUSG00000005397,1.2,0.0005628378711741
E-GEOD-5305-g1_g3,ENSMUSG00000005410,1.2,0.0002636390815339
E-GEOD-5305-g1_g3,ENSMUSG00000005447,0.8,0.0014281646014159
E-GEOD-5305-g1_g3,ENSMUSG00000005470,0.9,0.0003214749110679
E-GEOD-5305-g1_g3,ENSMUSG00000005483,0.4,0.0109245431060247
E-GEOD-5305-g1_g3,ENSMUSG00000005566,0.4,0.010843427889169
E-GEOD-5305-g1_g3,ENSMUSG00000005583,-0.8,0.0031689103260476
E-GEOD-5305-g1_g3,ENSMUSG00000005667,-0.9,0.0002556910624212
E-GEOD-5305-g1_g3,ENSMUSG00000005716,0.4,0.01682238882055
E-GEOD-5305-g1_g3,ENSMUSG00000005774,0.4,0.0173938318101419
E-GEOD-5305-g1_g3,ENSMUSG00000005803,0.4,0.0115000260380724
E-GEOD-5305-g1_g3,ENSMUSG00000005873,-0.5,0.0147422705689422
E-GEOD-5305-g1_g3,ENSMUSG00000005882,-1.0,0.0002943367086637
E-GEOD-5305-g1_g3,ENSMUSG00000005981,-0.6,0.0044655746082789
E-GEOD-5305-g1_g3,ENSMUSG00000006024,-0.5,0.0058701333934347
E-GEOD-5305-g1_g3,ENSMUSG00000006050,-0.3,0.0752276478897789
E-GEOD-5305-g1_g3,ENSMUSG00000006221,-0.9,0.0009047448972389
E-GEOD-5305-g1_g3,ENSMUSG00000006289,-0.4,0.0494721732108531
E-GEOD-5305-g1_g3,ENSMUSG00000006301,-0.6,0.0034401745577984
E-GEOD-5305-g1_g3,ENSMUSG00000006304,0.3,0.0485222301272117
E-GEOD-5305-g1_g3,ENSMUSG00000006360,0.7,0.0011364137215538
E-GEOD-5305-g1_g3,ENSMUSG00000006369,1.0,0.0003122229436816
E-GEOD-5305-g1_g3,ENSMUSG00000006390,0.4,0.0591733892454716
E-GEOD-5305-g1_g3,ENSMUSG00000006392,-0.3,0.0491654224841736
E-GEOD-5305-g1_g3,ENSMUSG00000006398,1.3,0.0002229059442475
E-GEOD-5305-g1_g3,ENSMUSG00000006435,-0.6,0.0035683790886562
E-GEOD-5305-g1_g3,ENSMUSG00000006457,-0.9,0.0004573642787821
E-GEOD-5305-g1_g3,ENSMUSG00000006494,0.4,0.0275105335014295
E-GEOD-5305-g1_g3,ENSMUSG00000006517,1.1,0.0002030973433654
E-GEOD-5305-g1_g3,ENSMUSG00000006576,-0.7,0.0010364902151577
E-GEOD-5305-g1_g3,ENSMUSG00000006585,0.8,0.0005308150050165
E-GEOD-5305-g1_g3,ENSMUSG00000006587,0.3,0.0649016224009893
E-GEOD-5305-g1_g3,ENSMUSG00000006651,0.5,0.040428792452031
E-GEOD-5305-g1_g3,ENSMUSG00000006673,0.3,0.0327607517472771
E-GEOD-5305-g1_g3,ENSMUSG00000006678,0.7,0.0009949126878351
E-GEOD-5305-g1_g3,ENSMUSG00000006715,0.8,0.0006807768151237
E-GEOD-5305-g1_g3,ENSMUSG00000006728,0.6,0.003541376267605
E-GEOD-5305-g1_g3,ENSMUSG00000006800,1.1,0.0001816649299015
E-GEOD-5305-g1_g3,ENSMUSG00000006958,-0.8,0.0028791708630722
E-GEOD-5305-g1_g3,ENSMUSG00000007029,-0.3,0.0642672830277444
E-GEOD-5305-g1_g3,ENSMUSG00000007034,-0.4,0.0849433712864222
E-GEOD-5305-g1_g3,ENSMUSG00000007039,1.2,9.55829481701274e-05
E-GEOD-5305-g1_g3,ENSMUSG00000007041,0.7,0.001119928489235
E-GEOD-5305-g1_g3,ENSMUSG00000007050,0.7,0.0023888514933265
E-GEOD-5305-g1_g3,ENSMUSG00000007080,0.6,0.0049589711736205
E-GEOD-5305-g1_g3,ENSMUSG00000007097,-1.9,2.18398641465783e-05
E-GEOD-5305-g1_g3,ENSMUSG00000007655,0.8,0.001530642985863
E-GEOD-5305-g1_g3,ENSMUSG00000007872,1.2,0.000160956645594
E-GEOD-5305-g1_g3,ENSMUSG00000007888,1.0,0.0004135251513264
E-GEOD-5305-g1_g3,ENSMUSG00000007950,0.8,0.0027970521455333
E-GEOD-5305-g1_g3,ENSMUSG00000008090,-1.5,4.02192337434448e-05
E-GEOD-5305-g1_g3,ENSMUSG00000008393,0.4,0.0252681528897349
E-GEOD-5305-g1_g3,ENSMUSG00000008398,0.5,0.0381952303868732
E-GEOD-5305-g1_g3,ENSMUSG00000008461,-0.3,0.0616021591142521
E-GEOD-5305-g1_g3,ENSMUSG00000008475,0.4,0.044253655682162
E-GEOD-5305-g1_g3,ENSMUSG00000008540,1.0,0.0041644961366314
E-GEOD-5305-g1_g3,ENSMUSG00000008575,1.2,0.0070668352510156
E-GEOD-5305-g1_g3,ENSMUSG00000008658,-0.5,0.0112048989500509
E-GEOD-5305-g1_g3,ENSMUSG00000008855,0.4,0.0225777645911444
E-GEOD-5305-g1_g3,ENSMUSG00000009013,0.4,0.0447218954659578
E-GEOD-5305-g1_g3,ENSMUSG00000009097,-0.3,0.0752051534212932
E-GEOD-5305-g1_g3,ENSMUSG00000009214,-0.3,0.0336924711650609
E-GEOD-5305-g1_g3,ENSMUSG00000009291,-0.8,0.0019719594166924
E-GEOD-5305-g1_g3,ENSMUSG00000009293,-0.5,0.006827989058957
E-GEOD-5305-g1_g3,ENSMUSG00000009535,-0.6,0.0627617761406331
E-GEOD-5305-g1_g3,ENSMUSG00000009585,0.5,0.0125106177163981
E-GEOD-5305-g1_g3,ENSMUSG00000009681,0.4,0.0113763488093283
E-GEOD-5305-g1_g3,ENSMUSG00000009863,-0.3,0.0325420559307788
E-GEOD-5305-g1_g3,ENSMUSG00000010095,-0.9,0.0004135251513264
E-GEOD-5305-g1_g3,ENSMUSG00000010342,0.5,0.0080941375441572
E-GEOD-5305-g1_g3,ENSMUSG00000010517,-0.4,0.0209827849357625
E-GEOD-5305-g1_g3,ENSMUSG00000010608,0.3,0.0627617761406331
E-GEOD-5305-g1_g3,ENSMUSG00000010660,0.4,0.0636910977572704
E-GEOD-5305-g1_g3,ENSMUSG00000010663,0.8,0.0005739381220063
E-GEOD-5305-g1_g3,ENSMUSG00000010755,-0.5,0.0067340773006785
E-GEOD-5305-g1_g3,ENSMUSG00000010830,0.6,0.002293782325656
E-GEOD-5305-g1_g3,ENSMUSG00000010911,-0.5,0.005578955350874
E-GEOD-5305-g1_g3,ENSMUSG00000011114,-0.4,0.0399659910950373
E-GEOD-5305-g1_g3,ENSMUSG00000011148,-1.0,9.55985492751849e-05
E-GEOD-5305-g1_g3,ENSMUSG00000011179,-0.4,0.0275105335014295
E-GEOD-5305-g1_g3,ENSMUSG00000011306,-0.3,0.0599087968764982
E-GEOD-5305-g1_g3,ENSMUSG00000011837,0.3,0.0857263125256014
E-GEOD-5305-g1_g3,ENSMUSG00000011884,0.6,0.0089072876112581
E-GEOD-5305-g1_g3,ENSMUSG00000012443,0.5,0.0082934577636951
E-GEOD-5305-g1_g3,ENSMUSG00000012535,0.3,0.0833700514368143
E-GEOD-5305-g1_g3,ENSMUSG00000013033,0.4,0.0649875974939057
E-GEOD-5305-g1_g3,ENSMUSG00000013787,0.4,0.0257582421147329
E-GEOD-5305-g1_g3,ENSMUSG00000013936,-1.3,0.000187082016248
E-GEOD-5305-g1_g3,ENSMUSG00000014243,-0.6,0.0013717085857989
E-GEOD-5305-g1_g3,ENSMUSG00000014303,0.6,0.0026660590674638
E-GEOD-5305-g1_g3,ENSMUSG00000014329,0.7,0.0009981711696494
E-GEOD-5305-g1_g3,ENSMUSG00000014503,-0.3,0.0560989238490811
E-GEOD-5305-g1_g3,ENSMUSG00000014551,-0.4,0.0387614245143332
E-GEOD-5305-g1_g3,ENSMUSG00000014771,-0.4,0.0321364709526018
E-GEOD-5305-g1_g3,ENSMUSG00000014773,0.5,0.0073161288909441
E-GEOD-5305-g1_g3,ENSMUSG00000014776,-0.6,0.0037202486364127
E-GEOD-5305-g1_g3,ENSMUSG00000014813,0.8,0.0006234861278979
E-GEOD-5305-g1_g3,ENSMUSG00000014905,-0.6,0.0740379501865302
E-GEOD-5305-g1_g3,ENSMUSG00000015027,-0.4,0.0467203759478396
E-GEOD-5305-g1_g3,ENSMUSG00000015053,0.4,0.0522416809816428
E-GEOD-5305-g1_g3,ENSMUSG00000015093,-0.8,0.006407619737793
E-GEOD-5305-g1_g3,ENSMUSG00000015126,-0.4,0.0219218482687007
E-GEOD-5305-g1_g3,ENSMUSG00000015133,0.5,0.0078702126509323
E-GEOD-5305-g1_g3,ENSMUSG00000015143,0.7,0.0009632516909816
E-GEOD-5305-g1_g3,ENSMUSG00000015149,0.4,0.0185763936315
E-GEOD-5305-g1_g3,ENSMUSG00000015165,0.7,0.0239842636897525
E-GEOD-5305-g1_g3,ENSMUSG00000015305,0.6,0.0245696733837148
E-GEOD-5305-g1_g3,ENSMUSG00000015337,-0.5,0.0219308826934503
E-GEOD-5305-g1_g3,ENSMUSG00000015354,0.6,0.0014164745941633
E-GEOD-5305-g1_g3,ENSMUSG00000015542,-0.6,0.0032329665323406
E-GEOD-5305-g1_g3,ENSMUSG00000015647,0.5,0.0137595375252776
E-GEOD-5305-g1_g3,ENSMUSG00000015652,-0.6,0.0019753823910533
E-GEOD-5305-g1_g3,ENSMUSG00000015672,-0.6,0.0220977199582767
E-GEOD-5305-g1_g3,ENSMUSG00000015711,-0.5,0.0048920801486025
E-GEOD-5305-g1_g3,ENSMUSG00000015839,-0.4,0.046630559602349
E-GEOD-5305-g1_g3,ENSMUSG00000015937,0.7,0.0021247963332683
E-GEOD-5305-g1_g3,ENSMUSG00000016128,-0.4,0.0224431611101729
E-GEOD-5305-g1_g3,ENSMUSG00000016382,0.7,0.0628860976370048
E-GEOD-5305-g1_g3,ENSMUSG00000016481,-0.5,0.005499280471639
E-GEOD-5305-g1_g3,ENSMUSG00000016494,1.1,0.000150330124944
E-GEOD-5305-g1_g3,ENSMUSG00000016833,-0.6,0.0468855180332748
E-GEOD-5305-g1_g3,ENSMUSG00000016921,0.4,0.026141697943528
E-GEOD-5305-g1_g3,ENSMUSG00000016946,-0.5,0.0048737728288227
E-GEOD-5305-g1_g3,ENSMUSG00000017300,-0.8,0.0006172258719055
E-GEOD-5305-g1_g3,ENSMUSG00000017390,0.7,0.0063247183856055
E-GEOD-5305-g1_g3,ENSMUSG00000017400,-0.4,0.0972088361376031
E-GEOD-5305-g1_g3,ENSMUSG00000017493,-0.6,0.0037852926213665
E-GEOD-5305-g1_g3,ENSMUSG00000017499,0.6,0.018784681131689
E-GEOD-5305-g1_g3,ENSMUSG00000017631,0.3,0.0489996917726961
E-GEOD-5305-g1_g3,ENSMUSG00000017670,0.3,0.0739169664330735
E-GEOD-5305-g1_g3,ENSMUSG00000017697,0.4,0.018784681131689
E-GEOD-5305-g1_g3,ENSMUSG00000017707,-0.6,0.0367351382483749
E-GEOD-5305-g1_g3,ENSMUSG00000017716,1.8,6.72917117617135e-05
E-GEOD-5305-g1_g3,ENSMUSG00000017754,0.4,0.0200684315233768
E-GEOD-5305-g1_g3,ENSMUSG00000017756,0.6,0.0026254548499795
E-GEOD-5305-g1_g3,ENSMUSG00000017817,-0.6,0.0362111331493745
E-GEOD-5305-g1_g3,ENSMUSG00000017969,-0.5,0.0044888079300103
E-GEOD-5305-g1_g3,ENSMUSG00000017999,-0.4,0.0293312342609629
E-GEOD-5305-g1_g3,ENSMUSG00000018012,0.3,0.0649875974939057
E-GEOD-5305-g1_g3,ENSMUSG00000018102,-1.7,0.0001684578742545
E-GEOD-5305-g1_g3,ENSMUSG00000018143,-0.4,0.0179824602140064
E-GEOD-5305-g1_g3,ENSMUSG00000018166,-0.4,0.0116236155466134
E-GEOD-5305-g1_g3,ENSMUSG00000018171,-0.5,0.0321672048741788
E-GEOD-5305-g1_g3,ENSMUSG00000018293,0.7,0.0034138654647959
E-GEOD-5305-g1_g3,ENSMUSG00000018340,0.8,0.0009637055768881
E-GEOD-5305-g1_g3,ENSMUSG00000018401,0.4,0.0114667438738638
E-GEOD-5305-g1_g3,ENSMUSG00000018537,0.3,0.0735016489821573
E-GEOD-5305-g1_g3,ENSMUSG00000018566,-0.8,0.0015579128198032
E-GEOD-5305-g1_g3,ENSMUSG00000018583,-0.7,0.0061817543122668
E-GEOD-5305-g1_g3,ENSMUSG00000018585,0.3,0.0396598017960349
E-GEOD-5305-g1_g3,ENSMUSG00000018593,0.4,0.006827989058957
E-GEOD-5305-g1_g3,ENSMUSG00000018648,-0.6,0.0043159887282847
E-GEOD-5305-g1_g3,ENSMUSG00000018666,0.3,0.053433415990767
E-GEOD-5305-g1_g3,ENSMUSG00000018669,-0.4,0.0155155604821352
E-GEOD-5305-g1_g3,ENSMUSG00000018697,-0.5,0.0140379335838547
E-GEOD-5305-g1_g3,ENSMUSG00000018733,-0.4,0.0814053680731635
E-GEOD-5305-g1_g3,ENSMUSG00000018736,-0.4,0.0336458624300307
E-GEOD-5305-g1_g3,ENSMUSG00000018796,-1.1,0.0124140785933348
E-GEOD-5305-g1_g3,ENSMUSG00000018821,-1.0,0.0009566700799229
E-GEOD-5305-g1_g3,ENSMUSG00000018848,-0.9,0.0024419883754201
E-GEOD-5305-g1_g3,ENSMUSG00000018893,-0.7,0.0007443627379946
E-GEOD-5305-g1_g3,ENSMUSG00000019066,0.6,0.007626696743091
E-GEOD-5305-g1_g3,ENSMUSG00000019102,0.4,0.0280673131314997
E-GEOD-5305-g1_g3,ENSMUSG00000019189,0.9,0.0007167432374479
E-GEOD-5305-g1_g3,ENSMUSG00000019210,-0.4,0.0201116525090756
E-GEOD-5305-g1_g3,ENSMUSG00000019214,0.4,0.0666236978379232
E-GEOD-5305-g1_g3,ENSMUSG00000019256,0.6,0.0440158998652556
E-GEOD-5305-g1_g3,ENSMUSG00000019278,-0.5,0.0043827067463305
E-GEOD-5305-g1_g3,ENSMUSG00000019326,0.8,0.0015876176893321
E-GEOD-5305-g1_g3,ENSMUSG00000019370,0.7,0.0007226363591046
E-GEOD-5305-g1_g3,ENSMUSG00000019433,0.4,0.0524639463939486
E-GEOD-5305-g1_g3,ENSMUSG00000019437,0.4,0.0365618057677663
E-GEOD-5305-g1_g3,ENSMUSG00000019461,0.4,0.024492260905729
E-GEOD-5305-g1_g3,ENSMUSG00000019467,0.4,0.0244132068944334
E-GEOD-5305-g1_g3,ENSMUSG00000019528,-1.2,5.79558429867773e-05
E-GEOD-5305-g1_g3,ENSMUSG00000019539,0.8,0.0006624020977795
E-GEOD-5305-g1_g3,ENSMUSG00000019579,0.4,0.0681519604677895
E-GEOD-5305-g1_g3,ENSMUSG00000019710,-0.5,0.0062929411572961
E-GEOD-5305-g1_g3,ENSMUSG00000019806,-0.5,0.0160943756624806
E-GEOD-5305-g1_g3,ENSMUSG00000019809,-0.5,0.0889348133231444
E-GEOD-5305-g1_g3,ENSMUSG00000019814,-0.3,0.0903332147861409
E-GEOD-5305-g1_g3,ENSMUSG00000019817,1.1,0.0171015456935663
E-GEOD-5305-g1_g3,ENSMUSG00000019831,0.7,0.0591733892454716
E-GEOD-5305-g1_g3,ENSMUSG00000019848,-0.6,0.004008681796584
E-GEOD-5305-g1_g3,ENSMUSG00000019853,0.5,0.0278344802375821
E-GEOD-5305-g1_g3,ENSMUSG00000019866,0.6,0.0020751091072099
E-GEOD-5305-g1_g3,ENSMUSG00000019872,-0.4,0.0551726767718008
E-GEOD-5305-g1_g3,ENSMUSG00000019883,0.6,0.0435951955760395
E-GEOD-5305-g1_g3,ENSMUSG00000019916,0.4,0.0438811420035861
E-GEOD-5305-g1_g3,ENSMUSG00000019929,0.4,0.0351409436024957
E-GEOD-5305-g1_g3,ENSMUSG00000019942,1.3,6.72917117617135e-05
E-GEOD-5305-g1_g3,ENSMUSG00000019960,0.5,0.0095312195879091
E-GEOD-5305-g1_g3,ENSMUSG00000019961,0.8,0.0073333580929457
E-GEOD-5305-g1_g3,ENSMUSG00000019970,-1.1,0.0008112918307789
E-GEOD-5305-g1_g3,ENSMUSG00000019975,0.8,0.0014520696280547
E-GEOD-5305-g1_g3,ENSMUSG00000019978,0.7,0.0013065750309906
E-GEOD-5305-g1_g3,ENSMUSG00000019997,-0.9,0.0006694699715006
E-GEOD-5305-g1_g3,ENSMUSG00000020023,-0.4,0.0613546828079358
E-GEOD-5305-g1_g3,ENSMUSG00000020027,-0.5,0.0657653089808076
E-GEOD-5305-g1_g3,ENSMUSG00000020029,0.4,0.0145654832897911
E-GEOD-5305-g1_g3,ENSMUSG00000020044,0.6,0.0166550541396157
E-GEOD-5305-g1_g3,ENSMUSG00000020053,0.7,0.0892928437070695
E-GEOD-5305-g1_g3,ENSMUSG00000020077,-0.4,0.0489083459264347
E-GEOD-5305-g1_g3,ENSMUSG00000020092,0.4,0.0148356628306938
E-GEOD-5305-g1_g3,ENSMUSG00000020107,-0.3,0.0389902677970277
E-GEOD-5305-g1_g3,ENSMUSG00000020108,0.4,0.0208046782616962
E-GEOD-5305-g1_g3,ENSMUSG00000020111,-0.7,0.0005651514041953
E-GEOD-5305-g1_g3,ENSMUSG00000020114,0.6,0.0058950260957554
E-GEOD-5305-g1_g3,ENSMUSG00000020116,-0.7,0.0337528986009028
E-GEOD-5305-g1_g3,ENSMUSG00000020142,-0.5,0.0048062480251692
E-GEOD-5305-g1_g3,ENSMUSG00000020153,-0.3,0.060312069960762
E-GEOD-5305-g1_g3,ENSMUSG00000020156,0.5,0.0096553879388671
E-GEOD-5305-g1_g3,ENSMUSG00000020167,0.6,0.0271837034312008
E-GEOD-5305-g1_g3,ENSMUSG00000020182,-0.5,0.0246242126139656
E-GEOD-5305-g1_g3,ENSMUSG00000020186,0.9,0.0006234861278979
E-GEOD-5305-g1_g3,ENSMUSG00000020205,1.5,4.02192337434448e-05
E-GEOD-5305-g1_g3,ENSMUSG00000020225,-0.5,0.0047357492235983
E-GEOD-5305-g1_g3,ENSMUSG00000020235,0.4,0.0275105335014295
E-GEOD-5305-g1_g3,ENSMUSG00000020241,0.8,0.0005308150050165
E-GEOD-5305-g1_g3,ENSMUSG00000020253,0.7,0.0015078554790024
E-GEOD-5305-g1_g3,ENSMUSG00000020260,0.4,0.0388228651913129
E-GEOD-5305-g1_g3,ENSMUSG00000020277,0.9,0.0007520181140277
E-GEOD-5305-g1_g3,ENSMUSG00000020283,-0.4,0.0911387119785035
E-GEOD-5305-g1_g3,ENSMUSG00000020289,-0.4,0.033223831085004
E-GEOD-5305-g1_g3,ENSMUSG00000020303,-0.4,0.0179824602140064
E-GEOD-5305-g1_g3,ENSMUSG00000020315,0.5,0.0313943522000043
E-GEOD-5305-g1_g3,ENSMUSG00000020325,-0.9,0.0014101398457964
E-GEOD-5305-g1_g3,ENSMUSG00000020330,0.8,0.0014251214881309
E-GEOD-5305-g1_g3,ENSMUSG00000020333,-0.6,0.0288771422721163
E-GEOD-5305-g1_g3,ENSMUSG00000020334,0.5,0.0082934577636951
E-GEOD-5305-g1_g3,ENSMUSG00000020362,0.9,0.0630649772930493
E-GEOD-5305-g1_g3,ENSMUSG00000020409,-0.3,0.0491654224841736
E-GEOD-5305-g1_g3,ENSMUSG00000020412,-0.5,0.0061817543122668
E-GEOD-5305-g1_g3,ENSMUSG00000020415,1.2,0.0001683178037968
E-GEOD-5305-g1_g3,ENSMUSG00000020427,1.3,0.0002943367086637
E-GEOD-5305-g1_g3,ENSMUSG00000020439,0.4,0.0295998380091027
E-GEOD-5305-g1_g3,ENSMUSG00000020448,-1.1,0.0001690914396786
E-GEOD-5305-g1_g3,ENSMUSG00000020457,-0.4,0.0142966408556868
E-GEOD-5305-g1_g3,ENSMUSG00000020471,0.3,0.0326784475266338
E-GEOD-5305-g1_g3,ENSMUSG00000020473,0.4,0.0096095716146646
E-GEOD-5305-g1_g3,ENSMUSG00000020475,-1.2,9.55985492751849e-05
E-GEOD-5305-g1_g3,ENSMUSG00000020483,0.9,0.0041502071339542
E-GEOD-5305-g1_g3,ENSMUSG00000020484,-0.3,0.0911949244940386
E-GEOD-5305-g1_g3,ENSMUSG00000020492,0.4,0.0163280255143331
E-GEOD-5305-g1_g3,ENSMUSG00000020520,0.5,0.015761319834836
E-GEOD-5305-g1_g3,ENSMUSG00000020536,0.4,0.0110558736961548
E-GEOD-5305-g1_g3,ENSMUSG00000020547,-0.5,0.0083686714725359
E-GEOD-5305-g1_g3,ENSMUSG00000020549,-0.3,0.0356173722561314
E-GEOD-5305-g1_g3,ENSMUSG00000020592,0.5,0.0047022857918645
E-GEOD-5305-g1_g3,ENSMUSG00000020593,0.4,0.0235608172543935
E-GEOD-5305-g1_g3,ENSMUSG00000020623,0.3,0.0817857105280329
E-GEOD-5305-g1_g3,ENSMUSG00000020635,0.4,0.0285702359774664
E-GEOD-5305-g1_g3,ENSMUSG00000020644,0.7,0.0020433499360863
E-GEOD-5305-g1_g3,ENSMUSG00000020647,0.6,0.0028771263549259
E-GEOD-5305-g1_g3,ENSMUSG00000020649,0.4,0.024492260905729
E-GEOD-5305-g1_g3,ENSMUSG00000020695,0.7,0.0145933174004145
E-GEOD-5305-g1_g3,ENSMUSG00000020697,-0.4,0.0235776735143154
E-GEOD-5305-g1_g3,ENSMUSG00000020706,-0.5,0.0066693812401548
E-GEOD-5305-g1_g3,ENSMUSG00000020722,-0.5,0.0066831074196921
E-GEOD-5305-g1_g3,ENSMUSG00000020733,0.6,0.0119985581139819
E-GEOD-5305-g1_g3,ENSMUSG00000020736,0.3,0.0591230104436851
E-GEOD-5305-g1_g3,ENSMUSG00000020775,-0.6,0.0031682502168791
E-GEOD-5305-g1_g3,ENSMUSG00000020788,-0.6,0.0012150377650966
E-GEOD-5305-g1_g3,ENSMUSG00000020793,0.3,0.0635731312430892
E-GEOD-5305-g1_g3,ENSMUSG00000020808,1.1,0.0006807768151237
E-GEOD-5305-g1_g3,ENSMUSG00000020836,-0.6,0.0065220073826646
E-GEOD-5305-g1_g3,ENSMUSG00000020841,-0.3,0.0533268588611563
E-GEOD-5305-g1_g3,ENSMUSG00000020863,0.8,0.0745977715155192
E-GEOD-5305-g1_g3,ENSMUSG00000020872,-1.4,3.32403547508465e-05
E-GEOD-5305-g1_g3,ENSMUSG00000020882,-0.6,0.0264710492825043
E-GEOD-5305-g1_g3,ENSMUSG00000020888,0.4,0.0464598088794316
E-GEOD-5305-g1_g3,ENSMUSG00000020897,1.3,9.16640638244711e-05
E-GEOD-5305-g1_g3,ENSMUSG00000020898,0.5,0.023161262592221
E-GEOD-5305-g1_g3,ENSMUSG00000020902,0.4,0.0117077165969136
E-GEOD-5305-g1_g3,ENSMUSG00000020908,-0.6,0.0027406198803817
E-GEOD-5305-g1_g3,ENSMUSG00000020914,1.4,0.0028768117668439
E-GEOD-5305-g1_g3,ENSMUSG00000020917,0.8,0.0003217101716582
E-GEOD-5305-g1_g3,ENSMUSG00000020935,0.4,0.0451715971833651
E-GEOD-5305-g1_g3,ENSMUSG00000020955,-0.3,0.0965734035765771
E-GEOD-5305-g1_g3,ENSMUSG00000021013,0.3,0.0797092739575648
E-GEOD-5305-g1_g3,ENSMUSG00000021033,-0.3,0.0781449041244059
E-GEOD-5305-g1_g3,ENSMUSG00000021076,-0.3,0.0494992085599748
E-GEOD-5305-g1_g3,ENSMUSG00000021094,-0.8,0.0003909619293177
E-GEOD-5305-g1_g3,ENSMUSG00000021096,-0.4,0.0401163410899243
E-GEOD-5305-g1_g3,ENSMUSG00000021114,-0.4,0.0991537725825324
E-GEOD-5305-g1_g3,ENSMUSG00000021115,0.4,0.078510116241782
E-GEOD-5305-g1_g3,ENSMUSG00000021143,0.8,0.0007167432374479
E-GEOD-5305-g1_g3,ENSMUSG00000021175,0.4,0.0072145264461011
E-GEOD-5305-g1_g3,ENSMUSG00000021186,-0.3,0.0674982805955988
E-GEOD-5305-g1_g3,ENSMUSG00000021192,-0.3,0.0802004975234283
E-GEOD-5305-g1_g3,ENSMUSG00000021194,-0.3,0.0725956923267631
E-GEOD-5305-g1_g3,ENSMUSG00000021203,-0.7,0.0038569129136609
E-GEOD-5305-g1_g3,ENSMUSG00000021226,-0.5,0.0464598088794316
E-GEOD-5305-g1_g3,ENSMUSG00000021240,0.4,0.0376153181395605
E-GEOD-5305-g1_g3,ENSMUSG00000021242,0.4,0.0131060259503725
E-GEOD-5305-g1_g3,ENSMUSG00000021250,-0.3,0.0699331909936231
E-GEOD-5305-g1_g3,ENSMUSG00000021252,0.9,0.0002081962606477
E-GEOD-5305-g1_g3,ENSMUSG00000021258,-0.4,0.0091877949408104
E-GEOD-5305-g1_g3,ENSMUSG00000021262,0.6,0.0114918088611051
E-GEOD-5305-g1_g3,ENSMUSG00000021265,-0.4,0.0346165703199982
E-GEOD-5305-g1_g3,ENSMUSG00000021266,-1.2,7.15291276187147e-05
E-GEOD-5305-g1_g3,ENSMUSG00000021276,-0.3,0.0531274509254672
E-GEOD-5305-g1_g3,ENSMUSG00000021281,-0.5,0.0045274546239736
E-GEOD-5305-g1_g3,ENSMUSG00000021282,0.9,0.0391061693065828
E-GEOD-5305-g1_g3,ENSMUSG00000021366,0.4,0.0140466691710398
E-GEOD-5305-g1_g3,ENSMUSG00000021373,-0.4,0.0307627639148079
E-GEOD-5305-g1_g3,ENSMUSG00000021377,1.3,0.0423901483413755
E-GEOD-5305-g1_g3,ENSMUSG00000021418,-0.4,0.0511258405106967
E-GEOD-5305-g1_g3,ENSMUSG00000021474,0.4,0.0978587748688024
E-GEOD-5305-g1_g3,ENSMUSG00000021476,-0.4,0.0158371909805219
E-GEOD-5305-g1_g3,ENSMUSG00000021477,-0.5,0.0285702359774664
E-GEOD-5305-g1_g3,ENSMUSG00000021481,-0.5,0.0105118453269258
E-GEOD-5305-g1_g3,ENSMUSG00000021485,0.9,0.0017892155006888
E-GEOD-5305-g1_g3,ENSMUSG00000021486,0.6,0.006827989058957
E-GEOD-5305-g1_g3,ENSMUSG00000021493,0.4,0.0522416809816428
E-GEOD-5305-g1_g3,ENSMUSG00000021506,-0.3,0.0689780871108232
E-GEOD-5305-g1_g3,ENSMUSG00000021556,0.7,0.0017309013265563
E-GEOD-5305-g1_g3,ENSMUSG00000021569,0.7,0.0021259369051663
E-GEOD-5305-g1_g3,ENSMUSG00000021591,0.3,0.0379229371542365
E-GEOD-5305-g1_g3,ENSMUSG00000021608,0.5,0.0070985040428898
E-GEOD-5305-g1_g3,ENSMUSG00000021614,0.9,0.00410366302664
E-GEOD-5305-g1_g3,ENSMUSG00000021621,0.4,0.0483779393055242
E-GEOD-5305-g1_g3,ENSMUSG00000021622,-0.6,0.0030320070196273
E-GEOD-5305-g1_g3,ENSMUSG00000021665,0.6,0.002293782325656
E-GEOD-5305-g1_g3,ENSMUSG00000021666,-0.7,0.0015473570835644
E-GEOD-5305-g1_g3,ENSMUSG00000021670,0.7,0.0007678061684048
E-GEOD-5305-g1_g3,ENSMUSG00000021671,0.3,0.0661677544812636
E-GEOD-5305-g1_g3,ENSMUSG00000021701,-1.2,0.0001560039248088
E-GEOD-5305-g1_g3,ENSMUSG00000021714,0.5,0.0125106177163981
E-GEOD-5305-g1_g3,ENSMUSG00000021756,-0.9,0.0024730989921764
E-GEOD-5305-g1_g3,ENSMUSG00000021765,0.4,0.0452826340484172
E-GEOD-5305-g1_g3,ENSMUSG00000021768,-0.5,0.0147854531103941
E-GEOD-5305-g1_g3,ENSMUSG00000021770,-0.8,0.0673460065869798
E-GEOD-5305-g1_g3,ENSMUSG00000021773,-0.5,0.0106659158902748
E-GEOD-5305-g1_g3,ENSMUSG00000021782,0.7,0.0007590425186128
E-GEOD-5305-g1_g3,ENSMUSG00000021798,-0.7,0.013898053666755
E-GEOD-5305-g1_g3,ENSMUSG00000021803,0.9,0.000869663200091
E-GEOD-5305-g1_g3,ENSMUSG00000021806,1.6,0.0001476678387077
E-GEOD-5305-g1_g3,ENSMUSG00000021816,-0.4,0.0656184053689472
E-GEOD-5305-g1_g3,ENSMUSG00000021820,0.6,0.0103601651257068
E-GEOD-5305-g1_g3,ENSMUSG00000021831,-0.5,0.0119167374371324
E-GEOD-5305-g1_g3,ENSMUSG00000021835,0.8,0.000869254766017
E-GEOD-5305-g1_g3,ENSMUSG00000021876,1.3,0.0005739381220063
E-GEOD-5305-g1_g3,ENSMUSG00000021877,0.4,0.0364755391385244
E-GEOD-5305-g1_g3,ENSMUSG00000021892,-0.4,0.0228729814812252
E-GEOD-5305-g1_g3,ENSMUSG00000021900,0.7,0.0047022857918645
E-GEOD-5305-g1_g3,ENSMUSG00000021906,-0.4,0.0094962177596698
E-GEOD-5305-g1_g3,ENSMUSG00000021928,0.5,0.0076684588481419
E-GEOD-5305-g1_g3,ENSMUSG00000021957,1.2,9.55985492751849e-05
E-GEOD-5305-g1_g3,ENSMUSG00000021990,0.4,0.0227248087059297
E-GEOD-5305-g1_g3,ENSMUSG00000022032,1.7,1.78286398591845e-05
E-GEOD-5305-g1_g3,ENSMUSG00000022033,1.4,0.0001284779740268
E-GEOD-5305-g1_g3,ENSMUSG00000022037,0.6,0.0019979597701754
E-GEOD-5305-g1_g3,ENSMUSG00000022043,-0.7,0.0028985344334387
E-GEOD-5305-g1_g3,ENSMUSG00000022090,0.7,0.0146274326258122
E-GEOD-5305-g1_g3,ENSMUSG00000022092,-0.4,0.0981588436822257
E-GEOD-5305-g1_g3,ENSMUSG00000022098,0.5,0.0107542208643445
E-GEOD-5305-g1_g3,ENSMUSG00000022106,0.5,0.0347822302370484
E-GEOD-5305-g1_g3,ENSMUSG00000022144,-1.5,2.54887141747216e-05
E-GEOD-5305-g1_g3,ENSMUSG00000022146,-0.5,0.0114667438738638
E-GEOD-5305-g1_g3,ENSMUSG00000022150,0.7,0.0009407304426367
E-GEOD-5305-g1_g3,ENSMUSG00000022159,0.6,0.0017057000108027
E-GEOD-5305-g1_g3,ENSMUSG00000022194,0.3,0.0939267738488803
E-GEOD-5305-g1_g3,ENSMUSG00000022214,-0.4,0.035475201493529
E-GEOD-5305-g1_g3,ENSMUSG00000022216,0.4,0.0243457219846982
E-GEOD-5305-g1_g3,ENSMUSG00000022235,0.8,0.0005319529302653
E-GEOD-5305-g1_g3,ENSMUSG00000022241,-0.6,0.0118573109468338
E-GEOD-5305-g1_g3,ENSMUSG00000022248,0.7,0.0021184680399487
E-GEOD-5305-g1_g3,ENSMUSG00000022263,-0.4,0.0498626575145336
E-GEOD-5305-g1_g3,ENSMUSG00000022265,-0.5,0.0038111102718988
E-GEOD-5305-g1_g3,ENSMUSG00000022280,-0.3,0.0778032999738004
E-GEOD-5305-g1_g3,ENSMUSG00000022292,-0.4,0.0887049090156003
E-GEOD-5305-g1_g3,ENSMUSG00000022322,0.7,0.0026614698865998
E-GEOD-5305-g1_g3,ENSMUSG00000022324,0.8,0.0152316112254037
E-GEOD-5305-g1_g3,ENSMUSG00000022332,0.5,0.0112954150390296
E-GEOD-5305-g1_g3,ENSMUSG00000022346,-0.6,0.0048062480251692
E-GEOD-5305-g1_g3,ENSMUSG00000022351,0.8,0.0005808072758931
E-GEOD-5305-g1_g3,ENSMUSG00000022365,-0.8,0.0003214749110679
E-GEOD-5305-g1_g3,ENSMUSG00000022385,0.4,0.0549585128526454
E-GEOD-5305-g1_g3,ENSMUSG00000022391,0.4,0.0208777880484693
E-GEOD-5305-g1_g3,ENSMUSG00000022407,-0.4,0.0389154629248127
E-GEOD-5305-g1_g3,ENSMUSG00000022415,-0.7,0.004692148565048
E-GEOD-5305-g1_g3,ENSMUSG00000022420,0.3,0.0849491873838038
E-GEOD-5305-g1_g3,ENSMUSG00000022436,0.3,0.0539514371200427
E-GEOD-5305-g1_g3,ENSMUSG00000022440,0.5,0.0185738862210947
E-GEOD-5305-g1_g3,ENSMUSG00000022443,0.4,0.0618388844915286
E-GEOD-5305-g1_g3,ENSMUSG00000022451,0.6,0.0119985581139819
E-GEOD-5305-g1_g3,ENSMUSG00000022463,0.5,0.0281264643862916
E-GEOD-5305-g1_g3,ENSMUSG00000022475,0.4,0.0591733892454716
E-GEOD-5305-g1_g3,ENSMUSG00000022505,-0.6,0.0043827067463305
E-GEOD-5305-g1_g3,ENSMUSG00000022508,-0.8,0.0011857063401696
E-GEOD-5305-g1_g3,ENSMUSG00000022528,0.7,0.000744371104117
E-GEOD-5305-g1_g3,ENSMUSG00000022538,-0.5,0.0251508909181414
E-GEOD-5305-g1_g3,ENSMUSG00000022546,-0.5,0.0053109357260322
E-GEOD-5305-g1_g3,ENSMUSG00000022557,-0.5,0.0127610864100283
E-GEOD-5305-g1_g3,ENSMUSG00000022610,-0.6,0.0049195560325273
E-GEOD-5305-g1_g3,ENSMUSG00000022620,0.5,0.0044395668266313
E-GEOD-5305-g1_g3,ENSMUSG00000022634,0.4,0.0169195102385411
E-GEOD-5305-g1_g3,ENSMUSG00000022665,0.8,0.0006282107733645
E-GEOD-5305-g1_g3,ENSMUSG00000022673,0.9,0.0020528595084992
E-GEOD-5305-g1_g3,ENSMUSG00000022676,0.3,0.0396462123647264
E-GEOD-5305-g1_g3,ENSMUSG00000022678,0.7,0.0014276227110259
E-GEOD-5305-g1_g3,ENSMUSG00000022681,0.4,0.0783563096816197
E-GEOD-5305-g1_g3,ENSMUSG00000022721,-0.4,0.0209869004976936
E-GEOD-5305-g1_g3,ENSMUSG00000022724,-0.5,0.007499487585857
E-GEOD-5305-g1_g3,ENSMUSG00000022751,-0.3,0.0897677401482609
E-GEOD-5305-g1_g3,ENSMUSG00000022754,0.4,0.0518594470059154
E-GEOD-5305-g1_g3,ENSMUSG00000022769,0.6,0.0078702126509323
E-GEOD-5305-g1_g3,ENSMUSG00000022770,0.4,0.0896196601201105
E-GEOD-5305-g1_g3,ENSMUSG00000022774,0.6,0.0313973616799665
E-GEOD-5305-g1_g3,ENSMUSG00000022797,0.7,0.0877393543064132
E-GEOD-5305-g1_g3,ENSMUSG00000022803,-0.5,0.0038111102718988
E-GEOD-5305-g1_g3,ENSMUSG00000022812,-0.3,0.0583567364397164
E-GEOD-5305-g1_g3,ENSMUSG00000022816,0.6,0.0017019225921978
E-GEOD-5305-g1_g3,ENSMUSG00000022836,0.4,0.0418629971518944
E-GEOD-5305-g1_g3,ENSMUSG00000022843,-0.3,0.0895736228338358
E-GEOD-5305-g1_g3,ENSMUSG00000022844,0.5,0.0077536153641757
E-GEOD-5305-g1_g3,ENSMUSG00000022881,0.4,0.0621088399193902
E-GEOD-5305-g1_g3,ENSMUSG00000022883,0.4,0.0316751511378809
E-GEOD-5305-g1_g3,ENSMUSG00000022893,-0.3,0.0836064509789577
E-GEOD-5305-g1_g3,ENSMUSG00000022945,1.0,0.0006807768151237
E-GEOD-5305-g1_g3,ENSMUSG00000022946,0.4,0.0491915895939955
E-GEOD-5305-g1_g3,ENSMUSG00000022947,0.5,0.0122035581746472
E-GEOD-5305-g1_g3,ENSMUSG00000022978,1.0,0.0017057000108027
E-GEOD-5305-g1_g3,ENSMUSG00000023008,0.4,0.0457173579184659
E-GEOD-5305-g1_g3,ENSMUSG00000023009,0.4,0.0777497993817798
E-GEOD-5305-g1_g3,ENSMUSG00000023015,1.2,0.0021247963332683
E-GEOD-5305-g1_g3,ENSMUSG00000023019,-0.4,0.0146795963044959
E-GEOD-5305-g1_g3,ENSMUSG00000023031,0.7,0.0015118339097432
E-GEOD-5305-g1_g3,ENSMUSG00000023034,-0.6,0.017536497796186
E-GEOD-5305-g1_g3,ENSMUSG00000023046,0.6,0.0070985040428898
E-GEOD-5305-g1_g3,ENSMUSG00000023048,1.1,0.0001764957105039
E-GEOD-5305-g1_g3,ENSMUSG00000023186,0.5,0.0558851796810036
E-GEOD-5305-g1_g3,ENSMUSG00000023249,0.4,0.0757626391042039
E-GEOD-5305-g1_g3,ENSMUSG00000023267,-0.7,0.0014772831120681
E-GEOD-5305-g1_g3,ENSMUSG00000023272,0.5,0.0078054808570043
E-GEOD-5305-g1_g3,ENSMUSG00000023277,-0.3,0.0288729642561877
E-GEOD-5305-g1_g3,ENSMUSG00000023307,-0.4,0.0166516752557557
E-GEOD-5305-g1_g3,ENSMUSG00000023330,-0.6,0.0324545299234004
E-GEOD-5305-g1_g3,ENSMUSG00000023460,-0.3,0.0836064509789577
E-GEOD-5305-g1_g3,ENSMUSG00000023505,1.3,5.29330605158597e-05
E-GEOD-5305-g1_g3,ENSMUSG00000023572,-0.8,0.0010364902151577
E-GEOD-5305-g1_g3,ENSMUSG00000023830,0.3,0.0401257996185833
E-GEOD-5305-g1_g3,ENSMUSG00000023832,1.7,2.73719010426375e-05
E-GEOD-5305-g1_g3,ENSMUSG00000023883,-1.0,0.0012150377650966
E-GEOD-5305-g1_g3,ENSMUSG00000023886,0.5,0.0421064026439126
E-GEOD-5305-g1_g3,ENSMUSG00000023911,-0.4,0.0618521228584134
E-GEOD-5305-g1_g3,ENSMUSG00000023951,-0.5,0.0048192936197301
E-GEOD-5305-g1_g3,ENSMUSG00000023952,-1.0,0.0001166521104464
E-GEOD-5305-g1_g3,ENSMUSG00000023967,-0.4,0.0583415155563425
E-GEOD-5305-g1_g3,ENSMUSG00000023971,-0.6,0.0049817759747608
E-GEOD-5305-g1_g3,ENSMUSG00000023972,0.4,0.0362953040543262
E-GEOD-5305-g1_g3,ENSMUSG00000023977,-0.5,0.0065220073826646
E-GEOD-5305-g1_g3,ENSMUSG00000023988,-0.3,0.0540817813580835
E-GEOD-5305-g1_g3,ENSMUSG00000023990,0.4,0.0276201717916082
E-GEOD-5305-g1_g3,ENSMUSG00000024006,0.4,0.0194104319540485
E-GEOD-5305-g1_g3,ENSMUSG00000024044,0.5,0.0117292879684614
E-GEOD-5305-g1_g3,ENSMUSG00000024049,-1.7,4.76335114362405e-05
E-GEOD-5305-g1_g3,ENSMUSG00000024056,0.4,0.054724525683447
E-GEOD-5305-g1_g3,ENSMUSG00000024070,0.4,0.061036962147134
E-GEOD-5305-g1_g3,ENSMUSG00000024087,0.9,0.0014520696280547
E-GEOD-5305-g1_g3,ENSMUSG00000024098,0.5,0.0197377156124992
E-GEOD-5305-g1_g3,ENSMUSG00000024127,-0.6,0.0060082011181031
E-GEOD-5305-g1_g3,ENSMUSG00000024150,-0.3,0.0531274509254672
E-GEOD-5305-g1_g3,ENSMUSG00000024158,-0.7,0.0010549058808658
E-GEOD-5305-g1_g3,ENSMUSG00000024190,-0.7,0.0019102805803546
E-GEOD-5305-g1_g3,ENSMUSG00000024193,0.4,0.0568413650993419
E-GEOD-5305-g1_g3,ENSMUSG00000024277,1.0,0.0004504613185307
E-GEOD-5305-g1_g3,ENSMUSG00000024308,1.2,4.21431959886207e-05
E-GEOD-5305-g1_g3,ENSMUSG00000024357,-0.6,0.0036864342582888
E-GEOD-5305-g1_g3,ENSMUSG00000024359,-0.4,0.0890912080333889
E-GEOD-5305-g1_g3,ENSMUSG00000024378,1.0,0.0017526063475232
E-GEOD-5305-g1_g3,ENSMUSG00000024395,-0.3,0.0974822556341816
E-GEOD-5305-g1_g3,ENSMUSG00000024413,0.6,0.001570251045063
E-GEOD-5305-g1_g3,ENSMUSG00000024422,0.4,0.0679596466249728
E-GEOD-5305-g1_g3,ENSMUSG00000024423,0.6,0.0275105335014295
E-GEOD-5305-g1_g3,ENSMUSG00000024471,-0.5,0.0413248060160988
E-GEOD-5305-g1_g3,ENSMUSG00000024474,-0.7,0.0031689103260476
E-GEOD-5305-g1_g3,ENSMUSG00000024486,-0.4,0.0297019505251609
E-GEOD-5305-g1_g3,ENSMUSG00000024493,-0.8,0.0017180880883219
E-GEOD-5305-g1_g3,ENSMUSG00000024501,1.1,9.58998186623983e-05
E-GEOD-5305-g1_g3,ENSMUSG00000024521,-0.6,0.0642161125762462
E-GEOD-5305-g1_g3,ENSMUSG00000024529,0.6,0.0150120925528482
E-GEOD-5305-g1_g3,ENSMUSG00000024537,-0.5,0.0140737279925787
E-GEOD-5305-g1_g3,ENSMUSG00000024561,-0.4,0.0145654832897911
E-GEOD-5305-g1_g3,ENSMUSG00000024581,-0.6,0.0086954204640892
E-GEOD-5305-g1_g3,ENSMUSG00000024587,-0.6,0.006609456771384
E-GEOD-5305-g1_g3,ENSMUSG00000024590,0.9,0.0007909458149475
E-GEOD-5305-g1_g3,ENSMUSG00000024601,0.5,0.0161208775319108
E-GEOD-5305-g1_g3,ENSMUSG00000024613,-0.5,0.0227153803232776
E-GEOD-5305-g1_g3,ENSMUSG00000024620,1.0,0.0008214170203186
E-GEOD-5305-g1_g3,ENSMUSG00000024640,-0.5,0.0147854531103941
E-GEOD-5305-g1_g3,ENSMUSG00000024644,-0.5,0.0071950317683428
E-GEOD-5305-g1_g3,ENSMUSG00000024646,1.1,0.000680654379085
E-GEOD-5305-g1_g3,ENSMUSG00000024654,-0.4,0.0171808434435655
E-GEOD-5305-g1_g3,ENSMUSG00000024659,0.8,0.0291713904489011
E-GEOD-5305-g1_g3,ENSMUSG00000024660,1.0,0.0002725187500062
E-GEOD-5305-g1_g3,ENSMUSG00000024663,0.3,0.087764422680255
E-GEOD-5305-g1_g3,ENSMUSG00000024664,-0.8,0.0005257764546847
E-GEOD-5305-g1_g3,ENSMUSG00000024665,1.6,1.78286398591845e-05
E-GEOD-5305-g1_g3,ENSMUSG00000024691,0.6,0.0014869702852229
E-GEOD-5305-g1_g3,ENSMUSG00000024725,-0.6,0.0169300782473185
E-GEOD-5305-g1_g3,ENSMUSG00000024732,-1.2,0.0001663590465042
E-GEOD-5305-g1_g3,ENSMUSG00000024742,0.4,0.0180805077441686
E-GEOD-5305-g1_g3,ENSMUSG00000024750,-0.7,0.0195460620897028
E-GEOD-5305-g1_g3,ENSMUSG00000024754,0.3,0.0642336801905319
E-GEOD-5305-g1_g3,ENSMUSG00000024758,0.5,0.0047175158142706
E-GEOD-5305-g1_g3,ENSMUSG00000024767,0.4,0.0692736653197515
E-GEOD-5305-g1_g3,ENSMUSG00000024772,-0.6,0.0016626479865208
E-GEOD-5305-g1_g3,ENSMUSG00000024781,0.4,0.0294869679608588
E-GEOD-5305-g1_g3,ENSMUSG00000024791,1.2,0.0001305965554451
E-GEOD-5305-g1_g3,ENSMUSG00000024799,0.7,0.0036628051121574
E-GEOD-5305-g1_g3,ENSMUSG00000024803,-2.3,1.20209621542382e-05
E-GEOD-5305-g1_g3,ENSMUSG00000024811,0.5,0.0635342670917988
E-GEOD-5305-g1_g3,ENSMUSG00000024843,-0.6,0.0109785495764635
E-GEOD-5305-g1_g3,ENSMUSG00000024846,0.6,0.0053890276519125
E-GEOD-5305-g1_g3,ENSMUSG00000024851,0.7,0.0019504734071155
E-GEOD-5305-g1_g3,ENSMUSG00000024855,0.4,0.0276852984863675
E-GEOD-5305-g1_g3,ENSMUSG00000024856,0.5,0.0147639574452361
E-GEOD-5305-g1_g3,ENSMUSG00000024883,-0.5,0.012396748264628
E-GEOD-5305-g1_g3,ENSMUSG00000024906,-0.5,0.00496376634714
E-GEOD-5305-g1_g3,ENSMUSG00000024909,1.0,0.0004401150363812
E-GEOD-5305-g1_g3,ENSMUSG00000024910,0.4,0.0606158470222091
E-GEOD-5305-g1_g3,ENSMUSG00000024924,-1.2,0.000253632701353
E-GEOD-5305-g1_g3,ENSMUSG00000024925,0.5,0.0160943756624806
E-GEOD-5305-g1_g3,ENSMUSG00000024936,-0.3,0.0861439342963598
E-GEOD-5305-g1_g3,ENSMUSG00000024942,-0.7,0.0108665383393699
E-GEOD-5305-g1_g3,ENSMUSG00000024944,-0.4,0.0426289856525562
E-GEOD-5305-g1_g3,ENSMUSG00000024947,0.5,0.031054882113673
E-GEOD-5305-g1_g3,ENSMUSG00000024949,0.4,0.0359766678697028
E-GEOD-5305-g1_g3,ENSMUSG00000024959,0.3,0.0855897989293222
E-GEOD-5305-g1_g3,ENSMUSG00000024963,-0.4,0.0262211909621581
E-GEOD-5305-g1_g3,ENSMUSG00000024975,0.7,0.0164234294102488
E-GEOD-5305-g1_g3,ENSMUSG00000024981,0.5,0.0064663947092884
E-GEOD-5305-g1_g3,ENSMUSG00000024989,1.4,0.0028114185169167
E-GEOD-5305-g1_g3,ENSMUSG00000024990,0.4,0.0416606958618493
E-GEOD-5305-g1_g3,ENSMUSG00000024997,-0.6,0.0021014971022424
E-GEOD-5305-g1_g3,ENSMUSG00000025006,-0.8,0.0005204044704801
E-GEOD-5305-g1_g3,ENSMUSG00000025007,-0.7,0.0024862512365432
E-GEOD-5305-g1_g3,ENSMUSG00000025024,-0.5,0.0870216003880439
E-GEOD-5305-g1_g3,ENSMUSG00000025037,0.3,0.0693851533758609
E-GEOD-5305-g1_g3,ENSMUSG00000025041,0.5,0.0122610496666643
E-GEOD-5305-g1_g3,ENSMUSG00000025050,-0.5,0.0224722356257114
E-GEOD-5305-g1_g3,ENSMUSG00000025068,-0.5,0.0056685998035788
E-GEOD-5305-g1_g3,ENSMUSG00000025130,0.4,0.0142950034231012
E-GEOD-5305-g1_g3,ENSMUSG00000025132,0.4,0.0757544560242513
E-GEOD-5305-g1_g3,ENSMUSG00000025134,0.3,0.0826468288996807
E-GEOD-5305-g1_g3,ENSMUSG00000025137,0.5,0.0077500232463036
E-GEOD-5305-g1_g3,ENSMUSG00000025140,-0.8,0.0017057000108027
E-GEOD-5305-g1_g3,ENSMUSG00000025147,-0.3,0.0366966728739397
E-GEOD-5305-g1_g3,ENSMUSG00000025150,2.1,1.20209621542382e-05
E-GEOD-5305-g1_g3,ENSMUSG00000025153,0.9,0.0001973880439056
E-GEOD-5305-g1_g3,ENSMUSG00000025157,-0.7,0.001570251045063
E-GEOD-5305-g1_g3,ENSMUSG00000025161,0.5,0.044796186609257
E-GEOD-5305-g1_g3,ENSMUSG00000025172,-1.6,1.78286398591845e-05
E-GEOD-5305-g1_g3,ENSMUSG00000025175,-0.9,0.0004814329855685
E-GEOD-5305-g1_g3,ENSMUSG00000025178,-0.4,0.0121314874281727
E-GEOD-5305-g1_g3,ENSMUSG00000025190,-0.6,0.0031689103260476
E-GEOD-5305-g1_g3,ENSMUSG00000025203,0.4,0.0119985581139819
E-GEOD-5305-g1_g3,ENSMUSG00000025213,0.7,0.0006694699715006
E-GEOD-5305-g1_g3,ENSMUSG00000025228,0.3,0.0755913781785244
E-GEOD-5305-g1_g3,ENSMUSG00000025239,-0.5,0.0045330816118541
E-GEOD-5305-g1_g3,ENSMUSG00000025265,0.3,0.079863758787173
E-GEOD-5305-g1_g3,ENSMUSG00000025278,0.8,0.0008049921587046
E-GEOD-5305-g1_g3,ENSMUSG00000025287,-0.5,0.0643675220771197
E-GEOD-5305-g1_g3,ENSMUSG00000025289,1.1,0.0003689041761356
E-GEOD-5305-g1_g3,ENSMUSG00000025323,-0.3,0.0915158115711612
E-GEOD-5305-g1_g3,ENSMUSG00000025337,-0.4,0.0141392587605698
E-GEOD-5305-g1_g3,ENSMUSG00000025350,0.7,0.0008049921587046
E-GEOD-5305-g1_g3,ENSMUSG00000025353,0.5,0.0113178145544758
E-GEOD-5305-g1_g3,ENSMUSG00000025395,0.8,0.0006122350785646
E-GEOD-5305-g1_g3,ENSMUSG00000025400,-0.3,0.0534020514571054
E-GEOD-5305-g1_g3,ENSMUSG00000025403,-1.2,5.29330605158597e-05
E-GEOD-5305-g1_g3,ENSMUSG00000025408,-1.4,7.15291276187147e-05
E-GEOD-5305-g1_g3,ENSMUSG00000025429,-0.6,0.0017019225921978
E-GEOD-5305-g1_g3,ENSMUSG00000025477,-0.5,0.0055019147595921
E-GEOD-5305-g1_g3,ENSMUSG00000025485,-0.5,0.0081916479108248
E-GEOD-5305-g1_g3,ENSMUSG00000025488,-1.2,0.0007060054426694
E-GEOD-5305-g1_g3,ENSMUSG00000025492,0.7,0.0009981711696494
E-GEOD-5305-g1_g3,ENSMUSG00000025494,0.3,0.0696736195557236
E-GEOD-5305-g1_g3,ENSMUSG00000025499,-0.5,0.018784681131689
E-GEOD-5305-g1_g3,ENSMUSG00000025509,-0.5,0.0226431853137342
E-GEOD-5305-g1_g3,ENSMUSG00000025512,-0.5,0.0042342976195993
E-GEOD-5305-g1_g3,ENSMUSG00000025525,-0.4,0.0562107479825261
E-GEOD-5305-g1_g3,ENSMUSG00000025545,-0.7,0.0041959640058557
E-GEOD-5305-g1_g3,ENSMUSG00000025555,0.7,0.0006646623846923
E-GEOD-5305-g1_g3,ENSMUSG00000025574,1.6,2.18398641465783e-05
E-GEOD-5305-g1_g3,ENSMUSG00000025582,0.5,0.0103384019402029
E-GEOD-5305-g1_g3,ENSMUSG00000025586,-0.4,0.0138220348494112
E-GEOD-5305-g1_g3,ENSMUSG00000025647,0.4,0.0199977297300019
E-GEOD-5305-g1_g3,ENSMUSG00000025736,-0.5,0.02331313418316
E-GEOD-5305-g1_g3,ENSMUSG00000025743,0.8,0.0011659316405072
E-GEOD-5305-g1_g3,ENSMUSG00000025758,1.2,0.0063928148627971
E-GEOD-5305-g1_g3,ENSMUSG00000025762,-0.5,0.0327607517472771
E-GEOD-5305-g1_g3,ENSMUSG00000025789,0.3,0.0644107530034881
E-GEOD-5305-g1_g3,ENSMUSG00000025790,0.4,0.0270543214420259
E-GEOD-5305-g1_g3,ENSMUSG00000025792,0.4,0.0330159536821356
E-GEOD-5305-g1_g3,ENSMUSG00000025810,0.6,0.031054882113673
E-GEOD-5305-g1_g3,ENSMUSG00000025816,-0.7,0.0009637055768881
E-GEOD-5305-g1_g3,ENSMUSG00000025821,-0.7,0.0020861050717056
E-GEOD-5305-g1_g3,ENSMUSG00000025823,0.4,0.0988997236134095
E-GEOD-5305-g1_g3,ENSMUSG00000025854,0.3,0.0327607517472771
E-GEOD-5305-g1_g3,ENSMUSG00000025856,0.5,0.0565332034793192
E-GEOD-5305-g1_g3,ENSMUSG00000025920,-0.3,0.0440158998652556
E-GEOD-5305-g1_g3,ENSMUSG00000025935,0.7,0.0075416336609494
E-GEOD-5305-g1_g3,ENSMUSG00000025950,1.2,0.0002223019466121
E-GEOD-5305-g1_g3,ENSMUSG00000025993,-0.7,0.0101062908608053
E-GEOD-5305-g1_g3,ENSMUSG00000026029,0.4,0.0957919455689406
E-GEOD-5305-g1_g3,ENSMUSG00000026042,0.8,0.0008431551106345
E-GEOD-5305-g1_g3,ENSMUSG00000026043,0.6,0.0030976905838019
E-GEOD-5305-g1_g3,ENSMUSG00000026097,0.5,0.0104632300149104
E-GEOD-5305-g1_g3,ENSMUSG00000026104,0.4,0.0211198284214697
E-GEOD-5305-g1_g3,ENSMUSG00000026109,1.0,0.0003349182936115
E-GEOD-5305-g1_g3,ENSMUSG00000026116,0.5,0.0275105335014295
E-GEOD-5305-g1_g3,ENSMUSG00000026117,-0.3,0.0618521228584134
E-GEOD-5305-g1_g3,ENSMUSG00000026134,0.6,0.001313225566099
E-GEOD-5305-g1_g3,ENSMUSG00000026142,-0.5,0.0072145264461011
E-GEOD-5305-g1_g3,ENSMUSG00000026174,0.4,0.0078054808570043
E-GEOD-5305-g1_g3,ENSMUSG00000026179,1.0,0.0001402077830933
E-GEOD-5305-g1_g3,ENSMUSG00000026193,0.6,0.0017019225921978
E-GEOD-5305-g1_g3,ENSMUSG00000026199,-0.4,0.0175257325895539
E-GEOD-5305-g1_g3,ENSMUSG00000026208,-0.4,0.0511676962737853
E-GEOD-5305-g1_g3,ENSMUSG00000026213,-0.3,0.054724525683447
E-GEOD-5305-g1_g3,ENSMUSG00000026223,0.6,0.005578955350874
E-GEOD-5305-g1_g3,ENSMUSG00000026245,-0.7,0.0023909350999275
E-GEOD-5305-g1_g3,ENSMUSG00000026249,1.4,0.0002777021769519
E-GEOD-5305-g1_g3,ENSMUSG00000026251,-0.6,0.0020528595084992
E-GEOD-5305-g1_g3,ENSMUSG00000026253,-0.6,0.0016424421306421
E-GEOD-5305-g1_g3,ENSMUSG00000026255,0.5,0.002941184440381
E-GEOD-5305-g1_g3,ENSMUSG00000026274,0.4,0.0348492368646718
E-GEOD-5305-g1_g3,ENSMUSG00000026275,-0.3,0.0845037841532739
E-GEOD-5305-g1_g3,ENSMUSG00000026277,0.3,0.0583394160129918
E-GEOD-5305-g1_g3,ENSMUSG00000026317,-0.8,0.0002739343523023
E-GEOD-5305-g1_g3,ENSMUSG00000026355,0.8,0.0005061670064828
E-GEOD-5305-g1_g3,ENSMUSG00000026377,-0.4,0.071835647135707
E-GEOD-5305-g1_g3,ENSMUSG00000026380,-0.4,0.0242876706946853
E-GEOD-5305-g1_g3,ENSMUSG00000026404,-0.4,0.0281582266482194
E-GEOD-5305-g1_g3,ENSMUSG00000026407,-1.9,3.32403547508465e-05
E-GEOD-5305-g1_g3,ENSMUSG00000026411,-0.4,0.0307627639148079
E-GEOD-5305-g1_g3,ENSMUSG00000026418,-0.4,0.0243072064612527
E-GEOD-5305-g1_g3,ENSMUSG00000026425,-0.5,0.0041959640058557
E-GEOD-5305-g1_g3,ENSMUSG00000026429,0.5,0.0082776082376542
E-GEOD-5305-g1_g3,ENSMUSG00000026434,0.7,0.0403535869898525
E-GEOD-5305-g1_g3,ENSMUSG00000026456,-1.4,3.49766805603274e-05
E-GEOD-5305-g1_g3,ENSMUSG00000026457,-0.5,0.0048737728288227
E-GEOD-5305-g1_g3,ENSMUSG00000026469,0.6,0.0552683414376157
E-GEOD-5305-g1_g3,ENSMUSG00000026489,-1.1,0.0006031193029752
E-GEOD-5305-g1_g3,ENSMUSG00000026519,0.3,0.0438811420035861
E-GEOD-5305-g1_g3,ENSMUSG00000026547,0.7,0.0011857063401696
E-GEOD-5305-g1_g3,ENSMUSG00000026574,-0.8,0.0009632516909816
E-GEOD-5305-g1_g3,ENSMUSG00000026575,0.8,0.0011861152357401
E-GEOD-5305-g1_g3,ENSMUSG00000026577,-0.5,0.0690021937630118
E-GEOD-5305-g1_g3,ENSMUSG00000026589,0.4,0.0161354947437561
E-GEOD-5305-g1_g3,ENSMUSG00000026594,0.4,0.0119985581139819
E-GEOD-5305-g1_g3,ENSMUSG00000026605,1.5,0.0001560039248088
E-GEOD-5305-g1_g3,ENSMUSG00000026615,-0.5,0.0382278335952609
E-GEOD-5305-g1_g3,ENSMUSG00000026622,0.5,0.0132987151443261
E-GEOD-5305-g1_g3,ENSMUSG00000026628,-1.1,0.0004910995829053
E-GEOD-5305-g1_g3,ENSMUSG00000026655,0.6,0.0152316112254037
E-GEOD-5305-g1_g3,ENSMUSG00000026663,-0.9,0.000945174567951
E-GEOD-5305-g1_g3,ENSMUSG00000026670,0.5,0.0058103489729714
E-GEOD-5305-g1_g3,ENSMUSG00000026675,0.5,0.0111374358666439
E-GEOD-5305-g1_g3,ENSMUSG00000026683,0.5,0.0146363440018286
E-GEOD-5305-g1_g3,ENSMUSG00000026687,0.5,0.0025114674888902
E-GEOD-5305-g1_g3,ENSMUSG00000026688,0.4,0.05182958380242
E-GEOD-5305-g1_g3,ENSMUSG00000026701,-0.4,0.0205789852658263
E-GEOD-5305-g1_g3,ENSMUSG00000026728,0.8,0.0003572496652339
E-GEOD-5305-g1_g3,ENSMUSG00000026737,1.0,0.0018036315841176
E-GEOD-5305-g1_g3,ENSMUSG00000026749,-0.3,0.0947361971049493
E-GEOD-5305-g1_g3,ENSMUSG00000026755,-0.9,0.0004628337976627
E-GEOD-5305-g1_g3,ENSMUSG00000026790,0.6,0.0167909364621598
E-GEOD-5305-g1_g3,ENSMUSG00000026796,0.4,0.0184450939462785
E-GEOD-5305-g1_g3,ENSMUSG00000026797,0.5,0.017734579922552
E-GEOD-5305-g1_g3,ENSMUSG00000026817,-0.4,0.0428276359950703
E-GEOD-5305-g1_g3,ENSMUSG00000026820,-0.3,0.0739169664330735
E-GEOD-5305-g1_g3,ENSMUSG00000026833,1.0,0.0001166521104464
E-GEOD-5305-g1_g3,ENSMUSG00000026837,0.7,0.0012150377650966
E-GEOD-5305-g1_g3,ENSMUSG00000026842,0.6,0.004692148565048
E-GEOD-5305-g1_g3,ENSMUSG00000026853,-0.5,0.0106659158902748
E-GEOD-5305-g1_g3,ENSMUSG00000026854,0.4,0.0086654678570911
E-GEOD-5305-g1_g3,ENSMUSG00000026869,0.4,0.0176448800859609
E-GEOD-5305-g1_g3,ENSMUSG00000026879,1.1,9.16640638244711e-05
E-GEOD-5305-g1_g3,ENSMUSG00000026887,-0.5,0.0086696610639343
E-GEOD-5305-g1_g3,ENSMUSG00000026888,0.5,0.0110558736961548
E-GEOD-5305-g1_g3,ENSMUSG00000026889,-0.5,0.018784681131689
E-GEOD-5305-g1_g3,ENSMUSG00000026923,0.7,0.0009981711696494
E-GEOD-5305-g1_g3,ENSMUSG00000026926,-0.4,0.0321751279615726
E-GEOD-5305-g1_g3,ENSMUSG00000026932,0.4,0.01660131359963
E-GEOD-5305-g1_g3,ENSMUSG00000027011,0.6,0.0190474771525613
E-GEOD-5305-g1_g3,ENSMUSG00000027071,-1.2,0.0006245101583215
E-GEOD-5305-g1_g3,ENSMUSG00000027074,0.6,0.0094574374417371
E-GEOD-5305-g1_g3,ENSMUSG00000027076,-0.5,0.0114667438738638
E-GEOD-5305-g1_g3,ENSMUSG00000027111,0.7,0.003541376267605
E-GEOD-5305-g1_g3,ENSMUSG00000027131,-0.4,0.0292343624989862
E-GEOD-5305-g1_g3,ENSMUSG00000027184,0.6,0.0385323896832594
E-GEOD-5305-g1_g3,ENSMUSG00000027193,0.4,0.0349685207199333
E-GEOD-5305-g1_g3,ENSMUSG00000027195,0.6,0.0019532582994287
E-GEOD-5305-g1_g3,ENSMUSG00000027199,-1.0,0.0021760963150178
E-GEOD-5305-g1_g3,ENSMUSG00000027203,0.9,0.0003687990627248
E-GEOD-5305-g1_g3,ENSMUSG00000027208,-0.5,0.0035601971503413
E-GEOD-5305-g1_g3,ENSMUSG00000027221,0.6,0.0562107479825261
E-GEOD-5305-g1_g3,ENSMUSG00000027222,-0.4,0.0123917246307745
E-GEOD-5305-g1_g3,ENSMUSG00000027223,0.8,0.0033128435210981
E-GEOD-5305-g1_g3,ENSMUSG00000027227,0.7,0.0006620645550733
E-GEOD-5305-g1_g3,ENSMUSG00000027230,0.7,0.0035601971503413
E-GEOD-5305-g1_g3,ENSMUSG00000027248,0.6,0.0334182733793333
E-GEOD-5305-g1_g3,ENSMUSG00000027253,-0.4,0.0428130607148918
E-GEOD-5305-g1_g3,ENSMUSG00000027257,-1.2,0.0004401150363812
E-GEOD-5305-g1_g3,ENSMUSG00000027293,-0.5,0.0103601651257068
E-GEOD-5305-g1_g3,ENSMUSG00000027306,1.0,0.0038569129136609
E-GEOD-5305-g1_g3,ENSMUSG00000027313,-0.5,0.0070668352510156
E-GEOD-5305-g1_g3,ENSMUSG00000027323,0.5,0.0048920801486025
E-GEOD-5305-g1_g3,ENSMUSG00000027330,0.8,0.0015876176893321
E-GEOD-5305-g1_g3,ENSMUSG00000027331,0.3,0.0538453395051147
E-GEOD-5305-g1_g3,ENSMUSG00000027333,0.5,0.0202734082001232
E-GEOD-5305-g1_g3,ENSMUSG00000027346,-0.6,0.0710398072287746
E-GEOD-5305-g1_g3,ENSMUSG00000027379,1.1,0.0005628378711741
E-GEOD-5305-g1_g3,ENSMUSG00000027386,1.2,0.0002081962606477
E-GEOD-5305-g1_g3,ENSMUSG00000027422,0.6,0.0009981711696494
E-GEOD-5305-g1_g3,ENSMUSG00000027429,0.4,0.0160803843617696
E-GEOD-5305-g1_g3,ENSMUSG00000027447,0.8,0.0013291277034761
E-GEOD-5305-g1_g3,ENSMUSG00000027454,0.3,0.0478563415580675
E-GEOD-5305-g1_g3,ENSMUSG00000027459,0.8,0.0032011530361835
E-GEOD-5305-g1_g3,ENSMUSG00000027469,0.9,0.0034139178847311
E-GEOD-5305-g1_g3,ENSMUSG00000027479,0.4,0.0168122241330177
E-GEOD-5305-g1_g3,ENSMUSG00000027487,-0.4,0.0373382268170394
E-GEOD-5305-g1_g3,ENSMUSG00000027496,0.7,0.0022400246649636
E-GEOD-5305-g1_g3,ENSMUSG00000027500,2.0,1.20209621542382e-05
E-GEOD-5305-g1_g3,ENSMUSG00000027510,-0.7,0.0131077277072939
E-GEOD-5305-g1_g3,ENSMUSG00000027519,-0.4,0.0148349247279685
E-GEOD-5305-g1_g3,ENSMUSG00000027546,-0.4,0.0497762161549596
E-GEOD-5305-g1_g3,ENSMUSG00000027555,0.6,0.0020861050717056
E-GEOD-5305-g1_g3,ENSMUSG00000027559,0.6,0.0451715971833651
E-GEOD-5305-g1_g3,ENSMUSG00000027602,-0.3,0.0978587748688024
E-GEOD-5305-g1_g3,ENSMUSG00000027605,0.5,0.0078879605994779
E-GEOD-5305-g1_g3,ENSMUSG00000027613,-0.4,0.0147422705689422
E-GEOD-5305-g1_g3,ENSMUSG00000027634,0.6,0.0025982636217928
E-GEOD-5305-g1_g3,ENSMUSG00000027639,0.3,0.0976549825618762
E-GEOD-5305-g1_g3,ENSMUSG00000027641,0.6,0.0112998403738865
E-GEOD-5305-g1_g3,ENSMUSG00000027663,0.6,0.0029672265022753
E-GEOD-5305-g1_g3,ENSMUSG00000027667,-0.5,0.0095644462715807
E-GEOD-5305-g1_g3,ENSMUSG00000027669,0.5,0.0293810878917323
E-GEOD-5305-g1_g3,ENSMUSG00000027671,0.4,0.0689313084647075
E-GEOD-5305-g1_g3,ENSMUSG00000027695,0.7,0.0016424421306421
E-GEOD-5305-g1_g3,ENSMUSG00000027699,1.2,0.0136295363775975
E-GEOD-5305-g1_g3,ENSMUSG00000027712,0.9,0.0002288042892507
E-GEOD-5305-g1_g3,ENSMUSG00000027715,1.3,3.32403547508465e-05
E-GEOD-5305-g1_g3,ENSMUSG00000027797,-0.5,0.0915861781887667
E-GEOD-5305-g1_g3,ENSMUSG00000027799,0.7,0.0083540345318719
E-GEOD-5305-g1_g3,ENSMUSG00000027800,0.9,0.0004451107259835
E-GEOD-5305-g1_g3,ENSMUSG00000027805,0.6,0.0267615501040819
E-GEOD-5305-g1_g3,ENSMUSG00000027835,-0.4,0.0851819426528711
E-GEOD-5305-g1_g3,ENSMUSG00000027843,-0.6,0.0049195560325273
E-GEOD-5305-g1_g3,ENSMUSG00000027861,-0.5,0.0304067619592817
E-GEOD-5305-g1_g3,ENSMUSG00000027878,0.6,0.0026481013489433
E-GEOD-5305-g1_g3,ENSMUSG00000027879,0.4,0.0388767125152278
E-GEOD-5305-g1_g3,ENSMUSG00000027883,0.5,0.0291548636501598
E-GEOD-5305-g1_g3,ENSMUSG00000027935,0.7,0.0011805267234218
E-GEOD-5305-g1_g3,ENSMUSG00000027940,-1.0,0.0008117198020373
E-GEOD-5305-g1_g3,ENSMUSG00000027952,0.8,0.0004423359028872
E-GEOD-5305-g1_g3,ENSMUSG00000027953,0.4,0.0483911536239375
E-GEOD-5305-g1_g3,ENSMUSG00000027994,1.2,0.0002386957682762
E-GEOD-5305-g1_g3,ENSMUSG00000027995,-0.4,0.0149434930014141
E-GEOD-5305-g1_g3,ENSMUSG00000027996,1.3,5.2264038711443e-05
E-GEOD-5305-g1_g3,ENSMUSG00000027997,0.4,0.0246854604549271
E-GEOD-5305-g1_g3,ENSMUSG00000027998,-0.4,0.0198970921327966
E-GEOD-5305-g1_g3,ENSMUSG00000028019,0.6,0.0033586167485375
E-GEOD-5305-g1_g3,ENSMUSG00000028023,0.6,0.0142950034231012
E-GEOD-5305-g1_g3,ENSMUSG00000028024,-0.7,0.0114918088611051
E-GEOD-5305-g1_g3,ENSMUSG00000028032,0.7,0.0009632516909816
E-GEOD-5305-g1_g3,ENSMUSG00000028044,0.9,0.0029799277766844
E-GEOD-5305-g1_g3,ENSMUSG00000028068,0.8,0.0031722220541104
E-GEOD-5305-g1_g3,ENSMUSG00000028082,0.6,0.0103231329173892
E-GEOD-5305-g1_g3,ENSMUSG00000028086,-0.9,0.0290220437321298
E-GEOD-5305-g1_g3,ENSMUSG00000028093,-0.5,0.0064950302959329
E-GEOD-5305-g1_g3,ENSMUSG00000028104,-0.3,0.0657276656045388
E-GEOD-5305-g1_g3,ENSMUSG00000028107,-0.8,0.0011857063401696
E-GEOD-5305-g1_g3,ENSMUSG00000028116,-1.9,2.18398641465783e-05
E-GEOD-5305-g1_g3,ENSMUSG00000028128,0.4,0.0187092748350907
E-GEOD-5305-g1_g3,ENSMUSG00000028145,-0.4,0.0454995840608131
E-GEOD-5305-g1_g3,ENSMUSG00000028158,-0.6,0.0114667438738638
E-GEOD-5305-g1_g3,ENSMUSG00000028164,0.3,0.0742776372521398
E-GEOD-5305-g1_g3,ENSMUSG00000028207,0.5,0.010211645300973
E-GEOD-5305-g1_g3,ENSMUSG00000028228,0.4,0.0547831935402136
E-GEOD-5305-g1_g3,ENSMUSG00000028229,-1.0,0.0179056199266241
E-GEOD-5305-g1_g3,ENSMUSG00000028249,0.6,0.0723781228836614
E-GEOD-5305-g1_g3,ENSMUSG00000028282,0.5,0.0855678744480901
E-GEOD-5305-g1_g3,ENSMUSG00000028284,0.3,0.0608995609722084
E-GEOD-5305-g1_g3,ENSMUSG00000028292,-0.3,0.054724525683447
E-GEOD-5305-g1_g3,ENSMUSG00000028312,1.4,0.0004725767593288
E-GEOD-5305-g1_g3,ENSMUSG00000028328,-0.6,0.0037302364174897
E-GEOD-5305-g1_g3,ENSMUSG00000028329,-0.5,0.0093894848307339
E-GEOD-5305-g1_g3,ENSMUSG00000028369,0.4,0.0190133201266484
E-GEOD-5305-g1_g3,ENSMUSG00000028378,0.5,0.0082133272822554
E-GEOD-5305-g1_g3,ENSMUSG00000028382,0.4,0.0827591605532198
E-GEOD-5305-g1_g3,ENSMUSG00000028398,-0.3,0.03467168692408
E-GEOD-5305-g1_g3,ENSMUSG00000028399,0.8,0.0025114674888902
E-GEOD-5305-g1_g3,ENSMUSG00000028402,0.9,0.0227183716429284
E-GEOD-5305-g1_g3,ENSMUSG00000028405,0.5,0.0470575836541759
E-GEOD-5305-g1_g3,ENSMUSG00000028411,-0.3,0.0606158470222091
E-GEOD-5305-g1_g3,ENSMUSG00000028412,0.4,0.0313943522000043
E-GEOD-5305-g1_g3,ENSMUSG00000028415,-0.4,0.0150120925528482
E-GEOD-5305-g1_g3,ENSMUSG00000028416,-0.7,0.0012150377650966
E-GEOD-5305-g1_g3,ENSMUSG00000028420,-0.5,0.0173520938302948
E-GEOD-5305-g1_g3,ENSMUSG00000028443,0.4,0.0898273767395246
E-GEOD-5305-g1_g3,ENSMUSG00000028461,-0.7,0.0016805254215434
E-GEOD-5305-g1_g3,ENSMUSG00000028463,1.2,0.0006234861278979
E-GEOD-5305-g1_g3,ENSMUSG00000028466,-0.5,0.0032590107559707
E-GEOD-5305-g1_g3,ENSMUSG00000028470,-0.5,0.0205318986018258
E-GEOD-5305-g1_g3,ENSMUSG00000028478,0.4,0.0123651177192362
E-GEOD-5305-g1_g3,ENSMUSG00000028480,0.4,0.0146363440018286
E-GEOD-5305-g1_g3,ENSMUSG00000028483,-0.6,0.0081605984663586
E-GEOD-5305-g1_g3,ENSMUSG00000028497,1.6,0.0003188274988547
E-GEOD-5305-g1_g3,ENSMUSG00000028517,-0.3,0.0707610911439907
E-GEOD-5305-g1_g3,ENSMUSG00000028527,0.6,0.0041575374322312
E-GEOD-5305-g1_g3,ENSMUSG00000028538,-0.4,0.0114667438738638
E-GEOD-5305-g1_g3,ENSMUSG00000028539,-0.9,0.0006811640238675
E-GEOD-5305-g1_g3,ENSMUSG00000028542,-1.0,0.0007520181140277
E-GEOD-5305-g1_g3,ENSMUSG00000028551,0.5,0.0058701333934347
E-GEOD-5305-g1_g3,ENSMUSG00000028559,-0.4,0.0701861983854214
E-GEOD-5305-g1_g3,ENSMUSG00000028560,0.8,0.0988997236134095
E-GEOD-5305-g1_g3,ENSMUSG00000028622,-0.4,0.0306059926189592
E-GEOD-5305-g1_g3,ENSMUSG00000028643,0.5,0.0111374358666439
E-GEOD-5305-g1_g3,ENSMUSG00000028648,-0.3,0.0623722966060207
E-GEOD-5305-g1_g3,ENSMUSG00000028653,-0.7,0.0147854531103941
E-GEOD-5305-g1_g3,ENSMUSG00000028654,0.4,0.0167909364621598
E-GEOD-5305-g1_g3,ENSMUSG00000028656,0.6,0.0030320070196273
E-GEOD-5305-g1_g3,ENSMUSG00000028657,0.5,0.0269139340228297
E-GEOD-5305-g1_g3,ENSMUSG00000028671,0.8,0.0016157050897194
E-GEOD-5305-g1_g3,ENSMUSG00000028678,1.5,0.0001560327002223
E-GEOD-5305-g1_g3,ENSMUSG00000028689,0.3,0.0676215241961716
E-GEOD-5305-g1_g3,ENSMUSG00000028690,-0.4,0.0305276110951182
E-GEOD-5305-g1_g3,ENSMUSG00000028691,0.4,0.0400236023182372
E-GEOD-5305-g1_g3,ENSMUSG00000028702,0.5,0.0119985581139819
E-GEOD-5305-g1_g3,ENSMUSG00000028706,-0.7,0.0017526063475232
E-GEOD-5305-g1_g3,ENSMUSG00000028708,-0.4,0.0119985581139819
E-GEOD-5305-g1_g3,ENSMUSG00000028718,0.8,0.001012668086302
E-GEOD-5305-g1_g3,ENSMUSG00000028736,0.7,0.0014869702852229
E-GEOD-5305-g1_g3,ENSMUSG00000028751,-0.9,0.0024675930775085
E-GEOD-5305-g1_g3,ENSMUSG00000028756,-0.5,0.0037386045118395
E-GEOD-5305-g1_g3,ENSMUSG00000028757,0.5,0.0269139340228297
E-GEOD-5305-g1_g3,ENSMUSG00000028779,-0.3,0.0377190432406307
E-GEOD-5305-g1_g3,ENSMUSG00000028793,-0.3,0.0428130607148918
E-GEOD-5305-g1_g3,ENSMUSG00000028811,-0.5,0.0100089307868315
E-GEOD-5305-g1_g3,ENSMUSG00000028821,-0.4,0.0982289309985473
E-GEOD-5305-g1_g3,ENSMUSG00000028830,-0.6,0.0032290354822311
E-GEOD-5305-g1_g3,ENSMUSG00000028837,0.4,0.0271629059070905
E-GEOD-5305-g1_g3,ENSMUSG00000028838,-1.2,9.55985492751849e-05
E-GEOD-5305-g1_g3,ENSMUSG00000028840,-0.4,0.024922816901606
E-GEOD-5305-g1_g3,ENSMUSG00000028843,0.9,0.0007226363591046
E-GEOD-5305-g1_g3,ENSMUSG00000028869,-0.5,0.0744795001676428
E-GEOD-5305-g1_g3,ENSMUSG00000028885,-1.6,5.75659033080807e-05
E-GEOD-5305-g1_g3,ENSMUSG00000028893,-0.4,0.0408850406035929
E-GEOD-5305-g1_g3,ENSMUSG00000028894,-0.3,0.079863758787173
E-GEOD-5305-g1_g3,ENSMUSG00000028896,0.3,0.046012526781666
E-GEOD-5305-g1_g3,ENSMUSG00000028907,-0.3,0.0948540588870332
E-GEOD-5305-g1_g3,ENSMUSG00000028910,-0.4,0.0468855180332748
E-GEOD-5305-g1_g3,ENSMUSG00000028911,0.3,0.0399202626599744
E-GEOD-5305-g1_g3,ENSMUSG00000028926,0.8,0.0119985581139819
E-GEOD-5305-g1_g3,ENSMUSG00000028927,-0.3,0.0483911536239375
E-GEOD-5305-g1_g3,ENSMUSG00000028937,0.4,0.0133053479606256
E-GEOD-5305-g1_g3,ENSMUSG00000028949,-0.4,0.0167202225496847
E-GEOD-5305-g1_g3,ENSMUSG00000028953,-0.6,0.0040391318691885
E-GEOD-5305-g1_g3,ENSMUSG00000028961,0.5,0.0085888471847261
E-GEOD-5305-g1_g3,ENSMUSG00000028967,-0.7,0.001880469096879
E-GEOD-5305-g1_g3,ENSMUSG00000028972,-1.3,5.29330605158597e-05
E-GEOD-5305-g1_g3,ENSMUSG00000028975,-0.6,0.0023909350999275
E-GEOD-5305-g1_g3,ENSMUSG00000028982,-1.0,0.0003909619293177
E-GEOD-5305-g1_g3,ENSMUSG00000028988,0.5,0.0196443507548921
E-GEOD-5305-g1_g3,ENSMUSG00000028991,-0.4,0.0273915505058888
E-GEOD-5305-g1_g3,ENSMUSG00000028995,0.6,0.0463449443817112
E-GEOD-5305-g1_g3,ENSMUSG00000029050,0.4,0.0171439993126569
E-GEOD-5305-g1_g3,ENSMUSG00000029059,-0.8,0.0006694699715006
E-GEOD-5305-g1_g3,ENSMUSG00000029060,-0.8,0.0008637522936014
E-GEOD-5305-g1_g3,ENSMUSG00000029070,0.5,0.0086954204640892
E-GEOD-5305-g1_g3,ENSMUSG00000029090,0.5,0.0185763936315
E-GEOD-5305-g1_g3,ENSMUSG00000029096,-0.3,0.0925865788494383
E-GEOD-5305-g1_g3,ENSMUSG00000029106,0.4,0.0144264405244316
E-GEOD-5305-g1_g3,ENSMUSG00000029110,-0.4,0.0120409679137165
E-GEOD-5305-g1_g3,ENSMUSG00000029122,1.0,0.0002636390815339
E-GEOD-5305-g1_g3,ENSMUSG00000029126,0.6,0.0024128434893716
E-GEOD-5305-g1_g3,ENSMUSG00000029156,-0.5,0.013111021153622
E-GEOD-5305-g1_g3,ENSMUSG00000029177,1.3,6.75322931002751e-05
E-GEOD-5305-g1_g3,ENSMUSG00000029185,0.8,0.001000288805641
E-GEOD-5305-g1_g3,ENSMUSG00000029191,0.4,0.0114340860386028
E-GEOD-5305-g1_g3,ENSMUSG00000029192,0.4,0.0203851008262049
E-GEOD-5305-g1_g3,ENSMUSG00000029198,-0.5,0.0077810905902991
E-GEOD-5305-g1_g3,ENSMUSG00000029201,0.6,0.0526329671862922
E-GEOD-5305-g1_g3,ENSMUSG00000029207,0.4,0.0396598017960349
E-GEOD-5305-g1_g3,ENSMUSG00000029217,-0.3,0.0370538771711513
E-GEOD-5305-g1_g3,ENSMUSG00000029233,0.3,0.0335189162781439
E-GEOD-5305-g1_g3,ENSMUSG00000029281,-0.6,0.007288935804124
E-GEOD-5305-g1_g3,ENSMUSG00000029326,0.4,0.0428130607148918
E-GEOD-5305-g1_g3,ENSMUSG00000029344,-0.4,0.0379118328593302
E-GEOD-5305-g1_g3,ENSMUSG00000029361,-0.3,0.0624369385028154
E-GEOD-5305-g1_g3,ENSMUSG00000029366,1.3,0.0031653770993656
E-GEOD-5305-g1_g3,ENSMUSG00000029380,-0.3,0.0869967909070356
E-GEOD-5305-g1_g3,ENSMUSG00000029385,0.6,0.0388767125152278
E-GEOD-5305-g1_g3,ENSMUSG00000029386,0.3,0.0319633114448051
E-GEOD-5305-g1_g3,ENSMUSG00000029392,-0.9,0.0002288042892507
E-GEOD-5305-g1_g3,ENSMUSG00000029401,0.3,0.0639239950188591
E-GEOD-5305-g1_g3,ENSMUSG00000029406,0.3,0.0596424843693483
E-GEOD-5305-g1_g3,ENSMUSG00000029413,0.4,0.0356183719110302
E-GEOD-5305-g1_g3,ENSMUSG00000029427,0.3,0.0535585339912029
E-GEOD-5305-g1_g3,ENSMUSG00000029432,-0.4,0.0143049767225122
E-GEOD-5305-g1_g3,ENSMUSG00000029446,-0.9,0.0009222229569749
E-GEOD-5305-g1_g3,ENSMUSG00000029455,0.5,0.0113763488093283
E-GEOD-5305-g1_g3,ENSMUSG00000029478,0.8,0.0011857063401696
E-GEOD-5305-g1_g3,ENSMUSG00000029482,0.8,0.0010767974100441
E-GEOD-5305-g1_g3,ENSMUSG00000029526,-0.3,0.0925240414942719
E-GEOD-5305-g1_g3,ENSMUSG00000029538,0.7,0.000744371104117
E-GEOD-5305-g1_g3,ENSMUSG00000029552,0.8,0.0020528595084992
E-GEOD-5305-g1_g3,ENSMUSG00000029554,-0.8,0.002327612942834
E-GEOD-5305-g1_g3,ENSMUSG00000029570,0.5,0.0082934577636951
E-GEOD-5305-g1_g3,ENSMUSG00000029581,1.1,0.0010335391079877
E-GEOD-5305-g1_g3,ENSMUSG00000029591,0.6,0.0130874553571129
E-GEOD-5305-g1_g3,ENSMUSG00000029599,-0.4,0.0257283170932372
E-GEOD-5305-g1_g3,ENSMUSG00000029621,-0.3,0.0485099498438476
E-GEOD-5305-g1_g3,ENSMUSG00000029622,0.6,0.0020406042190853
E-GEOD-5305-g1_g3,ENSMUSG00000029661,1.0,0.0003689041761356
E-GEOD-5305-g1_g3,ENSMUSG00000029663,-0.4,0.0749192973204797
E-GEOD-5305-g1_g3,ENSMUSG00000029672,0.5,0.0190207095718493
E-GEOD-5305-g1_g3,ENSMUSG00000029683,-0.6,0.011693930505126
E-GEOD-5305-g1_g3,ENSMUSG00000029686,0.6,0.0727074356221383
E-GEOD-5305-g1_g3,ENSMUSG00000029687,1.0,0.0017347803788956
E-GEOD-5305-g1_g3,ENSMUSG00000029718,1.2,0.0003701225769923
E-GEOD-5305-g1_g3,ENSMUSG00000029752,-0.9,0.000196353094825
E-GEOD-5305-g1_g3,ENSMUSG00000029759,0.6,0.0145036089415653
E-GEOD-5305-g1_g3,ENSMUSG00000029761,0.5,0.0792319402127966
E-GEOD-5305-g1_g3,ENSMUSG00000029762,0.5,0.0066298434227986
E-GEOD-5305-g1_g3,ENSMUSG00000029777,-0.6,0.0014164745941633
E-GEOD-5305-g1_g3,ENSMUSG00000029781,0.5,0.0388767125152278
E-GEOD-5305-g1_g3,ENSMUSG00000029790,0.5,0.0166002245833518
E-GEOD-5305-g1_g3,ENSMUSG00000029823,0.4,0.0583936676054644
E-GEOD-5305-g1_g3,ENSMUSG00000029838,1.4,5.29330605158597e-05
E-GEOD-5305-g1_g3,ENSMUSG00000029840,0.5,0.0799239231299716
E-GEOD-5305-g1_g3,ENSMUSG00000029863,0.4,0.0265737561972699
E-GEOD-5305-g1_g3,ENSMUSG00000029869,1.2,0.0001743632490727
E-GEOD-5305-g1_g3,ENSMUSG00000029910,1.0,0.0005139380854065
E-GEOD-5305-g1_g3,ENSMUSG00000029993,-1.1,0.0007580768664521
E-GEOD-5305-g1_g3,ENSMUSG00000029994,0.9,0.0003842680411537
E-GEOD-5305-g1_g3,ENSMUSG00000030008,0.5,0.0150120925528482
E-GEOD-5305-g1_g3,ENSMUSG00000030029,0.5,0.0053513749393145
E-GEOD-5305-g1_g3,ENSMUSG00000030035,0.5,0.0135741657569804
E-GEOD-5305-g1_g3,ENSMUSG00000030042,-0.3,0.0623722966060207
E-GEOD-5305-g1_g3,ENSMUSG00000030058,0.4,0.0227206170395876
E-GEOD-5305-g1_g3,ENSMUSG00000030062,0.4,0.065856937241129
E-GEOD-5305-g1_g3,ENSMUSG00000030082,0.4,0.0147497638742186
E-GEOD-5305-g1_g3,ENSMUSG00000030095,0.4,0.0176069939607358
E-GEOD-5305-g1_g3,ENSMUSG00000030096,0.8,0.0009632516909816
E-GEOD-5305-g1_g3,ENSMUSG00000030103,-0.7,0.0009350808105169
E-GEOD-5305-g1_g3,ENSMUSG00000030105,-0.3,0.0493171834968893
E-GEOD-5305-g1_g3,ENSMUSG00000030108,-0.4,0.0275944574512416
E-GEOD-5305-g1_g3,ENSMUSG00000030116,0.3,0.0280381817394041
E-GEOD-5305-g1_g3,ENSMUSG00000030122,0.8,0.0110558736961548
E-GEOD-5305-g1_g3,ENSMUSG00000030123,0.5,0.0111321884681268
E-GEOD-5305-g1_g3,ENSMUSG00000030189,-0.6,0.0016478022479635
E-GEOD-5305-g1_g3,ENSMUSG00000030203,-0.4,0.0298018260734422
E-GEOD-5305-g1_g3,ENSMUSG00000030208,1.2,0.0038569129136609
E-GEOD-5305-g1_g3,ENSMUSG00000030218,0.8,0.0015876176893321
E-GEOD-5305-g1_g3,ENSMUSG00000030245,0.4,0.0181852068558336
E-GEOD-5305-g1_g3,ENSMUSG00000030255,-0.4,0.0200995721355227
E-GEOD-5305-g1_g3,ENSMUSG00000030264,-0.8,0.0144958338706285
E-GEOD-5305-g1_g3,ENSMUSG00000030268,-0.8,0.0007069462917851
E-GEOD-5305-g1_g3,ENSMUSG00000030284,-0.7,0.000638298860965
E-GEOD-5305-g1_g3,ENSMUSG00000030301,-0.4,0.0394213293489361
E-GEOD-5305-g1_g3,ENSMUSG00000030327,-0.4,0.0246242126139656
E-GEOD-5305-g1_g3,ENSMUSG00000030342,0.4,0.0086056910828016
E-GEOD-5305-g1_g3,ENSMUSG00000030347,-0.4,0.0614753889624227
E-GEOD-5305-g1_g3,ENSMUSG00000030352,0.7,0.0011857063401696
E-GEOD-5305-g1_g3,ENSMUSG00000030399,-1.0,0.0002152059782365
E-GEOD-5305-g1_g3,ENSMUSG00000030401,-0.9,0.0011709029687421
E-GEOD-5305-g1_g3,ENSMUSG00000030447,0.4,0.0491654224841736
E-GEOD-5305-g1_g3,ENSMUSG00000030470,-1.6,0.0002026110535317
E-GEOD-5305-g1_g3,ENSMUSG00000030498,0.4,0.0269139340228297
E-GEOD-5305-g1_g3,ENSMUSG00000030505,-0.4,0.0811480007258295
E-GEOD-5305-g1_g3,ENSMUSG00000030536,0.5,0.0055019147595921
E-GEOD-5305-g1_g3,ENSMUSG00000030541,0.5,0.0095644462715807
E-GEOD-5305-g1_g3,ENSMUSG00000030560,-0.3,0.0538797632564362
E-GEOD-5305-g1_g3,ENSMUSG00000030592,-1.2,0.0002081962606477
E-GEOD-5305-g1_g3,ENSMUSG00000030603,-0.4,0.0143540798395899
E-GEOD-5305-g1_g3,ENSMUSG00000030605,0.6,0.0019753823910533
E-GEOD-5305-g1_g3,ENSMUSG00000030615,-0.6,0.0187092748350907
E-GEOD-5305-g1_g3,ENSMUSG00000030630,1.1,0.0016157050897194
E-GEOD-5305-g1_g3,ENSMUSG00000030638,0.6,0.0021096583115524
E-GEOD-5305-g1_g3,ENSMUSG00000030654,0.8,0.0006245101583215
E-GEOD-5305-g1_g3,ENSMUSG00000030672,-0.7,0.0018757969956778
E-GEOD-5305-g1_g3,ENSMUSG00000030677,1.2,9.55985492751849e-05
E-GEOD-5305-g1_g3,ENSMUSG00000030681,-0.7,0.0044764037669412
E-GEOD-5305-g1_g3,ENSMUSG00000030682,-0.7,0.0016204761549793
E-GEOD-5305-g1_g3,ENSMUSG00000030717,-0.7,0.013898053666755
E-GEOD-5305-g1_g3,ENSMUSG00000030730,-0.8,0.0011857063401696
E-GEOD-5305-g1_g3,ENSMUSG00000030738,-0.8,0.0006030766800319
E-GEOD-5305-g1_g3,ENSMUSG00000030747,-0.4,0.0208777880484693
E-GEOD-5305-g1_g3,ENSMUSG00000030753,-0.4,0.0576502280921102
E-GEOD-5305-g1_g3,ENSMUSG00000030759,0.3,0.0562294288745829
E-GEOD-5305-g1_g3,ENSMUSG00000030774,0.7,0.001570251045063
E-GEOD-5305-g1_g3,ENSMUSG00000030779,-0.4,0.0355409618189722
E-GEOD-5305-g1_g3,ENSMUSG00000030785,-1.8,1.20209621542382e-05
E-GEOD-5305-g1_g3,ENSMUSG00000030796,0.6,0.0067497289586645
E-GEOD-5305-g1_g3,ENSMUSG00000030805,0.3,0.0550577447608078
E-GEOD-5305-g1_g3,ENSMUSG00000030824,0.3,0.091157338839148
E-GEOD-5305-g1_g3,ENSMUSG00000030827,-1.0,0.0001503011042263
E-GEOD-5305-g1_g3,ENSMUSG00000030852,-0.8,0.0009566700799229
E-GEOD-5305-g1_g3,ENSMUSG00000030867,1.1,0.0003122229436816
E-GEOD-5305-g1_g3,ENSMUSG00000030894,0.4,0.0123079708913707
E-GEOD-5305-g1_g3,ENSMUSG00000030905,-1.2,5.29330605158597e-05
E-GEOD-5305-g1_g3,ENSMUSG00000030930,0.5,0.0034930681385192
E-GEOD-5305-g1_g3,ENSMUSG00000030934,0.4,0.0169042497319623
E-GEOD-5305-g1_g3,ENSMUSG00000030942,-0.4,0.0347366325668401
E-GEOD-5305-g1_g3,ENSMUSG00000030967,-0.4,0.0324528449755009
E-GEOD-5305-g1_g3,ENSMUSG00000030978,1.1,6.72917117617135e-05
E-GEOD-5305-g1_g3,ENSMUSG00000030979,-0.5,0.0033586167485375
E-GEOD-5305-g1_g3,ENSMUSG00000030987,-0.4,0.0353174192904373
E-GEOD-5305-g1_g3,ENSMUSG00000031004,1.5,0.000945174567951
E-GEOD-5305-g1_g3,ENSMUSG00000031016,0.5,0.019160131143071
E-GEOD-5305-g1_g3,ENSMUSG00000031065,0.4,0.0171015456935663
E-GEOD-5305-g1_g3,ENSMUSG00000031097,-1.1,9.55985492751849e-05
E-GEOD-5305-g1_g3,ENSMUSG00000031134,0.4,0.0169878032378104
E-GEOD-5305-g1_g3,ENSMUSG00000031143,-0.4,0.0718643457891936
E-GEOD-5305-g1_g3,ENSMUSG00000031227,0.7,0.0015801153605116
E-GEOD-5305-g1_g3,ENSMUSG00000031239,-1.0,0.0029813072910611
E-GEOD-5305-g1_g3,ENSMUSG00000031246,1.2,0.070044605793658
E-GEOD-5305-g1_g3,ENSMUSG00000031253,0.9,0.0002846570360685
E-GEOD-5305-g1_g3,ENSMUSG00000031295,0.5,0.0119985581139819
E-GEOD-5305-g1_g3,ENSMUSG00000031297,-0.4,0.0176319078552753
E-GEOD-5305-g1_g3,ENSMUSG00000031312,-1.1,7.55156075620654e-05
E-GEOD-5305-g1_g3,ENSMUSG00000031328,0.7,0.0010834259702332
E-GEOD-5305-g1_g3,ENSMUSG00000031349,0.9,0.0001683178037968
E-GEOD-5305-g1_g3,ENSMUSG00000031353,0.6,0.0129198154575637
E-GEOD-5305-g1_g3,ENSMUSG00000031360,0.5,0.031714093600871
E-GEOD-5305-g1_g3,ENSMUSG00000031375,0.4,0.0129495186856503
E-GEOD-5305-g1_g3,ENSMUSG00000031380,0.8,0.001530642985863
E-GEOD-5305-g1_g3,ENSMUSG00000031431,-0.4,0.031687005195143
E-GEOD-5305-g1_g3,ENSMUSG00000031434,-0.4,0.0269549848796269
E-GEOD-5305-g1_g3,ENSMUSG00000031446,-0.3,0.0898541913260667
E-GEOD-5305-g1_g3,ENSMUSG00000031451,0.6,0.004568433253789
E-GEOD-5305-g1_g3,ENSMUSG00000031461,-1.6,2.78808315413591e-05
E-GEOD-5305-g1_g3,ENSMUSG00000031485,-0.3,0.0938653216772059
E-GEOD-5305-g1_g3,ENSMUSG00000031490,-0.4,0.0159345673274945
E-GEOD-5305-g1_g3,ENSMUSG00000031502,1.1,9.55985492751849e-05
E-GEOD-5305-g1_g3,ENSMUSG00000031503,0.9,0.0002130267767616
E-GEOD-5305-g1_g3,ENSMUSG00000031505,-0.5,0.0170000754394238
E-GEOD-5305-g1_g3,ENSMUSG00000031513,-0.8,0.0004814329855685
E-GEOD-5305-g1_g3,ENSMUSG00000031519,-0.5,0.080632471286175
E-GEOD-5305-g1_g3,ENSMUSG00000031533,-0.5,0.0109852722881118
E-GEOD-5305-g1_g3,ENSMUSG00000031536,-0.4,0.0563266788743866
E-GEOD-5305-g1_g3,ENSMUSG00000031539,0.3,0.0643675220771197
E-GEOD-5305-g1_g3,ENSMUSG00000031557,0.7,0.0006568550924145
E-GEOD-5305-g1_g3,ENSMUSG00000031558,0.5,0.0031689103260476
E-GEOD-5305-g1_g3,ENSMUSG00000031561,1.1,0.0132901838839608
E-GEOD-5305-g1_g3,ENSMUSG00000031575,-0.4,0.0271647019986512
E-GEOD-5305-g1_g3,ENSMUSG00000031586,-0.3,0.0990816978020523
E-GEOD-5305-g1_g3,ENSMUSG00000031604,1.0,0.0011857063401696
E-GEOD-5305-g1_g3,ENSMUSG00000031608,-0.4,0.0246956302560708
E-GEOD-5305-g1_g3,ENSMUSG00000031628,0.7,0.0065568214418687
E-GEOD-5305-g1_g3,ENSMUSG00000031654,1.0,0.0001882370626063
E-GEOD-5305-g1_g3,ENSMUSG00000031660,-1.0,0.0008570365708269
E-GEOD-5305-g1_g3,ENSMUSG00000031668,0.6,0.0059184835094148
E-GEOD-5305-g1_g3,ENSMUSG00000031714,0.6,0.006827989058957
E-GEOD-5305-g1_g3,ENSMUSG00000031731,0.3,0.0988150692200879
E-GEOD-5305-g1_g3,ENSMUSG00000031740,1.2,9.55985492751849e-05
E-GEOD-5305-g1_g3,ENSMUSG00000031748,0.4,0.009000718221581
E-GEOD-5305-g1_g3,ENSMUSG00000031751,-0.4,0.0125106177163981
E-GEOD-5305-g1_g3,ENSMUSG00000031753,-0.4,0.0226170664097129
E-GEOD-5305-g1_g3,ENSMUSG00000031756,0.4,0.0198970921327966
E-GEOD-5305-g1_g3,ENSMUSG00000031770,-0.5,0.0028771263549259
E-GEOD-5305-g1_g3,ENSMUSG00000031782,-0.3,0.0472594747442858
E-GEOD-5305-g1_g3,ENSMUSG00000031785,0.8,0.0006694699715006
E-GEOD-5305-g1_g3,ENSMUSG00000031796,0.5,0.0122610496666643
E-GEOD-5305-g1_g3,ENSMUSG00000031799,0.6,0.0038569129136609
E-GEOD-5305-g1_g3,ENSMUSG00000031833,0.7,0.0012150377650966
E-GEOD-5305-g1_g3,ENSMUSG00000031838,0.9,0.0003849263226205
E-GEOD-5305-g1_g3,ENSMUSG00000031875,0.8,0.0009870578530719
E-GEOD-5305-g1_g3,ENSMUSG00000031880,0.5,0.0061302753742062
E-GEOD-5305-g1_g3,ENSMUSG00000031916,-0.3,0.0926495547138449
E-GEOD-5305-g1_g3,ENSMUSG00000031924,0.6,0.0256732847621252
E-GEOD-5305-g1_g3,ENSMUSG00000031934,-0.5,0.0188408588667533
E-GEOD-5305-g1_g3,ENSMUSG00000031948,-0.4,0.0203234006572547
E-GEOD-5305-g1_g3,ENSMUSG00000031957,-0.7,0.0051121969852475
E-GEOD-5305-g1_g3,ENSMUSG00000031960,-0.4,0.0222412749603378
E-GEOD-5305-g1_g3,ENSMUSG00000031962,0.5,0.0221758760904607
E-GEOD-5305-g1_g3,ENSMUSG00000031984,-0.5,0.005499280471639
E-GEOD-5305-g1_g3,ENSMUSG00000031985,-0.5,0.0033586167485375
E-GEOD-5305-g1_g3,ENSMUSG00000031986,-0.5,0.0040983880726431
E-GEOD-5305-g1_g3,ENSMUSG00000031990,0.6,0.0013291277034761
E-GEOD-5305-g1_g3,ENSMUSG00000031993,-0.4,0.0114340860386028
E-GEOD-5305-g1_g3,ENSMUSG00000032009,0.5,0.0034018994604414
E-GEOD-5305-g1_g3,ENSMUSG00000032010,-0.9,0.0017247966844488
E-GEOD-5305-g1_g3,ENSMUSG00000032014,0.6,0.0098536087274579
E-GEOD-5305-g1_g3,ENSMUSG00000032018,0.9,0.000638298860965
E-GEOD-5305-g1_g3,ENSMUSG00000032024,0.5,0.0140737279925787
E-GEOD-5305-g1_g3,ENSMUSG00000032038,0.5,0.0147493851649836
E-GEOD-5305-g1_g3,ENSMUSG00000032058,0.6,0.0031682502168791
E-GEOD-5305-g1_g3,ENSMUSG00000032067,-0.4,0.0241087292971514
E-GEOD-5305-g1_g3,ENSMUSG00000032076,0.8,0.0024488461736256
E-GEOD-5305-g1_g3,ENSMUSG00000032078,-0.4,0.0538549628279629
E-GEOD-5305-g1_g3,ENSMUSG00000032085,-0.3,0.0326503405392776
E-GEOD-5305-g1_g3,ENSMUSG00000032114,-0.4,0.0083093152447147
E-GEOD-5305-g1_g3,ENSMUSG00000032115,0.3,0.0900763001878097
E-GEOD-5305-g1_g3,ENSMUSG00000032118,-0.9,0.0003402592053894
E-GEOD-5305-g1_g3,ENSMUSG00000032180,0.6,0.0045655235582485
E-GEOD-5305-g1_g3,ENSMUSG00000032193,0.7,0.0005739381220063
E-GEOD-5305-g1_g3,ENSMUSG00000032218,1.3,6.35198480754721e-05
E-GEOD-5305-g1_g3,ENSMUSG00000032231,0.8,0.0004135251513264
E-GEOD-5305-g1_g3,ENSMUSG00000032246,-0.5,0.0069337948152537
E-GEOD-5305-g1_g3,ENSMUSG00000032252,-1.0,0.0051038809574073
E-GEOD-5305-g1_g3,ENSMUSG00000032254,0.4,0.0176319078552753
E-GEOD-5305-g1_g3,ENSMUSG00000032271,0.3,0.0920842753081825
E-GEOD-5305-g1_g3,ENSMUSG00000032288,-0.3,0.0915158115711612
E-GEOD-5305-g1_g3,ENSMUSG00000032294,0.4,0.0209005024984077
E-GEOD-5305-g1_g3,ENSMUSG00000032295,-0.4,0.0253475790425963
E-GEOD-5305-g1_g3,ENSMUSG00000032306,-0.8,0.0004880878174959
E-GEOD-5305-g1_g3,ENSMUSG00000032310,-0.4,0.0355545163881855
E-GEOD-5305-g1_g3,ENSMUSG00000032316,0.5,0.0115348557813619
E-GEOD-5305-g1_g3,ENSMUSG00000032322,-1.0,0.0001915591290096
E-GEOD-5305-g1_g3,ENSMUSG00000032324,-0.5,0.015151248910552
E-GEOD-5305-g1_g3,ENSMUSG00000032332,0.6,0.0031357933941806
E-GEOD-5305-g1_g3,ENSMUSG00000032334,0.4,0.0258828077353304
E-GEOD-5305-g1_g3,ENSMUSG00000032348,0.4,0.0160741439471708
E-GEOD-5305-g1_g3,ENSMUSG00000032349,0.7,0.0238537788121499
E-GEOD-5305-g1_g3,ENSMUSG00000032350,-0.3,0.0731947580841511
E-GEOD-5305-g1_g3,ENSMUSG00000032353,0.7,0.001570251045063
E-GEOD-5305-g1_g3,ENSMUSG00000032359,-0.3,0.0895436536050749
E-GEOD-5305-g1_g3,ENSMUSG00000032363,0.4,0.0114570789679933
E-GEOD-5305-g1_g3,ENSMUSG00000032366,-0.5,0.0031900373377457
E-GEOD-5305-g1_g3,ENSMUSG00000032368,0.6,0.0288729642561877
E-GEOD-5305-g1_g3,ENSMUSG00000032383,0.4,0.0156605080161709
E-GEOD-5305-g1_g3,ENSMUSG00000032387,0.5,0.0095331969104011
E-GEOD-5305-g1_g3,ENSMUSG00000032388,0.6,0.0013659524652829
E-GEOD-5305-g1_g3,ENSMUSG00000032397,0.6,0.015808817063052
E-GEOD-5305-g1_g3,ENSMUSG00000032400,0.6,0.0055725651037312
E-GEOD-5305-g1_g3,ENSMUSG00000032405,0.3,0.0649875974939057
E-GEOD-5305-g1_g3,ENSMUSG00000032412,-0.3,0.052039149526652
E-GEOD-5305-g1_g3,ENSMUSG00000032413,0.4,0.0281862114788601
E-GEOD-5305-g1_g3,ENSMUSG00000032418,0.8,0.0011028518518801
E-GEOD-5305-g1_g3,ENSMUSG00000032419,0.3,0.0643675220771197
E-GEOD-5305-g1_g3,ENSMUSG00000032422,-0.3,0.0988997236134095
E-GEOD-5305-g1_g3,ENSMUSG00000032431,0.9,0.0004136896899179
E-GEOD-5305-g1_g3,ENSMUSG00000032435,0.6,0.0428276359950703
E-GEOD-5305-g1_g3,ENSMUSG00000032436,0.4,0.0634463295038069
E-GEOD-5305-g1_g3,ENSMUSG00000032478,-0.3,0.0278344802375821
E-GEOD-5305-g1_g3,ENSMUSG00000032487,-0.4,0.0297019505251609
E-GEOD-5305-g1_g3,ENSMUSG00000032526,-0.6,0.0712580742086564
E-GEOD-5305-g1_g3,ENSMUSG00000032527,-0.6,0.0017115569583568
E-GEOD-5305-g1_g3,ENSMUSG00000032531,-0.5,0.0074450331836731
E-GEOD-5305-g1_g3,ENSMUSG00000032536,0.3,0.0391342278393671
E-GEOD-5305-g1_g3,ENSMUSG00000032555,0.7,0.0235776735143154
E-GEOD-5305-g1_g3,ENSMUSG00000032562,0.7,0.0058103489729714
E-GEOD-5305-g1_g3,ENSMUSG00000032575,0.5,0.0296707232610861
E-GEOD-5305-g1_g3,ENSMUSG00000032579,-0.3,0.0451715971833651
E-GEOD-5305-g1_g3,ENSMUSG00000032621,0.4,0.0351477971454102
E-GEOD-5305-g1_g3,ENSMUSG00000032648,-2.1,2.18398641465783e-05
E-GEOD-5305-g1_g3,ENSMUSG00000032657,0.7,0.0016385181697296
E-GEOD-5305-g1_g3,ENSMUSG00000032715,-1.6,4.36817574359282e-05
E-GEOD-5305-g1_g3,ENSMUSG00000032744,0.6,0.005578955350874
E-GEOD-5305-g1_g3,ENSMUSG00000032816,0.4,0.0591513350307632
E-GEOD-5305-g1_g3,ENSMUSG00000032845,-0.4,0.0274283004009015
E-GEOD-5305-g1_g3,ENSMUSG00000032902,-0.6,0.0444558358112232
E-GEOD-5305-g1_g3,ENSMUSG00000032939,0.6,0.0026074200555647
E-GEOD-5305-g1_g3,ENSMUSG00000033020,-0.5,0.0060134536648656
E-GEOD-5305-g1_g3,ENSMUSG00000033031,0.3,0.0799143205634978
E-GEOD-5305-g1_g3,ENSMUSG00000033059,0.7,0.0019719594166924
E-GEOD-5305-g1_g3,ENSMUSG00000033065,-0.7,0.0006694699715006
E-GEOD-5305-g1_g3,ENSMUSG00000033088,0.5,0.0232457834462408
E-GEOD-5305-g1_g3,ENSMUSG00000033105,1.0,0.0002748657703777
E-GEOD-5305-g1_g3,ENSMUSG00000033159,-0.5,0.0044026491833258
E-GEOD-5305-g1_g3,ENSMUSG00000033174,0.4,0.0348137557887679
E-GEOD-5305-g1_g3,ENSMUSG00000033249,-0.4,0.0800949852475803
E-GEOD-5305-g1_g3,ENSMUSG00000033287,0.7,0.0147422705689422
E-GEOD-5305-g1_g3,ENSMUSG00000033294,-0.4,0.0231565902591794
E-GEOD-5305-g1_g3,ENSMUSG00000033295,-0.4,0.0257289895214184
E-GEOD-5305-g1_g3,ENSMUSG00000033306,0.4,0.0257582421147329
E-GEOD-5305-g1_g3,ENSMUSG00000033335,-0.5,0.0109339445317709
E-GEOD-5305-g1_g3,ENSMUSG00000033350,0.6,0.0074450331836731
E-GEOD-5305-g1_g3,ENSMUSG00000033379,-0.3,0.0428130607148918
E-GEOD-5305-g1_g3,ENSMUSG00000033420,0.7,0.0032329665323406
E-GEOD-5305-g1_g3,ENSMUSG00000033436,0.9,0.0006955462586612
E-GEOD-5305-g1_g3,ENSMUSG00000033530,-0.4,0.0160741439471708
E-GEOD-5305-g1_g3,ENSMUSG00000033554,-0.8,0.0017057000108027
E-GEOD-5305-g1_g3,ENSMUSG00000033628,-0.4,0.0112847875303549
E-GEOD-5305-g1_g3,ENSMUSG00000033629,0.3,0.0811480007258295
E-GEOD-5305-g1_g3,ENSMUSG00000033732,0.3,0.0472594747442858
E-GEOD-5305-g1_g3,ENSMUSG00000033773,-0.4,0.0399201600898401
E-GEOD-5305-g1_g3,ENSMUSG00000033788,-0.6,0.0028985344334387
E-GEOD-5305-g1_g3,ENSMUSG00000033793,-0.3,0.0980324779755156
E-GEOD-5305-g1_g3,ENSMUSG00000033880,0.4,0.0295998380091027
E-GEOD-5305-g1_g3,ENSMUSG00000033916,-0.4,0.0102571275089889
E-GEOD-5305-g1_g3,ENSMUSG00000033952,1.1,0.0016627953373773
E-GEOD-5305-g1_g3,ENSMUSG00000033970,0.5,0.0643472374331101
E-GEOD-5305-g1_g3,ENSMUSG00000034055,-0.4,0.0140737279925787
E-GEOD-5305-g1_g3,ENSMUSG00000034064,-0.3,0.034928319071211
E-GEOD-5305-g1_g3,ENSMUSG00000034109,0.4,0.0855678744480901
E-GEOD-5305-g1_g3,ENSMUSG00000034118,0.5,0.0058701333934347
E-GEOD-5305-g1_g3,ENSMUSG00000034120,0.3,0.0976721370772221
E-GEOD-5305-g1_g3,ENSMUSG00000034245,0.3,0.0595563227841679
E-GEOD-5305-g1_g3,ENSMUSG00000034271,0.6,0.0097032624256287
E-GEOD-5305-g1_g3,ENSMUSG00000034285,0.3,0.0511518387642535
E-GEOD-5305-g1_g3,ENSMUSG00000034295,0.5,0.0197774635898986
E-GEOD-5305-g1_g3,ENSMUSG00000034311,0.4,0.0202468179481916
E-GEOD-5305-g1_g3,ENSMUSG00000034312,0.5,0.0031722220541104
E-GEOD-5305-g1_g3,ENSMUSG00000034317,0.9,0.0830653553058425
E-GEOD-5305-g1_g3,ENSMUSG00000034321,-0.6,0.0027304258601482
E-GEOD-5305-g1_g3,ENSMUSG00000034327,-0.9,0.0145654832897911
E-GEOD-5305-g1_g3,ENSMUSG00000034460,0.3,0.0813356052461773
E-GEOD-5305-g1_g3,ENSMUSG00000034462,0.6,0.0126904172264123
E-GEOD-5305-g1_g3,ENSMUSG00000034463,1.1,0.0001046371080775
E-GEOD-5305-g1_g3,ENSMUSG00000034520,0.5,0.0056685998035788
E-GEOD-5305-g1_g3,ENSMUSG00000034522,0.6,0.0232005747148476
E-GEOD-5305-g1_g3,ENSMUSG00000034595,0.4,0.0169219933596183
E-GEOD-5305-g1_g3,ENSMUSG00000034617,-0.4,0.0123917246307745
E-GEOD-5305-g1_g3,ENSMUSG00000034673,0.5,0.0076570638781425
E-GEOD-5305-g1_g3,ENSMUSG00000034675,0.6,0.0056685998035788
E-GEOD-5305-g1_g3,ENSMUSG00000034708,0.4,0.0086056910828016
E-GEOD-5305-g1_g3,ENSMUSG00000034714,0.4,0.0396913643159358
E-GEOD-5305-g1_g3,ENSMUSG00000034771,0.5,0.0161208775319108
E-GEOD-5305-g1_g3,ENSMUSG00000034781,0.3,0.0596424843693483
E-GEOD-5305-g1_g3,ENSMUSG00000034793,-0.3,0.0911387119785035
E-GEOD-5305-g1_g3,ENSMUSG00000034875,0.3,0.0786541415329723
E-GEOD-5305-g1_g3,ENSMUSG00000034883,0.5,0.0153893573852013
E-GEOD-5305-g1_g3,ENSMUSG00000034902,0.4,0.038237794980869
E-GEOD-5305-g1_g3,ENSMUSG00000034906,0.6,0.0123917246307745
E-GEOD-5305-g1_g3,ENSMUSG00000034926,1.3,0.0001815220371316
E-GEOD-5305-g1_g3,ENSMUSG00000034930,0.3,0.0591230104436851
E-GEOD-5305-g1_g3,ENSMUSG00000034974,-0.5,0.0178482350353969
E-GEOD-5305-g1_g3,ENSMUSG00000034981,1.1,0.0001046371080775
E-GEOD-5305-g1_g3,ENSMUSG00000034993,0.5,0.0511518387642535
E-GEOD-5305-g1_g3,ENSMUSG00000035047,-0.3,0.0273015134310941
E-GEOD-5305-g1_g3,ENSMUSG00000035049,-1.2,0.0001560039248088
E-GEOD-5305-g1_g3,ENSMUSG00000035105,-1.3,3.32403547508465e-05
E-GEOD-5305-g1_g3,ENSMUSG00000035168,0.6,0.0140737279925787
E-GEOD-5305-g1_g3,ENSMUSG00000035232,0.4,0.0298965458589375
E-GEOD-5305-g1_g3,ENSMUSG00000035274,0.9,0.0013209720380233
E-GEOD-5305-g1_g3,ENSMUSG00000035296,-0.4,0.0239951534389763
E-GEOD-5305-g1_g3,ENSMUSG00000035351,0.6,0.0054098957195396
E-GEOD-5305-g1_g3,ENSMUSG00000035357,0.5,0.0143744701776057
E-GEOD-5305-g1_g3,ENSMUSG00000035413,0.7,0.0014869702852229
E-GEOD-5305-g1_g3,ENSMUSG00000035443,-0.5,0.0201416671481562
E-GEOD-5305-g1_g3,ENSMUSG00000035455,1.1,0.0004360030646458
E-GEOD-5305-g1_g3,ENSMUSG00000035504,-1.4,9.55829481701274e-05
E-GEOD-5305-g1_g3,ENSMUSG00000035517,0.5,0.0365950941435455
E-GEOD-5305-g1_g3,ENSMUSG00000035547,0.4,0.0361297437818212
E-GEOD-5305-g1_g3,ENSMUSG00000035621,0.5,0.011693930505126
E-GEOD-5305-g1_g3,ENSMUSG00000035642,-0.4,0.0429219595008947
E-GEOD-5305-g1_g3,ENSMUSG00000035683,0.9,0.000744371104117
E-GEOD-5305-g1_g3,ENSMUSG00000035722,0.4,0.0833700514368143
E-GEOD-5305-g1_g3,ENSMUSG00000035725,0.3,0.0993456263070687
E-GEOD-5305-g1_g3,ENSMUSG00000035726,0.7,0.016253422050968
E-GEOD-5305-g1_g3,ENSMUSG00000035778,0.4,0.0600051399346511
E-GEOD-5305-g1_g3,ENSMUSG00000035890,0.4,0.0140737279925787
E-GEOD-5305-g1_g3,ENSMUSG00000035914,0.5,0.0084960034043563
E-GEOD-5305-g1_g3,ENSMUSG00000035958,0.4,0.0434648684475917
E-GEOD-5305-g1_g3,ENSMUSG00000035960,0.4,0.0146363440018286
E-GEOD-5305-g1_g3,ENSMUSG00000036002,-0.3,0.0793020277928667
E-GEOD-5305-g1_g3,ENSMUSG00000036078,0.3,0.0292343624989862
E-GEOD-5305-g1_g3,ENSMUSG00000036097,0.6,0.0501604896697558
E-GEOD-5305-g1_g3,ENSMUSG00000036158,0.4,0.0122610496666643
E-GEOD-5305-g1_g3,ENSMUSG00000036181,-1.9,1.78286398591845e-05
E-GEOD-5305-g1_g3,ENSMUSG00000036186,0.4,0.0285702359774664
E-GEOD-5305-g1_g3,ENSMUSG00000036214,-0.3,0.079226837269708
E-GEOD-5305-g1_g3,ENSMUSG00000036241,0.4,0.0140475116202208
E-GEOD-5305-g1_g3,ENSMUSG00000036256,0.8,0.0095454738125406
E-GEOD-5305-g1_g3,ENSMUSG00000036257,-0.9,0.0898081870980782
E-GEOD-5305-g1_g3,ENSMUSG00000036275,0.3,0.0681519604677895
E-GEOD-5305-g1_g3,ENSMUSG00000036278,-0.7,0.0017458728035167
E-GEOD-5305-g1_g3,ENSMUSG00000036352,-0.4,0.0237091050169954
E-GEOD-5305-g1_g3,ENSMUSG00000036356,0.5,0.0081916479108248
E-GEOD-5305-g1_g3,ENSMUSG00000036390,-2.0,0.0001239889156984
E-GEOD-5305-g1_g3,ENSMUSG00000036523,-0.4,0.0512592467988309
E-GEOD-5305-g1_g3,ENSMUSG00000036564,0.8,0.0007590425186128
E-GEOD-5305-g1_g3,ENSMUSG00000036570,-0.4,0.0280673131314997
E-GEOD-5305-g1_g3,ENSMUSG00000036572,0.7,0.0320890803537364
E-GEOD-5305-g1_g3,ENSMUSG00000036580,-0.8,0.0010834259702332
E-GEOD-5305-g1_g3,ENSMUSG00000036591,0.4,0.0635877444462285
E-GEOD-5305-g1_g3,ENSMUSG00000036599,0.4,0.0149257986349263
E-GEOD-5305-g1_g3,ENSMUSG00000036606,0.4,0.0096095716146646
E-GEOD-5305-g1_g3,ENSMUSG00000036672,0.5,0.0049467305516951
E-GEOD-5305-g1_g3,ENSMUSG00000036678,0.8,0.0032338052853578
E-GEOD-5305-g1_g3,ENSMUSG00000036777,1.3,0.0004451107259835
E-GEOD-5305-g1_g3,ENSMUSG00000036782,0.7,0.050783570369423
E-GEOD-5305-g1_g3,ENSMUSG00000036856,-0.4,0.0494255570485423
E-GEOD-5305-g1_g3,ENSMUSG00000036880,-0.7,0.0010364902151577
E-GEOD-5305-g1_g3,ENSMUSG00000036904,0.3,0.077803588932944
E-GEOD-5305-g1_g3,ENSMUSG00000036940,0.3,0.0983135535256349
E-GEOD-5305-g1_g3,ENSMUSG00000036943,0.8,0.0078054808570043
E-GEOD-5305-g1_g3,ENSMUSG00000036986,0.7,0.0020751091072099
E-GEOD-5305-g1_g3,ENSMUSG00000036989,0.4,0.0287099970285715
E-GEOD-5305-g1_g3,ENSMUSG00000036992,0.4,0.013898053666755
E-GEOD-5305-g1_g3,ENSMUSG00000037012,0.9,0.0002234267361764
E-GEOD-5305-g1_g3,ENSMUSG00000037022,-0.6,0.0117852824051333
E-GEOD-5305-g1_g3,ENSMUSG00000037032,0.4,0.0675871131094504
E-GEOD-5305-g1_g3,ENSMUSG00000037060,0.7,0.0012150377650966
E-GEOD-5305-g1_g3,ENSMUSG00000037071,0.8,0.0011857063401696
E-GEOD-5305-g1_g3,ENSMUSG00000037089,0.3,0.0809993296905282
E-GEOD-5305-g1_g3,ENSMUSG00000037174,0.3,0.0313216297906859
E-GEOD-5305-g1_g3,ENSMUSG00000037185,-1.1,0.0005989300207863
E-GEOD-5305-g1_g3,ENSMUSG00000037190,0.4,0.0483911536239375
E-GEOD-5305-g1_g3,ENSMUSG00000037206,0.9,0.0002229059442475
E-GEOD-5305-g1_g3,ENSMUSG00000037235,0.7,0.01660131359963
E-GEOD-5305-g1_g3,ENSMUSG00000037242,-0.4,0.0196443507548921
E-GEOD-5305-g1_g3,ENSMUSG00000037257,-0.7,0.0011709029687421
E-GEOD-5305-g1_g3,ENSMUSG00000037266,-0.3,0.078731027319353
E-GEOD-5305-g1_g3,ENSMUSG00000037280,-0.9,0.0002777021769519
E-GEOD-5305-g1_g3,ENSMUSG00000037313,0.9,0.0002229059442475
E-GEOD-5305-g1_g3,ENSMUSG00000037347,0.8,0.001530642985863
E-GEOD-5305-g1_g3,ENSMUSG00000037362,0.8,0.0034930681385192
E-GEOD-5305-g1_g3,ENSMUSG00000037370,0.8,0.001118370178376
E-GEOD-5305-g1_g3,ENSMUSG00000037379,0.5,0.0096829287925894
E-GEOD-5305-g1_g3,ENSMUSG00000037419,0.4,0.0235776735143154
E-GEOD-5305-g1_g3,ENSMUSG00000037447,-0.5,0.0083275936030724
E-GEOD-5305-g1_g3,ENSMUSG00000037474,0.8,0.0037386045118395
E-GEOD-5305-g1_g3,ENSMUSG00000037493,0.6,0.007626696743091
E-GEOD-5305-g1_g3,ENSMUSG00000037523,0.3,0.0346961117495656
E-GEOD-5305-g1_g3,ENSMUSG00000037544,0.7,0.0022696168257363
E-GEOD-5305-g1_g3,ENSMUSG00000037568,1.0,0.0002152059782365
E-GEOD-5305-g1_g3,ENSMUSG00000037572,0.4,0.04495166073104
E-GEOD-5305-g1_g3,ENSMUSG00000037580,-0.7,0.0021886944722218
E-GEOD-5305-g1_g3,ENSMUSG00000037613,-0.4,0.0172850064990997
E-GEOD-5305-g1_g3,ENSMUSG00000037622,-0.4,0.0897464617534194
E-GEOD-5305-g1_g3,ENSMUSG00000037624,-0.3,0.0346961117495656
E-GEOD-5305-g1_g3,ENSMUSG00000037643,0.4,0.0304296231471952
E-GEOD-5305-g1_g3,ENSMUSG00000037649,0.4,0.0486956612350498
E-GEOD-5305-g1_g3,ENSMUSG00000037656,-0.7,0.0035601971503413
E-GEOD-5305-g1_g3,ENSMUSG00000037664,-0.3,0.0461595850036821
E-GEOD-5305-g1_g3,ENSMUSG00000037725,0.9,0.0003217101716582
E-GEOD-5305-g1_g3,ENSMUSG00000037736,-0.3,0.0455823733822515
E-GEOD-5305-g1_g3,ENSMUSG00000037740,-0.5,0.0062919624673772
E-GEOD-5305-g1_g3,ENSMUSG00000037788,0.4,0.0153242745286208
E-GEOD-5305-g1_g3,ENSMUSG00000037851,-0.6,0.0084272291398737
E-GEOD-5305-g1_g3,ENSMUSG00000037852,0.6,0.0532505410112528
E-GEOD-5305-g1_g3,ENSMUSG00000037887,-0.8,0.0058202772989202
E-GEOD-5305-g1_g3,ENSMUSG00000037916,-0.6,0.0048527297477639
E-GEOD-5305-g1_g3,ENSMUSG00000037936,0.5,0.0114918088611051
E-GEOD-5305-g1_g3,ENSMUSG00000037966,-0.4,0.0218256590277894
E-GEOD-5305-g1_g3,ENSMUSG00000037992,0.5,0.0576502280921102
E-GEOD-5305-g1_g3,ENSMUSG00000038000,0.4,0.0820961640339532
E-GEOD-5305-g1_g3,ENSMUSG00000038055,-0.5,0.0090292576295191
E-GEOD-5305-g1_g3,ENSMUSG00000038086,-0.4,0.0416606958618493
E-GEOD-5305-g1_g3,ENSMUSG00000038146,0.8,0.001195976817396
E-GEOD-5305-g1_g3,ENSMUSG00000038170,-0.3,0.0346961117495656
E-GEOD-5305-g1_g3,ENSMUSG00000038175,0.4,0.0107347609891784
E-GEOD-5305-g1_g3,ENSMUSG00000038204,-0.3,0.0855678744480901
E-GEOD-5305-g1_g3,ENSMUSG00000038235,-0.8,0.0009350808105169
E-GEOD-5305-g1_g3,ENSMUSG00000038239,-0.8,0.0020861050717056
E-GEOD-5305-g1_g3,ENSMUSG00000038252,1.0,0.0006030766800319
E-GEOD-5305-g1_g3,ENSMUSG00000038259,-0.3,0.0332110855559263
E-GEOD-5305-g1_g3,ENSMUSG00000038267,-0.5,0.0074875725023395
E-GEOD-5305-g1_g3,ENSMUSG00000038286,-0.5,0.0042554753417325
E-GEOD-5305-g1_g3,ENSMUSG00000038312,0.4,0.0391342278393671
E-GEOD-5305-g1_g3,ENSMUSG00000038332,0.6,0.0033586167485375
E-GEOD-5305-g1_g3,ENSMUSG00000038335,-0.4,0.0353174192904373
E-GEOD-5305-g1_g3,ENSMUSG00000038379,0.5,0.0671797874832923
E-GEOD-5305-g1_g3,ENSMUSG00000038388,-0.6,0.0624155685530211
E-GEOD-5305-g1_g3,ENSMUSG00000038393,-0.3,0.0495712535464778
E-GEOD-5305-g1_g3,ENSMUSG00000038418,0.8,0.0019580342207943
E-GEOD-5305-g1_g3,ENSMUSG00000038451,-0.7,0.0013132940783971
E-GEOD-5305-g1_g3,ENSMUSG00000038463,1.3,5.61089545453635e-05
E-GEOD-5305-g1_g3,ENSMUSG00000038467,-0.6,0.0047095047953304
E-GEOD-5305-g1_g3,ENSMUSG00000038507,0.8,0.0006857537881462
E-GEOD-5305-g1_g3,ENSMUSG00000038508,-1.8,2.18398641465783e-05
E-GEOD-5305-g1_g3,ENSMUSG00000038510,-0.6,0.0264508373417666
E-GEOD-5305-g1_g3,ENSMUSG00000038525,0.4,0.0493214525934492
E-GEOD-5305-g1_g3,ENSMUSG00000038539,-0.9,0.0074538886671863
E-GEOD-5305-g1_g3,ENSMUSG00000038545,0.4,0.0221091984411215
E-GEOD-5305-g1_g3,ENSMUSG00000038552,0.4,0.011937035532341
E-GEOD-5305-g1_g3,ENSMUSG00000038615,-0.5,0.0104285983209234
E-GEOD-5305-g1_g3,ENSMUSG00000038618,-0.6,0.0017285308425986
E-GEOD-5305-g1_g3,ENSMUSG00000038623,-1.4,0.0060281730789249
E-GEOD-5305-g1_g3,ENSMUSG00000038628,0.5,0.0739169664330735
E-GEOD-5305-g1_g3,ENSMUSG00000038644,0.5,0.0085378695193652
E-GEOD-5305-g1_g3,ENSMUSG00000038648,0.3,0.0313784540003979
E-GEOD-5305-g1_g3,ENSMUSG00000038668,-0.5,0.0370940415307679
E-GEOD-5305-g1_g3,ENSMUSG00000038683,-0.5,0.0077536153641757
E-GEOD-5305-g1_g3,ENSMUSG00000038712,-0.4,0.0239842636897525
E-GEOD-5305-g1_g3,ENSMUSG00000038718,0.3,0.0447218954659578
E-GEOD-5305-g1_g3,ENSMUSG00000038742,-0.7,0.0017285308425986
E-GEOD-5305-g1_g3,ENSMUSG00000038763,-0.9,0.0013849780750017
E-GEOD-5305-g1_g3,ENSMUSG00000038776,1.1,0.0004267903679507
E-GEOD-5305-g1_g3,ENSMUSG00000038803,0.5,0.0169042497319623
E-GEOD-5305-g1_g3,ENSMUSG00000038855,0.3,0.0699300593834162
E-GEOD-5305-g1_g3,ENSMUSG00000038859,-0.7,0.0015603203427086
E-GEOD-5305-g1_g3,ENSMUSG00000038872,0.4,0.0173938318101419
E-GEOD-5305-g1_g3,ENSMUSG00000038893,0.7,0.0091369032954221
E-GEOD-5305-g1_g3,ENSMUSG00000038910,-0.4,0.0347366325668401
E-GEOD-5305-g1_g3,ENSMUSG00000038943,0.8,0.0006234861278979
E-GEOD-5305-g1_g3,ENSMUSG00000038967,-0.4,0.0324280687413462
E-GEOD-5305-g1_g3,ENSMUSG00000038991,0.7,0.0009637055768881
E-GEOD-5305-g1_g3,ENSMUSG00000039007,0.7,0.0015990523091749
E-GEOD-5305-g1_g3,ENSMUSG00000039018,-0.7,0.0027536201074679
E-GEOD-5305-g1_g3,ENSMUSG00000039050,-0.5,0.0067373123616894
E-GEOD-5305-g1_g3,ENSMUSG00000039055,0.4,0.0312441472134832
E-GEOD-5305-g1_g3,ENSMUSG00000039062,0.7,0.0119985581139819
E-GEOD-5305-g1_g3,ENSMUSG00000039157,0.3,0.0308708691151892
E-GEOD-5305-g1_g3,ENSMUSG00000039197,0.5,0.0890352991228383
E-GEOD-5305-g1_g3,ENSMUSG00000039208,0.5,0.0117629726939255
E-GEOD-5305-g1_g3,ENSMUSG00000039230,-0.3,0.057655323157905
E-GEOD-5305-g1_g3,ENSMUSG00000039263,-0.3,0.0756485137122918
E-GEOD-5305-g1_g3,ENSMUSG00000039275,0.4,0.0336924711650609
E-GEOD-5305-g1_g3,ENSMUSG00000039318,-0.3,0.0778032999738004
E-GEOD-5305-g1_g3,ENSMUSG00000039323,1.2,0.0001476678387077
E-GEOD-5305-g1_g3,ENSMUSG00000039345,-0.8,0.0007167432374479
E-GEOD-5305-g1_g3,ENSMUSG00000039382,-0.7,0.0007520181140277
E-GEOD-5305-g1_g3,ENSMUSG00000039427,-0.4,0.0309999198809655
E-GEOD-5305-g1_g3,ENSMUSG00000039450,0.7,0.002941184440381
E-GEOD-5305-g1_g3,ENSMUSG00000039470,0.5,0.0081189793267537
E-GEOD-5305-g1_g3,ENSMUSG00000039474,-0.3,0.0991698331968163
E-GEOD-5305-g1_g3,ENSMUSG00000039476,1.0,0.0002846570360685
E-GEOD-5305-g1_g3,ENSMUSG00000039509,0.5,0.0169219933596183
E-GEOD-5305-g1_g3,ENSMUSG00000039518,-2.2,3.32403547508465e-05
E-GEOD-5305-g1_g3,ENSMUSG00000039530,0.7,0.0051038809574073
E-GEOD-5305-g1_g3,ENSMUSG00000039601,0.5,0.0346165703199982
E-GEOD-5305-g1_g3,ENSMUSG00000039611,0.4,0.0428130607148918
E-GEOD-5305-g1_g3,ENSMUSG00000039639,-0.4,0.0607792207500265
E-GEOD-5305-g1_g3,ENSMUSG00000039646,0.4,0.0235776735143154
E-GEOD-5305-g1_g3,ENSMUSG00000039671,0.3,0.0635877444462285
E-GEOD-5305-g1_g3,ENSMUSG00000039680,0.4,0.0195267578568645
E-GEOD-5305-g1_g3,ENSMUSG00000039737,-0.3,0.0639357943666531
E-GEOD-5305-g1_g3,ENSMUSG00000039745,-0.3,0.0464598088794316
E-GEOD-5305-g1_g3,ENSMUSG00000039748,0.4,0.018784681131689
E-GEOD-5305-g1_g3,ENSMUSG00000039782,-0.8,0.0173938318101419
E-GEOD-5305-g1_g3,ENSMUSG00000039835,1.0,0.001257138838185
E-GEOD-5305-g1_g3,ENSMUSG00000039891,-0.6,0.0059184835094148
E-GEOD-5305-g1_g3,ENSMUSG00000039910,-1.0,0.0003689041761356
E-GEOD-5305-g1_g3,ENSMUSG00000039914,-0.9,0.0003092233773329
E-GEOD-5305-g1_g3,ENSMUSG00000039953,0.5,0.0086954204640892
E-GEOD-5305-g1_g3,ENSMUSG00000039994,0.4,0.0160943756624806
E-GEOD-5305-g1_g3,ENSMUSG00000040006,-0.3,0.0809900555826797
E-GEOD-5305-g1_g3,ENSMUSG00000040010,-0.7,0.0011857063401696
E-GEOD-5305-g1_g3,ENSMUSG00000040084,1.0,0.0004475237174871
E-GEOD-5305-g1_g3,ENSMUSG00000040102,0.4,0.0269139340228297
E-GEOD-5305-g1_g3,ENSMUSG00000040118,-0.4,0.0347822302370484
E-GEOD-5305-g1_g3,ENSMUSG00000040152,-0.3,0.0928497724825512
E-GEOD-5305-g1_g3,ENSMUSG00000040212,1.0,0.0002702012676857
E-GEOD-5305-g1_g3,ENSMUSG00000040213,-0.3,0.0533627739643729
E-GEOD-5305-g1_g3,ENSMUSG00000040234,0.3,0.0869967909070356
E-GEOD-5305-g1_g3,ENSMUSG00000040249,0.5,0.0150181364897449
E-GEOD-5305-g1_g3,ENSMUSG00000040289,0.8,0.0013209720380233
E-GEOD-5305-g1_g3,ENSMUSG00000040435,-1.8,1.20209621542382e-05
E-GEOD-5305-g1_g3,ENSMUSG00000040511,-0.4,0.0107878068672532
E-GEOD-5305-g1_g3,ENSMUSG00000040548,-0.4,0.0153755121458954
E-GEOD-5305-g1_g3,ENSMUSG00000040549,0.4,0.0280501320576451
E-GEOD-5305-g1_g3,ENSMUSG00000040605,0.5,0.0086954204640892
E-GEOD-5305-g1_g3,ENSMUSG00000040618,-0.7,0.0028771263549259
E-GEOD-5305-g1_g3,ENSMUSG00000040659,0.5,0.0193882295305538
E-GEOD-5305-g1_g3,ENSMUSG00000040694,0.3,0.0567650411237985
E-GEOD-5305-g1_g3,ENSMUSG00000040699,0.6,0.0034139178847311
E-GEOD-5305-g1_g3,ENSMUSG00000040720,0.4,0.0346961117495656
E-GEOD-5305-g1_g3,ENSMUSG00000040848,-0.9,0.0005808072758931
E-GEOD-5305-g1_g3,ENSMUSG00000040928,0.6,0.0068387280892221
E-GEOD-5305-g1_g3,ENSMUSG00000040957,0.4,0.0673460065869798
E-GEOD-5305-g1_g3,ENSMUSG00000040990,0.7,0.0007174708088132
E-GEOD-5305-g1_g3,ENSMUSG00000040998,-1.0,0.0021544303436241
E-GEOD-5305-g1_g3,ENSMUSG00000041028,-0.9,0.0003296243947058
E-GEOD-5305-g1_g3,ENSMUSG00000041057,-0.4,0.0287960237343447
E-GEOD-5305-g1_g3,ENSMUSG00000041126,0.3,0.0331659527062069
E-GEOD-5305-g1_g3,ENSMUSG00000041153,-1.2,0.005366336992684
E-GEOD-5305-g1_g3,ENSMUSG00000041168,-1.1,0.0001503011042263
E-GEOD-5305-g1_g3,ENSMUSG00000041220,1.1,0.0007528654565713
E-GEOD-5305-g1_g3,ENSMUSG00000041238,0.4,0.0502971008354113
E-GEOD-5305-g1_g3,ENSMUSG00000041354,0.4,0.0201977642012363
E-GEOD-5305-g1_g3,ENSMUSG00000041360,-0.4,0.0627617761406331
E-GEOD-5305-g1_g3,ENSMUSG00000041361,0.5,0.0968753235619527
E-GEOD-5305-g1_g3,ENSMUSG00000041431,1.3,6.46109803945517e-05
E-GEOD-5305-g1_g3,ENSMUSG00000041476,-0.7,0.0031689103260476
E-GEOD-5305-g1_g3,ENSMUSG00000041528,-0.5,0.0200995721355227
E-GEOD-5305-g1_g3,ENSMUSG00000041559,0.7,0.0007678061684048
E-GEOD-5305-g1_g3,ENSMUSG00000041577,0.8,0.0021780057763138
E-GEOD-5305-g1_g3,ENSMUSG00000041688,0.7,0.016253422050968
E-GEOD-5305-g1_g3,ENSMUSG00000041696,-0.4,0.0162155242702071
E-GEOD-5305-g1_g3,ENSMUSG00000041720,0.4,0.0211418804036397
E-GEOD-5305-g1_g3,ENSMUSG00000041729,0.4,0.0392446009977723
E-GEOD-5305-g1_g3,ENSMUSG00000041773,-0.4,0.0177609852056436
E-GEOD-5305-g1_g3,ENSMUSG00000041837,-0.4,0.0396598017960349
E-GEOD-5305-g1_g3,ENSMUSG00000041845,0.5,0.0140737279925787
E-GEOD-5305-g1_g3,ENSMUSG00000041852,0.4,0.0297613508727949
E-GEOD-5305-g1_g3,ENSMUSG00000041859,0.4,0.0149535109685093
E-GEOD-5305-g1_g3,ENSMUSG00000041891,0.4,0.0623722966060207
E-GEOD-5305-g1_g3,ENSMUSG00000041895,0.5,0.0060617588618381
E-GEOD-5305-g1_g3,ENSMUSG00000041920,-0.7,0.0009632516909816
E-GEOD-5305-g1_g3,ENSMUSG00000041939,0.6,0.0033128435210981
E-GEOD-5305-g1_g3,ENSMUSG00000041957,-0.7,0.0026706463863688
E-GEOD-5305-g1_g3,ENSMUSG00000041959,1.2,0.0001166521104464
E-GEOD-5305-g1_g3,ENSMUSG00000041974,0.5,0.005564927277702
E-GEOD-5305-g1_g3,ENSMUSG00000042010,-0.4,0.0221037461455259
E-GEOD-5305-g1_g3,ENSMUSG00000042109,0.4,0.0148349247279685
E-GEOD-5305-g1_g3,ENSMUSG00000042292,0.6,0.0188697496752448
E-GEOD-5305-g1_g3,ENSMUSG00000042302,0.5,0.0348137557887679
E-GEOD-5305-g1_g3,ENSMUSG00000042312,0.7,0.0009981711696494
E-GEOD-5305-g1_g3,ENSMUSG00000042331,0.7,0.0009407304426367
E-GEOD-5305-g1_g3,ENSMUSG00000042406,-0.5,0.0060881150458421
E-GEOD-5305-g1_g3,ENSMUSG00000042419,-0.3,0.0886126630345545
E-GEOD-5305-g1_g3,ENSMUSG00000042436,-0.4,0.0321858149951452
E-GEOD-5305-g1_g3,ENSMUSG00000042451,-0.6,0.0045530629598671
E-GEOD-5305-g1_g3,ENSMUSG00000042485,-1.0,0.0002223019466121
E-GEOD-5305-g1_g3,ENSMUSG00000042557,0.3,0.0453148161655331
E-GEOD-5305-g1_g3,ENSMUSG00000042613,-0.7,0.0009637055768881
E-GEOD-5305-g1_g3,ENSMUSG00000042632,-0.6,0.0027062317531212
E-GEOD-5305-g1_g3,ENSMUSG00000042642,-0.5,0.0066012935361107
E-GEOD-5305-g1_g3,ENSMUSG00000042644,0.3,0.0876219078347198
E-GEOD-5305-g1_g3,ENSMUSG00000042675,-0.7,0.005564927277702
E-GEOD-5305-g1_g3,ENSMUSG00000042712,0.4,0.0988150692200879
E-GEOD-5305-g1_g3,ENSMUSG00000042729,-0.8,0.000869663200091
E-GEOD-5305-g1_g3,ENSMUSG00000042770,-0.7,0.0011177439353802
E-GEOD-5305-g1_g3,ENSMUSG00000042834,0.5,0.0044495906791996
E-GEOD-5305-g1_g3,ENSMUSG00000042901,0.3,0.0457627011345596
E-GEOD-5305-g1_g3,ENSMUSG00000043004,0.5,0.0064758337918271
E-GEOD-5305-g1_g3,ENSMUSG00000043079,0.7,0.0009632516909816
E-GEOD-5305-g1_g3,ENSMUSG00000043259,-0.8,0.0699331909936231
E-GEOD-5305-g1_g3,ENSMUSG00000043262,0.4,0.0450486418415131
E-GEOD-5305-g1_g3,ENSMUSG00000043300,0.8,0.0177609852056436
E-GEOD-5305-g1_g3,ENSMUSG00000043342,-0.3,0.0519978988029662
E-GEOD-5305-g1_g3,ENSMUSG00000043391,0.5,0.0106659158902748
E-GEOD-5305-g1_g3,ENSMUSG00000043445,0.4,0.0129691417060556
E-GEOD-5305-g1_g3,ENSMUSG00000043683,-0.6,0.003502159687619
E-GEOD-5305-g1_g3,ENSMUSG00000043822,-0.3,0.0752682777393458
E-GEOD-5305-g1_g3,ENSMUSG00000043924,-0.3,0.0583415155563425
E-GEOD-5305-g1_g3,ENSMUSG00000043943,0.4,0.0692271068215684
E-GEOD-5305-g1_g3,ENSMUSG00000043962,0.4,0.0759227444544217
E-GEOD-5305-g1_g3,ENSMUSG00000044080,0.4,0.0274130647097652
E-GEOD-5305-g1_g3,ENSMUSG00000044155,0.5,0.0800705939060223
E-GEOD-5305-g1_g3,ENSMUSG00000044258,0.3,0.0494721732108531
E-GEOD-5305-g1_g3,ENSMUSG00000044337,0.8,0.0179966438154118
E-GEOD-5305-g1_g3,ENSMUSG00000044345,0.3,0.0753704360333529
E-GEOD-5305-g1_g3,ENSMUSG00000044783,0.6,0.004692148565048
E-GEOD-5305-g1_g3,ENSMUSG00000044986,0.7,0.0021949957440068
E-GEOD-5305-g1_g3,ENSMUSG00000045038,-0.4,0.0209869004976936
E-GEOD-5305-g1_g3,ENSMUSG00000045394,-0.3,0.0893420928106239
E-GEOD-5305-g1_g3,ENSMUSG00000045404,-0.4,0.024492260905729
E-GEOD-5305-g1_g3,ENSMUSG00000045414,0.5,0.055501307446364
E-GEOD-5305-g1_g3,ENSMUSG00000045482,0.4,0.0649016224009893
E-GEOD-5305-g1_g3,ENSMUSG00000045594,0.4,0.0425901764979391
E-GEOD-5305-g1_g3,ENSMUSG00000045671,0.4,0.0221037461455259
E-GEOD-5305-g1_g3,ENSMUSG00000045679,0.5,0.0102996038212431
E-GEOD-5305-g1_g3,ENSMUSG00000045763,0.8,0.0005204044704801
E-GEOD-5305-g1_g3,ENSMUSG00000045917,-0.4,0.0413522875576667
E-GEOD-5305-g1_g3,ENSMUSG00000045954,0.8,0.0330159536821356
E-GEOD-5305-g1_g3,ENSMUSG00000046027,-0.5,0.0066559160648676
E-GEOD-5305-g1_g3,ENSMUSG00000046312,-0.6,0.0028214765488415
E-GEOD-5305-g1_g3,ENSMUSG00000046402,0.5,0.0287960237343447
E-GEOD-5305-g1_g3,ENSMUSG00000046432,0.5,0.0061318251708147
E-GEOD-5305-g1_g3,ENSMUSG00000046562,0.4,0.033540002629705
E-GEOD-5305-g1_g3,ENSMUSG00000046668,0.4,0.0130152451433511
E-GEOD-5305-g1_g3,ENSMUSG00000046679,-0.5,0.0084272291398737
E-GEOD-5305-g1_g3,ENSMUSG00000046688,0.4,0.018784681131689
E-GEOD-5305-g1_g3,ENSMUSG00000046714,-0.4,0.0826470147238191
E-GEOD-5305-g1_g3,ENSMUSG00000046727,-0.7,0.0014482204085684
E-GEOD-5305-g1_g3,ENSMUSG00000046756,-0.4,0.0436978439278588
E-GEOD-5305-g1_g3,ENSMUSG00000046768,0.6,0.0035634542853114
E-GEOD-5305-g1_g3,ENSMUSG00000046818,0.7,0.0022438171826576
E-GEOD-5305-g1_g3,ENSMUSG00000046841,1.0,0.0004880878174959
E-GEOD-5305-g1_g3,ENSMUSG00000047084,-0.6,0.0032482916167542
E-GEOD-5305-g1_g3,ENSMUSG00000047126,0.5,0.0596424843693483
E-GEOD-5305-g1_g3,ENSMUSG00000047139,-1.2,0.0068387280892221
E-GEOD-5305-g1_g3,ENSMUSG00000047250,0.3,0.0325376838109648
E-GEOD-5305-g1_g3,ENSMUSG00000047260,-0.4,0.0745824227643268
E-GEOD-5305-g1_g3,ENSMUSG00000047407,-0.6,0.0022959343034064
E-GEOD-5305-g1_g3,ENSMUSG00000047409,0.5,0.0111321884681268
E-GEOD-5305-g1_g3,ENSMUSG00000047412,-0.3,0.0679165616043888
E-GEOD-5305-g1_g3,ENSMUSG00000047454,-0.5,0.0268553393432925
E-GEOD-5305-g1_g3,ENSMUSG00000047534,0.6,0.0035634542853114
E-GEOD-5305-g1_g3,ENSMUSG00000047557,0.5,0.0073060249631123
E-GEOD-5305-g1_g3,ENSMUSG00000047821,-0.5,0.0064447553436435
E-GEOD-5305-g1_g3,ENSMUSG00000047832,0.6,0.0037302364174897
E-GEOD-5305-g1_g3,ENSMUSG00000047878,0.4,0.0646128025398194
E-GEOD-5305-g1_g3,ENSMUSG00000047945,0.8,0.0009407304426367
E-GEOD-5305-g1_g3,ENSMUSG00000047963,-1.8,2.18398641465783e-05
E-GEOD-5305-g1_g3,ENSMUSG00000048138,0.7,0.0008551523831025
E-GEOD-5305-g1_g3,ENSMUSG00000048277,-0.4,0.0121429923236251
E-GEOD-5305-g1_g3,ENSMUSG00000048285,0.5,0.010843427889169
E-GEOD-5305-g1_g3,ENSMUSG00000048376,1.1,0.0132901838839608
E-GEOD-5305-g1_g3,ENSMUSG00000048497,0.3,0.0962772327837815
E-GEOD-5305-g1_g3,ENSMUSG00000048612,0.6,0.0015189705846196
E-GEOD-5305-g1_g3,ENSMUSG00000048755,-0.3,0.0635342670917988
E-GEOD-5305-g1_g3,ENSMUSG00000048895,0.4,0.0104422158020072
E-GEOD-5305-g1_g3,ENSMUSG00000048981,-0.5,0.0032011530361835
E-GEOD-5305-g1_g3,ENSMUSG00000049090,0.3,0.0535446620127499
E-GEOD-5305-g1_g3,ENSMUSG00000049134,-0.6,0.0031689103260476
E-GEOD-5305-g1_g3,ENSMUSG00000049303,-0.6,0.0019867882377761
E-GEOD-5305-g1_g3,ENSMUSG00000049339,0.5,0.0098147202977835
E-GEOD-5305-g1_g3,ENSMUSG00000049422,-1.5,5.29330605158597e-05
E-GEOD-5305-g1_g3,ENSMUSG00000049521,0.6,0.0023324207684724
E-GEOD-5305-g1_g3,ENSMUSG00000049532,0.4,0.0129495186856503
E-GEOD-5305-g1_g3,ENSMUSG00000049553,-0.4,0.0362111331493745
E-GEOD-5305-g1_g3,ENSMUSG00000049659,0.4,0.0465836195731924
E-GEOD-5305-g1_g3,ENSMUSG00000049670,-0.4,0.0330159536821356
E-GEOD-5305-g1_g3,ENSMUSG00000049760,-0.3,0.0747762286148943
E-GEOD-5305-g1_g3,ENSMUSG00000049791,0.5,0.0161354947437561
E-GEOD-5305-g1_g3,ENSMUSG00000049823,0.4,0.0181566346708259
E-GEOD-5305-g1_g3,ENSMUSG00000049858,-0.6,0.0050391191370269
E-GEOD-5305-g1_g3,ENSMUSG00000049932,0.6,0.0212593380246414
E-GEOD-5305-g1_g3,ENSMUSG00000050071,-1.2,0.0136950625996336
E-GEOD-5305-g1_g3,ENSMUSG00000050088,0.7,0.0021761226724387
E-GEOD-5305-g1_g3,ENSMUSG00000050100,0.3,0.0756485137122918
E-GEOD-5305-g1_g3,ENSMUSG00000050107,0.3,0.0740379501865302
E-GEOD-5305-g1_g3,ENSMUSG00000050148,0.6,0.071835647135707
E-GEOD-5305-g1_g3,ENSMUSG00000050244,-0.5,0.0119985581139819
E-GEOD-5305-g1_g3,ENSMUSG00000050335,-0.4,0.0187092748350907
E-GEOD-5305-g1_g3,ENSMUSG00000050556,-0.4,0.0428130607148918
E-GEOD-5305-g1_g3,ENSMUSG00000050732,0.4,0.0187112747388079
E-GEOD-5305-g1_g3,ENSMUSG00000050777,0.4,0.0230294141126189
E-GEOD-5305-g1_g3,ENSMUSG00000050953,1.5,0.0023017155472868
E-GEOD-5305-g1_g3,ENSMUSG00000050965,0.4,0.0251424562058057
E-GEOD-5305-g1_g3,ENSMUSG00000050989,0.7,0.0147854531103941
E-GEOD-5305-g1_g3,ENSMUSG00000051029,-0.4,0.0188401076568115
E-GEOD-5305-g1_g3,ENSMUSG00000051159,0.7,0.0006952886487606
E-GEOD-5305-g1_g3,ENSMUSG00000051185,-0.7,0.0085221767745241
E-GEOD-5305-g1_g3,ENSMUSG00000051223,0.5,0.049433204999635
E-GEOD-5305-g1_g3,ENSMUSG00000051256,-0.5,0.0104851476224268
E-GEOD-5305-g1_g3,ENSMUSG00000051367,0.5,0.0252681528897349
E-GEOD-5305-g1_g3,ENSMUSG00000051375,-0.3,0.0729278729806211
E-GEOD-5305-g1_g3,ENSMUSG00000051502,-0.3,0.0839333356579919
E-GEOD-5305-g1_g3,ENSMUSG00000051615,0.4,0.0257582421147329
E-GEOD-5305-g1_g3,ENSMUSG00000051790,0.5,0.0129349118022062
E-GEOD-5305-g1_g3,ENSMUSG00000051853,0.6,0.0021780057763138
E-GEOD-5305-g1_g3,ENSMUSG00000051855,1.1,0.0002229059442475
E-GEOD-5305-g1_g3,ENSMUSG00000051989,0.4,0.0284643912692737
E-GEOD-5305-g1_g3,ENSMUSG00000052131,-3.2,1.78286398591845e-05
E-GEOD-5305-g1_g3,ENSMUSG00000052139,-0.4,0.0100805218231468
E-GEOD-5305-g1_g3,ENSMUSG00000052151,0.4,0.0138875870456147
E-GEOD-5305-g1_g3,ENSMUSG00000052253,-0.8,0.0011933874708855
E-GEOD-5305-g1_g3,ENSMUSG00000052298,-0.6,0.0018623055358316
E-GEOD-5305-g1_g3,ENSMUSG00000052331,0.9,0.0016157050897194
E-GEOD-5305-g1_g3,ENSMUSG00000052373,-0.4,0.0156363822516068
E-GEOD-5305-g1_g3,ENSMUSG00000052374,-1.8,1.20209621542382e-05
E-GEOD-5305-g1_g3,ENSMUSG00000052406,-0.3,0.0493171834968893
E-GEOD-5305-g1_g3,ENSMUSG00000052459,0.6,0.0045733561692739
E-GEOD-5305-g1_g3,ENSMUSG00000052512,-0.6,0.0020861050717056
E-GEOD-5305-g1_g3,ENSMUSG00000052539,-0.4,0.0670568136769404
E-GEOD-5305-g1_g3,ENSMUSG00000052684,-0.4,0.0311714532520371
E-GEOD-5305-g1_g3,ENSMUSG00000052707,0.5,0.0219218482687007
E-GEOD-5305-g1_g3,ENSMUSG00000052712,-0.4,0.0150698200403418
E-GEOD-5305-g1_g3,ENSMUSG00000052798,0.3,0.0671797874832923
E-GEOD-5305-g1_g3,ENSMUSG00000052833,-0.4,0.0129417890679215
E-GEOD-5305-g1_g3,ENSMUSG00000052852,-1.0,0.0006963855698665
E-GEOD-5305-g1_g3,ENSMUSG00000052934,-0.4,0.0206122526156706
E-GEOD-5305-g1_g3,ENSMUSG00000052949,0.3,0.0778032999738004
E-GEOD-5305-g1_g3,ENSMUSG00000052957,0.5,0.0102096632822384
E-GEOD-5305-g1_g3,ENSMUSG00000053012,-0.5,0.0972264169519541
E-GEOD-5305-g1_g3,ENSMUSG00000053093,-0.4,0.0236107881617104
E-GEOD-5305-g1_g3,ENSMUSG00000053113,-0.8,0.0017118450866523
E-GEOD-5305-g1_g3,ENSMUSG00000053205,-0.3,0.0887732430722866
E-GEOD-5305-g1_g3,ENSMUSG00000053286,-0.4,0.0327590747669627
E-GEOD-5305-g1_g3,ENSMUSG00000053293,0.6,0.0037852926213665
E-GEOD-5305-g1_g3,ENSMUSG00000053398,-0.7,0.0006955462586612
E-GEOD-5305-g1_g3,ENSMUSG00000053469,0.3,0.0469001724354707
E-GEOD-5305-g1_g3,ENSMUSG00000053477,0.4,0.0889436649137668
E-GEOD-5305-g1_g3,ENSMUSG00000053483,0.4,0.0960564807382787
E-GEOD-5305-g1_g3,ENSMUSG00000053644,-0.3,0.0479042816923618
E-GEOD-5305-g1_g3,ENSMUSG00000053716,0.3,0.0584101476414061
E-GEOD-5305-g1_g3,ENSMUSG00000053719,-0.6,0.0038135387233894
E-GEOD-5305-g1_g3,ENSMUSG00000053746,-0.5,0.0096401770947231
E-GEOD-5305-g1_g3,ENSMUSG00000053801,-0.4,0.0155486908389807
E-GEOD-5305-g1_g3,ENSMUSG00000053863,-0.3,0.0916152727103468
E-GEOD-5305-g1_g3,ENSMUSG00000054115,1.4,0.0001305965554451
E-GEOD-5305-g1_g3,ENSMUSG00000054263,1.0,0.0146363440018286
E-GEOD-5305-g1_g3,ENSMUSG00000054400,0.4,0.0355409618189722
E-GEOD-5305-g1_g3,ENSMUSG00000054452,0.5,0.0316783517204335
E-GEOD-5305-g1_g3,ENSMUSG00000054484,-0.9,0.0002288042892507
E-GEOD-5305-g1_g3,ENSMUSG00000054619,0.5,0.005563974179894
E-GEOD-5305-g1_g3,ENSMUSG00000054675,0.6,0.0052996689882197
E-GEOD-5305-g1_g3,ENSMUSG00000054676,0.3,0.0362306427163664
E-GEOD-5305-g1_g3,ENSMUSG00000055027,-0.8,0.0014520696280547
E-GEOD-5305-g1_g3,ENSMUSG00000055053,0.5,0.0483911536239375
E-GEOD-5305-g1_g3,ENSMUSG00000055148,0.4,0.0304444770423006
E-GEOD-5305-g1_g3,ENSMUSG00000055407,0.4,0.0143837493561025
E-GEOD-5305-g1_g3,ENSMUSG00000055775,-2.8,6.72917117617135e-05
E-GEOD-5305-g1_g3,ENSMUSG00000055799,0.4,0.0173938318101419
E-GEOD-5305-g1_g3,ENSMUSG00000055943,-0.4,0.019192160701426
E-GEOD-5305-g1_g3,ENSMUSG00000055980,1.1,0.0030723977114889
E-GEOD-5305-g1_g3,ENSMUSG00000056214,0.5,0.0026945481764855
E-GEOD-5305-g1_g3,ENSMUSG00000056271,-0.8,0.0007192230007409
E-GEOD-5305-g1_g3,ENSMUSG00000056328,-0.5,0.049320614679555
E-GEOD-5305-g1_g3,ENSMUSG00000056394,1.2,0.0001096308038741
E-GEOD-5305-g1_g3,ENSMUSG00000056501,-0.8,0.0034139178847311
E-GEOD-5305-g1_g3,ENSMUSG00000056737,0.4,0.0203439683242241
E-GEOD-5305-g1_g3,ENSMUSG00000056749,-0.6,0.0106659158902748
E-GEOD-5305-g1_g3,ENSMUSG00000056899,-0.8,0.0005505319256664
E-GEOD-5305-g1_g3,ENSMUSG00000056917,0.4,0.0452312595978752
E-GEOD-5305-g1_g3,ENSMUSG00000057003,-0.5,0.0085790321067717
E-GEOD-5305-g1_g3,ENSMUSG00000057137,-0.8,0.0056685998035788
E-GEOD-5305-g1_g3,ENSMUSG00000057230,0.4,0.0576502280921102
E-GEOD-5305-g1_g3,ENSMUSG00000057315,-0.3,0.0584946963335012
E-GEOD-5305-g1_g3,ENSMUSG00000057363,0.4,0.0246854604549271
E-GEOD-5305-g1_g3,ENSMUSG00000057469,-0.4,0.0295807986316473
E-GEOD-5305-g1_g3,ENSMUSG00000057530,0.4,0.0163433389713925
E-GEOD-5305-g1_g3,ENSMUSG00000057604,0.4,0.0274283004009015
E-GEOD-5305-g1_g3,ENSMUSG00000057726,-0.4,0.0492912788569364
E-GEOD-5305-g1_g3,ENSMUSG00000057788,-0.5,0.036660584036549
E-GEOD-5305-g1_g3,ENSMUSG00000057880,0.3,0.0695758151213176
E-GEOD-5305-g1_g3,ENSMUSG00000058013,-0.4,0.0104632300149104
E-GEOD-5305-g1_g3,ENSMUSG00000058135,1.1,9.55985492751849e-05
E-GEOD-5305-g1_g3,ENSMUSG00000058258,1.5,0.0027970521455333
E-GEOD-5305-g1_g3,ENSMUSG00000058297,0.9,0.001118370178376
E-GEOD-5305-g1_g3,ENSMUSG00000058317,0.3,0.0941994126283351
E-GEOD-5305-g1_g3,ENSMUSG00000058325,0.3,0.0550577798924721
E-GEOD-5305-g1_g3,ENSMUSG00000058388,0.6,0.0129902505295177
E-GEOD-5305-g1_g3,ENSMUSG00000058420,0.4,0.070663426125723
E-GEOD-5305-g1_g3,ENSMUSG00000058444,-0.3,0.0740379501865302
E-GEOD-5305-g1_g3,ENSMUSG00000058571,0.6,0.005236620777029
E-GEOD-5305-g1_g3,ENSMUSG00000058793,-0.4,0.0156605080161709
E-GEOD-5305-g1_g3,ENSMUSG00000059248,0.8,0.0005808072758931
E-GEOD-5305-g1_g3,ENSMUSG00000059325,0.5,0.0089774612224057
E-GEOD-5305-g1_g3,ENSMUSG00000059409,0.3,0.0920842753081825
E-GEOD-5305-g1_g3,ENSMUSG00000059430,0.9,0.0001816649299015
E-GEOD-5305-g1_g3,ENSMUSG00000059439,-0.3,0.0323556104859211
E-GEOD-5305-g1_g3,ENSMUSG00000059552,0.5,0.060312069960762
E-GEOD-5305-g1_g3,ENSMUSG00000059734,-0.3,0.0626375955654059
E-GEOD-5305-g1_g3,ENSMUSG00000059791,0.8,0.0005204044704801
E-GEOD-5305-g1_g3,ENSMUSG00000059824,0.5,0.0123651177192362
E-GEOD-5305-g1_g3,ENSMUSG00000059920,-0.3,0.0969099229750025
E-GEOD-5305-g1_g3,ENSMUSG00000059921,0.3,0.0462722318934003
E-GEOD-5305-g1_g3,ENSMUSG00000060002,-1.2,0.0011170524889872
E-GEOD-5305-g1_g3,ENSMUSG00000060038,-0.4,0.0362111331493745
E-GEOD-5305-g1_g3,ENSMUSG00000060063,0.3,0.0778721819082516
E-GEOD-5305-g1_g3,ENSMUSG00000060098,-0.8,0.0009926211804649
E-GEOD-5305-g1_g3,ENSMUSG00000060147,-0.6,0.0061423185968062
E-GEOD-5305-g1_g3,ENSMUSG00000060166,0.5,0.0104285983209234
E-GEOD-5305-g1_g3,ENSMUSG00000060216,0.7,0.0088218108265131
E-GEOD-5305-g1_g3,ENSMUSG00000060376,-0.4,0.0467203759478396
E-GEOD-5305-g1_g3,ENSMUSG00000060470,0.4,0.0294869679608588
E-GEOD-5305-g1_g3,ENSMUSG00000060600,-0.6,0.003165502957812
E-GEOD-5305-g1_g3,ENSMUSG00000060639,-0.3,0.0800949852475803
E-GEOD-5305-g1_g3,ENSMUSG00000060679,-0.5,0.019160131143071
E-GEOD-5305-g1_g3,ENSMUSG00000060703,0.4,0.0252681528897349
E-GEOD-5305-g1_g3,ENSMUSG00000060981,-0.3,0.0737322984640248
E-GEOD-5305-g1_g3,ENSMUSG00000061086,-0.8,0.0002772825723023
E-GEOD-5305-g1_g3,ENSMUSG00000061130,-0.5,0.0235608172543935
E-GEOD-5305-g1_g3,ENSMUSG00000061232,0.5,0.0119077293561258
E-GEOD-5305-g1_g3,ENSMUSG00000061286,-0.4,0.0235527435782201
E-GEOD-5305-g1_g3,ENSMUSG00000061306,0.3,0.0489083459264347
E-GEOD-5305-g1_g3,ENSMUSG00000061353,1.1,0.0001683178037968
E-GEOD-5305-g1_g3,ENSMUSG00000061665,0.7,0.0297519610869269
E-GEOD-5305-g1_g3,ENSMUSG00000061689,-0.5,0.0298965458589375
E-GEOD-5305-g1_g3,ENSMUSG00000061723,-1.2,9.55985492751849e-05
E-GEOD-5305-g1_g3,ENSMUSG00000061731,0.4,0.0565332034793192
E-GEOD-5305-g1_g3,ENSMUSG00000061981,0.6,0.0038663931802522
E-GEOD-5305-g1_g3,ENSMUSG00000062054,-0.4,0.0461595850036821
E-GEOD-5305-g1_g3,ENSMUSG00000062075,0.6,0.0060617588618381
E-GEOD-5305-g1_g3,ENSMUSG00000062077,-0.8,0.0011999283907683
E-GEOD-5305-g1_g3,ENSMUSG00000062127,0.4,0.023578725746444
E-GEOD-5305-g1_g3,ENSMUSG00000062169,0.3,0.0911908617182359
E-GEOD-5305-g1_g3,ENSMUSG00000062190,0.5,0.0276852984863675
E-GEOD-5305-g1_g3,ENSMUSG00000062210,0.4,0.0596424843693483
E-GEOD-5305-g1_g3,ENSMUSG00000062310,-0.6,0.0058362509983995
E-GEOD-5305-g1_g3,ENSMUSG00000062694,-1.1,0.0001683178037968
E-GEOD-5305-g1_g3,ENSMUSG00000062762,-0.3,0.0808609219126546
E-GEOD-5305-g1_g3,ENSMUSG00000063052,0.6,0.0712580742086564
E-GEOD-5305-g1_g3,ENSMUSG00000063065,0.4,0.0391342278393671
E-GEOD-5305-g1_g3,ENSMUSG00000063382,0.4,0.0347886900587313
E-GEOD-5305-g1_g3,ENSMUSG00000063410,0.4,0.0357089233992858
E-GEOD-5305-g1_g3,ENSMUSG00000063511,0.3,0.0551726767718008
E-GEOD-5305-g1_g3,ENSMUSG00000063605,0.4,0.0226170664097129
E-GEOD-5305-g1_g3,ENSMUSG00000063632,-0.7,0.0983744194471947
E-GEOD-5305-g1_g3,ENSMUSG00000063683,-0.3,0.0627617761406331
E-GEOD-5305-g1_g3,ENSMUSG00000063838,0.8,0.0019068523896701
E-GEOD-5305-g1_g3,ENSMUSG00000063856,0.4,0.0147639574452361
E-GEOD-5305-g1_g3,ENSMUSG00000063873,0.6,0.0074538886671863
E-GEOD-5305-g1_g3,ENSMUSG00000064080,0.6,0.005806596017305
E-GEOD-5305-g1_g3,ENSMUSG00000064179,-0.6,0.0021544303436241
E-GEOD-5305-g1_g3,ENSMUSG00000064246,-1.0,0.001118370178376
E-GEOD-5305-g1_g3,ENSMUSG00000064326,0.5,0.0203234006572547
E-GEOD-5305-g1_g3,ENSMUSG00000066278,0.3,0.0472594747442858
E-GEOD-5305-g1_g3,ENSMUSG00000066357,1.0,0.0001816649299015
E-GEOD-5305-g1_g3,ENSMUSG00000066456,1.4,0.0061423185968062
E-GEOD-5305-g1_g3,ENSMUSG00000066705,-0.6,0.0156605080161709
E-GEOD-5305-g1_g3,ENSMUSG00000067071,0.5,0.0064447553436435
E-GEOD-5305-g1_g3,ENSMUSG00000067150,-0.5,0.0113888848197394
E-GEOD-5305-g1_g3,ENSMUSG00000067276,0.7,0.0017526063475232
E-GEOD-5305-g1_g3,ENSMUSG00000067713,0.3,0.0321364709526018
E-GEOD-5305-g1_g3,ENSMUSG00000067818,0.4,0.0292343624989862
E-GEOD-5305-g1_g3,ENSMUSG00000068101,0.7,0.0018054445178206
E-GEOD-5305-g1_g3,ENSMUSG00000068196,0.7,0.0095357026909945
E-GEOD-5305-g1_g3,ENSMUSG00000068290,-0.9,0.0004689214464773
E-GEOD-5305-g1_g3,ENSMUSG00000068329,-0.5,0.0100856458602723
E-GEOD-5305-g1_g3,ENSMUSG00000068699,-0.4,0.0096095716146646
E-GEOD-5305-g1_g3,ENSMUSG00000068739,-0.7,0.0015078554790024
E-GEOD-5305-g1_g3,ENSMUSG00000068742,-0.4,0.0153758111629139
E-GEOD-5305-g1_g3,ENSMUSG00000068744,0.9,0.0013879313586591
E-GEOD-5305-g1_g3,ENSMUSG00000068747,-0.4,0.0190133201266484
E-GEOD-5305-g1_g3,ENSMUSG00000068758,0.4,0.0332212983611426
E-GEOD-5305-g1_g3,ENSMUSG00000069036,-0.4,0.0467203759478396
E-GEOD-5305-g1_g3,ENSMUSG00000069662,0.9,0.0140613272876981
E-GEOD-5305-g1_g3,ENSMUSG00000069769,-0.5,0.041745566406454
E-GEOD-5305-g1_g3,ENSMUSG00000069833,0.5,0.0302669138579556
E-GEOD-5305-g1_g3,ENSMUSG00000069910,0.4,0.0229715487578561
E-GEOD-5305-g1_g3,ENSMUSG00000069920,0.4,0.011937035532341
E-GEOD-5305-g1_g3,ENSMUSG00000070056,-0.3,0.0920406213980556
E-GEOD-5305-g1_g3,ENSMUSG00000070348,1.1,0.0002223019466121
E-GEOD-5305-g1_g3,ENSMUSG00000070436,0.3,0.056810650902652
E-GEOD-5305-g1_g3,ENSMUSG00000070730,-0.3,0.0755913781785244
E-GEOD-5305-g1_g3,ENSMUSG00000071074,-0.3,0.0634885300739703
E-GEOD-5305-g1_g3,ENSMUSG00000071317,-0.3,0.025739731192686
E-GEOD-5305-g1_g3,ENSMUSG00000071359,-0.5,0.006781404006677
E-GEOD-5305-g1_g3,ENSMUSG00000071379,0.5,0.0077122168592131
E-GEOD-5305-g1_g3,ENSMUSG00000071637,-0.7,0.0059041892826138
E-GEOD-5305-g1_g3,ENSMUSG00000071645,-0.3,0.0809993296905282
E-GEOD-5305-g1_g3,ENSMUSG00000071708,-0.4,0.0177334577009661
E-GEOD-5305-g1_g3,ENSMUSG00000071713,-0.4,0.0673460065869798
E-GEOD-5305-g1_g3,ENSMUSG00000071796,0.5,0.0745824227643268
E-GEOD-5305-g1_g3,ENSMUSG00000071984,1.4,7.15291276187147e-05
E-GEOD-5305-g1_g3,ENSMUSG00000072082,1.0,0.0002305393070606
E-GEOD-5305-g1_g3,ENSMUSG00000072694,0.3,0.0737454532624635
E-GEOD-5305-g1_g3,ENSMUSG00000072941,0.6,0.0070668352510156
E-GEOD-5305-g1_g3,ENSMUSG00000073982,0.3,0.0580676344895085
E-GEOD-5305-g1_g3,ENSMUSG00000074170,0.6,0.0021259369051663
E-GEOD-5305-g1_g3,ENSMUSG00000074207,0.5,0.0073367230132203
E-GEOD-5305-g1_g3,ENSMUSG00000074218,-0.9,0.0024848513930386
E-GEOD-5305-g1_g3,ENSMUSG00000074221,-0.6,0.0108665383393699
E-GEOD-5305-g1_g3,ENSMUSG00000074364,0.5,0.0114340860386028
E-GEOD-5305-g1_g3,ENSMUSG00000074365,-0.4,0.0673722676995924
E-GEOD-5305-g1_g3,ENSMUSG00000074649,0.3,0.0732171201224756
E-GEOD-5305-g1_g3,ENSMUSG00000074743,1.3,3.32403547508465e-05
E-GEOD-5305-g1_g3,ENSMUSG00000074916,0.4,0.0188697496752448
E-GEOD-5305-g1_g3,ENSMUSG00000074918,-0.4,0.0196443507548921
E-GEOD-5305-g1_g3,ENSMUSG00000074922,0.3,0.0573209829932787
E-GEOD-5305-g1_g3,ENSMUSG00000075284,0.4,0.0471513821672196
E-GEOD-5305-g1_g3,ENSMUSG00000075415,0.4,0.0297019505251609
E-GEOD-5305-g1_g3,ENSMUSG00000075590,-0.7,0.0007678061684048
E-GEOD-5305-g1_g3,ENSMUSG00000075602,1.2,9.55985492751849e-05
E-GEOD-5305-g1_g3,ENSMUSG00000075702,-0.5,0.0069662830083901
E-GEOD-5305-g1_g3,ENSMUSG00000076431,0.6,0.0667410385884586
E-GEOD-5305-g1_g3,ENSMUSG00000076432,0.6,0.0070236061492596
E-GEOD-5305-g1_g3,ENSMUSG00000076437,1.1,0.0017247966844488
E-GEOD-5305-g1_g3,ENSMUSG00000076490,-0.3,0.0966676763886102
E-GEOD-5305-g1_g3,ENSMUSG00000078429,0.5,0.0147422705689422
E-GEOD-5305-g1_g3,ENSMUSG00000078453,0.8,0.0579164763051909
E-GEOD-5305-g1_g3,ENSMUSG00000078652,-0.4,0.0180801648912881
E-GEOD-5305-g1_g3,ENSMUSG00000078771,-1.1,0.0017247966844488
E-GEOD-5305-g1_g3,ENSMUSG00000078851,-0.5,0.0877393543064132
E-GEOD-5305-g1_g3,ENSMUSG00000078853,-0.3,0.0773589311565221
E-GEOD-5305-g1_g3,ENSMUSG00000079017,0.6,0.0143877701043511
E-GEOD-5305-g1_g3,ENSMUSG00000079037,-0.4,0.0361752123561675
E-GEOD-5305-g1_g3,ENSMUSG00000079316,0.5,0.0552683414376157
E-GEOD-5305-g1_g3,ENSMUSG00000081058,-1.5,0.0004571972368447
E-GEOD-5305-g1_g3,ENSMUSG00000083282,-0.5,0.0038295139156348
E-GEOD-5305-g1_g3,ENSMUSG00000085208,0.5,0.0041449838315067
E-GEOD-5305-g1_g3,ENSMUSG00000085348,-0.7,0.0099758638942526
E-GEOD-5305-g1_g3,ENSMUSG00000086266,-0.3,0.0754291607918318
E-GEOD-5305-g1_g3,ENSMUSG00000086503,0.5,0.0863604525297411
E-GEOD-5305-g1_g3,ENSMUSG00000089715,0.5,0.0034581134974038
E-GEOD-5305-g1_g3,ENSMUSG00000089774,-0.4,0.0491724602134119
E-GEOD-5305-g1_g3,ENSMUSG00000090035,0.5,0.0462722318934003
E-GEOD-5305-g1_g3,ENSMUSG00000090523,0.4,0.0627617761406331
E-GEOD-5305-g1_g3,ENSMUSG00000091898,-0.4,0.0188005879605998
E-GEOD-5305-g1_g3,ENSMUSG00000093930,1.6,0.0027566893228376
E-GEOD-5305-g1_g3,ENSMUSG00000094483,0.7,0.020284622667435
E-GEOD-5305-g1_g3,ENSMUSG00000094777,1.4,0.0013209720380233
E-GEOD-5305-g1_g3,ENSMUSG00000096001,1.4,3.32403547508465e-05
E-GEOD-5305-g1_g3,ENSMUSG00000096472,0.7,0.0014956434078637
E-GEOD-5305-g1_g3,ENSMUSG00000097415,0.3,0.0725956923267631
E-GEOD-5305-g1_g3,ENSMUSG00000098178,-0.6,0.0629204966643804
E-GEOD-5305-g1_g3,ENSMUSG00000109324,0.3,0.054724525683447
E-GEOD-5305-g1_g3,ENSMUSG00000109511,-0.3,0.0562294288745829
E-GEOD-5305-g1_g3,ENSMUSG00000112907,0.3,0.0359382913121521
E-GEOD-5305-g1_g3,ENSMUSG00000115338,0.8,0.0003340399407955
E-GEOD-5305-g1_g3,ENSMUSG00000116138,-0.4,0.0328704605686677
E-GEOD-5305-g1_g3,ENSMUSG00000116564,-0.4,0.0574299395782647
E-GEOD-5305-g1_g3,ENSMUSG00000116656,0.6,0.0077684221926569
E-GEOD-5305-g2_g4,ENSMUSG00000000028,-0.2,0.0667281586921085
E-GEOD-5305-g2_g4,ENSMUSG00000000031,0.7,9.97026285571081e-05
E-GEOD-5305-g2_g4,ENSMUSG00000000168,-0.3,0.0229747566044863
E-GEOD-5305-g2_g4,ENSMUSG00000000171,0.2,0.0717275128490978
E-GEOD-5305-g2_g4,ENSMUSG00000000278,0.7,0.0002196844046302
E-GEOD-5305-g2_g4,ENSMUSG00000000295,0.3,0.0539795352123971
E-GEOD-5305-g2_g4,ENSMUSG00000000378,-0.5,0.0014447770362491
E-GEOD-5305-g2_g4,ENSMUSG00000000384,-0.4,0.0097518158210185
E-GEOD-5305-g2_g4,ENSMUSG00000000399,-0.3,0.0295297996635146
E-GEOD-5305-g2_g4,ENSMUSG00000000409,-0.3,0.0252414269085376
E-GEOD-5305-g2_g4,ENSMUSG00000000435,0.4,0.0393241121407298
E-GEOD-5305-g2_g4,ENSMUSG00000000440,0.3,0.0619804961902319
E-GEOD-5305-g2_g4,ENSMUSG00000000489,-0.4,0.0057773359421007
E-GEOD-5305-g2_g4,ENSMUSG00000000555,0.6,0.0205804356387725
E-GEOD-5305-g2_g4,ENSMUSG00000000563,0.3,0.0240084965241345
E-GEOD-5305-g2_g4,ENSMUSG00000000567,0.4,0.0046858889720995
E-GEOD-5305-g2_g4,ENSMUSG00000000568,-0.3,0.0497847927096485
E-GEOD-5305-g2_g4,ENSMUSG00000000594,0.3,0.0641329655343806
E-GEOD-5305-g2_g4,ENSMUSG00000000708,0.4,0.0316560183881931
E-GEOD-5305-g2_g4,ENSMUSG00000000751,-0.4,0.0045643746285857
E-GEOD-5305-g2_g4,ENSMUSG00000000782,-0.3,0.0301465765562239
E-GEOD-5305-g2_g4,ENSMUSG00000000791,-0.3,0.0282436907597401
E-GEOD-5305-g2_g4,ENSMUSG00000000811,-0.3,0.0249104371611545
E-GEOD-5305-g2_g4,ENSMUSG00000000827,0.3,0.0322014126992827
E-GEOD-5305-g2_g4,ENSMUSG00000000869,-0.2,0.0963080994849171
E-GEOD-5305-g2_g4,ENSMUSG00000000876,0.4,0.0042607953357123
E-GEOD-5305-g2_g4,ENSMUSG00000000881,0.2,0.0521037300995451
E-GEOD-5305-g2_g4,ENSMUSG00000000884,-0.4,0.003103071325365
E-GEOD-5305-g2_g4,ENSMUSG00000000901,0.3,0.0346921280117698
E-GEOD-5305-g2_g4,ENSMUSG00000000915,-0.2,0.0651781120790136
E-GEOD-5305-g2_g4,ENSMUSG00000000934,-0.3,0.0147599244827364
E-GEOD-5305-g2_g4,ENSMUSG00000000938,0.6,0.0062235738012803
E-GEOD-5305-g2_g4,ENSMUSG00000000957,0.4,0.0049887640125869
E-GEOD-5305-g2_g4,ENSMUSG00000001018,0.7,0.0050989397408229
E-GEOD-5305-g2_g4,ENSMUSG00000001056,-0.9,0.0002316562295459
E-GEOD-5305-g2_g4,ENSMUSG00000001065,0.3,0.0430295368410671
E-GEOD-5305-g2_g4,ENSMUSG00000001105,0.7,0.0003052286147834
E-GEOD-5305-g2_g4,ENSMUSG00000001119,1.3,1.61499336183145e-05
E-GEOD-5305-g2_g4,ENSMUSG00000001123,0.9,3.67022842866661e-05
E-GEOD-5305-g2_g4,ENSMUSG00000001131,-0.4,0.0073970592623828
E-GEOD-5305-g2_g4,ENSMUSG00000001158,0.6,0.0012758363587058
E-GEOD-5305-g2_g4,ENSMUSG00000001240,0.4,0.007822699664742
E-GEOD-5305-g2_g4,ENSMUSG00000001285,-0.3,0.0266924512479561
E-GEOD-5305-g2_g4,ENSMUSG00000001300,-0.4,0.0382211832172649
E-GEOD-5305-g2_g4,ENSMUSG00000001323,0.4,0.0051620822855867
E-GEOD-5305-g2_g4,ENSMUSG00000001349,0.3,0.0842268758967996
E-GEOD-5305-g2_g4,ENSMUSG00000001366,0.2,0.0593385887874879
E-GEOD-5305-g2_g4,ENSMUSG00000001383,0.2,0.0539691313199095
E-GEOD-5305-g2_g4,ENSMUSG00000001403,-0.2,0.0570774103444505
E-GEOD-5305-g2_g4,ENSMUSG00000001415,-0.3,0.0227368902248204
E-GEOD-5305-g2_g4,ENSMUSG00000001416,-0.5,0.0018061875672387
E-GEOD-5305-g2_g4,ENSMUSG00000001418,0.3,0.0112223221022631
E-GEOD-5305-g2_g4,ENSMUSG00000001435,-1.2,6.75260763293858e-06
E-GEOD-5305-g2_g4,ENSMUSG00000001436,-0.3,0.0404332147563272
E-GEOD-5305-g2_g4,ENSMUSG00000001440,-0.3,0.0296828866488314
E-GEOD-5305-g2_g4,ENSMUSG00000001467,0.4,0.0129327827004577
E-GEOD-5305-g2_g4,ENSMUSG00000001473,-0.3,0.0206252648641044
E-GEOD-5305-g2_g4,ENSMUSG00000001504,0.3,0.0321501132967636
E-GEOD-5305-g2_g4,ENSMUSG00000001506,0.3,0.0344261940161576
E-GEOD-5305-g2_g4,ENSMUSG00000001507,-0.3,0.0252414269085376
E-GEOD-5305-g2_g4,ENSMUSG00000001510,-0.4,0.0038043379622812
E-GEOD-5305-g2_g4,ENSMUSG00000001524,-0.3,0.0200091101159642
E-GEOD-5305-g2_g4,ENSMUSG00000001552,-0.3,0.0107373117877634
E-GEOD-5305-g2_g4,ENSMUSG00000001555,0.2,0.0538519658555296
E-GEOD-5305-g2_g4,ENSMUSG00000001627,0.4,0.0114935782597257
E-GEOD-5305-g2_g4,ENSMUSG00000001655,0.5,0.0025382985341386
E-GEOD-5305-g2_g4,ENSMUSG00000001663,0.4,0.0093892082618945
E-GEOD-5305-g2_g4,ENSMUSG00000001768,0.4,0.0090646902128043
E-GEOD-5305-g2_g4,ENSMUSG00000001774,-0.4,0.019559990537988
E-GEOD-5305-g2_g4,ENSMUSG00000001783,-0.3,0.0215579637866927
E-GEOD-5305-g2_g4,ENSMUSG00000001829,-0.4,0.0030130589541295
E-GEOD-5305-g2_g4,ENSMUSG00000001864,-0.9,5.33273157564871e-05
E-GEOD-5305-g2_g4,ENSMUSG00000001870,-0.3,0.0363236224823089
E-GEOD-5305-g2_g4,ENSMUSG00000001891,0.9,0.0005447930766268
E-GEOD-5305-g2_g4,ENSMUSG00000001909,-0.4,0.0089316407758418
E-GEOD-5305-g2_g4,ENSMUSG00000001910,-0.3,0.0369278275301781
E-GEOD-5305-g2_g4,ENSMUSG00000001962,0.3,0.0396614902637307
E-GEOD-5305-g2_g4,ENSMUSG00000002007,-0.3,0.0512089014616256
E-GEOD-5305-g2_g4,ENSMUSG00000002017,-0.3,0.0156159979201177
E-GEOD-5305-g2_g4,ENSMUSG00000002043,0.6,0.0006526009216753
E-GEOD-5305-g2_g4,ENSMUSG00000002064,0.4,0.0158657670757617
E-GEOD-5305-g2_g4,ENSMUSG00000002068,-0.4,0.005894923474539
E-GEOD-5305-g2_g4,ENSMUSG00000002105,0.3,0.0261550443650176
E-GEOD-5305-g2_g4,ENSMUSG00000002107,-0.4,0.004457445461318
E-GEOD-5305-g2_g4,ENSMUSG00000002129,-0.3,0.0223968220297439
E-GEOD-5305-g2_g4,ENSMUSG00000002222,0.3,0.0540843532752023
E-GEOD-5305-g2_g4,ENSMUSG00000002274,-0.6,0.0007425379739631
E-GEOD-5305-g2_g4,ENSMUSG00000002280,-0.3,0.0274620421622569
E-GEOD-5305-g2_g4,ENSMUSG00000002289,-0.5,0.0007343183893738
E-GEOD-5305-g2_g4,ENSMUSG00000002308,-0.4,0.0150867603311545
E-GEOD-5305-g2_g4,ENSMUSG00000002326,-0.3,0.0396614902637307
E-GEOD-5305-g2_g4,ENSMUSG00000002329,0.4,0.005894923474539
E-GEOD-5305-g2_g4,ENSMUSG00000002332,0.3,0.0131820794664476
E-GEOD-5305-g2_g4,ENSMUSG00000002365,0.3,0.0147272411403494
E-GEOD-5305-g2_g4,ENSMUSG00000002428,-0.3,0.0721446407856776
E-GEOD-5305-g2_g4,ENSMUSG00000002458,-0.3,0.0368740663091203
E-GEOD-5305-g2_g4,ENSMUSG00000002477,0.5,0.0037448890164251
E-GEOD-5305-g2_g4,ENSMUSG00000002580,0.3,0.0216939043561049
E-GEOD-5305-g2_g4,ENSMUSG00000002602,-0.3,0.0178161966630609
E-GEOD-5305-g2_g4,ENSMUSG00000002625,0.3,0.0181815157862068
E-GEOD-5305-g2_g4,ENSMUSG00000002660,-0.2,0.0686888928565571
E-GEOD-5305-g2_g4,ENSMUSG00000002731,0.4,0.0254393052176362
E-GEOD-5305-g2_g4,ENSMUSG00000002732,1.2,2.24543170457508e-05
E-GEOD-5305-g2_g4,ENSMUSG00000002733,0.2,0.0667400482776095
E-GEOD-5305-g2_g4,ENSMUSG00000002767,-0.4,0.0058288193281621
E-GEOD-5305-g2_g4,ENSMUSG00000002799,-0.3,0.0361803335507846
E-GEOD-5305-g2_g4,ENSMUSG00000002804,-0.2,0.0532180903165762
E-GEOD-5305-g2_g4,ENSMUSG00000002820,-0.3,0.0164505995696538
E-GEOD-5305-g2_g4,ENSMUSG00000002825,-0.3,0.0274025917765555
E-GEOD-5305-g2_g4,ENSMUSG00000002831,1.2,0.0017154450097737
E-GEOD-5305-g2_g4,ENSMUSG00000002833,-0.3,0.0650455508911568
E-GEOD-5305-g2_g4,ENSMUSG00000002845,0.3,0.0206722251496535
E-GEOD-5305-g2_g4,ENSMUSG00000002870,-0.3,0.0290064080915347
E-GEOD-5305-g2_g4,ENSMUSG00000002900,-0.4,0.0133138901410622
E-GEOD-5305-g2_g4,ENSMUSG00000002984,-0.4,0.0095761178320731
E-GEOD-5305-g2_g4,ENSMUSG00000002996,0.3,0.0455668076389253
E-GEOD-5305-g2_g4,ENSMUSG00000003039,0.2,0.0880003855776438
E-GEOD-5305-g2_g4,ENSMUSG00000003200,0.3,0.05432328846009
E-GEOD-5305-g2_g4,ENSMUSG00000003234,-0.3,0.0190225612197159
E-GEOD-5305-g2_g4,ENSMUSG00000003235,-0.4,0.0020362573796045
E-GEOD-5305-g2_g4,ENSMUSG00000003299,-0.2,0.0537380941814704
E-GEOD-5305-g2_g4,ENSMUSG00000003316,0.3,0.0095761178320731
E-GEOD-5305-g2_g4,ENSMUSG00000003352,-0.2,0.0536052656435896
E-GEOD-5305-g2_g4,ENSMUSG00000003355,0.4,0.0105811155645367
E-GEOD-5305-g2_g4,ENSMUSG00000003363,0.5,0.0005566144182078
E-GEOD-5305-g2_g4,ENSMUSG00000003420,0.4,0.0048452786056623
E-GEOD-5305-g2_g4,ENSMUSG00000003423,-0.3,0.0306153589683782
E-GEOD-5305-g2_g4,ENSMUSG00000003438,-0.6,0.0013303744264515
E-GEOD-5305-g2_g4,ENSMUSG00000003458,0.3,0.0411507870088038
E-GEOD-5305-g2_g4,ENSMUSG00000003477,0.3,0.0147212366356326
E-GEOD-5305-g2_g4,ENSMUSG00000003518,-0.3,0.0434485668009108
E-GEOD-5305-g2_g4,ENSMUSG00000003526,-0.5,0.0166863615816664
E-GEOD-5305-g2_g4,ENSMUSG00000003534,0.3,0.0116829127379381
E-GEOD-5305-g2_g4,ENSMUSG00000003549,-0.5,0.0016181785266167
E-GEOD-5305-g2_g4,ENSMUSG00000003585,-0.4,0.0140693417031517
E-GEOD-5305-g2_g4,ENSMUSG00000003623,0.7,0.0055363476959356
E-GEOD-5305-g2_g4,ENSMUSG00000003721,0.4,0.0100729768393543
E-GEOD-5305-g2_g4,ENSMUSG00000003746,0.3,0.0367287881244478
E-GEOD-5305-g2_g4,ENSMUSG00000003810,-0.3,0.0148071379648006
E-GEOD-5305-g2_g4,ENSMUSG00000003868,-0.5,0.0015335118546598
E-GEOD-5305-g2_g4,ENSMUSG00000003948,-0.7,0.0002105935773838
E-GEOD-5305-g2_g4,ENSMUSG00000003955,0.7,0.0001682070609645
E-GEOD-5305-g2_g4,ENSMUSG00000003992,0.4,0.0071365667595829
E-GEOD-5305-g2_g4,ENSMUSG00000004032,0.9,5.50193316914241e-05
E-GEOD-5305-g2_g4,ENSMUSG00000004035,0.4,0.0048452786056623
E-GEOD-5305-g2_g4,ENSMUSG00000004044,-0.2,0.0569055012809244
E-GEOD-5305-g2_g4,ENSMUSG00000004056,0.4,0.0105163197595577
E-GEOD-5305-g2_g4,ENSMUSG00000004105,0.6,0.000442108241676
E-GEOD-5305-g2_g4,ENSMUSG00000004207,0.3,0.0194138101172762
E-GEOD-5305-g2_g4,ENSMUSG00000004221,0.3,0.0378157776623378
E-GEOD-5305-g2_g4,ENSMUSG00000004264,-0.4,0.0063173295465957
E-GEOD-5305-g2_g4,ENSMUSG00000004267,0.8,0.0003110610294092
E-GEOD-5305-g2_g4,ENSMUSG00000004356,-0.5,0.0035733534238507
E-GEOD-5305-g2_g4,ENSMUSG00000004393,-0.4,0.0058493453488702
E-GEOD-5305-g2_g4,ENSMUSG00000004530,-0.5,0.0013384685611357
E-GEOD-5305-g2_g4,ENSMUSG00000004631,0.5,0.0009604074153456
E-GEOD-5305-g2_g4,ENSMUSG00000004655,-0.4,0.0053519931925911
E-GEOD-5305-g2_g4,ENSMUSG00000004667,-0.3,0.0070390749035246
E-GEOD-5305-g2_g4,ENSMUSG00000004748,-0.5,0.0023592237893734
E-GEOD-5305-g2_g4,ENSMUSG00000004789,-0.3,0.0241682624076391
E-GEOD-5305-g2_g4,ENSMUSG00000004880,-0.2,0.0521037300995451
E-GEOD-5305-g2_g4,ENSMUSG00000004891,-0.6,0.0003549300438168
E-GEOD-5305-g2_g4,ENSMUSG00000004897,-0.3,0.0395635146020215
E-GEOD-5305-g2_g4,ENSMUSG00000004929,-0.5,0.007143411009955
E-GEOD-5305-g2_g4,ENSMUSG00000004947,-0.2,0.0596583542290942
E-GEOD-5305-g2_g4,ENSMUSG00000004980,-0.4,0.0245736801503106
E-GEOD-5305-g2_g4,ENSMUSG00000004996,-0.3,0.0256841180089664
E-GEOD-5305-g2_g4,ENSMUSG00000005054,0.4,0.0104597078736139
E-GEOD-5305-g2_g4,ENSMUSG00000005078,0.2,0.0483082221757683
E-GEOD-5305-g2_g4,ENSMUSG00000005087,-0.3,0.0423194136958205
E-GEOD-5305-g2_g4,ENSMUSG00000005142,0.5,0.0013347077631899
E-GEOD-5305-g2_g4,ENSMUSG00000005148,-0.7,0.0001238347893382
E-GEOD-5305-g2_g4,ENSMUSG00000005262,0.4,0.0051998102466508
E-GEOD-5305-g2_g4,ENSMUSG00000005354,-0.3,0.0398706417292659
E-GEOD-5305-g2_g4,ENSMUSG00000005357,1.0,3.67898216417614e-05
E-GEOD-5305-g2_g4,ENSMUSG00000005360,0.6,0.0006023093407498
E-GEOD-5305-g2_g4,ENSMUSG00000005410,-0.7,0.0001453423391119
E-GEOD-5305-g2_g4,ENSMUSG00000005417,-0.4,0.0031844640175471
E-GEOD-5305-g2_g4,ENSMUSG00000005470,-0.4,0.0037327737212842
E-GEOD-5305-g2_g4,ENSMUSG00000005481,-0.5,0.0010121320870818
E-GEOD-5305-g2_g4,ENSMUSG00000005505,-0.3,0.0197024163996068
E-GEOD-5305-g2_g4,ENSMUSG00000005566,-0.4,0.0027459588700595
E-GEOD-5305-g2_g4,ENSMUSG00000005625,-0.3,0.0312472340578192
E-GEOD-5305-g2_g4,ENSMUSG00000005656,0.3,0.0294821684810357
E-GEOD-5305-g2_g4,ENSMUSG00000005667,-0.4,0.0089295898566842
E-GEOD-5305-g2_g4,ENSMUSG00000005674,-0.3,0.0256159058679254
E-GEOD-5305-g2_g4,ENSMUSG00000005683,-0.4,0.0073970592623828
E-GEOD-5305-g2_g4,ENSMUSG00000005716,0.4,0.0229698608012098
E-GEOD-5305-g2_g4,ENSMUSG00000005718,-0.4,0.0321466284411473
E-GEOD-5305-g2_g4,ENSMUSG00000005803,0.5,0.0043185540962384
E-GEOD-5305-g2_g4,ENSMUSG00000005804,0.2,0.0704304877599638
E-GEOD-5305-g2_g4,ENSMUSG00000005973,0.5,0.0029450310886314
E-GEOD-5305-g2_g4,ENSMUSG00000005981,-0.3,0.0134224397534931
E-GEOD-5305-g2_g4,ENSMUSG00000006050,0.4,0.0147212366356326
E-GEOD-5305-g2_g4,ENSMUSG00000006169,0.3,0.0687849213276954
E-GEOD-5305-g2_g4,ENSMUSG00000006205,-0.5,0.0008305752869758
E-GEOD-5305-g2_g4,ENSMUSG00000006219,-0.3,0.0202230214245209
E-GEOD-5305-g2_g4,ENSMUSG00000006276,-0.3,0.0508820927124248
E-GEOD-5305-g2_g4,ENSMUSG00000006304,0.3,0.0174965927347507
E-GEOD-5305-g2_g4,ENSMUSG00000006315,-0.3,0.0235353041192298
E-GEOD-5305-g2_g4,ENSMUSG00000006360,0.4,0.0044010169266887
E-GEOD-5305-g2_g4,ENSMUSG00000006373,0.4,0.0206758339404044
E-GEOD-5305-g2_g4,ENSMUSG00000006378,-0.5,0.0009644913574105
E-GEOD-5305-g2_g4,ENSMUSG00000006392,-0.5,0.0032097809694287
E-GEOD-5305-g2_g4,ENSMUSG00000006435,-0.5,0.002053992882447
E-GEOD-5305-g2_g4,ENSMUSG00000006442,-0.3,0.0273991315568467
E-GEOD-5305-g2_g4,ENSMUSG00000006456,-0.7,0.0002361336568891
E-GEOD-5305-g2_g4,ENSMUSG00000006494,0.6,0.000573509713486
E-GEOD-5305-g2_g4,ENSMUSG00000006599,0.4,0.0048452786056623
E-GEOD-5305-g2_g4,ENSMUSG00000006651,0.5,0.0020930993937552
E-GEOD-5305-g2_g4,ENSMUSG00000006678,-0.3,0.0293447360724372
E-GEOD-5305-g2_g4,ENSMUSG00000006715,0.3,0.0734438427888235
E-GEOD-5305-g2_g4,ENSMUSG00000006717,1.0,0.0002202821583654
E-GEOD-5305-g2_g4,ENSMUSG00000006782,-0.2,0.0806276954470006
E-GEOD-5305-g2_g4,ENSMUSG00000006800,1.1,2.52666177074941e-05
E-GEOD-5305-g2_g4,ENSMUSG00000007029,-0.6,0.0014631608804573
E-GEOD-5305-g2_g4,ENSMUSG00000007038,0.3,0.0103923082211122
E-GEOD-5305-g2_g4,ENSMUSG00000007039,-0.3,0.0296785406261438
E-GEOD-5305-g2_g4,ENSMUSG00000007050,-0.4,0.0685404898111812
E-GEOD-5305-g2_g4,ENSMUSG00000007080,-0.3,0.006255023437615
E-GEOD-5305-g2_g4,ENSMUSG00000007589,-0.4,0.0120047772480271
E-GEOD-5305-g2_g4,ENSMUSG00000007655,0.3,0.0215350423051987
E-GEOD-5305-g2_g4,ENSMUSG00000007682,0.3,0.0707798703984064
E-GEOD-5305-g2_g4,ENSMUSG00000007739,0.3,0.0609438406051617
E-GEOD-5305-g2_g4,ENSMUSG00000007777,0.7,0.0004886144625969
E-GEOD-5305-g2_g4,ENSMUSG00000007805,-0.3,0.0360024507349543
E-GEOD-5305-g2_g4,ENSMUSG00000007833,-0.3,0.0315307863521121
E-GEOD-5305-g2_g4,ENSMUSG00000007872,0.8,3.67898216417614e-05
E-GEOD-5305-g2_g4,ENSMUSG00000007891,0.3,0.0252077940532712
E-GEOD-5305-g2_g4,ENSMUSG00000008136,0.4,0.0072630634399135
E-GEOD-5305-g2_g4,ENSMUSG00000008301,0.5,0.0036336998742013
E-GEOD-5305-g2_g4,ENSMUSG00000008305,-0.3,0.0666328784996973
E-GEOD-5305-g2_g4,ENSMUSG00000008373,-0.3,0.0360096946789728
E-GEOD-5305-g2_g4,ENSMUSG00000008429,0.3,0.0422890709769545
E-GEOD-5305-g2_g4,ENSMUSG00000008435,-0.3,0.0178734727153785
E-GEOD-5305-g2_g4,ENSMUSG00000008475,0.2,0.0788552558147577
E-GEOD-5305-g2_g4,ENSMUSG00000008540,1.2,0.0006411798991313
E-GEOD-5305-g2_g4,ENSMUSG00000008604,-0.4,0.0032097809694287
E-GEOD-5305-g2_g4,ENSMUSG00000008690,-0.4,0.0051887448391193
E-GEOD-5305-g2_g4,ENSMUSG00000008734,0.5,0.0019086784535212
E-GEOD-5305-g2_g4,ENSMUSG00000008822,0.9,0.0004005177310092
E-GEOD-5305-g2_g4,ENSMUSG00000008859,0.5,0.0017593592448707
E-GEOD-5305-g2_g4,ENSMUSG00000009035,0.3,0.0182988533364054
E-GEOD-5305-g2_g4,ENSMUSG00000009291,-0.3,0.0440741399956626
E-GEOD-5305-g2_g4,ENSMUSG00000009549,0.4,0.0051012077521209
E-GEOD-5305-g2_g4,ENSMUSG00000009563,-0.3,0.0055630166694553
E-GEOD-5305-g2_g4,ENSMUSG00000009585,-0.2,0.0938695550255292
E-GEOD-5305-g2_g4,ENSMUSG00000009640,-0.3,0.0184942968286048
E-GEOD-5305-g2_g4,ENSMUSG00000009927,-0.3,0.0246603954865466
E-GEOD-5305-g2_g4,ENSMUSG00000009995,0.3,0.0236095452881564
E-GEOD-5305-g2_g4,ENSMUSG00000010025,0.3,0.0543564008308026
E-GEOD-5305-g2_g4,ENSMUSG00000010048,-0.4,0.0193887154146405
E-GEOD-5305-g2_g4,ENSMUSG00000010095,-0.3,0.023647665925482
E-GEOD-5305-g2_g4,ENSMUSG00000010277,-0.3,0.0592383179868994
E-GEOD-5305-g2_g4,ENSMUSG00000010311,0.3,0.0228694697064291
E-GEOD-5305-g2_g4,ENSMUSG00000010376,0.4,0.0054377522975186
E-GEOD-5305-g2_g4,ENSMUSG00000010660,0.4,0.0165002333336826
E-GEOD-5305-g2_g4,ENSMUSG00000010755,-0.3,0.016950101034166
E-GEOD-5305-g2_g4,ENSMUSG00000010830,0.4,0.0045126274904139
E-GEOD-5305-g2_g4,ENSMUSG00000010911,0.2,0.0598542412111317
E-GEOD-5305-g2_g4,ENSMUSG00000011148,0.3,0.0231980035141451
E-GEOD-5305-g2_g4,ENSMUSG00000011179,-0.6,0.0004115844490203
E-GEOD-5305-g2_g4,ENSMUSG00000011256,0.3,0.0128559203924353
E-GEOD-5305-g2_g4,ENSMUSG00000011831,-0.4,0.0878306435048469
E-GEOD-5305-g2_g4,ENSMUSG00000011884,-0.3,0.0373553309322502
E-GEOD-5305-g2_g4,ENSMUSG00000011958,0.2,0.0847333928242212
E-GEOD-5305-g2_g4,ENSMUSG00000011960,0.3,0.0153757035285758
E-GEOD-5305-g2_g4,ENSMUSG00000012117,-0.4,0.0147598216610725
E-GEOD-5305-g2_g4,ENSMUSG00000012405,0.2,0.0942697413037382
E-GEOD-5305-g2_g4,ENSMUSG00000012443,-0.3,0.0206758339404044
E-GEOD-5305-g2_g4,ENSMUSG00000012483,0.5,0.003567969813552
E-GEOD-5305-g2_g4,ENSMUSG00000013160,0.4,0.0019086784535212
E-GEOD-5305-g2_g4,ENSMUSG00000013593,-0.2,0.0419199874109576
E-GEOD-5305-g2_g4,ENSMUSG00000013622,0.4,0.0103051278002284
E-GEOD-5305-g2_g4,ENSMUSG00000013629,-0.4,0.0048452786056623
E-GEOD-5305-g2_g4,ENSMUSG00000013663,0.3,0.0830295844453563
E-GEOD-5305-g2_g4,ENSMUSG00000013698,-0.4,0.0038330139648576
E-GEOD-5305-g2_g4,ENSMUSG00000013973,-0.2,0.0718188714667781
E-GEOD-5305-g2_g4,ENSMUSG00000014243,0.3,0.0529125595101882
E-GEOD-5305-g2_g4,ENSMUSG00000014294,0.3,0.0095761178320731
E-GEOD-5305-g2_g4,ENSMUSG00000014303,-0.2,0.032557845458179
E-GEOD-5305-g2_g4,ENSMUSG00000014313,0.6,0.0004604656826954
E-GEOD-5305-g2_g4,ENSMUSG00000014329,1.0,1.98097692718295e-05
E-GEOD-5305-g2_g4,ENSMUSG00000014504,0.6,0.0014381546806486
E-GEOD-5305-g2_g4,ENSMUSG00000014776,0.3,0.0221020308090017
E-GEOD-5305-g2_g4,ENSMUSG00000014846,-0.2,0.096394927745493
E-GEOD-5305-g2_g4,ENSMUSG00000015013,0.4,0.0068464325317949
E-GEOD-5305-g2_g4,ENSMUSG00000015133,-0.3,0.0093206877192669
E-GEOD-5305-g2_g4,ENSMUSG00000015149,0.3,0.0173498115797643
E-GEOD-5305-g2_g4,ENSMUSG00000015176,-0.5,0.0019064930241176
E-GEOD-5305-g2_g4,ENSMUSG00000015291,0.4,0.0134038346744365
E-GEOD-5305-g2_g4,ENSMUSG00000015305,0.8,0.0004438053243598
E-GEOD-5305-g2_g4,ENSMUSG00000015337,-0.3,0.0111889511689057
E-GEOD-5305-g2_g4,ENSMUSG00000015354,-0.3,0.0215939692759118
E-GEOD-5305-g2_g4,ENSMUSG00000015461,0.3,0.0188952552672815
E-GEOD-5305-g2_g4,ENSMUSG00000015536,0.6,0.0029966873724141
E-GEOD-5305-g2_g4,ENSMUSG00000015568,2.0,4.88935088578339e-08
E-GEOD-5305-g2_g4,ENSMUSG00000015647,-0.5,0.0022291558083629
E-GEOD-5305-g2_g4,ENSMUSG00000015672,0.2,0.0573090580813139
E-GEOD-5305-g2_g4,ENSMUSG00000015733,0.3,0.0882852613837159
E-GEOD-5305-g2_g4,ENSMUSG00000015745,-0.2,0.0478146400977285
E-GEOD-5305-g2_g4,ENSMUSG00000015748,-0.3,0.0256297467072628
E-GEOD-5305-g2_g4,ENSMUSG00000015766,-0.6,0.0018061875672387
E-GEOD-5305-g2_g4,ENSMUSG00000015790,0.4,0.0064380838256085
E-GEOD-5305-g2_g4,ENSMUSG00000015850,1.4,0.0004600458342613
E-GEOD-5305-g2_g4,ENSMUSG00000015869,-0.5,0.0008580803958171
E-GEOD-5305-g2_g4,ENSMUSG00000015880,-0.2,0.0631253452884393
E-GEOD-5305-g2_g4,ENSMUSG00000015937,-0.5,0.001405091230788
E-GEOD-5305-g2_g4,ENSMUSG00000015968,-0.2,0.093595576964957
E-GEOD-5305-g2_g4,ENSMUSG00000015971,-0.2,0.0690525831846587
E-GEOD-5305-g2_g4,ENSMUSG00000015994,0.3,0.022560757372703
E-GEOD-5305-g2_g4,ENSMUSG00000016253,-0.3,0.0065660275694571
E-GEOD-5305-g2_g4,ENSMUSG00000016308,0.2,0.0361803335507846
E-GEOD-5305-g2_g4,ENSMUSG00000016319,-0.3,0.0217505789488101
E-GEOD-5305-g2_g4,ENSMUSG00000016427,0.5,0.004401966051997
E-GEOD-5305-g2_g4,ENSMUSG00000016481,0.2,0.0754105658843526
E-GEOD-5305-g2_g4,ENSMUSG00000016494,0.8,0.000108631254381
E-GEOD-5305-g2_g4,ENSMUSG00000016495,0.7,0.0007398770476248
E-GEOD-5305-g2_g4,ENSMUSG00000016503,-0.5,0.0009479359142692
E-GEOD-5305-g2_g4,ENSMUSG00000016526,-0.2,0.0484415427827676
E-GEOD-5305-g2_g4,ENSMUSG00000016534,0.5,0.0101865045165475
E-GEOD-5305-g2_g4,ENSMUSG00000016554,-0.3,0.0191995466818099
E-GEOD-5305-g2_g4,ENSMUSG00000016619,-0.4,0.0048950146435925
E-GEOD-5305-g2_g4,ENSMUSG00000016664,-0.2,0.0995698784787085
E-GEOD-5305-g2_g4,ENSMUSG00000016758,-0.2,0.087896471347714
E-GEOD-5305-g2_g4,ENSMUSG00000017002,0.2,0.0833616335199076
E-GEOD-5305-g2_g4,ENSMUSG00000017009,-0.8,0.0690251710061646
E-GEOD-5305-g2_g4,ENSMUSG00000017144,0.7,0.0025639515542715
E-GEOD-5305-g2_g4,ENSMUSG00000017167,-0.2,0.0711138805041715
E-GEOD-5305-g2_g4,ENSMUSG00000017221,-0.2,0.0395064609068183
E-GEOD-5305-g2_g4,ENSMUSG00000017286,0.5,0.0018099913332798
E-GEOD-5305-g2_g4,ENSMUSG00000017307,-0.3,0.048064579272967
E-GEOD-5305-g2_g4,ENSMUSG00000017386,-0.6,0.0003540354413925
E-GEOD-5305-g2_g4,ENSMUSG00000017390,0.6,0.0010942452596327
E-GEOD-5305-g2_g4,ENSMUSG00000017428,-0.3,0.0603047302085044
E-GEOD-5305-g2_g4,ENSMUSG00000017446,0.3,0.0567336647796725
E-GEOD-5305-g2_g4,ENSMUSG00000017466,0.3,0.0082198260655393
E-GEOD-5305-g2_g4,ENSMUSG00000017499,-0.3,0.052718870157838
E-GEOD-5305-g2_g4,ENSMUSG00000017615,-0.3,0.0654026928099465
E-GEOD-5305-g2_g4,ENSMUSG00000017707,0.3,0.05133835172522
E-GEOD-5305-g2_g4,ENSMUSG00000017724,-0.6,0.0010373358674444
E-GEOD-5305-g2_g4,ENSMUSG00000017754,0.3,0.0895103986879273
E-GEOD-5305-g2_g4,ENSMUSG00000017760,0.4,0.0047050702732865
E-GEOD-5305-g2_g4,ENSMUSG00000017843,-0.3,0.0714947192198114
E-GEOD-5305-g2_g4,ENSMUSG00000017861,-0.2,0.092399770400765
E-GEOD-5305-g2_g4,ENSMUSG00000017868,-0.2,0.0761937740544974
E-GEOD-5305-g2_g4,ENSMUSG00000017969,-0.5,0.0022033900916374
E-GEOD-5305-g2_g4,ENSMUSG00000017999,-0.4,0.005894923474539
E-GEOD-5305-g2_g4,ENSMUSG00000018166,-0.5,0.0020812830837605
E-GEOD-5305-g2_g4,ENSMUSG00000018171,0.2,0.0360915546991635
E-GEOD-5305-g2_g4,ENSMUSG00000018217,0.4,0.0035733534238507
E-GEOD-5305-g2_g4,ENSMUSG00000018286,-0.3,0.0069093870931065
E-GEOD-5305-g2_g4,ENSMUSG00000018339,1.5,3.97491018864212e-07
E-GEOD-5305-g2_g4,ENSMUSG00000018425,0.4,0.012430149125869
E-GEOD-5305-g2_g4,ENSMUSG00000018433,-0.4,0.0041577210710372
E-GEOD-5305-g2_g4,ENSMUSG00000018509,-0.4,0.0077374484700102
E-GEOD-5305-g2_g4,ENSMUSG00000018567,0.5,0.0017122055483525
E-GEOD-5305-g2_g4,ENSMUSG00000018593,0.4,0.005894923474539
E-GEOD-5305-g2_g4,ENSMUSG00000018648,-0.3,0.0148071379648006
E-GEOD-5305-g2_g4,ENSMUSG00000018672,0.7,0.0001001992010368
E-GEOD-5305-g2_g4,ENSMUSG00000018697,-0.5,0.0020890541039309
E-GEOD-5305-g2_g4,ENSMUSG00000018736,0.3,0.0445220062237611
E-GEOD-5305-g2_g4,ENSMUSG00000018761,-0.3,0.0147598216610725
E-GEOD-5305-g2_g4,ENSMUSG00000018796,0.6,0.001202440710181
E-GEOD-5305-g2_g4,ENSMUSG00000018819,-0.3,0.0285508139164914
E-GEOD-5305-g2_g4,ENSMUSG00000018821,-0.4,0.0082258030623808
E-GEOD-5305-g2_g4,ENSMUSG00000018841,-0.3,0.0363236224823089
E-GEOD-5305-g2_g4,ENSMUSG00000018858,-0.3,0.0253477625157501
E-GEOD-5305-g2_g4,ENSMUSG00000018906,0.5,0.0004796331271364
E-GEOD-5305-g2_g4,ENSMUSG00000018921,-0.4,0.0032000576211149
E-GEOD-5305-g2_g4,ENSMUSG00000018931,0.2,0.0344261940161576
E-GEOD-5305-g2_g4,ENSMUSG00000018974,-0.2,0.0664257449917814
E-GEOD-5305-g2_g4,ENSMUSG00000019027,-0.2,0.0629042732091431
E-GEOD-5305-g2_g4,ENSMUSG00000019055,0.3,0.0093716639900472
E-GEOD-5305-g2_g4,ENSMUSG00000019102,0.6,0.0026866382447711
E-GEOD-5305-g2_g4,ENSMUSG00000019139,-0.4,0.0063497442678555
E-GEOD-5305-g2_g4,ENSMUSG00000019194,0.3,0.0579096362142584
E-GEOD-5305-g2_g4,ENSMUSG00000019214,-0.5,0.0015892748973128
E-GEOD-5305-g2_g4,ENSMUSG00000019256,-0.7,0.0009644913574105
E-GEOD-5305-g2_g4,ENSMUSG00000019261,-0.3,0.0315736861662514
E-GEOD-5305-g2_g4,ENSMUSG00000019297,-0.4,0.0021595547270444
E-GEOD-5305-g2_g4,ENSMUSG00000019302,0.3,0.0434485668009108
E-GEOD-5305-g2_g4,ENSMUSG00000019326,1.4,7.03681588723168e-07
E-GEOD-5305-g2_g4,ENSMUSG00000019373,0.4,0.0073393207035103
E-GEOD-5305-g2_g4,ENSMUSG00000019432,-0.3,0.0139241163961299
E-GEOD-5305-g2_g4,ENSMUSG00000019467,0.5,0.0017505448289126
E-GEOD-5305-g2_g4,ENSMUSG00000019470,-0.2,0.0755547560905814
E-GEOD-5305-g2_g4,ENSMUSG00000019539,0.5,0.0005020967295978
E-GEOD-5305-g2_g4,ENSMUSG00000019577,-0.4,0.0257190603785821
E-GEOD-5305-g2_g4,ENSMUSG00000019590,-0.3,0.0413243388348089
E-GEOD-5305-g2_g4,ENSMUSG00000019715,-0.3,0.0226538561812421
E-GEOD-5305-g2_g4,ENSMUSG00000019777,0.4,0.0685404898111812
E-GEOD-5305-g2_g4,ENSMUSG00000019791,0.4,0.0138931965867359
E-GEOD-5305-g2_g4,ENSMUSG00000019808,-0.2,0.0407663325444391
E-GEOD-5305-g2_g4,ENSMUSG00000019813,0.3,0.0113377661954695
E-GEOD-5305-g2_g4,ENSMUSG00000019818,0.4,0.0170669370170582
E-GEOD-5305-g2_g4,ENSMUSG00000019832,0.5,0.0021374504118465
E-GEOD-5305-g2_g4,ENSMUSG00000019841,0.3,0.0308436559922956
E-GEOD-5305-g2_g4,ENSMUSG00000019848,-0.2,0.0649938648944713
E-GEOD-5305-g2_g4,ENSMUSG00000019851,0.2,0.0558353626269469
E-GEOD-5305-g2_g4,ENSMUSG00000019853,0.7,0.0001947644538746
E-GEOD-5305-g2_g4,ENSMUSG00000019866,0.4,0.0191197371087064
E-GEOD-5305-g2_g4,ENSMUSG00000019872,1.0,3.67898216417614e-05
E-GEOD-5305-g2_g4,ENSMUSG00000019877,0.5,0.0436771543173377
E-GEOD-5305-g2_g4,ENSMUSG00000019916,0.5,0.0159541483283382
E-GEOD-5305-g2_g4,ENSMUSG00000019927,-0.5,0.0103120747230682
E-GEOD-5305-g2_g4,ENSMUSG00000019948,0.3,0.0414625311729444
E-GEOD-5305-g2_g4,ENSMUSG00000019961,-0.3,0.0471520674624304
E-GEOD-5305-g2_g4,ENSMUSG00000019975,0.7,0.0020143419157696
E-GEOD-5305-g2_g4,ENSMUSG00000019982,-0.6,0.0010767446758813
E-GEOD-5305-g2_g4,ENSMUSG00000019987,-0.3,0.0992938128689299
E-GEOD-5305-g2_g4,ENSMUSG00000019997,0.5,0.0057976014807935
E-GEOD-5305-g2_g4,ENSMUSG00000019998,0.4,0.0152739647722599
E-GEOD-5305-g2_g4,ENSMUSG00000020003,0.4,0.0032097809694287
E-GEOD-5305-g2_g4,ENSMUSG00000020048,0.7,0.0071641286368702
E-GEOD-5305-g2_g4,ENSMUSG00000020053,0.6,0.0024072781188346
E-GEOD-5305-g2_g4,ENSMUSG00000020056,1.1,4.2407228371985e-05
E-GEOD-5305-g2_g4,ENSMUSG00000020057,0.4,0.0221468878938496
E-GEOD-5305-g2_g4,ENSMUSG00000020063,-0.2,0.0704180577200439
E-GEOD-5305-g2_g4,ENSMUSG00000020075,-0.5,0.0031844640175471
E-GEOD-5305-g2_g4,ENSMUSG00000020078,0.5,0.0029966873724141
E-GEOD-5305-g2_g4,ENSMUSG00000020089,-0.3,0.0141127931802874
E-GEOD-5305-g2_g4,ENSMUSG00000020092,-0.7,0.0001925269901188
E-GEOD-5305-g2_g4,ENSMUSG00000020099,0.3,0.0100729768393543
E-GEOD-5305-g2_g4,ENSMUSG00000020100,0.3,0.0251507507589682
E-GEOD-5305-g2_g4,ENSMUSG00000020114,-0.2,0.057122977001764
E-GEOD-5305-g2_g4,ENSMUSG00000020123,0.4,0.0161327528388762
E-GEOD-5305-g2_g4,ENSMUSG00000020132,0.3,0.0432982675642527
E-GEOD-5305-g2_g4,ENSMUSG00000020133,-0.4,0.0055095142595925
E-GEOD-5305-g2_g4,ENSMUSG00000020142,0.5,0.0015352757533288
E-GEOD-5305-g2_g4,ENSMUSG00000020180,0.2,0.0454124678616352
E-GEOD-5305-g2_g4,ENSMUSG00000020184,0.2,0.0685168705575925
E-GEOD-5305-g2_g4,ENSMUSG00000020186,0.5,0.0006059548993163
E-GEOD-5305-g2_g4,ENSMUSG00000020205,-0.7,0.005930545178168
E-GEOD-5305-g2_g4,ENSMUSG00000020211,-0.3,0.0414625311729444
E-GEOD-5305-g2_g4,ENSMUSG00000020225,0.3,0.0170695601963987
E-GEOD-5305-g2_g4,ENSMUSG00000020232,-0.2,0.0989312250032339
E-GEOD-5305-g2_g4,ENSMUSG00000020238,-0.2,0.076256921492994
E-GEOD-5305-g2_g4,ENSMUSG00000020241,1.3,6.85497517164195e-07
E-GEOD-5305-g2_g4,ENSMUSG00000020263,0.6,0.0026402726864256
E-GEOD-5305-g2_g4,ENSMUSG00000020290,-0.5,0.0041025286792327
E-GEOD-5305-g2_g4,ENSMUSG00000020305,0.3,0.0668149546859533
E-GEOD-5305-g2_g4,ENSMUSG00000020309,0.3,0.048162735324875
E-GEOD-5305-g2_g4,ENSMUSG00000020311,0.5,0.0015283054820508
E-GEOD-5305-g2_g4,ENSMUSG00000020315,0.4,0.0221728637313825
E-GEOD-5305-g2_g4,ENSMUSG00000020319,0.3,0.0430896151080437
E-GEOD-5305-g2_g4,ENSMUSG00000020326,0.4,0.0474187103384624
E-GEOD-5305-g2_g4,ENSMUSG00000020375,-0.4,0.0114587699968977
E-GEOD-5305-g2_g4,ENSMUSG00000020381,-0.2,0.0660346595885163
E-GEOD-5305-g2_g4,ENSMUSG00000020386,0.6,0.0039863068614543
E-GEOD-5305-g2_g4,ENSMUSG00000020390,0.9,0.0003612076939209
E-GEOD-5305-g2_g4,ENSMUSG00000020393,0.5,0.0028496058012088
E-GEOD-5305-g2_g4,ENSMUSG00000020407,-0.4,0.0095761178320731
E-GEOD-5305-g2_g4,ENSMUSG00000020423,0.4,0.0710490034264808
E-GEOD-5305-g2_g4,ENSMUSG00000020427,0.9,0.0013158794023147
E-GEOD-5305-g2_g4,ENSMUSG00000020432,0.4,0.0114935782597257
E-GEOD-5305-g2_g4,ENSMUSG00000020457,-0.3,0.0077130624608737
E-GEOD-5305-g2_g4,ENSMUSG00000020459,0.2,0.0663851324194773
E-GEOD-5305-g2_g4,ENSMUSG00000020462,0.8,0.0004005177310092
E-GEOD-5305-g2_g4,ENSMUSG00000020471,-0.6,0.0003478648980457
E-GEOD-5305-g2_g4,ENSMUSG00000020473,1.0,1.12160280886871e-05
E-GEOD-5305-g2_g4,ENSMUSG00000020483,0.5,0.0017332979099595
E-GEOD-5305-g2_g4,ENSMUSG00000020484,0.3,0.0105811155645367
E-GEOD-5305-g2_g4,ENSMUSG00000020520,-0.3,0.0253947277148961
E-GEOD-5305-g2_g4,ENSMUSG00000020523,0.3,0.0350786642959333
E-GEOD-5305-g2_g4,ENSMUSG00000020530,0.3,0.025355342098836
E-GEOD-5305-g2_g4,ENSMUSG00000020537,-0.3,0.0155117216467344
E-GEOD-5305-g2_g4,ENSMUSG00000020547,-0.3,0.017635801547556
E-GEOD-5305-g2_g4,ENSMUSG00000020549,-0.3,0.012652422273725
E-GEOD-5305-g2_g4,ENSMUSG00000020571,0.3,0.0153158902799266
E-GEOD-5305-g2_g4,ENSMUSG00000020572,0.2,0.0738689479037533
E-GEOD-5305-g2_g4,ENSMUSG00000020580,-0.2,0.0411402080614698
E-GEOD-5305-g2_g4,ENSMUSG00000020585,0.6,0.0030635039575406
E-GEOD-5305-g2_g4,ENSMUSG00000020592,-0.3,0.0113377661954695
E-GEOD-5305-g2_g4,ENSMUSG00000020593,0.5,0.0141518502537123
E-GEOD-5305-g2_g4,ENSMUSG00000020621,0.3,0.0449420917382034
E-GEOD-5305-g2_g4,ENSMUSG00000020623,0.2,0.0752114108660709
E-GEOD-5305-g2_g4,ENSMUSG00000020629,-0.3,0.0151550219260968
E-GEOD-5305-g2_g4,ENSMUSG00000020635,0.4,0.0026145697810467
E-GEOD-5305-g2_g4,ENSMUSG00000020644,0.4,0.0104419104920868
E-GEOD-5305-g2_g4,ENSMUSG00000020647,0.3,0.0488559024777031
E-GEOD-5305-g2_g4,ENSMUSG00000020650,0.3,0.0618565312367023
E-GEOD-5305-g2_g4,ENSMUSG00000020695,0.3,0.0389591034872781
E-GEOD-5305-g2_g4,ENSMUSG00000020706,-0.3,0.032931666588271
E-GEOD-5305-g2_g4,ENSMUSG00000020707,0.3,0.0187924198963666
E-GEOD-5305-g2_g4,ENSMUSG00000020708,-0.3,0.0192209023666986
E-GEOD-5305-g2_g4,ENSMUSG00000020719,-0.6,0.0046800515226605
E-GEOD-5305-g2_g4,ENSMUSG00000020733,-0.3,0.0815583465336206
E-GEOD-5305-g2_g4,ENSMUSG00000020737,-0.3,0.023182308743832
E-GEOD-5305-g2_g4,ENSMUSG00000020741,-0.5,0.0019069462003623
E-GEOD-5305-g2_g4,ENSMUSG00000020744,-0.3,0.049401492055293
E-GEOD-5305-g2_g4,ENSMUSG00000020745,0.3,0.0296785406261438
E-GEOD-5305-g2_g4,ENSMUSG00000020766,-0.3,0.0268988955506916
E-GEOD-5305-g2_g4,ENSMUSG00000020773,-0.4,0.0037354861351417
E-GEOD-5305-g2_g4,ENSMUSG00000020775,-0.6,0.000798011159399
E-GEOD-5305-g2_g4,ENSMUSG00000020778,-0.2,0.0643049323501394
E-GEOD-5305-g2_g4,ENSMUSG00000020782,-0.2,0.0585589724174721
E-GEOD-5305-g2_g4,ENSMUSG00000020801,0.8,0.0002196844046302
E-GEOD-5305-g2_g4,ENSMUSG00000020803,0.7,0.0002591447672136
E-GEOD-5305-g2_g4,ENSMUSG00000020821,-0.3,0.0175590780674273
E-GEOD-5305-g2_g4,ENSMUSG00000020828,-0.3,0.0193887154146405
E-GEOD-5305-g2_g4,ENSMUSG00000020836,0.3,0.0316114604552842
E-GEOD-5305-g2_g4,ENSMUSG00000020850,-0.2,0.0660183636705367
E-GEOD-5305-g2_g4,ENSMUSG00000020869,-0.3,0.0367287881244478
E-GEOD-5305-g2_g4,ENSMUSG00000020877,-0.2,0.0576932424539756
E-GEOD-5305-g2_g4,ENSMUSG00000020883,0.3,0.0114206424861627
E-GEOD-5305-g2_g4,ENSMUSG00000020889,0.2,0.0730017694270269
E-GEOD-5305-g2_g4,ENSMUSG00000020902,-0.4,0.0033931385839749
E-GEOD-5305-g2_g4,ENSMUSG00000020903,0.4,0.0026607840372291
E-GEOD-5305-g2_g4,ENSMUSG00000020911,-0.4,0.0170695601963987
E-GEOD-5305-g2_g4,ENSMUSG00000020914,-0.4,0.0047849132304774
E-GEOD-5305-g2_g4,ENSMUSG00000020918,-0.2,0.0410977082634421
E-GEOD-5305-g2_g4,ENSMUSG00000020929,-0.4,0.0055828915518792
E-GEOD-5305-g2_g4,ENSMUSG00000020986,0.5,0.0145875011722228
E-GEOD-5305-g2_g4,ENSMUSG00000021003,0.2,0.0360024507349543
E-GEOD-5305-g2_g4,ENSMUSG00000021024,0.2,0.0952165223401846
E-GEOD-5305-g2_g4,ENSMUSG00000021033,0.3,0.0247770255771556
E-GEOD-5305-g2_g4,ENSMUSG00000021036,0.3,0.011657395123246
E-GEOD-5305-g2_g4,ENSMUSG00000021040,0.5,0.0031844640175471
E-GEOD-5305-g2_g4,ENSMUSG00000021048,-0.5,0.0012881885524257
E-GEOD-5305-g2_g4,ENSMUSG00000021054,0.3,0.0673808951167212
E-GEOD-5305-g2_g4,ENSMUSG00000021067,0.3,0.022560757372703
E-GEOD-5305-g2_g4,ENSMUSG00000021072,-0.3,0.0389591034872781
E-GEOD-5305-g2_g4,ENSMUSG00000021094,0.3,0.0311267580435365
E-GEOD-5305-g2_g4,ENSMUSG00000021103,0.3,0.0436889661038711
E-GEOD-5305-g2_g4,ENSMUSG00000021114,0.5,0.004248249937359
E-GEOD-5305-g2_g4,ENSMUSG00000021124,0.4,0.0050989397408229
E-GEOD-5305-g2_g4,ENSMUSG00000021127,0.5,0.013609260863613
E-GEOD-5305-g2_g4,ENSMUSG00000021133,0.4,0.0128401744343238
E-GEOD-5305-g2_g4,ENSMUSG00000021136,0.3,0.046906456829967
E-GEOD-5305-g2_g4,ENSMUSG00000021140,0.2,0.0710490034264808
E-GEOD-5305-g2_g4,ENSMUSG00000021143,0.2,0.0437020328792809
E-GEOD-5305-g2_g4,ENSMUSG00000021177,-0.3,0.0373529936351387
E-GEOD-5305-g2_g4,ENSMUSG00000021179,-0.3,0.0164216226015674
E-GEOD-5305-g2_g4,ENSMUSG00000021185,0.2,0.0717600413788896
E-GEOD-5305-g2_g4,ENSMUSG00000021186,1.4,1.6380788083728e-05
E-GEOD-5305-g2_g4,ENSMUSG00000021190,0.3,0.0497053036602498
E-GEOD-5305-g2_g4,ENSMUSG00000021223,-0.2,0.0861903479629818
E-GEOD-5305-g2_g4,ENSMUSG00000021235,-0.2,0.0622764630490455
E-GEOD-5305-g2_g4,ENSMUSG00000021236,0.2,0.0724908950994347
E-GEOD-5305-g2_g4,ENSMUSG00000021238,0.6,0.004518938896188
E-GEOD-5305-g2_g4,ENSMUSG00000021241,0.3,0.0194138101172762
E-GEOD-5305-g2_g4,ENSMUSG00000021253,0.7,0.0001716556874095
E-GEOD-5305-g2_g4,ENSMUSG00000021259,-0.3,0.0181646082269896
E-GEOD-5305-g2_g4,ENSMUSG00000021266,-0.4,0.0035791302425078
E-GEOD-5305-g2_g4,ENSMUSG00000021288,-0.3,0.0161056104758355
E-GEOD-5305-g2_g4,ENSMUSG00000021290,0.2,0.0678685487137528
E-GEOD-5305-g2_g4,ENSMUSG00000021327,0.3,0.0199130260187028
E-GEOD-5305-g2_g4,ENSMUSG00000021338,0.3,0.049447554369514
E-GEOD-5305-g2_g4,ENSMUSG00000021365,-0.7,0.0026402726864256
E-GEOD-5305-g2_g4,ENSMUSG00000021377,-0.4,0.0969326064086001
E-GEOD-5305-g2_g4,ENSMUSG00000021385,0.3,0.0134071590255927
E-GEOD-5305-g2_g4,ENSMUSG00000021390,1.3,0.0004705598689908
E-GEOD-5305-g2_g4,ENSMUSG00000021417,0.3,0.0358486896802455
E-GEOD-5305-g2_g4,ENSMUSG00000021420,-0.3,0.0235782627864054
E-GEOD-5305-g2_g4,ENSMUSG00000021428,0.3,0.0543564008308026
E-GEOD-5305-g2_g4,ENSMUSG00000021451,-0.3,0.0441953726240778
E-GEOD-5305-g2_g4,ENSMUSG00000021477,0.9,3.24165721446211e-05
E-GEOD-5305-g2_g4,ENSMUSG00000021482,0.3,0.0385006663388173
E-GEOD-5305-g2_g4,ENSMUSG00000021494,-0.2,0.0577412486818949
E-GEOD-5305-g2_g4,ENSMUSG00000021496,0.4,0.004518938896188
E-GEOD-5305-g2_g4,ENSMUSG00000021519,0.4,0.0474541097637885
E-GEOD-5305-g2_g4,ENSMUSG00000021537,0.5,0.0400692621529157
E-GEOD-5305-g2_g4,ENSMUSG00000021567,0.2,0.0721100359035013
E-GEOD-5305-g2_g4,ENSMUSG00000021569,-0.4,0.0054951989028674
E-GEOD-5305-g2_g4,ENSMUSG00000021577,0.3,0.0200084270142833
E-GEOD-5305-g2_g4,ENSMUSG00000021591,0.5,0.0008564881579161
E-GEOD-5305-g2_g4,ENSMUSG00000021597,0.3,0.0491832379948304
E-GEOD-5305-g2_g4,ENSMUSG00000021608,-0.5,0.0019922274064633
E-GEOD-5305-g2_g4,ENSMUSG00000021619,0.3,0.0124400541463324
E-GEOD-5305-g2_g4,ENSMUSG00000021621,0.3,0.0122467364287941
E-GEOD-5305-g2_g4,ENSMUSG00000021629,0.3,0.026322694862541
E-GEOD-5305-g2_g4,ENSMUSG00000021639,0.4,0.0047084814755492
E-GEOD-5305-g2_g4,ENSMUSG00000021643,0.3,0.0191197371087064
E-GEOD-5305-g2_g4,ENSMUSG00000021645,-0.3,0.0197674266159992
E-GEOD-5305-g2_g4,ENSMUSG00000021650,-0.3,0.0388965406102376
E-GEOD-5305-g2_g4,ENSMUSG00000021665,0.5,0.0113377661954695
E-GEOD-5305-g2_g4,ENSMUSG00000021696,0.2,0.0453894419082813
E-GEOD-5305-g2_g4,ENSMUSG00000021716,0.3,0.0685168705575925
E-GEOD-5305-g2_g4,ENSMUSG00000021728,0.5,0.0006321435788273
E-GEOD-5305-g2_g4,ENSMUSG00000021731,-0.4,0.0091837262190899
E-GEOD-5305-g2_g4,ENSMUSG00000021749,-0.2,0.0830295844453563
E-GEOD-5305-g2_g4,ENSMUSG00000021756,0.7,0.0004005177310092
E-GEOD-5305-g2_g4,ENSMUSG00000021759,0.5,0.0016514215565775
E-GEOD-5305-g2_g4,ENSMUSG00000021760,0.7,0.000245815084097
E-GEOD-5305-g2_g4,ENSMUSG00000021764,0.7,0.0004331334672748
E-GEOD-5305-g2_g4,ENSMUSG00000021765,0.6,0.0010492938539768
E-GEOD-5305-g2_g4,ENSMUSG00000021774,0.5,0.0140693417031517
E-GEOD-5305-g2_g4,ENSMUSG00000021798,0.6,0.0011588174078434
E-GEOD-5305-g2_g4,ENSMUSG00000021806,0.7,0.0045238285690321
E-GEOD-5305-g2_g4,ENSMUSG00000021810,-0.3,0.0290981198453123
E-GEOD-5305-g2_g4,ENSMUSG00000021820,0.3,0.0088507167802099
E-GEOD-5305-g2_g4,ENSMUSG00000021832,0.3,0.0622584773922238
E-GEOD-5305-g2_g4,ENSMUSG00000021835,1.1,1.83833275847942e-05
E-GEOD-5305-g2_g4,ENSMUSG00000021876,1.1,0.0003714292271803
E-GEOD-5305-g2_g4,ENSMUSG00000021877,0.2,0.0504811155930909
E-GEOD-5305-g2_g4,ENSMUSG00000021891,0.3,0.0696705080063691
E-GEOD-5305-g2_g4,ENSMUSG00000021893,0.3,0.0309913188948364
E-GEOD-5305-g2_g4,ENSMUSG00000021928,0.4,0.0054951989028674
E-GEOD-5305-g2_g4,ENSMUSG00000021939,0.3,0.0146924614704197
E-GEOD-5305-g2_g4,ENSMUSG00000021950,-0.3,0.0198942179786402
E-GEOD-5305-g2_g4,ENSMUSG00000021967,0.3,0.0311635742018853
E-GEOD-5305-g2_g4,ENSMUSG00000021981,0.6,0.0016817810670825
E-GEOD-5305-g2_g4,ENSMUSG00000021982,-0.2,0.0492129997555797
E-GEOD-5305-g2_g4,ENSMUSG00000022010,0.4,0.0023765545239123
E-GEOD-5305-g2_g4,ENSMUSG00000022013,0.3,0.0211429153356015
E-GEOD-5305-g2_g4,ENSMUSG00000022024,0.7,0.0017104424202701
E-GEOD-5305-g2_g4,ENSMUSG00000022032,1.0,4.4752581469952e-05
E-GEOD-5305-g2_g4,ENSMUSG00000022040,0.2,0.0573090580813139
E-GEOD-5305-g2_g4,ENSMUSG00000022043,0.6,0.0014381546806486
E-GEOD-5305-g2_g4,ENSMUSG00000022051,0.3,0.0771421451347286
E-GEOD-5305-g2_g4,ENSMUSG00000022075,-0.4,0.012231245502742
E-GEOD-5305-g2_g4,ENSMUSG00000022089,-0.3,0.0330694281676493
E-GEOD-5305-g2_g4,ENSMUSG00000022094,-0.2,0.049447554369514
E-GEOD-5305-g2_g4,ENSMUSG00000022106,0.4,0.0050405115956077
E-GEOD-5305-g2_g4,ENSMUSG00000022108,0.7,0.0007344106915196
E-GEOD-5305-g2_g4,ENSMUSG00000022110,0.4,0.0272449824966721
E-GEOD-5305-g2_g4,ENSMUSG00000022125,0.2,0.0508242523817493
E-GEOD-5305-g2_g4,ENSMUSG00000022130,0.2,0.0908927808479841
E-GEOD-5305-g2_g4,ENSMUSG00000022131,0.3,0.0218620175362473
E-GEOD-5305-g2_g4,ENSMUSG00000022136,0.5,0.0006829497064063
E-GEOD-5305-g2_g4,ENSMUSG00000022144,-0.8,0.0001778134371282
E-GEOD-5305-g2_g4,ENSMUSG00000022156,-0.7,0.0001884721422252
E-GEOD-5305-g2_g4,ENSMUSG00000022157,-1.0,6.75260763293858e-06
E-GEOD-5305-g2_g4,ENSMUSG00000022159,0.5,0.0014573497013251
E-GEOD-5305-g2_g4,ENSMUSG00000022184,0.2,0.0873286026347647
E-GEOD-5305-g2_g4,ENSMUSG00000022186,0.6,0.0017979509540343
E-GEOD-5305-g2_g4,ENSMUSG00000022194,0.5,0.0009953569544406
E-GEOD-5305-g2_g4,ENSMUSG00000022200,0.3,0.0701195110472255
E-GEOD-5305-g2_g4,ENSMUSG00000022201,0.3,0.0230147023229382
E-GEOD-5305-g2_g4,ENSMUSG00000022205,0.4,0.0130625542632656
E-GEOD-5305-g2_g4,ENSMUSG00000022206,0.5,0.0075796801655006
E-GEOD-5305-g2_g4,ENSMUSG00000022210,-0.3,0.0497847927096485
E-GEOD-5305-g2_g4,ENSMUSG00000022221,-0.3,0.0317276230355825
E-GEOD-5305-g2_g4,ENSMUSG00000022231,-0.3,0.0155044151623762
E-GEOD-5305-g2_g4,ENSMUSG00000022236,0.5,0.0145875011722228
E-GEOD-5305-g2_g4,ENSMUSG00000022244,0.5,0.0161328717386937
E-GEOD-5305-g2_g4,ENSMUSG00000022270,0.2,0.0919574971353753
E-GEOD-5305-g2_g4,ENSMUSG00000022272,0.5,0.0015576322358403
E-GEOD-5305-g2_g4,ENSMUSG00000022283,-0.3,0.0366975686709372
E-GEOD-5305-g2_g4,ENSMUSG00000022307,0.5,0.004935487361494
E-GEOD-5305-g2_g4,ENSMUSG00000022323,0.5,0.0406076400459196
E-GEOD-5305-g2_g4,ENSMUSG00000022324,1.0,0.0006408368160526
E-GEOD-5305-g2_g4,ENSMUSG00000022332,0.2,0.0878435034863197
E-GEOD-5305-g2_g4,ENSMUSG00000022336,0.4,0.0090609893707607
E-GEOD-5305-g2_g4,ENSMUSG00000022337,0.7,0.0013011673074854
E-GEOD-5305-g2_g4,ENSMUSG00000022339,0.4,0.0179390284085359
E-GEOD-5305-g2_g4,ENSMUSG00000022351,0.3,0.0348078003942606
E-GEOD-5305-g2_g4,ENSMUSG00000022370,0.3,0.0296700436297023
E-GEOD-5305-g2_g4,ENSMUSG00000022391,-0.2,0.080459296112064
E-GEOD-5305-g2_g4,ENSMUSG00000022404,0.5,0.0041600363007386
E-GEOD-5305-g2_g4,ENSMUSG00000022407,-0.3,0.0243067439515673
E-GEOD-5305-g2_g4,ENSMUSG00000022415,-0.3,0.0082617664660256
E-GEOD-5305-g2_g4,ENSMUSG00000022419,0.3,0.0182339001431547
E-GEOD-5305-g2_g4,ENSMUSG00000022437,-0.4,0.0018449926246836
E-GEOD-5305-g2_g4,ENSMUSG00000022438,-0.2,0.0960750190895214
E-GEOD-5305-g2_g4,ENSMUSG00000022440,0.7,0.0002079492613985
E-GEOD-5305-g2_g4,ENSMUSG00000022450,0.4,0.0131432713328119
E-GEOD-5305-g2_g4,ENSMUSG00000022453,0.2,0.0553190565236929
E-GEOD-5305-g2_g4,ENSMUSG00000022471,-0.2,0.0491727330346995
E-GEOD-5305-g2_g4,ENSMUSG00000022479,0.9,3.96736202247437e-05
E-GEOD-5305-g2_g4,ENSMUSG00000022503,-0.3,0.0256159058679254
E-GEOD-5305-g2_g4,ENSMUSG00000022505,0.3,0.0221205488400496
E-GEOD-5305-g2_g4,ENSMUSG00000022551,-0.4,0.001706972766008
E-GEOD-5305-g2_g4,ENSMUSG00000022553,-0.4,0.0048452786056623
E-GEOD-5305-g2_g4,ENSMUSG00000022557,-0.3,0.0294660846986623
E-GEOD-5305-g2_g4,ENSMUSG00000022562,0.3,0.0401587482582695
E-GEOD-5305-g2_g4,ENSMUSG00000022564,0.2,0.0370923753407059
E-GEOD-5305-g2_g4,ENSMUSG00000022568,-0.4,0.0029413314507074
E-GEOD-5305-g2_g4,ENSMUSG00000022570,-0.3,0.0548817941674354
E-GEOD-5305-g2_g4,ENSMUSG00000022571,-0.3,0.038437371211837
E-GEOD-5305-g2_g4,ENSMUSG00000022583,0.2,0.0685168705575925
E-GEOD-5305-g2_g4,ENSMUSG00000022594,0.4,0.0032578572817816
E-GEOD-5305-g2_g4,ENSMUSG00000022602,-0.3,0.0423194136958205
E-GEOD-5305-g2_g4,ENSMUSG00000022610,-0.6,0.0004629270258692
E-GEOD-5305-g2_g4,ENSMUSG00000022620,0.7,0.0001055223438548
E-GEOD-5305-g2_g4,ENSMUSG00000022661,-0.2,0.0801187305368211
E-GEOD-5305-g2_g4,ENSMUSG00000022663,0.6,0.0018449926246836
E-GEOD-5305-g2_g4,ENSMUSG00000022665,0.3,0.0656705151327341
E-GEOD-5305-g2_g4,ENSMUSG00000022676,1.0,0.0001343937857139
E-GEOD-5305-g2_g4,ENSMUSG00000022681,0.3,0.0252540920702423
E-GEOD-5305-g2_g4,ENSMUSG00000022687,0.4,0.0070427723371178
E-GEOD-5305-g2_g4,ENSMUSG00000022744,-0.2,0.0986265832518411
E-GEOD-5305-g2_g4,ENSMUSG00000022749,0.3,0.040733747614061
E-GEOD-5305-g2_g4,ENSMUSG00000022750,0.3,0.0155044151623762
E-GEOD-5305-g2_g4,ENSMUSG00000022751,0.4,0.0155044151623762
E-GEOD-5305-g2_g4,ENSMUSG00000022754,0.8,0.0001664342989333
E-GEOD-5305-g2_g4,ENSMUSG00000022758,0.3,0.0271832833867447
E-GEOD-5305-g2_g4,ENSMUSG00000022770,0.4,0.0387966506336933
E-GEOD-5305-g2_g4,ENSMUSG00000022771,0.2,0.0457850052831874
E-GEOD-5305-g2_g4,ENSMUSG00000022791,-0.3,0.0223404449244943
E-GEOD-5305-g2_g4,ENSMUSG00000022797,-0.8,0.0008564881579161
E-GEOD-5305-g2_g4,ENSMUSG00000022808,0.5,0.0052009872885454
E-GEOD-5305-g2_g4,ENSMUSG00000022814,-0.3,0.0114935782597257
E-GEOD-5305-g2_g4,ENSMUSG00000022816,1.0,2.15259341066593e-05
E-GEOD-5305-g2_g4,ENSMUSG00000022867,0.3,0.0566619901482103
E-GEOD-5305-g2_g4,ENSMUSG00000022881,0.6,0.0013328564949349
E-GEOD-5305-g2_g4,ENSMUSG00000022883,0.3,0.0296964230162047
E-GEOD-5305-g2_g4,ENSMUSG00000022885,-0.6,0.000418524084814
E-GEOD-5305-g2_g4,ENSMUSG00000022887,1.2,7.60647143670901e-06
E-GEOD-5305-g2_g4,ENSMUSG00000022889,0.2,0.0860226967851229
E-GEOD-5305-g2_g4,ENSMUSG00000022892,0.4,0.008077870398407
E-GEOD-5305-g2_g4,ENSMUSG00000022893,0.5,0.0017593592448707
E-GEOD-5305-g2_g4,ENSMUSG00000022894,0.9,9.41172741966095e-05
E-GEOD-5305-g2_g4,ENSMUSG00000022895,-0.7,0.000206480853406
E-GEOD-5305-g2_g4,ENSMUSG00000022912,0.5,0.0069471289542391
E-GEOD-5305-g2_g4,ENSMUSG00000022935,0.2,0.0503564018523813
E-GEOD-5305-g2_g4,ENSMUSG00000022945,-0.3,0.0092367782446373
E-GEOD-5305-g2_g4,ENSMUSG00000022946,0.5,0.0110879611709893
E-GEOD-5305-g2_g4,ENSMUSG00000022947,-0.3,0.0131860592628214
E-GEOD-5305-g2_g4,ENSMUSG00000022962,-0.6,0.0008580803958171
E-GEOD-5305-g2_g4,ENSMUSG00000022964,0.3,0.0240670719692499
E-GEOD-5305-g2_g4,ENSMUSG00000022995,0.5,0.0096509618036426
E-GEOD-5305-g2_g4,ENSMUSG00000023008,-0.4,0.0753363697764315
E-GEOD-5305-g2_g4,ENSMUSG00000023015,-0.2,0.0843804164279158
E-GEOD-5305-g2_g4,ENSMUSG00000023020,0.5,0.0028890361649087
E-GEOD-5305-g2_g4,ENSMUSG00000023022,0.6,0.0008291082496786
E-GEOD-5305-g2_g4,ENSMUSG00000023031,0.3,0.0247770255771556
E-GEOD-5305-g2_g4,ENSMUSG00000023046,-0.5,0.0023760952868499
E-GEOD-5305-g2_g4,ENSMUSG00000023050,0.4,0.0062314616969607
E-GEOD-5305-g2_g4,ENSMUSG00000023067,-0.3,0.0318252373305897
E-GEOD-5305-g2_g4,ENSMUSG00000023087,-0.3,0.0389128683905709
E-GEOD-5305-g2_g4,ENSMUSG00000023089,0.5,0.0025462169361226
E-GEOD-5305-g2_g4,ENSMUSG00000023092,0.2,0.0650455508911568
E-GEOD-5305-g2_g4,ENSMUSG00000023104,-0.3,0.0089295898566842
E-GEOD-5305-g2_g4,ENSMUSG00000023110,-0.7,0.0001148044310811
E-GEOD-5305-g2_g4,ENSMUSG00000023150,0.3,0.0386419484628212
E-GEOD-5305-g2_g4,ENSMUSG00000023170,-0.2,0.0637928681435466
E-GEOD-5305-g2_g4,ENSMUSG00000023175,0.3,0.031297538543895
E-GEOD-5305-g2_g4,ENSMUSG00000023186,0.4,0.0076309537689358
E-GEOD-5305-g2_g4,ENSMUSG00000023191,0.4,0.004518938896188
E-GEOD-5305-g2_g4,ENSMUSG00000023243,-0.5,0.0018759938850856
E-GEOD-5305-g2_g4,ENSMUSG00000023249,0.6,0.0008901693917464
E-GEOD-5305-g2_g4,ENSMUSG00000023307,0.3,0.0328539155310998
E-GEOD-5305-g2_g4,ENSMUSG00000023348,-0.3,0.0166106436290455
E-GEOD-5305-g2_g4,ENSMUSG00000023391,0.3,0.035647011521895
E-GEOD-5305-g2_g4,ENSMUSG00000023460,0.4,0.0076255328030345
E-GEOD-5305-g2_g4,ENSMUSG00000023505,-0.2,0.0811444669564192
E-GEOD-5305-g2_g4,ENSMUSG00000023572,0.5,0.0027459588700595
E-GEOD-5305-g2_g4,ENSMUSG00000023791,0.2,0.0527361511370227
E-GEOD-5305-g2_g4,ENSMUSG00000023800,0.6,0.0017570411110046
E-GEOD-5305-g2_g4,ENSMUSG00000023805,-0.2,0.0430295368410671
E-GEOD-5305-g2_g4,ENSMUSG00000023830,0.8,0.0002025962336482
E-GEOD-5305-g2_g4,ENSMUSG00000023885,0.5,0.0012156610624362
E-GEOD-5305-g2_g4,ENSMUSG00000023886,1.2,6.49862284426916e-05
E-GEOD-5305-g2_g4,ENSMUSG00000023904,0.4,0.005198252593688
E-GEOD-5305-g2_g4,ENSMUSG00000023905,-0.4,0.0114587699968977
E-GEOD-5305-g2_g4,ENSMUSG00000023960,0.4,0.0129327827004577
E-GEOD-5305-g2_g4,ENSMUSG00000023988,-0.5,0.0025382985341386
E-GEOD-5305-g2_g4,ENSMUSG00000024014,-0.2,0.0730017694270269
E-GEOD-5305-g2_g4,ENSMUSG00000024037,-0.7,0.0003171983519418
E-GEOD-5305-g2_g4,ENSMUSG00000024038,0.3,0.0252348010653384
E-GEOD-5305-g2_g4,ENSMUSG00000024052,0.4,0.0050989397408229
E-GEOD-5305-g2_g4,ENSMUSG00000024063,-0.7,0.0002518722102601
E-GEOD-5305-g2_g4,ENSMUSG00000024065,0.6,0.000418524084814
E-GEOD-5305-g2_g4,ENSMUSG00000024066,0.4,0.0171858761136917
E-GEOD-5305-g2_g4,ENSMUSG00000024072,0.6,0.0015364118139012
E-GEOD-5305-g2_g4,ENSMUSG00000024074,0.3,0.0441496966860286
E-GEOD-5305-g2_g4,ENSMUSG00000024078,-0.3,0.0156159979201177
E-GEOD-5305-g2_g4,ENSMUSG00000024084,0.2,0.0736115159053848
E-GEOD-5305-g2_g4,ENSMUSG00000024085,-0.4,0.0153757035285758
E-GEOD-5305-g2_g4,ENSMUSG00000024097,-0.2,0.0739382741463063
E-GEOD-5305-g2_g4,ENSMUSG00000024098,0.3,0.0294558135344417
E-GEOD-5305-g2_g4,ENSMUSG00000024099,0.3,0.0164214041902914
E-GEOD-5305-g2_g4,ENSMUSG00000024104,0.3,0.0925217540670748
E-GEOD-5305-g2_g4,ENSMUSG00000024122,0.3,0.0176729620336507
E-GEOD-5305-g2_g4,ENSMUSG00000024127,-0.3,0.0858393525795517
E-GEOD-5305-g2_g4,ENSMUSG00000024130,-0.4,0.0099775613227514
E-GEOD-5305-g2_g4,ENSMUSG00000024143,0.4,0.0093892082618945
E-GEOD-5305-g2_g4,ENSMUSG00000024146,0.5,0.0006691138109579
E-GEOD-5305-g2_g4,ENSMUSG00000024151,-0.2,0.0311073955338996
E-GEOD-5305-g2_g4,ENSMUSG00000024163,0.6,0.0024738456849866
E-GEOD-5305-g2_g4,ENSMUSG00000024169,-0.3,0.0192209023666986
E-GEOD-5305-g2_g4,ENSMUSG00000024170,-0.3,0.0439813375110037
E-GEOD-5305-g2_g4,ENSMUSG00000024177,-0.3,0.0484415427827676
E-GEOD-5305-g2_g4,ENSMUSG00000024181,-0.4,0.0088507167802099
E-GEOD-5305-g2_g4,ENSMUSG00000024190,0.4,0.0029392178716086
E-GEOD-5305-g2_g4,ENSMUSG00000024212,-0.3,0.0256400316551106
E-GEOD-5305-g2_g4,ENSMUSG00000024287,-0.2,0.0709579566354637
E-GEOD-5305-g2_g4,ENSMUSG00000024304,0.5,0.0016384969680139
E-GEOD-5305-g2_g4,ENSMUSG00000024308,0.3,0.0131860592628214
E-GEOD-5305-g2_g4,ENSMUSG00000024309,-0.4,0.0015643219723135
E-GEOD-5305-g2_g4,ENSMUSG00000024312,-0.3,0.0288922273858147
E-GEOD-5305-g2_g4,ENSMUSG00000024325,0.2,0.0760712884522546
E-GEOD-5305-g2_g4,ENSMUSG00000024346,0.3,0.0463789598643072
E-GEOD-5305-g2_g4,ENSMUSG00000024350,0.6,0.0003027663052019
E-GEOD-5305-g2_g4,ENSMUSG00000024410,0.3,0.0247980232634704
E-GEOD-5305-g2_g4,ENSMUSG00000024413,0.4,0.068827441768513
E-GEOD-5305-g2_g4,ENSMUSG00000024423,0.4,0.0158651512800119
E-GEOD-5305-g2_g4,ENSMUSG00000024431,0.3,0.024611511623932
E-GEOD-5305-g2_g4,ENSMUSG00000024462,0.3,0.0228429055237759
E-GEOD-5305-g2_g4,ENSMUSG00000024487,0.3,0.034298460710138
E-GEOD-5305-g2_g4,ENSMUSG00000024493,-0.4,0.0046858889720995
E-GEOD-5305-g2_g4,ENSMUSG00000024501,0.5,0.0018719026866387
E-GEOD-5305-g2_g4,ENSMUSG00000024513,0.2,0.0614057154736156
E-GEOD-5305-g2_g4,ENSMUSG00000024516,0.6,0.0052428980143121
E-GEOD-5305-g2_g4,ENSMUSG00000024529,0.7,0.0009604074153456
E-GEOD-5305-g2_g4,ENSMUSG00000024537,-0.4,0.013664804447095
E-GEOD-5305-g2_g4,ENSMUSG00000024576,0.3,0.0227301769778461
E-GEOD-5305-g2_g4,ENSMUSG00000024587,-0.3,0.0150213633727814
E-GEOD-5305-g2_g4,ENSMUSG00000024601,0.3,0.0298837977834316
E-GEOD-5305-g2_g4,ENSMUSG00000024603,0.2,0.0935754708617692
E-GEOD-5305-g2_g4,ENSMUSG00000024613,-0.4,0.0046243013519825
E-GEOD-5305-g2_g4,ENSMUSG00000024620,0.5,0.0082258030623808
E-GEOD-5305-g2_g4,ENSMUSG00000024640,-0.7,0.0002653718463926
E-GEOD-5305-g2_g4,ENSMUSG00000024644,-0.6,0.0013646945902698
E-GEOD-5305-g2_g4,ENSMUSG00000024646,0.8,0.0001906978942276
E-GEOD-5305-g2_g4,ENSMUSG00000024659,0.3,0.0234676542819062
E-GEOD-5305-g2_g4,ENSMUSG00000024660,-0.5,0.0012464226851312
E-GEOD-5305-g2_g4,ENSMUSG00000024668,0.3,0.0173498115797643
E-GEOD-5305-g2_g4,ENSMUSG00000024683,-0.3,0.0190225612197159
E-GEOD-5305-g2_g4,ENSMUSG00000024691,-0.4,0.0622689126542114
E-GEOD-5305-g2_g4,ENSMUSG00000024725,0.4,0.0066184433515755
E-GEOD-5305-g2_g4,ENSMUSG00000024732,-0.5,0.0015663939004159
E-GEOD-5305-g2_g4,ENSMUSG00000024735,-0.4,0.0170068239518112
E-GEOD-5305-g2_g4,ENSMUSG00000024742,-0.3,0.0361803335507846
E-GEOD-5305-g2_g4,ENSMUSG00000024750,0.3,0.0341565478364474
E-GEOD-5305-g2_g4,ENSMUSG00000024754,0.6,0.0025682108803416
E-GEOD-5305-g2_g4,ENSMUSG00000024764,-0.3,0.05133835172522
E-GEOD-5305-g2_g4,ENSMUSG00000024772,-0.5,0.0070298142283646
E-GEOD-5305-g2_g4,ENSMUSG00000024774,-0.3,0.0431025944382541
E-GEOD-5305-g2_g4,ENSMUSG00000024781,0.6,0.0018828358073012
E-GEOD-5305-g2_g4,ENSMUSG00000024790,-0.3,0.0116635667053143
E-GEOD-5305-g2_g4,ENSMUSG00000024791,-0.4,0.0023388545291212
E-GEOD-5305-g2_g4,ENSMUSG00000024799,0.4,0.0045553643151953
E-GEOD-5305-g2_g4,ENSMUSG00000024811,0.2,0.0944871101744756
E-GEOD-5305-g2_g4,ENSMUSG00000024812,-0.6,0.0017332979099595
E-GEOD-5305-g2_g4,ENSMUSG00000024833,-0.3,0.0144853720860776
E-GEOD-5305-g2_g4,ENSMUSG00000024843,-0.4,0.0054951989028674
E-GEOD-5305-g2_g4,ENSMUSG00000024846,-0.4,0.0112758135656714
E-GEOD-5305-g2_g4,ENSMUSG00000024853,-0.3,0.0192209023666986
E-GEOD-5305-g2_g4,ENSMUSG00000024856,-0.4,0.035647011521895
E-GEOD-5305-g2_g4,ENSMUSG00000024866,-0.3,0.0801187305368211
E-GEOD-5305-g2_g4,ENSMUSG00000024878,0.3,0.0285508139164914
E-GEOD-5305-g2_g4,ENSMUSG00000024883,-0.9,0.0001208416175768
E-GEOD-5305-g2_g4,ENSMUSG00000024891,-0.4,0.0363826711978091
E-GEOD-5305-g2_g4,ENSMUSG00000024892,0.2,0.0796750802970625
E-GEOD-5305-g2_g4,ENSMUSG00000024900,0.3,0.069451379617328
E-GEOD-5305-g2_g4,ENSMUSG00000024902,-0.2,0.07377104912465
E-GEOD-5305-g2_g4,ENSMUSG00000024910,-0.6,0.0012115634567166
E-GEOD-5305-g2_g4,ENSMUSG00000024912,-0.5,0.0202915603760772
E-GEOD-5305-g2_g4,ENSMUSG00000024924,0.5,0.0004886144625969
E-GEOD-5305-g2_g4,ENSMUSG00000024943,-0.3,0.0472457987382502
E-GEOD-5305-g2_g4,ENSMUSG00000024949,-0.4,0.0044894957457737
E-GEOD-5305-g2_g4,ENSMUSG00000024966,-0.3,0.0216939043561049
E-GEOD-5305-g2_g4,ENSMUSG00000024974,-0.4,0.0148917681830363
E-GEOD-5305-g2_g4,ENSMUSG00000024975,0.4,0.0147473526527749
E-GEOD-5305-g2_g4,ENSMUSG00000024978,0.2,0.0469492914584246
E-GEOD-5305-g2_g4,ENSMUSG00000024991,-0.5,0.0151757417006301
E-GEOD-5305-g2_g4,ENSMUSG00000025025,0.5,0.0017997883303239
E-GEOD-5305-g2_g4,ENSMUSG00000025037,0.3,0.0426171005965454
E-GEOD-5305-g2_g4,ENSMUSG00000025041,0.2,0.068827441768513
E-GEOD-5305-g2_g4,ENSMUSG00000025060,-0.3,0.0513920250879469
E-GEOD-5305-g2_g4,ENSMUSG00000025068,-0.5,0.00063887441193
E-GEOD-5305-g2_g4,ENSMUSG00000025085,0.3,0.046029559533477
E-GEOD-5305-g2_g4,ENSMUSG00000025102,0.3,0.0526966467616658
E-GEOD-5305-g2_g4,ENSMUSG00000025140,0.3,0.0126628390474928
E-GEOD-5305-g2_g4,ENSMUSG00000025144,-0.4,0.0029720614012913
E-GEOD-5305-g2_g4,ENSMUSG00000025150,1.0,5.50193316914241e-05
E-GEOD-5305-g2_g4,ENSMUSG00000025151,0.3,0.0370488986900761
E-GEOD-5305-g2_g4,ENSMUSG00000025153,-0.3,0.0338670333373793
E-GEOD-5305-g2_g4,ENSMUSG00000025155,-0.2,0.0870219744241859
E-GEOD-5305-g2_g4,ENSMUSG00000025175,-0.4,0.0162140406402961
E-GEOD-5305-g2_g4,ENSMUSG00000025204,-0.3,0.0200084270142833
E-GEOD-5305-g2_g4,ENSMUSG00000025213,0.4,0.0032222802357482
E-GEOD-5305-g2_g4,ENSMUSG00000025218,-0.3,0.0224614176593203
E-GEOD-5305-g2_g4,ENSMUSG00000025220,0.2,0.048934601911188
E-GEOD-5305-g2_g4,ENSMUSG00000025229,-0.5,0.0054951989028674
E-GEOD-5305-g2_g4,ENSMUSG00000025239,-0.3,0.0927476719280858
E-GEOD-5305-g2_g4,ENSMUSG00000025245,0.2,0.0608042669734128
E-GEOD-5305-g2_g4,ENSMUSG00000025264,-0.3,0.0074836764155696
E-GEOD-5305-g2_g4,ENSMUSG00000025277,-0.5,0.0015280321842701
E-GEOD-5305-g2_g4,ENSMUSG00000025280,-0.2,0.0702665885484422
E-GEOD-5305-g2_g4,ENSMUSG00000025287,0.3,0.0602380704880232
E-GEOD-5305-g2_g4,ENSMUSG00000025289,0.3,0.0142289874089907
E-GEOD-5305-g2_g4,ENSMUSG00000025290,0.2,0.0812731999963636
E-GEOD-5305-g2_g4,ENSMUSG00000025348,-0.4,0.0046800515226605
E-GEOD-5305-g2_g4,ENSMUSG00000025364,-0.4,0.0175590780674273
E-GEOD-5305-g2_g4,ENSMUSG00000025381,0.5,0.0025382985341386
E-GEOD-5305-g2_g4,ENSMUSG00000025403,-0.9,9.62849978288256e-05
E-GEOD-5305-g2_g4,ENSMUSG00000025408,0.6,0.0004705598689908
E-GEOD-5305-g2_g4,ENSMUSG00000025465,0.7,0.0035466199087918
E-GEOD-5305-g2_g4,ENSMUSG00000025466,0.4,0.0070192410470048
E-GEOD-5305-g2_g4,ENSMUSG00000025473,0.3,0.0751001418534122
E-GEOD-5305-g2_g4,ENSMUSG00000025478,-0.2,0.0941804479627845
E-GEOD-5305-g2_g4,ENSMUSG00000025487,-0.5,0.0013011673074854
E-GEOD-5305-g2_g4,ENSMUSG00000025491,-0.5,0.0039264949598816
E-GEOD-5305-g2_g4,ENSMUSG00000025499,-0.4,0.0056906225942628
E-GEOD-5305-g2_g4,ENSMUSG00000025503,-0.3,0.0192100179937025
E-GEOD-5305-g2_g4,ENSMUSG00000025509,-0.3,0.0393241121407298
E-GEOD-5305-g2_g4,ENSMUSG00000025512,0.3,0.03042396244531
E-GEOD-5305-g2_g4,ENSMUSG00000025525,0.3,0.0178161966630609
E-GEOD-5305-g2_g4,ENSMUSG00000025533,-0.2,0.0785729617284193
E-GEOD-5305-g2_g4,ENSMUSG00000025545,0.7,0.0043185540962384
E-GEOD-5305-g2_g4,ENSMUSG00000025577,-0.3,0.0170695601963987
E-GEOD-5305-g2_g4,ENSMUSG00000025579,0.4,0.0053751449937425
E-GEOD-5305-g2_g4,ENSMUSG00000025582,-0.4,0.005894923474539
E-GEOD-5305-g2_g4,ENSMUSG00000025584,0.6,0.0009476613814786
E-GEOD-5305-g2_g4,ENSMUSG00000025616,0.3,0.0284904453124479
E-GEOD-5305-g2_g4,ENSMUSG00000025630,0.3,0.0249769182661339
E-GEOD-5305-g2_g4,ENSMUSG00000025651,-0.3,0.0161417171320382
E-GEOD-5305-g2_g4,ENSMUSG00000025724,0.3,0.0247302723973527
E-GEOD-5305-g2_g4,ENSMUSG00000025728,-0.4,0.0063356351024349
E-GEOD-5305-g2_g4,ENSMUSG00000025732,-0.6,0.0009604074153456
E-GEOD-5305-g2_g4,ENSMUSG00000025743,1.2,1.03009370348824e-05
E-GEOD-5305-g2_g4,ENSMUSG00000025791,0.3,0.0162504687750309
E-GEOD-5305-g2_g4,ENSMUSG00000025792,-0.2,0.0749251383687214
E-GEOD-5305-g2_g4,ENSMUSG00000025794,-0.5,0.0029413314507074
E-GEOD-5305-g2_g4,ENSMUSG00000025809,0.4,0.0075432157344318
E-GEOD-5305-g2_g4,ENSMUSG00000025817,0.3,0.0319008615268021
E-GEOD-5305-g2_g4,ENSMUSG00000025821,-0.3,0.0365725714785446
E-GEOD-5305-g2_g4,ENSMUSG00000025856,-0.4,0.0028548536766107
E-GEOD-5305-g2_g4,ENSMUSG00000025857,-0.3,0.0252348010653384
E-GEOD-5305-g2_g4,ENSMUSG00000025869,-0.5,0.0014381546806486
E-GEOD-5305-g2_g4,ENSMUSG00000025872,-0.3,0.0183322528065823
E-GEOD-5305-g2_g4,ENSMUSG00000025875,0.6,0.0008328402598844
E-GEOD-5305-g2_g4,ENSMUSG00000025878,0.3,0.029947193595562
E-GEOD-5305-g2_g4,ENSMUSG00000025880,0.2,0.0802928915555537
E-GEOD-5305-g2_g4,ENSMUSG00000025917,0.3,0.0307822269045329
E-GEOD-5305-g2_g4,ENSMUSG00000025937,0.5,0.0118970577442772
E-GEOD-5305-g2_g4,ENSMUSG00000025939,0.4,0.0057732506273904
E-GEOD-5305-g2_g4,ENSMUSG00000025940,0.5,0.0185078703341083
E-GEOD-5305-g2_g4,ENSMUSG00000025950,0.4,0.025035271111658
E-GEOD-5305-g2_g4,ENSMUSG00000025962,0.4,0.0113050081440631
E-GEOD-5305-g2_g4,ENSMUSG00000025969,0.5,0.0019922274064633
E-GEOD-5305-g2_g4,ENSMUSG00000026000,0.3,0.006353267200713
E-GEOD-5305-g2_g4,ENSMUSG00000026029,0.4,0.0120047772480271
E-GEOD-5305-g2_g4,ENSMUSG00000026042,0.4,0.0020775881772222
E-GEOD-5305-g2_g4,ENSMUSG00000026043,0.7,0.0005044807729091
E-GEOD-5305-g2_g4,ENSMUSG00000026048,0.2,0.0654977524303563
E-GEOD-5305-g2_g4,ENSMUSG00000026072,0.2,0.0853120882234693
E-GEOD-5305-g2_g4,ENSMUSG00000026078,0.2,0.0925255147667521
E-GEOD-5305-g2_g4,ENSMUSG00000026082,0.2,0.0991118794223134
E-GEOD-5305-g2_g4,ENSMUSG00000026083,-0.2,0.0973141777296869
E-GEOD-5305-g2_g4,ENSMUSG00000026087,0.2,0.0986265832518411
E-GEOD-5305-g2_g4,ENSMUSG00000026094,-0.5,0.0192100179937025
E-GEOD-5305-g2_g4,ENSMUSG00000026104,0.3,0.0821172279938929
E-GEOD-5305-g2_g4,ENSMUSG00000026109,0.9,0.0002357729367987
E-GEOD-5305-g2_g4,ENSMUSG00000026111,0.3,0.0216939043561049
E-GEOD-5305-g2_g4,ENSMUSG00000026127,-0.3,0.0202915603760772
E-GEOD-5305-g2_g4,ENSMUSG00000026150,0.3,0.0685404898111812
E-GEOD-5305-g2_g4,ENSMUSG00000026154,0.7,0.0002196844046302
E-GEOD-5305-g2_g4,ENSMUSG00000026167,-0.7,0.000406138155159
E-GEOD-5305-g2_g4,ENSMUSG00000026185,-0.6,0.0035230294383571
E-GEOD-5305-g2_g4,ENSMUSG00000026193,0.4,0.0061477970598437
E-GEOD-5305-g2_g4,ENSMUSG00000026202,-0.6,0.0004705598689908
E-GEOD-5305-g2_g4,ENSMUSG00000026208,-0.4,0.0044658772932975
E-GEOD-5305-g2_g4,ENSMUSG00000026223,0.3,0.0076637460397413
E-GEOD-5305-g2_g4,ENSMUSG00000026249,2.1,1.68485272050421e-07
E-GEOD-5305-g2_g4,ENSMUSG00000026255,0.5,0.0021558935391344
E-GEOD-5305-g2_g4,ENSMUSG00000026259,-0.6,0.0004574212025603
E-GEOD-5305-g2_g4,ENSMUSG00000026274,-0.3,0.0570774103444505
E-GEOD-5305-g2_g4,ENSMUSG00000026278,-0.3,0.0197115738538184
E-GEOD-5305-g2_g4,ENSMUSG00000026281,-0.3,0.0073970592623828
E-GEOD-5305-g2_g4,ENSMUSG00000026305,0.3,0.0482873399576622
E-GEOD-5305-g2_g4,ENSMUSG00000026317,-0.2,0.0667281586921085
E-GEOD-5305-g2_g4,ENSMUSG00000026335,0.4,0.0214148149947945
E-GEOD-5305-g2_g4,ENSMUSG00000026342,0.3,0.007542517627772
E-GEOD-5305-g2_g4,ENSMUSG00000026356,0.3,0.0567852029955067
E-GEOD-5305-g2_g4,ENSMUSG00000026360,0.4,0.0296159944876271
E-GEOD-5305-g2_g4,ENSMUSG00000026385,0.6,0.0015663939004159
E-GEOD-5305-g2_g4,ENSMUSG00000026411,0.3,0.0246603954865466
E-GEOD-5305-g2_g4,ENSMUSG00000026414,-0.9,0.0001958942856618
E-GEOD-5305-g2_g4,ENSMUSG00000026418,-0.7,0.0003766549293078
E-GEOD-5305-g2_g4,ENSMUSG00000026425,0.3,0.0831610154529931
E-GEOD-5305-g2_g4,ENSMUSG00000026426,0.3,0.0301748889812046
E-GEOD-5305-g2_g4,ENSMUSG00000026427,-0.3,0.0348758940344094
E-GEOD-5305-g2_g4,ENSMUSG00000026429,0.4,0.0027517383688006
E-GEOD-5305-g2_g4,ENSMUSG00000026430,0.4,0.0258604107391179
E-GEOD-5305-g2_g4,ENSMUSG00000026434,-0.2,0.0920118974299506
E-GEOD-5305-g2_g4,ENSMUSG00000026473,0.5,0.023574712483426
E-GEOD-5305-g2_g4,ENSMUSG00000026478,0.3,0.0427982604506565
E-GEOD-5305-g2_g4,ENSMUSG00000026511,0.5,0.0023269004312616
E-GEOD-5305-g2_g4,ENSMUSG00000026520,-0.4,0.004956888699426
E-GEOD-5305-g2_g4,ENSMUSG00000026526,0.2,0.0973141777296869
E-GEOD-5305-g2_g4,ENSMUSG00000026535,0.7,0.0014381546806486
E-GEOD-5305-g2_g4,ENSMUSG00000026547,-0.3,0.0083324760991876
E-GEOD-5305-g2_g4,ENSMUSG00000026568,0.5,0.0030584842513232
E-GEOD-5305-g2_g4,ENSMUSG00000026585,0.5,0.003567969813552
E-GEOD-5305-g2_g4,ENSMUSG00000026586,0.7,0.0032746226475186
E-GEOD-5305-g2_g4,ENSMUSG00000026589,0.4,0.0095761178320731
E-GEOD-5305-g2_g4,ENSMUSG00000026600,0.3,0.0436771543173377
E-GEOD-5305-g2_g4,ENSMUSG00000026605,-0.3,0.0405289530787222
E-GEOD-5305-g2_g4,ENSMUSG00000026639,-1.0,5.50193316914241e-05
E-GEOD-5305-g2_g4,ENSMUSG00000026640,0.3,0.0088507167802099
E-GEOD-5305-g2_g4,ENSMUSG00000026655,-0.3,0.0513233624512238
E-GEOD-5305-g2_g4,ENSMUSG00000026664,0.7,0.0019049840470307
E-GEOD-5305-g2_g4,ENSMUSG00000026670,0.3,0.0460240510893825
E-GEOD-5305-g2_g4,ENSMUSG00000026696,0.4,0.0226834835579718
E-GEOD-5305-g2_g4,ENSMUSG00000026698,0.4,0.0016817810670825
E-GEOD-5305-g2_g4,ENSMUSG00000026701,-0.3,0.0100232444632162
E-GEOD-5305-g2_g4,ENSMUSG00000026707,-0.3,0.0193919269494338
E-GEOD-5305-g2_g4,ENSMUSG00000026727,0.3,0.0192209023666986
E-GEOD-5305-g2_g4,ENSMUSG00000026730,0.2,0.0701041142357523
E-GEOD-5305-g2_g4,ENSMUSG00000026743,0.2,0.0876330253496077
E-GEOD-5305-g2_g4,ENSMUSG00000026767,0.2,0.0971757700269178
E-GEOD-5305-g2_g4,ENSMUSG00000026775,0.2,0.0788424399882721
E-GEOD-5305-g2_g4,ENSMUSG00000026797,0.3,0.0178782324170152
E-GEOD-5305-g2_g4,ENSMUSG00000026798,-0.4,0.0039863068614543
E-GEOD-5305-g2_g4,ENSMUSG00000026816,-0.3,0.0385246683564398
E-GEOD-5305-g2_g4,ENSMUSG00000026817,0.4,0.0080566732481839
E-GEOD-5305-g2_g4,ENSMUSG00000026820,-0.4,0.0110879611709893
E-GEOD-5305-g2_g4,ENSMUSG00000026825,0.4,0.0199480156541329
E-GEOD-5305-g2_g4,ENSMUSG00000026827,-0.3,0.0120369008222864
E-GEOD-5305-g2_g4,ENSMUSG00000026833,-0.2,0.0921837593198408
E-GEOD-5305-g2_g4,ENSMUSG00000026837,0.6,0.0002196844046302
E-GEOD-5305-g2_g4,ENSMUSG00000026849,0.2,0.0529125595101882
E-GEOD-5305-g2_g4,ENSMUSG00000026857,-0.4,0.001879456594491
E-GEOD-5305-g2_g4,ENSMUSG00000026858,-0.2,0.0491635346722442
E-GEOD-5305-g2_g4,ENSMUSG00000026864,0.3,0.0457850052831874
E-GEOD-5305-g2_g4,ENSMUSG00000026879,0.5,0.0014483292803774
E-GEOD-5305-g2_g4,ENSMUSG00000026888,0.7,0.0001407236741345
E-GEOD-5305-g2_g4,ENSMUSG00000026890,0.4,0.006897231482549
E-GEOD-5305-g2_g4,ENSMUSG00000026914,0.4,0.018014914119329
E-GEOD-5305-g2_g4,ENSMUSG00000026917,-0.3,0.0114036222872107
E-GEOD-5305-g2_g4,ENSMUSG00000026925,0.2,0.0691764074695084
E-GEOD-5305-g2_g4,ENSMUSG00000026946,0.3,0.0489282484887536
E-GEOD-5305-g2_g4,ENSMUSG00000026956,0.2,0.084713371891599
E-GEOD-5305-g2_g4,ENSMUSG00000026958,0.6,0.0004351005912743
E-GEOD-5305-g2_g4,ENSMUSG00000027006,0.4,0.0055839357336984
E-GEOD-5305-g2_g4,ENSMUSG00000027007,-0.2,0.0942697413037382
E-GEOD-5305-g2_g4,ENSMUSG00000027030,-0.3,0.0376004458223566
E-GEOD-5305-g2_g4,ENSMUSG00000027067,-0.3,0.0073558540108535
E-GEOD-5305-g2_g4,ENSMUSG00000027087,-0.5,0.0088197366634418
E-GEOD-5305-g2_g4,ENSMUSG00000027088,0.2,0.0508242523817493
E-GEOD-5305-g2_g4,ENSMUSG00000027099,0.6,0.0047401685936958
E-GEOD-5305-g2_g4,ENSMUSG00000027111,-0.5,0.0027459588700595
E-GEOD-5305-g2_g4,ENSMUSG00000027131,0.2,0.0935905958007742
E-GEOD-5305-g2_g4,ENSMUSG00000027133,-0.3,0.0208799747319766
E-GEOD-5305-g2_g4,ENSMUSG00000027160,0.3,0.0536652839602789
E-GEOD-5305-g2_g4,ENSMUSG00000027165,0.9,0.0012685907630128
E-GEOD-5305-g2_g4,ENSMUSG00000027180,0.3,0.0434575734332897
E-GEOD-5305-g2_g4,ENSMUSG00000027184,-0.3,0.0920118974299506
E-GEOD-5305-g2_g4,ENSMUSG00000027187,0.4,0.0373529936351387
E-GEOD-5305-g2_g4,ENSMUSG00000027189,0.4,0.0134862613022918
E-GEOD-5305-g2_g4,ENSMUSG00000027198,0.3,0.0173498115797643
E-GEOD-5305-g2_g4,ENSMUSG00000027199,-0.5,0.0032222802357482
E-GEOD-5305-g2_g4,ENSMUSG00000027207,0.8,0.0010031770424897
E-GEOD-5305-g2_g4,ENSMUSG00000027208,0.3,0.0156615776780312
E-GEOD-5305-g2_g4,ENSMUSG00000027215,-0.3,0.0202639249115344
E-GEOD-5305-g2_g4,ENSMUSG00000027221,0.3,0.0356367829016815
E-GEOD-5305-g2_g4,ENSMUSG00000027223,0.2,0.0763628641204832
E-GEOD-5305-g2_g4,ENSMUSG00000027248,0.5,0.0078339897069206
E-GEOD-5305-g2_g4,ENSMUSG00000027253,0.3,0.041906469507328
E-GEOD-5305-g2_g4,ENSMUSG00000027287,0.2,0.0670043557442757
E-GEOD-5305-g2_g4,ENSMUSG00000027293,-0.4,0.0035466199087918
E-GEOD-5305-g2_g4,ENSMUSG00000027303,0.3,0.0109372161854631
E-GEOD-5305-g2_g4,ENSMUSG00000027313,-0.8,0.0015159317347143
E-GEOD-5305-g2_g4,ENSMUSG00000027315,-0.5,0.0009457512581569
E-GEOD-5305-g2_g4,ENSMUSG00000027323,-0.3,0.0311662775442141
E-GEOD-5305-g2_g4,ENSMUSG00000027327,-0.4,0.023028774946817
E-GEOD-5305-g2_g4,ENSMUSG00000027330,-0.6,0.0005020967295978
E-GEOD-5305-g2_g4,ENSMUSG00000027333,-0.2,0.0842268758967996
E-GEOD-5305-g2_g4,ENSMUSG00000027339,0.6,0.0028496058012088
E-GEOD-5305-g2_g4,ENSMUSG00000027346,-0.3,0.081051134572153
E-GEOD-5305-g2_g4,ENSMUSG00000027359,-0.3,0.070931114703578
E-GEOD-5305-g2_g4,ENSMUSG00000027386,2.1,4.88935088578339e-08
E-GEOD-5305-g2_g4,ENSMUSG00000027394,-0.3,0.0294660846986623
E-GEOD-5305-g2_g4,ENSMUSG00000027395,-0.3,0.0275097485615244
E-GEOD-5305-g2_g4,ENSMUSG00000027422,0.2,0.0489282484887536
E-GEOD-5305-g2_g4,ENSMUSG00000027423,0.4,0.0396698985680151
E-GEOD-5305-g2_g4,ENSMUSG00000027428,0.5,0.0050989397408229
E-GEOD-5305-g2_g4,ENSMUSG00000027447,0.6,0.0009604074153456
E-GEOD-5305-g2_g4,ENSMUSG00000027454,0.4,0.0048452786056623
E-GEOD-5305-g2_g4,ENSMUSG00000027460,0.7,0.0002198114807121
E-GEOD-5305-g2_g4,ENSMUSG00000027472,0.3,0.0219227576848826
E-GEOD-5305-g2_g4,ENSMUSG00000027496,-0.5,0.0013656375120191
E-GEOD-5305-g2_g4,ENSMUSG00000027510,-0.5,0.0026392948147677
E-GEOD-5305-g2_g4,ENSMUSG00000027555,1.3,2.52666177074941e-05
E-GEOD-5305-g2_g4,ENSMUSG00000027559,2.1,9.90185590239229e-06
E-GEOD-5305-g2_g4,ENSMUSG00000027562,0.6,0.0003830471061386
E-GEOD-5305-g2_g4,ENSMUSG00000027566,-0.4,0.0134862613022918
E-GEOD-5305-g2_g4,ENSMUSG00000027589,0.4,0.0252414269085376
E-GEOD-5305-g2_g4,ENSMUSG00000027603,0.4,0.0036130034735864
E-GEOD-5305-g2_g4,ENSMUSG00000027605,0.7,0.0002361336568891
E-GEOD-5305-g2_g4,ENSMUSG00000027610,-0.3,0.031297538543895
E-GEOD-5305-g2_g4,ENSMUSG00000027611,0.3,0.0090804125347356
E-GEOD-5305-g2_g4,ENSMUSG00000027613,-0.5,0.0017965854599774
E-GEOD-5305-g2_g4,ENSMUSG00000027615,0.3,0.0396614902637307
E-GEOD-5305-g2_g4,ENSMUSG00000027628,-0.3,0.0147212366356326
E-GEOD-5305-g2_g4,ENSMUSG00000027634,0.3,0.0509911326014909
E-GEOD-5305-g2_g4,ENSMUSG00000027643,-0.2,0.0806276954470006
E-GEOD-5305-g2_g4,ENSMUSG00000027649,-0.5,0.0012758363587058
E-GEOD-5305-g2_g4,ENSMUSG00000027656,0.3,0.0156615776780312
E-GEOD-5305-g2_g4,ENSMUSG00000027663,0.2,0.0495451597850635
E-GEOD-5305-g2_g4,ENSMUSG00000027671,-0.3,0.0087482243026794
E-GEOD-5305-g2_g4,ENSMUSG00000027699,-0.4,0.0269508744956217
E-GEOD-5305-g2_g4,ENSMUSG00000027706,0.4,0.016950101034166
E-GEOD-5305-g2_g4,ENSMUSG00000027712,0.3,0.0358486896802455
E-GEOD-5305-g2_g4,ENSMUSG00000027715,-0.4,0.004248249937359
E-GEOD-5305-g2_g4,ENSMUSG00000027739,0.2,0.0398978741096554
E-GEOD-5305-g2_g4,ENSMUSG00000027742,0.3,0.0763628641204832
E-GEOD-5305-g2_g4,ENSMUSG00000027750,0.3,0.0251664619736779
E-GEOD-5305-g2_g4,ENSMUSG00000027775,0.3,0.0226214787970071
E-GEOD-5305-g2_g4,ENSMUSG00000027797,0.4,0.0414625311729444
E-GEOD-5305-g2_g4,ENSMUSG00000027800,-0.3,0.016561145881214
E-GEOD-5305-g2_g4,ENSMUSG00000027803,0.5,0.0141476135912673
E-GEOD-5305-g2_g4,ENSMUSG00000027805,0.4,0.0277082642091326
E-GEOD-5305-g2_g4,ENSMUSG00000027808,0.4,0.0035810337069083
E-GEOD-5305-g2_g4,ENSMUSG00000027809,0.4,0.0064732660684631
E-GEOD-5305-g2_g4,ENSMUSG00000027828,0.4,0.0044665426421361
E-GEOD-5305-g2_g4,ENSMUSG00000027832,0.4,0.0026866382447711
E-GEOD-5305-g2_g4,ENSMUSG00000027865,0.2,0.0685692927530597
E-GEOD-5305-g2_g4,ENSMUSG00000027879,0.7,0.0006950964925719
E-GEOD-5305-g2_g4,ENSMUSG00000027931,-0.4,0.0029693775471932
E-GEOD-5305-g2_g4,ENSMUSG00000027932,0.3,0.0077130624608737
E-GEOD-5305-g2_g4,ENSMUSG00000027933,-0.4,0.0047554583580559
E-GEOD-5305-g2_g4,ENSMUSG00000027935,0.5,0.0026866382447711
E-GEOD-5305-g2_g4,ENSMUSG00000027937,0.6,0.0003705887419213
E-GEOD-5305-g2_g4,ENSMUSG00000027953,0.3,0.0170068239518112
E-GEOD-5305-g2_g4,ENSMUSG00000027962,0.5,0.0029966873724141
E-GEOD-5305-g2_g4,ENSMUSG00000027968,0.3,0.0405289530787222
E-GEOD-5305-g2_g4,ENSMUSG00000027977,0.3,0.0153757035285758
E-GEOD-5305-g2_g4,ENSMUSG00000027993,0.6,0.0063497442678555
E-GEOD-5305-g2_g4,ENSMUSG00000027995,0.8,1.98097692718295e-05
E-GEOD-5305-g2_g4,ENSMUSG00000027996,3.4,4.88935088578339e-08
E-GEOD-5305-g2_g4,ENSMUSG00000027998,0.2,0.0552566100395035
E-GEOD-5305-g2_g4,ENSMUSG00000028010,-0.6,0.0005049222645993
E-GEOD-5305-g2_g4,ENSMUSG00000028019,0.5,0.0012156610624362
E-GEOD-5305-g2_g4,ENSMUSG00000028023,0.6,0.0010128034976242
E-GEOD-5305-g2_g4,ENSMUSG00000028029,0.3,0.0127696272224958
E-GEOD-5305-g2_g4,ENSMUSG00000028034,-0.3,0.049447554369514
E-GEOD-5305-g2_g4,ENSMUSG00000028036,0.3,0.0256798663876067
E-GEOD-5305-g2_g4,ENSMUSG00000028048,0.4,0.0053948399546006
E-GEOD-5305-g2_g4,ENSMUSG00000028057,0.3,0.0192209023666986
E-GEOD-5305-g2_g4,ENSMUSG00000028062,0.5,0.006051199274704
E-GEOD-5305-g2_g4,ENSMUSG00000028070,0.3,0.0172306585791882
E-GEOD-5305-g2_g4,ENSMUSG00000028076,0.3,0.0131135795617225
E-GEOD-5305-g2_g4,ENSMUSG00000028089,-0.3,0.0447809344186942
E-GEOD-5305-g2_g4,ENSMUSG00000028107,-0.4,0.0019518607853241
E-GEOD-5305-g2_g4,ENSMUSG00000028128,1.5,4.08635907204578e-05
E-GEOD-5305-g2_g4,ENSMUSG00000028145,0.4,0.0419014673310197
E-GEOD-5305-g2_g4,ENSMUSG00000028152,-0.3,0.0125118942869133
E-GEOD-5305-g2_g4,ENSMUSG00000028161,0.7,0.0015159317347143
E-GEOD-5305-g2_g4,ENSMUSG00000028164,0.3,0.0368740663091203
E-GEOD-5305-g2_g4,ENSMUSG00000028173,0.7,0.0009574034913136
E-GEOD-5305-g2_g4,ENSMUSG00000028211,0.2,0.0755547560905814
E-GEOD-5305-g2_g4,ENSMUSG00000028223,0.6,0.0018135038142545
E-GEOD-5305-g2_g4,ENSMUSG00000028229,0.3,0.0690251710061646
E-GEOD-5305-g2_g4,ENSMUSG00000028232,0.3,0.0170068239518112
E-GEOD-5305-g2_g4,ENSMUSG00000028249,0.4,0.0032741179425826
E-GEOD-5305-g2_g4,ENSMUSG00000028271,0.7,0.0001682070609645
E-GEOD-5305-g2_g4,ENSMUSG00000028273,0.4,0.0390454504498078
E-GEOD-5305-g2_g4,ENSMUSG00000028284,0.3,0.0175590780674273
E-GEOD-5305-g2_g4,ENSMUSG00000028293,0.3,0.0702234714412833
E-GEOD-5305-g2_g4,ENSMUSG00000028295,0.4,0.0076421022976388
E-GEOD-5305-g2_g4,ENSMUSG00000028312,-0.5,0.0129327827004577
E-GEOD-5305-g2_g4,ENSMUSG00000028318,-0.4,0.0070781485494527
E-GEOD-5305-g2_g4,ENSMUSG00000028344,0.2,0.0969306193952341
E-GEOD-5305-g2_g4,ENSMUSG00000028347,0.5,0.0203454598588692
E-GEOD-5305-g2_g4,ENSMUSG00000028348,-0.9,0.0001925269901188
E-GEOD-5305-g2_g4,ENSMUSG00000028364,-0.4,0.0061822983879501
E-GEOD-5305-g2_g4,ENSMUSG00000028369,0.6,0.0006829497064063
E-GEOD-5305-g2_g4,ENSMUSG00000028378,0.4,0.0121648067945096
E-GEOD-5305-g2_g4,ENSMUSG00000028392,-0.2,0.0829149751390752
E-GEOD-5305-g2_g4,ENSMUSG00000028393,-0.5,0.0007330481079178
E-GEOD-5305-g2_g4,ENSMUSG00000028411,0.4,0.0221468878938496
E-GEOD-5305-g2_g4,ENSMUSG00000028412,0.4,0.03241166371093
E-GEOD-5305-g2_g4,ENSMUSG00000028413,0.3,0.0192209023666986
E-GEOD-5305-g2_g4,ENSMUSG00000028419,0.2,0.0843804164279158
E-GEOD-5305-g2_g4,ENSMUSG00000028431,-0.3,0.021064013186567
E-GEOD-5305-g2_g4,ENSMUSG00000028443,0.4,0.0026540793118363
E-GEOD-5305-g2_g4,ENSMUSG00000028454,-0.3,0.0081257580979705
E-GEOD-5305-g2_g4,ENSMUSG00000028463,0.5,0.0023282476248632
E-GEOD-5305-g2_g4,ENSMUSG00000028469,0.4,0.0104683686011818
E-GEOD-5305-g2_g4,ENSMUSG00000028494,-0.3,0.016088034103005
E-GEOD-5305-g2_g4,ENSMUSG00000028497,0.9,0.0002357729367987
E-GEOD-5305-g2_g4,ENSMUSG00000028517,1.4,2.52666177074941e-05
E-GEOD-5305-g2_g4,ENSMUSG00000028525,0.7,0.0009623469988398
E-GEOD-5305-g2_g4,ENSMUSG00000028527,0.6,0.0006234128593114
E-GEOD-5305-g2_g4,ENSMUSG00000028557,0.4,0.0489282484887536
E-GEOD-5305-g2_g4,ENSMUSG00000028559,0.4,0.0071737906447202
E-GEOD-5305-g2_g4,ENSMUSG00000028573,0.4,0.0055532557849352
E-GEOD-5305-g2_g4,ENSMUSG00000028576,0.3,0.0618633770399104
E-GEOD-5305-g2_g4,ENSMUSG00000028614,-0.4,0.0287204809237021
E-GEOD-5305-g2_g4,ENSMUSG00000028633,-0.4,0.0039668906516782
E-GEOD-5305-g2_g4,ENSMUSG00000028646,0.3,0.0546512145475279
E-GEOD-5305-g2_g4,ENSMUSG00000028648,0.5,0.0047084814755492
E-GEOD-5305-g2_g4,ENSMUSG00000028651,-0.4,0.0092011335160674
E-GEOD-5305-g2_g4,ENSMUSG00000028664,0.2,0.0730795224963543
E-GEOD-5305-g2_g4,ENSMUSG00000028675,0.6,0.0398978741096554
E-GEOD-5305-g2_g4,ENSMUSG00000028678,-0.5,0.0029693775471932
E-GEOD-5305-g2_g4,ENSMUSG00000028684,-0.2,0.0484362915839751
E-GEOD-5305-g2_g4,ENSMUSG00000028691,0.4,0.0025328978435948
E-GEOD-5305-g2_g4,ENSMUSG00000028693,-0.4,0.004426059386868
E-GEOD-5305-g2_g4,ENSMUSG00000028738,-0.3,0.0371106060106839
E-GEOD-5305-g2_g4,ENSMUSG00000028771,-0.3,0.0495964982540864
E-GEOD-5305-g2_g4,ENSMUSG00000028776,0.3,0.0194131382611475
E-GEOD-5305-g2_g4,ENSMUSG00000028796,-0.5,0.0006023093407498
E-GEOD-5305-g2_g4,ENSMUSG00000028811,-0.4,0.0016767750436237
E-GEOD-5305-g2_g4,ENSMUSG00000028820,-0.4,0.0156980298594528
E-GEOD-5305-g2_g4,ENSMUSG00000028821,-0.2,0.0758469105895511
E-GEOD-5305-g2_g4,ENSMUSG00000028849,0.3,0.0240670719692499
E-GEOD-5305-g2_g4,ENSMUSG00000028860,-0.3,0.0332071414590161
E-GEOD-5305-g2_g4,ENSMUSG00000028879,0.3,0.0266924512479561
E-GEOD-5305-g2_g4,ENSMUSG00000028885,-0.2,0.0379862223231689
E-GEOD-5305-g2_g4,ENSMUSG00000028896,-0.5,0.0015490142615491
E-GEOD-5305-g2_g4,ENSMUSG00000028901,-0.2,0.0492129997555797
E-GEOD-5305-g2_g4,ENSMUSG00000028910,-0.4,0.0036835031752117
E-GEOD-5305-g2_g4,ENSMUSG00000028926,0.5,0.0068562563238669
E-GEOD-5305-g2_g4,ENSMUSG00000028936,0.2,0.0497755087564114
E-GEOD-5305-g2_g4,ENSMUSG00000028937,-0.3,0.0154000718261168
E-GEOD-5305-g2_g4,ENSMUSG00000028945,0.3,0.0256400316551106
E-GEOD-5305-g2_g4,ENSMUSG00000028953,-0.3,0.0150687349666064
E-GEOD-5305-g2_g4,ENSMUSG00000028957,0.3,0.0200283655899624
E-GEOD-5305-g2_g4,ENSMUSG00000028967,-1.4,2.71785561123771e-06
E-GEOD-5305-g2_g4,ENSMUSG00000028969,0.3,0.0245186377291442
E-GEOD-5305-g2_g4,ENSMUSG00000028982,-0.3,0.0469492914584246
E-GEOD-5305-g2_g4,ENSMUSG00000028998,0.2,0.0986302713323559
E-GEOD-5305-g2_g4,ENSMUSG00000029027,0.2,0.0474815254792673
E-GEOD-5305-g2_g4,ENSMUSG00000029029,-0.6,0.0015159317347143
E-GEOD-5305-g2_g4,ENSMUSG00000029034,-0.3,0.0172306585791882
E-GEOD-5305-g2_g4,ENSMUSG00000029036,-0.5,0.0050405115956077
E-GEOD-5305-g2_g4,ENSMUSG00000029038,0.3,0.0198865942382604
E-GEOD-5305-g2_g4,ENSMUSG00000029061,0.5,0.0008305752869758
E-GEOD-5305-g2_g4,ENSMUSG00000029063,-0.4,0.0055839357336984
E-GEOD-5305-g2_g4,ENSMUSG00000029066,-0.4,0.0184942968286048
E-GEOD-5305-g2_g4,ENSMUSG00000029068,0.2,0.0488722691469508
E-GEOD-5305-g2_g4,ENSMUSG00000029070,0.6,0.0006829497064063
E-GEOD-5305-g2_g4,ENSMUSG00000029089,0.3,0.0576932424539756
E-GEOD-5305-g2_g4,ENSMUSG00000029093,-0.7,0.0009623469988398
E-GEOD-5305-g2_g4,ENSMUSG00000029096,0.4,0.0143754633778204
E-GEOD-5305-g2_g4,ENSMUSG00000029103,0.4,0.0052864173847973
E-GEOD-5305-g2_g4,ENSMUSG00000029126,0.3,0.0298513577555022
E-GEOD-5305-g2_g4,ENSMUSG00000029145,-0.4,0.005930545178168
E-GEOD-5305-g2_g4,ENSMUSG00000029147,-0.3,0.0146924614704197
E-GEOD-5305-g2_g4,ENSMUSG00000029152,0.2,0.080036945686083
E-GEOD-5305-g2_g4,ENSMUSG00000029156,0.6,0.0016384969680139
E-GEOD-5305-g2_g4,ENSMUSG00000029166,0.4,0.0026916054772616
E-GEOD-5305-g2_g4,ENSMUSG00000029176,0.5,0.0077130624608737
E-GEOD-5305-g2_g4,ENSMUSG00000029185,0.7,0.0002196844046302
E-GEOD-5305-g2_g4,ENSMUSG00000029189,-0.3,0.0880003855776438
E-GEOD-5305-g2_g4,ENSMUSG00000029198,-0.3,0.0235782627864054
E-GEOD-5305-g2_g4,ENSMUSG00000029199,0.3,0.019452115277282
E-GEOD-5305-g2_g4,ENSMUSG00000029209,0.3,0.0172306585791882
E-GEOD-5305-g2_g4,ENSMUSG00000029221,0.3,0.0191197371087064
E-GEOD-5305-g2_g4,ENSMUSG00000029229,0.5,0.0052428980143121
E-GEOD-5305-g2_g4,ENSMUSG00000029304,-0.4,0.0202639249115344
E-GEOD-5305-g2_g4,ENSMUSG00000029311,0.5,0.0047849132304774
E-GEOD-5305-g2_g4,ENSMUSG00000029326,-0.6,0.006741714411863
E-GEOD-5305-g2_g4,ENSMUSG00000029334,-0.5,0.0121319111047123
E-GEOD-5305-g2_g4,ENSMUSG00000029338,-0.3,0.0192209023666986
E-GEOD-5305-g2_g4,ENSMUSG00000029344,-0.4,0.0062881787466505
E-GEOD-5305-g2_g4,ENSMUSG00000029345,-0.3,0.0328539155310998
E-GEOD-5305-g2_g4,ENSMUSG00000029366,-0.8,0.0069495240638635
E-GEOD-5305-g2_g4,ENSMUSG00000029371,0.6,0.0010090476239754
E-GEOD-5305-g2_g4,ENSMUSG00000029377,0.4,0.0492775938621371
E-GEOD-5305-g2_g4,ENSMUSG00000029380,1.6,1.07183894895039e-06
E-GEOD-5305-g2_g4,ENSMUSG00000029392,0.3,0.0447809344186942
E-GEOD-5305-g2_g4,ENSMUSG00000029397,0.3,0.0328539155310998
E-GEOD-5305-g2_g4,ENSMUSG00000029426,0.2,0.0758469105895511
E-GEOD-5305-g2_g4,ENSMUSG00000029446,-0.5,0.0007343183893738
E-GEOD-5305-g2_g4,ENSMUSG00000029455,0.3,0.0144031599719887
E-GEOD-5305-g2_g4,ENSMUSG00000029462,0.6,0.0006655984132238
E-GEOD-5305-g2_g4,ENSMUSG00000029470,0.5,0.0015892748973128
E-GEOD-5305-g2_g4,ENSMUSG00000029471,-0.3,0.0164449734547855
E-GEOD-5305-g2_g4,ENSMUSG00000029472,-0.3,0.0175590780674273
E-GEOD-5305-g2_g4,ENSMUSG00000029500,-0.3,0.0108188434461278
E-GEOD-5305-g2_g4,ENSMUSG00000029512,0.2,0.0404049079128793
E-GEOD-5305-g2_g4,ENSMUSG00000029528,-0.5,0.0013303744264515
E-GEOD-5305-g2_g4,ENSMUSG00000029551,-0.3,0.0483781372009886
E-GEOD-5305-g2_g4,ENSMUSG00000029554,-0.3,0.06136244384659
E-GEOD-5305-g2_g4,ENSMUSG00000029561,-0.3,0.0190904749722158
E-GEOD-5305-g2_g4,ENSMUSG00000029570,0.5,0.0056477299176303
E-GEOD-5305-g2_g4,ENSMUSG00000029571,0.4,0.003567969813552
E-GEOD-5305-g2_g4,ENSMUSG00000029594,-0.6,0.0011568289379699
E-GEOD-5305-g2_g4,ENSMUSG00000029598,0.3,0.014027626975415
E-GEOD-5305-g2_g4,ENSMUSG00000029599,-0.5,0.0010121320870818
E-GEOD-5305-g2_g4,ENSMUSG00000029610,-0.4,0.0172306585791882
E-GEOD-5305-g2_g4,ENSMUSG00000029621,-0.3,0.0216695391629074
E-GEOD-5305-g2_g4,ENSMUSG00000029625,-0.3,0.0092367782446373
E-GEOD-5305-g2_g4,ENSMUSG00000029632,0.7,0.0045126274904139
E-GEOD-5305-g2_g4,ENSMUSG00000029649,0.3,0.0197246570745607
E-GEOD-5305-g2_g4,ENSMUSG00000029657,-0.3,0.0091171257184562
E-GEOD-5305-g2_g4,ENSMUSG00000029661,0.5,0.0015490142615491
E-GEOD-5305-g2_g4,ENSMUSG00000029672,0.5,0.003567969813552
E-GEOD-5305-g2_g4,ENSMUSG00000029703,-0.6,0.0002306007662933
E-GEOD-5305-g2_g4,ENSMUSG00000029705,0.3,0.0193253592977579
E-GEOD-5305-g2_g4,ENSMUSG00000029723,0.3,0.0664257449917814
E-GEOD-5305-g2_g4,ENSMUSG00000029726,-0.3,0.021064013186567
E-GEOD-5305-g2_g4,ENSMUSG00000029752,-0.6,0.0009623469988398
E-GEOD-5305-g2_g4,ENSMUSG00000029759,0.7,0.0001009547682518
E-GEOD-5305-g2_g4,ENSMUSG00000029762,-0.3,0.025486087474033
E-GEOD-5305-g2_g4,ENSMUSG00000029763,0.3,0.0268988955506916
E-GEOD-5305-g2_g4,ENSMUSG00000029767,0.3,0.0436771543173377
E-GEOD-5305-g2_g4,ENSMUSG00000029769,0.4,0.0054951989028674
E-GEOD-5305-g2_g4,ENSMUSG00000029777,-0.4,0.0020362573796045
E-GEOD-5305-g2_g4,ENSMUSG00000029781,0.5,0.0043041238837554
E-GEOD-5305-g2_g4,ENSMUSG00000029802,0.5,0.0134038346744365
E-GEOD-5305-g2_g4,ENSMUSG00000029838,0.8,0.0003619938507833
E-GEOD-5305-g2_g4,ENSMUSG00000029844,-0.3,0.0192100179937025
E-GEOD-5305-g2_g4,ENSMUSG00000029851,0.2,0.0722538314918869
E-GEOD-5305-g2_g4,ENSMUSG00000029863,-0.3,0.0170695601963987
E-GEOD-5305-g2_g4,ENSMUSG00000029864,0.4,0.0082317740197344
E-GEOD-5305-g2_g4,ENSMUSG00000029869,0.4,0.0099775613227514
E-GEOD-5305-g2_g4,ENSMUSG00000029913,0.3,0.0553190565236929
E-GEOD-5305-g2_g4,ENSMUSG00000029994,0.3,0.0137789947770489
E-GEOD-5305-g2_g4,ENSMUSG00000029998,0.3,0.0268988955506916
E-GEOD-5305-g2_g4,ENSMUSG00000030001,-0.3,0.0302629501187228
E-GEOD-5305-g2_g4,ENSMUSG00000030007,-0.3,0.0057415330268128
E-GEOD-5305-g2_g4,ENSMUSG00000030035,0.4,0.0049457320723193
E-GEOD-5305-g2_g4,ENSMUSG00000030056,-0.3,0.014122777704105
E-GEOD-5305-g2_g4,ENSMUSG00000030057,0.3,0.0196763406631536
E-GEOD-5305-g2_g4,ENSMUSG00000030058,0.3,0.0226715872849879
E-GEOD-5305-g2_g4,ENSMUSG00000030060,-0.4,0.0044687369685238
E-GEOD-5305-g2_g4,ENSMUSG00000030061,0.3,0.024611511623932
E-GEOD-5305-g2_g4,ENSMUSG00000030101,0.4,0.0943441868496297
E-GEOD-5305-g2_g4,ENSMUSG00000030105,0.2,0.046906456829967
E-GEOD-5305-g2_g4,ENSMUSG00000030116,0.7,0.0003014207488114
E-GEOD-5305-g2_g4,ENSMUSG00000030123,0.7,0.000456381433957
E-GEOD-5305-g2_g4,ENSMUSG00000030138,-0.3,0.0185272152873842
E-GEOD-5305-g2_g4,ENSMUSG00000030180,0.2,0.0396614902637307
E-GEOD-5305-g2_g4,ENSMUSG00000030201,0.2,0.0950669479735205
E-GEOD-5305-g2_g4,ENSMUSG00000030206,-0.2,0.0494188042097374
E-GEOD-5305-g2_g4,ENSMUSG00000030231,0.3,0.0469677776910178
E-GEOD-5305-g2_g4,ENSMUSG00000030246,0.6,0.0009479359142692
E-GEOD-5305-g2_g4,ENSMUSG00000030268,-0.5,0.0029966873724141
E-GEOD-5305-g2_g4,ENSMUSG00000030286,0.3,0.0641539412990488
E-GEOD-5305-g2_g4,ENSMUSG00000030291,0.6,0.0037327737212842
E-GEOD-5305-g2_g4,ENSMUSG00000030304,0.8,0.0035629614871106
E-GEOD-5305-g2_g4,ENSMUSG00000030342,0.3,0.0899623435017011
E-GEOD-5305-g2_g4,ENSMUSG00000030347,0.3,0.0498921767655107
E-GEOD-5305-g2_g4,ENSMUSG00000030353,-0.2,0.0535942499434286
E-GEOD-5305-g2_g4,ENSMUSG00000030357,-0.4,0.0023592237893734
E-GEOD-5305-g2_g4,ENSMUSG00000030399,-0.3,0.0596088779877987
E-GEOD-5305-g2_g4,ENSMUSG00000030401,-0.2,0.0829149751390752
E-GEOD-5305-g2_g4,ENSMUSG00000030409,-0.5,0.024611511623932
E-GEOD-5305-g2_g4,ENSMUSG00000030413,-0.3,0.0110879611709893
E-GEOD-5305-g2_g4,ENSMUSG00000030452,0.2,0.0753363697764315
E-GEOD-5305-g2_g4,ENSMUSG00000030512,-0.3,0.0120754851207132
E-GEOD-5305-g2_g4,ENSMUSG00000030533,-0.4,0.0017332979099595
E-GEOD-5305-g2_g4,ENSMUSG00000030538,-0.3,0.0070713546069134
E-GEOD-5305-g2_g4,ENSMUSG00000030603,-0.3,0.0146967404799712
E-GEOD-5305-g2_g4,ENSMUSG00000030605,-0.4,0.0044085915791908
E-GEOD-5305-g2_g4,ENSMUSG00000030609,-0.3,0.0233301923150943
E-GEOD-5305-g2_g4,ENSMUSG00000030611,-0.5,0.0010282378121701
E-GEOD-5305-g2_g4,ENSMUSG00000030613,0.8,0.0015159317347143
E-GEOD-5305-g2_g4,ENSMUSG00000030615,0.4,0.0093892082618945
E-GEOD-5305-g2_g4,ENSMUSG00000030616,0.3,0.0285694653426208
E-GEOD-5305-g2_g4,ENSMUSG00000030638,0.5,0.0017728941816729
E-GEOD-5305-g2_g4,ENSMUSG00000030649,-0.4,0.0173780317348341
E-GEOD-5305-g2_g4,ENSMUSG00000030659,0.5,0.0018135038142545
E-GEOD-5305-g2_g4,ENSMUSG00000030662,-0.3,0.0298418891492308
E-GEOD-5305-g2_g4,ENSMUSG00000030672,-0.4,0.0068366961263525
E-GEOD-5305-g2_g4,ENSMUSG00000030677,-0.4,0.0431146728394909
E-GEOD-5305-g2_g4,ENSMUSG00000030682,-0.3,0.00604918290601
E-GEOD-5305-g2_g4,ENSMUSG00000030714,-0.4,0.0033931385839749
E-GEOD-5305-g2_g4,ENSMUSG00000030726,-0.3,0.0139014602005409
E-GEOD-5305-g2_g4,ENSMUSG00000030738,-0.3,0.0389128683905709
E-GEOD-5305-g2_g4,ENSMUSG00000030750,-0.4,0.0132389352900291
E-GEOD-5305-g2_g4,ENSMUSG00000030753,0.3,0.0590672810971837
E-GEOD-5305-g2_g4,ENSMUSG00000030754,0.5,0.0091463678356149
E-GEOD-5305-g2_g4,ENSMUSG00000030772,0.4,0.0017593592448707
E-GEOD-5305-g2_g4,ENSMUSG00000030785,-0.3,0.0720355126278401
E-GEOD-5305-g2_g4,ENSMUSG00000030795,-0.2,0.0673808951167212
E-GEOD-5305-g2_g4,ENSMUSG00000030796,-0.5,0.000968631039361
E-GEOD-5305-g2_g4,ENSMUSG00000030805,0.3,0.0178161966630609
E-GEOD-5305-g2_g4,ENSMUSG00000030824,0.4,0.0027192473980226
E-GEOD-5305-g2_g4,ENSMUSG00000030827,-0.4,0.005894923474539
E-GEOD-5305-g2_g4,ENSMUSG00000030844,0.5,0.0009644913574105
E-GEOD-5305-g2_g4,ENSMUSG00000030852,-0.3,0.0373529936351387
E-GEOD-5305-g2_g4,ENSMUSG00000030866,-0.3,0.016971909237912
E-GEOD-5305-g2_g4,ENSMUSG00000030867,-0.5,0.0012272995760757
E-GEOD-5305-g2_g4,ENSMUSG00000030871,-0.4,0.0054951989028674
E-GEOD-5305-g2_g4,ENSMUSG00000030894,0.5,0.0010935370310198
E-GEOD-5305-g2_g4,ENSMUSG00000030978,-0.3,0.016950101034166
E-GEOD-5305-g2_g4,ENSMUSG00000031004,-0.4,0.0431852641291112
E-GEOD-5305-g2_g4,ENSMUSG00000031059,0.2,0.0632756338121018
E-GEOD-5305-g2_g4,ENSMUSG00000031060,-0.6,0.0002357729367987
E-GEOD-5305-g2_g4,ENSMUSG00000031066,0.2,0.0449610666603241
E-GEOD-5305-g2_g4,ENSMUSG00000031077,-0.3,0.0369186237718946
E-GEOD-5305-g2_g4,ENSMUSG00000031097,-0.8,0.000119474815967
E-GEOD-5305-g2_g4,ENSMUSG00000031105,0.3,0.0563355258197101
E-GEOD-5305-g2_g4,ENSMUSG00000031134,-0.5,0.0015870306341438
E-GEOD-5305-g2_g4,ENSMUSG00000031143,-0.5,0.0028496058012088
E-GEOD-5305-g2_g4,ENSMUSG00000031156,0.6,0.0003705887419213
E-GEOD-5305-g2_g4,ENSMUSG00000031157,-0.3,0.0975322617429398
E-GEOD-5305-g2_g4,ENSMUSG00000031161,-0.2,0.030699427476757
E-GEOD-5305-g2_g4,ENSMUSG00000031168,-0.5,0.0009644913574105
E-GEOD-5305-g2_g4,ENSMUSG00000031198,0.4,0.0095761178320731
E-GEOD-5305-g2_g4,ENSMUSG00000031214,0.3,0.0184942968286048
E-GEOD-5305-g2_g4,ENSMUSG00000031216,0.2,0.0824854108482556
E-GEOD-5305-g2_g4,ENSMUSG00000031232,0.2,0.0643049323501394
E-GEOD-5305-g2_g4,ENSMUSG00000031253,0.4,0.0083324760991876
E-GEOD-5305-g2_g4,ENSMUSG00000031256,-0.3,0.0101640900139602
E-GEOD-5305-g2_g4,ENSMUSG00000031266,0.4,0.0285854961409265
E-GEOD-5305-g2_g4,ENSMUSG00000031312,-0.3,0.0400692621529157
E-GEOD-5305-g2_g4,ENSMUSG00000031327,0.2,0.0632923954248983
E-GEOD-5305-g2_g4,ENSMUSG00000031342,0.3,0.0839395431731159
E-GEOD-5305-g2_g4,ENSMUSG00000031347,0.7,0.0003014207488114
E-GEOD-5305-g2_g4,ENSMUSG00000031349,0.3,0.0175894646818857
E-GEOD-5305-g2_g4,ENSMUSG00000031353,-0.3,0.0156615776780312
E-GEOD-5305-g2_g4,ENSMUSG00000031380,0.4,0.0074043984725523
E-GEOD-5305-g2_g4,ENSMUSG00000031383,-1.1,0.000344539353045
E-GEOD-5305-g2_g4,ENSMUSG00000031384,-0.3,0.0359910356307855
E-GEOD-5305-g2_g4,ENSMUSG00000031386,-0.3,0.0307385689467966
E-GEOD-5305-g2_g4,ENSMUSG00000031387,0.3,0.0130318359592124
E-GEOD-5305-g2_g4,ENSMUSG00000031429,0.5,0.0187924198963666
E-GEOD-5305-g2_g4,ENSMUSG00000031441,0.4,0.0219227576848826
E-GEOD-5305-g2_g4,ENSMUSG00000031447,0.3,0.0265088753694607
E-GEOD-5305-g2_g4,ENSMUSG00000031451,2.5,6.35843299387156e-08
E-GEOD-5305-g2_g4,ENSMUSG00000031453,-0.3,0.0513920250879469
E-GEOD-5305-g2_g4,ENSMUSG00000031461,-0.6,0.0030106660208342
E-GEOD-5305-g2_g4,ENSMUSG00000031490,-0.4,0.0030916962319112
E-GEOD-5305-g2_g4,ENSMUSG00000031508,-0.4,0.0104683686011818
E-GEOD-5305-g2_g4,ENSMUSG00000031516,0.3,0.0096509618036426
E-GEOD-5305-g2_g4,ENSMUSG00000031520,0.4,0.0136627117855361
E-GEOD-5305-g2_g4,ENSMUSG00000031532,0.7,0.0006028899769085
E-GEOD-5305-g2_g4,ENSMUSG00000031533,-0.3,0.0281383672774026
E-GEOD-5305-g2_g4,ENSMUSG00000031534,0.2,0.0561071628598856
E-GEOD-5305-g2_g4,ENSMUSG00000031538,0.5,0.0029693775471932
E-GEOD-5305-g2_g4,ENSMUSG00000031556,0.2,0.0396213613613903
E-GEOD-5305-g2_g4,ENSMUSG00000031558,0.6,0.0095761178320731
E-GEOD-5305-g2_g4,ENSMUSG00000031604,0.4,0.0045643746285857
E-GEOD-5305-g2_g4,ENSMUSG00000031633,0.3,0.0352722108398684
E-GEOD-5305-g2_g4,ENSMUSG00000031636,0.7,0.0009675019188447
E-GEOD-5305-g2_g4,ENSMUSG00000031641,0.4,0.0199480156541329
E-GEOD-5305-g2_g4,ENSMUSG00000031654,-0.7,0.0003432534358274
E-GEOD-5305-g2_g4,ENSMUSG00000031659,0.3,0.0671311503513796
E-GEOD-5305-g2_g4,ENSMUSG00000031666,0.6,0.0012892563859452
E-GEOD-5305-g2_g4,ENSMUSG00000031668,0.3,0.098351007717294
E-GEOD-5305-g2_g4,ENSMUSG00000031673,1.5,7.60647143670901e-06
E-GEOD-5305-g2_g4,ENSMUSG00000031691,0.4,0.0096596738588588
E-GEOD-5305-g2_g4,ENSMUSG00000031696,0.3,0.0470523267596884
E-GEOD-5305-g2_g4,ENSMUSG00000031697,0.5,0.0014432015540214
E-GEOD-5305-g2_g4,ENSMUSG00000031703,0.5,0.0012233994199903
E-GEOD-5305-g2_g4,ENSMUSG00000031714,0.2,0.0649938648944713
E-GEOD-5305-g2_g4,ENSMUSG00000031729,-0.2,0.046906456829967
E-GEOD-5305-g2_g4,ENSMUSG00000031734,0.5,0.0205100144969202
E-GEOD-5305-g2_g4,ENSMUSG00000031737,0.2,0.0664257449917814
E-GEOD-5305-g2_g4,ENSMUSG00000031740,1.2,5.87588233886905e-06
E-GEOD-5305-g2_g4,ENSMUSG00000031748,0.3,0.0269508744956217
E-GEOD-5305-g2_g4,ENSMUSG00000031749,0.4,0.0146001895968432
E-GEOD-5305-g2_g4,ENSMUSG00000031755,0.2,0.090697057560242
E-GEOD-5305-g2_g4,ENSMUSG00000031781,-0.5,0.0024840317635606
E-GEOD-5305-g2_g4,ENSMUSG00000031787,-0.4,0.0029720614012913
E-GEOD-5305-g2_g4,ENSMUSG00000031796,0.3,0.0217505789488101
E-GEOD-5305-g2_g4,ENSMUSG00000031824,-0.2,0.0639941236800059
E-GEOD-5305-g2_g4,ENSMUSG00000031826,-0.3,0.0201211370617268
E-GEOD-5305-g2_g4,ENSMUSG00000031832,-0.3,0.0423194136958205
E-GEOD-5305-g2_g4,ENSMUSG00000031839,0.9,0.0001205642589379
E-GEOD-5305-g2_g4,ENSMUSG00000031848,-0.4,0.0075223789814636
E-GEOD-5305-g2_g4,ENSMUSG00000031862,-0.2,0.0833616335199076
E-GEOD-5305-g2_g4,ENSMUSG00000031875,0.4,0.0064732660684631
E-GEOD-5305-g2_g4,ENSMUSG00000031877,1.2,1.6380788083728e-05
E-GEOD-5305-g2_g4,ENSMUSG00000031897,-0.3,0.0603288567197039
E-GEOD-5305-g2_g4,ENSMUSG00000031928,-0.3,0.0199480156541329
E-GEOD-5305-g2_g4,ENSMUSG00000031934,-0.2,0.0494509682099334
E-GEOD-5305-g2_g4,ENSMUSG00000031938,0.6,0.0046024286340457
E-GEOD-5305-g2_g4,ENSMUSG00000031948,-0.3,0.031540494809036
E-GEOD-5305-g2_g4,ENSMUSG00000031960,-0.4,0.0102919305066035
E-GEOD-5305-g2_g4,ENSMUSG00000031962,-0.8,0.0001956141837015
E-GEOD-5305-g2_g4,ENSMUSG00000031967,-0.2,0.093058343766388
E-GEOD-5305-g2_g4,ENSMUSG00000031972,-0.7,0.0010090476239754
E-GEOD-5305-g2_g4,ENSMUSG00000031984,-0.5,0.0013384685611357
E-GEOD-5305-g2_g4,ENSMUSG00000031990,0.3,0.0220052245343184
E-GEOD-5305-g2_g4,ENSMUSG00000032009,0.6,0.0134621621474049
E-GEOD-5305-g2_g4,ENSMUSG00000032024,0.7,0.000418524084814
E-GEOD-5305-g2_g4,ENSMUSG00000032040,-0.4,0.0048435687900141
E-GEOD-5305-g2_g4,ENSMUSG00000032047,0.3,0.0375200307686715
E-GEOD-5305-g2_g4,ENSMUSG00000032060,0.2,0.0673530710416957
E-GEOD-5305-g2_g4,ENSMUSG00000032067,0.6,0.0033931385839749
E-GEOD-5305-g2_g4,ENSMUSG00000032078,-0.5,0.0019049840470307
E-GEOD-5305-g2_g4,ENSMUSG00000032085,-0.3,0.0474978257250113
E-GEOD-5305-g2_g4,ENSMUSG00000032096,0.3,0.0344261940161576
E-GEOD-5305-g2_g4,ENSMUSG00000032118,0.2,0.0375174926865106
E-GEOD-5305-g2_g4,ENSMUSG00000032119,-0.3,0.0430542974602968
E-GEOD-5305-g2_g4,ENSMUSG00000032126,-0.4,0.0037354861351417
E-GEOD-5305-g2_g4,ENSMUSG00000032171,-0.5,0.0015663939004159
E-GEOD-5305-g2_g4,ENSMUSG00000032187,-0.3,0.0197115738538184
E-GEOD-5305-g2_g4,ENSMUSG00000032216,0.4,0.0075199716736292
E-GEOD-5305-g2_g4,ENSMUSG00000032246,0.9,0.0001185286477277
E-GEOD-5305-g2_g4,ENSMUSG00000032251,0.3,0.0075837757283794
E-GEOD-5305-g2_g4,ENSMUSG00000032268,-0.2,0.0704293018305536
E-GEOD-5305-g2_g4,ENSMUSG00000032281,-0.3,0.0261165718768876
E-GEOD-5305-g2_g4,ENSMUSG00000032285,0.2,0.0325921941765565
E-GEOD-5305-g2_g4,ENSMUSG00000032301,0.7,0.0004604656826954
E-GEOD-5305-g2_g4,ENSMUSG00000032311,-0.2,0.0569055012809244
E-GEOD-5305-g2_g4,ENSMUSG00000032314,0.4,0.010060065874386
E-GEOD-5305-g2_g4,ENSMUSG00000032328,0.3,0.072826525959067
E-GEOD-5305-g2_g4,ENSMUSG00000032330,0.3,0.029260553534867
E-GEOD-5305-g2_g4,ENSMUSG00000032332,1.2,6.91136395750393e-06
E-GEOD-5305-g2_g4,ENSMUSG00000032334,0.4,0.0037068473416885
E-GEOD-5305-g2_g4,ENSMUSG00000032336,0.3,0.0977184836311502
E-GEOD-5305-g2_g4,ENSMUSG00000032340,0.3,0.0183837332861265
E-GEOD-5305-g2_g4,ENSMUSG00000032349,0.3,0.0162140406402961
E-GEOD-5305-g2_g4,ENSMUSG00000032359,0.3,0.0410848834736753
E-GEOD-5305-g2_g4,ENSMUSG00000032366,0.2,0.0755547560905814
E-GEOD-5305-g2_g4,ENSMUSG00000032368,0.5,0.0108956130023438
E-GEOD-5305-g2_g4,ENSMUSG00000032374,0.5,0.0066792102540665
E-GEOD-5305-g2_g4,ENSMUSG00000032380,-0.3,0.0946425196840698
E-GEOD-5305-g2_g4,ENSMUSG00000032387,-0.7,0.0004629270258692
E-GEOD-5305-g2_g4,ENSMUSG00000032400,0.4,0.0324286850864252
E-GEOD-5305-g2_g4,ENSMUSG00000032422,0.3,0.0511406426540657
E-GEOD-5305-g2_g4,ENSMUSG00000032434,-0.3,0.05525780231803
E-GEOD-5305-g2_g4,ENSMUSG00000032437,0.2,0.0762652886047926
E-GEOD-5305-g2_g4,ENSMUSG00000032458,0.3,0.0360024507349543
E-GEOD-5305-g2_g4,ENSMUSG00000032459,0.5,0.0041064642161115
E-GEOD-5305-g2_g4,ENSMUSG00000032463,0.4,0.0200283655899624
E-GEOD-5305-g2_g4,ENSMUSG00000032477,-0.3,0.038437371211837
E-GEOD-5305-g2_g4,ENSMUSG00000032478,-0.3,0.0170695601963987
E-GEOD-5305-g2_g4,ENSMUSG00000032480,-0.3,0.0188585301584816
E-GEOD-5305-g2_g4,ENSMUSG00000032481,-0.4,0.011423872997259
E-GEOD-5305-g2_g4,ENSMUSG00000032485,-0.3,0.0135296510149221
E-GEOD-5305-g2_g4,ENSMUSG00000032487,0.3,0.0184942968286048
E-GEOD-5305-g2_g4,ENSMUSG00000032501,-0.2,0.0652657575209774
E-GEOD-5305-g2_g4,ENSMUSG00000032511,-0.3,0.0136187992714331
E-GEOD-5305-g2_g4,ENSMUSG00000032525,0.4,0.0015352757533288
E-GEOD-5305-g2_g4,ENSMUSG00000032526,0.5,0.0032741179425826
E-GEOD-5305-g2_g4,ENSMUSG00000032531,0.3,0.0089295898566842
E-GEOD-5305-g2_g4,ENSMUSG00000032547,0.3,0.0208056022918857
E-GEOD-5305-g2_g4,ENSMUSG00000032551,0.3,0.0269971579776933
E-GEOD-5305-g2_g4,ENSMUSG00000032553,0.3,0.0089770555753488
E-GEOD-5305-g2_g4,ENSMUSG00000032557,0.4,0.0066664281766996
E-GEOD-5305-g2_g4,ENSMUSG00000032563,-0.3,0.0344667349679082
E-GEOD-5305-g2_g4,ENSMUSG00000032604,-0.3,0.0139902252406142
E-GEOD-5305-g2_g4,ENSMUSG00000032606,0.2,0.0680539412067278
E-GEOD-5305-g2_g4,ENSMUSG00000032648,-0.4,0.0423917291313719
E-GEOD-5305-g2_g4,ENSMUSG00000032679,0.2,0.0829149751390752
E-GEOD-5305-g2_g4,ENSMUSG00000032715,-0.4,0.0178161966630609
E-GEOD-5305-g2_g4,ENSMUSG00000032741,-0.3,0.014488693405148
E-GEOD-5305-g2_g4,ENSMUSG00000032744,-0.5,0.0033532720654829
E-GEOD-5305-g2_g4,ENSMUSG00000032766,0.6,0.0062366793217636
E-GEOD-5305-g2_g4,ENSMUSG00000032816,0.8,0.0003027663052019
E-GEOD-5305-g2_g4,ENSMUSG00000032834,-0.3,0.0149964702497749
E-GEOD-5305-g2_g4,ENSMUSG00000032939,-0.3,0.010511076505571
E-GEOD-5305-g2_g4,ENSMUSG00000032965,0.2,0.0777005917928546
E-GEOD-5305-g2_g4,ENSMUSG00000032966,-0.3,0.0411953298502819
E-GEOD-5305-g2_g4,ENSMUSG00000032977,-0.3,0.0193919269494338
E-GEOD-5305-g2_g4,ENSMUSG00000032997,0.3,0.023782656283213
E-GEOD-5305-g2_g4,ENSMUSG00000033020,-0.4,0.0047849132304774
E-GEOD-5305-g2_g4,ENSMUSG00000033021,0.3,0.0092698838006009
E-GEOD-5305-g2_g4,ENSMUSG00000033047,-0.4,0.0074043984725523
E-GEOD-5305-g2_g4,ENSMUSG00000033055,-0.3,0.0239459203797386
E-GEOD-5305-g2_g4,ENSMUSG00000033065,0.3,0.0068769952391567
E-GEOD-5305-g2_g4,ENSMUSG00000033105,0.3,0.0491727330346995
E-GEOD-5305-g2_g4,ENSMUSG00000033111,0.2,0.0780478395461407
E-GEOD-5305-g2_g4,ENSMUSG00000033122,-0.2,0.0647665043741939
E-GEOD-5305-g2_g4,ENSMUSG00000033170,-0.4,0.0137102040272332
E-GEOD-5305-g2_g4,ENSMUSG00000033174,-0.6,0.0014447770362491
E-GEOD-5305-g2_g4,ENSMUSG00000033184,0.4,0.0311242680193923
E-GEOD-5305-g2_g4,ENSMUSG00000033209,0.3,0.0268151279138021
E-GEOD-5305-g2_g4,ENSMUSG00000033216,-0.4,0.0083324760991876
E-GEOD-5305-g2_g4,ENSMUSG00000033278,0.6,0.0055372999033527
E-GEOD-5305-g2_g4,ENSMUSG00000033294,-0.4,0.0043416830928085
E-GEOD-5305-g2_g4,ENSMUSG00000033323,-0.4,0.005894923474539
E-GEOD-5305-g2_g4,ENSMUSG00000033373,-0.4,0.0089093877592514
E-GEOD-5305-g2_g4,ENSMUSG00000033420,0.3,0.0630449596573225
E-GEOD-5305-g2_g4,ENSMUSG00000033429,0.7,0.0003529202397564
E-GEOD-5305-g2_g4,ENSMUSG00000033460,0.4,0.0191197371087064
E-GEOD-5305-g2_g4,ENSMUSG00000033685,0.4,0.0101640900139602
E-GEOD-5305-g2_g4,ENSMUSG00000033706,-0.4,0.0050304421199706
E-GEOD-5305-g2_g4,ENSMUSG00000033712,-0.4,0.0147598216610725
E-GEOD-5305-g2_g4,ENSMUSG00000033732,-0.4,0.0047320509843656
E-GEOD-5305-g2_g4,ENSMUSG00000033735,-0.6,0.0015352757533288
E-GEOD-5305-g2_g4,ENSMUSG00000033751,-0.3,0.0359222077014788
E-GEOD-5305-g2_g4,ENSMUSG00000033762,-0.3,0.0226803709792995
E-GEOD-5305-g2_g4,ENSMUSG00000033793,0.3,0.0266924512479561
E-GEOD-5305-g2_g4,ENSMUSG00000033809,-0.3,0.0082617664660256
E-GEOD-5305-g2_g4,ENSMUSG00000033831,-0.2,0.0686887854600169
E-GEOD-5305-g2_g4,ENSMUSG00000033845,-0.3,0.0078300715193971
E-GEOD-5305-g2_g4,ENSMUSG00000033871,-0.3,0.0113377661954695
E-GEOD-5305-g2_g4,ENSMUSG00000033880,0.6,0.0017997883303239
E-GEOD-5305-g2_g4,ENSMUSG00000033909,-0.3,0.035112820989209
E-GEOD-5305-g2_g4,ENSMUSG00000033916,0.5,0.0035770158973184
E-GEOD-5305-g2_g4,ENSMUSG00000033952,-0.4,0.0296785406261438
E-GEOD-5305-g2_g4,ENSMUSG00000033970,-0.4,0.0160525190162697
E-GEOD-5305-g2_g4,ENSMUSG00000033983,-0.4,0.0020362573796045
E-GEOD-5305-g2_g4,ENSMUSG00000034022,-0.4,0.0036168049818748
E-GEOD-5305-g2_g4,ENSMUSG00000034024,-0.3,0.0124749267827378
E-GEOD-5305-g2_g4,ENSMUSG00000034109,0.4,0.0264430850699646
E-GEOD-5305-g2_g4,ENSMUSG00000034117,-0.2,0.0632672624402236
E-GEOD-5305-g2_g4,ENSMUSG00000034118,0.4,0.0064732660684631
E-GEOD-5305-g2_g4,ENSMUSG00000034127,-0.2,0.0738585461758243
E-GEOD-5305-g2_g4,ENSMUSG00000034154,0.3,0.0369186237718946
E-GEOD-5305-g2_g4,ENSMUSG00000034157,-0.2,0.0814999427878088
E-GEOD-5305-g2_g4,ENSMUSG00000034160,0.5,0.0070390749035246
E-GEOD-5305-g2_g4,ENSMUSG00000034187,-0.3,0.0210404965930951
E-GEOD-5305-g2_g4,ENSMUSG00000034190,-0.3,0.0161328717386937
E-GEOD-5305-g2_g4,ENSMUSG00000034220,-0.3,0.029313316186512
E-GEOD-5305-g2_g4,ENSMUSG00000034248,0.5,0.0032097809694287
E-GEOD-5305-g2_g4,ENSMUSG00000034290,0.3,0.0193919269494338
E-GEOD-5305-g2_g4,ENSMUSG00000034311,-0.3,0.0193919269494338
E-GEOD-5305-g2_g4,ENSMUSG00000034462,0.4,0.0168037783010965
E-GEOD-5305-g2_g4,ENSMUSG00000034463,0.9,0.0001263808542728
E-GEOD-5305-g2_g4,ENSMUSG00000034501,0.4,0.0046800515226605
E-GEOD-5305-g2_g4,ENSMUSG00000034522,0.3,0.0182212918105757
E-GEOD-5305-g2_g4,ENSMUSG00000034544,0.3,0.0634305566880897
E-GEOD-5305-g2_g4,ENSMUSG00000034591,0.3,0.0465799811658503
E-GEOD-5305-g2_g4,ENSMUSG00000034640,-0.3,0.0454572977390748
E-GEOD-5305-g2_g4,ENSMUSG00000034707,0.3,0.0290981198453123
E-GEOD-5305-g2_g4,ENSMUSG00000034714,0.3,0.0173498115797643
E-GEOD-5305-g2_g4,ENSMUSG00000034781,-0.2,0.0779093467988757
E-GEOD-5305-g2_g4,ENSMUSG00000034789,0.3,0.051015861130699
E-GEOD-5305-g2_g4,ENSMUSG00000034793,-0.2,0.0458937793771786
E-GEOD-5305-g2_g4,ENSMUSG00000034801,0.3,0.0474187103384624
E-GEOD-5305-g2_g4,ENSMUSG00000034880,-0.2,0.0933707745270543
E-GEOD-5305-g2_g4,ENSMUSG00000034906,-0.3,0.0315736861662514
E-GEOD-5305-g2_g4,ENSMUSG00000034926,-0.4,0.0026916054772616
E-GEOD-5305-g2_g4,ENSMUSG00000034981,0.7,0.0019069462003623
E-GEOD-5305-g2_g4,ENSMUSG00000034990,-0.2,0.092302900983698
E-GEOD-5305-g2_g4,ENSMUSG00000035031,-0.3,0.005894923474539
E-GEOD-5305-g2_g4,ENSMUSG00000035048,0.5,0.0020098563280809
E-GEOD-5305-g2_g4,ENSMUSG00000035049,-0.7,9.9243905798975e-05
E-GEOD-5305-g2_g4,ENSMUSG00000035051,0.3,0.0081900848454366
E-GEOD-5305-g2_g4,ENSMUSG00000035105,-0.7,0.000108631254381
E-GEOD-5305-g2_g4,ENSMUSG00000035171,0.3,0.039391321336269
E-GEOD-5305-g2_g4,ENSMUSG00000035198,-0.4,0.0061477970598437
E-GEOD-5305-g2_g4,ENSMUSG00000035212,0.4,0.0175956291397213
E-GEOD-5305-g2_g4,ENSMUSG00000035227,0.4,0.0093716639900472
E-GEOD-5305-g2_g4,ENSMUSG00000035268,-0.4,0.005894923474539
E-GEOD-5305-g2_g4,ENSMUSG00000035314,-0.4,0.0057976014807935
E-GEOD-5305-g2_g4,ENSMUSG00000035325,0.3,0.0494627395962985
E-GEOD-5305-g2_g4,ENSMUSG00000035351,0.3,0.0073970592623828
E-GEOD-5305-g2_g4,ENSMUSG00000035354,0.4,0.0029651078854937
E-GEOD-5305-g2_g4,ENSMUSG00000035372,0.2,0.0686754246974143
E-GEOD-5305-g2_g4,ENSMUSG00000035397,-0.3,0.0206284862941382
E-GEOD-5305-g2_g4,ENSMUSG00000035437,0.2,0.0572560727321856
E-GEOD-5305-g2_g4,ENSMUSG00000035441,0.4,0.0029651078854937
E-GEOD-5305-g2_g4,ENSMUSG00000035473,0.4,0.0074043984725523
E-GEOD-5305-g2_g4,ENSMUSG00000035476,-0.2,0.0860930290335844
E-GEOD-5305-g2_g4,ENSMUSG00000035504,-0.4,0.0031297451639791
E-GEOD-5305-g2_g4,ENSMUSG00000035517,0.3,0.0105811155645367
E-GEOD-5305-g2_g4,ENSMUSG00000035683,-0.4,0.0114123527329334
E-GEOD-5305-g2_g4,ENSMUSG00000035726,-0.2,0.0650037325970364
E-GEOD-5305-g2_g4,ENSMUSG00000035769,-0.3,0.0707829709218388
E-GEOD-5305-g2_g4,ENSMUSG00000035900,-0.2,0.0663670783401373
E-GEOD-5305-g2_g4,ENSMUSG00000035941,0.3,0.0479965963012638
E-GEOD-5305-g2_g4,ENSMUSG00000035960,-0.3,0.0073970592623828
E-GEOD-5305-g2_g4,ENSMUSG00000036002,0.3,0.0162504687750309
E-GEOD-5305-g2_g4,ENSMUSG00000036106,-0.2,0.092302900983698
E-GEOD-5305-g2_g4,ENSMUSG00000036158,0.5,0.0018464113591134
E-GEOD-5305-g2_g4,ENSMUSG00000036223,-0.4,0.0616113703857906
E-GEOD-5305-g2_g4,ENSMUSG00000036256,1.2,5.41880693416386e-05
E-GEOD-5305-g2_g4,ENSMUSG00000036257,-0.4,0.0432444796773804
E-GEOD-5305-g2_g4,ENSMUSG00000036270,-0.2,0.0384215673965436
E-GEOD-5305-g2_g4,ENSMUSG00000036275,0.3,0.0362575263886241
E-GEOD-5305-g2_g4,ENSMUSG00000036278,0.3,0.0094683510760408
E-GEOD-5305-g2_g4,ENSMUSG00000036285,-0.3,0.0253711045464998
E-GEOD-5305-g2_g4,ENSMUSG00000036299,0.5,0.0015827883143402
E-GEOD-5305-g2_g4,ENSMUSG00000036309,0.5,0.0113464922796373
E-GEOD-5305-g2_g4,ENSMUSG00000036352,-0.3,0.011072345673464
E-GEOD-5305-g2_g4,ENSMUSG00000036402,0.3,0.0156816747630969
E-GEOD-5305-g2_g4,ENSMUSG00000036473,0.3,0.0608042669734128
E-GEOD-5305-g2_g4,ENSMUSG00000036503,0.5,0.0101640900139602
E-GEOD-5305-g2_g4,ENSMUSG00000036533,0.4,0.0295118399310725
E-GEOD-5305-g2_g4,ENSMUSG00000036572,-0.3,0.0842268758967996
E-GEOD-5305-g2_g4,ENSMUSG00000036580,0.3,0.0170068239518112
E-GEOD-5305-g2_g4,ENSMUSG00000036591,0.4,0.0393241121407298
E-GEOD-5305-g2_g4,ENSMUSG00000036599,0.4,0.0032324331598541
E-GEOD-5305-g2_g4,ENSMUSG00000036639,-0.5,0.0055446515127582
E-GEOD-5305-g2_g4,ENSMUSG00000036678,-0.3,0.031540494809036
E-GEOD-5305-g2_g4,ENSMUSG00000036775,0.2,0.0779093467988757
E-GEOD-5305-g2_g4,ENSMUSG00000036781,0.4,0.0079915615414787
E-GEOD-5305-g2_g4,ENSMUSG00000036850,0.4,0.0107063256775919
E-GEOD-5305-g2_g4,ENSMUSG00000036867,1.1,2.32958586110152e-05
E-GEOD-5305-g2_g4,ENSMUSG00000036879,0.4,0.0576932424539756
E-GEOD-5305-g2_g4,ENSMUSG00000036880,-0.3,0.0278167240202142
E-GEOD-5305-g2_g4,ENSMUSG00000036904,0.4,0.0035675264872539
E-GEOD-5305-g2_g4,ENSMUSG00000036985,0.3,0.0342460633671163
E-GEOD-5305-g2_g4,ENSMUSG00000036990,-0.3,0.0358340029677024
E-GEOD-5305-g2_g4,ENSMUSG00000037013,0.4,0.0122467364287941
E-GEOD-5305-g2_g4,ENSMUSG00000037031,-0.4,0.0183837332861265
E-GEOD-5305-g2_g4,ENSMUSG00000037058,0.7,0.0010943251605112
E-GEOD-5305-g2_g4,ENSMUSG00000037071,0.5,0.0020143419157696
E-GEOD-5305-g2_g4,ENSMUSG00000037103,-0.3,0.0352063891345166
E-GEOD-5305-g2_g4,ENSMUSG00000037152,0.3,0.0268093360165352
E-GEOD-5305-g2_g4,ENSMUSG00000037161,0.3,0.0253711045464998
E-GEOD-5305-g2_g4,ENSMUSG00000037185,-0.6,0.0017130460368546
E-GEOD-5305-g2_g4,ENSMUSG00000037196,0.2,0.0977184836311502
E-GEOD-5305-g2_g4,ENSMUSG00000037204,-0.3,0.0067186034259433
E-GEOD-5305-g2_g4,ENSMUSG00000037206,1.0,1.80460655780261e-05
E-GEOD-5305-g2_g4,ENSMUSG00000037235,0.3,0.030622398212953
E-GEOD-5305-g2_g4,ENSMUSG00000037236,-0.4,0.0480326840324753
E-GEOD-5305-g2_g4,ENSMUSG00000037242,0.3,0.0199480156541329
E-GEOD-5305-g2_g4,ENSMUSG00000037339,-0.2,0.0746683086993705
E-GEOD-5305-g2_g4,ENSMUSG00000037347,0.3,0.021064013186567
E-GEOD-5305-g2_g4,ENSMUSG00000037353,0.3,0.0660183636705367
E-GEOD-5305-g2_g4,ENSMUSG00000037361,0.6,0.0062314616969607
E-GEOD-5305-g2_g4,ENSMUSG00000037362,1.4,1.83833275847942e-05
E-GEOD-5305-g2_g4,ENSMUSG00000037366,0.2,0.0811444669564192
E-GEOD-5305-g2_g4,ENSMUSG00000037370,0.8,0.0005566144182078
E-GEOD-5305-g2_g4,ENSMUSG00000037379,0.4,0.030864479152751
E-GEOD-5305-g2_g4,ENSMUSG00000037447,-0.2,0.0825873612679004
E-GEOD-5305-g2_g4,ENSMUSG00000037470,0.3,0.0248359510533993
E-GEOD-5305-g2_g4,ENSMUSG00000037493,0.5,0.0011740504024168
E-GEOD-5305-g2_g4,ENSMUSG00000037499,0.4,0.0072688541462406
E-GEOD-5305-g2_g4,ENSMUSG00000037531,0.3,0.0173780317348341
E-GEOD-5305-g2_g4,ENSMUSG00000037572,-0.2,0.0836769630331189
E-GEOD-5305-g2_g4,ENSMUSG00000037573,0.5,0.0279447017907385
E-GEOD-5305-g2_g4,ENSMUSG00000037580,-0.2,0.0830295844453563
E-GEOD-5305-g2_g4,ENSMUSG00000037621,0.4,0.0077958092860753
E-GEOD-5305-g2_g4,ENSMUSG00000037649,0.6,0.0006566084409572
E-GEOD-5305-g2_g4,ENSMUSG00000037656,-0.4,0.0023889702414748
E-GEOD-5305-g2_g4,ENSMUSG00000037712,0.3,0.0458937793771786
E-GEOD-5305-g2_g4,ENSMUSG00000037740,-0.4,0.0032289928608636
E-GEOD-5305-g2_g4,ENSMUSG00000037788,0.3,0.0922261538175266
E-GEOD-5305-g2_g4,ENSMUSG00000037822,0.3,0.0212868676708944
E-GEOD-5305-g2_g4,ENSMUSG00000037847,0.4,0.0052009872885454
E-GEOD-5305-g2_g4,ENSMUSG00000037851,-0.5,0.0009675019188447
E-GEOD-5305-g2_g4,ENSMUSG00000037852,0.3,0.0603288567197039
E-GEOD-5305-g2_g4,ENSMUSG00000037868,-0.4,0.0198290834152083
E-GEOD-5305-g2_g4,ENSMUSG00000037916,-0.2,0.0378157776623378
E-GEOD-5305-g2_g4,ENSMUSG00000037936,-0.3,0.0439218529184274
E-GEOD-5305-g2_g4,ENSMUSG00000037960,0.2,0.0422890709769545
E-GEOD-5305-g2_g4,ENSMUSG00000037966,-0.3,0.0147599244827364
E-GEOD-5305-g2_g4,ENSMUSG00000037971,0.6,0.0005771327166007
E-GEOD-5305-g2_g4,ENSMUSG00000038005,-0.2,0.0924424024581357
E-GEOD-5305-g2_g4,ENSMUSG00000038037,0.2,0.0963080994849171
E-GEOD-5305-g2_g4,ENSMUSG00000038046,-0.4,0.0032356219871394
E-GEOD-5305-g2_g4,ENSMUSG00000038072,0.5,0.0066664281766996
E-GEOD-5305-g2_g4,ENSMUSG00000038119,-0.2,0.0491017097965213
E-GEOD-5305-g2_g4,ENSMUSG00000038146,-0.4,0.0029923415755981
E-GEOD-5305-g2_g4,ENSMUSG00000038174,-0.2,0.0579850852102338
E-GEOD-5305-g2_g4,ENSMUSG00000038210,0.3,0.0321274154574469
E-GEOD-5305-g2_g4,ENSMUSG00000038227,0.3,0.0370923753407059
E-GEOD-5305-g2_g4,ENSMUSG00000038236,-0.3,0.041926627199698
E-GEOD-5305-g2_g4,ENSMUSG00000038246,0.2,0.072340032054712
E-GEOD-5305-g2_g4,ENSMUSG00000038252,-0.3,0.0216939043561049
E-GEOD-5305-g2_g4,ENSMUSG00000038264,-0.8,0.0001906830653651
E-GEOD-5305-g2_g4,ENSMUSG00000038267,-0.3,0.0189391299334765
E-GEOD-5305-g2_g4,ENSMUSG00000038268,-0.2,0.0841291936346487
E-GEOD-5305-g2_g4,ENSMUSG00000038279,-0.4,0.0043636074929585
E-GEOD-5305-g2_g4,ENSMUSG00000038286,0.3,0.0198956073752827
E-GEOD-5305-g2_g4,ENSMUSG00000038332,0.5,0.003567969813552
E-GEOD-5305-g2_g4,ENSMUSG00000038357,0.6,0.0018061875672387
E-GEOD-5305-g2_g4,ENSMUSG00000038375,0.3,0.0370923753407059
E-GEOD-5305-g2_g4,ENSMUSG00000038400,-0.3,0.0529654868056924
E-GEOD-5305-g2_g4,ENSMUSG00000038412,0.4,0.0028840056860226
E-GEOD-5305-g2_g4,ENSMUSG00000038415,0.3,0.0178161966630609
E-GEOD-5305-g2_g4,ENSMUSG00000038416,0.3,0.0216755239095795
E-GEOD-5305-g2_g4,ENSMUSG00000038429,-0.2,0.0414625311729444
E-GEOD-5305-g2_g4,ENSMUSG00000038463,0.2,0.0624113003550912
E-GEOD-5305-g2_g4,ENSMUSG00000038497,0.3,0.0272246158522949
E-GEOD-5305-g2_g4,ENSMUSG00000038508,0.4,0.005894923474539
E-GEOD-5305-g2_g4,ENSMUSG00000038515,-0.4,0.0152297061143304
E-GEOD-5305-g2_g4,ENSMUSG00000038530,0.7,0.0004005177310092
E-GEOD-5305-g2_g4,ENSMUSG00000038542,-0.4,0.0047401685936958
E-GEOD-5305-g2_g4,ENSMUSG00000038543,0.5,0.0170068239518112
E-GEOD-5305-g2_g4,ENSMUSG00000038546,0.4,0.0637928681435466
E-GEOD-5305-g2_g4,ENSMUSG00000038587,0.3,0.0120754851207132
E-GEOD-5305-g2_g4,ENSMUSG00000038612,-0.2,0.0880003855776438
E-GEOD-5305-g2_g4,ENSMUSG00000038615,0.3,0.0430955996778707
E-GEOD-5305-g2_g4,ENSMUSG00000038618,-0.4,0.0124366961175014
E-GEOD-5305-g2_g4,ENSMUSG00000038622,0.3,0.0158651512800119
E-GEOD-5305-g2_g4,ENSMUSG00000038633,0.3,0.0202619481710059
E-GEOD-5305-g2_g4,ENSMUSG00000038644,-0.4,0.0178161966630609
E-GEOD-5305-g2_g4,ENSMUSG00000038671,-0.3,0.0270900120265905
E-GEOD-5305-g2_g4,ENSMUSG00000038690,0.2,0.0801187305368211
E-GEOD-5305-g2_g4,ENSMUSG00000038697,-0.3,0.0458937793771786
E-GEOD-5305-g2_g4,ENSMUSG00000038722,0.4,0.0045211753190898
E-GEOD-5305-g2_g4,ENSMUSG00000038754,-0.4,0.0404783594855492
E-GEOD-5305-g2_g4,ENSMUSG00000038760,-0.3,0.0752985471312068
E-GEOD-5305-g2_g4,ENSMUSG00000038762,-0.3,0.0166863615816664
E-GEOD-5305-g2_g4,ENSMUSG00000038776,0.8,4.37738970181974e-05
E-GEOD-5305-g2_g4,ENSMUSG00000038803,0.6,0.0004115844490203
E-GEOD-5305-g2_g4,ENSMUSG00000038845,-0.8,6.94485371016135e-05
E-GEOD-5305-g2_g4,ENSMUSG00000038848,-0.2,0.0938438056496012
E-GEOD-5305-g2_g4,ENSMUSG00000038859,-0.6,0.0010090476239754
E-GEOD-5305-g2_g4,ENSMUSG00000038876,0.3,0.0099456130729504
E-GEOD-5305-g2_g4,ENSMUSG00000038888,-0.3,0.0319008615268021
E-GEOD-5305-g2_g4,ENSMUSG00000038975,0.6,0.0006566084409572
E-GEOD-5305-g2_g4,ENSMUSG00000038991,0.3,0.057122977001764
E-GEOD-5305-g2_g4,ENSMUSG00000038994,-0.3,0.0801958375745434
E-GEOD-5305-g2_g4,ENSMUSG00000038997,-0.3,0.0139014602005409
E-GEOD-5305-g2_g4,ENSMUSG00000039007,0.9,0.0001095542911406
E-GEOD-5305-g2_g4,ENSMUSG00000039016,0.5,0.0014483292803774
E-GEOD-5305-g2_g4,ENSMUSG00000039055,-0.3,0.0362218866384252
E-GEOD-5305-g2_g4,ENSMUSG00000039062,1.0,0.00063887441193
E-GEOD-5305-g2_g4,ENSMUSG00000039130,-0.4,0.0123981126660833
E-GEOD-5305-g2_g4,ENSMUSG00000039148,-0.3,0.0702234714412833
E-GEOD-5305-g2_g4,ENSMUSG00000039157,0.3,0.0806702495082024
E-GEOD-5305-g2_g4,ENSMUSG00000039159,0.3,0.0226538561812421
E-GEOD-5305-g2_g4,ENSMUSG00000039168,0.2,0.0418783930436746
E-GEOD-5305-g2_g4,ENSMUSG00000039176,-0.3,0.0087933808738511
E-GEOD-5305-g2_g4,ENSMUSG00000039183,-0.2,0.0833616335199076
E-GEOD-5305-g2_g4,ENSMUSG00000039217,0.4,0.006207176638694
E-GEOD-5305-g2_g4,ENSMUSG00000039230,-0.3,0.0066664281766996
E-GEOD-5305-g2_g4,ENSMUSG00000039233,0.5,0.0032000576211149
E-GEOD-5305-g2_g4,ENSMUSG00000039236,0.3,0.036782699124216
E-GEOD-5305-g2_g4,ENSMUSG00000039246,0.3,0.0170641586066566
E-GEOD-5305-g2_g4,ENSMUSG00000039263,-0.2,0.0891659728657059
E-GEOD-5305-g2_g4,ENSMUSG00000039275,-0.3,0.0211429153356015
E-GEOD-5305-g2_g4,ENSMUSG00000039323,-0.5,0.003103071325365
E-GEOD-5305-g2_g4,ENSMUSG00000039356,-0.2,0.0414625311729444
E-GEOD-5305-g2_g4,ENSMUSG00000039450,0.6,0.0003027663052019
E-GEOD-5305-g2_g4,ENSMUSG00000039476,0.5,0.0015283054820508
E-GEOD-5305-g2_g4,ENSMUSG00000039485,0.3,0.0055041380865011
E-GEOD-5305-g2_g4,ENSMUSG00000039509,-0.3,0.0280720049242981
E-GEOD-5305-g2_g4,ENSMUSG00000039515,-0.3,0.0611089036540077
E-GEOD-5305-g2_g4,ENSMUSG00000039530,0.6,0.0057265641655501
E-GEOD-5305-g2_g4,ENSMUSG00000039601,0.6,0.0022367277244979
E-GEOD-5305-g2_g4,ENSMUSG00000039640,-0.6,0.0005355713969009
E-GEOD-5305-g2_g4,ENSMUSG00000039646,0.3,0.0288922273858147
E-GEOD-5305-g2_g4,ENSMUSG00000039662,-0.3,0.0134291779667613
E-GEOD-5305-g2_g4,ENSMUSG00000039756,0.3,0.0293511896659533
E-GEOD-5305-g2_g4,ENSMUSG00000039763,0.3,0.0517847722190628
E-GEOD-5305-g2_g4,ENSMUSG00000039768,-0.4,0.0068562563238669
E-GEOD-5305-g2_g4,ENSMUSG00000039770,0.7,0.000108631254381
E-GEOD-5305-g2_g4,ENSMUSG00000039804,-0.5,0.0010090476239754
E-GEOD-5305-g2_g4,ENSMUSG00000039887,0.3,0.016315727140937
E-GEOD-5305-g2_g4,ENSMUSG00000039910,0.2,0.0950516407738482
E-GEOD-5305-g2_g4,ENSMUSG00000039958,0.4,0.0248011468393166
E-GEOD-5305-g2_g4,ENSMUSG00000039985,-0.3,0.0942394360792251
E-GEOD-5305-g2_g4,ENSMUSG00000040006,0.3,0.0488748761973675
E-GEOD-5305-g2_g4,ENSMUSG00000040010,-0.4,0.0044658772932975
E-GEOD-5305-g2_g4,ENSMUSG00000040026,0.3,0.0296785406261438
E-GEOD-5305-g2_g4,ENSMUSG00000040028,-0.3,0.0147895392483736
E-GEOD-5305-g2_g4,ENSMUSG00000040044,0.2,0.0663851324194773
E-GEOD-5305-g2_g4,ENSMUSG00000040084,-0.2,0.0571240604686309
E-GEOD-5305-g2_g4,ENSMUSG00000040097,-0.3,0.0329191890498863
E-GEOD-5305-g2_g4,ENSMUSG00000040112,-0.3,0.0256297467072628
E-GEOD-5305-g2_g4,ENSMUSG00000040128,0.3,0.0935754708617692
E-GEOD-5305-g2_g4,ENSMUSG00000040152,0.8,0.0004005177310092
E-GEOD-5305-g2_g4,ENSMUSG00000040181,0.9,0.0007962114532097
E-GEOD-5305-g2_g4,ENSMUSG00000040183,-0.3,0.0946769108073384
E-GEOD-5305-g2_g4,ENSMUSG00000040234,0.4,0.0082198260655393
E-GEOD-5305-g2_g4,ENSMUSG00000040236,-0.3,0.0390454504498078
E-GEOD-5305-g2_g4,ENSMUSG00000040242,0.3,0.0392746597971155
E-GEOD-5305-g2_g4,ENSMUSG00000040249,0.4,0.0048452786056623
E-GEOD-5305-g2_g4,ENSMUSG00000040263,-0.3,0.0248011468393166
E-GEOD-5305-g2_g4,ENSMUSG00000040268,-0.2,0.0767640351077261
E-GEOD-5305-g2_g4,ENSMUSG00000040269,0.3,0.0360024507349543
E-GEOD-5305-g2_g4,ENSMUSG00000040289,0.3,0.0464076561363477
E-GEOD-5305-g2_g4,ENSMUSG00000040322,0.3,0.0953966250645374
E-GEOD-5305-g2_g4,ENSMUSG00000040329,0.3,0.0224554772606295
E-GEOD-5305-g2_g4,ENSMUSG00000040331,0.2,0.048934601911188
E-GEOD-5305-g2_g4,ENSMUSG00000040365,0.2,0.0655605535855905
E-GEOD-5305-g2_g4,ENSMUSG00000040370,0.6,0.005894923474539
E-GEOD-5305-g2_g4,ENSMUSG00000040374,0.5,0.0049118436165463
E-GEOD-5305-g2_g4,ENSMUSG00000040385,-0.3,0.0069677904100906
E-GEOD-5305-g2_g4,ENSMUSG00000040462,0.3,0.0087882962000203
E-GEOD-5305-g2_g4,ENSMUSG00000040463,-0.5,0.0011588174078434
E-GEOD-5305-g2_g4,ENSMUSG00000040479,-0.7,0.0001947644538746
E-GEOD-5305-g2_g4,ENSMUSG00000040557,0.3,0.0071336288133903
E-GEOD-5305-g2_g4,ENSMUSG00000040569,-0.2,0.0650037325970364
E-GEOD-5305-g2_g4,ENSMUSG00000040618,-0.3,0.0116987354503546
E-GEOD-5305-g2_g4,ENSMUSG00000040658,-0.5,0.0006829497064063
E-GEOD-5305-g2_g4,ENSMUSG00000040688,-0.5,0.0054757982162795
E-GEOD-5305-g2_g4,ENSMUSG00000040694,-1.0,9.50514971214748e-06
E-GEOD-5305-g2_g4,ENSMUSG00000040699,-0.5,0.0011588174078434
E-GEOD-5305-g2_g4,ENSMUSG00000040713,0.8,9.62849978288256e-05
E-GEOD-5305-g2_g4,ENSMUSG00000040738,-0.3,0.0591285789044191
E-GEOD-5305-g2_g4,ENSMUSG00000040767,-0.4,0.005115454863208
E-GEOD-5305-g2_g4,ENSMUSG00000040822,0.3,0.0215813824947634
E-GEOD-5305-g2_g4,ENSMUSG00000040843,0.3,0.0171890420359884
E-GEOD-5305-g2_g4,ENSMUSG00000040848,-0.4,0.0097518158210185
E-GEOD-5305-g2_g4,ENSMUSG00000040945,-0.6,0.0014953044521811
E-GEOD-5305-g2_g4,ENSMUSG00000040957,0.5,0.0009644913574105
E-GEOD-5305-g2_g4,ENSMUSG00000040990,-0.2,0.0927476719280858
E-GEOD-5305-g2_g4,ENSMUSG00000041028,0.3,0.0109328137044409
E-GEOD-5305-g2_g4,ENSMUSG00000041075,0.3,0.0586163471351107
E-GEOD-5305-g2_g4,ENSMUSG00000041126,0.3,0.0346928776296957
E-GEOD-5305-g2_g4,ENSMUSG00000041133,-0.3,0.0147599244827364
E-GEOD-5305-g2_g4,ENSMUSG00000041164,-0.3,0.0178995987362442
E-GEOD-5305-g2_g4,ENSMUSG00000041189,-0.7,0.0006950964925719
E-GEOD-5305-g2_g4,ENSMUSG00000041220,0.3,0.0361803335507846
E-GEOD-5305-g2_g4,ENSMUSG00000041241,-0.4,0.0030864270742743
E-GEOD-5305-g2_g4,ENSMUSG00000041261,0.7,0.0680539412067278
E-GEOD-5305-g2_g4,ENSMUSG00000041347,-0.3,0.0268453378740844
E-GEOD-5305-g2_g4,ENSMUSG00000041390,0.3,0.0769718147450221
E-GEOD-5305-g2_g4,ENSMUSG00000041426,0.3,0.0321501132967636
E-GEOD-5305-g2_g4,ENSMUSG00000041431,-0.4,0.0021855908258146
E-GEOD-5305-g2_g4,ENSMUSG00000041459,-0.3,0.0200084270142833
E-GEOD-5305-g2_g4,ENSMUSG00000041506,-0.3,0.0431692711353289
E-GEOD-5305-g2_g4,ENSMUSG00000041556,0.3,0.0481628319856046
E-GEOD-5305-g2_g4,ENSMUSG00000041559,1.0,4.54958827235333e-05
E-GEOD-5305-g2_g4,ENSMUSG00000041571,0.5,0.0027391184716945
E-GEOD-5305-g2_g4,ENSMUSG00000041577,1.2,7.60647143670901e-06
E-GEOD-5305-g2_g4,ENSMUSG00000041609,0.2,0.0878819493951378
E-GEOD-5305-g2_g4,ENSMUSG00000041629,-0.3,0.0253744328909224
E-GEOD-5305-g2_g4,ENSMUSG00000041654,0.3,0.0256400316551106
E-GEOD-5305-g2_g4,ENSMUSG00000041688,0.5,0.0152527274955379
E-GEOD-5305-g2_g4,ENSMUSG00000041696,0.3,0.0160525190162697
E-GEOD-5305-g2_g4,ENSMUSG00000041733,-0.2,0.0701549660220073
E-GEOD-5305-g2_g4,ENSMUSG00000041773,0.7,9.03772676773276e-05
E-GEOD-5305-g2_g4,ENSMUSG00000041782,-0.2,0.0636144243681894
E-GEOD-5305-g2_g4,ENSMUSG00000041801,-0.4,0.0039863068614543
E-GEOD-5305-g2_g4,ENSMUSG00000041815,-0.3,0.0192582748388343
E-GEOD-5305-g2_g4,ENSMUSG00000041840,0.4,0.0180938061072466
E-GEOD-5305-g2_g4,ENSMUSG00000041842,0.3,0.0191197371087064
E-GEOD-5305-g2_g4,ENSMUSG00000041845,0.4,0.0023388545291212
E-GEOD-5305-g2_g4,ENSMUSG00000041881,0.3,0.0105163197595577
E-GEOD-5305-g2_g4,ENSMUSG00000041891,0.3,0.0173662525485464
E-GEOD-5305-g2_g4,ENSMUSG00000041920,-0.2,0.0423194136958205
E-GEOD-5305-g2_g4,ENSMUSG00000041935,0.3,0.0763347075232348
E-GEOD-5305-g2_g4,ENSMUSG00000041959,0.3,0.0149573559184031
E-GEOD-5305-g2_g4,ENSMUSG00000042032,0.2,0.0925112089495401
E-GEOD-5305-g2_g4,ENSMUSG00000042043,0.6,0.0020867671966765
E-GEOD-5305-g2_g4,ENSMUSG00000042115,-0.6,0.000299670719002
E-GEOD-5305-g2_g4,ENSMUSG00000042178,-0.3,0.0489282484887536
E-GEOD-5305-g2_g4,ENSMUSG00000042198,0.2,0.0634287171791833
E-GEOD-5305-g2_g4,ENSMUSG00000042207,0.2,0.0655109625535138
E-GEOD-5305-g2_g4,ENSMUSG00000042312,0.6,0.0004705598689908
E-GEOD-5305-g2_g4,ENSMUSG00000042331,-0.3,0.0073703737849674
E-GEOD-5305-g2_g4,ENSMUSG00000042349,0.2,0.08768314875323
E-GEOD-5305-g2_g4,ENSMUSG00000042364,0.2,0.0882852613837159
E-GEOD-5305-g2_g4,ENSMUSG00000042367,-0.5,0.0013947725169856
E-GEOD-5305-g2_g4,ENSMUSG00000042446,-0.2,0.0917882036407797
E-GEOD-5305-g2_g4,ENSMUSG00000042462,-0.9,1.03009370348824e-05
E-GEOD-5305-g2_g4,ENSMUSG00000042485,-0.4,0.0319643285573705
E-GEOD-5305-g2_g4,ENSMUSG00000042524,0.2,0.0704106497439601
E-GEOD-5305-g2_g4,ENSMUSG00000042535,-0.3,0.0170068239518112
E-GEOD-5305-g2_g4,ENSMUSG00000042541,0.4,0.0054757982162795
E-GEOD-5305-g2_g4,ENSMUSG00000042548,-0.3,0.0434485668009108
E-GEOD-5305-g2_g4,ENSMUSG00000042558,-0.3,0.0417827011910584
E-GEOD-5305-g2_g4,ENSMUSG00000042569,-0.3,0.0184206932673085
E-GEOD-5305-g2_g4,ENSMUSG00000042675,0.3,0.029260553534867
E-GEOD-5305-g2_g4,ENSMUSG00000042682,0.6,0.0006829497064063
E-GEOD-5305-g2_g4,ENSMUSG00000042712,0.8,0.0002888437218811
E-GEOD-5305-g2_g4,ENSMUSG00000042726,0.2,0.069674107061263
E-GEOD-5305-g2_g4,ENSMUSG00000042729,-0.4,0.0025382985341386
E-GEOD-5305-g2_g4,ENSMUSG00000042745,0.9,7.3576506449524e-05
E-GEOD-5305-g2_g4,ENSMUSG00000042821,0.3,0.0248892153774188
E-GEOD-5305-g2_g4,ENSMUSG00000042834,0.5,0.000968631039361
E-GEOD-5305-g2_g4,ENSMUSG00000042842,0.4,0.0114036222872107
E-GEOD-5305-g2_g4,ENSMUSG00000043091,-0.4,0.0039668906516782
E-GEOD-5305-g2_g4,ENSMUSG00000043131,0.2,0.0667281586921085
E-GEOD-5305-g2_g4,ENSMUSG00000043259,0.3,0.0547213956058842
E-GEOD-5305-g2_g4,ENSMUSG00000043300,0.4,0.0146864348858171
E-GEOD-5305-g2_g4,ENSMUSG00000043439,-0.5,0.0012094112138967
E-GEOD-5305-g2_g4,ENSMUSG00000043496,0.5,0.0024738456849866
E-GEOD-5305-g2_g4,ENSMUSG00000043510,0.4,0.0038287044522987
E-GEOD-5305-g2_g4,ENSMUSG00000043702,0.2,0.0729444337651193
E-GEOD-5305-g2_g4,ENSMUSG00000043924,-0.2,0.0495964982540864
E-GEOD-5305-g2_g4,ENSMUSG00000043943,0.6,0.0007507596447831
E-GEOD-5305-g2_g4,ENSMUSG00000043998,0.4,0.0047050702732865
E-GEOD-5305-g2_g4,ENSMUSG00000044018,0.4,0.0064884035003645
E-GEOD-5305-g2_g4,ENSMUSG00000044041,-0.5,0.001405091230788
E-GEOD-5305-g2_g4,ENSMUSG00000044080,0.6,0.0004097825755858
E-GEOD-5305-g2_g4,ENSMUSG00000044155,0.3,0.0224554772606295
E-GEOD-5305-g2_g4,ENSMUSG00000044167,0.4,0.0100209709261254
E-GEOD-5305-g2_g4,ENSMUSG00000044201,-0.3,0.0423194136958205
E-GEOD-5305-g2_g4,ENSMUSG00000044258,1.1,7.60647143670901e-06
E-GEOD-5305-g2_g4,ENSMUSG00000044337,-0.5,0.014703314075162
E-GEOD-5305-g2_g4,ENSMUSG00000044345,0.2,0.0570656730107756
E-GEOD-5305-g2_g4,ENSMUSG00000044469,-0.3,0.0278931609961907
E-GEOD-5305-g2_g4,ENSMUSG00000044627,0.3,0.0316251561677579
E-GEOD-5305-g2_g4,ENSMUSG00000044674,0.3,0.0191197371087064
E-GEOD-5305-g2_g4,ENSMUSG00000044734,0.7,0.0009604074153456
E-GEOD-5305-g2_g4,ENSMUSG00000044986,-0.2,0.0730017694270269
E-GEOD-5305-g2_g4,ENSMUSG00000045216,0.2,0.0501908596327977
E-GEOD-5305-g2_g4,ENSMUSG00000045273,0.4,0.0398004064201065
E-GEOD-5305-g2_g4,ENSMUSG00000045411,0.3,0.0882852613837159
E-GEOD-5305-g2_g4,ENSMUSG00000045414,-0.4,0.0360024507349543
E-GEOD-5305-g2_g4,ENSMUSG00000045435,0.3,0.0175590780674273
E-GEOD-5305-g2_g4,ENSMUSG00000045502,-0.3,0.0908017337188142
E-GEOD-5305-g2_g4,ENSMUSG00000045503,-0.4,0.0020143260197536
E-GEOD-5305-g2_g4,ENSMUSG00000045545,-0.5,0.0079120807377028
E-GEOD-5305-g2_g4,ENSMUSG00000045576,0.3,0.021064013186567
E-GEOD-5305-g2_g4,ENSMUSG00000045594,0.2,0.0444946598027962
E-GEOD-5305-g2_g4,ENSMUSG00000045598,-0.3,0.0433007079953124
E-GEOD-5305-g2_g4,ENSMUSG00000045679,0.6,0.0004462002703334
E-GEOD-5305-g2_g4,ENSMUSG00000045752,-0.3,0.0398004064201065
E-GEOD-5305-g2_g4,ENSMUSG00000045763,-0.2,0.0692711546794848
E-GEOD-5305-g2_g4,ENSMUSG00000045827,0.7,0.0016502896249713
E-GEOD-5305-g2_g4,ENSMUSG00000045854,0.4,0.0014631608804573
E-GEOD-5305-g2_g4,ENSMUSG00000045917,0.3,0.0090804125347356
E-GEOD-5305-g2_g4,ENSMUSG00000046186,0.4,0.0043668108859716
E-GEOD-5305-g2_g4,ENSMUSG00000046223,-0.4,0.0113929200466977
E-GEOD-5305-g2_g4,ENSMUSG00000046311,0.2,0.0725225666440608
E-GEOD-5305-g2_g4,ENSMUSG00000046312,-0.3,0.0734438427888235
E-GEOD-5305-g2_g4,ENSMUSG00000046380,-0.3,0.0259398822694984
E-GEOD-5305-g2_g4,ENSMUSG00000046402,0.7,0.0002357729367987
E-GEOD-5305-g2_g4,ENSMUSG00000046546,0.8,4.2407228371985e-05
E-GEOD-5305-g2_g4,ENSMUSG00000046598,-0.3,0.0290981198453123
E-GEOD-5305-g2_g4,ENSMUSG00000046615,-0.2,0.0943435046643017
E-GEOD-5305-g2_g4,ENSMUSG00000046679,-0.2,0.0649938648944713
E-GEOD-5305-g2_g4,ENSMUSG00000046688,0.6,0.0002309975699623
E-GEOD-5305-g2_g4,ENSMUSG00000046714,0.4,0.0628580158817206
E-GEOD-5305-g2_g4,ENSMUSG00000046727,-0.4,0.0112151632344885
E-GEOD-5305-g2_g4,ENSMUSG00000046756,-0.3,0.018842470513677
E-GEOD-5305-g2_g4,ENSMUSG00000046768,0.6,0.0006559603903074
E-GEOD-5305-g2_g4,ENSMUSG00000046791,-0.3,0.0220958843311888
E-GEOD-5305-g2_g4,ENSMUSG00000046818,0.3,0.0272449824966721
E-GEOD-5305-g2_g4,ENSMUSG00000046909,0.5,0.0049003744426152
E-GEOD-5305-g2_g4,ENSMUSG00000047126,0.4,0.0210096408483756
E-GEOD-5305-g2_g4,ENSMUSG00000047139,1.2,3.19394020444071e-05
E-GEOD-5305-g2_g4,ENSMUSG00000047187,0.4,0.0190795802033
E-GEOD-5305-g2_g4,ENSMUSG00000047534,-0.3,0.061203632305731
E-GEOD-5305-g2_g4,ENSMUSG00000047557,0.6,0.0049100734962284
E-GEOD-5305-g2_g4,ENSMUSG00000047656,0.2,0.0704180577200439
E-GEOD-5305-g2_g4,ENSMUSG00000047821,-0.4,0.0038758941785347
E-GEOD-5305-g2_g4,ENSMUSG00000047824,-0.3,0.0256400316551106
E-GEOD-5305-g2_g4,ENSMUSG00000047832,-0.2,0.0400110809461489
E-GEOD-5305-g2_g4,ENSMUSG00000047866,0.6,0.0006408368160526
E-GEOD-5305-g2_g4,ENSMUSG00000047881,0.2,0.0777329019180233
E-GEOD-5305-g2_g4,ENSMUSG00000047945,-0.3,0.027263616277275
E-GEOD-5305-g2_g4,ENSMUSG00000047963,0.4,0.004032945454346
E-GEOD-5305-g2_g4,ENSMUSG00000048040,0.5,0.0048950146435925
E-GEOD-5305-g2_g4,ENSMUSG00000048096,0.2,0.0699613573104826
E-GEOD-5305-g2_g4,ENSMUSG00000048109,-0.3,0.0199480156541329
E-GEOD-5305-g2_g4,ENSMUSG00000048126,0.3,0.0173780317348341
E-GEOD-5305-g2_g4,ENSMUSG00000048277,-0.3,0.0219253570874851
E-GEOD-5305-g2_g4,ENSMUSG00000048279,-0.3,0.0406076400459196
E-GEOD-5305-g2_g4,ENSMUSG00000048307,0.3,0.0134793117810359
E-GEOD-5305-g2_g4,ENSMUSG00000048368,0.9,0.0002679957455393
E-GEOD-5305-g2_g4,ENSMUSG00000048482,0.2,0.0315307863521121
E-GEOD-5305-g2_g4,ENSMUSG00000048495,0.3,0.0146356877862966
E-GEOD-5305-g2_g4,ENSMUSG00000048497,0.3,0.0717499054889852
E-GEOD-5305-g2_g4,ENSMUSG00000048578,0.3,0.0227380692757844
E-GEOD-5305-g2_g4,ENSMUSG00000048668,-0.3,0.0150371118888206
E-GEOD-5305-g2_g4,ENSMUSG00000048755,-0.4,0.0044946133978697
E-GEOD-5305-g2_g4,ENSMUSG00000048772,0.3,0.0312525198775508
E-GEOD-5305-g2_g4,ENSMUSG00000048807,-0.3,0.0406076400459196
E-GEOD-5305-g2_g4,ENSMUSG00000048970,0.3,0.0440524594339465
E-GEOD-5305-g2_g4,ENSMUSG00000048992,-0.3,0.0685168705575925
E-GEOD-5305-g2_g4,ENSMUSG00000049044,-0.2,0.0988227493657608
E-GEOD-5305-g2_g4,ENSMUSG00000049091,-0.3,0.0420929217272453
E-GEOD-5305-g2_g4,ENSMUSG00000049303,-0.4,0.0035196150590206
E-GEOD-5305-g2_g4,ENSMUSG00000049305,-0.3,0.0692711546794848
E-GEOD-5305-g2_g4,ENSMUSG00000049422,-0.4,0.0149231713923389
E-GEOD-5305-g2_g4,ENSMUSG00000049470,0.3,0.0601385341103354
E-GEOD-5305-g2_g4,ENSMUSG00000049536,0.5,0.0023388545291212
E-GEOD-5305-g2_g4,ENSMUSG00000049553,-0.4,0.0017593592448707
E-GEOD-5305-g2_g4,ENSMUSG00000049577,-0.3,0.0382802058084739
E-GEOD-5305-g2_g4,ENSMUSG00000049686,-0.3,0.0084885796967148
E-GEOD-5305-g2_g4,ENSMUSG00000049721,-0.3,0.0749445283339186
E-GEOD-5305-g2_g4,ENSMUSG00000049775,0.3,0.0240670719692499
E-GEOD-5305-g2_g4,ENSMUSG00000049791,0.4,0.0031635784109907
E-GEOD-5305-g2_g4,ENSMUSG00000049858,-0.2,0.0539127026662933
E-GEOD-5305-g2_g4,ENSMUSG00000049866,-0.9,1.83833275847942e-05
E-GEOD-5305-g2_g4,ENSMUSG00000049878,0.2,0.0673056301360835
E-GEOD-5305-g2_g4,ENSMUSG00000049892,-0.3,0.0285299556530027
E-GEOD-5305-g2_g4,ENSMUSG00000049922,-0.3,0.0564076102277754
E-GEOD-5305-g2_g4,ENSMUSG00000049932,-0.5,0.0015576322358403
E-GEOD-5305-g2_g4,ENSMUSG00000050088,0.3,0.0132535759300392
E-GEOD-5305-g2_g4,ENSMUSG00000050100,-0.3,0.0496881087318962
E-GEOD-5305-g2_g4,ENSMUSG00000050174,-0.3,0.0573090580813139
E-GEOD-5305-g2_g4,ENSMUSG00000050244,-0.6,0.0006829497064063
E-GEOD-5305-g2_g4,ENSMUSG00000050295,0.3,0.0192209023666986
E-GEOD-5305-g2_g4,ENSMUSG00000050315,0.5,0.000847397005261
E-GEOD-5305-g2_g4,ENSMUSG00000050370,-0.2,0.0625863165489879
E-GEOD-5305-g2_g4,ENSMUSG00000050390,-0.3,0.0170695601963987
E-GEOD-5305-g2_g4,ENSMUSG00000050471,-0.3,0.0315736861662514
E-GEOD-5305-g2_g4,ENSMUSG00000050552,0.4,0.0040365215100885
E-GEOD-5305-g2_g4,ENSMUSG00000050605,0.3,0.0431025944382541
E-GEOD-5305-g2_g4,ENSMUSG00000050608,0.5,0.0018396439316707
E-GEOD-5305-g2_g4,ENSMUSG00000050912,0.4,0.0172720785743786
E-GEOD-5305-g2_g4,ENSMUSG00000050965,0.4,0.0066236197458877
E-GEOD-5305-g2_g4,ENSMUSG00000050989,0.3,0.0219227576848826
E-GEOD-5305-g2_g4,ENSMUSG00000051022,0.4,0.0074849598216078
E-GEOD-5305-g2_g4,ENSMUSG00000051220,-0.5,0.000847397005261
E-GEOD-5305-g2_g4,ENSMUSG00000051234,0.3,0.0302341123145892
E-GEOD-5305-g2_g4,ENSMUSG00000051238,-0.2,0.0649938648944713
E-GEOD-5305-g2_g4,ENSMUSG00000051456,-0.4,0.0060723310495144
E-GEOD-5305-g2_g4,ENSMUSG00000051768,-0.3,0.0074307434849775
E-GEOD-5305-g2_g4,ENSMUSG00000051851,0.4,0.008371699762951
E-GEOD-5305-g2_g4,ENSMUSG00000051920,0.2,0.065357272634906
E-GEOD-5305-g2_g4,ENSMUSG00000052151,-0.4,0.0084670822646696
E-GEOD-5305-g2_g4,ENSMUSG00000052331,0.6,0.0565990095980804
E-GEOD-5305-g2_g4,ENSMUSG00000052374,-0.3,0.0161328717386937
E-GEOD-5305-g2_g4,ENSMUSG00000052397,-0.5,0.0009479359142692
E-GEOD-5305-g2_g4,ENSMUSG00000052406,-0.5,0.0028598351890357
E-GEOD-5305-g2_g4,ENSMUSG00000052419,-0.3,0.0622198335629942
E-GEOD-5305-g2_g4,ENSMUSG00000052428,0.3,0.0697378546359402
E-GEOD-5305-g2_g4,ENSMUSG00000052459,0.4,0.0221345676801832
E-GEOD-5305-g2_g4,ENSMUSG00000052488,-0.2,0.0654898206203988
E-GEOD-5305-g2_g4,ENSMUSG00000052512,0.4,0.0170669370170582
E-GEOD-5305-g2_g4,ENSMUSG00000052534,0.4,0.0090609893707607
E-GEOD-5305-g2_g4,ENSMUSG00000052593,0.3,0.0160525190162697
E-GEOD-5305-g2_g4,ENSMUSG00000052681,0.2,0.0963080994849171
E-GEOD-5305-g2_g4,ENSMUSG00000052684,0.5,0.0145922893575993
E-GEOD-5305-g2_g4,ENSMUSG00000052688,0.3,0.0234812184074188
E-GEOD-5305-g2_g4,ENSMUSG00000052712,0.4,0.0073099703138944
E-GEOD-5305-g2_g4,ENSMUSG00000052751,-0.3,0.0336952615319708
E-GEOD-5305-g2_g4,ENSMUSG00000052833,-0.3,0.0133138901410622
E-GEOD-5305-g2_g4,ENSMUSG00000052837,0.4,0.0439842929067976
E-GEOD-5305-g2_g4,ENSMUSG00000052911,0.3,0.0156816747630969
E-GEOD-5305-g2_g4,ENSMUSG00000052957,0.3,0.0097122602433939
E-GEOD-5305-g2_g4,ENSMUSG00000053113,-0.3,0.0057196894696172
E-GEOD-5305-g2_g4,ENSMUSG00000053293,-0.2,0.068362937472101
E-GEOD-5305-g2_g4,ENSMUSG00000053317,0.5,0.0022837421677684
E-GEOD-5305-g2_g4,ENSMUSG00000053332,0.3,0.0849864831412829
E-GEOD-5305-g2_g4,ENSMUSG00000053398,-0.6,0.0004736621071933
E-GEOD-5305-g2_g4,ENSMUSG00000053453,0.5,0.018907697708415
E-GEOD-5305-g2_g4,ENSMUSG00000053465,-0.2,0.0755681157346617
E-GEOD-5305-g2_g4,ENSMUSG00000053477,-0.3,0.0540843532752023
E-GEOD-5305-g2_g4,ENSMUSG00000053581,0.6,0.000456381433957
E-GEOD-5305-g2_g4,ENSMUSG00000053801,-0.9,9.03772676773276e-05
E-GEOD-5305-g2_g4,ENSMUSG00000053898,0.3,0.0556358597699313
E-GEOD-5305-g2_g4,ENSMUSG00000053907,-0.2,0.0941093565561167
E-GEOD-5305-g2_g4,ENSMUSG00000053929,-0.5,0.0014631608804573
E-GEOD-5305-g2_g4,ENSMUSG00000054263,0.7,0.0120369008222864
E-GEOD-5305-g2_g4,ENSMUSG00000054302,0.3,0.019276013091921
E-GEOD-5305-g2_g4,ENSMUSG00000054312,0.3,0.0268093360165352
E-GEOD-5305-g2_g4,ENSMUSG00000054342,-0.8,0.0001110554242758
E-GEOD-5305-g2_g4,ENSMUSG00000054400,0.3,0.0915422972129574
E-GEOD-5305-g2_g4,ENSMUSG00000054428,0.3,0.0717275128490978
E-GEOD-5305-g2_g4,ENSMUSG00000054459,-0.3,0.0553190565236929
E-GEOD-5305-g2_g4,ENSMUSG00000054499,-0.3,0.0252414269085376
E-GEOD-5305-g2_g4,ENSMUSG00000054520,-0.5,0.0024177759364474
E-GEOD-5305-g2_g4,ENSMUSG00000054619,0.5,0.0032289928608636
E-GEOD-5305-g2_g4,ENSMUSG00000054766,-0.3,0.0192115075771931
E-GEOD-5305-g2_g4,ENSMUSG00000054793,-0.4,0.0305625880146706
E-GEOD-5305-g2_g4,ENSMUSG00000054863,0.3,0.0390312517718205
E-GEOD-5305-g2_g4,ENSMUSG00000054894,0.4,0.0046800515226605
E-GEOD-5305-g2_g4,ENSMUSG00000054920,0.4,0.0241682624076391
E-GEOD-5305-g2_g4,ENSMUSG00000054934,0.6,0.0004629270258692
E-GEOD-5305-g2_g4,ENSMUSG00000055013,-0.4,0.0056282455684505
E-GEOD-5305-g2_g4,ENSMUSG00000055239,0.3,0.0384397799324952
E-GEOD-5305-g2_g4,ENSMUSG00000055447,0.4,0.0035733534238507
E-GEOD-5305-g2_g4,ENSMUSG00000055491,-0.5,0.0015280321842701
E-GEOD-5305-g2_g4,ENSMUSG00000055681,0.2,0.0639941236800059
E-GEOD-5305-g2_g4,ENSMUSG00000055762,-0.5,0.0005859105588149
E-GEOD-5305-g2_g4,ENSMUSG00000055912,0.3,0.0162140406402961
E-GEOD-5305-g2_g4,ENSMUSG00000055932,0.3,0.033831718711418
E-GEOD-5305-g2_g4,ENSMUSG00000055980,0.3,0.0396614902637307
E-GEOD-5305-g2_g4,ENSMUSG00000056076,-0.5,0.0007507596447831
E-GEOD-5305-g2_g4,ENSMUSG00000056091,0.6,0.0018356960034082
E-GEOD-5305-g2_g4,ENSMUSG00000056220,0.3,0.0553190565236929
E-GEOD-5305-g2_g4,ENSMUSG00000056305,-0.3,0.0083324760991876
E-GEOD-5305-g2_g4,ENSMUSG00000056328,-0.4,0.0046800515226605
E-GEOD-5305-g2_g4,ENSMUSG00000056350,-0.3,0.0667281586921085
E-GEOD-5305-g2_g4,ENSMUSG00000056394,-0.4,0.0018728886798918
E-GEOD-5305-g2_g4,ENSMUSG00000056501,0.4,0.0303338842617235
E-GEOD-5305-g2_g4,ENSMUSG00000056724,-0.3,0.0219891914208918
E-GEOD-5305-g2_g4,ENSMUSG00000056737,-0.4,0.0054951989028674
E-GEOD-5305-g2_g4,ENSMUSG00000056758,-0.5,0.0009479359142692
E-GEOD-5305-g2_g4,ENSMUSG00000057054,0.3,0.038861813908133
E-GEOD-5305-g2_g4,ENSMUSG00000057130,-0.3,0.0226214787970071
E-GEOD-5305-g2_g4,ENSMUSG00000057137,0.4,0.0761937740544974
E-GEOD-5305-g2_g4,ENSMUSG00000057315,0.4,0.011423872997259
E-GEOD-5305-g2_g4,ENSMUSG00000057363,0.3,0.0363236224823089
E-GEOD-5305-g2_g4,ENSMUSG00000057554,0.4,0.0052971995461205
E-GEOD-5305-g2_g4,ENSMUSG00000057594,0.3,0.0559936099602572
E-GEOD-5305-g2_g4,ENSMUSG00000057604,0.7,0.0007238638517079
E-GEOD-5305-g2_g4,ENSMUSG00000057788,-0.2,0.0808358915868004
E-GEOD-5305-g2_g4,ENSMUSG00000057880,0.3,0.0576997321294844
E-GEOD-5305-g2_g4,ENSMUSG00000057969,0.3,0.0485031553211976
E-GEOD-5305-g2_g4,ENSMUSG00000058013,0.5,0.0024840317635606
E-GEOD-5305-g2_g4,ENSMUSG00000058056,0.7,0.0002114478220376
E-GEOD-5305-g2_g4,ENSMUSG00000058135,0.7,0.0001238347893382
E-GEOD-5305-g2_g4,ENSMUSG00000058183,-0.2,0.0981059877050885
E-GEOD-5305-g2_g4,ENSMUSG00000058388,0.3,0.0776916223879656
E-GEOD-5305-g2_g4,ENSMUSG00000058392,-0.3,0.0400165564572858
E-GEOD-5305-g2_g4,ENSMUSG00000058420,-0.3,0.0301012082230446
E-GEOD-5305-g2_g4,ENSMUSG00000058571,0.4,0.002319960514955
E-GEOD-5305-g2_g4,ENSMUSG00000058587,0.3,0.039677614865597
E-GEOD-5305-g2_g4,ENSMUSG00000058655,-0.3,0.0272402183805931
E-GEOD-5305-g2_g4,ENSMUSG00000058756,0.4,0.0022237788142298
E-GEOD-5305-g2_g4,ENSMUSG00000058793,-0.3,0.0145352314368277
E-GEOD-5305-g2_g4,ENSMUSG00000058799,-0.2,0.0480215663454823
E-GEOD-5305-g2_g4,ENSMUSG00000058914,1.8,1.11306676626724e-05
E-GEOD-5305-g2_g4,ENSMUSG00000059183,0.2,0.0585719817883397
E-GEOD-5305-g2_g4,ENSMUSG00000059208,-0.3,0.0208056022918857
E-GEOD-5305-g2_g4,ENSMUSG00000059325,0.3,0.0155044151623762
E-GEOD-5305-g2_g4,ENSMUSG00000059409,-0.3,0.024626284530739
E-GEOD-5305-g2_g4,ENSMUSG00000059518,-0.3,0.0690251710061646
E-GEOD-5305-g2_g4,ENSMUSG00000059555,0.4,0.0063222624562557
E-GEOD-5305-g2_g4,ENSMUSG00000059734,-0.3,0.0166863615816664
E-GEOD-5305-g2_g4,ENSMUSG00000059824,0.5,0.0090804125347356
E-GEOD-5305-g2_g4,ENSMUSG00000059920,0.3,0.0161328717386937
E-GEOD-5305-g2_g4,ENSMUSG00000059921,0.3,0.0431692711353289
E-GEOD-5305-g2_g4,ENSMUSG00000060002,0.7,0.0024146842509793
E-GEOD-5305-g2_g4,ENSMUSG00000060038,-0.4,0.010060065874386
E-GEOD-5305-g2_g4,ENSMUSG00000060098,-0.5,0.0009604074153456
E-GEOD-5305-g2_g4,ENSMUSG00000060152,-0.2,0.0908099739614683
E-GEOD-5305-g2_g4,ENSMUSG00000060216,-0.5,0.0017104424202701
E-GEOD-5305-g2_g4,ENSMUSG00000060450,0.3,0.0175425783282156
E-GEOD-5305-g2_g4,ENSMUSG00000060470,0.3,0.0495964982540864
E-GEOD-5305-g2_g4,ENSMUSG00000060519,0.3,0.0129001519682636
E-GEOD-5305-g2_g4,ENSMUSG00000060600,-0.4,0.0025928362655612
E-GEOD-5305-g2_g4,ENSMUSG00000060675,0.4,0.0053519931925911
E-GEOD-5305-g2_g4,ENSMUSG00000060679,-0.3,0.0423194136958205
E-GEOD-5305-g2_g4,ENSMUSG00000060703,1.1,1.49417871672217e-05
E-GEOD-5305-g2_g4,ENSMUSG00000060708,0.3,0.0305037929262399
E-GEOD-5305-g2_g4,ENSMUSG00000060802,0.7,0.0016514215565775
E-GEOD-5305-g2_g4,ENSMUSG00000060923,1.0,8.36146687226595e-05
E-GEOD-5305-g2_g4,ENSMUSG00000060938,0.3,0.0219319595383825
E-GEOD-5305-g2_g4,ENSMUSG00000061079,0.2,0.0860226967851229
E-GEOD-5305-g2_g4,ENSMUSG00000061132,-0.7,0.0015490142615491
E-GEOD-5305-g2_g4,ENSMUSG00000061286,-0.4,0.0065230270796451
E-GEOD-5305-g2_g4,ENSMUSG00000061313,0.4,0.0048452786056623
E-GEOD-5305-g2_g4,ENSMUSG00000061353,1.2,1.49417871672217e-05
E-GEOD-5305-g2_g4,ENSMUSG00000061360,-0.4,0.006908600894309
E-GEOD-5305-g2_g4,ENSMUSG00000061374,-0.3,0.019559990537988
E-GEOD-5305-g2_g4,ENSMUSG00000061559,0.5,0.0029651078854937
E-GEOD-5305-g2_g4,ENSMUSG00000061666,-0.3,0.0380326267277921
E-GEOD-5305-g2_g4,ENSMUSG00000061689,-0.3,0.0179410140574237
E-GEOD-5305-g2_g4,ENSMUSG00000061731,0.3,0.0230147023229382
E-GEOD-5305-g2_g4,ENSMUSG00000061950,-0.3,0.0224554772606295
E-GEOD-5305-g2_g4,ENSMUSG00000061979,-0.4,0.0043771543928193
E-GEOD-5305-g2_g4,ENSMUSG00000062075,-0.4,0.0033288799949523
E-GEOD-5305-g2_g4,ENSMUSG00000062077,-0.5,0.004447119437316
E-GEOD-5305-g2_g4,ENSMUSG00000062116,-0.3,0.0469677776910178
E-GEOD-5305-g2_g4,ENSMUSG00000062175,-0.6,0.0009644913574105
E-GEOD-5305-g2_g4,ENSMUSG00000062198,0.4,0.0033869704528611
E-GEOD-5305-g2_g4,ENSMUSG00000062300,-0.3,0.0178782324170152
E-GEOD-5305-g2_g4,ENSMUSG00000062352,0.4,0.0089295898566842
E-GEOD-5305-g2_g4,ENSMUSG00000062376,0.2,0.0793960082154781
E-GEOD-5305-g2_g4,ENSMUSG00000062380,-0.8,0.0004202321411639
E-GEOD-5305-g2_g4,ENSMUSG00000062604,0.2,0.0794445153330161
E-GEOD-5305-g2_g4,ENSMUSG00000062691,0.3,0.0113377661954695
E-GEOD-5305-g2_g4,ENSMUSG00000062753,0.2,0.0801958375745434
E-GEOD-5305-g2_g4,ENSMUSG00000062797,0.2,0.0810726720775121
E-GEOD-5305-g2_g4,ENSMUSG00000062908,0.4,0.0136187992714331
E-GEOD-5305-g2_g4,ENSMUSG00000062929,0.4,0.0082258030623808
E-GEOD-5305-g2_g4,ENSMUSG00000063011,-1.0,1.61499336183145e-05
E-GEOD-5305-g2_g4,ENSMUSG00000063015,0.3,0.0521949319067395
E-GEOD-5305-g2_g4,ENSMUSG00000063018,-0.8,2.52666177074941e-05
E-GEOD-5305-g2_g4,ENSMUSG00000063172,0.9,0.0003312534450347
E-GEOD-5305-g2_g4,ENSMUSG00000063200,0.4,0.0620681565063029
E-GEOD-5305-g2_g4,ENSMUSG00000063235,0.2,0.0763628641204832
E-GEOD-5305-g2_g4,ENSMUSG00000063273,-0.3,0.0849794264838023
E-GEOD-5305-g2_g4,ENSMUSG00000063382,0.3,0.0131432713328119
E-GEOD-5305-g2_g4,ENSMUSG00000063558,0.5,0.0077130624608737
E-GEOD-5305-g2_g4,ENSMUSG00000063605,0.2,0.0707908333111677
E-GEOD-5305-g2_g4,ENSMUSG00000063632,-0.5,0.0016514215565775
E-GEOD-5305-g2_g4,ENSMUSG00000063698,0.3,0.0548483279878244
E-GEOD-5305-g2_g4,ENSMUSG00000063727,-0.2,0.0989312250032339
E-GEOD-5305-g2_g4,ENSMUSG00000063802,-0.3,0.0571240604686309
E-GEOD-5305-g2_g4,ENSMUSG00000063849,0.3,0.0148894897148028
E-GEOD-5305-g2_g4,ENSMUSG00000063851,-0.3,0.0224590815636207
E-GEOD-5305-g2_g4,ENSMUSG00000063873,0.6,0.0018662707142977
E-GEOD-5305-g2_g4,ENSMUSG00000063882,0.3,0.0191197371087064
E-GEOD-5305-g2_g4,ENSMUSG00000063931,-0.3,0.0526998701586704
E-GEOD-5305-g2_g4,ENSMUSG00000064023,-0.3,0.041228531162214
E-GEOD-5305-g2_g4,ENSMUSG00000064037,-0.4,0.005894923474539
E-GEOD-5305-g2_g4,ENSMUSG00000064080,0.3,0.0064732660684631
E-GEOD-5305-g2_g4,ENSMUSG00000064127,0.2,0.0503564018523813
E-GEOD-5305-g2_g4,ENSMUSG00000064254,-0.4,0.0021595547270444
E-GEOD-5305-g2_g4,ENSMUSG00000064264,-0.3,0.0383822463447452
E-GEOD-5305-g2_g4,ENSMUSG00000064267,0.3,0.0262399498819211
E-GEOD-5305-g2_g4,ENSMUSG00000064373,1.9,7.60647143670901e-06
E-GEOD-5305-g2_g4,ENSMUSG00000066026,0.4,0.0055839357336984
E-GEOD-5305-g2_g4,ENSMUSG00000066149,0.3,0.0311025233427297
E-GEOD-5305-g2_g4,ENSMUSG00000066232,-0.3,0.0829149751390752
E-GEOD-5305-g2_g4,ENSMUSG00000066233,0.3,0.0272246158522949
E-GEOD-5305-g2_g4,ENSMUSG00000066306,-0.2,0.0753363697764315
E-GEOD-5305-g2_g4,ENSMUSG00000066357,0.2,0.0579850852102338
E-GEOD-5305-g2_g4,ENSMUSG00000066456,0.2,0.0863865036411562
E-GEOD-5305-g2_g4,ENSMUSG00000066839,-0.3,0.0170068239518112
E-GEOD-5305-g2_g4,ENSMUSG00000066892,0.3,0.0246607447340638
E-GEOD-5305-g2_g4,ENSMUSG00000066900,-0.4,0.0073970592623828
E-GEOD-5305-g2_g4,ENSMUSG00000066975,-0.2,0.0761831735394624
E-GEOD-5305-g2_g4,ENSMUSG00000067071,-0.4,0.009630099230139
E-GEOD-5305-g2_g4,ENSMUSG00000067148,-0.3,0.0114036222872107
E-GEOD-5305-g2_g4,ENSMUSG00000067276,0.8,0.0015924602570433
E-GEOD-5305-g2_g4,ENSMUSG00000067279,1.1,0.0001489086044385
E-GEOD-5305-g2_g4,ENSMUSG00000067365,0.5,0.0014483292803774
E-GEOD-5305-g2_g4,ENSMUSG00000067367,-0.4,0.0131135795617225
E-GEOD-5305-g2_g4,ENSMUSG00000067599,0.2,0.0786875465014367
E-GEOD-5305-g2_g4,ENSMUSG00000068290,-0.3,0.030699427476757
E-GEOD-5305-g2_g4,ENSMUSG00000068580,-0.2,0.0441496966860286
E-GEOD-5305-g2_g4,ENSMUSG00000068614,-0.4,0.0304104858280723
E-GEOD-5305-g2_g4,ENSMUSG00000068739,-0.3,0.0285508139164914
E-GEOD-5305-g2_g4,ENSMUSG00000068744,0.3,0.0281923909979617
E-GEOD-5305-g2_g4,ENSMUSG00000068758,0.4,0.0085422390710008
E-GEOD-5305-g2_g4,ENSMUSG00000068823,0.3,0.0316560183881931
E-GEOD-5305-g2_g4,ENSMUSG00000068874,0.4,0.0103051278002284
E-GEOD-5305-g2_g4,ENSMUSG00000069089,0.5,0.0028153155466089
E-GEOD-5305-g2_g4,ENSMUSG00000069516,0.2,0.0654898206203988
E-GEOD-5305-g2_g4,ENSMUSG00000069662,0.5,0.0129327827004577
E-GEOD-5305-g2_g4,ENSMUSG00000069920,0.5,0.0241151563054622
E-GEOD-5305-g2_g4,ENSMUSG00000070283,0.4,0.0072637664659348
E-GEOD-5305-g2_g4,ENSMUSG00000070319,-0.3,0.0075837757283794
E-GEOD-5305-g2_g4,ENSMUSG00000070462,0.2,0.0976703638902638
E-GEOD-5305-g2_g4,ENSMUSG00000070544,-0.4,0.0714947192198114
E-GEOD-5305-g2_g4,ENSMUSG00000070923,0.4,0.0749445283339186
E-GEOD-5305-g2_g4,ENSMUSG00000070934,0.6,0.0078149060988379
E-GEOD-5305-g2_g4,ENSMUSG00000071072,-0.3,0.0279755076891413
E-GEOD-5305-g2_g4,ENSMUSG00000071078,-0.4,0.0069093870931065
E-GEOD-5305-g2_g4,ENSMUSG00000071337,-0.4,0.005915407644666
E-GEOD-5305-g2_g4,ENSMUSG00000071379,-0.4,0.0067239793085053
E-GEOD-5305-g2_g4,ENSMUSG00000071528,0.4,0.0025812052960332
E-GEOD-5305-g2_g4,ENSMUSG00000071533,0.2,0.0744207898456871
E-GEOD-5305-g2_g4,ENSMUSG00000071637,0.5,0.0024738456849866
E-GEOD-5305-g2_g4,ENSMUSG00000071713,0.3,0.0654026928099465
E-GEOD-5305-g2_g4,ENSMUSG00000071796,0.3,0.0460441396436903
E-GEOD-5305-g2_g4,ENSMUSG00000071984,1.4,1.80460655780261e-05
E-GEOD-5305-g2_g4,ENSMUSG00000072082,-0.5,0.0009980273981601
E-GEOD-5305-g2_g4,ENSMUSG00000072941,0.8,0.0002434338776521
E-GEOD-5305-g2_g4,ENSMUSG00000073139,0.5,0.0084595220165854
E-GEOD-5305-g2_g4,ENSMUSG00000073405,-0.3,0.0667281586921085
E-GEOD-5305-g2_g4,ENSMUSG00000073411,0.4,0.0041238516927554
E-GEOD-5305-g2_g4,ENSMUSG00000073433,-0.7,0.0002981243799515
E-GEOD-5305-g2_g4,ENSMUSG00000073616,0.3,0.0074043984725523
E-GEOD-5305-g2_g4,ENSMUSG00000073639,0.4,0.0172306585791882
E-GEOD-5305-g2_g4,ENSMUSG00000073643,0.3,0.0233874230199058
E-GEOD-5305-g2_g4,ENSMUSG00000073725,0.3,0.0237711902128125
E-GEOD-5305-g2_g4,ENSMUSG00000073987,0.8,0.002834953180693
E-GEOD-5305-g2_g4,ENSMUSG00000074088,-0.4,0.0062063445864782
E-GEOD-5305-g2_g4,ENSMUSG00000074102,-0.3,0.0172720785743786
E-GEOD-5305-g2_g4,ENSMUSG00000074207,1.2,7.60647143670901e-06
E-GEOD-5305-g2_g4,ENSMUSG00000074218,-0.4,0.0131705171072563
E-GEOD-5305-g2_g4,ENSMUSG00000074457,-0.3,0.0095761178320731
E-GEOD-5305-g2_g4,ENSMUSG00000074604,0.6,0.0019521307472191
E-GEOD-5305-g2_g4,ENSMUSG00000074743,0.6,0.0006566084409572
E-GEOD-5305-g2_g4,ENSMUSG00000074754,0.4,0.0035791302425078
E-GEOD-5305-g2_g4,ENSMUSG00000074797,-0.4,0.0131705171072563
E-GEOD-5305-g2_g4,ENSMUSG00000074886,-0.5,0.0006411798991313
E-GEOD-5305-g2_g4,ENSMUSG00000074916,0.3,0.0187727247458539
E-GEOD-5305-g2_g4,ENSMUSG00000074922,0.2,0.0584431027709219
E-GEOD-5305-g2_g4,ENSMUSG00000075289,-0.3,0.0089295898566842
E-GEOD-5305-g2_g4,ENSMUSG00000075415,0.3,0.0362218866384252
E-GEOD-5305-g2_g4,ENSMUSG00000075486,0.6,0.0052141649786567
E-GEOD-5305-g2_g4,ENSMUSG00000075602,1.4,2.3672215634693e-06
E-GEOD-5305-g2_g4,ENSMUSG00000075701,0.7,0.0002196844046302
E-GEOD-5305-g2_g4,ENSMUSG00000075702,0.7,0.0012881885524257
E-GEOD-5305-g2_g4,ENSMUSG00000075704,-0.3,0.0299698869604944
E-GEOD-5305-g2_g4,ENSMUSG00000076437,-0.4,0.0050989397408229
E-GEOD-5305-g2_g4,ENSMUSG00000078190,0.5,0.028879439908068
E-GEOD-5305-g2_g4,ENSMUSG00000078440,-0.3,0.0236499669896999
E-GEOD-5305-g2_g4,ENSMUSG00000078453,0.5,0.0134862613022918
E-GEOD-5305-g2_g4,ENSMUSG00000078532,-0.3,0.0235151250459601
E-GEOD-5305-g2_g4,ENSMUSG00000078652,-0.4,0.0069677904100906
E-GEOD-5305-g2_g4,ENSMUSG00000078771,0.6,0.0004535522823257
E-GEOD-5305-g2_g4,ENSMUSG00000078812,-0.3,0.0308065858576399
E-GEOD-5305-g2_g4,ENSMUSG00000078861,0.4,0.0110879611709893
E-GEOD-5305-g2_g4,ENSMUSG00000079017,0.3,0.0290858849508637
E-GEOD-5305-g2_g4,ENSMUSG00000079037,0.4,0.0048856998107632
E-GEOD-5305-g2_g4,ENSMUSG00000079057,0.3,0.0649938648944713
E-GEOD-5305-g2_g4,ENSMUSG00000079316,0.4,0.0205804356387725
E-GEOD-5305-g2_g4,ENSMUSG00000079557,0.3,0.0069677904100906
E-GEOD-5305-g2_g4,ENSMUSG00000079658,0.6,0.0016181781728061
E-GEOD-5305-g2_g4,ENSMUSG00000082286,0.3,0.0208538640029013
E-GEOD-5305-g2_g4,ENSMUSG00000083282,0.5,0.0031844640175471
E-GEOD-5305-g2_g4,ENSMUSG00000083695,-0.2,0.0970345435246155
E-GEOD-5305-g2_g4,ENSMUSG00000086429,0.3,0.0621776043344452
E-GEOD-5305-g2_g4,ENSMUSG00000087679,-0.7,0.0001506952159173
E-GEOD-5305-g2_g4,ENSMUSG00000088219,-0.7,0.0005155870586439
E-GEOD-5305-g2_g4,ENSMUSG00000089682,0.4,0.0118970577442772
E-GEOD-5305-g2_g4,ENSMUSG00000089832,-0.3,0.0065660275694571
E-GEOD-5305-g2_g4,ENSMUSG00000089917,0.3,0.0252348010653384
E-GEOD-5305-g2_g4,ENSMUSG00000090000,0.5,0.0195564666690938
E-GEOD-5305-g2_g4,ENSMUSG00000090035,0.2,0.0967614164082296
E-GEOD-5305-g2_g4,ENSMUSG00000090110,0.2,0.0523539365148048
E-GEOD-5305-g2_g4,ENSMUSG00000090150,0.7,0.0008439440818695
E-GEOD-5305-g2_g4,ENSMUSG00000090458,-0.2,0.0543564008308026
E-GEOD-5305-g2_g4,ENSMUSG00000090523,0.3,0.0200091101159642
E-GEOD-5305-g2_g4,ENSMUSG00000090841,0.5,0.0029693775471932
E-GEOD-5305-g2_g4,ENSMUSG00000091337,0.4,0.0088507167802099
E-GEOD-5305-g2_g4,ENSMUSG00000091577,-0.2,0.0519038924029737
E-GEOD-5305-g2_g4,ENSMUSG00000091803,0.4,0.006353267200713
E-GEOD-5305-g2_g4,ENSMUSG00000091898,-0.4,0.016678863362045
E-GEOD-5305-g2_g4,ENSMUSG00000092274,1.4,7.60647143670901e-06
E-GEOD-5305-g2_g4,ENSMUSG00000092341,1.0,2.32958586110152e-05
E-GEOD-5305-g2_g4,ENSMUSG00000093904,-0.5,0.0030635039575406
E-GEOD-5305-g2_g4,ENSMUSG00000093930,0.6,0.0019420867180542
E-GEOD-5305-g2_g4,ENSMUSG00000094777,-0.4,0.0032097809694287
E-GEOD-5305-g2_g4,ENSMUSG00000095567,-0.7,0.0004797258541171
E-GEOD-5305-g2_g4,ENSMUSG00000096001,0.7,0.0064732660684631
E-GEOD-5305-g2_g4,ENSMUSG00000096210,0.2,0.0498519122525671
E-GEOD-5305-g2_g4,ENSMUSG00000097039,0.2,0.0396614902637307
E-GEOD-5305-g2_g4,ENSMUSG00000097328,0.3,0.0227863997020816
E-GEOD-5305-g2_g4,ENSMUSG00000097415,-0.3,0.0150495419422576
E-GEOD-5305-g2_g4,ENSMUSG00000098178,-0.4,0.0743654398066882
E-GEOD-5305-g2_g4,ENSMUSG00000099583,-0.5,0.0011400326279101
E-GEOD-5305-g2_g4,ENSMUSG00000101892,-0.3,0.0235353041192298
E-GEOD-5305-g2_g4,ENSMUSG00000102869,0.3,0.0620768945577969
E-GEOD-5305-g2_g4,ENSMUSG00000105402,0.2,0.0541944157496935
E-GEOD-5305-g2_g4,ENSMUSG00000106734,0.3,0.0069826851677222
E-GEOD-5305-g2_g4,ENSMUSG00000106918,0.4,0.0110574625734232
E-GEOD-5305-g2_g4,ENSMUSG00000107283,0.7,0.0014447770362491
E-GEOD-5305-g2_g4,ENSMUSG00000108414,0.4,0.0212128146166671
E-GEOD-5305-g2_g4,ENSMUSG00000108558,-0.3,0.0549431744399453
E-GEOD-5305-g2_g4,ENSMUSG00000109324,-0.3,0.0295169606688251
E-GEOD-5305-g2_g4,ENSMUSG00000109511,-0.5,0.0008439440818695
E-GEOD-5305-g2_g4,ENSMUSG00000112907,0.3,0.0213708407133258
E-GEOD-5305-g2_g4,ENSMUSG00000115219,-0.2,0.0827989035522466
E-GEOD-5305-g2_g4,ENSMUSG00000115252,0.5,0.0282266809411964
E-GEOD-5305-g2_g4,ENSMUSG00000115338,0.3,0.0103518924870345
E-GEOD-5305-g2_g4,ENSMUSG00000115987,0.3,0.0316549139556989
E-GEOD-5305-g2_g4,ENSMUSG00000116564,0.2,0.0927110486146281
E-GEOD-5305-g2_g4,ENSMUSG00000116656,0.3,0.0205071108209672
E-GEOD-5305-g2_g4,ENSMUSG00000116858,0.3,0.0470523267596884
E-GEOD-5305-g5_g7,ENSMUSG00000000126,-0.5,0.0522785368374971
E-GEOD-5305-g5_g7,ENSMUSG00000000792,0.5,0.0770212293261281
E-GEOD-5305-g5_g7,ENSMUSG00000001143,-0.7,0.0245191925946531
E-GEOD-5305-g5_g7,ENSMUSG00000001229,0.6,0.0474331260503934
E-GEOD-5305-g5_g7,ENSMUSG00000002007,-0.5,0.0496078190107701
E-GEOD-5305-g5_g7,ENSMUSG00000002803,0.7,0.0255165523202536
E-GEOD-5305-g5_g7,ENSMUSG00000002997,0.6,0.0938748820399458
E-GEOD-5305-g5_g7,ENSMUSG00000003528,1.0,0.0080212453914409
E-GEOD-5305-g5_g7,ENSMUSG00000003813,-0.5,0.024051333842082
E-GEOD-5305-g5_g7,ENSMUSG00000004939,0.6,0.0153903906637753
E-GEOD-5305-g5_g7,ENSMUSG00000005087,0.5,0.0563766022364288
E-GEOD-5305-g5_g7,ENSMUSG00000005410,1.4,0.0068880809068943
E-GEOD-5305-g5_g7,ENSMUSG00000005417,0.5,0.0474331260503934
E-GEOD-5305-g5_g7,ENSMUSG00000005566,0.6,0.0340904164301543
E-GEOD-5305-g5_g7,ENSMUSG00000005656,0.7,0.0980738688080987
E-GEOD-5305-g5_g7,ENSMUSG00000006494,0.6,0.0547575609230439
E-GEOD-5305-g5_g7,ENSMUSG00000006542,-0.8,0.0075135350935271
E-GEOD-5305-g5_g7,ENSMUSG00000006587,0.9,0.0164733564854804
E-GEOD-5305-g5_g7,ENSMUSG00000006800,1.2,0.0009003932742798
E-GEOD-5305-g5_g7,ENSMUSG00000007097,-1.4,0.0111315576844808
E-GEOD-5305-g5_g7,ENSMUSG00000007812,-0.7,0.0079006589111488
E-GEOD-5305-g5_g7,ENSMUSG00000008090,-0.9,0.0212725331238687
E-GEOD-5305-g5_g7,ENSMUSG00000008575,1.5,0.0009003932742798
E-GEOD-5305-g5_g7,ENSMUSG00000008855,0.6,0.0212725331238687
E-GEOD-5305-g5_g7,ENSMUSG00000009647,-0.9,0.0167863865593075
E-GEOD-5305-g5_g7,ENSMUSG00000009681,0.7,0.0340904164301543
E-GEOD-5305-g5_g7,ENSMUSG00000009907,0.4,0.0900976914462035
E-GEOD-5305-g5_g7,ENSMUSG00000010914,-0.6,0.0194917487454632
E-GEOD-5305-g5_g7,ENSMUSG00000013663,0.8,0.0503786016467732
E-GEOD-5305-g5_g7,ENSMUSG00000014074,0.5,0.035434633649892
E-GEOD-5305-g5_g7,ENSMUSG00000014075,0.6,0.086473664544205
E-GEOD-5305-g5_g7,ENSMUSG00000014329,0.8,0.0191421257148696
E-GEOD-5305-g5_g7,ENSMUSG00000014778,0.5,0.0362435906593454
E-GEOD-5305-g5_g7,ENSMUSG00000015709,0.7,0.0167863865593075
E-GEOD-5305-g5_g7,ENSMUSG00000016262,1.0,0.0123626215875933
E-GEOD-5305-g5_g7,ENSMUSG00000016918,0.8,0.0396145143940422
E-GEOD-5305-g5_g7,ENSMUSG00000018199,0.5,0.0774273176346188
E-GEOD-5305-g5_g7,ENSMUSG00000018599,-0.7,0.0787090469190134
E-GEOD-5305-g5_g7,ENSMUSG00000018809,1.0,0.0088930497808693
E-GEOD-5305-g5_g7,ENSMUSG00000019295,0.5,0.0773116627898916
E-GEOD-5305-g5_g7,ENSMUSG00000019528,-1.0,0.0182517073447109
E-GEOD-5305-g5_g7,ENSMUSG00000019773,0.9,0.005610756223745
E-GEOD-5305-g5_g7,ENSMUSG00000019873,0.5,0.086907969049623
E-GEOD-5305-g5_g7,ENSMUSG00000019952,0.5,0.0423622577264991
E-GEOD-5305-g5_g7,ENSMUSG00000019961,1.1,0.0167863865593075
E-GEOD-5305-g5_g7,ENSMUSG00000020019,0.7,0.0199959925582962
E-GEOD-5305-g5_g7,ENSMUSG00000020024,-0.5,0.074619772551419
E-GEOD-5305-g5_g7,ENSMUSG00000020053,0.7,0.0886959582327268
E-GEOD-5305-g5_g7,ENSMUSG00000020061,-0.6,0.0304937207481406
E-GEOD-5305-g5_g7,ENSMUSG00000020067,-0.9,0.005610756223745
E-GEOD-5305-g5_g7,ENSMUSG00000020122,1.0,0.016885828050311
E-GEOD-5305-g5_g7,ENSMUSG00000020185,1.0,0.0060693924700045
E-GEOD-5305-g5_g7,ENSMUSG00000020216,-0.6,0.0161426520663466
E-GEOD-5305-g5_g7,ENSMUSG00000020256,-0.6,0.0284539288429029
E-GEOD-5305-g5_g7,ENSMUSG00000020422,0.6,0.0313316260630772
E-GEOD-5305-g5_g7,ENSMUSG00000020427,1.4,0.0004636049076586
E-GEOD-5305-g5_g7,ENSMUSG00000020532,0.8,0.0075135350935271
E-GEOD-5305-g5_g7,ENSMUSG00000020648,-0.6,0.0697003060182744
E-GEOD-5305-g5_g7,ENSMUSG00000020674,0.6,0.0423622577264991
E-GEOD-5305-g5_g7,ENSMUSG00000020882,-0.6,0.0169699201304272
E-GEOD-5305-g5_g7,ENSMUSG00000020895,1.3,0.0054650620931957
E-GEOD-5305-g5_g7,ENSMUSG00000020900,0.8,0.005610756223745
E-GEOD-5305-g5_g7,ENSMUSG00000020904,-2.3,0.0004636049076586
E-GEOD-5305-g5_g7,ENSMUSG00000021143,0.6,0.0837337444803034
E-GEOD-5305-g5_g7,ENSMUSG00000021217,0.7,0.0153652014109146
E-GEOD-5305-g5_g7,ENSMUSG00000021226,-1.4,0.0054650620931957
E-GEOD-5305-g5_g7,ENSMUSG00000021242,0.7,0.0472490424401779
E-GEOD-5305-g5_g7,ENSMUSG00000021266,-0.5,0.0596998998706538
E-GEOD-5305-g5_g7,ENSMUSG00000021282,1.1,0.0265726376695512
E-GEOD-5305-g5_g7,ENSMUSG00000021318,0.6,0.0254338261007595
E-GEOD-5305-g5_g7,ENSMUSG00000021391,0.7,0.0096591571381141
E-GEOD-5305-g5_g7,ENSMUSG00000021540,0.5,0.0446460441075032
E-GEOD-5305-g5_g7,ENSMUSG00000021556,0.7,0.0288981548911088
E-GEOD-5305-g5_g7,ENSMUSG00000021589,0.8,0.0627561447828651
E-GEOD-5305-g5_g7,ENSMUSG00000021697,0.8,0.0026216235422826
E-GEOD-5305-g5_g7,ENSMUSG00000021765,0.7,0.0547575609230439
E-GEOD-5305-g5_g7,ENSMUSG00000021815,1.2,0.0076384554241772
E-GEOD-5305-g5_g7,ENSMUSG00000021846,0.7,0.0681039980836114
E-GEOD-5305-g5_g7,ENSMUSG00000021916,0.5,0.0809841368133815
E-GEOD-5305-g5_g7,ENSMUSG00000021932,0.5,0.0449869054194322
E-GEOD-5305-g5_g7,ENSMUSG00000022048,1.9,0.0009003932742798
E-GEOD-5305-g5_g7,ENSMUSG00000022309,1.4,0.0062351849139024
E-GEOD-5305-g5_g7,ENSMUSG00000022350,0.6,0.0586126701463978
E-GEOD-5305-g5_g7,ENSMUSG00000022360,1.2,0.0135121215631844
E-GEOD-5305-g5_g7,ENSMUSG00000022377,0.7,0.0996347598337106
E-GEOD-5305-g5_g7,ENSMUSG00000022421,1.0,0.0054650620931957
E-GEOD-5305-g5_g7,ENSMUSG00000022438,0.8,0.0324932734136483
E-GEOD-5305-g5_g7,ENSMUSG00000022484,0.6,0.0147192600442378
E-GEOD-5305-g5_g7,ENSMUSG00000022639,0.5,0.0707978122928575
E-GEOD-5305-g5_g7,ENSMUSG00000022641,0.5,0.0496078190107701
E-GEOD-5305-g5_g7,ENSMUSG00000022708,0.5,0.0953290710087036
E-GEOD-5305-g5_g7,ENSMUSG00000022799,0.7,0.039330376484521
E-GEOD-5305-g5_g7,ENSMUSG00000022952,-0.5,0.0424339591901669
E-GEOD-5305-g5_g7,ENSMUSG00000024007,0.8,0.023492875822045
E-GEOD-5305-g5_g7,ENSMUSG00000024165,0.9,0.0138938809123682
E-GEOD-5305-g5_g7,ENSMUSG00000024176,0.7,0.0933557712812546
E-GEOD-5305-g5_g7,ENSMUSG00000024260,0.6,0.0169699201304272
E-GEOD-5305-g5_g7,ENSMUSG00000024349,0.5,0.0446460441075032
E-GEOD-5305-g5_g7,ENSMUSG00000024378,1.0,0.0048206995866452
E-GEOD-5305-g5_g7,ENSMUSG00000024512,1.0,0.0011645126868213
E-GEOD-5305-g5_g7,ENSMUSG00000024542,0.5,0.026311394479147
E-GEOD-5305-g5_g7,ENSMUSG00000024593,1.2,0.0144897608918972
E-GEOD-5305-g5_g7,ENSMUSG00000024639,0.7,0.0105950509074445
E-GEOD-5305-g5_g7,ENSMUSG00000024664,-0.4,0.0900976914462035
E-GEOD-5305-g5_g7,ENSMUSG00000024732,-0.5,0.0236632324680467
E-GEOD-5305-g5_g7,ENSMUSG00000024759,0.5,0.0933557712812546
E-GEOD-5305-g5_g7,ENSMUSG00000024795,0.6,0.0564015832987127
E-GEOD-5305-g5_g7,ENSMUSG00000024841,-0.5,0.045699802187643
E-GEOD-5305-g5_g7,ENSMUSG00000025461,0.4,0.0907618721599523
E-GEOD-5305-g5_g7,ENSMUSG00000025949,0.6,0.087366575056221
E-GEOD-5305-g5_g7,ENSMUSG00000025986,0.8,0.022787376736299
E-GEOD-5305-g5_g7,ENSMUSG00000026039,1.1,0.0080139394317622
E-GEOD-5305-g5_g7,ENSMUSG00000026049,0.7,0.0702674119840561
E-GEOD-5305-g5_g7,ENSMUSG00000026384,0.9,0.0304937207481406
E-GEOD-5305-g5_g7,ENSMUSG00000026466,0.6,0.0148444893188396
E-GEOD-5305-g5_g7,ENSMUSG00000026494,0.8,0.0423622577264991
E-GEOD-5305-g5_g7,ENSMUSG00000026535,1.0,0.0538984737450939
E-GEOD-5305-g5_g7,ENSMUSG00000026586,1.2,0.0530585138847628
E-GEOD-5305-g5_g7,ENSMUSG00000026604,0.6,0.0770212293261281
E-GEOD-5305-g5_g7,ENSMUSG00000026622,1.4,0.0036726102069445
E-GEOD-5305-g5_g7,ENSMUSG00000026640,0.6,0.0368377258703584
E-GEOD-5305-g5_g7,ENSMUSG00000026675,0.6,0.009894727400642
E-GEOD-5305-g5_g7,ENSMUSG00000026740,0.5,0.0557581151823776
E-GEOD-5305-g5_g7,ENSMUSG00000026950,-0.8,0.0938748820399458
E-GEOD-5305-g5_g7,ENSMUSG00000026955,0.5,0.0784331868601936
E-GEOD-5305-g5_g7,ENSMUSG00000027220,1.9,8.90204915486486e-05
E-GEOD-5305-g5_g7,ENSMUSG00000027257,-0.9,0.0054650620931957
E-GEOD-5305-g5_g7,ENSMUSG00000027599,0.5,0.0789576953021959
E-GEOD-5305-g5_g7,ENSMUSG00000027654,0.7,0.0107338410147121
E-GEOD-5305-g5_g7,ENSMUSG00000027655,0.7,0.0612986672308625
E-GEOD-5305-g5_g7,ENSMUSG00000027811,1.5,0.0076384554241772
E-GEOD-5305-g5_g7,ENSMUSG00000027864,0.7,0.0202170458379908
E-GEOD-5305-g5_g7,ENSMUSG00000028015,0.7,0.0547575609230439
E-GEOD-5305-g5_g7,ENSMUSG00000028063,0.8,0.0330130844748512
E-GEOD-5305-g5_g7,ENSMUSG00000028088,0.6,0.018993900121803
E-GEOD-5305-g5_g7,ENSMUSG00000028184,0.8,0.012298509686752
E-GEOD-5305-g5_g7,ENSMUSG00000028194,0.7,0.0474556480516993
E-GEOD-5305-g5_g7,ENSMUSG00000028251,0.6,0.0893349051858158
E-GEOD-5305-g5_g7,ENSMUSG00000028341,-0.5,0.0808221292664032
E-GEOD-5305-g5_g7,ENSMUSG00000028445,1.2,0.0014041076313761
E-GEOD-5305-g5_g7,ENSMUSG00000028629,0.7,0.0057769782894976
E-GEOD-5305-g5_g7,ENSMUSG00000028655,0.6,0.0830099081828223
E-GEOD-5305-g5_g7,ENSMUSG00000028698,0.7,0.0240917599822383
E-GEOD-5305-g5_g7,ENSMUSG00000028736,1.0,0.0048206995866452
E-GEOD-5305-g5_g7,ENSMUSG00000028873,1.7,0.0202170458379908
E-GEOD-5305-g5_g7,ENSMUSG00000028898,0.8,0.0112307884498978
E-GEOD-5305-g5_g7,ENSMUSG00000028919,0.5,0.0354033936451117
E-GEOD-5305-g5_g7,ENSMUSG00000029004,0.7,0.0969059182691872
E-GEOD-5305-g5_g7,ENSMUSG00000029016,0.5,0.0547575609230439
E-GEOD-5305-g5_g7,ENSMUSG00000029050,0.7,0.0268408817632328
E-GEOD-5305-g5_g7,ENSMUSG00000029094,0.7,0.0485472212400029
E-GEOD-5305-g5_g7,ENSMUSG00000029101,0.5,0.0551257039654411
E-GEOD-5305-g5_g7,ENSMUSG00000029307,0.7,0.0423622577264991
E-GEOD-5305-g5_g7,ENSMUSG00000029314,-1.0,0.0424820269796311
E-GEOD-5305-g5_g7,ENSMUSG00000029392,-0.8,0.016885828050311
E-GEOD-5305-g5_g7,ENSMUSG00000029414,0.6,0.0164800684718228
E-GEOD-5305-g5_g7,ENSMUSG00000029446,-0.9,0.0112307884498978
E-GEOD-5305-g5_g7,ENSMUSG00000029647,0.7,0.0697003060182744
E-GEOD-5305-g5_g7,ENSMUSG00000029822,0.9,0.0070584220968435
E-GEOD-5305-g5_g7,ENSMUSG00000029823,0.8,0.0147192600442378
E-GEOD-5305-g5_g7,ENSMUSG00000029826,-0.6,0.0420447137375208
E-GEOD-5305-g5_g7,ENSMUSG00000030074,0.5,0.0702674119840561
E-GEOD-5305-g5_g7,ENSMUSG00000030084,0.7,0.0082560411019215
E-GEOD-5305-g5_g7,ENSMUSG00000030592,-1.1,0.0095410119288565
E-GEOD-5305-g5_g7,ENSMUSG00000030768,0.7,0.0816733452133894
E-GEOD-5305-g5_g7,ENSMUSG00000031229,1.0,0.074619772551419
E-GEOD-5305-g5_g7,ENSMUSG00000031284,0.4,0.0923204087183508
E-GEOD-5305-g5_g7,ENSMUSG00000031286,0.5,0.0340904164301543
E-GEOD-5305-g5_g7,ENSMUSG00000031448,-0.8,0.0054650620931957
E-GEOD-5305-g5_g7,ENSMUSG00000031461,-1.2,0.0034941502258464
E-GEOD-5305-g5_g7,ENSMUSG00000031595,0.9,0.0107338410147121
E-GEOD-5305-g5_g7,ENSMUSG00000031626,-0.7,0.0933437747406755
E-GEOD-5305-g5_g7,ENSMUSG00000031647,0.9,0.0027990469985363
E-GEOD-5305-g5_g7,ENSMUSG00000031683,0.5,0.0841147489613396
E-GEOD-5305-g5_g7,ENSMUSG00000031684,0.6,0.0837075862254525
E-GEOD-5305-g5_g7,ENSMUSG00000031691,0.5,0.0423622577264991
E-GEOD-5305-g5_g7,ENSMUSG00000031821,0.6,0.0075135350935271
E-GEOD-5305-g5_g7,ENSMUSG00000031822,0.6,0.016885828050311
E-GEOD-5305-g5_g7,ENSMUSG00000031936,-0.8,0.0147192600442378
E-GEOD-5305-g5_g7,ENSMUSG00000031963,0.8,0.020272140676387
E-GEOD-5305-g5_g7,ENSMUSG00000032009,0.6,0.0316862697812612
E-GEOD-5305-g5_g7,ENSMUSG00000032018,0.9,0.0423169882690153
E-GEOD-5305-g5_g7,ENSMUSG00000032220,0.6,0.0265638210768632
E-GEOD-5305-g5_g7,ENSMUSG00000032332,1.1,0.0340904164301543
E-GEOD-5305-g5_g7,ENSMUSG00000032419,0.7,0.0949636573180063
E-GEOD-5305-g5_g7,ENSMUSG00000032462,-0.5,0.093832782876399
E-GEOD-5305-g5_g7,ENSMUSG00000032481,0.6,0.043192998090812
E-GEOD-5305-g5_g7,ENSMUSG00000032536,0.5,0.0459810467580516
E-GEOD-5305-g5_g7,ENSMUSG00000032735,-1.0,0.0490803458732784
E-GEOD-5305-g5_g7,ENSMUSG00000033044,-1.5,0.0006994853526132
E-GEOD-5305-g5_g7,ENSMUSG00000033152,0.5,0.0854284807426765
E-GEOD-5305-g5_g7,ENSMUSG00000033207,-0.8,0.026374133556866
E-GEOD-5305-g5_g7,ENSMUSG00000033222,0.7,0.0079956339643462
E-GEOD-5305-g5_g7,ENSMUSG00000033730,0.9,0.0112307884498978
E-GEOD-5305-g5_g7,ENSMUSG00000034111,0.6,0.0481546099966599
E-GEOD-5305-g5_g7,ENSMUSG00000034156,0.8,0.0054650620931957
E-GEOD-5305-g5_g7,ENSMUSG00000034292,0.5,0.0472942316915991
E-GEOD-5305-g5_g7,ENSMUSG00000034457,-1.1,0.0099798156254959
E-GEOD-5305-g5_g7,ENSMUSG00000034462,0.5,0.0523858516230044
E-GEOD-5305-g5_g7,ENSMUSG00000034647,0.6,0.0563766022364288
E-GEOD-5305-g5_g7,ENSMUSG00000035024,0.9,0.0161456959399535
E-GEOD-5305-g5_g7,ENSMUSG00000035107,0.8,0.0088930497808693
E-GEOD-5305-g5_g7,ENSMUSG00000035131,0.9,0.0762446004529523
E-GEOD-5305-g5_g7,ENSMUSG00000035181,0.8,0.0953290710087036
E-GEOD-5305-g5_g7,ENSMUSG00000035293,0.7,0.035434633649892
E-GEOD-5305-g5_g7,ENSMUSG00000035365,0.6,0.0258920287629667
E-GEOD-5305-g5_g7,ENSMUSG00000035606,0.5,0.0423622577264991
E-GEOD-5305-g5_g7,ENSMUSG00000035781,0.5,0.0717997797920603
E-GEOD-5305-g5_g7,ENSMUSG00000035847,0.9,0.0779341950322488
E-GEOD-5305-g5_g7,ENSMUSG00000036022,1.0,0.0137091277773541
E-GEOD-5305-g5_g7,ENSMUSG00000036306,0.5,0.0685072121279281
E-GEOD-5305-g5_g7,ENSMUSG00000036565,0.7,0.0281311638333435
E-GEOD-5305-g5_g7,ENSMUSG00000036613,-0.5,0.0697003060182744
E-GEOD-5305-g5_g7,ENSMUSG00000036644,0.6,0.0490803458732784
E-GEOD-5305-g5_g7,ENSMUSG00000036712,0.7,0.0330130844748512
E-GEOD-5305-g5_g7,ENSMUSG00000036745,0.6,0.0684937066211952
E-GEOD-5305-g5_g7,ENSMUSG00000036854,-0.7,0.026374133556866
E-GEOD-5305-g5_g7,ENSMUSG00000036885,-0.6,0.0167863865593075
E-GEOD-5305-g5_g7,ENSMUSG00000036968,0.9,0.005610756223745
E-GEOD-5305-g5_g7,ENSMUSG00000036986,1.0,0.0054650620931957
E-GEOD-5305-g5_g7,ENSMUSG00000037089,0.6,0.0208868093803989
E-GEOD-5305-g5_g7,ENSMUSG00000037139,-1.2,0.00266211318478
E-GEOD-5305-g5_g7,ENSMUSG00000037280,-1.2,0.00266211318478
E-GEOD-5305-g5_g7,ENSMUSG00000037370,0.7,0.066462607144575
E-GEOD-5305-g5_g7,ENSMUSG00000037410,0.7,0.0157737437879176
E-GEOD-5305-g5_g7,ENSMUSG00000037419,0.9,0.0090200999722509
E-GEOD-5305-g5_g7,ENSMUSG00000037455,0.8,0.0523858516230044
E-GEOD-5305-g5_g7,ENSMUSG00000037503,0.5,0.0497210443545358
E-GEOD-5305-g5_g7,ENSMUSG00000037533,0.5,0.0685072121279281
E-GEOD-5305-g5_g7,ENSMUSG00000037674,0.9,0.0683289063082384
E-GEOD-5305-g5_g7,ENSMUSG00000037679,1.1,0.0241626449910862
E-GEOD-5305-g5_g7,ENSMUSG00000037703,0.8,0.0057769782894976
E-GEOD-5305-g5_g7,ENSMUSG00000037905,0.6,0.0304937207481406
E-GEOD-5305-g5_g7,ENSMUSG00000037940,-0.7,0.0558550694757981
E-GEOD-5305-g5_g7,ENSMUSG00000037972,0.9,0.0071821280690498
E-GEOD-5305-g5_g7,ENSMUSG00000038074,0.8,0.073618018432198
E-GEOD-5305-g5_g7,ENSMUSG00000038398,0.5,0.0738866079702222
E-GEOD-5305-g5_g7,ENSMUSG00000038670,-1.1,0.0027990469985363
E-GEOD-5305-g5_g7,ENSMUSG00000038718,1.5,0.0054650620931957
E-GEOD-5305-g5_g7,ENSMUSG00000038759,0.6,0.0454642186938624
E-GEOD-5305-g5_g7,ENSMUSG00000038807,-0.8,0.0247455103054951
E-GEOD-5305-g5_g7,ENSMUSG00000039043,1.1,0.0148444893188396
E-GEOD-5305-g5_g7,ENSMUSG00000039159,0.8,0.0095056102117866
E-GEOD-5305-g5_g7,ENSMUSG00000039179,-1.1,0.0027990469985363
E-GEOD-5305-g5_g7,ENSMUSG00000039218,0.5,0.0938748820399458
E-GEOD-5305-g5_g7,ENSMUSG00000039286,0.5,0.080232583328896
E-GEOD-5305-g5_g7,ENSMUSG00000039328,0.7,0.005610756223745
E-GEOD-5305-g5_g7,ENSMUSG00000039414,0.6,0.0174932052265312
E-GEOD-5305-g5_g7,ENSMUSG00000039458,0.7,0.039330376484521
E-GEOD-5305-g5_g7,ENSMUSG00000039680,0.5,0.0318749659292138
E-GEOD-5305-g5_g7,ENSMUSG00000039787,0.7,0.0340904164301543
E-GEOD-5305-g5_g7,ENSMUSG00000039814,0.6,0.0092892212091635
E-GEOD-5305-g5_g7,ENSMUSG00000039840,-0.9,0.0143131061522745
E-GEOD-5305-g5_g7,ENSMUSG00000039883,0.7,0.0173396360178017
E-GEOD-5305-g5_g7,ENSMUSG00000039982,1.1,0.005610756223745
E-GEOD-5305-g5_g7,ENSMUSG00000040084,1.6,0.0006994853526132
E-GEOD-5305-g5_g7,ENSMUSG00000040136,-0.5,0.066462607144575
E-GEOD-5305-g5_g7,ENSMUSG00000040177,-0.7,0.0223745497228675
E-GEOD-5305-g5_g7,ENSMUSG00000040260,0.7,0.0062351849139024
E-GEOD-5305-g5_g7,ENSMUSG00000040322,1.2,0.0390457710389319
E-GEOD-5305-g5_g7,ENSMUSG00000040339,0.7,0.0236632324680467
E-GEOD-5305-g5_g7,ENSMUSG00000040711,0.5,0.053054643738855
E-GEOD-5305-g5_g7,ENSMUSG00000040836,0.7,0.0062794324033138
E-GEOD-5305-g5_g7,ENSMUSG00000041117,0.6,0.0576921440638538
E-GEOD-5305-g5_g7,ENSMUSG00000041297,0.5,0.0784633222875582
E-GEOD-5305-g5_g7,ENSMUSG00000041313,-0.8,0.0157796754665464
E-GEOD-5305-g5_g7,ENSMUSG00000041417,0.9,0.0148444893188396
E-GEOD-5305-g5_g7,ENSMUSG00000041734,0.7,0.0520281356821535
E-GEOD-5305-g5_g7,ENSMUSG00000042035,1.0,0.0092892212091635
E-GEOD-5305-g5_g7,ENSMUSG00000042082,1.3,0.0048754902790893
E-GEOD-5305-g5_g7,ENSMUSG00000042202,0.7,0.0156270646453828
E-GEOD-5305-g5_g7,ENSMUSG00000042444,0.6,0.0868997610184793
E-GEOD-5305-g5_g7,ENSMUSG00000042705,0.6,0.0563766022364288
E-GEOD-5305-g5_g7,ENSMUSG00000042903,0.6,0.0709796712261827
E-GEOD-5305-g5_g7,ENSMUSG00000043067,0.7,0.078001808645353
E-GEOD-5305-g5_g7,ENSMUSG00000043251,-0.6,0.0627886558976469
E-GEOD-5305-g5_g7,ENSMUSG00000043587,1.1,0.0096591571381141
E-GEOD-5305-g5_g7,ENSMUSG00000043671,0.4,0.0886959582327268
E-GEOD-5305-g5_g7,ENSMUSG00000044086,-0.5,0.0866333811816901
E-GEOD-5305-g5_g7,ENSMUSG00000044674,0.5,0.0503786016467732
E-GEOD-5305-g5_g7,ENSMUSG00000044712,0.7,0.0172321109519275
E-GEOD-5305-g5_g7,ENSMUSG00000044934,0.6,0.0632213445154864
E-GEOD-5305-g5_g7,ENSMUSG00000045165,0.7,0.0774895140905196
E-GEOD-5305-g5_g7,ENSMUSG00000045294,1.5,0.0068880809068943
E-GEOD-5305-g5_g7,ENSMUSG00000045664,-0.6,0.0236632324680467
E-GEOD-5305-g5_g7,ENSMUSG00000046079,-0.8,0.0423169882690153
E-GEOD-5305-g5_g7,ENSMUSG00000046186,0.5,0.0632125319447845
E-GEOD-5305-g5_g7,ENSMUSG00000046351,0.6,0.035434633649892
E-GEOD-5305-g5_g7,ENSMUSG00000046561,0.7,0.0938748820399458
E-GEOD-5305-g5_g7,ENSMUSG00000046743,0.7,0.0228795694850316
E-GEOD-5305-g5_g7,ENSMUSG00000046785,0.5,0.0853414934276266
E-GEOD-5305-g5_g7,ENSMUSG00000046807,1.3,0.0098847332742713
E-GEOD-5305-g5_g7,ENSMUSG00000046814,0.8,0.0147192600442378
E-GEOD-5305-g5_g7,ENSMUSG00000046818,0.9,0.010557911841172
E-GEOD-5305-g5_g7,ENSMUSG00000047045,0.9,0.005610756223745
E-GEOD-5305-g5_g7,ENSMUSG00000047181,0.6,0.0088930497808693
E-GEOD-5305-g5_g7,ENSMUSG00000047686,1.6,0.005610756223745
E-GEOD-5305-g5_g7,ENSMUSG00000047747,0.8,0.0708627556080861
E-GEOD-5305-g5_g7,ENSMUSG00000048327,0.6,0.0299578982384902
E-GEOD-5305-g5_g7,ENSMUSG00000048332,0.9,0.0191421257148696
E-GEOD-5305-g5_g7,ENSMUSG00000048442,0.6,0.0354033936451117
E-GEOD-5305-g5_g7,ENSMUSG00000048644,0.6,0.0164800684718228
E-GEOD-5305-g5_g7,ENSMUSG00000048706,0.7,0.0213845395928444
E-GEOD-5305-g5_g7,ENSMUSG00000048911,0.9,0.0068880809068943
E-GEOD-5305-g5_g7,ENSMUSG00000048915,0.5,0.0850627338106326
E-GEOD-5305-g5_g7,ENSMUSG00000049119,1.0,0.0050659308743212
E-GEOD-5305-g5_g7,ENSMUSG00000049288,0.8,0.0202170458379908
E-GEOD-5305-g5_g7,ENSMUSG00000049791,0.5,0.0573382552949095
E-GEOD-5305-g5_g7,ENSMUSG00000049929,0.9,0.0313316260630772
E-GEOD-5305-g5_g7,ENSMUSG00000050064,-0.6,0.026374133556866
E-GEOD-5305-g5_g7,ENSMUSG00000050212,0.8,0.0107338410147121
E-GEOD-5305-g5_g7,ENSMUSG00000050332,0.6,0.0212725331238687
E-GEOD-5305-g5_g7,ENSMUSG00000050447,-0.5,0.0764526764510432
E-GEOD-5305-g5_g7,ENSMUSG00000050530,0.5,0.0558550694757981
E-GEOD-5305-g5_g7,ENSMUSG00000050914,0.7,0.0478502970146797
E-GEOD-5305-g5_g7,ENSMUSG00000051043,-0.8,0.005610756223745
E-GEOD-5305-g5_g7,ENSMUSG00000051235,0.6,0.0080196269067341
E-GEOD-5305-g5_g7,ENSMUSG00000051236,0.8,0.0793831301338256
E-GEOD-5305-g5_g7,ENSMUSG00000051323,1.2,0.0079006589111488
E-GEOD-5305-g5_g7,ENSMUSG00000051339,1.0,0.0088930497808693
E-GEOD-5305-g5_g7,ENSMUSG00000051378,0.9,0.0075135350935271
E-GEOD-5305-g5_g7,ENSMUSG00000052560,0.6,0.0933358299815238
E-GEOD-5305-g5_g7,ENSMUSG00000052698,0.5,0.0769775268467967
E-GEOD-5305-g5_g7,ENSMUSG00000053580,0.6,0.035434633649892
E-GEOD-5305-g5_g7,ENSMUSG00000054136,-0.9,0.0298157624926184
E-GEOD-5305-g5_g7,ENSMUSG00000054258,0.5,0.0938748820399458
E-GEOD-5305-g5_g7,ENSMUSG00000054414,0.7,0.0424339591901669
E-GEOD-5305-g5_g7,ENSMUSG00000054836,0.5,0.0953290710087036
E-GEOD-5305-g5_g7,ENSMUSG00000054843,0.7,0.0581792221775225
E-GEOD-5305-g5_g7,ENSMUSG00000055013,-0.7,0.0340904164301543
E-GEOD-5305-g5_g7,ENSMUSG00000055053,0.6,0.0933557712812546
E-GEOD-5305-g5_g7,ENSMUSG00000055675,0.5,0.0340904164301543
E-GEOD-5305-g5_g7,ENSMUSG00000056665,0.5,0.0240917599822383
E-GEOD-5305-g5_g7,ENSMUSG00000056671,0.8,0.0377424450913138
E-GEOD-5305-g5_g7,ENSMUSG00000056870,1.0,0.0082953728997944
E-GEOD-5305-g5_g7,ENSMUSG00000057706,0.6,0.0288981548911088
E-GEOD-5305-g5_g7,ENSMUSG00000058290,1.3,0.0020808195894579
E-GEOD-5305-g5_g7,ENSMUSG00000058571,1.2,0.0076384554241772
E-GEOD-5305-g5_g7,ENSMUSG00000059273,0.5,0.0866333811816901
E-GEOD-5305-g5_g7,ENSMUSG00000060935,0.7,0.0738602054765137
E-GEOD-5305-g5_g7,ENSMUSG00000061175,0.9,0.0915373744682067
E-GEOD-5305-g5_g7,ENSMUSG00000061689,-0.6,0.0106359653670915
E-GEOD-5305-g5_g7,ENSMUSG00000061758,-0.5,0.0969059182691872
E-GEOD-5305-g5_g7,ENSMUSG00000062098,0.7,0.0472490424401779
E-GEOD-5305-g5_g7,ENSMUSG00000062373,0.6,0.0874435855920751
E-GEOD-5305-g5_g7,ENSMUSG00000062526,0.6,0.0938748820399458
E-GEOD-5305-g5_g7,ENSMUSG00000062661,0.5,0.0764526764510432
E-GEOD-5305-g5_g7,ENSMUSG00000066595,0.6,0.0518548730613936
E-GEOD-5305-g5_g7,ENSMUSG00000068036,0.9,0.0164800684718228
E-GEOD-5305-g5_g7,ENSMUSG00000068114,0.7,0.0446697628427004
E-GEOD-5305-g5_g7,ENSMUSG00000068196,0.7,0.0969059182691872
E-GEOD-5305-g5_g7,ENSMUSG00000068270,0.5,0.0762446004529523
E-GEOD-5305-g5_g7,ENSMUSG00000069372,-1.0,0.0062209542126361
E-GEOD-5305-g5_g7,ENSMUSG00000069808,0.5,0.0696455498667463
E-GEOD-5305-g5_g7,ENSMUSG00000070044,0.7,0.0236632324680467
E-GEOD-5305-g5_g7,ENSMUSG00000070047,1.1,0.005610756223745
E-GEOD-5305-g5_g7,ENSMUSG00000070564,-0.5,0.0704257363863803
E-GEOD-5305-g5_g7,ENSMUSG00000070691,0.8,0.0354033936451117
E-GEOD-5305-g5_g7,ENSMUSG00000070802,0.6,0.0120038998571071
E-GEOD-5305-g5_g7,ENSMUSG00000071265,-1.3,0.0088930497808693
E-GEOD-5305-g5_g7,ENSMUSG00000071266,0.6,0.0953290710087036
E-GEOD-5305-g5_g7,ENSMUSG00000072964,0.9,0.0478089033706361
E-GEOD-5305-g5_g7,ENSMUSG00000074102,0.5,0.0478502970146797
E-GEOD-5305-g5_g7,ENSMUSG00000074182,-0.7,0.0298157624926184
E-GEOD-5305-g5_g7,ENSMUSG00000074305,0.5,0.0523858516230044
E-GEOD-5305-g5_g7,ENSMUSG00000074364,1.0,0.0088930497808693
E-GEOD-5305-g5_g7,ENSMUSG00000074476,1.1,0.0068880809068943
E-GEOD-5305-g5_g7,ENSMUSG00000074676,0.7,0.0212725331238687
E-GEOD-5305-g5_g7,ENSMUSG00000074802,1.1,0.0075135350935271
E-GEOD-5305-g5_g7,ENSMUSG00000074886,0.5,0.0987967083072598
E-GEOD-5305-g5_g7,ENSMUSG00000079588,-1.3,0.0027990469985363
E-GEOD-5305-g5_g7,ENSMUSG00000079610,-0.8,0.005610756223745
E-GEOD-5305-g5_g7,ENSMUSG00000084941,0.6,0.0354943381304258
E-GEOD-5305-g5_g7,ENSMUSG00000086290,-0.5,0.0356461334938004
E-GEOD-5305-g5_g7,ENSMUSG00000089715,0.8,0.0048754902790893
E-GEOD-5305-g5_g7,ENSMUSG00000089774,0.9,0.0685072121279281
E-GEOD-5305-g5_g7,ENSMUSG00000089812,0.7,0.045382479406449
E-GEOD-5305-g5_g7,ENSMUSG00000090066,-0.6,0.045699802187643
E-GEOD-5305-g5_g7,ENSMUSG00000095098,0.5,0.0288981548911088
E-GEOD-5305-g5_g7,ENSMUSG00000097768,-0.8,0.0199959925582962
E-GEOD-5305-g5_g7,ENSMUSG00000097789,0.6,0.0088930497808693
E-GEOD-5305-g5_g7,ENSMUSG00000117786,0.5,0.0731945032197371
E-GEOD-5305-g6_g8,ENSMUSG00000000126,-0.3,0.0172217820286594
E-GEOD-5305-g6_g8,ENSMUSG00000000384,-0.7,0.0008015745786156
E-GEOD-5305-g6_g8,ENSMUSG00000000594,0.6,0.0008077773120985
E-GEOD-5305-g6_g8,ENSMUSG00000001018,0.9,0.0013793014419886
E-GEOD-5305-g6_g8,ENSMUSG00000001175,0.3,0.0321344050201182
E-GEOD-5305-g6_g8,ENSMUSG00000001542,-0.3,0.0335829910647804
E-GEOD-5305-g6_g8,ENSMUSG00000001924,-0.3,0.0488914471324831
E-GEOD-5305-g6_g8,ENSMUSG00000002332,0.3,0.0259313789521936
E-GEOD-5305-g6_g8,ENSMUSG00000002345,0.4,0.0068674924957174
E-GEOD-5305-g6_g8,ENSMUSG00000002910,0.4,0.0228396042015039
E-GEOD-5305-g6_g8,ENSMUSG00000003033,-0.2,0.0588040974817464
E-GEOD-5305-g6_g8,ENSMUSG00000003484,-0.4,0.0051032400328951
E-GEOD-5305-g6_g8,ENSMUSG00000003518,-0.4,0.0020692734740029
E-GEOD-5305-g6_g8,ENSMUSG00000003528,0.3,0.0488170433151479
E-GEOD-5305-g6_g8,ENSMUSG00000003549,-0.4,0.0038903866358314
E-GEOD-5305-g6_g8,ENSMUSG00000003604,-0.3,0.0495372615407539
E-GEOD-5305-g6_g8,ENSMUSG00000003778,0.3,0.0193351568641133
E-GEOD-5305-g6_g8,ENSMUSG00000004207,0.4,0.0139123391472066
E-GEOD-5305-g6_g8,ENSMUSG00000004221,0.3,0.0196548747458251
E-GEOD-5305-g6_g8,ENSMUSG00000004462,0.3,0.0393400297800359
E-GEOD-5305-g6_g8,ENSMUSG00000004768,0.4,0.0138543248402275
E-GEOD-5305-g6_g8,ENSMUSG00000004843,0.4,0.0301995492376051
E-GEOD-5305-g6_g8,ENSMUSG00000005078,0.3,0.0606998784397033
E-GEOD-5305-g6_g8,ENSMUSG00000005410,-0.7,0.00029337736596
E-GEOD-5305-g6_g8,ENSMUSG00000005417,0.4,0.0055141072112101
E-GEOD-5305-g6_g8,ENSMUSG00000005501,0.4,0.0254124386991805
E-GEOD-5305-g6_g8,ENSMUSG00000005566,-0.3,0.0157600528828096
E-GEOD-5305-g6_g8,ENSMUSG00000005674,-0.6,0.0010261685277824
E-GEOD-5305-g6_g8,ENSMUSG00000006412,-0.3,0.0162033724310998
E-GEOD-5305-g6_g8,ENSMUSG00000006435,-0.4,0.0034004805935187
E-GEOD-5305-g6_g8,ENSMUSG00000006494,0.9,0.00029337736596
E-GEOD-5305-g6_g8,ENSMUSG00000006800,0.9,0.0002088528385743
E-GEOD-5305-g6_g8,ENSMUSG00000007783,0.9,0.0012153601135222
E-GEOD-5305-g6_g8,ENSMUSG00000007817,0.3,0.0255408483729102
E-GEOD-5305-g6_g8,ENSMUSG00000007867,0.6,0.0025202910936823
E-GEOD-5305-g6_g8,ENSMUSG00000007989,-0.3,0.0067933935868852
E-GEOD-5305-g6_g8,ENSMUSG00000008575,0.3,0.0837898966269674
E-GEOD-5305-g6_g8,ENSMUSG00000010461,0.5,0.0372577861463098
E-GEOD-5305-g6_g8,ENSMUSG00000011960,0.3,0.0433076483057877
E-GEOD-5305-g6_g8,ENSMUSG00000012017,0.5,0.0175598144711142
E-GEOD-5305-g6_g8,ENSMUSG00000012076,0.4,0.0040047952542318
E-GEOD-5305-g6_g8,ENSMUSG00000013160,0.4,0.0085513881220347
E-GEOD-5305-g6_g8,ENSMUSG00000013495,0.3,0.008080943236058
E-GEOD-5305-g6_g8,ENSMUSG00000013921,0.3,0.0176693774504228
E-GEOD-5305-g6_g8,ENSMUSG00000014075,0.8,0.000501099863054
E-GEOD-5305-g6_g8,ENSMUSG00000014177,0.6,0.0250004500781091
E-GEOD-5305-g6_g8,ENSMUSG00000014329,0.7,0.0006048303675979
E-GEOD-5305-g6_g8,ENSMUSG00000014444,0.2,0.0976590677786439
E-GEOD-5305-g6_g8,ENSMUSG00000014550,0.3,0.0882685900275575
E-GEOD-5305-g6_g8,ENSMUSG00000014776,0.4,0.0295897186434584
E-GEOD-5305-g6_g8,ENSMUSG00000014782,1.0,0.0001461585102109
E-GEOD-5305-g6_g8,ENSMUSG00000015202,0.3,0.0241822185705996
E-GEOD-5305-g6_g8,ENSMUSG00000015484,-0.2,0.0847721281560572
E-GEOD-5305-g6_g8,ENSMUSG00000015994,0.2,0.0818566972671333
E-GEOD-5305-g6_g8,ENSMUSG00000016018,0.3,0.0495372615407539
E-GEOD-5305-g6_g8,ENSMUSG00000016262,0.4,0.022350522222997
E-GEOD-5305-g6_g8,ENSMUSG00000016487,0.4,0.0250591028922397
E-GEOD-5305-g6_g8,ENSMUSG00000016552,1.0,0.0003319737227402
E-GEOD-5305-g6_g8,ENSMUSG00000016757,-0.3,0.0257093307103966
E-GEOD-5305-g6_g8,ENSMUSG00000016918,0.4,0.0387103428515392
E-GEOD-5305-g6_g8,ENSMUSG00000017652,0.3,0.0348681791861595
E-GEOD-5305-g6_g8,ENSMUSG00000017843,0.3,0.0314161077343871
E-GEOD-5305-g6_g8,ENSMUSG00000017858,0.2,0.0882685900275575
E-GEOD-5305-g6_g8,ENSMUSG00000017929,0.4,0.0182412942142458
E-GEOD-5305-g6_g8,ENSMUSG00000018363,0.4,0.016694024254302
E-GEOD-5305-g6_g8,ENSMUSG00000018398,0.2,0.0884353216556027
E-GEOD-5305-g6_g8,ENSMUSG00000018427,0.3,0.0687145650230127
E-GEOD-5305-g6_g8,ENSMUSG00000018750,0.4,0.0250591028922397
E-GEOD-5305-g6_g8,ENSMUSG00000018809,0.7,0.0033844053363746
E-GEOD-5305-g6_g8,ENSMUSG00000018983,-1.1,3.03618882849029e-05
E-GEOD-5305-g6_g8,ENSMUSG00000019303,0.3,0.0748203543686368
E-GEOD-5305-g6_g8,ENSMUSG00000019777,0.3,0.0673206227167697
E-GEOD-5305-g6_g8,ENSMUSG00000019796,0.4,0.0135080759755964
E-GEOD-5305-g6_g8,ENSMUSG00000019802,0.5,0.023880244279701
E-GEOD-5305-g6_g8,ENSMUSG00000019868,0.3,0.0521304118909775
E-GEOD-5305-g6_g8,ENSMUSG00000019873,0.3,0.0823055039775542
E-GEOD-5305-g6_g8,ENSMUSG00000019933,0.5,0.0148489491187743
E-GEOD-5305-g6_g8,ENSMUSG00000019944,0.3,0.0353253286901588
E-GEOD-5305-g6_g8,ENSMUSG00000019945,-0.4,0.0066645278214182
E-GEOD-5305-g6_g8,ENSMUSG00000019947,0.4,0.0106136977155407
E-GEOD-5305-g6_g8,ENSMUSG00000019975,0.7,0.0095287507417723
E-GEOD-5305-g6_g8,ENSMUSG00000020027,0.4,0.07746644642331
E-GEOD-5305-g6_g8,ENSMUSG00000020032,0.4,0.0531828047779576
E-GEOD-5305-g6_g8,ENSMUSG00000020034,0.5,0.0029015109428174
E-GEOD-5305-g6_g8,ENSMUSG00000020042,-0.7,0.0002173732994634
E-GEOD-5305-g6_g8,ENSMUSG00000020053,0.8,0.0152917668653954
E-GEOD-5305-g6_g8,ENSMUSG00000020074,0.3,0.0348681791861595
E-GEOD-5305-g6_g8,ENSMUSG00000020099,0.3,0.0398617035401347
E-GEOD-5305-g6_g8,ENSMUSG00000020111,0.2,0.0694075687387531
E-GEOD-5305-g6_g8,ENSMUSG00000020122,0.4,0.0201598226601823
E-GEOD-5305-g6_g8,ENSMUSG00000020170,0.4,0.0427023939236459
E-GEOD-5305-g6_g8,ENSMUSG00000020183,0.4,0.0019652760200836
E-GEOD-5305-g6_g8,ENSMUSG00000020185,-0.3,0.0317165708289565
E-GEOD-5305-g6_g8,ENSMUSG00000020246,0.7,0.0003415874396424
E-GEOD-5305-g6_g8,ENSMUSG00000020256,0.6,0.005223937315955
E-GEOD-5305-g6_g8,ENSMUSG00000020261,0.3,0.0463831612836278
E-GEOD-5305-g6_g8,ENSMUSG00000020312,0.5,0.0031869114485417
E-GEOD-5305-g6_g8,ENSMUSG00000020315,0.6,0.0055261524137325
E-GEOD-5305-g6_g8,ENSMUSG00000020392,-0.3,0.0641413007236764
E-GEOD-5305-g6_g8,ENSMUSG00000020393,0.6,0.0003415874396424
E-GEOD-5305-g6_g8,ENSMUSG00000020427,1.3,0.0003058816312468
E-GEOD-5305-g6_g8,ENSMUSG00000020432,0.5,0.0072862268957862
E-GEOD-5305-g6_g8,ENSMUSG00000020491,0.4,0.0177153139558819
E-GEOD-5305-g6_g8,ENSMUSG00000020493,-0.3,0.0405151220681942
E-GEOD-5305-g6_g8,ENSMUSG00000020519,0.3,0.0345944620944098
E-GEOD-5305-g6_g8,ENSMUSG00000020520,-0.3,0.0670787580598129
E-GEOD-5305-g6_g8,ENSMUSG00000020611,0.3,0.0380164231924894
E-GEOD-5305-g6_g8,ENSMUSG00000020689,0.4,0.0293222681069904
E-GEOD-5305-g6_g8,ENSMUSG00000020691,0.2,0.086113737970528
E-GEOD-5305-g6_g8,ENSMUSG00000020794,0.3,0.0548648829313021
E-GEOD-5305-g6_g8,ENSMUSG00000020812,0.6,0.0032322520486953
E-GEOD-5305-g6_g8,ENSMUSG00000020859,0.4,0.055094403579967
E-GEOD-5305-g6_g8,ENSMUSG00000020863,-0.3,0.0465999061741808
E-GEOD-5305-g6_g8,ENSMUSG00000020895,0.3,0.0403300863064374
E-GEOD-5305-g6_g8,ENSMUSG00000020899,-0.3,0.0673225027024709
E-GEOD-5305-g6_g8,ENSMUSG00000020937,0.6,0.0034004805935187
E-GEOD-5305-g6_g8,ENSMUSG00000021025,0.3,0.0285214893634025
E-GEOD-5305-g6_g8,ENSMUSG00000021070,-0.4,0.0033009658632789
E-GEOD-5305-g6_g8,ENSMUSG00000021102,-0.2,0.0754613658821961
E-GEOD-5305-g6_g8,ENSMUSG00000021143,0.3,0.0280014154845693
E-GEOD-5305-g6_g8,ENSMUSG00000021176,0.6,0.001690405291738
E-GEOD-5305-g6_g8,ENSMUSG00000021217,0.4,0.0203340796742558
E-GEOD-5305-g6_g8,ENSMUSG00000021236,0.3,0.0282732442919335
E-GEOD-5305-g6_g8,ENSMUSG00000021242,0.4,0.0199703983829996
E-GEOD-5305-g6_g8,ENSMUSG00000021301,-0.3,0.0170437558787036
E-GEOD-5305-g6_g8,ENSMUSG00000021303,0.4,0.005326303211075
E-GEOD-5305-g6_g8,ENSMUSG00000021327,0.4,0.0190709625676989
E-GEOD-5305-g6_g8,ENSMUSG00000021357,0.4,0.0173338985977278
E-GEOD-5305-g6_g8,ENSMUSG00000021375,0.4,0.0869065824964911
E-GEOD-5305-g6_g8,ENSMUSG00000021391,1.0,0.00029337736596
E-GEOD-5305-g6_g8,ENSMUSG00000021497,0.6,0.0053307731579305
E-GEOD-5305-g6_g8,ENSMUSG00000021556,0.3,0.0536081303792461
E-GEOD-5305-g6_g8,ENSMUSG00000021567,0.3,0.0166202426618328
E-GEOD-5305-g6_g8,ENSMUSG00000021703,0.5,0.0055728164135798
E-GEOD-5305-g6_g8,ENSMUSG00000021745,0.4,0.0138543248402275
E-GEOD-5305-g6_g8,ENSMUSG00000021750,0.3,0.0280014154845693
E-GEOD-5305-g6_g8,ENSMUSG00000021756,0.6,0.001899247931109
E-GEOD-5305-g6_g8,ENSMUSG00000021765,1.1,0.001012210424916
E-GEOD-5305-g6_g8,ENSMUSG00000021809,0.3,0.0670787580598129
E-GEOD-5305-g6_g8,ENSMUSG00000021840,-0.6,0.0031869114485417
E-GEOD-5305-g6_g8,ENSMUSG00000021846,0.5,0.0360585545405537
E-GEOD-5305-g6_g8,ENSMUSG00000021872,0.3,0.023104156407716
E-GEOD-5305-g6_g8,ENSMUSG00000021890,0.3,0.0193351568641133
E-GEOD-5305-g6_g8,ENSMUSG00000021916,0.8,0.0003415874396424
E-GEOD-5305-g6_g8,ENSMUSG00000021932,0.4,0.0142655117993409
E-GEOD-5305-g6_g8,ENSMUSG00000021973,0.4,0.0453834268828742
E-GEOD-5305-g6_g8,ENSMUSG00000022100,0.2,0.0537718576684165
E-GEOD-5305-g6_g8,ENSMUSG00000022141,0.3,0.0113477036105782
E-GEOD-5305-g6_g8,ENSMUSG00000022231,-0.6,0.0035063107533357
E-GEOD-5305-g6_g8,ENSMUSG00000022246,0.3,0.0431431598306035
E-GEOD-5305-g6_g8,ENSMUSG00000022253,0.3,0.0665684263019963
E-GEOD-5305-g6_g8,ENSMUSG00000022272,0.4,0.0609949908431232
E-GEOD-5305-g6_g8,ENSMUSG00000022299,0.5,0.008080943236058
E-GEOD-5305-g6_g8,ENSMUSG00000022305,0.5,0.0067933935868852
E-GEOD-5305-g6_g8,ENSMUSG00000022353,0.3,0.0380766346250934
E-GEOD-5305-g6_g8,ENSMUSG00000022359,0.7,0.0017407857788409
E-GEOD-5305-g6_g8,ENSMUSG00000022360,-0.4,0.0418131342872097
E-GEOD-5305-g6_g8,ENSMUSG00000022377,0.7,0.0175293814035885
E-GEOD-5305-g6_g8,ENSMUSG00000022401,0.3,0.0345944620944098
E-GEOD-5305-g6_g8,ENSMUSG00000022419,0.3,0.0626335066743193
E-GEOD-5305-g6_g8,ENSMUSG00000022462,0.4,0.0072862268957862
E-GEOD-5305-g6_g8,ENSMUSG00000022507,0.3,0.0677982072377279
E-GEOD-5305-g6_g8,ENSMUSG00000022521,0.4,0.0661613853837617
E-GEOD-5305-g6_g8,ENSMUSG00000022635,0.7,0.0006361266397533
E-GEOD-5305-g6_g8,ENSMUSG00000022636,-0.5,0.0069533517573554
E-GEOD-5305-g6_g8,ENSMUSG00000022676,1.1,0.0006457547943047
E-GEOD-5305-g6_g8,ENSMUSG00000022758,0.3,0.0103878139216534
E-GEOD-5305-g6_g8,ENSMUSG00000022770,0.5,0.0127690155244169
E-GEOD-5305-g6_g8,ENSMUSG00000022792,0.3,0.0575102941986902
E-GEOD-5305-g6_g8,ENSMUSG00000022801,0.2,0.087240440922947
E-GEOD-5305-g6_g8,ENSMUSG00000022821,-0.3,0.0201598226601823
E-GEOD-5305-g6_g8,ENSMUSG00000022894,0.8,0.0067822720697563
E-GEOD-5305-g6_g8,ENSMUSG00000022899,-0.3,0.0671581799189853
E-GEOD-5305-g6_g8,ENSMUSG00000023022,0.4,0.0250591028922397
E-GEOD-5305-g6_g8,ENSMUSG00000023036,0.3,0.0156152218697927
E-GEOD-5305-g6_g8,ENSMUSG00000023055,0.5,0.0133575113769862
E-GEOD-5305-g6_g8,ENSMUSG00000023068,0.5,0.011560162690568
E-GEOD-5305-g6_g8,ENSMUSG00000023147,-0.3,0.0260787641543063
E-GEOD-5305-g6_g8,ENSMUSG00000023965,0.3,0.0803845775637192
E-GEOD-5305-g6_g8,ENSMUSG00000024037,-0.4,0.0059200200887925
E-GEOD-5305-g6_g8,ENSMUSG00000024043,0.5,0.0038151062003539
E-GEOD-5305-g6_g8,ENSMUSG00000024053,1.3,0.0001461585102109
E-GEOD-5305-g6_g8,ENSMUSG00000024079,0.2,0.0847721281560572
E-GEOD-5305-g6_g8,ENSMUSG00000024165,-0.4,0.0381342874332962
E-GEOD-5305-g6_g8,ENSMUSG00000024187,0.3,0.0292107353660449
E-GEOD-5305-g6_g8,ENSMUSG00000024253,0.7,0.0036492099579668
E-GEOD-5305-g6_g8,ENSMUSG00000024286,0.5,0.0166202426618328
E-GEOD-5305-g6_g8,ENSMUSG00000024309,-0.3,0.0552058282255756
E-GEOD-5305-g6_g8,ENSMUSG00000024349,-0.5,0.0072862268957862
E-GEOD-5305-g6_g8,ENSMUSG00000024378,0.3,0.0686338318653612
E-GEOD-5305-g6_g8,ENSMUSG00000024404,0.3,0.0433076483057877
E-GEOD-5305-g6_g8,ENSMUSG00000024512,-0.4,0.0082918594424523
E-GEOD-5305-g6_g8,ENSMUSG00000024535,0.3,0.057441482969242
E-GEOD-5305-g6_g8,ENSMUSG00000024594,0.5,0.0071374512817304
E-GEOD-5305-g6_g8,ENSMUSG00000024603,0.4,0.0780547243937366
E-GEOD-5305-g6_g8,ENSMUSG00000024639,0.4,0.0280014154845693
E-GEOD-5305-g6_g8,ENSMUSG00000024663,0.3,0.0644412980679478
E-GEOD-5305-g6_g8,ENSMUSG00000024769,0.3,0.0173338985977278
E-GEOD-5305-g6_g8,ENSMUSG00000024807,0.4,0.0283302951193554
E-GEOD-5305-g6_g8,ENSMUSG00000024817,0.3,0.037486171445934
E-GEOD-5305-g6_g8,ENSMUSG00000024868,-0.3,0.0292107353660449
E-GEOD-5305-g6_g8,ENSMUSG00000024949,-0.2,0.0523366708854738
E-GEOD-5305-g6_g8,ENSMUSG00000025036,0.3,0.011560162690568
E-GEOD-5305-g6_g8,ENSMUSG00000025078,0.4,0.0295228223443536
E-GEOD-5305-g6_g8,ENSMUSG00000025089,0.3,0.0661613853837617
E-GEOD-5305-g6_g8,ENSMUSG00000025204,0.4,0.0070399321876997
E-GEOD-5305-g6_g8,ENSMUSG00000025261,0.2,0.0818566972671333
E-GEOD-5305-g6_g8,ENSMUSG00000025404,0.4,0.0270222503984352
E-GEOD-5305-g6_g8,ENSMUSG00000025451,0.4,0.0970133521230199
E-GEOD-5305-g6_g8,ENSMUSG00000025701,-0.4,0.0182595006934916
E-GEOD-5305-g6_g8,ENSMUSG00000025747,-0.4,0.0064320321124921
E-GEOD-5305-g6_g8,ENSMUSG00000025932,0.5,0.0008751968623069
E-GEOD-5305-g6_g8,ENSMUSG00000025949,0.2,0.0748203543686368
E-GEOD-5305-g6_g8,ENSMUSG00000025964,0.3,0.0464312574612466
E-GEOD-5305-g6_g8,ENSMUSG00000025969,0.5,0.0304401832932093
E-GEOD-5305-g6_g8,ENSMUSG00000026035,0.4,0.0260954562044894
E-GEOD-5305-g6_g8,ENSMUSG00000026039,-0.3,0.0622283640712966
E-GEOD-5305-g6_g8,ENSMUSG00000026103,-0.2,0.0393311263350823
E-GEOD-5305-g6_g8,ENSMUSG00000026192,-0.4,0.0117045155098919
E-GEOD-5305-g6_g8,ENSMUSG00000026308,-2.3,1.26201134642275e-07
E-GEOD-5305-g6_g8,ENSMUSG00000026361,-0.2,0.083577015133689
E-GEOD-5305-g6_g8,ENSMUSG00000026442,-0.3,0.0166202426618328
E-GEOD-5305-g6_g8,ENSMUSG00000026466,0.5,0.0151898681444609
E-GEOD-5305-g6_g8,ENSMUSG00000026483,0.3,0.0199703983829996
E-GEOD-5305-g6_g8,ENSMUSG00000026494,0.4,0.0197325691682138
E-GEOD-5305-g6_g8,ENSMUSG00000026499,0.4,0.0575102941986902
E-GEOD-5305-g6_g8,ENSMUSG00000026535,0.8,0.0143085662823766
E-GEOD-5305-g6_g8,ENSMUSG00000026558,-0.7,0.0009250646130007
E-GEOD-5305-g6_g8,ENSMUSG00000026566,0.4,0.0193351568641133
E-GEOD-5305-g6_g8,ENSMUSG00000026571,0.8,0.0036492099579668
E-GEOD-5305-g6_g8,ENSMUSG00000026578,0.2,0.0626335066743193
E-GEOD-5305-g6_g8,ENSMUSG00000026586,1.3,0.0003415874396424
E-GEOD-5305-g6_g8,ENSMUSG00000026634,0.3,0.0393311263350823
E-GEOD-5305-g6_g8,ENSMUSG00000026640,0.5,0.0028615679227411
E-GEOD-5305-g6_g8,ENSMUSG00000026672,0.6,0.0093920859244674
E-GEOD-5305-g6_g8,ENSMUSG00000026675,0.4,0.0250611413646357
E-GEOD-5305-g6_g8,ENSMUSG00000026740,0.4,0.045570718979123
E-GEOD-5305-g6_g8,ENSMUSG00000026788,0.3,0.0477057716781087
E-GEOD-5305-g6_g8,ENSMUSG00000026792,0.3,0.0398617035401347
E-GEOD-5305-g6_g8,ENSMUSG00000026824,0.2,0.0568158989115209
E-GEOD-5305-g6_g8,ENSMUSG00000026827,0.3,0.0443135621482702
E-GEOD-5305-g6_g8,ENSMUSG00000026878,0.2,0.0910025677635334
E-GEOD-5305-g6_g8,ENSMUSG00000027010,0.3,0.0484919509128637
E-GEOD-5305-g6_g8,ENSMUSG00000027035,0.5,0.0094783478678599
E-GEOD-5305-g6_g8,ENSMUSG00000027165,-0.3,0.0250004500781091
E-GEOD-5305-g6_g8,ENSMUSG00000027200,-0.2,0.0993208955683771
E-GEOD-5305-g6_g8,ENSMUSG00000027208,0.8,0.0072862268957862
E-GEOD-5305-g6_g8,ENSMUSG00000027276,0.5,0.0035036211423983
E-GEOD-5305-g6_g8,ENSMUSG00000027285,0.3,0.0506013958602518
E-GEOD-5305-g6_g8,ENSMUSG00000027309,0.4,0.0081324235823837
E-GEOD-5305-g6_g8,ENSMUSG00000027357,0.4,0.0170372665936666
E-GEOD-5305-g6_g8,ENSMUSG00000027365,0.2,0.0970133521230199
E-GEOD-5305-g6_g8,ENSMUSG00000027460,0.9,0.0003415874396424
E-GEOD-5305-g6_g8,ENSMUSG00000027506,-0.3,0.0785552650748677
E-GEOD-5305-g6_g8,ENSMUSG00000027519,0.4,0.008080943236058
E-GEOD-5305-g6_g8,ENSMUSG00000027555,0.5,0.0045266824917275
E-GEOD-5305-g6_g8,ENSMUSG00000027599,0.3,0.037486171445934
E-GEOD-5305-g6_g8,ENSMUSG00000027620,0.4,0.0089991552166349
E-GEOD-5305-g6_g8,ENSMUSG00000027651,-0.3,0.0151898681444609
E-GEOD-5305-g6_g8,ENSMUSG00000027698,0.4,0.0152917668653954
E-GEOD-5305-g6_g8,ENSMUSG00000027744,-0.3,0.0219843478779085
E-GEOD-5305-g6_g8,ENSMUSG00000027797,0.4,0.0683695238700938
E-GEOD-5305-g6_g8,ENSMUSG00000027806,0.6,0.0080896427304466
E-GEOD-5305-g6_g8,ENSMUSG00000027811,0.4,0.0924730579240674
E-GEOD-5305-g6_g8,ENSMUSG00000027828,0.4,0.0177153139558819
E-GEOD-5305-g6_g8,ENSMUSG00000027833,0.6,0.003788490989467
E-GEOD-5305-g6_g8,ENSMUSG00000027864,0.5,0.0182412942142458
E-GEOD-5305-g6_g8,ENSMUSG00000027879,0.6,0.0020692734740029
E-GEOD-5305-g6_g8,ENSMUSG00000027957,0.5,0.0367268283018464
E-GEOD-5305-g6_g8,ENSMUSG00000027993,1.0,0.0151898681444609
E-GEOD-5305-g6_g8,ENSMUSG00000028007,0.7,0.0025202910936823
E-GEOD-5305-g6_g8,ENSMUSG00000028015,0.4,0.0053307731579305
E-GEOD-5305-g6_g8,ENSMUSG00000028020,0.3,0.0432089907419586
E-GEOD-5305-g6_g8,ENSMUSG00000028167,0.8,0.0006361266397533
E-GEOD-5305-g6_g8,ENSMUSG00000028184,1.0,0.00029337736596
E-GEOD-5305-g6_g8,ENSMUSG00000028194,-0.5,0.0073548727643133
E-GEOD-5305-g6_g8,ENSMUSG00000028251,0.7,0.0072862268957862
E-GEOD-5305-g6_g8,ENSMUSG00000028278,0.4,0.0686338318653612
E-GEOD-5305-g6_g8,ENSMUSG00000028445,0.3,0.0438565523862257
E-GEOD-5305-g6_g8,ENSMUSG00000028487,-0.3,0.0199585934677064
E-GEOD-5305-g6_g8,ENSMUSG00000028520,-0.3,0.0622283640712966
E-GEOD-5305-g6_g8,ENSMUSG00000028567,0.3,0.0453834268828742
E-GEOD-5305-g6_g8,ENSMUSG00000028629,0.4,0.0138257738787862
E-GEOD-5305-g6_g8,ENSMUSG00000028646,0.4,0.0057608479086545
E-GEOD-5305-g6_g8,ENSMUSG00000028655,-0.4,0.0424859781409883
E-GEOD-5305-g6_g8,ENSMUSG00000028684,-0.3,0.0211572089077957
E-GEOD-5305-g6_g8,ENSMUSG00000028698,0.5,0.0072862268957862
E-GEOD-5305-g6_g8,ENSMUSG00000028822,0.3,0.0968977814430973
E-GEOD-5305-g6_g8,ENSMUSG00000028840,-0.3,0.0670787580598129
E-GEOD-5305-g6_g8,ENSMUSG00000028868,0.3,0.0309933805432624
E-GEOD-5305-g6_g8,ENSMUSG00000028873,-0.5,0.0014899831430431
E-GEOD-5305-g6_g8,ENSMUSG00000028919,0.5,0.0157600528828096
E-GEOD-5305-g6_g8,ENSMUSG00000029004,0.3,0.0387103428515392
E-GEOD-5305-g6_g8,ENSMUSG00000029016,0.3,0.0596384471028599
E-GEOD-5305-g6_g8,ENSMUSG00000029050,0.4,0.0260973563939069
E-GEOD-5305-g6_g8,ENSMUSG00000029076,0.2,0.0889870519815168
E-GEOD-5305-g6_g8,ENSMUSG00000029199,0.4,0.0093920859244674
E-GEOD-5305-g6_g8,ENSMUSG00000029213,0.7,0.0024437025062249
E-GEOD-5305-g6_g8,ENSMUSG00000029229,0.5,0.0089915811178984
E-GEOD-5305-g6_g8,ENSMUSG00000029234,0.3,0.0393311263350823
E-GEOD-5305-g6_g8,ENSMUSG00000029270,0.3,0.0333501632914512
E-GEOD-5305-g6_g8,ENSMUSG00000029287,0.2,0.0802394071016052
E-GEOD-5305-g6_g8,ENSMUSG00000029334,-0.3,0.0599344102856191
E-GEOD-5305-g6_g8,ENSMUSG00000029348,0.4,0.0038712006608851
E-GEOD-5305-g6_g8,ENSMUSG00000029380,0.8,0.0001461585102109
E-GEOD-5305-g6_g8,ENSMUSG00000029446,-0.4,0.0486375154728217
E-GEOD-5305-g6_g8,ENSMUSG00000029461,0.3,0.0625922228688335
E-GEOD-5305-g6_g8,ENSMUSG00000029462,0.2,0.0884496271802976
E-GEOD-5305-g6_g8,ENSMUSG00000029468,0.5,0.0008897019422551
E-GEOD-5305-g6_g8,ENSMUSG00000029571,0.4,0.0504640294515439
E-GEOD-5305-g6_g8,ENSMUSG00000029576,0.4,0.0327732001872392
E-GEOD-5305-g6_g8,ENSMUSG00000029641,0.3,0.023104156407716
E-GEOD-5305-g6_g8,ENSMUSG00000029661,0.5,0.0273948974592884
E-GEOD-5305-g6_g8,ENSMUSG00000029778,-0.3,0.0270222503984352
E-GEOD-5305-g6_g8,ENSMUSG00000029790,0.2,0.0813408406835721
E-GEOD-5305-g6_g8,ENSMUSG00000029815,0.3,0.0484761019006907
E-GEOD-5305-g6_g8,ENSMUSG00000029826,0.3,0.0557993431693765
E-GEOD-5305-g6_g8,ENSMUSG00000029992,0.3,0.061893480830913
E-GEOD-5305-g6_g8,ENSMUSG00000029998,0.4,0.0673206227167697
E-GEOD-5305-g6_g8,ENSMUSG00000030000,-0.3,0.0301162609674685
E-GEOD-5305-g6_g8,ENSMUSG00000030031,-0.3,0.0698594840548699
E-GEOD-5305-g6_g8,ENSMUSG00000030058,0.3,0.0250591028922397
E-GEOD-5305-g6_g8,ENSMUSG00000030074,0.6,0.001899247931109
E-GEOD-5305-g6_g8,ENSMUSG00000030138,-0.3,0.0495372615407539
E-GEOD-5305-g6_g8,ENSMUSG00000030256,-0.2,0.0536081303792461
E-GEOD-5305-g6_g8,ENSMUSG00000030319,-0.3,0.0725169774367375
E-GEOD-5305-g6_g8,ENSMUSG00000030323,0.3,0.0610865693894876
E-GEOD-5305-g6_g8,ENSMUSG00000030344,-0.4,0.0181307892290687
E-GEOD-5305-g6_g8,ENSMUSG00000030399,0.2,0.0915765695270198
E-GEOD-5305-g6_g8,ENSMUSG00000030424,-0.2,0.0748203543686368
E-GEOD-5305-g6_g8,ENSMUSG00000030431,-0.6,0.0099427638248454
E-GEOD-5305-g6_g8,ENSMUSG00000030515,0.2,0.0748203543686368
E-GEOD-5305-g6_g8,ENSMUSG00000030744,-0.3,0.0288333056532406
E-GEOD-5305-g6_g8,ENSMUSG00000030768,0.3,0.0184963664541319
E-GEOD-5305-g6_g8,ENSMUSG00000030779,-0.3,0.0256330379699146
E-GEOD-5305-g6_g8,ENSMUSG00000030846,-0.2,0.0609949908431232
E-GEOD-5305-g6_g8,ENSMUSG00000030960,0.3,0.0261485792550801
E-GEOD-5305-g6_g8,ENSMUSG00000030965,0.4,0.023104156407716
E-GEOD-5305-g6_g8,ENSMUSG00000031283,0.4,0.011560162690568
E-GEOD-5305-g6_g8,ENSMUSG00000031284,0.3,0.0884862086035511
E-GEOD-5305-g6_g8,ENSMUSG00000031379,0.3,0.0291817063165591
E-GEOD-5305-g6_g8,ENSMUSG00000031393,0.4,0.0228396042015039
E-GEOD-5305-g6_g8,ENSMUSG00000031442,0.2,0.0924730579240674
E-GEOD-5305-g6_g8,ENSMUSG00000031461,-0.6,0.0093920859244674
E-GEOD-5305-g6_g8,ENSMUSG00000031520,0.6,0.0023491902444448
E-GEOD-5305-g6_g8,ENSMUSG00000031521,0.6,0.0038712006608851
E-GEOD-5305-g6_g8,ENSMUSG00000031545,0.4,0.008910207786541
E-GEOD-5305-g6_g8,ENSMUSG00000031548,0.7,0.0035036211423983
E-GEOD-5305-g6_g8,ENSMUSG00000031558,-0.2,0.0712304966073256
E-GEOD-5305-g6_g8,ENSMUSG00000031565,0.2,0.0593357988340977
E-GEOD-5305-g6_g8,ENSMUSG00000031595,1.2,0.0002173732994634
E-GEOD-5305-g6_g8,ENSMUSG00000031596,0.7,0.0052012391611767
E-GEOD-5305-g6_g8,ENSMUSG00000031600,0.5,0.0290971970847158
E-GEOD-5305-g6_g8,ENSMUSG00000031626,0.8,0.0003415874396424
E-GEOD-5305-g6_g8,ENSMUSG00000031647,-0.5,0.003788490989467
E-GEOD-5305-g6_g8,ENSMUSG00000031652,0.4,0.019382808109082
E-GEOD-5305-g6_g8,ENSMUSG00000031683,0.3,0.035019876076415
E-GEOD-5305-g6_g8,ENSMUSG00000031684,0.4,0.022140010574693
E-GEOD-5305-g6_g8,ENSMUSG00000031691,0.4,0.0373372307407026
E-GEOD-5305-g6_g8,ENSMUSG00000031808,0.3,0.0175293814035885
E-GEOD-5305-g6_g8,ENSMUSG00000031822,0.4,0.0651887646063552
E-GEOD-5305-g6_g8,ENSMUSG00000031932,-0.4,0.0095287507417723
E-GEOD-5305-g6_g8,ENSMUSG00000032009,0.7,0.0008751968623069
E-GEOD-5305-g6_g8,ENSMUSG00000032018,0.3,0.0358846942522549
E-GEOD-5305-g6_g8,ENSMUSG00000032057,0.6,0.0004877891798816
E-GEOD-5305-g6_g8,ENSMUSG00000032253,-0.3,0.0872768733421171
E-GEOD-5305-g6_g8,ENSMUSG00000032265,0.6,0.0032948209860435
E-GEOD-5305-g6_g8,ENSMUSG00000032305,0.3,0.0490240180602967
E-GEOD-5305-g6_g8,ENSMUSG00000032332,1.6,0.0008751968623069
E-GEOD-5305-g6_g8,ENSMUSG00000032333,0.3,0.0924730579240674
E-GEOD-5305-g6_g8,ENSMUSG00000032334,0.2,0.0787591202545849
E-GEOD-5305-g6_g8,ENSMUSG00000032393,0.3,0.0383440203396783
E-GEOD-5305-g6_g8,ENSMUSG00000032415,-0.3,0.0148489491187743
E-GEOD-5305-g6_g8,ENSMUSG00000032425,0.4,0.0031869114485417
E-GEOD-5305-g6_g8,ENSMUSG00000032507,0.4,0.0148489491187743
E-GEOD-5305-g6_g8,ENSMUSG00000032511,-0.9,0.0001461585102109
E-GEOD-5305-g6_g8,ENSMUSG00000032555,-0.3,0.0137629268941252
E-GEOD-5305-g6_g8,ENSMUSG00000032557,0.9,0.0009395832074426
E-GEOD-5305-g6_g8,ENSMUSG00000032561,0.2,0.0855197732212875
E-GEOD-5305-g6_g8,ENSMUSG00000032625,0.2,0.0884496271802976
E-GEOD-5305-g6_g8,ENSMUSG00000032640,0.9,0.0006494342368176
E-GEOD-5305-g6_g8,ENSMUSG00000032667,0.3,0.0970133521230199
E-GEOD-5305-g6_g8,ENSMUSG00000032673,0.5,0.0007910844860938
E-GEOD-5305-g6_g8,ENSMUSG00000032733,0.5,0.0021208971302614
E-GEOD-5305-g6_g8,ENSMUSG00000032745,0.2,0.0650284090083204
E-GEOD-5305-g6_g8,ENSMUSG00000032763,0.4,0.0149222475110304
E-GEOD-5305-g6_g8,ENSMUSG00000032846,0.5,0.0090692231305569
E-GEOD-5305-g6_g8,ENSMUSG00000032849,0.3,0.0683067283390172
E-GEOD-5305-g6_g8,ENSMUSG00000032875,0.3,0.0872768733421171
E-GEOD-5305-g6_g8,ENSMUSG00000032932,0.3,0.0398617035401347
E-GEOD-5305-g6_g8,ENSMUSG00000033016,0.4,0.0154902762299242
E-GEOD-5305-g6_g8,ENSMUSG00000033020,-0.3,0.0308141803847425
E-GEOD-5305-g6_g8,ENSMUSG00000033102,0.3,0.0742911412535621
E-GEOD-5305-g6_g8,ENSMUSG00000033152,0.6,0.0057301728557835
E-GEOD-5305-g6_g8,ENSMUSG00000033184,0.3,0.0250591028922397
E-GEOD-5305-g6_g8,ENSMUSG00000033207,-0.3,0.0632455933178157
E-GEOD-5305-g6_g8,ENSMUSG00000033209,0.4,0.0133930365446005
E-GEOD-5305-g6_g8,ENSMUSG00000033294,-0.7,0.0014899831430431
E-GEOD-5305-g6_g8,ENSMUSG00000033419,-0.2,0.0565670701310233
E-GEOD-5305-g6_g8,ENSMUSG00000033520,-0.2,0.0987891688708567
E-GEOD-5305-g6_g8,ENSMUSG00000033526,0.3,0.0737377970897143
E-GEOD-5305-g6_g8,ENSMUSG00000033581,0.5,0.0307900260659285
E-GEOD-5305-g6_g8,ENSMUSG00000033623,0.3,0.0770146601114449
E-GEOD-5305-g6_g8,ENSMUSG00000033685,0.4,0.0199585934677064
E-GEOD-5305-g6_g8,ENSMUSG00000033713,0.4,0.0288333056532406
E-GEOD-5305-g6_g8,ENSMUSG00000033717,0.3,0.0182230841492828
E-GEOD-5305-g6_g8,ENSMUSG00000033730,-1.1,0.0008751968623069
E-GEOD-5305-g6_g8,ENSMUSG00000033732,0.3,0.0468394538741951
E-GEOD-5305-g6_g8,ENSMUSG00000033952,-0.3,0.0276789144174079
E-GEOD-5305-g6_g8,ENSMUSG00000034031,-0.4,0.0144768136563475
E-GEOD-5305-g6_g8,ENSMUSG00000034066,0.4,0.0503566597171534
E-GEOD-5305-g6_g8,ENSMUSG00000034083,0.2,0.0754613658821961
E-GEOD-5305-g6_g8,ENSMUSG00000034111,0.3,0.083577015133689
E-GEOD-5305-g6_g8,ENSMUSG00000034210,0.4,0.0387103428515392
E-GEOD-5305-g6_g8,ENSMUSG00000034269,0.3,0.0300350836402112
E-GEOD-5305-g6_g8,ENSMUSG00000034324,-0.3,0.0199585934677064
E-GEOD-5305-g6_g8,ENSMUSG00000034354,0.3,0.0237831206231562
E-GEOD-5305-g6_g8,ENSMUSG00000034457,0.5,0.0259686758269132
E-GEOD-5305-g6_g8,ENSMUSG00000034462,0.3,0.0273948974592884
E-GEOD-5305-g6_g8,ENSMUSG00000034487,0.5,0.0068626119837473
E-GEOD-5305-g6_g8,ENSMUSG00000034501,0.3,0.0237472382583725
E-GEOD-5305-g6_g8,ENSMUSG00000034614,1.0,0.0002261471451958
E-GEOD-5305-g6_g8,ENSMUSG00000034723,0.5,0.011560162690568
E-GEOD-5305-g6_g8,ENSMUSG00000034765,-0.4,0.0042304312897454
E-GEOD-5305-g6_g8,ENSMUSG00000034795,0.6,0.0312191142164898
E-GEOD-5305-g6_g8,ENSMUSG00000034858,0.4,0.0250591028922397
E-GEOD-5305-g6_g8,ENSMUSG00000034893,0.3,0.0446044440735844
E-GEOD-5305-g6_g8,ENSMUSG00000034910,0.3,0.0375489065595264
E-GEOD-5305-g6_g8,ENSMUSG00000035048,0.4,0.0090703995985303
E-GEOD-5305-g6_g8,ENSMUSG00000035062,0.3,0.0333501632914512
E-GEOD-5305-g6_g8,ENSMUSG00000035131,0.9,0.000346310412225
E-GEOD-5305-g6_g8,ENSMUSG00000035247,0.3,0.0955508216975301
E-GEOD-5305-g6_g8,ENSMUSG00000035266,0.3,0.0277393980078357
E-GEOD-5305-g6_g8,ENSMUSG00000035273,0.4,0.0085211281848765
E-GEOD-5305-g6_g8,ENSMUSG00000035356,0.3,0.0298854714332905
E-GEOD-5305-g6_g8,ENSMUSG00000035365,0.3,0.073041045913302
E-GEOD-5305-g6_g8,ENSMUSG00000035378,-0.3,0.0500606630885743
E-GEOD-5305-g6_g8,ENSMUSG00000035521,0.5,0.0179035023567011
E-GEOD-5305-g6_g8,ENSMUSG00000035572,0.3,0.0936486079638731
E-GEOD-5305-g6_g8,ENSMUSG00000035615,-0.4,0.0124289025797451
E-GEOD-5305-g6_g8,ENSMUSG00000035754,-0.3,0.0162033724310998
E-GEOD-5305-g6_g8,ENSMUSG00000035847,0.4,0.0227935614534112
E-GEOD-5305-g6_g8,ENSMUSG00000035953,0.4,0.0144768136563475
E-GEOD-5305-g6_g8,ENSMUSG00000036053,0.4,0.0290971970847158
E-GEOD-5305-g6_g8,ENSMUSG00000036109,-0.4,0.0106136977155407
E-GEOD-5305-g6_g8,ENSMUSG00000036155,-0.3,0.0731323754129719
E-GEOD-5305-g6_g8,ENSMUSG00000036244,-0.3,0.0527604936287639
E-GEOD-5305-g6_g8,ENSMUSG00000036299,0.5,0.0035036211423983
E-GEOD-5305-g6_g8,ENSMUSG00000036391,0.3,0.0896573015532707
E-GEOD-5305-g6_g8,ENSMUSG00000036427,0.2,0.0622351383766871
E-GEOD-5305-g6_g8,ENSMUSG00000036545,0.5,0.0035036211423983
E-GEOD-5305-g6_g8,ENSMUSG00000036615,-0.3,0.0487195096227019
E-GEOD-5305-g6_g8,ENSMUSG00000036644,0.3,0.0459252704265212
E-GEOD-5305-g6_g8,ENSMUSG00000036820,0.3,0.0253741234978743
E-GEOD-5305-g6_g8,ENSMUSG00000036854,0.6,0.0054696309510217
E-GEOD-5305-g6_g8,ENSMUSG00000036968,0.4,0.0201598226601823
E-GEOD-5305-g6_g8,ENSMUSG00000037072,-0.3,0.0594869869345467
E-GEOD-5305-g6_g8,ENSMUSG00000037075,0.6,0.0054646041045314
E-GEOD-5305-g6_g8,ENSMUSG00000037111,0.4,0.0148772433674504
E-GEOD-5305-g6_g8,ENSMUSG00000037286,-0.3,0.0433076483057877
E-GEOD-5305-g6_g8,ENSMUSG00000037306,0.6,0.0006048303675979
E-GEOD-5305-g6_g8,ENSMUSG00000037325,0.3,0.039581376455508
E-GEOD-5305-g6_g8,ENSMUSG00000037370,0.5,0.0032755116379939
E-GEOD-5305-g6_g8,ENSMUSG00000037395,0.4,0.0282125251780159
E-GEOD-5305-g6_g8,ENSMUSG00000037410,0.7,0.0031869114485417
E-GEOD-5305-g6_g8,ENSMUSG00000037437,-0.3,0.0677982072377279
E-GEOD-5305-g6_g8,ENSMUSG00000037466,-0.3,0.0254124386991805
E-GEOD-5305-g6_g8,ENSMUSG00000037514,0.3,0.0475701457117753
E-GEOD-5305-g6_g8,ENSMUSG00000037628,0.9,0.0001461585102109
E-GEOD-5305-g6_g8,ENSMUSG00000037773,0.5,0.0127773188282555
E-GEOD-5305-g6_g8,ENSMUSG00000037822,0.5,0.0175402979342006
E-GEOD-5305-g6_g8,ENSMUSG00000037972,0.4,0.0205238108386372
E-GEOD-5305-g6_g8,ENSMUSG00000038022,0.4,0.0133575113769862
E-GEOD-5305-g6_g8,ENSMUSG00000038058,0.4,0.0064263872193028
E-GEOD-5305-g6_g8,ENSMUSG00000038065,0.6,0.0036492099579668
E-GEOD-5305-g6_g8,ENSMUSG00000038074,0.6,0.0029015109428174
E-GEOD-5305-g6_g8,ENSMUSG00000038119,-0.2,0.0884496271802976
E-GEOD-5305-g6_g8,ENSMUSG00000038121,0.3,0.0432396894791422
E-GEOD-5305-g6_g8,ENSMUSG00000038170,0.3,0.037486171445934
E-GEOD-5305-g6_g8,ENSMUSG00000038172,0.2,0.096397858858842
E-GEOD-5305-g6_g8,ENSMUSG00000038178,-0.3,0.0595918146338132
E-GEOD-5305-g6_g8,ENSMUSG00000038193,-0.3,0.0358846942522549
E-GEOD-5305-g6_g8,ENSMUSG00000038205,0.5,0.0036492099579668
E-GEOD-5305-g6_g8,ENSMUSG00000038215,0.4,0.0146519423291805
E-GEOD-5305-g6_g8,ENSMUSG00000038280,0.6,0.0012527052168898
E-GEOD-5305-g6_g8,ENSMUSG00000038291,0.3,0.060592398196858
E-GEOD-5305-g6_g8,ENSMUSG00000038296,0.9,0.0007910844860938
E-GEOD-5305-g6_g8,ENSMUSG00000038372,0.4,0.0148772433674504
E-GEOD-5305-g6_g8,ENSMUSG00000038415,0.4,0.0250004500781091
E-GEOD-5305-g6_g8,ENSMUSG00000038481,0.3,0.0148489491187743
E-GEOD-5305-g6_g8,ENSMUSG00000038593,0.3,0.0465999061741808
E-GEOD-5305-g6_g8,ENSMUSG00000038685,-0.4,0.0133930365446005
E-GEOD-5305-g6_g8,ENSMUSG00000038733,0.2,0.07960749001026
E-GEOD-5305-g6_g8,ENSMUSG00000038780,0.4,0.0353253286901588
E-GEOD-5305-g6_g8,ENSMUSG00000038886,0.3,0.0659310562309101
E-GEOD-5305-g6_g8,ENSMUSG00000038914,0.4,0.0054696309510217
E-GEOD-5305-g6_g8,ENSMUSG00000039114,0.8,0.0024046992123049
E-GEOD-5305-g6_g8,ENSMUSG00000039116,0.4,0.0342590776642324
E-GEOD-5305-g6_g8,ENSMUSG00000039126,0.5,0.026819747966847
E-GEOD-5305-g6_g8,ENSMUSG00000039159,0.6,0.0030472789951059
E-GEOD-5305-g6_g8,ENSMUSG00000039163,0.5,0.0666971777237579
E-GEOD-5305-g6_g8,ENSMUSG00000039179,-0.4,0.083577015133689
E-GEOD-5305-g6_g8,ENSMUSG00000039191,0.3,0.0884862086035511
E-GEOD-5305-g6_g8,ENSMUSG00000039286,0.4,0.0148772433674504
E-GEOD-5305-g6_g8,ENSMUSG00000039318,0.3,0.0940828856201409
E-GEOD-5305-g6_g8,ENSMUSG00000039376,-1.0,0.0002261471451958
E-GEOD-5305-g6_g8,ENSMUSG00000039414,0.3,0.0353633551188244
E-GEOD-5305-g6_g8,ENSMUSG00000039449,0.3,0.0333501632914512
E-GEOD-5305-g6_g8,ENSMUSG00000039477,0.5,0.0100755109356353
E-GEOD-5305-g6_g8,ENSMUSG00000039542,0.3,0.0489203169010826
E-GEOD-5305-g6_g8,ENSMUSG00000039671,0.3,0.0338091357940342
E-GEOD-5305-g6_g8,ENSMUSG00000039747,0.3,0.0456281789181331
E-GEOD-5305-g6_g8,ENSMUSG00000039787,0.5,0.0044185846566693
E-GEOD-5305-g6_g8,ENSMUSG00000039814,0.3,0.0625089219465009
E-GEOD-5305-g6_g8,ENSMUSG00000039831,0.5,0.0064466838596381
E-GEOD-5305-g6_g8,ENSMUSG00000039943,0.5,0.0312632887615374
E-GEOD-5305-g6_g8,ENSMUSG00000039976,0.3,0.0495372615407539
E-GEOD-5305-g6_g8,ENSMUSG00000039982,-0.5,0.0072862268957862
E-GEOD-5305-g6_g8,ENSMUSG00000040037,-0.2,0.0528899485080536
E-GEOD-5305-g6_g8,ENSMUSG00000040124,0.7,0.0029015109428174
E-GEOD-5305-g6_g8,ENSMUSG00000040177,0.3,0.0451338940924815
E-GEOD-5305-g6_g8,ENSMUSG00000040219,0.3,0.0250004500781091
E-GEOD-5305-g6_g8,ENSMUSG00000040274,-0.4,0.011560162690568
E-GEOD-5305-g6_g8,ENSMUSG00000040339,0.6,0.0031869114485417
E-GEOD-5305-g6_g8,ENSMUSG00000040354,-0.5,0.0038712006608851
E-GEOD-5305-g6_g8,ENSMUSG00000040359,0.3,0.0393400297800359
E-GEOD-5305-g6_g8,ENSMUSG00000040410,0.5,0.0032755116379939
E-GEOD-5305-g6_g8,ENSMUSG00000040467,-0.2,0.0970133521230199
E-GEOD-5305-g6_g8,ENSMUSG00000040688,-0.3,0.02507243372269
E-GEOD-5305-g6_g8,ENSMUSG00000040836,0.3,0.0451338940924815
E-GEOD-5305-g6_g8,ENSMUSG00000041096,0.3,0.0312406686607037
E-GEOD-5305-g6_g8,ENSMUSG00000041126,0.5,0.0077544128784065
E-GEOD-5305-g6_g8,ENSMUSG00000041298,0.3,0.0393311263350823
E-GEOD-5305-g6_g8,ENSMUSG00000041308,0.6,0.0252810511208943
E-GEOD-5305-g6_g8,ENSMUSG00000041313,-0.4,0.015691198540871
E-GEOD-5305-g6_g8,ENSMUSG00000041417,0.7,0.0020692734740029
E-GEOD-5305-g6_g8,ENSMUSG00000041488,0.3,0.0315072919249711
E-GEOD-5305-g6_g8,ENSMUSG00000041605,-0.3,0.0260954562044894
E-GEOD-5305-g6_g8,ENSMUSG00000041632,-0.3,0.0310321322047434
E-GEOD-5305-g6_g8,ENSMUSG00000041889,0.3,0.0910025677635334
E-GEOD-5305-g6_g8,ENSMUSG00000041949,-0.3,0.0166202426618328
E-GEOD-5305-g6_g8,ENSMUSG00000041961,0.4,0.0193351568641133
E-GEOD-5305-g6_g8,ENSMUSG00000042035,0.9,0.0022029882211714
E-GEOD-5305-g6_g8,ENSMUSG00000042082,0.6,0.0031869114485417
E-GEOD-5305-g6_g8,ENSMUSG00000042148,-0.3,0.0393311263350823
E-GEOD-5305-g6_g8,ENSMUSG00000042182,0.3,0.0610865693894876
E-GEOD-5305-g6_g8,ENSMUSG00000042202,0.3,0.0916304628276934
E-GEOD-5305-g6_g8,ENSMUSG00000042210,-0.2,0.0897282217389945
E-GEOD-5305-g6_g8,ENSMUSG00000042213,0.4,0.0286462407474419
E-GEOD-5305-g6_g8,ENSMUSG00000042254,0.9,0.00029337736596
E-GEOD-5305-g6_g8,ENSMUSG00000042390,0.2,0.0521304118909775
E-GEOD-5305-g6_g8,ENSMUSG00000042444,0.5,0.0161643020966261
E-GEOD-5305-g6_g8,ENSMUSG00000042572,0.4,0.0053003009040827
E-GEOD-5305-g6_g8,ENSMUSG00000042628,0.4,0.0142244123955842
E-GEOD-5305-g6_g8,ENSMUSG00000042650,0.5,0.0033844053363746
E-GEOD-5305-g6_g8,ENSMUSG00000042680,-0.3,0.0770146601114449
E-GEOD-5305-g6_g8,ENSMUSG00000042700,0.4,0.0107573467905734
E-GEOD-5305-g6_g8,ENSMUSG00000042737,0.3,0.0433076483057877
E-GEOD-5305-g6_g8,ENSMUSG00000042751,-0.3,0.034455230568576
E-GEOD-5305-g6_g8,ENSMUSG00000042997,0.4,0.0140409742735004
E-GEOD-5305-g6_g8,ENSMUSG00000043061,0.4,0.0342590776642324
E-GEOD-5305-g6_g8,ENSMUSG00000043090,0.3,0.0670787580598129
E-GEOD-5305-g6_g8,ENSMUSG00000043155,-0.3,0.0696500734372272
E-GEOD-5305-g6_g8,ENSMUSG00000043190,0.5,0.0038086751657294
E-GEOD-5305-g6_g8,ENSMUSG00000043252,0.8,0.002267212316101
E-GEOD-5305-g6_g8,ENSMUSG00000043336,0.3,0.0622916974372009
E-GEOD-5305-g6_g8,ENSMUSG00000043542,0.3,0.0065232049611748
E-GEOD-5305-g6_g8,ENSMUSG00000043587,0.7,0.0010143942337867
E-GEOD-5305-g6_g8,ENSMUSG00000043639,0.3,0.0252682843553139
E-GEOD-5305-g6_g8,ENSMUSG00000044037,-0.3,0.0166202426618328
E-GEOD-5305-g6_g8,ENSMUSG00000044072,-0.3,0.0447232095737216
E-GEOD-5305-g6_g8,ENSMUSG00000044350,0.4,0.0052722357977424
E-GEOD-5305-g6_g8,ENSMUSG00000044442,0.4,0.0035036211423983
E-GEOD-5305-g6_g8,ENSMUSG00000044600,0.2,0.0650284090083204
E-GEOD-5305-g6_g8,ENSMUSG00000044674,0.4,0.0161643020966261
E-GEOD-5305-g6_g8,ENSMUSG00000044700,-0.3,0.0433076483057877
E-GEOD-5305-g6_g8,ENSMUSG00000044712,0.3,0.0768678550466058
E-GEOD-5305-g6_g8,ENSMUSG00000044716,-0.4,0.0295897186434584
E-GEOD-5305-g6_g8,ENSMUSG00000044730,0.2,0.0934355045304424
E-GEOD-5305-g6_g8,ENSMUSG00000044860,-0.3,0.0321344050201182
E-GEOD-5305-g6_g8,ENSMUSG00000044864,0.5,0.003748626710175
E-GEOD-5305-g6_g8,ENSMUSG00000045005,1.0,0.0001461585102109
E-GEOD-5305-g6_g8,ENSMUSG00000045064,-0.2,0.0453834268828742
E-GEOD-5305-g6_g8,ENSMUSG00000045078,0.2,0.0936486079638731
E-GEOD-5305-g6_g8,ENSMUSG00000045160,0.4,0.0250004500781091
E-GEOD-5305-g6_g8,ENSMUSG00000045165,-0.6,0.0033844053363746
E-GEOD-5305-g6_g8,ENSMUSG00000045246,-0.3,0.0488914471324831
E-GEOD-5305-g6_g8,ENSMUSG00000045257,0.4,0.026483325112766
E-GEOD-5305-g6_g8,ENSMUSG00000045294,0.6,0.0052507290061695
E-GEOD-5305-g6_g8,ENSMUSG00000045312,0.2,0.0521304118909775
E-GEOD-5305-g6_g8,ENSMUSG00000045331,-0.3,0.0573005406577038
E-GEOD-5305-g6_g8,ENSMUSG00000045441,0.7,0.00029337736596
E-GEOD-5305-g6_g8,ENSMUSG00000045519,0.2,0.0869065824964911
E-GEOD-5305-g6_g8,ENSMUSG00000045655,-0.4,0.0065232049611748
E-GEOD-5305-g6_g8,ENSMUSG00000045934,0.5,0.0154460083453342
E-GEOD-5305-g6_g8,ENSMUSG00000045954,0.3,0.0154460083453342
E-GEOD-5305-g6_g8,ENSMUSG00000046096,0.5,0.0115122555872297
E-GEOD-5305-g6_g8,ENSMUSG00000046133,-0.4,0.0276789144174079
E-GEOD-5305-g6_g8,ENSMUSG00000046182,-0.3,0.0279461455978496
E-GEOD-5305-g6_g8,ENSMUSG00000046338,-0.3,0.0103878139216534
E-GEOD-5305-g6_g8,ENSMUSG00000046561,0.7,0.0014109577828238
E-GEOD-5305-g6_g8,ENSMUSG00000046573,0.3,0.0250447892217944
E-GEOD-5305-g6_g8,ENSMUSG00000046694,-0.3,0.0067006947987828
E-GEOD-5305-g6_g8,ENSMUSG00000046733,-0.3,0.0835982746248705
E-GEOD-5305-g6_g8,ENSMUSG00000046743,1.0,0.0004877891798816
E-GEOD-5305-g6_g8,ENSMUSG00000046785,0.4,0.0201598226601823
E-GEOD-5305-g6_g8,ENSMUSG00000046794,0.3,0.0473635921009963
E-GEOD-5305-g6_g8,ENSMUSG00000046807,1.0,0.0020467006666909
E-GEOD-5305-g6_g8,ENSMUSG00000046818,0.2,0.0777505305492708
E-GEOD-5305-g6_g8,ENSMUSG00000046985,0.4,0.0175402979342006
E-GEOD-5305-g6_g8,ENSMUSG00000047033,0.3,0.0443135621482702
E-GEOD-5305-g6_g8,ENSMUSG00000047037,0.4,0.0093920859244674
E-GEOD-5305-g6_g8,ENSMUSG00000047324,-0.3,0.0567839929072479
E-GEOD-5305-g6_g8,ENSMUSG00000047606,-0.3,0.0326033326228335
E-GEOD-5305-g6_g8,ENSMUSG00000047617,0.3,0.0228396042015039
E-GEOD-5305-g6_g8,ENSMUSG00000047686,0.3,0.0107573467905734
E-GEOD-5305-g6_g8,ENSMUSG00000047694,0.5,0.003788490989467
E-GEOD-5305-g6_g8,ENSMUSG00000047767,0.2,0.068304928483621
E-GEOD-5305-g6_g8,ENSMUSG00000047909,0.2,0.0632455933178157
E-GEOD-5305-g6_g8,ENSMUSG00000047921,0.3,0.0424859781409883
E-GEOD-5305-g6_g8,ENSMUSG00000048058,0.3,0.0922416888752745
E-GEOD-5305-g6_g8,ENSMUSG00000048154,0.4,0.06570977715505
E-GEOD-5305-g6_g8,ENSMUSG00000048264,0.5,0.0119000217796699
E-GEOD-5305-g6_g8,ENSMUSG00000048332,0.9,0.0009250646130007
E-GEOD-5305-g6_g8,ENSMUSG00000048573,0.4,0.0056644922414833
E-GEOD-5305-g6_g8,ENSMUSG00000048581,0.3,0.0387103428515392
E-GEOD-5305-g6_g8,ENSMUSG00000048661,0.3,0.0847721281560572
E-GEOD-5305-g6_g8,ENSMUSG00000048706,0.6,0.0038903866358314
E-GEOD-5305-g6_g8,ENSMUSG00000048911,0.4,0.031565234084954
E-GEOD-5305-g6_g8,ENSMUSG00000048915,0.6,0.0029524627412351
E-GEOD-5305-g6_g8,ENSMUSG00000048965,0.3,0.0433076483057877
E-GEOD-5305-g6_g8,ENSMUSG00000049232,0.6,0.0028615679227411
E-GEOD-5305-g6_g8,ENSMUSG00000049288,0.5,0.0072862268957862
E-GEOD-5305-g6_g8,ENSMUSG00000049526,0.4,0.0032948209860435
E-GEOD-5305-g6_g8,ENSMUSG00000049624,0.4,0.0052858590149347
E-GEOD-5305-g6_g8,ENSMUSG00000049866,-0.2,0.0957769811969974
E-GEOD-5305-g6_g8,ENSMUSG00000049882,-0.3,0.0418131342872097
E-GEOD-5305-g6_g8,ENSMUSG00000050199,0.8,0.005223937315955
E-GEOD-5305-g6_g8,ENSMUSG00000050212,0.4,0.0209177576257998
E-GEOD-5305-g6_g8,ENSMUSG00000050271,-0.4,0.006798706545413
E-GEOD-5305-g6_g8,ENSMUSG00000050315,1.1,0.0004877891798816
E-GEOD-5305-g6_g8,ENSMUSG00000050379,-0.3,0.0651887646063552
E-GEOD-5305-g6_g8,ENSMUSG00000050447,-0.3,0.034455230568576
E-GEOD-5305-g6_g8,ENSMUSG00000050538,0.3,0.0632307164721115
E-GEOD-5305-g6_g8,ENSMUSG00000050891,0.4,0.0045843290692917
E-GEOD-5305-g6_g8,ENSMUSG00000050965,0.2,0.0477120128939634
E-GEOD-5305-g6_g8,ENSMUSG00000050973,0.3,0.0250591028922397
E-GEOD-5305-g6_g8,ENSMUSG00000051048,0.9,0.0003319737227402
E-GEOD-5305-g6_g8,ENSMUSG00000051154,1.0,0.0020444210063914
E-GEOD-5305-g6_g8,ENSMUSG00000051236,0.9,0.0003778320073044
E-GEOD-5305-g6_g8,ENSMUSG00000051335,-0.5,0.0012153601135222
E-GEOD-5305-g6_g8,ENSMUSG00000051359,-0.2,0.0557993431693765
E-GEOD-5305-g6_g8,ENSMUSG00000051451,0.6,0.000574295913672
E-GEOD-5305-g6_g8,ENSMUSG00000051518,-0.3,0.023415679681861
E-GEOD-5305-g6_g8,ENSMUSG00000051736,0.5,0.0121783279726096
E-GEOD-5305-g6_g8,ENSMUSG00000051950,0.4,0.0304401832932093
E-GEOD-5305-g6_g8,ENSMUSG00000052033,0.3,0.0431431598306035
E-GEOD-5305-g6_g8,ENSMUSG00000052214,-0.3,0.0463831612836278
E-GEOD-5305-g6_g8,ENSMUSG00000052241,0.3,0.0754824805731053
E-GEOD-5305-g6_g8,ENSMUSG00000052534,0.3,0.0223801902336548
E-GEOD-5305-g6_g8,ENSMUSG00000052560,0.4,0.0250004500781091
E-GEOD-5305-g6_g8,ENSMUSG00000052921,-0.2,0.0670787580598129
E-GEOD-5305-g6_g8,ENSMUSG00000052926,-0.4,0.0038151062003539
E-GEOD-5305-g6_g8,ENSMUSG00000052942,0.4,0.0650633931600693
E-GEOD-5305-g6_g8,ENSMUSG00000053070,0.3,0.023104156407716
E-GEOD-5305-g6_g8,ENSMUSG00000053580,0.4,0.0178879624352972
E-GEOD-5305-g6_g8,ENSMUSG00000053675,0.5,0.0029015109428174
E-GEOD-5305-g6_g8,ENSMUSG00000053774,0.4,0.0193351568641133
E-GEOD-5305-g6_g8,ENSMUSG00000054000,0.4,0.0025202910936823
E-GEOD-5305-g6_g8,ENSMUSG00000054150,-0.6,0.0013777368322037
E-GEOD-5305-g6_g8,ENSMUSG00000054196,0.9,0.0003415874396424
E-GEOD-5305-g6_g8,ENSMUSG00000054404,-0.2,0.0910025677635334
E-GEOD-5305-g6_g8,ENSMUSG00000054604,-0.3,0.0393311263350823
E-GEOD-5305-g6_g8,ENSMUSG00000054720,-0.2,0.0884496271802976
E-GEOD-5305-g6_g8,ENSMUSG00000054836,-0.4,0.0157600528828096
E-GEOD-5305-g6_g8,ENSMUSG00000054843,0.6,0.0047651365093586
E-GEOD-5305-g6_g8,ENSMUSG00000054855,-0.3,0.0135080759755964
E-GEOD-5305-g6_g8,ENSMUSG00000055013,-0.3,0.0487195096227019
E-GEOD-5305-g6_g8,ENSMUSG00000055204,0.4,0.0230835921607369
E-GEOD-5305-g6_g8,ENSMUSG00000055271,-0.3,0.0261485792550801
E-GEOD-5305-g6_g8,ENSMUSG00000055371,0.2,0.0405151220681942
E-GEOD-5305-g6_g8,ENSMUSG00000055435,0.4,0.0431431598306035
E-GEOD-5305-g6_g8,ENSMUSG00000055917,-0.3,0.0054646041045314
E-GEOD-5305-g6_g8,ENSMUSG00000055943,0.2,0.0955436664447644
E-GEOD-5305-g6_g8,ENSMUSG00000055945,-0.3,0.0558200349403639
E-GEOD-5305-g6_g8,ENSMUSG00000055963,0.2,0.0576062066017268
E-GEOD-5305-g6_g8,ENSMUSG00000056050,0.3,0.0259686758269132
E-GEOD-5305-g6_g8,ENSMUSG00000056131,0.5,0.0057878845336153
E-GEOD-5305-g6_g8,ENSMUSG00000056174,2.0,0.0002088528385743
E-GEOD-5305-g6_g8,ENSMUSG00000056228,-0.4,0.0090600977146566
E-GEOD-5305-g6_g8,ENSMUSG00000056270,0.5,0.0109067582322165
E-GEOD-5305-g6_g8,ENSMUSG00000056367,0.3,0.0383440203396783
E-GEOD-5305-g6_g8,ENSMUSG00000056596,1.1,0.0012527052168898
E-GEOD-5305-g6_g8,ENSMUSG00000056671,0.8,0.0003878873984549
E-GEOD-5305-g6_g8,ENSMUSG00000056698,0.2,0.092667036449818
E-GEOD-5305-g6_g8,ENSMUSG00000056832,0.5,0.0044996498356558
E-GEOD-5305-g6_g8,ENSMUSG00000056870,0.8,0.0003415874396424
E-GEOD-5305-g6_g8,ENSMUSG00000057240,-0.4,0.0077121267048914
E-GEOD-5305-g6_g8,ENSMUSG00000057649,0.3,0.0896573015532707
E-GEOD-5305-g6_g8,ENSMUSG00000057719,0.3,0.0770146601114449
E-GEOD-5305-g6_g8,ENSMUSG00000057751,0.5,0.003788490989467
E-GEOD-5305-g6_g8,ENSMUSG00000057778,-0.3,0.0311974574316747
E-GEOD-5305-g6_g8,ENSMUSG00000058056,0.8,0.0093920859244674
E-GEOD-5305-g6_g8,ENSMUSG00000058240,0.4,0.0026539788571065
E-GEOD-5305-g6_g8,ENSMUSG00000058290,-0.2,0.0849651227099185
E-GEOD-5305-g6_g8,ENSMUSG00000058351,0.6,0.0036492099579668
E-GEOD-5305-g6_g8,ENSMUSG00000058571,0.8,0.0003415874396424
E-GEOD-5305-g6_g8,ENSMUSG00000058881,0.3,0.0742911412535621
E-GEOD-5305-g6_g8,ENSMUSG00000059142,0.3,0.0221937169994738
E-GEOD-5305-g6_g8,ENSMUSG00000059182,0.4,0.0219065050507132
E-GEOD-5305-g6_g8,ENSMUSG00000059695,0.2,0.0627924871444937
E-GEOD-5305-g6_g8,ENSMUSG00000060275,-0.2,0.0433076483057877
E-GEOD-5305-g6_g8,ENSMUSG00000060657,0.5,0.0033844053363746
E-GEOD-5305-g6_g8,ENSMUSG00000060675,0.5,0.0067785121918372
E-GEOD-5305-g6_g8,ENSMUSG00000060950,-0.3,0.0783545995259215
E-GEOD-5305-g6_g8,ENSMUSG00000061046,0.5,0.0052722357977424
E-GEOD-5305-g6_g8,ENSMUSG00000061175,0.5,0.0234490691932528
E-GEOD-5305-g6_g8,ENSMUSG00000061758,0.4,0.0080896427304466
E-GEOD-5305-g6_g8,ENSMUSG00000061898,0.4,0.0280837435975267
E-GEOD-5305-g6_g8,ENSMUSG00000062054,0.4,0.0175293814035885
E-GEOD-5305-g6_g8,ENSMUSG00000062078,0.4,0.020733179260769
E-GEOD-5305-g6_g8,ENSMUSG00000062175,-0.2,0.0952977378272567
E-GEOD-5305-g6_g8,ENSMUSG00000062232,0.4,0.0622283640712966
E-GEOD-5305-g6_g8,ENSMUSG00000062526,0.4,0.0179058002431544
E-GEOD-5305-g6_g8,ENSMUSG00000062929,0.2,0.0897436776344373
E-GEOD-5305-g6_g8,ENSMUSG00000062944,0.3,0.0821178665574379
E-GEOD-5305-g6_g8,ENSMUSG00000063506,-0.6,0.0020444210063914
E-GEOD-5305-g6_g8,ENSMUSG00000063529,-0.3,0.0517096009457186
E-GEOD-5305-g6_g8,ENSMUSG00000063605,0.4,0.0104532331474903
E-GEOD-5305-g6_g8,ENSMUSG00000063632,-0.6,0.0031869114485417
E-GEOD-5305-g6_g8,ENSMUSG00000063651,-0.2,0.0924730579240674
E-GEOD-5305-g6_g8,ENSMUSG00000063882,0.6,0.0032755116379939
E-GEOD-5305-g6_g8,ENSMUSG00000064138,0.4,0.0269985692966934
E-GEOD-5305-g6_g8,ENSMUSG00000064215,0.6,0.0028519817746038
E-GEOD-5305-g6_g8,ENSMUSG00000064325,-0.3,0.0250004500781091
E-GEOD-5305-g6_g8,ENSMUSG00000065126,0.8,0.0044185846566693
E-GEOD-5305-g6_g8,ENSMUSG00000065954,0.6,0.0057421456794773
E-GEOD-5305-g6_g8,ENSMUSG00000066043,-0.3,0.0282956930598973
E-GEOD-5305-g6_g8,ENSMUSG00000066151,0.4,0.0250004500781091
E-GEOD-5305-g6_g8,ENSMUSG00000066406,0.4,0.0398617035401347
E-GEOD-5305-g6_g8,ENSMUSG00000067369,0.5,0.0165815981418446
E-GEOD-5305-g6_g8,ENSMUSG00000067577,-0.2,0.0976590677786439
E-GEOD-5305-g6_g8,ENSMUSG00000068250,0.7,0.0013777368322037
E-GEOD-5305-g6_g8,ENSMUSG00000068732,0.7,0.0151480673616356
E-GEOD-5305-g6_g8,ENSMUSG00000068923,0.3,0.0586201487914059
E-GEOD-5305-g6_g8,ENSMUSG00000069895,0.3,0.0508260861321048
E-GEOD-5305-g6_g8,ENSMUSG00000069911,-0.2,0.045496693689137
E-GEOD-5305-g6_g8,ENSMUSG00000070044,0.4,0.0119178555683718
E-GEOD-5305-g6_g8,ENSMUSG00000070047,1.0,0.000574295913672
E-GEOD-5305-g6_g8,ENSMUSG00000070394,0.4,0.0151873915907507
E-GEOD-5305-g6_g8,ENSMUSG00000070469,0.9,0.000346310412225
E-GEOD-5305-g6_g8,ENSMUSG00000070509,0.4,0.0109067582322165
E-GEOD-5305-g6_g8,ENSMUSG00000070576,0.4,0.008080943236058
E-GEOD-5305-g6_g8,ENSMUSG00000070691,-0.4,0.0345944620944098
E-GEOD-5305-g6_g8,ENSMUSG00000070867,0.7,0.0024437025062249
E-GEOD-5305-g6_g8,ENSMUSG00000070972,0.3,0.0503566597171534
E-GEOD-5305-g6_g8,ENSMUSG00000071253,0.4,0.0487195096227019
E-GEOD-5305-g6_g8,ENSMUSG00000071471,-0.3,0.0545793570893503
E-GEOD-5305-g6_g8,ENSMUSG00000071713,0.5,0.0072862268957862
E-GEOD-5305-g6_g8,ENSMUSG00000072115,-0.2,0.0754613658821961
E-GEOD-5305-g6_g8,ENSMUSG00000072494,-0.2,0.0970133521230199
E-GEOD-5305-g6_g8,ENSMUSG00000072572,-0.3,0.0309959882835542
E-GEOD-5305-g6_g8,ENSMUSG00000072623,0.4,0.017987538969393
E-GEOD-5305-g6_g8,ENSMUSG00000072825,0.2,0.0896573015532707
E-GEOD-5305-g6_g8,ENSMUSG00000072847,0.3,0.0308141803847425
E-GEOD-5305-g6_g8,ENSMUSG00000072974,-0.2,0.0955436664447644
E-GEOD-5305-g6_g8,ENSMUSG00000072980,0.3,0.0119840517049671
E-GEOD-5305-g6_g8,ENSMUSG00000073608,-0.3,0.0684107957169322
E-GEOD-5305-g6_g8,ENSMUSG00000073643,0.5,0.0151898681444609
E-GEOD-5305-g6_g8,ENSMUSG00000074001,-0.5,0.0012527052168898
E-GEOD-5305-g6_g8,ENSMUSG00000074212,0.4,0.0035036211423983
E-GEOD-5305-g6_g8,ENSMUSG00000074269,-0.3,0.03579052754473
E-GEOD-5305-g6_g8,ENSMUSG00000074305,0.3,0.0375714065246795
E-GEOD-5305-g6_g8,ENSMUSG00000074364,0.3,0.0162033724310998
E-GEOD-5305-g6_g8,ENSMUSG00000074415,-0.2,0.0564530861783605
E-GEOD-5305-g6_g8,ENSMUSG00000074579,0.2,0.0930150827526067
E-GEOD-5305-g6_g8,ENSMUSG00000074715,-0.3,0.0490240180602967
E-GEOD-5305-g6_g8,ENSMUSG00000074749,0.4,0.0398617035401347
E-GEOD-5305-g6_g8,ENSMUSG00000074764,-0.3,0.0201598226601823
E-GEOD-5305-g6_g8,ENSMUSG00000074829,0.4,0.0210757460366411
E-GEOD-5305-g6_g8,ENSMUSG00000074886,-0.7,0.0013777368322037
E-GEOD-5305-g6_g8,ENSMUSG00000076469,0.3,0.0147385494580954
E-GEOD-5305-g6_g8,ENSMUSG00000078784,0.3,0.0875071078200215
E-GEOD-5305-g6_g8,ENSMUSG00000079737,0.3,0.035596212428709
E-GEOD-5305-g6_g8,ENSMUSG00000081793,-0.3,0.0500145291171019
E-GEOD-5305-g6_g8,ENSMUSG00000084909,-0.3,0.0295228223443536
E-GEOD-5305-g6_g8,ENSMUSG00000084925,0.3,0.021574011834831
E-GEOD-5305-g6_g8,ENSMUSG00000084957,0.7,0.0024437025062249
E-GEOD-5305-g6_g8,ENSMUSG00000085148,0.7,0.0032755116379939
E-GEOD-5305-g6_g8,ENSMUSG00000085396,0.6,0.0013821710668964
E-GEOD-5305-g6_g8,ENSMUSG00000085457,0.5,0.0237831206231562
E-GEOD-5305-g6_g8,ENSMUSG00000085793,0.3,0.056022895291474
E-GEOD-5305-g6_g8,ENSMUSG00000086290,0.6,0.0067785121918372
E-GEOD-5305-g6_g8,ENSMUSG00000086316,0.9,0.0003497294100586
E-GEOD-5305-g6_g8,ENSMUSG00000086359,-0.3,0.0626335066743193
E-GEOD-5305-g6_g8,ENSMUSG00000086695,-0.3,0.0495372615407539
E-GEOD-5305-g6_g8,ENSMUSG00000086827,0.3,0.0250004500781091
E-GEOD-5305-g6_g8,ENSMUSG00000086894,0.3,0.0585062715674598
E-GEOD-5305-g6_g8,ENSMUSG00000086968,0.3,0.057441482969242
E-GEOD-5305-g6_g8,ENSMUSG00000087141,-0.3,0.0528227910589879
E-GEOD-5305-g6_g8,ENSMUSG00000087174,0.4,0.0184963664541319
E-GEOD-5305-g6_g8,ENSMUSG00000087461,-0.2,0.07746644642331
E-GEOD-5305-g6_g8,ENSMUSG00000087613,-0.3,0.0673225027024709
E-GEOD-5305-g6_g8,ENSMUSG00000087626,0.4,0.0047651365093586
E-GEOD-5305-g6_g8,ENSMUSG00000089726,0.3,0.0627924871444937
E-GEOD-5305-g6_g8,ENSMUSG00000090203,-0.2,0.07960749001026
E-GEOD-5305-g6_g8,ENSMUSG00000091243,0.8,0.0049325584798765
E-GEOD-5305-g6_g8,ENSMUSG00000093577,0.3,0.0910025677635334
E-GEOD-5305-g6_g8,ENSMUSG00000093904,0.3,0.0626335066743193
E-GEOD-5305-g6_g8,ENSMUSG00000094483,-0.3,0.0525206229346059
E-GEOD-5305-g6_g8,ENSMUSG00000096981,0.3,0.0144768136563475
E-GEOD-5305-g6_g8,ENSMUSG00000097048,0.7,0.0013821710668964
E-GEOD-5305-g6_g8,ENSMUSG00000097204,0.3,0.0151480673616356
E-GEOD-5305-g6_g8,ENSMUSG00000097318,0.2,0.0876868311464667
E-GEOD-5305-g6_g8,ENSMUSG00000097772,0.3,0.0433076483057877
E-GEOD-5305-g6_g8,ENSMUSG00000097779,-0.2,0.072527753871648
E-GEOD-5305-g6_g8,ENSMUSG00000097789,0.4,0.0318962457172361
E-GEOD-5305-g6_g8,ENSMUSG00000098318,0.3,0.0375489065595264
E-GEOD-5305-g6_g8,ENSMUSG00000098332,0.5,0.0040939761621365
E-GEOD-5305-g6_g8,ENSMUSG00000098419,0.2,0.0727722615123669
E-GEOD-5305-g6_g8,ENSMUSG00000098758,-0.3,0.0476273389931741
E-GEOD-5305-g6_g8,ENSMUSG00000099170,-0.3,0.0521304118909775
E-GEOD-5305-g6_g8,ENSMUSG00000099681,0.3,0.0264973285680743
E-GEOD-5305-g6_g8,ENSMUSG00000100014,-0.3,0.0340980887489671
E-GEOD-5305-g6_g8,ENSMUSG00000100518,-0.3,0.0443135621482702
E-GEOD-5305-g6_g8,ENSMUSG00000100850,-0.3,0.08999444634609
E-GEOD-5305-g6_g8,ENSMUSG00000101153,-0.2,0.0823055039775542
E-GEOD-5305-g6_g8,ENSMUSG00000101791,-0.3,0.0227896000740665
E-GEOD-5305-g6_g8,ENSMUSG00000101912,-0.2,0.0575102941986902
E-GEOD-5305-g6_g8,ENSMUSG00000101970,0.4,0.0232230458804446
E-GEOD-5305-g6_g8,ENSMUSG00000102344,-0.3,0.0295897186434584
E-GEOD-5305-g6_g8,ENSMUSG00000102408,-0.3,0.0260143999017813
E-GEOD-5305-g6_g8,ENSMUSG00000102887,-0.2,0.0860648797701069
E-GEOD-5305-g6_g8,ENSMUSG00000103006,-0.3,0.0207210330506435
E-GEOD-5305-g6_g8,ENSMUSG00000103259,-0.2,0.0803797093903203
E-GEOD-5305-g6_g8,ENSMUSG00000104703,0.2,0.0970133521230199
E-GEOD-5305-g6_g8,ENSMUSG00000104943,-0.2,0.0970133521230199
E-GEOD-5305-g6_g8,ENSMUSG00000105459,-0.4,0.014064342876344
E-GEOD-5305-g6_g8,ENSMUSG00000106594,-0.2,0.0872768733421171
E-GEOD-5305-g6_g8,ENSMUSG00000107284,-0.3,0.045570718979123
E-GEOD-5305-g6_g8,ENSMUSG00000107375,-0.3,0.0353253286901588
E-GEOD-5305-g6_g8,ENSMUSG00000107476,0.2,0.0943195023946604
E-GEOD-5305-g6_g8,ENSMUSG00000108645,-0.3,0.0468614707541085
E-GEOD-5305-g6_g8,ENSMUSG00000108701,-0.3,0.06570977715505
E-GEOD-5305-g6_g8,ENSMUSG00000109242,-0.2,0.0872824311196413
E-GEOD-5305-g6_g8,ENSMUSG00000109438,-0.3,0.024108283943392
E-GEOD-5305-g6_g8,ENSMUSG00000109511,-0.4,0.0069533517573554
E-GEOD-5305-g6_g8,ENSMUSG00000111278,-0.3,0.0847721281560572
E-GEOD-5305-g6_g8,ENSMUSG00000111345,0.3,0.0437084485753318
E-GEOD-5305-g6_g8,ENSMUSG00000111977,0.3,0.0575102941986902
E-GEOD-5305-g6_g8,ENSMUSG00000112347,-0.3,0.0500145291171019
E-GEOD-5305-g6_g8,ENSMUSG00000112922,-0.3,0.0433076483057877
E-GEOD-5305-g6_g8,ENSMUSG00000112980,0.5,0.003788490989467
E-GEOD-5305-g6_g8,ENSMUSG00000113302,0.3,0.0236662547304059
E-GEOD-5305-g6_g8,ENSMUSG00000113427,-0.3,0.0113719938101459
E-GEOD-5305-g6_g8,ENSMUSG00000113960,-0.3,0.0780382727206954
E-GEOD-5305-g6_g8,ENSMUSG00000114746,-0.3,0.0349064289157345
E-GEOD-5305-g6_g8,ENSMUSG00000115924,-0.3,0.0353253286901588
E-GEOD-5305-g6_g8,ENSMUSG00000116975,-0.3,0.0438565523862257
E-GEOD-5305-g6_g8,ENSMUSG00000117026,0.3,0.0260787641543063
E-GEOD-5305-g6_g8,ENSMUSG00000117786,0.3,0.0398617035401347
E-GEOD-5305-g6_g8,ENSMUSG00000118365,0.4,0.0300350836402112
