identifier,symbol,name,organism,taxonomy
ENSMUSG00000000001,Gnai3,,Mus musculus,10090
ENSMUSG00000000003,Pbsn,,Mus musculus,10090
ENSMUSG00000000028,Cdc45,,Mus musculus,10090
ENSMUSG00000000031,H19,,Mus musculus,10090
ENSMUSG00000000037,Scml2,,Mus musculus,10090
ENSMUSG00000000049,Apoh,,Mus musculus,10090
ENSMUSG00000000056,Narf,,Mus musculus,10090
ENSMUSG00000000058,Cav2,,Mus musculus,10090
ENSMUSG00000000078,Klf6,,Mus musculus,10090
ENSMUSG00000000085,Scmh1,,Mus musculus,10090
ENSMUSG00000000088,Cox5a,,Mus musculus,10090
ENSMUSG00000000093,Tbx2,,Mus musculus,10090
ENSMUSG00000000094,Tbx4,,Mus musculus,10090
ENSMUSG00000000103,Zfy2,,Mus musculus,10090
ENSMUSG00000000120,Ngfr,,Mus musculus,10090
ENSMUSG00000000125,Wnt3,,Mus musculus,10090
ENSMUSG00000000126,Wnt9a,,Mus musculus,10090
ENSMUSG00000000127,Fer,,Mus musculus,10090
ENSMUSG00000000131,Xpo6,,Mus musculus,10090
ENSMUSG00000000142,Axin2,,Mus musculus,10090
ENSMUSG00000000148,Brat1,,Mus musculus,10090
ENSMUSG00000000149,Gna12,,Mus musculus,10090
ENSMUSG00000000154,Slc22a18,,Mus musculus,10090
ENSMUSG00000000157,Itgb2l,,Mus musculus,10090
ENSMUSG00000000159,Igsf5,,Mus musculus,10090
ENSMUSG00000000168,Dlat,,Mus musculus,10090
ENSMUSG00000000171,Sdhd,,Mus musculus,10090
ENSMUSG00000000182,Fgf23,,Mus musculus,10090
ENSMUSG00000000183,Fgf6,,Mus musculus,10090
ENSMUSG00000000184,Ccnd2,,Mus musculus,10090
ENSMUSG00000000202,Btbd17,,Mus musculus,10090
ENSMUSG00000000204,Slfn4,,Mus musculus,10090
ENSMUSG00000000214,Th,,Mus musculus,10090
ENSMUSG00000000215,Ins2,,Mus musculus,10090
ENSMUSG00000000216,Scnn1g,,Mus musculus,10090
ENSMUSG00000000244,Tspan32,,Mus musculus,10090
ENSMUSG00000000247,Lhx2,,Mus musculus,10090
ENSMUSG00000000248,Clec2g,,Mus musculus,10090
ENSMUSG00000000253,Gmpr,,Mus musculus,10090
ENSMUSG00000000263,Glra1,,Mus musculus,10090
ENSMUSG00000000266,Mid2,,Mus musculus,10090
ENSMUSG00000000275,Trim25,,Mus musculus,10090
ENSMUSG00000000276,Dgke,,Mus musculus,10090
ENSMUSG00000000278,Scpep1,,Mus musculus,10090
ENSMUSG00000000282,Mnt,,Mus musculus,10090
ENSMUSG00000000290,Itgb2,,Mus musculus,10090
ENSMUSG00000000295,Hddc2,,Mus musculus,10090
ENSMUSG00000000296,Tpd52l1,,Mus musculus,10090
ENSMUSG00000000301,Pemt,,Mus musculus,10090
ENSMUSG00000000303,Cdh1,,Mus musculus,10090
ENSMUSG00000000305,Cdh4,,Mus musculus,10090
ENSMUSG00000000308,Ckmt1,,Mus musculus,10090
ENSMUSG00000000317,Bcl6b,,Mus musculus,10090
ENSMUSG00000000318,Clec10a,,Mus musculus,10090
ENSMUSG00000000320,Alox12,,Mus musculus,10090
ENSMUSG00000000325,Arvcf,,Mus musculus,10090
ENSMUSG00000000326,Comt,,Mus musculus,10090
ENSMUSG00000000339,Rtca,,Mus musculus,10090
ENSMUSG00000000340,Dbt,,Mus musculus,10090
ENSMUSG00000000346,Dazap2,,Mus musculus,10090
ENSMUSG00000000355,Mcts1,,Mus musculus,10090
ENSMUSG00000000359,Rem1,,Mus musculus,10090
ENSMUSG00000000365,Rnf17,,Mus musculus,10090
ENSMUSG00000000374,Trappc10,,Mus musculus,10090
ENSMUSG00000000378,Ccm2,,Mus musculus,10090
ENSMUSG00000000381,Wap,,Mus musculus,10090
ENSMUSG00000000384,Tbrg4,,Mus musculus,10090
ENSMUSG00000000385,Tmprss2,,Mus musculus,10090
ENSMUSG00000000386,Mx1,,Mus musculus,10090
ENSMUSG00000000392,Fap,,Mus musculus,10090
ENSMUSG00000000394,Gcg,,Mus musculus,10090
ENSMUSG00000000399,Ndufa9,,Mus musculus,10090
ENSMUSG00000000402,Egfl6,,Mus musculus,10090
ENSMUSG00000000409,Lck,,Mus musculus,10090
ENSMUSG00000000411,Tssk3,,Mus musculus,10090
ENSMUSG00000000420,Galnt1,,Mus musculus,10090
ENSMUSG00000000435,Myf5,,Mus musculus,10090
ENSMUSG00000000439,Mkrn2,,Mus musculus,10090
ENSMUSG00000000440,Pparg,,Mus musculus,10090
ENSMUSG00000000441,Raf1,,Mus musculus,10090
ENSMUSG00000000486,Sept1,,Mus musculus,10090
ENSMUSG00000000489,Pdgfb,,Mus musculus,10090
ENSMUSG00000000530,Acvrl1,,Mus musculus,10090
ENSMUSG00000000531,Grasp,,Mus musculus,10090
ENSMUSG00000000532,Acvr1b,,Mus musculus,10090
ENSMUSG00000000538,Tom1l2,,Mus musculus,10090
ENSMUSG00000000544,Gpa33,,Mus musculus,10090
ENSMUSG00000000552,Zfp385a,,Mus musculus,10090
ENSMUSG00000000555,Itga5,,Mus musculus,10090
ENSMUSG00000000560,Gabra2,,Mus musculus,10090
ENSMUSG00000000561,Wdr77,,Mus musculus,10090
ENSMUSG00000000563,Atp5pb,,Mus musculus,10090
ENSMUSG00000000567,Sox9,,Mus musculus,10090
ENSMUSG00000000568,Hnrnpd,,Mus musculus,10090
ENSMUSG00000000581,C1d,,Mus musculus,10090
ENSMUSG00000000594,Gm2a,,Mus musculus,10090
ENSMUSG00000000600,Krit1,,Mus musculus,10090
ENSMUSG00000000605,Clcn4,,Mus musculus,10090
ENSMUSG00000000606,Vmn2r88,,Mus musculus,10090
ENSMUSG00000000627,Sema4f,,Mus musculus,10090
ENSMUSG00000000628,Hk2,,Mus musculus,10090
ENSMUSG00000000631,Myo18a,,Mus musculus,10090
ENSMUSG00000000632,Sez6,,Mus musculus,10090
ENSMUSG00000000673,Haao,,Mus musculus,10090
ENSMUSG00000000682,Cd52,,Mus musculus,10090
ENSMUSG00000000690,Hoxb6,,Mus musculus,10090
ENSMUSG00000000693,Loxl3,,Mus musculus,10090
ENSMUSG00000000706,Btn1a1,,Mus musculus,10090
ENSMUSG00000000708,Kat2b,,Mus musculus,10090
ENSMUSG00000000724,Cryba1,,Mus musculus,10090
ENSMUSG00000000730,Dnmt3l,,Mus musculus,10090
ENSMUSG00000000731,Aire,,Mus musculus,10090
ENSMUSG00000000732,Icosl,,Mus musculus,10090
ENSMUSG00000000738,Spg7,,Mus musculus,10090
ENSMUSG00000000739,Sult5a1,,Mus musculus,10090
ENSMUSG00000000743,Chmp1a,,Mus musculus,10090
ENSMUSG00000000751,Rpa1,,Mus musculus,10090
ENSMUSG00000000753,Serpinf1,,Mus musculus,10090
ENSMUSG00000000759,Tubgcp3,,Mus musculus,10090
ENSMUSG00000000766,Oprm1,,Mus musculus,10090
ENSMUSG00000000776,Polr3d,,Mus musculus,10090
ENSMUSG00000000782,Tcf7,,Mus musculus,10090
ENSMUSG00000000787,Ddx3x,,Mus musculus,10090
ENSMUSG00000000791,Il12rb1,,Mus musculus,10090
ENSMUSG00000000792,Slc5a5,,Mus musculus,10090
ENSMUSG00000000794,Kcnn3,,Mus musculus,10090
ENSMUSG00000000805,Car4,,Mus musculus,10090
ENSMUSG00000000811,Txnrd3,,Mus musculus,10090
ENSMUSG00000000817,Fasl,,Mus musculus,10090
ENSMUSG00000000826,Dnajc5,,Mus musculus,10090
ENSMUSG00000000827,Tpd52l2,,Mus musculus,10090
ENSMUSG00000000838,Fmr1,,Mus musculus,10090
ENSMUSG00000000861,Bcl11a,,Mus musculus,10090
ENSMUSG00000000869,Il4,,Mus musculus,10090
ENSMUSG00000000876,Pxmp4,,Mus musculus,10090
ENSMUSG00000000881,Dlg3,,Mus musculus,10090
ENSMUSG00000000884,Gnb1l,,Mus musculus,10090
ENSMUSG00000000889,Dbh,,Mus musculus,10090
ENSMUSG00000000901,Mmp11,,Mus musculus,10090
ENSMUSG00000000902,Smarcb1,,Mus musculus,10090
ENSMUSG00000000903,Vpreb3,,Mus musculus,10090
ENSMUSG00000000915,Hip1r,,Mus musculus,10090
ENSMUSG00000000916,Nsun5,,Mus musculus,10090
ENSMUSG00000000934,Top1mt,,Mus musculus,10090
ENSMUSG00000000938,Hoxa10,,Mus musculus,10090
ENSMUSG00000000942,Hoxa4,,Mus musculus,10090
ENSMUSG00000000957,Mmp14,,Mus musculus,10090
ENSMUSG00000000958,Slc7a7,,Mus musculus,10090
ENSMUSG00000000959,Oxa1l,,Mus musculus,10090
ENSMUSG00000000976,Heatr6,,Mus musculus,10090
ENSMUSG00000000982,Ccl3,,Mus musculus,10090
ENSMUSG00000000983,Wfdc18,,Mus musculus,10090
ENSMUSG00000001014,Icam4,,Mus musculus,10090
ENSMUSG00000001016,Ilf2,,Mus musculus,10090
ENSMUSG00000001017,Chtop,,Mus musculus,10090
ENSMUSG00000001018,Snapin,,Mus musculus,10090
ENSMUSG00000001021,S100a3,,Mus musculus,10090
ENSMUSG00000001023,S100a5,,Mus musculus,10090
ENSMUSG00000001025,S100a6,,Mus musculus,10090
ENSMUSG00000001027,Scn4a,,Mus musculus,10090
ENSMUSG00000001029,Icam2,,Mus musculus,10090
ENSMUSG00000001034,Mapk7,,Mus musculus,10090
ENSMUSG00000001036,Epn2,,Mus musculus,10090
ENSMUSG00000001039,B9d1,,Mus musculus,10090
ENSMUSG00000001052,Sec24b,,Mus musculus,10090
ENSMUSG00000001053,N4bp3,,Mus musculus,10090
ENSMUSG00000001054,Rmnd5b,,Mus musculus,10090
ENSMUSG00000001056,Nhp2,,Mus musculus,10090
ENSMUSG00000001062,Vps9d1,,Mus musculus,10090
ENSMUSG00000001065,Zfp276,,Mus musculus,10090
ENSMUSG00000001082,Mfsd10,,Mus musculus,10090
ENSMUSG00000001089,Luzp1,,Mus musculus,10090
ENSMUSG00000001095,Slc13a2,,Mus musculus,10090
ENSMUSG00000001098,Kctd10,,Mus musculus,10090
ENSMUSG00000001100,Poldip2,,Mus musculus,10090
ENSMUSG00000001103,Sebox,,Mus musculus,10090
ENSMUSG00000001105,Ift20,,Mus musculus,10090
ENSMUSG00000001119,Col6a1,,Mus musculus,10090
ENSMUSG00000001120,Pcbp3,,Mus musculus,10090
ENSMUSG00000001123,Lgals9,,Mus musculus,10090
ENSMUSG00000001127,Araf,,Mus musculus,10090
ENSMUSG00000001128,Cfp,,Mus musculus,10090
ENSMUSG00000001131,Timp1,,Mus musculus,10090
ENSMUSG00000001138,Cnnm3,,Mus musculus,10090
ENSMUSG00000001150,Mcm3ap,,Mus musculus,10090
ENSMUSG00000001155,Ftcd,,Mus musculus,10090
ENSMUSG00000001156,Mxd1,,Mus musculus,10090
ENSMUSG00000001157,Gmcl1,,Mus musculus,10090
ENSMUSG00000001158,Snrnp27,,Mus musculus,10090
ENSMUSG00000001166,Oas1c,,Mus musculus,10090
ENSMUSG00000001168,Oas1h,,Mus musculus,10090
ENSMUSG00000001175,Calm1,,Mus musculus,10090
ENSMUSG00000001211,Agpat3,,Mus musculus,10090
ENSMUSG00000001225,Slc26a3,,Mus musculus,10090
ENSMUSG00000001227,Sema6b,,Mus musculus,10090
ENSMUSG00000001228,Uhrf1,,Mus musculus,10090
ENSMUSG00000001240,Ramp2,,Mus musculus,10090
ENSMUSG00000001247,Lsr,,Mus musculus,10090
ENSMUSG00000001248,Gramd1a,,Mus musculus,10090
ENSMUSG00000001249,Hpn,,Mus musculus,10090
ENSMUSG00000001260,Gabrg1,,Mus musculus,10090
ENSMUSG00000001280,Sp1,,Mus musculus,10090
ENSMUSG00000001281,Itgb7,,Mus musculus,10090
ENSMUSG00000001285,Myg1,,Mus musculus,10090
ENSMUSG00000001288,Rarg,,Mus musculus,10090
ENSMUSG00000001289,Pfdn5,,Mus musculus,10090
ENSMUSG00000001300,Efnb2,,Mus musculus,10090
ENSMUSG00000001305,Rrp15,,Mus musculus,10090
ENSMUSG00000001323,Srr,,Mus musculus,10090
ENSMUSG00000001333,Sync,,Mus musculus,10090
ENSMUSG00000001348,Acp5,,Mus musculus,10090
ENSMUSG00000001349,Cnn1,,Mus musculus,10090
ENSMUSG00000001366,Fbxo9,,Mus musculus,10090
ENSMUSG00000001376,Vps50,,Mus musculus,10090
ENSMUSG00000001380,Hars,,Mus musculus,10090
ENSMUSG00000001383,Zmat2,,Mus musculus,10090
ENSMUSG00000001403,Ube2c,,Mus musculus,10090
ENSMUSG00000001415,Smg5,,Mus musculus,10090
ENSMUSG00000001416,Cct3,,Mus musculus,10090
ENSMUSG00000001418,Glmp,,Mus musculus,10090
ENSMUSG00000001419,Mef2d,,Mus musculus,10090
ENSMUSG00000001420,Tmem79,,Mus musculus,10090
ENSMUSG00000001424,Snd1,,Mus musculus,10090
ENSMUSG00000001435,Col18a1,,Mus musculus,10090
ENSMUSG00000001436,Slc19a1,,Mus musculus,10090
ENSMUSG00000001440,Kpnb1,,Mus musculus,10090
ENSMUSG00000001441,Npepps,,Mus musculus,10090
ENSMUSG00000001444,Tbx21,,Mus musculus,10090
ENSMUSG00000001445,Mrpl10,,Mus musculus,10090
ENSMUSG00000001467,Cyp51,,Mus musculus,10090
ENSMUSG00000001472,Tcf25,,Mus musculus,10090
ENSMUSG00000001473,Tubb6,,Mus musculus,10090
ENSMUSG00000001482,Def8,,Mus musculus,10090
ENSMUSG00000001493,Meox1,,Mus musculus,10090
ENSMUSG00000001494,Sost,,Mus musculus,10090
ENSMUSG00000001496,Nkx2-1,,Mus musculus,10090
ENSMUSG00000001497,Pax9,,Mus musculus,10090
ENSMUSG00000001504,Irx2,,Mus musculus,10090
ENSMUSG00000001506,Col1a1,,Mus musculus,10090
ENSMUSG00000001507,Itga3,,Mus musculus,10090
ENSMUSG00000001508,Sgca,,Mus musculus,10090
ENSMUSG00000001510,Dlx3,,Mus musculus,10090
ENSMUSG00000001517,Foxm1,,Mus musculus,10090
ENSMUSG00000001518,Itfg2,,Mus musculus,10090
ENSMUSG00000001521,Tulp3,,Mus musculus,10090
ENSMUSG00000001524,Gtf2h4,,Mus musculus,10090
ENSMUSG00000001525,Tubb5,,Mus musculus,10090
ENSMUSG00000001542,Ell2,,Mus musculus,10090
ENSMUSG00000001552,Jup,,Mus musculus,10090
ENSMUSG00000001555,Fkbp10,,Mus musculus,10090
ENSMUSG00000001558,Klhl10,,Mus musculus,10090
ENSMUSG00000001566,Mnx1,,Mus musculus,10090
ENSMUSG00000001576,Ergic1,,Mus musculus,10090
ENSMUSG00000001583,Tnk1,,Mus musculus,10090
ENSMUSG00000001604,Tcea3,,Mus musculus,10090
ENSMUSG00000001622,Csn3,,Mus musculus,10090
ENSMUSG00000001627,Ifrd1,,Mus musculus,10090
ENSMUSG00000001632,Brpf1,,Mus musculus,10090
ENSMUSG00000001655,Hoxc13,,Mus musculus,10090
ENSMUSG00000001657,Hoxc8,,Mus musculus,10090
ENSMUSG00000001661,Hoxc6,,Mus musculus,10090
ENSMUSG00000001663,Gstt1,,Mus musculus,10090
ENSMUSG00000001665,Gstt3,,Mus musculus,10090
ENSMUSG00000001670,Tat,,Mus musculus,10090
ENSMUSG00000001672,Marveld3,,Mus musculus,10090
ENSMUSG00000001674,Ddx18,,Mus musculus,10090
ENSMUSG00000001687,Ubl3,,Mus musculus,10090
ENSMUSG00000001700,Gramd3,,Mus musculus,10090
ENSMUSG00000001707,Eef1e1,,Mus musculus,10090
ENSMUSG00000001729,Akt1,,Mus musculus,10090
ENSMUSG00000001739,Cldn15,,Mus musculus,10090
ENSMUSG00000001741,Il16,,Mus musculus,10090
ENSMUSG00000001750,Tcirg1,,Mus musculus,10090
ENSMUSG00000001751,Naglu,,Mus musculus,10090
ENSMUSG00000001755,Coasy,,Mus musculus,10090
ENSMUSG00000001763,Tspan33,,Mus musculus,10090
ENSMUSG00000001767,Crnkl1,,Mus musculus,10090
ENSMUSG00000001768,Rin2,,Mus musculus,10090
ENSMUSG00000001773,Folh1,,Mus musculus,10090
ENSMUSG00000001774,Chordc1,,Mus musculus,10090
ENSMUSG00000001783,Rtcb,,Mus musculus,10090
ENSMUSG00000001785,Pwp1,,Mus musculus,10090
ENSMUSG00000001794,Capns1,,Mus musculus,10090
ENSMUSG00000001815,Evx2,,Mus musculus,10090
ENSMUSG00000001819,Hoxd13,,Mus musculus,10090
ENSMUSG00000001823,Hoxd12,,Mus musculus,10090
ENSMUSG00000001827,Folr1,,Mus musculus,10090
ENSMUSG00000001829,Clpb,,Mus musculus,10090
ENSMUSG00000001833,Sept7,,Mus musculus,10090
ENSMUSG00000001844,Zdhhc4,,Mus musculus,10090
ENSMUSG00000001847,Rac1,,Mus musculus,10090
ENSMUSG00000001864,Aif1l,,Mus musculus,10090
ENSMUSG00000001865,Cpa3,,Mus musculus,10090
ENSMUSG00000001870,Ltbp1,,Mus musculus,10090
ENSMUSG00000001891,Ugp2,,Mus musculus,10090
ENSMUSG00000001909,Trmt1,,Mus musculus,10090
ENSMUSG00000001910,Nacc1,,Mus musculus,10090
ENSMUSG00000001911,Nfix,,Mus musculus,10090
ENSMUSG00000001918,Slc1a5,,Mus musculus,10090
ENSMUSG00000001924,Uba1,,Mus musculus,10090
ENSMUSG00000001930,Vwf,,Mus musculus,10090
ENSMUSG00000001942,Siae,,Mus musculus,10090
ENSMUSG00000001943,Vsig2,,Mus musculus,10090
ENSMUSG00000001946,Esam,,Mus musculus,10090
ENSMUSG00000001948,Spa17,,Mus musculus,10090
ENSMUSG00000001962,Fam50a,,Mus musculus,10090
ENSMUSG00000001964,Emd,,Mus musculus,10090
ENSMUSG00000001985,Grik3,,Mus musculus,10090
ENSMUSG00000001986,Gria3,,Mus musculus,10090
ENSMUSG00000001988,Npas1,,Mus musculus,10090
ENSMUSG00000001995,Sipa1l2,,Mus musculus,10090
ENSMUSG00000001999,Blvra,,Mus musculus,10090
ENSMUSG00000002007,Srpk3,,Mus musculus,10090
ENSMUSG00000002010,Idh3g,,Mus musculus,10090
ENSMUSG00000002012,Pnck,,Mus musculus,10090
ENSMUSG00000002014,Ssr4,,Mus musculus,10090
ENSMUSG00000002015,Bcap31,,Mus musculus,10090
ENSMUSG00000002017,Fam98a,,Mus musculus,10090
ENSMUSG00000002020,Ltbp2,,Mus musculus,10090
ENSMUSG00000002028,Kmt2a,,Mus musculus,10090
ENSMUSG00000002031,Ift46,,Mus musculus,10090
ENSMUSG00000002033,Cd3g,,Mus musculus,10090
ENSMUSG00000002043,Trappc6a,,Mus musculus,10090
ENSMUSG00000002052,Supt6,,Mus musculus,10090
ENSMUSG00000002055,Spag5,,Mus musculus,10090
ENSMUSG00000002057,Foxn1,,Mus musculus,10090
ENSMUSG00000002058,Unc119,,Mus musculus,10090
ENSMUSG00000002059,Rab34,,Mus musculus,10090
ENSMUSG00000002064,Sdf2,,Mus musculus,10090
ENSMUSG00000002068,Ccne1,,Mus musculus,10090
ENSMUSG00000002083,Bbc3,,Mus musculus,10090
ENSMUSG00000002100,Mybpc3,,Mus musculus,10090
ENSMUSG00000002102,Psmc3,,Mus musculus,10090
ENSMUSG00000002103,Acp2,,Mus musculus,10090
ENSMUSG00000002104,Rapsn,,Mus musculus,10090
ENSMUSG00000002105,Slc39a13,,Mus musculus,10090
ENSMUSG00000002107,Celf2,,Mus musculus,10090
ENSMUSG00000002108,Nr1h3,,Mus musculus,10090
ENSMUSG00000002109,Ddb2,,Mus musculus,10090
ENSMUSG00000002111,Spi1,,Mus musculus,10090
ENSMUSG00000002129,Sf3a1,,Mus musculus,10090
ENSMUSG00000002147,Stat6,,Mus musculus,10090
ENSMUSG00000002190,Clgn,,Mus musculus,10090
ENSMUSG00000002204,Napsa,,Mus musculus,10090
ENSMUSG00000002205,Vrk3,,Mus musculus,10090
ENSMUSG00000002221,Paxip1,,Mus musculus,10090
ENSMUSG00000002222,Rmnd5a,,Mus musculus,10090
ENSMUSG00000002227,Mov10,,Mus musculus,10090
ENSMUSG00000002233,Rhoc,,Mus musculus,10090
ENSMUSG00000002249,Tead3,,Mus musculus,10090
ENSMUSG00000002250,Ppard,,Mus musculus,10090
ENSMUSG00000002265,Peg3,,Mus musculus,10090
ENSMUSG00000002266,Zim1,,Mus musculus,10090
ENSMUSG00000002274,Metrn,,Mus musculus,10090
ENSMUSG00000002279,Lmf1,,Mus musculus,10090
ENSMUSG00000002280,Ciao3,,Mus musculus,10090
ENSMUSG00000002289,Angptl4,,Mus musculus,10090
ENSMUSG00000002297,Dbf4,,Mus musculus,10090
ENSMUSG00000002307,Daxx,,Mus musculus,10090
ENSMUSG00000002308,Cd320,,Mus musculus,10090
ENSMUSG00000002324,Rec8,,Mus musculus,10090
ENSMUSG00000002325,Irf9,,Mus musculus,10090
ENSMUSG00000002326,Gmpr2,,Mus musculus,10090
ENSMUSG00000002329,Mdp1,,Mus musculus,10090
ENSMUSG00000002332,Dhrs1,,Mus musculus,10090
ENSMUSG00000002341,Ncan,,Mus musculus,10090
ENSMUSG00000002342,Tmem161a,,Mus musculus,10090
ENSMUSG00000002343,Armc6,,Mus musculus,10090
ENSMUSG00000002346,Slc25a42,,Mus musculus,10090
ENSMUSG00000002365,Snx9,,Mus musculus,10090
ENSMUSG00000002372,Ranbp3,,Mus musculus,10090
ENSMUSG00000002379,Ndufa11,,Mus musculus,10090
ENSMUSG00000002384,Bmp8b,,Mus musculus,10090
ENSMUSG00000002393,Nr2f6,,Mus musculus,10090
ENSMUSG00000002395,Use1,,Mus musculus,10090
ENSMUSG00000002396,Ocel1,,Mus musculus,10090
ENSMUSG00000002409,Dyrk1b,,Mus musculus,10090
ENSMUSG00000002413,Braf,,Mus musculus,10090
ENSMUSG00000002416,Ndufb2,,Mus musculus,10090
ENSMUSG00000002428,Hltf,,Mus musculus,10090
ENSMUSG00000002455,Prpf6,,Mus musculus,10090
ENSMUSG00000002458,Rgs19,,Mus musculus,10090
ENSMUSG00000002459,Rgs20,,Mus musculus,10090
ENSMUSG00000002475,Abhd3,,Mus musculus,10090
ENSMUSG00000002477,Snrpd1,,Mus musculus,10090
ENSMUSG00000002489,Tiam1,,Mus musculus,10090
ENSMUSG00000002496,Tsc2,,Mus musculus,10090
ENSMUSG00000002500,Rpl3l,,Mus musculus,10090
ENSMUSG00000002504,Slc9a3r2,,Mus musculus,10090
ENSMUSG00000002524,Puf60,,Mus musculus,10090
ENSMUSG00000002546,Golga2,,Mus musculus,10090
ENSMUSG00000002565,Scin,,Mus musculus,10090
ENSMUSG00000002578,Ikzf4,,Mus musculus,10090
ENSMUSG00000002580,Mien1,,Mus musculus,10090
ENSMUSG00000002588,Pon1,,Mus musculus,10090
ENSMUSG00000002602,Axl,,Mus musculus,10090
ENSMUSG00000002603,Tgfb1,,Mus musculus,10090
ENSMUSG00000002608,Ccdc97,,Mus musculus,10090
ENSMUSG00000002617,Zfp40,,Mus musculus,10090
ENSMUSG00000002625,Akap8l,,Mus musculus,10090
ENSMUSG00000002633,Shh,,Mus musculus,10090
ENSMUSG00000002635,Pdcd2l,,Mus musculus,10090
ENSMUSG00000002658,Gtf2f1,,Mus musculus,10090
ENSMUSG00000002660,Clpp,,Mus musculus,10090
ENSMUSG00000002664,Pspn,,Mus musculus,10090
ENSMUSG00000002679,Med6,,Mus musculus,10090
ENSMUSG00000002688,Prkd1,,Mus musculus,10090
ENSMUSG00000002699,Lcp2,,Mus musculus,10090
ENSMUSG00000002718,Cse1l,,Mus musculus,10090
ENSMUSG00000002731,Prkra,,Mus musculus,10090
ENSMUSG00000002732,Fkbp7,,Mus musculus,10090
ENSMUSG00000002733,Plekha3,,Mus musculus,10090
ENSMUSG00000002741,Ykt6,,Mus musculus,10090
ENSMUSG00000002748,Baz1b,,Mus musculus,10090
ENSMUSG00000002763,Pex6,,Mus musculus,10090
ENSMUSG00000002767,Mrpl2,,Mus musculus,10090
ENSMUSG00000002768,Mea1,,Mus musculus,10090
ENSMUSG00000002769,Gnmt,,Mus musculus,10090
ENSMUSG00000002771,Grin2d,,Mus musculus,10090
ENSMUSG00000002778,Kdelr1,,Mus musculus,10090
ENSMUSG00000002781,Tmem143,,Mus musculus,10090
ENSMUSG00000002797,Ggct,,Mus musculus,10090
ENSMUSG00000002799,Jag2,,Mus musculus,10090
ENSMUSG00000002804,Nudt14,,Mus musculus,10090
ENSMUSG00000002808,Epdr1,,Mus musculus,10090
ENSMUSG00000002812,Flii,,Mus musculus,10090
ENSMUSG00000002814,Top3a,,Mus musculus,10090
ENSMUSG00000002820,Atg4d,,Mus musculus,10090
ENSMUSG00000002825,Qtrt1,,Mus musculus,10090
ENSMUSG00000002831,Plin4,,Mus musculus,10090
ENSMUSG00000002833,Hdgfl2,,Mus musculus,10090
ENSMUSG00000002844,Adprh,,Mus musculus,10090
ENSMUSG00000002845,Tmem39a,,Mus musculus,10090
ENSMUSG00000002846,Timmdc1,,Mus musculus,10090
ENSMUSG00000002847,Pla1a,,Mus musculus,10090
ENSMUSG00000002870,Mcm2,,Mus musculus,10090
ENSMUSG00000002871,Tpra1,,Mus musculus,10090
ENSMUSG00000002881,Nab1,,Mus musculus,10090
ENSMUSG00000002897,Il17ra,,Mus musculus,10090
ENSMUSG00000002900,Lamb1,,Mus musculus,10090
ENSMUSG00000002908,Kcnn1,,Mus musculus,10090
ENSMUSG00000002930,Ppp1r17,,Mus musculus,10090
ENSMUSG00000002944,Cd36,,Mus musculus,10090
ENSMUSG00000002948,Map2k7,,Mus musculus,10090
ENSMUSG00000002949,Timm44,,Mus musculus,10090
ENSMUSG00000002957,Ap2a2,,Mus musculus,10090
ENSMUSG00000002963,Pnkp,,Mus musculus,10090
ENSMUSG00000002968,Med25,,Mus musculus,10090
ENSMUSG00000002980,Bcam,,Mus musculus,10090
ENSMUSG00000002981,Clptm1,,Mus musculus,10090
ENSMUSG00000002983,Relb,,Mus musculus,10090
ENSMUSG00000002984,Tomm40,,Mus musculus,10090
ENSMUSG00000002985,Apoe,,Mus musculus,10090
ENSMUSG00000002996,Hbp1,,Mus musculus,10090
ENSMUSG00000003031,Cdkn1b,,Mus musculus,10090
ENSMUSG00000003032,Klf4,,Mus musculus,10090
ENSMUSG00000003033,Ap1m1,,Mus musculus,10090
ENSMUSG00000003037,Rab8a,,Mus musculus,10090
ENSMUSG00000003039,Fam32a,,Mus musculus,10090
ENSMUSG00000003051,Elf3,,Mus musculus,10090
ENSMUSG00000003062,Stard3nl,,Mus musculus,10090
ENSMUSG00000003068,Stk11,,Mus musculus,10090
ENSMUSG00000003070,Efna2,,Mus musculus,10090
ENSMUSG00000003072,Atp5d,,Mus musculus,10090
ENSMUSG00000003099,Ppp5c,,Mus musculus,10090
ENSMUSG00000003119,Cdk12,,Mus musculus,10090
ENSMUSG00000003123,Lipe,,Mus musculus,10090
ENSMUSG00000003131,Pafah1b2,,Mus musculus,10090
ENSMUSG00000003134,Tbc1d8,,Mus musculus,10090
ENSMUSG00000003153,Slc2a3,,Mus musculus,10090
ENSMUSG00000003154,Foxj2,,Mus musculus,10090
ENSMUSG00000003161,Sri,,Mus musculus,10090
ENSMUSG00000003166,Dgcr2,,Mus musculus,10090
ENSMUSG00000003184,Irf3,,Mus musculus,10090
ENSMUSG00000003198,Zfp959,,Mus musculus,10090
ENSMUSG00000003199,Mpnd,,Mus musculus,10090
ENSMUSG00000003200,Sh3gl1,,Mus musculus,10090
ENSMUSG00000003206,Ebi3,,Mus musculus,10090
ENSMUSG00000003226,Ranbp2,,Mus musculus,10090
ENSMUSG00000003227,Edar,,Mus musculus,10090
ENSMUSG00000003233,Dvl3,,Mus musculus,10090
ENSMUSG00000003234,Abcf3,,Mus musculus,10090
ENSMUSG00000003235,Eif2b5,,Mus musculus,10090
ENSMUSG00000003269,Cyth2,,Mus musculus,10090
ENSMUSG00000003271,Sult2b1,,Mus musculus,10090
ENSMUSG00000003273,Car11,,Mus musculus,10090
ENSMUSG00000003282,Plag1,,Mus musculus,10090
ENSMUSG00000003283,Hck,,Mus musculus,10090
ENSMUSG00000003299,Mrpl4,,Mus musculus,10090
ENSMUSG00000003308,Keap1,,Mus musculus,10090
ENSMUSG00000003309,Ap1m2,,Mus musculus,10090
ENSMUSG00000003316,Glg1,,Mus musculus,10090
ENSMUSG00000003341,Atp8b3,,Mus musculus,10090
ENSMUSG00000003344,Btbd2,,Mus musculus,10090
ENSMUSG00000003345,Csnk1g2,,Mus musculus,10090
ENSMUSG00000003346,Abhd17a,,Mus musculus,10090
ENSMUSG00000003352,Cacnb3,,Mus musculus,10090
ENSMUSG00000003354,Ccdc65,,Mus musculus,10090
ENSMUSG00000003355,Fkbp11,,Mus musculus,10090
ENSMUSG00000003363,Pld3,,Mus musculus,10090
ENSMUSG00000003378,Grik5,,Mus musculus,10090
ENSMUSG00000003380,Rabac1,,Mus musculus,10090
ENSMUSG00000003382,Etv3,,Mus musculus,10090
ENSMUSG00000003402,Prkcsh,,Mus musculus,10090
ENSMUSG00000003410,Elavl3,,Mus musculus,10090
ENSMUSG00000003411,Rab3b,,Mus musculus,10090
ENSMUSG00000003420,Fcgrt,,Mus musculus,10090
ENSMUSG00000003421,Nosip,,Mus musculus,10090
ENSMUSG00000003423,Pih1d1,,Mus musculus,10090
ENSMUSG00000003435,Supt5,,Mus musculus,10090
ENSMUSG00000003436,Dll3,,Mus musculus,10090
ENSMUSG00000003437,Paf1,,Mus musculus,10090
ENSMUSG00000003438,Timm50,,Mus musculus,10090
ENSMUSG00000003444,Med29,,Mus musculus,10090
ENSMUSG00000003452,Bicd1,,Mus musculus,10090
ENSMUSG00000003458,Ncstn,,Mus musculus,10090
ENSMUSG00000003464,Pex19,,Mus musculus,10090
ENSMUSG00000003476,Crhr2,,Mus musculus,10090
ENSMUSG00000003477,Inmt,,Mus musculus,10090
ENSMUSG00000003484,Cyp4f18,,Mus musculus,10090
ENSMUSG00000003500,Impdh1,,Mus musculus,10090
ENSMUSG00000003505,Psg18,,Mus musculus,10090
ENSMUSG00000003518,Dusp3,,Mus musculus,10090
ENSMUSG00000003526,Prodh,,Mus musculus,10090
ENSMUSG00000003527,Ess2,,Mus musculus,10090
ENSMUSG00000003531,Dgcr6,,Mus musculus,10090
ENSMUSG00000003534,Ddr1,,Mus musculus,10090
ENSMUSG00000003541,Ier3,,Mus musculus,10090
ENSMUSG00000003545,Fosb,,Mus musculus,10090
ENSMUSG00000003546,Klc4,,Mus musculus,10090
ENSMUSG00000003549,Ercc1,,Mus musculus,10090
ENSMUSG00000003555,Cyp17a1,,Mus musculus,10090
ENSMUSG00000003559,As3mt,,Mus musculus,10090
ENSMUSG00000003573,Homer3,,Mus musculus,10090
ENSMUSG00000003585,Sec14l2,,Mus musculus,10090
ENSMUSG00000003617,Cp,,Mus musculus,10090
ENSMUSG00000003623,Crot,,Mus musculus,10090
ENSMUSG00000003644,Rps6ka1,,Mus musculus,10090
ENSMUSG00000003657,Calb2,,Mus musculus,10090
ENSMUSG00000003662,Ciao1,,Mus musculus,10090
ENSMUSG00000003665,Has1,,Mus musculus,10090
ENSMUSG00000003680,Taf6l,,Mus musculus,10090
ENSMUSG00000003721,Insig2,,Mus musculus,10090
ENSMUSG00000003731,Kpna6,,Mus musculus,10090
ENSMUSG00000003746,Man1a,,Mus musculus,10090
ENSMUSG00000003762,Coq8b,,Mus musculus,10090
ENSMUSG00000003778,Brd8,,Mus musculus,10090
ENSMUSG00000003779,Kif20a,,Mus musculus,10090
ENSMUSG00000003809,Gcdh,,Mus musculus,10090
ENSMUSG00000003810,Mast2,,Mus musculus,10090
ENSMUSG00000003813,Rad23a,,Mus musculus,10090
ENSMUSG00000003814,Calr,,Mus musculus,10090
ENSMUSG00000003824,Syce2,,Mus musculus,10090
ENSMUSG00000003847,Nfat5,,Mus musculus,10090
ENSMUSG00000003849,Nqo1,,Mus musculus,10090
ENSMUSG00000003865,Gys1,,Mus musculus,10090
ENSMUSG00000003868,Ruvbl2,,Mus musculus,10090
ENSMUSG00000003872,Lin7b,,Mus musculus,10090
ENSMUSG00000003873,Bax,,Mus musculus,10090
ENSMUSG00000003882,Il7r,,Mus musculus,10090
ENSMUSG00000003923,Tfam,,Mus musculus,10090
ENSMUSG00000003929,Zfp81,,Mus musculus,10090
ENSMUSG00000003934,Efnb3,,Mus musculus,10090
ENSMUSG00000003948,Mmd,,Mus musculus,10090
ENSMUSG00000003949,Hlf,,Mus musculus,10090
ENSMUSG00000003955,Fam162a,,Mus musculus,10090
ENSMUSG00000003970,Rpl8,,Mus musculus,10090
ENSMUSG00000003992,Ssbp2,,Mus musculus,10090
ENSMUSG00000004018,Fancl,,Mus musculus,10090
ENSMUSG00000004032,Gstm5,,Mus musculus,10090
ENSMUSG00000004035,Gstm7,,Mus musculus,10090
ENSMUSG00000004038,Gstm3,,Mus musculus,10090
ENSMUSG00000004040,Stat3,,Mus musculus,10090
ENSMUSG00000004043,Stat5a,,Mus musculus,10090
ENSMUSG00000004044,Cavin1,,Mus musculus,10090
ENSMUSG00000004054,Map3k11,,Mus musculus,10090
ENSMUSG00000004056,Akt2,,Mus musculus,10090
ENSMUSG00000004069,Dnaja3,,Mus musculus,10090
ENSMUSG00000004070,Hmox2,,Mus musculus,10090
ENSMUSG00000004071,Cdip1,,Mus musculus,10090
ENSMUSG00000004085,Map3k20,,Mus musculus,10090
ENSMUSG00000004096,Cwc15,,Mus musculus,10090
ENSMUSG00000004098,Col5a3,,Mus musculus,10090
ENSMUSG00000004099,Dnmt1,,Mus musculus,10090
ENSMUSG00000004105,Angptl2,,Mus musculus,10090
ENSMUSG00000004110,Cacna1e,,Mus musculus,10090
ENSMUSG00000004113,Cacna1b,,Mus musculus,10090
ENSMUSG00000004127,Trmt10a,,Mus musculus,10090
ENSMUSG00000004151,Etv1,,Mus musculus,10090
ENSMUSG00000004187,Kifc2,,Mus musculus,10090
ENSMUSG00000004207,Psap,,Mus musculus,10090
ENSMUSG00000004221,Ikbkg,,Mus musculus,10090
ENSMUSG00000004263,Atn1,,Mus musculus,10090
ENSMUSG00000004264,Phb2,,Mus musculus,10090
ENSMUSG00000004266,Ptpn6,,Mus musculus,10090
ENSMUSG00000004267,Eno2,,Mus musculus,10090
ENSMUSG00000004268,Emg1,,Mus musculus,10090
ENSMUSG00000004270,Lpcat3,,Mus musculus,10090
ENSMUSG00000004296,Il12b,,Mus musculus,10090
ENSMUSG00000004317,Clcn5,,Mus musculus,10090
ENSMUSG00000004319,Clcn3,,Mus musculus,10090
ENSMUSG00000004328,Hif3a,,Mus musculus,10090
ENSMUSG00000004341,Gpx6,,Mus musculus,10090
ENSMUSG00000004344,Gpx5,,Mus musculus,10090
ENSMUSG00000004347,Pde1c,,Mus musculus,10090
ENSMUSG00000004356,Utp20,,Mus musculus,10090
ENSMUSG00000004359,Spic,,Mus musculus,10090
ENSMUSG00000004364,Cul3,,Mus musculus,10090
ENSMUSG00000004366,Sst,,Mus musculus,10090
ENSMUSG00000004371,Il11,,Mus musculus,10090
ENSMUSG00000004383,Large1,,Mus musculus,10090
ENSMUSG00000004393,Ddx56,,Mus musculus,10090
ENSMUSG00000004394,Tmed4,,Mus musculus,10090
ENSMUSG00000004415,Col26a1,,Mus musculus,10090
ENSMUSG00000004446,Bid,,Mus musculus,10090
ENSMUSG00000004451,Ralb,,Mus musculus,10090
ENSMUSG00000004460,Dnajb11,,Mus musculus,10090
ENSMUSG00000004473,Clec11a,,Mus musculus,10090
ENSMUSG00000004508,Gab2,,Mus musculus,10090
ENSMUSG00000004530,Coro1c,,Mus musculus,10090
ENSMUSG00000004535,Tax1bp1,,Mus musculus,10090
ENSMUSG00000004540,Psg17,,Mus musculus,10090
ENSMUSG00000004542,Psg19,,Mus musculus,10090
ENSMUSG00000004552,Ctse,,Mus musculus,10090
ENSMUSG00000004558,Ndrg2,,Mus musculus,10090
ENSMUSG00000004561,Mettl17,,Mus musculus,10090
ENSMUSG00000004562,Arhgef40,,Mus musculus,10090
ENSMUSG00000004565,Pnpla6,,Mus musculus,10090
ENSMUSG00000004567,Mcoln1,,Mus musculus,10090
ENSMUSG00000004568,Arhgef18,,Mus musculus,10090
ENSMUSG00000004609,Cd33,,Mus musculus,10090
ENSMUSG00000004612,Nkg7,,Mus musculus,10090
ENSMUSG00000004626,Stxbp2,,Mus musculus,10090
ENSMUSG00000004630,Pcp2,,Mus musculus,10090
ENSMUSG00000004631,Sgce,,Mus musculus,10090
ENSMUSG00000004633,Chn2,,Mus musculus,10090
ENSMUSG00000004637,Wwox,,Mus musculus,10090
ENSMUSG00000004651,Tyr,,Mus musculus,10090
ENSMUSG00000004654,Ghrhr,,Mus musculus,10090
ENSMUSG00000004655,Aqp1,,Mus musculus,10090
ENSMUSG00000004661,Arid3b,,Mus musculus,10090
ENSMUSG00000004665,Cnn2,,Mus musculus,10090
ENSMUSG00000004667,Polr2e,,Mus musculus,10090
ENSMUSG00000004677,Myo9b,,Mus musculus,10090
ENSMUSG00000004698,Hdac9,,Mus musculus,10090
ENSMUSG00000004707,Ly9,,Mus musculus,10090
ENSMUSG00000004709,Cd244a,,Mus musculus,10090
ENSMUSG00000004730,Adgre1,,Mus musculus,10090
ENSMUSG00000004748,Mtfp1,,Mus musculus,10090
ENSMUSG00000004768,Rab23,,Mus musculus,10090
ENSMUSG00000004771,Rab11a,,Mus musculus,10090
ENSMUSG00000004788,Eif2b2,,Mus musculus,10090
ENSMUSG00000004789,Dlst,,Mus musculus,10090
ENSMUSG00000004791,Pgf,,Mus musculus,10090
ENSMUSG00000004798,Ulk2,,Mus musculus,10090
ENSMUSG00000004814,Ccl24,,Mus musculus,10090
ENSMUSG00000004815,Dgkq,,Mus musculus,10090
ENSMUSG00000004821,Tmed11,,Mus musculus,10090
ENSMUSG00000004842,Pou1f1,,Mus musculus,10090
ENSMUSG00000004846,Plod3,,Mus musculus,10090
ENSMUSG00000004849,Ap1s1,,Mus musculus,10090
ENSMUSG00000004864,Mapk13,,Mus musculus,10090
ENSMUSG00000004865,Srpk1,,Mus musculus,10090
ENSMUSG00000004872,Pax3,,Mus musculus,10090
ENSMUSG00000004880,Lbr,,Mus musculus,10090
ENSMUSG00000004885,Crabp2,,Mus musculus,10090
ENSMUSG00000004891,Nes,,Mus musculus,10090
ENSMUSG00000004892,Bcan,,Mus musculus,10090
ENSMUSG00000004894,Hapln2,,Mus musculus,10090
ENSMUSG00000004895,Prcc,,Mus musculus,10090
ENSMUSG00000004896,Rrnad1,,Mus musculus,10090
ENSMUSG00000004897,Hdgf,,Mus musculus,10090
ENSMUSG00000004929,Thop1,,Mus musculus,10090
ENSMUSG00000004931,Apba3,,Mus musculus,10090
ENSMUSG00000004933,Matk,,Mus musculus,10090
ENSMUSG00000004934,Pias4,,Mus musculus,10090
ENSMUSG00000004936,Map2k1,,Mus musculus,10090
ENSMUSG00000004937,Sgta,,Mus musculus,10090
ENSMUSG00000004945,Tmem242,,Mus musculus,10090
ENSMUSG00000004947,Dtx2,,Mus musculus,10090
ENSMUSG00000004948,Zp3,,Mus musculus,10090
ENSMUSG00000004952,Rasa4,,Mus musculus,10090
ENSMUSG00000004961,Syt5,,Mus musculus,10090
ENSMUSG00000004980,Hnrnpa2b1,,Mus musculus,10090
ENSMUSG00000004988,Fxyd4,,Mus musculus,10090
ENSMUSG00000004994,Ccdc130,,Mus musculus,10090
ENSMUSG00000004996,Mri1,,Mus musculus,10090
ENSMUSG00000005034,Prkacb,,Mus musculus,10090
ENSMUSG00000005043,Sgsh,,Mus musculus,10090
ENSMUSG00000005054,Cstb,,Mus musculus,10090
ENSMUSG00000005057,Sh2b2,,Mus musculus,10090
ENSMUSG00000005069,Pex5,,Mus musculus,10090
ENSMUSG00000005078,Jkamp,,Mus musculus,10090
ENSMUSG00000005087,Cd44,,Mus musculus,10090
ENSMUSG00000005089,Slc1a2,,Mus musculus,10090
ENSMUSG00000005102,Eif2ak4,,Mus musculus,10090
ENSMUSG00000005103,Wdr1,,Mus musculus,10090
ENSMUSG00000005107,Slc2a9,,Mus musculus,10090
ENSMUSG00000005124,Ccn4,,Mus musculus,10090
ENSMUSG00000005125,Ndrg1,,Mus musculus,10090
ENSMUSG00000005142,Man2b1,,Mus musculus,10090
ENSMUSG00000005148,Klf5,,Mus musculus,10090
ENSMUSG00000005150,Wdr83,,Mus musculus,10090
ENSMUSG00000005161,Prdx2,,Mus musculus,10090
ENSMUSG00000005198,Polr2a,,Mus musculus,10090
ENSMUSG00000005202,Shbg,,Mus musculus,10090
ENSMUSG00000005204,Senp3,,Mus musculus,10090
ENSMUSG00000005220,Corin,,Mus musculus,10090
ENSMUSG00000005232,G6pc2,,Mus musculus,10090
ENSMUSG00000005233,Spc25,,Mus musculus,10090
ENSMUSG00000005251,Ripk4,,Mus musculus,10090
ENSMUSG00000005262,Ufd1,,Mus musculus,10090
ENSMUSG00000005267,Zfp287,,Mus musculus,10090
ENSMUSG00000005268,Prlr,,Mus musculus,10090
ENSMUSG00000005299,Letm1,,Mus musculus,10090
ENSMUSG00000005312,Ubqln1,,Mus musculus,10090
ENSMUSG00000005320,Fgfr4,,Mus musculus,10090
ENSMUSG00000005338,Cadm3,,Mus musculus,10090
ENSMUSG00000005339,Fcer1a,,Mus musculus,10090
ENSMUSG00000005354,Txn2,,Mus musculus,10090
ENSMUSG00000005355,Casp14,,Mus musculus,10090
ENSMUSG00000005357,Slc1a6,,Mus musculus,10090
ENSMUSG00000005360,Slc1a3,,Mus musculus,10090
ENSMUSG00000005362,Crbn,,Mus musculus,10090
ENSMUSG00000005364,Il5ra,,Mus musculus,10090
ENSMUSG00000005370,Msh6,,Mus musculus,10090
ENSMUSG00000005371,Fbxo11,,Mus musculus,10090
ENSMUSG00000005373,Mlxipl,,Mus musculus,10090
ENSMUSG00000005374,Tbl2,,Mus musculus,10090
ENSMUSG00000005397,Nid1,,Mus musculus,10090
ENSMUSG00000005410,Mcm5,,Mus musculus,10090
ENSMUSG00000005413,Hmox1,,Mus musculus,10090
ENSMUSG00000005417,Mprip,,Mus musculus,10090
ENSMUSG00000005447,Pafah1b3,,Mus musculus,10090
ENSMUSG00000005465,Il27ra,,Mus musculus,10090
ENSMUSG00000005469,Prkaca,,Mus musculus,10090
ENSMUSG00000005470,Asf1b,,Mus musculus,10090
ENSMUSG00000005474,Myl10,,Mus musculus,10090
ENSMUSG00000005481,Ddx39,,Mus musculus,10090
ENSMUSG00000005483,Dnajb1,,Mus musculus,10090
ENSMUSG00000005493,Msh4,,Mus musculus,10090
ENSMUSG00000005503,Evx1,,Mus musculus,10090
ENSMUSG00000005505,Kbtbd4,,Mus musculus,10090
ENSMUSG00000005506,Celf1,,Mus musculus,10090
ENSMUSG00000005514,Por,,Mus musculus,10090
ENSMUSG00000005533,Igf1r,,Mus musculus,10090
ENSMUSG00000005534,Insr,,Mus musculus,10090
ENSMUSG00000005540,Fcer2a,,Mus musculus,10090
ENSMUSG00000005553,Atp4a,,Mus musculus,10090
ENSMUSG00000005566,Trim28,,Mus musculus,10090
ENSMUSG00000005575,Ube2m,,Mus musculus,10090
ENSMUSG00000005580,Adcy9,,Mus musculus,10090
ENSMUSG00000005583,Mef2c,,Mus musculus,10090
ENSMUSG00000005609,Ctr9,,Mus musculus,10090
ENSMUSG00000005610,Eif4g2,,Mus musculus,10090
ENSMUSG00000005611,Mrvi1,,Mus musculus,10090
ENSMUSG00000005615,Pcyt1a,,Mus musculus,10090
ENSMUSG00000005625,Psmd4,,Mus musculus,10090
ENSMUSG00000005628,Tmod4,,Mus musculus,10090
ENSMUSG00000005640,Insrr,,Mus musculus,10090
ENSMUSG00000005649,Cabp5,,Mus musculus,10090
ENSMUSG00000005656,Snx6,,Mus musculus,10090
ENSMUSG00000005667,Mthfd2,,Mus musculus,10090
ENSMUSG00000005672,Kit,,Mus musculus,10090
ENSMUSG00000005674,Tomm40l,,Mus musculus,10090
ENSMUSG00000005677,Nr1i3,,Mus musculus,10090
ENSMUSG00000005681,Apoa2,,Mus musculus,10090
ENSMUSG00000005682,Pan2,,Mus musculus,10090
ENSMUSG00000005683,Cs,,Mus musculus,10090
ENSMUSG00000005686,Ampd3,,Mus musculus,10090
ENSMUSG00000005687,Bcas2,,Mus musculus,10090
ENSMUSG00000005696,Sh2d1a,,Mus musculus,10090
ENSMUSG00000005698,Ctcf,,Mus musculus,10090
ENSMUSG00000005699,Pard6a,,Mus musculus,10090
ENSMUSG00000005705,Agrp,,Mus musculus,10090
ENSMUSG00000005716,Pvalb,,Mus musculus,10090
ENSMUSG00000005718,Tfap4,,Mus musculus,10090
ENSMUSG00000005763,Cd247,,Mus musculus,10090
ENSMUSG00000005774,Rfx5,,Mus musculus,10090
ENSMUSG00000005779,Psmb4,,Mus musculus,10090
ENSMUSG00000005800,Mmp8,,Mus musculus,10090
ENSMUSG00000005802,Slc30a4,,Mus musculus,10090
ENSMUSG00000005803,Sqor,,Mus musculus,10090
ENSMUSG00000005804,Bloc1s6,,Mus musculus,10090
ENSMUSG00000005813,Metap1,,Mus musculus,10090
ENSMUSG00000005823,Gpr108,,Mus musculus,10090
ENSMUSG00000005824,Tnfsf14,,Mus musculus,10090
ENSMUSG00000005836,Gata6,,Mus musculus,10090
ENSMUSG00000005846,Rsl1d1,,Mus musculus,10090
ENSMUSG00000005864,Cnga2,,Mus musculus,10090
ENSMUSG00000005871,Apc,,Mus musculus,10090
ENSMUSG00000005873,Reep5,,Mus musculus,10090
ENSMUSG00000005881,Ergic3,,Mus musculus,10090
ENSMUSG00000005882,Uqcc1,,Mus musculus,10090
ENSMUSG00000005883,Spo11,,Mus musculus,10090
ENSMUSG00000005886,Ncoa2,,Mus musculus,10090
ENSMUSG00000005891,Prl4a1,,Mus musculus,10090
ENSMUSG00000005892,Trh,,Mus musculus,10090
ENSMUSG00000005893,Nr2c2,,Mus musculus,10090
ENSMUSG00000005897,Nr2c1,,Mus musculus,10090
ENSMUSG00000005899,Smpd4,,Mus musculus,10090
ENSMUSG00000005936,Kctd20,,Mus musculus,10090
ENSMUSG00000005947,Itgae,,Mus musculus,10090
ENSMUSG00000005949,Ctns,,Mus musculus,10090
ENSMUSG00000005950,P2rx5,,Mus musculus,10090
ENSMUSG00000005958,Ephb3,,Mus musculus,10090
ENSMUSG00000005968,Tuft1,,Mus musculus,10090
ENSMUSG00000005973,Rcn1,,Mus musculus,10090
ENSMUSG00000005980,Dnase1,,Mus musculus,10090
ENSMUSG00000005981,Trap1,,Mus musculus,10090
ENSMUSG00000005982,Naa60,,Mus musculus,10090
ENSMUSG00000005994,Tyrp1,,Mus musculus,10090
ENSMUSG00000006005,Tpr,,Mus musculus,10090
ENSMUSG00000006007,Pdc,,Mus musculus,10090
ENSMUSG00000006010,Odr4,,Mus musculus,10090
ENSMUSG00000006014,Prg4,,Mus musculus,10090
ENSMUSG00000006021,Kptn,,Mus musculus,10090
ENSMUSG00000006024,Napa,,Mus musculus,10090
ENSMUSG00000006050,Sra1,,Mus musculus,10090
ENSMUSG00000006056,Calcoco2,,Mus musculus,10090
ENSMUSG00000006058,Snf8,,Mus musculus,10090
ENSMUSG00000006095,Tbcb,,Mus musculus,10090
ENSMUSG00000006127,Inpp5k,,Mus musculus,10090
ENSMUSG00000006134,Crkl,,Mus musculus,10090
ENSMUSG00000006154,Eps8l1,,Mus musculus,10090
ENSMUSG00000006169,Clint1,,Mus musculus,10090
ENSMUSG00000006179,Prss16,,Mus musculus,10090
ENSMUSG00000006191,Cdkal1,,Mus musculus,10090
ENSMUSG00000006200,Rhox6,,Mus musculus,10090
ENSMUSG00000006205,Htra1,,Mus musculus,10090
ENSMUSG00000006215,Zbtb17,,Mus musculus,10090
ENSMUSG00000006216,Clcnkb,,Mus musculus,10090
ENSMUSG00000006219,Fblim1,,Mus musculus,10090
ENSMUSG00000006221,Hspb7,,Mus musculus,10090
ENSMUSG00000006235,Epor,,Mus musculus,10090
ENSMUSG00000006241,Ccdc159,,Mus musculus,10090
ENSMUSG00000006262,Mob1b,,Mus musculus,10090
ENSMUSG00000006269,Atp6v1b1,,Mus musculus,10090
ENSMUSG00000006270,Vax1,,Mus musculus,10090
ENSMUSG00000006273,Atp6v1b2,,Mus musculus,10090
ENSMUSG00000006276,Eps15l1,,Mus musculus,10090
ENSMUSG00000006281,Tep1,,Mus musculus,10090
ENSMUSG00000006288,Ttc5,,Mus musculus,10090
ENSMUSG00000006289,Osgep,,Mus musculus,10090
ENSMUSG00000006299,Aamp,,Mus musculus,10090
ENSMUSG00000006301,Tmbim1,,Mus musculus,10090
ENSMUSG00000006304,Arpc2,,Mus musculus,10090
ENSMUSG00000006310,Zbtb32,,Mus musculus,10090
ENSMUSG00000006311,Etv2,,Mus musculus,10090
ENSMUSG00000006313,Upk1a,,Mus musculus,10090
ENSMUSG00000006315,Tmem147,,Mus musculus,10090
ENSMUSG00000006333,Rps9,,Mus musculus,10090
ENSMUSG00000006335,Tfpt,,Mus musculus,10090
ENSMUSG00000006342,Susd2,,Mus musculus,10090
ENSMUSG00000006344,Ggt5,,Mus musculus,10090
ENSMUSG00000006345,Ggt1,,Mus musculus,10090
ENSMUSG00000006356,Crip2,,Mus musculus,10090
ENSMUSG00000006360,Crip1,,Mus musculus,10090
ENSMUSG00000006362,Cbfa2t3,,Mus musculus,10090
ENSMUSG00000006369,Fbln1,,Mus musculus,10090
ENSMUSG00000006373,Pgrmc1,,Mus musculus,10090
ENSMUSG00000006378,Gcat,,Mus musculus,10090
ENSMUSG00000006386,Tek,,Mus musculus,10090
ENSMUSG00000006389,Mpl,,Mus musculus,10090
ENSMUSG00000006390,Elovl1,,Mus musculus,10090
ENSMUSG00000006392,Med8,,Mus musculus,10090
ENSMUSG00000006395,Hyi,,Mus musculus,10090
ENSMUSG00000006398,Cdc20,,Mus musculus,10090
ENSMUSG00000006403,Adamts4,,Mus musculus,10090
ENSMUSG00000006411,Nectin4,,Mus musculus,10090
ENSMUSG00000006412,Pfdn2,,Mus musculus,10090
ENSMUSG00000006418,Rnf114,,Mus musculus,10090
ENSMUSG00000006423,C330007P06Rik,,Mus musculus,10090
ENSMUSG00000006435,Neurl1a,,Mus musculus,10090
ENSMUSG00000006442,Srm,,Mus musculus,10090
ENSMUSG00000006445,Epha2,,Mus musculus,10090
ENSMUSG00000006456,Rbm14,,Mus musculus,10090
ENSMUSG00000006457,Actn3,,Mus musculus,10090
ENSMUSG00000006476,Nsmf,,Mus musculus,10090
ENSMUSG00000006488,Prl7a1,,Mus musculus,10090
ENSMUSG00000006490,Prl8a9,,Mus musculus,10090
ENSMUSG00000006494,Pdk1,,Mus musculus,10090
ENSMUSG00000006498,Ptbp1,,Mus musculus,10090
ENSMUSG00000006517,Mvd,,Mus musculus,10090
ENSMUSG00000006519,Cyba,,Mus musculus,10090
ENSMUSG00000006522,Itih3,,Mus musculus,10090
ENSMUSG00000006526,Stimate,,Mus musculus,10090
ENSMUSG00000006527,Sfmbt1,,Mus musculus,10090
ENSMUSG00000006529,Itih1,,Mus musculus,10090
ENSMUSG00000006538,Ihh,,Mus musculus,10090
ENSMUSG00000006546,Cryba2,,Mus musculus,10090
ENSMUSG00000006567,Atp7b,,Mus musculus,10090
ENSMUSG00000006570,Defb2,,Mus musculus,10090
ENSMUSG00000006574,Slc4a1,,Mus musculus,10090
ENSMUSG00000006575,Rundc3a,,Mus musculus,10090
ENSMUSG00000006576,Slc4a3,,Mus musculus,10090
ENSMUSG00000006585,Cdt1,,Mus musculus,10090
ENSMUSG00000006586,Runx1t1,,Mus musculus,10090
ENSMUSG00000006587,Snai3,,Mus musculus,10090
ENSMUSG00000006589,Aprt,,Mus musculus,10090
ENSMUSG00000006599,Gtf2h1,,Mus musculus,10090
ENSMUSG00000006611,Hfe,,Mus musculus,10090
ENSMUSG00000006638,Abhd1,,Mus musculus,10090
ENSMUSG00000006641,Slc5a6,,Mus musculus,10090
ENSMUSG00000006642,Tcf23,,Mus musculus,10090
ENSMUSG00000006649,Nphs1,,Mus musculus,10090
ENSMUSG00000006651,Aplp1,,Mus musculus,10090
ENSMUSG00000006673,Qrich1,,Mus musculus,10090
ENSMUSG00000006676,Usp19,,Mus musculus,10090
ENSMUSG00000006678,Pola1,,Mus musculus,10090
ENSMUSG00000006699,Cdc42,,Mus musculus,10090
ENSMUSG00000006705,Pknox1,,Mus musculus,10090
ENSMUSG00000006715,Gmnn,,Mus musculus,10090
ENSMUSG00000006717,Acot13,,Mus musculus,10090
ENSMUSG00000006724,Cyp27b1,,Mus musculus,10090
ENSMUSG00000006728,Cdk4,,Mus musculus,10090
ENSMUSG00000006731,B4galnt1,,Mus musculus,10090
ENSMUSG00000006732,Mettl1,,Mus musculus,10090
ENSMUSG00000006736,Tspan31,,Mus musculus,10090
ENSMUSG00000006740,Kif5b,,Mus musculus,10090
ENSMUSG00000006763,Saal1,,Mus musculus,10090
ENSMUSG00000006777,Krt23,,Mus musculus,10090
ENSMUSG00000006782,Cnp,,Mus musculus,10090
ENSMUSG00000006800,Sulf2,,Mus musculus,10090
ENSMUSG00000006818,Sod2,,Mus musculus,10090
ENSMUSG00000006850,Tmco6,,Mus musculus,10090
ENSMUSG00000006906,Stambp,,Mus musculus,10090
ENSMUSG00000006920,Ezh1,,Mus musculus,10090
ENSMUSG00000006930,Hap1,,Mus musculus,10090
ENSMUSG00000006931,P3h4,,Mus musculus,10090
ENSMUSG00000006932,Ctnnb1,,Mus musculus,10090
ENSMUSG00000006941,Eif1b,,Mus musculus,10090
ENSMUSG00000006948,Klk4,,Mus musculus,10090
ENSMUSG00000006958,Chrd,,Mus musculus,10090
ENSMUSG00000007021,Syngr3,,Mus musculus,10090
ENSMUSG00000007029,Vars,,Mus musculus,10090
ENSMUSG00000007030,Vwa7,,Mus musculus,10090
ENSMUSG00000007033,Hspa1l,,Mus musculus,10090
ENSMUSG00000007034,Slc44a4,,Mus musculus,10090
ENSMUSG00000007035,Msh5,,Mus musculus,10090
ENSMUSG00000007036,Abhd16a,,Mus musculus,10090
ENSMUSG00000007038,Neu1,,Mus musculus,10090
ENSMUSG00000007039,Ddah2,,Mus musculus,10090
ENSMUSG00000007041,Clic1,,Mus musculus,10090
ENSMUSG00000007050,Lsm2,,Mus musculus,10090
ENSMUSG00000007080,Pole,,Mus musculus,10090
ENSMUSG00000007097,Atp1a2,,Mus musculus,10090
ENSMUSG00000007122,Casq1,,Mus musculus,10090
ENSMUSG00000007207,Stx1a,,Mus musculus,10090
ENSMUSG00000007209,Ceacam9,,Mus musculus,10090
ENSMUSG00000007279,Scube2,,Mus musculus,10090
ENSMUSG00000007338,Mrpl49,,Mus musculus,10090
ENSMUSG00000007411,Mark3,,Mus musculus,10090
ENSMUSG00000007415,Gatad1,,Mus musculus,10090
ENSMUSG00000007440,Pcdha11,,Mus musculus,10090
ENSMUSG00000007476,Lrrc8a,,Mus musculus,10090
ENSMUSG00000007480,Mc5r,,Mus musculus,10090
ENSMUSG00000007564,Ppp2r1a,,Mus musculus,10090
ENSMUSG00000007570,Fance,,Mus musculus,10090
ENSMUSG00000007589,Tinf2,,Mus musculus,10090
ENSMUSG00000007603,Dus3l,,Mus musculus,10090
ENSMUSG00000007610,Gtpbp3,,Mus musculus,10090
ENSMUSG00000007613,Tgfbr1,,Mus musculus,10090
ENSMUSG00000007617,Homer1,,Mus musculus,10090
ENSMUSG00000007646,Rad51c,,Mus musculus,10090
ENSMUSG00000007653,Gabrb2,,Mus musculus,10090
ENSMUSG00000007655,Cav1,,Mus musculus,10090
ENSMUSG00000007656,Arpp19,,Mus musculus,10090
ENSMUSG00000007659,Bcl2l1,,Mus musculus,10090
ENSMUSG00000007682,Dio2,,Mus musculus,10090
ENSMUSG00000007739,Cct4,,Mus musculus,10090
ENSMUSG00000007777,0610009B22Rik,,Mus musculus,10090
ENSMUSG00000007805,Twist2,,Mus musculus,10090
ENSMUSG00000007815,Rhoa,,Mus musculus,10090
ENSMUSG00000007817,Zmiz1,,Mus musculus,10090
ENSMUSG00000007827,Ankrd26,,Mus musculus,10090
ENSMUSG00000007833,Aldh16a1,,Mus musculus,10090
ENSMUSG00000007837,Prrg2,,Mus musculus,10090
ENSMUSG00000007850,Hnrnph1,,Mus musculus,10090
ENSMUSG00000007872,Id3,,Mus musculus,10090
ENSMUSG00000007877,Tcap,,Mus musculus,10090
ENSMUSG00000007880,Arid1a,,Mus musculus,10090
ENSMUSG00000007888,Crlf1,,Mus musculus,10090
ENSMUSG00000007891,Ctsd,,Mus musculus,10090
ENSMUSG00000007946,Phox2a,,Mus musculus,10090
ENSMUSG00000007950,Abhd8,,Mus musculus,10090
ENSMUSG00000007987,Ift22,,Mus musculus,10090
ENSMUSG00000007989,Fzd3,,Mus musculus,10090
ENSMUSG00000008035,Mid1ip1,,Mus musculus,10090
ENSMUSG00000008036,Ap2s1,,Mus musculus,10090
ENSMUSG00000008090,Fgfrl1,,Mus musculus,10090
ENSMUSG00000008136,Fhl2,,Mus musculus,10090
ENSMUSG00000008140,Emc10,,Mus musculus,10090
ENSMUSG00000008153,Clstn3,,Mus musculus,10090
ENSMUSG00000008167,Fbxw9,,Mus musculus,10090
ENSMUSG00000008193,Spib,,Mus musculus,10090
ENSMUSG00000008200,Fnbp4,,Mus musculus,10090
ENSMUSG00000008206,Cers4,,Mus musculus,10090
ENSMUSG00000008226,Scrn3,,Mus musculus,10090
ENSMUSG00000008301,Phax,,Mus musculus,10090
ENSMUSG00000008305,Tle1,,Mus musculus,10090
ENSMUSG00000008333,Snrpb2,,Mus musculus,10090
ENSMUSG00000008348,Ubc,,Mus musculus,10090
ENSMUSG00000008373,Prpf31,,Mus musculus,10090
ENSMUSG00000008384,Sertad1,,Mus musculus,10090
ENSMUSG00000008393,Carhsp1,,Mus musculus,10090
ENSMUSG00000008398,Elk3,,Mus musculus,10090
ENSMUSG00000008429,Herpud2,,Mus musculus,10090
ENSMUSG00000008435,Rdh13,,Mus musculus,10090
ENSMUSG00000008438,Adam21,,Mus musculus,10090
ENSMUSG00000008461,Fut1,,Mus musculus,10090
ENSMUSG00000008475,Arpc5,,Mus musculus,10090
ENSMUSG00000008482,Rnf151,,Mus musculus,10090
ENSMUSG00000008489,Elavl2,,Mus musculus,10090
ENSMUSG00000008496,Pou2f2,,Mus musculus,10090
ENSMUSG00000008540,Mgst1,,Mus musculus,10090
ENSMUSG00000008575,Nfib,,Mus musculus,10090
ENSMUSG00000008590,Htr3b,,Mus musculus,10090
ENSMUSG00000008601,Rab25,,Mus musculus,10090
ENSMUSG00000008604,Ubqln4,,Mus musculus,10090
ENSMUSG00000008658,Rbfox1,,Mus musculus,10090
ENSMUSG00000008668,Rps18,,Mus musculus,10090
ENSMUSG00000008690,Ncaph2,,Mus musculus,10090
ENSMUSG00000008730,Hipk1,,Mus musculus,10090
ENSMUSG00000008734,Gprc5b,,Mus musculus,10090
ENSMUSG00000008763,Man1a2,,Mus musculus,10090
ENSMUSG00000008822,Acyp1,,Mus musculus,10090
ENSMUSG00000008843,Cldn13,,Mus musculus,10090
ENSMUSG00000008845,Cd163,,Mus musculus,10090
ENSMUSG00000008855,Hdac5,,Mus musculus,10090
ENSMUSG00000008859,Rala,,Mus musculus,10090
ENSMUSG00000008958,Vps72,,Mus musculus,10090
ENSMUSG00000008976,Gabpa,,Mus musculus,10090
ENSMUSG00000008999,Bmp7,,Mus musculus,10090
ENSMUSG00000009013,Dynll1,,Mus musculus,10090
ENSMUSG00000009030,Pdcl,,Mus musculus,10090
ENSMUSG00000009035,Tmem184b,,Mus musculus,10090
ENSMUSG00000009073,Nf2,,Mus musculus,10090
ENSMUSG00000009075,Cabp7,,Mus musculus,10090
ENSMUSG00000009076,Zmat5,,Mus musculus,10090
ENSMUSG00000009079,Ewsr1,,Mus musculus,10090
ENSMUSG00000009090,Ap1b1,,Mus musculus,10090
ENSMUSG00000009092,Derl3,,Mus musculus,10090
ENSMUSG00000009097,Tbx1,,Mus musculus,10090
ENSMUSG00000009108,Gnat2,,Mus musculus,10090
ENSMUSG00000009112,Bcl2l13,,Mus musculus,10090
ENSMUSG00000009145,Dqx1,,Mus musculus,10090
ENSMUSG00000009185,Ccl8,,Mus musculus,10090
ENSMUSG00000009214,Mymk,,Mus musculus,10090
ENSMUSG00000009246,Trpm5,,Mus musculus,10090
ENSMUSG00000009248,Ascl2,,Mus musculus,10090
ENSMUSG00000009281,Rarres2,,Mus musculus,10090
ENSMUSG00000009291,Pttg1ip,,Mus musculus,10090
ENSMUSG00000009293,Ube2g2,,Mus musculus,10090
ENSMUSG00000009350,Mpo,,Mus musculus,10090
ENSMUSG00000009356,Lpo,,Mus musculus,10090
ENSMUSG00000009376,Met,,Mus musculus,10090
ENSMUSG00000009394,Syn2,,Mus musculus,10090
ENSMUSG00000009406,Elk1,,Mus musculus,10090
ENSMUSG00000009470,Tnpo1,,Mus musculus,10090
ENSMUSG00000009471,Myod1,,Mus musculus,10090
ENSMUSG00000009487,Otog,,Mus musculus,10090
ENSMUSG00000009535,Rnmt,,Mus musculus,10090
ENSMUSG00000009545,Kcnq1,,Mus musculus,10090
ENSMUSG00000009549,Srp14,,Mus musculus,10090
ENSMUSG00000009555,Cdk9,,Mus musculus,10090
ENSMUSG00000009563,Tor2a,,Mus musculus,10090
ENSMUSG00000009566,Fpgs,,Mus musculus,10090
ENSMUSG00000009569,Mrtfb,,Mus musculus,10090
ENSMUSG00000009575,Cbx5,,Mus musculus,10090
ENSMUSG00000009585,Apobec3,,Mus musculus,10090
ENSMUSG00000009588,St6galnac1,,Mus musculus,10090
ENSMUSG00000009596,Taf7l,,Mus musculus,10090
ENSMUSG00000009614,Sardh,,Mus musculus,10090
ENSMUSG00000009621,Vav2,,Mus musculus,10090
ENSMUSG00000009628,Tex15,,Mus musculus,10090
ENSMUSG00000009630,Ppp2cb,,Mus musculus,10090
ENSMUSG00000009633,G0s2,,Mus musculus,10090
ENSMUSG00000009640,Dmap1,,Mus musculus,10090
ENSMUSG00000009646,Pla2g12b,,Mus musculus,10090
ENSMUSG00000009654,Oit3,,Mus musculus,10090
ENSMUSG00000009670,Tex11,,Mus musculus,10090
ENSMUSG00000009681,Bcr,,Mus musculus,10090
ENSMUSG00000009687,Fxyd5,,Mus musculus,10090
ENSMUSG00000009731,Kcnd1,,Mus musculus,10090
ENSMUSG00000009733,Tfcp2,,Mus musculus,10090
ENSMUSG00000009739,Pou6f1,,Mus musculus,10090
ENSMUSG00000009741,Ubp1,,Mus musculus,10090
ENSMUSG00000009828,Ick,,Mus musculus,10090
ENSMUSG00000009863,Sdhb,,Mus musculus,10090
ENSMUSG00000009876,Cox4i2,,Mus musculus,10090
ENSMUSG00000009894,Snap47,,Mus musculus,10090
ENSMUSG00000009900,Wnt3a,,Mus musculus,10090
ENSMUSG00000009907,Vps4b,,Mus musculus,10090
ENSMUSG00000009927,Rps25,,Mus musculus,10090
ENSMUSG00000009941,Nxf2,,Mus musculus,10090
ENSMUSG00000009995,Taz,,Mus musculus,10090
ENSMUSG00000010025,Aldh3a2,,Mus musculus,10090
ENSMUSG00000010044,Zmynd10,,Mus musculus,10090
ENSMUSG00000010045,Tmem115,,Mus musculus,10090
ENSMUSG00000010047,Hyal2,,Mus musculus,10090
ENSMUSG00000010048,Ifrd2,,Mus musculus,10090
ENSMUSG00000010054,Tusc2,,Mus musculus,10090
ENSMUSG00000010057,Nprl2,,Mus musculus,10090
ENSMUSG00000010064,Slc38a3,,Mus musculus,10090
ENSMUSG00000010066,Cacna2d2,,Mus musculus,10090
ENSMUSG00000010067,Rassf1,,Mus musculus,10090
ENSMUSG00000010080,Epn3,,Mus musculus,10090
ENSMUSG00000010086,Rnf112,,Mus musculus,10090
ENSMUSG00000010095,Slc3a2,,Mus musculus,10090
ENSMUSG00000010097,Nxf1,,Mus musculus,10090
ENSMUSG00000010110,Stx5a,,Mus musculus,10090
ENSMUSG00000010122,Slc47a1,,Mus musculus,10090
ENSMUSG00000010142,Tnfrsf13b,,Mus musculus,10090
ENSMUSG00000010154,Spire2,,Mus musculus,10090
ENSMUSG00000010175,Prox1,,Mus musculus,10090
ENSMUSG00000010277,2610507B11Rik,,Mus musculus,10090
ENSMUSG00000010290,AI597479,,Mus musculus,10090
ENSMUSG00000010311,Optc,,Mus musculus,10090
ENSMUSG00000010342,Tex14,,Mus musculus,10090
ENSMUSG00000010358,Ifi35,,Mus musculus,10090
ENSMUSG00000010362,Rdm1,,Mus musculus,10090
ENSMUSG00000010376,Nedd8,,Mus musculus,10090
ENSMUSG00000010392,Gosr1,,Mus musculus,10090
ENSMUSG00000010406,Mrpl52,,Mus musculus,10090
ENSMUSG00000010461,Eya4,,Mus musculus,10090
ENSMUSG00000010476,Ebf3,,Mus musculus,10090
ENSMUSG00000010505,Myt1,,Mus musculus,10090
ENSMUSG00000010517,Faf1,,Mus musculus,10090
ENSMUSG00000010592,Dazl,,Mus musculus,10090
ENSMUSG00000010607,Pigyl,,Mus musculus,10090
ENSMUSG00000010608,Rbm25,,Mus musculus,10090
ENSMUSG00000010609,Psen2,,Mus musculus,10090
ENSMUSG00000010651,Acaa1b,,Mus musculus,10090
ENSMUSG00000010660,Plcd1,,Mus musculus,10090
ENSMUSG00000010663,Fads1,,Mus musculus,10090
ENSMUSG00000010721,Lmbr1,,Mus musculus,10090
ENSMUSG00000010751,Tnfrsf22,,Mus musculus,10090
ENSMUSG00000010755,Cars,,Mus musculus,10090
ENSMUSG00000010760,Phlda2,,Mus musculus,10090
ENSMUSG00000010796,Asz1,,Mus musculus,10090
ENSMUSG00000010797,Wnt2,,Mus musculus,10090
ENSMUSG00000010803,Gabra1,,Mus musculus,10090
ENSMUSG00000010825,Grid2ip,,Mus musculus,10090
ENSMUSG00000010830,Kdelr3,,Mus musculus,10090
ENSMUSG00000010911,Apip,,Mus musculus,10090
ENSMUSG00000010936,Vac14,,Mus musculus,10090
ENSMUSG00000011008,Mcoln2,,Mus musculus,10090
ENSMUSG00000011034,Slc5a1,,Mus musculus,10090
ENSMUSG00000011114,Tbrg1,,Mus musculus,10090
ENSMUSG00000011148,Adssl1,,Mus musculus,10090
ENSMUSG00000011171,Vipr2,,Mus musculus,10090
ENSMUSG00000011179,Odc1,,Mus musculus,10090
ENSMUSG00000011256,Adam19,,Mus musculus,10090
ENSMUSG00000011267,Zfp296,,Mus musculus,10090
ENSMUSG00000011305,Plin5,,Mus musculus,10090
ENSMUSG00000011306,Sugp1,,Mus musculus,10090
ENSMUSG00000011427,Zfp790,,Mus musculus,10090
ENSMUSG00000011463,Cpb1,,Mus musculus,10090
ENSMUSG00000011632,Pinlyp,,Mus musculus,10090
ENSMUSG00000011751,Sptbn4,,Mus musculus,10090
ENSMUSG00000011831,Evi5,,Mus musculus,10090
ENSMUSG00000011837,Snapc2,,Mus musculus,10090
ENSMUSG00000011877,Git1,,Mus musculus,10090
ENSMUSG00000011884,Gltp,,Mus musculus,10090
ENSMUSG00000011958,Bnip2,,Mus musculus,10090
ENSMUSG00000011960,Ccnt1,,Mus musculus,10090
ENSMUSG00000012114,Med15,,Mus musculus,10090
ENSMUSG00000012117,Dhdds,,Mus musculus,10090
ENSMUSG00000012126,Ubxn11,,Mus musculus,10090
ENSMUSG00000012187,Mogat1,,Mus musculus,10090
ENSMUSG00000012282,Wnt8a,,Mus musculus,10090
ENSMUSG00000012296,Tjap1,,Mus musculus,10090
ENSMUSG00000012350,Ehf,,Mus musculus,10090
ENSMUSG00000012405,Rpl15,,Mus musculus,10090
ENSMUSG00000012422,Tmem167,,Mus musculus,10090
ENSMUSG00000012428,Steap4,,Mus musculus,10090
ENSMUSG00000012429,Mplkip,,Mus musculus,10090
ENSMUSG00000012443,Kif11,,Mus musculus,10090
ENSMUSG00000012483,Rpa3,,Mus musculus,10090
ENSMUSG00000012520,Phox2b,,Mus musculus,10090
ENSMUSG00000012535,Tnpo3,,Mus musculus,10090
ENSMUSG00000012705,Retn,,Mus musculus,10090
ENSMUSG00000012819,Cdh23,,Mus musculus,10090
ENSMUSG00000012848,Rps5,,Mus musculus,10090
ENSMUSG00000013033,Adgrl1,,Mus musculus,10090
ENSMUSG00000013150,Gfod2,,Mus musculus,10090
ENSMUSG00000013155,Enkd1,,Mus musculus,10090
ENSMUSG00000013160,Atp6v0d1,,Mus musculus,10090
ENSMUSG00000013236,Ptprs,,Mus musculus,10090
ENSMUSG00000013275,Slc41a1,,Mus musculus,10090
ENSMUSG00000013415,Igf2bp1,,Mus musculus,10090
ENSMUSG00000013418,B4galnt2,,Mus musculus,10090
ENSMUSG00000013419,Zfp651,,Mus musculus,10090
ENSMUSG00000013465,Nelfb,,Mus musculus,10090
ENSMUSG00000013483,Card14,,Mus musculus,10090
ENSMUSG00000013495,Tmem175,,Mus musculus,10090
ENSMUSG00000013539,Tango2,,Mus musculus,10090
ENSMUSG00000013584,Aldh1a2,,Mus musculus,10090
ENSMUSG00000013593,Ndufs2,,Mus musculus,10090
ENSMUSG00000013622,Atraid,,Mus musculus,10090
ENSMUSG00000013629,Cad,,Mus musculus,10090
ENSMUSG00000013643,Lypd8,,Mus musculus,10090
ENSMUSG00000013646,Sh3bp5l,,Mus musculus,10090
ENSMUSG00000013653,1810065E05Rik,,Mus musculus,10090
ENSMUSG00000013662,Atad1,,Mus musculus,10090
ENSMUSG00000013663,Pten,,Mus musculus,10090
ENSMUSG00000013698,Pea15a,,Mus musculus,10090
ENSMUSG00000013736,Trnt1,,Mus musculus,10090
ENSMUSG00000013787,Ehmt2,,Mus musculus,10090
ENSMUSG00000013833,Med16,,Mus musculus,10090
ENSMUSG00000013846,St3gal1,,Mus musculus,10090
ENSMUSG00000013858,Tmem259,,Mus musculus,10090
ENSMUSG00000013936,Myl2,,Mus musculus,10090
ENSMUSG00000013973,Dedd,,Mus musculus,10090
ENSMUSG00000013997,Nit1,,Mus musculus,10090
ENSMUSG00000014030,Pax5,,Mus musculus,10090
ENSMUSG00000014077,Chp1,,Mus musculus,10090
ENSMUSG00000014104,Sval2,,Mus musculus,10090
ENSMUSG00000014158,Trpv4,,Mus musculus,10090
ENSMUSG00000014195,Dnajc7,,Mus musculus,10090
ENSMUSG00000014226,Cacybp,,Mus musculus,10090
ENSMUSG00000014232,Cluap1,,Mus musculus,10090
ENSMUSG00000014243,Zswim7,,Mus musculus,10090
ENSMUSG00000014294,Ndufa2,,Mus musculus,10090
ENSMUSG00000014303,Glis2,,Mus musculus,10090
ENSMUSG00000014313,Cox6c,,Mus musculus,10090
ENSMUSG00000014329,Bicc1,,Mus musculus,10090
ENSMUSG00000014349,Ube2z,,Mus musculus,10090
ENSMUSG00000014351,Gip,,Mus musculus,10090
ENSMUSG00000014355,Anapc1,,Mus musculus,10090
ENSMUSG00000014361,Mertk,,Mus musculus,10090
ENSMUSG00000014402,Tsg101,,Mus musculus,10090
ENSMUSG00000014426,Map3k4,,Mus musculus,10090
ENSMUSG00000014453,Blk,,Mus musculus,10090
ENSMUSG00000014470,Rnf166,,Mus musculus,10090
ENSMUSG00000014496,Ankrd28,,Mus musculus,10090
ENSMUSG00000014503,Pkd2l2,,Mus musculus,10090
ENSMUSG00000014504,Srp19,,Mus musculus,10090
ENSMUSG00000014542,Clec4f,,Mus musculus,10090
ENSMUSG00000014543,Klra17,,Mus musculus,10090
ENSMUSG00000014547,Wdfy2,,Mus musculus,10090
ENSMUSG00000014551,Mrps25,,Mus musculus,10090
ENSMUSG00000014554,Dguok,,Mus musculus,10090
ENSMUSG00000014599,Csf1,,Mus musculus,10090
ENSMUSG00000014602,Kif1a,,Mus musculus,10090
ENSMUSG00000014603,Alx3,,Mus musculus,10090
ENSMUSG00000014606,Slc25a11,,Mus musculus,10090
ENSMUSG00000014609,Chrne,,Mus musculus,10090
ENSMUSG00000014633,Cmc2,,Mus musculus,10090
ENSMUSG00000014668,Chfr,,Mus musculus,10090
ENSMUSG00000014725,Adam28,,Mus musculus,10090
ENSMUSG00000014748,Tex261,,Mus musculus,10090
ENSMUSG00000014763,Fam120b,,Mus musculus,10090
ENSMUSG00000014767,Tbp,,Mus musculus,10090
ENSMUSG00000014769,Psmb1,,Mus musculus,10090
ENSMUSG00000014771,Pdcd2,,Mus musculus,10090
ENSMUSG00000014773,Dll1,,Mus musculus,10090
ENSMUSG00000014776,Nol3,,Mus musculus,10090
ENSMUSG00000014791,Elmo3,,Mus musculus,10090
ENSMUSG00000014813,Stc1,,Mus musculus,10090
ENSMUSG00000014846,Tppp3,,Mus musculus,10090
ENSMUSG00000014850,Msh3,,Mus musculus,10090
ENSMUSG00000014856,Tmem208,,Mus musculus,10090
ENSMUSG00000014859,E2f4,,Mus musculus,10090
ENSMUSG00000014867,Surf4,,Mus musculus,10090
ENSMUSG00000014873,Surf2,,Mus musculus,10090
ENSMUSG00000014905,Dnajb9,,Mus musculus,10090
ENSMUSG00000014907,Naf1,,Mus musculus,10090
ENSMUSG00000014932,Yes1,,Mus musculus,10090
ENSMUSG00000014956,Ppp1cb,,Mus musculus,10090
ENSMUSG00000014959,Gorasp2,,Mus musculus,10090
ENSMUSG00000015001,Oc90,,Mus musculus,10090
ENSMUSG00000015002,Efr3a,,Mus musculus,10090
ENSMUSG00000015013,Trappc2l,,Mus musculus,10090
ENSMUSG00000015016,Acsf3,,Mus musculus,10090
ENSMUSG00000015023,Ddx19a,,Mus musculus,10090
ENSMUSG00000015027,Galns,,Mus musculus,10090
ENSMUSG00000015053,Gata2,,Mus musculus,10090
ENSMUSG00000015083,C8g,,Mus musculus,10090
ENSMUSG00000015085,Entpd2,,Mus musculus,10090
ENSMUSG00000015087,Rabl6,,Mus musculus,10090
ENSMUSG00000015090,Ptgds,,Mus musculus,10090
ENSMUSG00000015092,Edf1,,Mus musculus,10090
ENSMUSG00000015093,Clic3,,Mus musculus,10090
ENSMUSG00000015094,Npdc1,,Mus musculus,10090
ENSMUSG00000015095,Fbxw5,,Mus musculus,10090
ENSMUSG00000015112,Slc25a13,,Mus musculus,10090
ENSMUSG00000015126,Tsr3,,Mus musculus,10090
ENSMUSG00000015133,Lrrk1,,Mus musculus,10090
ENSMUSG00000015134,Aldh1a3,,Mus musculus,10090
ENSMUSG00000015143,Actn1,,Mus musculus,10090
ENSMUSG00000015149,Sirt2,,Mus musculus,10090
ENSMUSG00000015165,Hnrnpl,,Mus musculus,10090
ENSMUSG00000015176,Nolc1,,Mus musculus,10090
ENSMUSG00000015189,Casd1,,Mus musculus,10090
ENSMUSG00000015214,Mtmr1,,Mus musculus,10090
ENSMUSG00000015222,Map2,,Mus musculus,10090
ENSMUSG00000015224,Cyp2j9,,Mus musculus,10090
ENSMUSG00000015243,Abca1,,Mus musculus,10090
ENSMUSG00000015247,Nipsnap3b,,Mus musculus,10090
ENSMUSG00000015289,Lage3,,Mus musculus,10090
ENSMUSG00000015290,Ubl4a,,Mus musculus,10090
ENSMUSG00000015291,Gdi1,,Mus musculus,10090
ENSMUSG00000015305,Sash1,,Mus musculus,10090
ENSMUSG00000015312,Gadd45b,,Mus musculus,10090
ENSMUSG00000015314,Slamf6,,Mus musculus,10090
ENSMUSG00000015316,Slamf1,,Mus musculus,10090
ENSMUSG00000015335,Zdhhc12,,Mus musculus,10090
ENSMUSG00000015337,Endog,,Mus musculus,10090
ENSMUSG00000015340,Cybb,,Mus musculus,10090
ENSMUSG00000015341,Golga7,,Mus musculus,10090
ENSMUSG00000015342,Xk,,Mus musculus,10090
ENSMUSG00000015354,Pcolce2,,Mus musculus,10090
ENSMUSG00000015355,Cd48,,Mus musculus,10090
ENSMUSG00000015357,Clpx,,Mus musculus,10090
ENSMUSG00000015363,Trabd,,Mus musculus,10090
ENSMUSG00000015365,Mov10l1,,Mus musculus,10090
ENSMUSG00000015396,Cd83,,Mus musculus,10090
ENSMUSG00000015401,Cltrn,,Mus musculus,10090
ENSMUSG00000015405,Ace2,,Mus musculus,10090
ENSMUSG00000015437,Gzmb,,Mus musculus,10090
ENSMUSG00000015441,Gzmf,,Mus musculus,10090
ENSMUSG00000015443,Gzmn,,Mus musculus,10090
ENSMUSG00000015452,Ager,,Mus musculus,10090
ENSMUSG00000015461,Atf6b,,Mus musculus,10090
ENSMUSG00000015468,Notch4,,Mus musculus,10090
ENSMUSG00000015474,Ppt2,,Mus musculus,10090
ENSMUSG00000015476,Prrt1,,Mus musculus,10090
ENSMUSG00000015488,Cacfd1,,Mus musculus,10090
ENSMUSG00000015501,Hivep2,,Mus musculus,10090
ENSMUSG00000015519,2310057J18Rik,,Mus musculus,10090
ENSMUSG00000015522,Arnt,,Mus musculus,10090
ENSMUSG00000015533,Itga2,,Mus musculus,10090
ENSMUSG00000015536,Mocs2,,Mus musculus,10090
ENSMUSG00000015542,Nat9,,Mus musculus,10090
ENSMUSG00000015568,Lpl,,Mus musculus,10090
ENSMUSG00000015575,Atp6v0e,,Mus musculus,10090
ENSMUSG00000015579,Nkx2-5,,Mus musculus,10090
ENSMUSG00000015597,Zfp318,,Mus musculus,10090
ENSMUSG00000015605,Srf,,Mus musculus,10090
ENSMUSG00000015619,Gata3,,Mus musculus,10090
ENSMUSG00000015627,Gata5,,Mus musculus,10090
ENSMUSG00000015647,Lama5,,Mus musculus,10090
ENSMUSG00000015652,Steap1,,Mus musculus,10090
ENSMUSG00000015659,Serac1,,Mus musculus,10090
ENSMUSG00000015668,Pdzd11,,Mus musculus,10090
ENSMUSG00000015671,Psma2,,Mus musculus,10090
ENSMUSG00000015672,Mrpl32,,Mus musculus,10090
ENSMUSG00000015697,Setdb1,,Mus musculus,10090
ENSMUSG00000015702,Anxa9,,Mus musculus,10090
ENSMUSG00000015709,Arnt2,,Mus musculus,10090
ENSMUSG00000015711,Prune1,,Mus musculus,10090
ENSMUSG00000015714,Cers2,,Mus musculus,10090
ENSMUSG00000015721,Nlrp5,,Mus musculus,10090
ENSMUSG00000015733,Capza2,,Mus musculus,10090
ENSMUSG00000015745,Plekho1,,Mus musculus,10090
ENSMUSG00000015747,Vps45,,Mus musculus,10090
ENSMUSG00000015748,Prpf3,,Mus musculus,10090
ENSMUSG00000015749,Anp32e,,Mus musculus,10090
ENSMUSG00000015750,Aph1a,,Mus musculus,10090
ENSMUSG00000015755,Tab2,,Mus musculus,10090
ENSMUSG00000015757,Ppil4,,Mus musculus,10090
ENSMUSG00000015759,Cnih1,,Mus musculus,10090
ENSMUSG00000015766,Eps8,,Mus musculus,10090
ENSMUSG00000015776,Med22,,Mus musculus,10090
ENSMUSG00000015787,Abo,,Mus musculus,10090
ENSMUSG00000015790,Surf1,,Mus musculus,10090
ENSMUSG00000015804,Med28,,Mus musculus,10090
ENSMUSG00000015806,Qdpr,,Mus musculus,10090
ENSMUSG00000015837,Sqstm1,,Mus musculus,10090
ENSMUSG00000015839,Nfe2l2,,Mus musculus,10090
ENSMUSG00000015843,Rxrg,,Mus musculus,10090
ENSMUSG00000015846,Rxra,,Mus musculus,10090
ENSMUSG00000015850,Adamtsl4,,Mus musculus,10090
ENSMUSG00000015852,Fcrls,,Mus musculus,10090
ENSMUSG00000015854,Cd5l,,Mus musculus,10090
ENSMUSG00000015869,Prpsap1,,Mus musculus,10090
ENSMUSG00000015880,Ncapg,,Mus musculus,10090
ENSMUSG00000015882,Lcorl,,Mus musculus,10090
ENSMUSG00000015889,Lta4h,,Mus musculus,10090
ENSMUSG00000015890,Amdhd1,,Mus musculus,10090
ENSMUSG00000015932,Dstn,,Mus musculus,10090
ENSMUSG00000015937,Macroh2a1,,Mus musculus,10090
ENSMUSG00000015942,Gtf2ird2,,Mus musculus,10090
ENSMUSG00000015943,Bola1,,Mus musculus,10090
ENSMUSG00000015944,Castor2,,Mus musculus,10090
ENSMUSG00000015947,Fcgr1,,Mus musculus,10090
ENSMUSG00000015950,Ncf1,,Mus musculus,10090
ENSMUSG00000015957,Wnt11,,Mus musculus,10090
ENSMUSG00000015961,Adss,,Mus musculus,10090
ENSMUSG00000015966,Il17rb,,Mus musculus,10090
ENSMUSG00000015968,Cacna1d,,Mus musculus,10090
ENSMUSG00000015970,Chdh,,Mus musculus,10090
ENSMUSG00000015971,Actr8,,Mus musculus,10090
ENSMUSG00000015981,Stk32c,,Mus musculus,10090
ENSMUSG00000015994,Fnta,,Mus musculus,10090
ENSMUSG00000016018,Mtrex,,Mus musculus,10090
ENSMUSG00000016024,Lbp,,Mus musculus,10090
ENSMUSG00000016028,Celsr1,,Mus musculus,10090
ENSMUSG00000016087,Fli1,,Mus musculus,10090
ENSMUSG00000016128,Stard13,,Mus musculus,10090
ENSMUSG00000016150,Tenm1,,Mus musculus,10090
ENSMUSG00000016179,Camk1g,,Mus musculus,10090
ENSMUSG00000016181,Utp25,,Mus musculus,10090
ENSMUSG00000016194,Hsd11b1,,Mus musculus,10090
ENSMUSG00000016206,H2-M3,,Mus musculus,10090
ENSMUSG00000016252,Atp5e,,Mus musculus,10090
ENSMUSG00000016253,Nelfcd,,Mus musculus,10090
ENSMUSG00000016256,Ctsz,,Mus musculus,10090
ENSMUSG00000016257,Prelid3b,,Mus musculus,10090
ENSMUSG00000016308,Ube2a,,Mus musculus,10090
ENSMUSG00000016319,Slc25a5,,Mus musculus,10090
ENSMUSG00000016327,Atp1b4,,Mus musculus,10090
ENSMUSG00000016346,Kcnq2,,Mus musculus,10090
ENSMUSG00000016349,Eef1a2,,Mus musculus,10090
ENSMUSG00000016356,Col20a1,,Mus musculus,10090
ENSMUSG00000016382,Pls3,,Mus musculus,10090
ENSMUSG00000016409,Nkap,,Mus musculus,10090
ENSMUSG00000016427,Ndufa1,,Mus musculus,10090
ENSMUSG00000016458,Wt1,,Mus musculus,10090
ENSMUSG00000016477,E2f3,,Mus musculus,10090
ENSMUSG00000016481,Cr1l,,Mus musculus,10090
ENSMUSG00000016493,Cd46,,Mus musculus,10090
ENSMUSG00000016494,Cd34,,Mus musculus,10090
ENSMUSG00000016495,Plgrkt,,Mus musculus,10090
ENSMUSG00000016496,Cd274,,Mus musculus,10090
ENSMUSG00000016498,Pdcd1lg2,,Mus musculus,10090
ENSMUSG00000016503,Gtf3a,,Mus musculus,10090
ENSMUSG00000016520,Lnx2,,Mus musculus,10090
ENSMUSG00000016526,Dyrk3,,Mus musculus,10090
ENSMUSG00000016528,Mapkapk2,,Mus musculus,10090
ENSMUSG00000016529,Il10,,Mus musculus,10090
ENSMUSG00000016534,Lamp2,,Mus musculus,10090
ENSMUSG00000016541,Atxn10,,Mus musculus,10090
ENSMUSG00000016554,Eif3d,,Mus musculus,10090
ENSMUSG00000016559,H3f3b,,Mus musculus,10090
ENSMUSG00000016619,Nup50,,Mus musculus,10090
ENSMUSG00000016637,Ift27,,Mus musculus,10090
ENSMUSG00000016664,Pacsin2,,Mus musculus,10090
ENSMUSG00000016756,Cmah,,Mus musculus,10090
ENSMUSG00000016758,Bik,,Mus musculus,10090
ENSMUSG00000016763,Scube1,,Mus musculus,10090
ENSMUSG00000016831,Tox4,,Mus musculus,10090
ENSMUSG00000016833,Mrps18c,,Mus musculus,10090
ENSMUSG00000016921,Srsf6,,Mus musculus,10090
ENSMUSG00000016940,Kctd2,,Mus musculus,10090
ENSMUSG00000016946,Kctd5,,Mus musculus,10090
ENSMUSG00000016984,Etaa1,,Mus musculus,10090
ENSMUSG00000016995,Matn4,,Mus musculus,10090
ENSMUSG00000016998,Svs4,,Mus musculus,10090
ENSMUSG00000017000,Svs6,,Mus musculus,10090
ENSMUSG00000017002,Slpi,,Mus musculus,10090
ENSMUSG00000017003,Svs3a,,Mus musculus,10090
ENSMUSG00000017004,Svs5,,Mus musculus,10090
ENSMUSG00000017007,Rbpjl,,Mus musculus,10090
ENSMUSG00000017009,Sdc4,,Mus musculus,10090
ENSMUSG00000017049,Ccdc70,,Mus musculus,10090
ENSMUSG00000017057,Il13ra1,,Mus musculus,10090
ENSMUSG00000017064,Prl5a1,,Mus musculus,10090
ENSMUSG00000017119,Nbr1,,Mus musculus,10090
ENSMUSG00000017132,Cyth1,,Mus musculus,10090
ENSMUSG00000017144,Rnd3,,Mus musculus,10090
ENSMUSG00000017146,Brca1,,Mus musculus,10090
ENSMUSG00000017165,Gast,,Mus musculus,10090
ENSMUSG00000017167,Cntnap1,,Mus musculus,10090
ENSMUSG00000017176,Nt5c3b,,Mus musculus,10090
ENSMUSG00000017188,Coa3,,Mus musculus,10090
ENSMUSG00000017204,Gsdma,,Mus musculus,10090
ENSMUSG00000017210,Med24,,Mus musculus,10090
ENSMUSG00000017221,Psmd3,,Mus musculus,10090
ENSMUSG00000017264,Exosc10,,Mus musculus,10090
ENSMUSG00000017286,Glod4,,Mus musculus,10090
ENSMUSG00000017288,Vps53,,Mus musculus,10090
ENSMUSG00000017291,Taok1,,Mus musculus,10090
ENSMUSG00000017299,Dnttip1,,Mus musculus,10090
ENSMUSG00000017300,Tnnc2,,Mus musculus,10090
ENSMUSG00000017307,Acot8,,Mus musculus,10090
ENSMUSG00000017311,Pyy,,Mus musculus,10090
ENSMUSG00000017314,Mpp2,,Mus musculus,10090
ENSMUSG00000017316,Ppy,,Mus musculus,10090
ENSMUSG00000017344,Vtn,,Mus musculus,10090
ENSMUSG00000017376,Nlk,,Mus musculus,10090
ENSMUSG00000017386,Traf4,,Mus musculus,10090
ENSMUSG00000017390,Aldoc,,Mus musculus,10090
ENSMUSG00000017400,Stac2,,Mus musculus,10090
ENSMUSG00000017405,Nek8,,Mus musculus,10090
ENSMUSG00000017412,Cacnb4,,Mus musculus,10090
ENSMUSG00000017417,Plxdc1,,Mus musculus,10090
ENSMUSG00000017421,Zfp207,,Mus musculus,10090
ENSMUSG00000017428,Psmd11,,Mus musculus,10090
ENSMUSG00000017446,C1qtnf1,,Mus musculus,10090
ENSMUSG00000017453,Pipox,,Mus musculus,10090
ENSMUSG00000017466,Timp2,,Mus musculus,10090
ENSMUSG00000017485,Top2b,,Mus musculus,10090
ENSMUSG00000017491,Rarb,,Mus musculus,10090
ENSMUSG00000017493,Igfbp4,,Mus musculus,10090
ENSMUSG00000017499,Cdc6,,Mus musculus,10090
ENSMUSG00000017548,Suz12,,Mus musculus,10090
ENSMUSG00000017561,Crlf3,,Mus musculus,10090
ENSMUSG00000017588,Krt27,,Mus musculus,10090
ENSMUSG00000017615,Tnfaip1,,Mus musculus,10090
ENSMUSG00000017631,Abr,,Mus musculus,10090
ENSMUSG00000017652,Cd40,,Mus musculus,10090
ENSMUSG00000017664,Slc35c2,,Mus musculus,10090
ENSMUSG00000017667,Zfp334,,Mus musculus,10090
ENSMUSG00000017670,Elmo2,,Mus musculus,10090
ENSMUSG00000017677,Wsb1,,Mus musculus,10090
ENSMUSG00000017686,Rhot1,,Mus musculus,10090
ENSMUSG00000017688,Hnf4g,,Mus musculus,10090
ENSMUSG00000017692,Rhbdl3,,Mus musculus,10090
ENSMUSG00000017697,Ada,,Mus musculus,10090
ENSMUSG00000017707,Serinc3,,Mus musculus,10090
ENSMUSG00000017713,Tha1,,Mus musculus,10090
ENSMUSG00000017715,Pgs1,,Mus musculus,10090
ENSMUSG00000017716,Birc5,,Mus musculus,10090
ENSMUSG00000017718,Afmid,,Mus musculus,10090
ENSMUSG00000017721,Pigt,,Mus musculus,10090
ENSMUSG00000017723,Wfdc2,,Mus musculus,10090
ENSMUSG00000017724,Etv4,,Mus musculus,10090
ENSMUSG00000017733,Eppin,,Mus musculus,10090
ENSMUSG00000017737,Mmp9,,Mus musculus,10090
ENSMUSG00000017740,Slc12a5,,Mus musculus,10090
ENSMUSG00000017747,Ghdc,,Mus musculus,10090
ENSMUSG00000017754,Pltp,,Mus musculus,10090
ENSMUSG00000017756,Slc12a7,,Mus musculus,10090
ENSMUSG00000017760,Ctsa,,Mus musculus,10090
ENSMUSG00000017764,Zswim1,,Mus musculus,10090
ENSMUSG00000017765,Slc12a4,,Mus musculus,10090
ENSMUSG00000017774,Myo1c,,Mus musculus,10090
ENSMUSG00000017776,Crk,,Mus musculus,10090
ENSMUSG00000017781,Pitpna,,Mus musculus,10090
ENSMUSG00000017801,Mlx,,Mus musculus,10090
ENSMUSG00000017802,Retreg3,,Mus musculus,10090
ENSMUSG00000017817,Jph2,,Mus musculus,10090
ENSMUSG00000017830,Dhx58,,Mus musculus,10090
ENSMUSG00000017831,Rab5a,,Mus musculus,10090
ENSMUSG00000017837,Nkiras2,,Mus musculus,10090
ENSMUSG00000017843,Ppp2r5c,,Mus musculus,10090
ENSMUSG00000017861,Mybl2,,Mus musculus,10090
ENSMUSG00000017868,Sgk2,,Mus musculus,10090
ENSMUSG00000017897,Eya2,,Mus musculus,10090
ENSMUSG00000017922,Prl3c1,,Mus musculus,10090
ENSMUSG00000017929,B4galt5,,Mus musculus,10090
ENSMUSG00000017943,Gdap1l1,,Mus musculus,10090
ENSMUSG00000017950,Hnf4a,,Mus musculus,10090
ENSMUSG00000017969,Ptgis,,Mus musculus,10090
ENSMUSG00000017978,Cadps2,,Mus musculus,10090
ENSMUSG00000017999,Ddx27,,Mus musculus,10090
ENSMUSG00000018001,Cyth3,,Mus musculus,10090
ENSMUSG00000018012,Rac3,,Mus musculus,10090
ENSMUSG00000018042,Cyb5r3,,Mus musculus,10090
ENSMUSG00000018102,H2bc4,,Mus musculus,10090
ENSMUSG00000018143,Mafk,,Mus musculus,10090
ENSMUSG00000018160,Med1,,Mus musculus,10090
ENSMUSG00000018166,Erbb3,,Mus musculus,10090
ENSMUSG00000018167,Stard3,,Mus musculus,10090
ENSMUSG00000018169,Mfng,,Mus musculus,10090
ENSMUSG00000018171,Vmp1,,Mus musculus,10090
ENSMUSG00000018189,Uchl5,,Mus musculus,10090
ENSMUSG00000018196,Glrx2,,Mus musculus,10090
ENSMUSG00000018199,Ro60,,Mus musculus,10090
ENSMUSG00000018209,Stk4,,Mus musculus,10090
ENSMUSG00000018211,Wfdc15b,,Mus musculus,10090
ENSMUSG00000018217,Pmp22,,Mus musculus,10090
ENSMUSG00000018238,Gdf9,,Mus musculus,10090
ENSMUSG00000018239,Zcchc10,,Mus musculus,10090
ENSMUSG00000018259,Prl8a2,,Mus musculus,10090
ENSMUSG00000018263,Tbx5,,Mus musculus,10090
ENSMUSG00000018286,Psmb6,,Mus musculus,10090
ENSMUSG00000018287,Spag7,,Mus musculus,10090
ENSMUSG00000018293,Pfn1,,Mus musculus,10090
ENSMUSG00000018322,Tomm34,,Mus musculus,10090
ENSMUSG00000018326,Ywhab,,Mus musculus,10090
ENSMUSG00000018334,Ksr1,,Mus musculus,10090
ENSMUSG00000018339,Gpx3,,Mus musculus,10090
ENSMUSG00000018340,Anxa6,,Mus musculus,10090
ENSMUSG00000018341,Il12rb2,,Mus musculus,10090
ENSMUSG00000018347,Zkscan6,,Mus musculus,10090
ENSMUSG00000018378,Cuedc1,,Mus musculus,10090
ENSMUSG00000018379,Srsf1,,Mus musculus,10090
ENSMUSG00000018387,Shroom1,,Mus musculus,10090
ENSMUSG00000018395,Kif3a,,Mus musculus,10090
ENSMUSG00000018398,Sept8,,Mus musculus,10090
ENSMUSG00000018401,Mtmr4,,Mus musculus,10090
ENSMUSG00000018405,Mrm1,,Mus musculus,10090
ENSMUSG00000018411,Mapt,,Mus musculus,10090
ENSMUSG00000018412,Kansl1,,Mus musculus,10090
ENSMUSG00000018415,Gid4,,Mus musculus,10090
ENSMUSG00000018417,Myo1b,,Mus musculus,10090
ENSMUSG00000018425,Dhx40,,Mus musculus,10090
ENSMUSG00000018428,Akap1,,Mus musculus,10090
ENSMUSG00000018433,Nol11,,Mus musculus,10090
ENSMUSG00000018442,Derl2,,Mus musculus,10090
ENSMUSG00000018446,C1qbp,,Mus musculus,10090
ENSMUSG00000018451,6330403K07Rik,,Mus musculus,10090
ENSMUSG00000018459,Slc13a3,,Mus musculus,10090
ENSMUSG00000018470,Kcnab3,,Mus musculus,10090
ENSMUSG00000018481,Appbp2,,Mus musculus,10090
ENSMUSG00000018486,Wnt9b,,Mus musculus,10090
ENSMUSG00000018500,Adora2b,,Mus musculus,10090
ENSMUSG00000018501,Ncor1,,Mus musculus,10090
ENSMUSG00000018507,Trpv2,,Mus musculus,10090
ENSMUSG00000018509,Cenpv,,Mus musculus,10090
ENSMUSG00000018537,Pcgf2,,Mus musculus,10090
ENSMUSG00000018548,Trim37,,Mus musculus,10090
ENSMUSG00000018554,Ybx2,,Mus musculus,10090
ENSMUSG00000018559,Ctdnep1,,Mus musculus,10090
ENSMUSG00000018565,Elp5,,Mus musculus,10090
ENSMUSG00000018566,Slc2a4,,Mus musculus,10090
ENSMUSG00000018567,Gabarap,,Mus musculus,10090
ENSMUSG00000018569,Cldn7,,Mus musculus,10090
ENSMUSG00000018572,Phf23,,Mus musculus,10090
ENSMUSG00000018574,Acadvl,,Mus musculus,10090
ENSMUSG00000018581,Dnah11,,Mus musculus,10090
ENSMUSG00000018583,G3bp1,,Mus musculus,10090
ENSMUSG00000018585,Atox1,,Mus musculus,10090
ENSMUSG00000018593,Sparc,,Mus musculus,10090
ENSMUSG00000018595,Glra4,,Mus musculus,10090
ENSMUSG00000018604,Tbx3,,Mus musculus,10090
ENSMUSG00000018620,Mmp20,,Mus musculus,10090
ENSMUSG00000018623,Mmp7,,Mus musculus,10090
ENSMUSG00000018634,Crhr1,,Mus musculus,10090
ENSMUSG00000018648,Dusp14,,Mus musculus,10090
ENSMUSG00000018651,Tada2a,,Mus musculus,10090
ENSMUSG00000018654,Ikzf1,,Mus musculus,10090
ENSMUSG00000018659,Pnpo,,Mus musculus,10090
ENSMUSG00000018661,Cog1,,Mus musculus,10090
ENSMUSG00000018666,Cbx1,,Mus musculus,10090
ENSMUSG00000018669,Cdk5rap3,,Mus musculus,10090
ENSMUSG00000018672,Copz2,,Mus musculus,10090
ENSMUSG00000018677,Slc25a39,,Mus musculus,10090
ENSMUSG00000018678,Sp2,,Mus musculus,10090
ENSMUSG00000018697,Aatf,,Mus musculus,10090
ENSMUSG00000018698,Lhx1,,Mus musculus,10090
ENSMUSG00000018707,Dync1h1,,Mus musculus,10090
ENSMUSG00000018727,Cpsf4l,,Mus musculus,10090
ENSMUSG00000018733,Pex12,,Mus musculus,10090
ENSMUSG00000018736,Ndel1,,Mus musculus,10090
ENSMUSG00000018740,Slc25a35,,Mus musculus,10090
ENSMUSG00000018761,Mpdu1,,Mus musculus,10090
ENSMUSG00000018765,Fxr2,,Mus musculus,10090
ENSMUSG00000018770,Atp5g3,,Mus musculus,10090
ENSMUSG00000018774,Cd68,,Mus musculus,10090
ENSMUSG00000018776,Slc35g3,,Mus musculus,10090
ENSMUSG00000018796,Acsl1,,Mus musculus,10090
ENSMUSG00000018819,Lsp1,,Mus musculus,10090
ENSMUSG00000018820,Zfyve27,,Mus musculus,10090
ENSMUSG00000018821,Avpi1,,Mus musculus,10090
ENSMUSG00000018822,Sfrp5,,Mus musculus,10090
ENSMUSG00000018830,Myh11,,Mus musculus,10090
ENSMUSG00000018841,Rad51d,,Mus musculus,10090
ENSMUSG00000018846,Pank3,,Mus musculus,10090
ENSMUSG00000018848,Rars,,Mus musculus,10090
ENSMUSG00000018849,Wwc1,,Mus musculus,10090
ENSMUSG00000018858,Mrpl58,,Mus musculus,10090
ENSMUSG00000018861,Fdxr,,Mus musculus,10090
ENSMUSG00000018865,Sult4a1,,Mus musculus,10090
ENSMUSG00000018882,Mrpl45,,Mus musculus,10090
ENSMUSG00000018893,Mb,,Mus musculus,10090
ENSMUSG00000018899,Irf1,,Mus musculus,10090
ENSMUSG00000018900,Slc22a5,,Mus musculus,10090
ENSMUSG00000018906,P4ha2,,Mus musculus,10090
ENSMUSG00000018907,Alox12e,,Mus musculus,10090
ENSMUSG00000018909,Arrb1,,Mus musculus,10090
ENSMUSG00000018914,Il3,,Mus musculus,10090
ENSMUSG00000018916,Csf2,,Mus musculus,10090
ENSMUSG00000018919,Tm4sf5,,Mus musculus,10090
ENSMUSG00000018920,Cxcl16,,Mus musculus,10090
ENSMUSG00000018921,Pelp1,,Mus musculus,10090
ENSMUSG00000018923,Med11,,Mus musculus,10090
ENSMUSG00000018924,Alox15,,Mus musculus,10090
ENSMUSG00000018927,Ccl6,,Mus musculus,10090
ENSMUSG00000018930,Ccl4,,Mus musculus,10090
ENSMUSG00000018931,Natd1,,Mus musculus,10090
ENSMUSG00000018932,Map2k3,,Mus musculus,10090
ENSMUSG00000018973,Hoxb1,,Mus musculus,10090
ENSMUSG00000018974,Sart3,,Mus musculus,10090
ENSMUSG00000018986,Slfn3,,Mus musculus,10090
ENSMUSG00000018999,Slc35b4,,Mus musculus,10090
ENSMUSG00000019027,Dnah1,,Mus musculus,10090
ENSMUSG00000019039,Dalrd3,,Mus musculus,10090
ENSMUSG00000019054,Fis1,,Mus musculus,10090
ENSMUSG00000019055,Plod1,,Mus musculus,10090
ENSMUSG00000019066,Rab3d,,Mus musculus,10090
ENSMUSG00000019080,Mfsd3,,Mus musculus,10090
ENSMUSG00000019082,Slc25a22,,Mus musculus,10090
ENSMUSG00000019087,Atp6ap1,,Mus musculus,10090
ENSMUSG00000019102,Aldh3a1,,Mus musculus,10090
ENSMUSG00000019122,Ccl9,,Mus musculus,10090
ENSMUSG00000019132,BC005537,,Mus musculus,10090
ENSMUSG00000019139,Isyna1,,Mus musculus,10090
ENSMUSG00000019143,Hars2,,Mus musculus,10090
ENSMUSG00000019146,Cacng2,,Mus musculus,10090
ENSMUSG00000019158,Tmem160,,Mus musculus,10090
ENSMUSG00000019173,Rab5c,,Mus musculus,10090
ENSMUSG00000019178,Styxl1,,Mus musculus,10090
ENSMUSG00000019179,Mdh2,,Mus musculus,10090
ENSMUSG00000019188,H13,,Mus musculus,10090
ENSMUSG00000019189,Rnf145,,Mus musculus,10090
ENSMUSG00000019194,Scn1b,,Mus musculus,10090
ENSMUSG00000019210,Atp6v1e1,,Mus musculus,10090
ENSMUSG00000019214,Chtf18,,Mus musculus,10090
ENSMUSG00000019230,Lhx9,,Mus musculus,10090
ENSMUSG00000019235,Rps6kl1,,Mus musculus,10090
ENSMUSG00000019254,Ppp1r12c,,Mus musculus,10090
ENSMUSG00000019256,Ahr,,Mus musculus,10090
ENSMUSG00000019261,Map1s,,Mus musculus,10090
ENSMUSG00000019278,Dpep1,,Mus musculus,10090
ENSMUSG00000019295,Tmem129,,Mus musculus,10090
ENSMUSG00000019297,Nop9,,Mus musculus,10090
ENSMUSG00000019301,Hsd17b1,,Mus musculus,10090
ENSMUSG00000019302,Atp6v0a1,,Mus musculus,10090
ENSMUSG00000019303,Psmc3ip,,Mus musculus,10090
ENSMUSG00000019312,Grb7,,Mus musculus,10090
ENSMUSG00000019320,Noxo1,,Mus musculus,10090
ENSMUSG00000019326,Aoc3,,Mus musculus,10090
ENSMUSG00000019359,Gdpd2,,Mus musculus,10090
ENSMUSG00000019362,D8Ertd738e,,Mus musculus,10090
ENSMUSG00000019368,Sec14l4,,Mus musculus,10090
ENSMUSG00000019370,Calm3,,Mus musculus,10090
ENSMUSG00000019373,Cops3,,Mus musculus,10090
ENSMUSG00000019428,Fkbp8,,Mus musculus,10090
ENSMUSG00000019432,Ddx39b,,Mus musculus,10090
ENSMUSG00000019433,Gipc1,,Mus musculus,10090
ENSMUSG00000019437,Tlcd1,,Mus musculus,10090
ENSMUSG00000019461,Plscr3,,Mus musculus,10090
ENSMUSG00000019464,Ptger1,,Mus musculus,10090
ENSMUSG00000019467,Arhgef25,,Mus musculus,10090
ENSMUSG00000019470,Xab2,,Mus musculus,10090
ENSMUSG00000019471,Cdc37,,Mus musculus,10090
ENSMUSG00000019478,Rab4a,,Mus musculus,10090
ENSMUSG00000019487,Trip10,,Mus musculus,10090
ENSMUSG00000019489,Cd70,,Mus musculus,10090
ENSMUSG00000019494,Cops6,,Mus musculus,10090
ENSMUSG00000019518,Ap4m1,,Mus musculus,10090
ENSMUSG00000019528,Gyg,,Mus musculus,10090
ENSMUSG00000019539,Rcn3,,Mus musculus,10090
ENSMUSG00000019558,Slc6a8,,Mus musculus,10090
ENSMUSG00000019564,Arid3a,,Mus musculus,10090
ENSMUSG00000019577,Pdk4,,Mus musculus,10090
ENSMUSG00000019578,Ubxn6,,Mus musculus,10090
ENSMUSG00000019579,Mydgf,,Mus musculus,10090
ENSMUSG00000019590,Cyb561,,Mus musculus,10090
ENSMUSG00000019647,Sema6a,,Mus musculus,10090
ENSMUSG00000019659,Ccdc12,,Mus musculus,10090
ENSMUSG00000019689,Fmc1,,Mus musculus,10090
ENSMUSG00000019699,Akt3,,Mus musculus,10090
ENSMUSG00000019710,Mrpl24,,Mus musculus,10090
ENSMUSG00000019715,Gle1,,Mus musculus,10090
ENSMUSG00000019718,L3hypdh,,Mus musculus,10090
ENSMUSG00000019726,Lyst,,Mus musculus,10090
ENSMUSG00000019731,Slc35e1,,Mus musculus,10090
ENSMUSG00000019734,Tmc4,,Mus musculus,10090
ENSMUSG00000019737,Syne4,,Mus musculus,10090
ENSMUSG00000019738,Polr2i,,Mus musculus,10090
ENSMUSG00000019761,Krt10,,Mus musculus,10090
ENSMUSG00000019762,Iyd,,Mus musculus,10090
ENSMUSG00000019768,Esr1,,Mus musculus,10090
ENSMUSG00000019772,Vip,,Mus musculus,10090
ENSMUSG00000019775,Rgs17,,Mus musculus,10090
ENSMUSG00000019777,Hdac2,,Mus musculus,10090
ENSMUSG00000019779,Frk,,Mus musculus,10090
ENSMUSG00000019787,Trdn,,Mus musculus,10090
ENSMUSG00000019789,Hey2,,Mus musculus,10090
ENSMUSG00000019791,Hint3,,Mus musculus,10090
ENSMUSG00000019794,Katna1,,Mus musculus,10090
ENSMUSG00000019795,Pcmt1,,Mus musculus,10090
ENSMUSG00000019797,1700021F05Rik,,Mus musculus,10090
ENSMUSG00000019802,Sec63,,Mus musculus,10090
ENSMUSG00000019804,Snx3,,Mus musculus,10090
ENSMUSG00000019806,Aig1,,Mus musculus,10090
ENSMUSG00000019808,Adat2,,Mus musculus,10090
ENSMUSG00000019809,Pex3,,Mus musculus,10090
ENSMUSG00000019810,Fuca2,,Mus musculus,10090
ENSMUSG00000019813,Cep57l1,,Mus musculus,10090
ENSMUSG00000019814,Ltv1,,Mus musculus,10090
ENSMUSG00000019817,Plagl1,,Mus musculus,10090
ENSMUSG00000019818,Cd164,,Mus musculus,10090
ENSMUSG00000019820,Utrn,,Mus musculus,10090
ENSMUSG00000019822,Smpd2,,Mus musculus,10090
ENSMUSG00000019823,Mical1,,Mus musculus,10090
ENSMUSG00000019828,Grm1,,Mus musculus,10090
ENSMUSG00000019831,Wasf1,,Mus musculus,10090
ENSMUSG00000019832,Rab32,,Mus musculus,10090
ENSMUSG00000019837,Gtf3c6,,Mus musculus,10090
ENSMUSG00000019841,Rev3l,,Mus musculus,10090
ENSMUSG00000019842,Traf3ip2,,Mus musculus,10090
ENSMUSG00000019843,Fyn,,Mus musculus,10090
ENSMUSG00000019846,Lama4,,Mus musculus,10090
ENSMUSG00000019848,Popdc3,,Mus musculus,10090
ENSMUSG00000019849,Prep,,Mus musculus,10090
ENSMUSG00000019851,Perp,,Mus musculus,10090
ENSMUSG00000019853,Hebp2,,Mus musculus,10090
ENSMUSG00000019854,Reps1,,Mus musculus,10090
ENSMUSG00000019857,Asf1a,,Mus musculus,10090
ENSMUSG00000019861,Gopc,,Mus musculus,10090
ENSMUSG00000019863,Qrsl1,,Mus musculus,10090
ENSMUSG00000019864,Rtn4ip1,,Mus musculus,10090
ENSMUSG00000019865,Nmbr,,Mus musculus,10090
ENSMUSG00000019866,Crybg1,,Mus musculus,10090
ENSMUSG00000019868,Vta1,,Mus musculus,10090
ENSMUSG00000019872,Smpdl3a,,Mus musculus,10090
ENSMUSG00000019873,Reep3,,Mus musculus,10090
ENSMUSG00000019874,Fabp7,,Mus musculus,10090
ENSMUSG00000019876,Pkib,,Mus musculus,10090
ENSMUSG00000019877,Serinc1,,Mus musculus,10090
ENSMUSG00000019878,Hsf2,,Mus musculus,10090
ENSMUSG00000019883,Echdc1,,Mus musculus,10090
ENSMUSG00000019888,Mgat4c,,Mus musculus,10090
ENSMUSG00000019889,Ptprk,,Mus musculus,10090
ENSMUSG00000019890,Nts,,Mus musculus,10090
ENSMUSG00000019891,Dcbld1,,Mus musculus,10090
ENSMUSG00000019893,Ros1,,Mus musculus,10090
ENSMUSG00000019894,Slc6a15,,Mus musculus,10090
ENSMUSG00000019897,Ccdc59,,Mus musculus,10090
ENSMUSG00000019899,Lama2,,Mus musculus,10090
ENSMUSG00000019905,Gprc6a,,Mus musculus,10090
ENSMUSG00000019913,Sim1,,Mus musculus,10090
ENSMUSG00000019916,P4ha1,,Mus musculus,10090
ENSMUSG00000019917,Sept10,,Mus musculus,10090
ENSMUSG00000019920,Lims1,,Mus musculus,10090
ENSMUSG00000019923,Zwint,,Mus musculus,10090
ENSMUSG00000019927,Ube2d1,,Mus musculus,10090
ENSMUSG00000019929,Dcn,,Mus musculus,10090
ENSMUSG00000019932,Kera,,Mus musculus,10090
ENSMUSG00000019936,Epyc,,Mus musculus,10090
ENSMUSG00000019942,Cdk1,,Mus musculus,10090
ENSMUSG00000019947,Arid5b,,Mus musculus,10090
ENSMUSG00000019948,Actr6,,Mus musculus,10090
ENSMUSG00000019951,Uhrf1bp1l,,Mus musculus,10090
ENSMUSG00000019960,Dusp6,,Mus musculus,10090
ENSMUSG00000019961,Tmpo,,Mus musculus,10090
ENSMUSG00000019966,Kitl,,Mus musculus,10090
ENSMUSG00000019969,Psen1,,Mus musculus,10090
ENSMUSG00000019970,Sgk1,,Mus musculus,10090
ENSMUSG00000019971,Cep290,,Mus musculus,10090
ENSMUSG00000019975,Ikbip,,Mus musculus,10090
ENSMUSG00000019977,Hbs1l,,Mus musculus,10090
ENSMUSG00000019978,Epb41l2,,Mus musculus,10090
ENSMUSG00000019979,Apaf1,,Mus musculus,10090
ENSMUSG00000019982,Myb,,Mus musculus,10090
ENSMUSG00000019984,Med23,,Mus musculus,10090
ENSMUSG00000019986,Ahi1,,Mus musculus,10090
ENSMUSG00000019987,Arg1,,Mus musculus,10090
ENSMUSG00000019988,Nedd1,,Mus musculus,10090
ENSMUSG00000019989,Enpp3,,Mus musculus,10090
ENSMUSG00000019990,Pde7b,,Mus musculus,10090
ENSMUSG00000019992,Mtfr2,,Mus musculus,10090
ENSMUSG00000019996,Map7,,Mus musculus,10090
ENSMUSG00000019997,Ccn2,,Mus musculus,10090
ENSMUSG00000019998,Stx7,,Mus musculus,10090
ENSMUSG00000020000,Moxd1,,Mus musculus,10090
ENSMUSG00000020003,Pex7,,Mus musculus,10090
ENSMUSG00000020009,Ifngr1,,Mus musculus,10090
ENSMUSG00000020010,Vnn3,,Mus musculus,10090
ENSMUSG00000020017,Hal,,Mus musculus,10090
ENSMUSG00000020019,Ntn4,,Mus musculus,10090
ENSMUSG00000020021,Fgd6,,Mus musculus,10090
ENSMUSG00000020023,Tmcc3,,Mus musculus,10090
ENSMUSG00000020027,Socs2,,Mus musculus,10090
ENSMUSG00000020029,Nudt4,,Mus musculus,10090
ENSMUSG00000020038,Cry1,,Mus musculus,10090
ENSMUSG00000020044,Timp3,,Mus musculus,10090
ENSMUSG00000020048,Hsp90b1,,Mus musculus,10090
ENSMUSG00000020051,Pah,,Mus musculus,10090
ENSMUSG00000020052,Ascl1,,Mus musculus,10090
ENSMUSG00000020053,Igf1,,Mus musculus,10090
ENSMUSG00000020056,Washc3,,Mus musculus,10090
ENSMUSG00000020057,Dram1,,Mus musculus,10090
ENSMUSG00000020059,Sycp3,,Mus musculus,10090
ENSMUSG00000020062,Slc5a8,,Mus musculus,10090
ENSMUSG00000020063,Sirt1,,Mus musculus,10090
ENSMUSG00000020064,Herc4,,Mus musculus,10090
ENSMUSG00000020069,Hnrnph3,,Mus musculus,10090
ENSMUSG00000020070,Rufy2,,Mus musculus,10090
ENSMUSG00000020072,Pbld2,,Mus musculus,10090
ENSMUSG00000020075,Ddx21,,Mus musculus,10090
ENSMUSG00000020076,Ddx50,,Mus musculus,10090
ENSMUSG00000020077,Srgn,,Mus musculus,10090
ENSMUSG00000020078,Vps26a,,Mus musculus,10090
ENSMUSG00000020079,Supv3l1,,Mus musculus,10090
ENSMUSG00000020080,Hkdc1,,Mus musculus,10090
ENSMUSG00000020081,Tacr2,,Mus musculus,10090
ENSMUSG00000020083,Fam241b,,Mus musculus,10090
ENSMUSG00000020086,Macroh2a2,,Mus musculus,10090
ENSMUSG00000020087,Tysnd1,,Mus musculus,10090
ENSMUSG00000020088,Sar1a,,Mus musculus,10090
ENSMUSG00000020089,Ppa1,,Mus musculus,10090
ENSMUSG00000020091,Eif4ebp2,,Mus musculus,10090
ENSMUSG00000020092,Pald1,,Mus musculus,10090
ENSMUSG00000020096,Tbata,,Mus musculus,10090
ENSMUSG00000020097,Sgpl1,,Mus musculus,10090
ENSMUSG00000020098,Pcbd1,,Mus musculus,10090
ENSMUSG00000020099,Unc5b,,Mus musculus,10090
ENSMUSG00000020100,Slc29a3,,Mus musculus,10090
ENSMUSG00000020101,Vsir,,Mus musculus,10090
ENSMUSG00000020102,Slc16a7,,Mus musculus,10090
ENSMUSG00000020107,Anapc16,,Mus musculus,10090
ENSMUSG00000020108,Ddit4,,Mus musculus,10090
ENSMUSG00000020109,Dnajb12,,Mus musculus,10090
ENSMUSG00000020111,Micu1,,Mus musculus,10090
ENSMUSG00000020114,Cand1,,Mus musculus,10090
ENSMUSG00000020115,Tbk1,,Mus musculus,10090
ENSMUSG00000020116,Pno1,,Mus musculus,10090
ENSMUSG00000020120,Plek,,Mus musculus,10090
ENSMUSG00000020121,Srgap1,,Mus musculus,10090
ENSMUSG00000020122,Egfr,,Mus musculus,10090
ENSMUSG00000020123,Avpr1a,,Mus musculus,10090
ENSMUSG00000020124,Usp15,,Mus musculus,10090
ENSMUSG00000020125,Elane,,Mus musculus,10090
ENSMUSG00000020128,Vps54,,Mus musculus,10090
ENSMUSG00000020130,Tbc1d15,,Mus musculus,10090
ENSMUSG00000020131,Pcsk4,,Mus musculus,10090
ENSMUSG00000020132,Rab21,,Mus musculus,10090
ENSMUSG00000020133,2310011J03Rik,,Mus musculus,10090
ENSMUSG00000020134,Peli1,,Mus musculus,10090
ENSMUSG00000020135,Apc2,,Mus musculus,10090
ENSMUSG00000020137,Thap2,,Mus musculus,10090
ENSMUSG00000020140,Lgr5,,Mus musculus,10090
ENSMUSG00000020142,Slc1a4,,Mus musculus,10090
ENSMUSG00000020143,Dock2,,Mus musculus,10090
ENSMUSG00000020149,Rab1a,,Mus musculus,10090
ENSMUSG00000020150,Gamt,,Mus musculus,10090
ENSMUSG00000020151,Ptprr,,Mus musculus,10090
ENSMUSG00000020152,Actr2,,Mus musculus,10090
ENSMUSG00000020153,Ndufs7,,Mus musculus,10090
ENSMUSG00000020154,Ptprb,,Mus musculus,10090
ENSMUSG00000020155,Kcnmb1,,Mus musculus,10090
ENSMUSG00000020156,Pwwp3a,,Mus musculus,10090
ENSMUSG00000020159,Gabrp,,Mus musculus,10090
ENSMUSG00000020160,Meis1,,Mus musculus,10090
ENSMUSG00000020166,Cnot2,,Mus musculus,10090
ENSMUSG00000020167,Tcf3,,Mus musculus,10090
ENSMUSG00000020171,Yeats4,,Mus musculus,10090
ENSMUSG00000020176,Grb10,,Mus musculus,10090
ENSMUSG00000020178,Adora2a,,Mus musculus,10090
ENSMUSG00000020180,Snrpd3,,Mus musculus,10090
ENSMUSG00000020182,Ddc,,Mus musculus,10090
ENSMUSG00000020184,Mdm2,,Mus musculus,10090
ENSMUSG00000020186,Csrp2,,Mus musculus,10090
ENSMUSG00000020190,Mknk2,,Mus musculus,10090
ENSMUSG00000020193,Zpbp,,Mus musculus,10090
ENSMUSG00000020198,Ap3d1,,Mus musculus,10090
ENSMUSG00000020205,Phlda1,,Mus musculus,10090
ENSMUSG00000020211,Sf3a2,,Mus musculus,10090
ENSMUSG00000020212,Mdm1,,Mus musculus,10090
ENSMUSG00000020214,Glipr1l2,,Mus musculus,10090
ENSMUSG00000020218,Wif1,,Mus musculus,10090
ENSMUSG00000020225,Tmbim4,,Mus musculus,10090
ENSMUSG00000020226,Slc5a4b,,Mus musculus,10090
ENSMUSG00000020228,Helb,,Mus musculus,10090
ENSMUSG00000020229,Slc5a4a,,Mus musculus,10090
ENSMUSG00000020232,Hmg20b,,Mus musculus,10090
ENSMUSG00000020235,Fzr1,,Mus musculus,10090
ENSMUSG00000020238,Ncln,,Mus musculus,10090
ENSMUSG00000020241,Col6a2,,Mus musculus,10090
ENSMUSG00000020248,Nfyb,,Mus musculus,10090
ENSMUSG00000020250,Txnrd1,,Mus musculus,10090
ENSMUSG00000020253,Ppm1m,,Mus musculus,10090
ENSMUSG00000020255,D10Wsu102e,,Mus musculus,10090
ENSMUSG00000020257,Wdr82,,Mus musculus,10090
ENSMUSG00000020258,Glyctk,,Mus musculus,10090
ENSMUSG00000020260,Pofut2,,Mus musculus,10090
ENSMUSG00000020262,Adarb1,,Mus musculus,10090
ENSMUSG00000020263,Appl2,,Mus musculus,10090
ENSMUSG00000020267,Hint1,,Mus musculus,10090
ENSMUSG00000020271,Fbxw11,,Mus musculus,10090
ENSMUSG00000020272,Stk10,,Mus musculus,10090
ENSMUSG00000020273,Papolg,,Mus musculus,10090
ENSMUSG00000020275,Rel,,Mus musculus,10090
ENSMUSG00000020277,Pfkl,,Mus musculus,10090
ENSMUSG00000020279,Il9r,,Mus musculus,10090
ENSMUSG00000020280,Pus10,,Mus musculus,10090
ENSMUSG00000020282,Rhbdf1,,Mus musculus,10090
ENSMUSG00000020283,Pex13,,Mus musculus,10090
ENSMUSG00000020284,Cfap410,,Mus musculus,10090
ENSMUSG00000020286,1700093K21Rik,,Mus musculus,10090
ENSMUSG00000020287,Mpg,,Mus musculus,10090
ENSMUSG00000020288,Ahsa2,,Mus musculus,10090
ENSMUSG00000020289,Nprl3,,Mus musculus,10090
ENSMUSG00000020290,Xpo1,,Mus musculus,10090
ENSMUSG00000020297,Nsg2,,Mus musculus,10090
ENSMUSG00000020299,4930524B15Rik,,Mus musculus,10090
ENSMUSG00000020300,Cpeb4,,Mus musculus,10090
ENSMUSG00000020303,Stc2,,Mus musculus,10090
ENSMUSG00000020305,Asb3,,Mus musculus,10090
ENSMUSG00000020308,Tpgs1,,Mus musculus,10090
ENSMUSG00000020309,Chac2,,Mus musculus,10090
ENSMUSG00000020310,Madcam1,,Mus musculus,10090
ENSMUSG00000020311,Erlec1,,Mus musculus,10090
ENSMUSG00000020315,Sptbn1,,Mus musculus,10090
ENSMUSG00000020317,Theg,,Mus musculus,10090
ENSMUSG00000020319,Wdpcp,,Mus musculus,10090
ENSMUSG00000020321,Mdh1,,Mus musculus,10090
ENSMUSG00000020325,Fstl3,,Mus musculus,10090
ENSMUSG00000020326,Ccng1,,Mus musculus,10090
ENSMUSG00000020327,Fgf22,,Mus musculus,10090
ENSMUSG00000020328,Nudcd2,,Mus musculus,10090
ENSMUSG00000020329,Polrmt,,Mus musculus,10090
ENSMUSG00000020330,Hmmr,,Mus musculus,10090
ENSMUSG00000020331,Hcn2,,Mus musculus,10090
ENSMUSG00000020333,Acsl6,,Mus musculus,10090
ENSMUSG00000020334,Slc22a4,,Mus musculus,10090
ENSMUSG00000020335,Zfp354b,,Mus musculus,10090
ENSMUSG00000020340,Cyfip2,,Mus musculus,10090
ENSMUSG00000020346,Mgat1,,Mus musculus,10090
ENSMUSG00000020349,Ppp2ca,,Mus musculus,10090
ENSMUSG00000020354,Sgcd,,Mus musculus,10090
ENSMUSG00000020357,Flt4,,Mus musculus,10090
ENSMUSG00000020358,Hnrnpab,,Mus musculus,10090
ENSMUSG00000020359,Phykpl,,Mus musculus,10090
ENSMUSG00000020361,Hspa4,,Mus musculus,10090
ENSMUSG00000020362,Cnot6,,Mus musculus,10090
ENSMUSG00000020363,Gfpt2,,Mus musculus,10090
ENSMUSG00000020364,Zfp354a,,Mus musculus,10090
ENSMUSG00000020366,Mapk9,,Mus musculus,10090
ENSMUSG00000020368,Canx,,Mus musculus,10090
ENSMUSG00000020375,Rufy1,,Mus musculus,10090
ENSMUSG00000020376,Rnf130,,Mus musculus,10090
ENSMUSG00000020377,Ltc4s,,Mus musculus,10090
ENSMUSG00000020380,Rad50,,Mus musculus,10090
ENSMUSG00000020381,Mrnip,,Mus musculus,10090
ENSMUSG00000020383,Il13,,Mus musculus,10090
ENSMUSG00000020385,Clk4,,Mus musculus,10090
ENSMUSG00000020386,Sar1b,,Mus musculus,10090
ENSMUSG00000020388,Pdlim4,,Mus musculus,10090
ENSMUSG00000020390,Ube2b,,Mus musculus,10090
ENSMUSG00000020392,Cdkn2aipnl,,Mus musculus,10090
ENSMUSG00000020393,Kremen1,,Mus musculus,10090
ENSMUSG00000020395,Itk,,Mus musculus,10090
ENSMUSG00000020396,Nefh,,Mus musculus,10090
ENSMUSG00000020397,Med7,,Mus musculus,10090
ENSMUSG00000020399,Havcr2,,Mus musculus,10090
ENSMUSG00000020400,Tnip1,,Mus musculus,10090
ENSMUSG00000020402,Vdac1,,Mus musculus,10090
ENSMUSG00000020405,Fabp6,,Mus musculus,10090
ENSMUSG00000020407,Upp1,,Mus musculus,10090
ENSMUSG00000020409,Slu7,,Mus musculus,10090
ENSMUSG00000020412,Ascc2,,Mus musculus,10090
ENSMUSG00000020413,Hus1,,Mus musculus,10090
ENSMUSG00000020415,Pttg1,,Mus musculus,10090
ENSMUSG00000020423,Btg2,,Mus musculus,10090
ENSMUSG00000020427,Igfbp3,,Mus musculus,10090
ENSMUSG00000020428,Gabra6,,Mus musculus,10090
ENSMUSG00000020429,Igfbp1,,Mus musculus,10090
ENSMUSG00000020430,Pes1,,Mus musculus,10090
ENSMUSG00000020432,Tcn2,,Mus musculus,10090
ENSMUSG00000020434,4921536K21Rik,,Mus musculus,10090
ENSMUSG00000020436,Gabrg2,,Mus musculus,10090
ENSMUSG00000020437,Myo1g,,Mus musculus,10090
ENSMUSG00000020439,Smtn,,Mus musculus,10090
ENSMUSG00000020440,Arf5,,Mus musculus,10090
ENSMUSG00000020441,2310033P09Rik,,Mus musculus,10090
ENSMUSG00000020444,Guk1,,Mus musculus,10090
ENSMUSG00000020448,Rnf185,,Mus musculus,10090
ENSMUSG00000020451,Limk2,,Mus musculus,10090
ENSMUSG00000020453,Patz1,,Mus musculus,10090
ENSMUSG00000020454,Eif4enif1,,Mus musculus,10090
ENSMUSG00000020455,Trim11,,Mus musculus,10090
ENSMUSG00000020456,Ogdh,,Mus musculus,10090
ENSMUSG00000020457,Drg1,,Mus musculus,10090
ENSMUSG00000020458,Rtn4,,Mus musculus,10090
ENSMUSG00000020459,Mtif2,,Mus musculus,10090
ENSMUSG00000020462,Cfap36,,Mus musculus,10090
ENSMUSG00000020463,Ppp4r3b,,Mus musculus,10090
ENSMUSG00000020464,Pnpt1,,Mus musculus,10090
ENSMUSG00000020467,Efemp1,,Mus musculus,10090
ENSMUSG00000020469,Myl7,,Mus musculus,10090
ENSMUSG00000020471,Pold2,,Mus musculus,10090
ENSMUSG00000020473,Aebp1,,Mus musculus,10090
ENSMUSG00000020474,Polm,,Mus musculus,10090
ENSMUSG00000020475,Pgam2,,Mus musculus,10090
ENSMUSG00000020476,Dbnl,,Mus musculus,10090
ENSMUSG00000020477,Mrps24,,Mus musculus,10090
ENSMUSG00000020481,Ankrd36,,Mus musculus,10090
ENSMUSG00000020482,Ccdc117,,Mus musculus,10090
ENSMUSG00000020483,Dynll2,,Mus musculus,10090
ENSMUSG00000020484,Xbp1,,Mus musculus,10090
ENSMUSG00000020486,Sept4,,Mus musculus,10090
ENSMUSG00000020490,Btnl10,,Mus musculus,10090
ENSMUSG00000020492,Ska2,,Mus musculus,10090
ENSMUSG00000020495,Smg8,,Mus musculus,10090
ENSMUSG00000020496,Rnf187,,Mus musculus,10090
ENSMUSG00000020513,Tubd1,,Mus musculus,10090
ENSMUSG00000020515,Cnot8,,Mus musculus,10090
ENSMUSG00000020516,Rps6kb1,,Mus musculus,10090
ENSMUSG00000020519,Sap30l,,Mus musculus,10090
ENSMUSG00000020520,Galnt10,,Mus musculus,10090
ENSMUSG00000020521,Rnft1,,Mus musculus,10090
ENSMUSG00000020522,Mfap3,,Mus musculus,10090
ENSMUSG00000020523,Fam114a2,,Mus musculus,10090
ENSMUSG00000020524,Gria1,,Mus musculus,10090
ENSMUSG00000020525,Ppm1d,,Mus musculus,10090
ENSMUSG00000020526,Znhit3,,Mus musculus,10090
ENSMUSG00000020527,Myo19,,Mus musculus,10090
ENSMUSG00000020530,Ggnbp2,,Mus musculus,10090
ENSMUSG00000020534,Shmt1,,Mus musculus,10090
ENSMUSG00000020536,Llgl1,,Mus musculus,10090
ENSMUSG00000020537,Drg2,,Mus musculus,10090
ENSMUSG00000020541,Tom1l1,,Mus musculus,10090
ENSMUSG00000020542,Myocd,,Mus musculus,10090
ENSMUSG00000020546,Stxbp4,,Mus musculus,10090
ENSMUSG00000020547,Bzw2,,Mus musculus,10090
ENSMUSG00000020549,Elac2,,Mus musculus,10090
ENSMUSG00000020553,Pctp,,Mus musculus,10090
ENSMUSG00000020564,Atxn7l1,,Mus musculus,10090
ENSMUSG00000020566,Atp6v1c2,,Mus musculus,10090
ENSMUSG00000020570,Sypl,,Mus musculus,10090
ENSMUSG00000020571,Pdia6,,Mus musculus,10090
ENSMUSG00000020572,Nampt,,Mus musculus,10090
ENSMUSG00000020573,Pik3cg,,Mus musculus,10090
ENSMUSG00000020577,Tspan13,,Mus musculus,10090
ENSMUSG00000020580,Rock2,,Mus musculus,10090
ENSMUSG00000020581,Agr2,,Mus musculus,10090
ENSMUSG00000020583,Matn3,,Mus musculus,10090
ENSMUSG00000020585,Laptm4a,,Mus musculus,10090
ENSMUSG00000020591,Ntsr2,,Mus musculus,10090
ENSMUSG00000020592,Sdc1,,Mus musculus,10090
ENSMUSG00000020593,Lpin1,,Mus musculus,10090
ENSMUSG00000020594,Pum2,,Mus musculus,10090
ENSMUSG00000020598,Nrcam,,Mus musculus,10090
ENSMUSG00000020599,Rgs9,,Mus musculus,10090
ENSMUSG00000020601,Trib2,,Mus musculus,10090
ENSMUSG00000020604,Arsg,,Mus musculus,10090
ENSMUSG00000020605,Hs1bp3,,Mus musculus,10090
ENSMUSG00000020607,Lratd1,,Mus musculus,10090
ENSMUSG00000020608,Smc6,,Mus musculus,10090
ENSMUSG00000020609,Apob,,Mus musculus,10090
ENSMUSG00000020610,Amz2,,Mus musculus,10090
ENSMUSG00000020611,Gna13,,Mus musculus,10090
ENSMUSG00000020612,Prkar1a,,Mus musculus,10090
ENSMUSG00000020620,Abca8b,,Mus musculus,10090
ENSMUSG00000020621,Rdh14,,Mus musculus,10090
ENSMUSG00000020622,Nt5c1b,,Mus musculus,10090
ENSMUSG00000020623,Map2k6,,Mus musculus,10090
ENSMUSG00000020628,Trappc12,,Mus musculus,10090
ENSMUSG00000020629,Adi1,,Mus musculus,10090
ENSMUSG00000020630,Rnaseh1,,Mus musculus,10090
ENSMUSG00000020634,Ubxn2a,,Mus musculus,10090
ENSMUSG00000020635,Fkbp1b,,Mus musculus,10090
ENSMUSG00000020636,Allc,,Mus musculus,10090
ENSMUSG00000020638,Cmpk2,,Mus musculus,10090
ENSMUSG00000020640,Itsn2,,Mus musculus,10090
ENSMUSG00000020641,Rsad2,,Mus musculus,10090
ENSMUSG00000020642,Rnf144a,,Mus musculus,10090
ENSMUSG00000020644,Id2,,Mus musculus,10090
ENSMUSG00000020646,Mboat2,,Mus musculus,10090
ENSMUSG00000020647,Ncoa1,,Mus musculus,10090
ENSMUSG00000020649,Rrm2,,Mus musculus,10090
ENSMUSG00000020650,Bcap29,,Mus musculus,10090
ENSMUSG00000020651,Slc26a4,,Mus musculus,10090
ENSMUSG00000020652,Cenpo,,Mus musculus,10090
ENSMUSG00000020654,Adcy3,,Mus musculus,10090
ENSMUSG00000020656,Grhl1,,Mus musculus,10090
ENSMUSG00000020657,Dnajc27,,Mus musculus,10090
ENSMUSG00000020659,Cbll1,,Mus musculus,10090
ENSMUSG00000020660,Pomc,,Mus musculus,10090
ENSMUSG00000020661,Dnmt3a,,Mus musculus,10090
ENSMUSG00000020664,Dld,,Mus musculus,10090
ENSMUSG00000020668,Kif3c,,Mus musculus,10090
ENSMUSG00000020669,Sh3yl1,,Mus musculus,10090
ENSMUSG00000020671,Rab10,,Mus musculus,10090
ENSMUSG00000020672,Sntg2,,Mus musculus,10090
ENSMUSG00000020673,Tpo,,Mus musculus,10090
ENSMUSG00000020676,Ccl11,,Mus musculus,10090
ENSMUSG00000020677,Ddx52,,Mus musculus,10090
ENSMUSG00000020679,Hnf1b,,Mus musculus,10090
ENSMUSG00000020681,Ace,,Mus musculus,10090
ENSMUSG00000020687,Cdc27,,Mus musculus,10090
ENSMUSG00000020689,Itgb3,,Mus musculus,10090
ENSMUSG00000020692,Nle1,,Mus musculus,10090
ENSMUSG00000020694,Tlk2,,Mus musculus,10090
ENSMUSG00000020695,Mrc2,,Mus musculus,10090
ENSMUSG00000020696,Rffl,,Mus musculus,10090
ENSMUSG00000020697,Lig3,,Mus musculus,10090
ENSMUSG00000020698,Cct6b,,Mus musculus,10090
ENSMUSG00000020700,Map3k3,,Mus musculus,10090
ENSMUSG00000020702,Ccl1,,Mus musculus,10090
ENSMUSG00000020704,Asic2,,Mus musculus,10090
ENSMUSG00000020705,Ddx42,,Mus musculus,10090
ENSMUSG00000020706,Ftsj3,,Mus musculus,10090
ENSMUSG00000020707,Rnf135,,Mus musculus,10090
ENSMUSG00000020708,Psmc5,,Mus musculus,10090
ENSMUSG00000020709,Adap2,,Mus musculus,10090
ENSMUSG00000020712,Tcam1,,Mus musculus,10090
ENSMUSG00000020713,Gh,,Mus musculus,10090
ENSMUSG00000020715,Ern1,,Mus musculus,10090
ENSMUSG00000020716,Nf1,,Mus musculus,10090
ENSMUSG00000020717,Pecam1,,Mus musculus,10090
ENSMUSG00000020718,Polg2,,Mus musculus,10090
ENSMUSG00000020719,Ddx5,,Mus musculus,10090
ENSMUSG00000020720,Psmd12,,Mus musculus,10090
ENSMUSG00000020721,Helz,,Mus musculus,10090
ENSMUSG00000020722,Cacng1,,Mus musculus,10090
ENSMUSG00000020723,Cacng4,,Mus musculus,10090
ENSMUSG00000020728,Cep112,,Mus musculus,10090
ENSMUSG00000020732,Rab37,,Mus musculus,10090
ENSMUSG00000020733,Slc9a3r1,,Mus musculus,10090
ENSMUSG00000020734,Grin2c,,Mus musculus,10090
ENSMUSG00000020736,Nt5c,,Mus musculus,10090
ENSMUSG00000020737,Jpt1,,Mus musculus,10090
ENSMUSG00000020739,Nup85,,Mus musculus,10090
ENSMUSG00000020741,Cluh,,Mus musculus,10090
ENSMUSG00000020743,Mif4gd,,Mus musculus,10090
ENSMUSG00000020744,Slc25a19,,Mus musculus,10090
ENSMUSG00000020745,Pafah1b1,,Mus musculus,10090
ENSMUSG00000020747,Tmem94,,Mus musculus,10090
ENSMUSG00000020752,Recql5,,Mus musculus,10090
ENSMUSG00000020755,Sap30bp,,Mus musculus,10090
ENSMUSG00000020758,Itgb4,,Mus musculus,10090
ENSMUSG00000020766,Galk1,,Mus musculus,10090
ENSMUSG00000020770,Unk,,Mus musculus,10090
ENSMUSG00000020773,Trim47,,Mus musculus,10090
ENSMUSG00000020774,Aspa,,Mus musculus,10090
ENSMUSG00000020775,Mrpl38,,Mus musculus,10090
ENSMUSG00000020776,Fbf1,,Mus musculus,10090
ENSMUSG00000020777,Acox1,,Mus musculus,10090
ENSMUSG00000020778,Ten1,,Mus musculus,10090
ENSMUSG00000020780,Srp68,,Mus musculus,10090
ENSMUSG00000020782,Llgl2,,Mus musculus,10090
ENSMUSG00000020783,Ncbp3,,Mus musculus,10090
ENSMUSG00000020785,Camkk1,,Mus musculus,10090
ENSMUSG00000020787,P2rx1,,Mus musculus,10090
ENSMUSG00000020788,Atp2a3,,Mus musculus,10090
ENSMUSG00000020790,Ankfy1,,Mus musculus,10090
ENSMUSG00000020792,Exoc7,,Mus musculus,10090
ENSMUSG00000020793,Galr2,,Mus musculus,10090
ENSMUSG00000020794,Ube2g1,,Mus musculus,10090
ENSMUSG00000020799,Tekt1,,Mus musculus,10090
ENSMUSG00000020801,Med31,,Mus musculus,10090
ENSMUSG00000020802,Ube2o,,Mus musculus,10090
ENSMUSG00000020803,Txndc17,,Mus musculus,10090
ENSMUSG00000020804,Aanat,,Mus musculus,10090
ENSMUSG00000020808,Pimreg,,Mus musculus,10090
ENSMUSG00000020810,Cygb,,Mus musculus,10090
ENSMUSG00000020817,Rabep1,,Mus musculus,10090
ENSMUSG00000020821,Kif1c,,Mus musculus,10090
ENSMUSG00000020823,Sec14l1,,Mus musculus,10090
ENSMUSG00000020826,Nos2,,Mus musculus,10090
ENSMUSG00000020827,Mink1,,Mus musculus,10090
ENSMUSG00000020828,Pld2,,Mus musculus,10090
ENSMUSG00000020829,Slc46a1,,Mus musculus,10090
ENSMUSG00000020832,Eral1,,Mus musculus,10090
ENSMUSG00000020836,Coro6,,Mus musculus,10090
ENSMUSG00000020838,Slc6a4,,Mus musculus,10090
ENSMUSG00000020839,Tmigd1,,Mus musculus,10090
ENSMUSG00000020840,Blmh,,Mus musculus,10090
ENSMUSG00000020841,Cpd,,Mus musculus,10090
ENSMUSG00000020843,Timm22,,Mus musculus,10090
ENSMUSG00000020844,Nxn,,Mus musculus,10090
ENSMUSG00000020846,Rflnb,,Mus musculus,10090
ENSMUSG00000020848,Doc2b,,Mus musculus,10090
ENSMUSG00000020849,Ywhae,,Mus musculus,10090
ENSMUSG00000020850,Prpf8,,Mus musculus,10090
ENSMUSG00000020863,Luc7l3,,Mus musculus,10090
ENSMUSG00000020864,Ankrd40,,Mus musculus,10090
ENSMUSG00000020865,Abcc3,,Mus musculus,10090
ENSMUSG00000020866,Cacna1g,,Mus musculus,10090
ENSMUSG00000020868,Xylt2,,Mus musculus,10090
ENSMUSG00000020869,Lrrc59,,Mus musculus,10090
ENSMUSG00000020871,Dlx4,,Mus musculus,10090
ENSMUSG00000020872,Tac4,,Mus musculus,10090
ENSMUSG00000020873,Slc35b1,,Mus musculus,10090
ENSMUSG00000020875,Hoxb9,,Mus musculus,10090
ENSMUSG00000020876,Snx11,,Mus musculus,10090
ENSMUSG00000020877,Scrn2,,Mus musculus,10090
ENSMUSG00000020878,Lrrc46,,Mus musculus,10090
ENSMUSG00000020882,Cacnb1,,Mus musculus,10090
ENSMUSG00000020883,Fbxl20,,Mus musculus,10090
ENSMUSG00000020884,Asgr1,,Mus musculus,10090
ENSMUSG00000020886,Dlg4,,Mus musculus,10090
ENSMUSG00000020888,Dvl2,,Mus musculus,10090
ENSMUSG00000020889,Nr1d1,,Mus musculus,10090
ENSMUSG00000020890,Gucy2e,,Mus musculus,10090
ENSMUSG00000020891,Alox8,,Mus musculus,10090
ENSMUSG00000020892,Aloxe3,,Mus musculus,10090
ENSMUSG00000020893,Per1,,Mus musculus,10090
ENSMUSG00000020894,Vamp2,,Mus musculus,10090
ENSMUSG00000020897,Aurkb,,Mus musculus,10090
ENSMUSG00000020898,Ctc1,,Mus musculus,10090
ENSMUSG00000020902,Ntn1,,Mus musculus,10090
ENSMUSG00000020903,Stx8,,Mus musculus,10090
ENSMUSG00000020905,Usp43,,Mus musculus,10090
ENSMUSG00000020907,Rcvrn,,Mus musculus,10090
ENSMUSG00000020908,Myh3,,Mus musculus,10090
ENSMUSG00000020910,Adprm,,Mus musculus,10090
ENSMUSG00000020911,Krt19,,Mus musculus,10090
ENSMUSG00000020912,Krt12,,Mus musculus,10090
ENSMUSG00000020914,Top2a,,Mus musculus,10090
ENSMUSG00000020916,Krt36,,Mus musculus,10090
ENSMUSG00000020917,Acly,,Mus musculus,10090
ENSMUSG00000020918,Kat2a,,Mus musculus,10090
ENSMUSG00000020919,Stat5b,,Mus musculus,10090
ENSMUSG00000020921,Tmem101,,Mus musculus,10090
ENSMUSG00000020922,Lsm12,,Mus musculus,10090
ENSMUSG00000020923,Ubtf,,Mus musculus,10090
ENSMUSG00000020925,Ccdc43,,Mus musculus,10090
ENSMUSG00000020926,Adam11,,Mus musculus,10090
ENSMUSG00000020928,Higd1b,,Mus musculus,10090
ENSMUSG00000020929,Eftud2,,Mus musculus,10090
ENSMUSG00000020932,Gfap,,Mus musculus,10090
ENSMUSG00000020935,Dcakd,,Mus musculus,10090
ENSMUSG00000020936,Nmt1,,Mus musculus,10090
ENSMUSG00000020941,Map3k14,,Mus musculus,10090
ENSMUSG00000020946,Gosr2,,Mus musculus,10090
ENSMUSG00000020949,Fkbp3,,Mus musculus,10090
ENSMUSG00000020950,Foxg1,,Mus musculus,10090
ENSMUSG00000020952,Scfd1,,Mus musculus,10090
ENSMUSG00000020953,Coch,,Mus musculus,10090
ENSMUSG00000020954,Strn3,,Mus musculus,10090
ENSMUSG00000020955,Ap4s1,,Mus musculus,10090
ENSMUSG00000020956,Dtd2,,Mus musculus,10090
ENSMUSG00000020962,Gtf2a1,,Mus musculus,10090
ENSMUSG00000020963,Tshr,,Mus musculus,10090
ENSMUSG00000020964,Sel1l,,Mus musculus,10090
ENSMUSG00000020978,Klhdc2,,Mus musculus,10090
ENSMUSG00000020986,Sec23a,,Mus musculus,10090
ENSMUSG00000020988,L2hgdh,,Mus musculus,10090
ENSMUSG00000020994,Pnn,,Mus musculus,10090
ENSMUSG00000021000,Mia2,,Mus musculus,10090
ENSMUSG00000021003,Galc,,Mus musculus,10090
ENSMUSG00000021009,Ptpn21,,Mus musculus,10090
ENSMUSG00000021010,Npas3,,Mus musculus,10090
ENSMUSG00000021012,Zc3h14,,Mus musculus,10090
ENSMUSG00000021013,Ttc8,,Mus musculus,10090
ENSMUSG00000021022,Ppp2r3c,,Mus musculus,10090
ENSMUSG00000021024,Psma6,,Mus musculus,10090
ENSMUSG00000021025,Nfkbia,,Mus musculus,10090
ENSMUSG00000021027,Ralgapa1,,Mus musculus,10090
ENSMUSG00000021028,Mbip,,Mus musculus,10090
ENSMUSG00000021032,Ngb,,Mus musculus,10090
ENSMUSG00000021033,Gstz1,,Mus musculus,10090
ENSMUSG00000021036,Sptlc2,,Mus musculus,10090
ENSMUSG00000021037,Ahsa1,,Mus musculus,10090
ENSMUSG00000021039,Snw1,,Mus musculus,10090
ENSMUSG00000021040,Slirp,,Mus musculus,10090
ENSMUSG00000021044,Adck1,,Mus musculus,10090
ENSMUSG00000021047,Nova1,,Mus musculus,10090
ENSMUSG00000021048,Mthfd1,,Mus musculus,10090
ENSMUSG00000021054,Sgpp1,,Mus musculus,10090
ENSMUSG00000021055,Esr2,,Mus musculus,10090
ENSMUSG00000021056,Tex21,,Mus musculus,10090
ENSMUSG00000021061,Sptb,,Mus musculus,10090
ENSMUSG00000021062,Rab15,,Mus musculus,10090
ENSMUSG00000021065,Fut8,,Mus musculus,10090
ENSMUSG00000021067,Sav1,,Mus musculus,10090
ENSMUSG00000021068,Nin,,Mus musculus,10090
ENSMUSG00000021069,Pygl,,Mus musculus,10090
ENSMUSG00000021070,Bdkrb2,,Mus musculus,10090
ENSMUSG00000021072,Tmx1,,Mus musculus,10090
ENSMUSG00000021076,Actr10,,Mus musculus,10090
ENSMUSG00000021079,Timm9,,Mus musculus,10090
ENSMUSG00000021086,Ccdc175,,Mus musculus,10090
ENSMUSG00000021087,Rtn1,,Mus musculus,10090
ENSMUSG00000021091,Serpina3n,,Mus musculus,10090
ENSMUSG00000021094,Dhrs7,,Mus musculus,10090
ENSMUSG00000021095,Gsc,,Mus musculus,10090
ENSMUSG00000021096,Ppm1a,,Mus musculus,10090
ENSMUSG00000021097,Clmn,,Mus musculus,10090
ENSMUSG00000021099,Six6,,Mus musculus,10090
ENSMUSG00000021103,Mnat1,,Mus musculus,10090
ENSMUSG00000021108,Prkch,,Mus musculus,10090
ENSMUSG00000021109,Hif1a,,Mus musculus,10090
ENSMUSG00000021111,Papola,,Mus musculus,10090
ENSMUSG00000021112,Mpp5,,Mus musculus,10090
ENSMUSG00000021114,Atp6v1d,,Mus musculus,10090
ENSMUSG00000021115,Vrk1,,Mus musculus,10090
ENSMUSG00000021116,Eif2s1,,Mus musculus,10090
ENSMUSG00000021118,Plek2,,Mus musculus,10090
ENSMUSG00000021120,Pigh,,Mus musculus,10090
ENSMUSG00000021123,Rdh12,,Mus musculus,10090
ENSMUSG00000021124,Vti1b,,Mus musculus,10090
ENSMUSG00000021125,Arg2,,Mus musculus,10090
ENSMUSG00000021127,Zfp36l1,,Mus musculus,10090
ENSMUSG00000021130,Galnt16,,Mus musculus,10090
ENSMUSG00000021133,Susd6,,Mus musculus,10090
ENSMUSG00000021135,Slc10a1,,Mus musculus,10090
ENSMUSG00000021136,Smoc1,,Mus musculus,10090
ENSMUSG00000021140,Pcnx,,Mus musculus,10090
ENSMUSG00000021143,Pacs2,,Mus musculus,10090
ENSMUSG00000021144,Mta1,,Mus musculus,10090
ENSMUSG00000021149,Gtpbp4,,Mus musculus,10090
ENSMUSG00000021156,Zmynd11,,Mus musculus,10090
ENSMUSG00000021175,Cdca7l,,Mus musculus,10090
ENSMUSG00000021177,Tdp1,,Mus musculus,10090
ENSMUSG00000021179,Nrde2,,Mus musculus,10090
ENSMUSG00000021182,Ccdc88c,,Mus musculus,10090
ENSMUSG00000021185,Dglucy,,Mus musculus,10090
ENSMUSG00000021186,Fbln5,,Mus musculus,10090
ENSMUSG00000021187,Tc2n,,Mus musculus,10090
ENSMUSG00000021188,Trip11,,Mus musculus,10090
ENSMUSG00000021190,Lgmn,,Mus musculus,10090
ENSMUSG00000021192,Golga5,,Mus musculus,10090
ENSMUSG00000021193,Pitrm1,,Mus musculus,10090
ENSMUSG00000021194,Chga,,Mus musculus,10090
ENSMUSG00000021196,Pfkp,,Mus musculus,10090
ENSMUSG00000021203,Otub2,,Mus musculus,10090
ENSMUSG00000021207,Akr1c21,,Mus musculus,10090
ENSMUSG00000021208,Ifi27l2b,,Mus musculus,10090
ENSMUSG00000021210,Akr1c6,,Mus musculus,10090
ENSMUSG00000021211,Akr1c12,,Mus musculus,10090
ENSMUSG00000021213,Akr1c13,,Mus musculus,10090
ENSMUSG00000021214,Akr1c18,,Mus musculus,10090
ENSMUSG00000021215,Net1,,Mus musculus,10090
ENSMUSG00000021218,Gdi2,,Mus musculus,10090
ENSMUSG00000021219,Rgs6,,Mus musculus,10090
ENSMUSG00000021221,Dpf3,,Mus musculus,10090
ENSMUSG00000021222,Dcaf4,,Mus musculus,10090
ENSMUSG00000021223,Papln,,Mus musculus,10090
ENSMUSG00000021224,Numb,,Mus musculus,10090
ENSMUSG00000021226,Acot2,,Mus musculus,10090
ENSMUSG00000021235,Coq6,,Mus musculus,10090
ENSMUSG00000021236,Entpd5,,Mus musculus,10090
ENSMUSG00000021238,Aldh6a1,,Mus musculus,10090
ENSMUSG00000021239,Vsx2,,Mus musculus,10090
ENSMUSG00000021240,Abcd4,,Mus musculus,10090
ENSMUSG00000021241,Isca2,,Mus musculus,10090
ENSMUSG00000021242,Npc2,,Mus musculus,10090
ENSMUSG00000021244,Ylpm1,,Mus musculus,10090
ENSMUSG00000021245,Mlh3,,Mus musculus,10090
ENSMUSG00000021248,Tmed10,,Mus musculus,10090
ENSMUSG00000021250,Fos,,Mus musculus,10090
ENSMUSG00000021252,Erg28,,Mus musculus,10090
ENSMUSG00000021253,Tgfb3,,Mus musculus,10090
ENSMUSG00000021255,Esrrb,,Mus musculus,10090
ENSMUSG00000021257,Angel1,,Mus musculus,10090
ENSMUSG00000021258,Ccnk,,Mus musculus,10090
ENSMUSG00000021259,Cyp46a1,,Mus musculus,10090
ENSMUSG00000021262,Evl,,Mus musculus,10090
ENSMUSG00000021263,Degs2,,Mus musculus,10090
ENSMUSG00000021264,Yy1,,Mus musculus,10090
ENSMUSG00000021265,Slc25a29,,Mus musculus,10090
ENSMUSG00000021266,Wars,,Mus musculus,10090
ENSMUSG00000021268,Meg3,,Mus musculus,10090
ENSMUSG00000021276,Cinp,,Mus musculus,10090
ENSMUSG00000021277,Traf3,,Mus musculus,10090
ENSMUSG00000021278,Amn,,Mus musculus,10090
ENSMUSG00000021281,Tnfaip2,,Mus musculus,10090
ENSMUSG00000021282,Eif5,,Mus musculus,10090
ENSMUSG00000021286,Zfyve21,,Mus musculus,10090
ENSMUSG00000021288,Klc1,,Mus musculus,10090
ENSMUSG00000021290,Atp5mpl,,Mus musculus,10090
ENSMUSG00000021298,Gpr132,,Mus musculus,10090
ENSMUSG00000021302,Ggps1,,Mus musculus,10090
ENSMUSG00000021303,Gng4,,Mus musculus,10090
ENSMUSG00000021306,Gpr137b,,Mus musculus,10090
ENSMUSG00000021313,Ryr2,,Mus musculus,10090
ENSMUSG00000021314,Amph,,Mus musculus,10090
ENSMUSG00000021318,Gli3,,Mus musculus,10090
ENSMUSG00000021319,Sfrp4,,Mus musculus,10090
ENSMUSG00000021322,Aoah,,Mus musculus,10090
ENSMUSG00000021326,Trim27,,Mus musculus,10090
ENSMUSG00000021327,Zkscan3,,Mus musculus,10090
ENSMUSG00000021335,Slc17a1,,Mus musculus,10090
ENSMUSG00000021337,Scgn,,Mus musculus,10090
ENSMUSG00000021338,Carmil1,,Mus musculus,10090
ENSMUSG00000021339,Mrs2,,Mus musculus,10090
ENSMUSG00000021340,Gpld1,,Mus musculus,10090
ENSMUSG00000021342,Prl,,Mus musculus,10090
ENSMUSG00000021345,Prl8a6,,Mus musculus,10090
ENSMUSG00000021346,Prl8a8,,Mus musculus,10090
ENSMUSG00000021348,Prl7d1,,Mus musculus,10090
ENSMUSG00000021356,Irf4,,Mus musculus,10090
ENSMUSG00000021359,Tfap2a,,Mus musculus,10090
ENSMUSG00000021360,Gcnt2,,Mus musculus,10090
ENSMUSG00000021361,Tmem14c,,Mus musculus,10090
ENSMUSG00000021362,Gcm2,,Mus musculus,10090
ENSMUSG00000021363,Mak,,Mus musculus,10090
ENSMUSG00000021364,Elovl2,,Mus musculus,10090
ENSMUSG00000021365,Nedd9,,Mus musculus,10090
ENSMUSG00000021366,Hivep1,,Mus musculus,10090
ENSMUSG00000021367,Edn1,,Mus musculus,10090
ENSMUSG00000021373,Cap2,,Mus musculus,10090
ENSMUSG00000021374,Nup153,,Mus musculus,10090
ENSMUSG00000021375,Kif13a,,Mus musculus,10090
ENSMUSG00000021376,Tpmt,,Mus musculus,10090
ENSMUSG00000021377,Dek,,Mus musculus,10090
ENSMUSG00000021379,Id4,,Mus musculus,10090
ENSMUSG00000021381,Barx1,,Mus musculus,10090
ENSMUSG00000021385,Ippk,,Mus musculus,10090
ENSMUSG00000021388,Aspn,,Mus musculus,10090
ENSMUSG00000021390,Ogn,,Mus musculus,10090
ENSMUSG00000021395,Spin1,,Mus musculus,10090
ENSMUSG00000021396,Nxnl2,,Mus musculus,10090
ENSMUSG00000021400,Wrnip1,,Mus musculus,10090
ENSMUSG00000021403,Serpinb9b,,Mus musculus,10090
ENSMUSG00000021404,Serpinb9c,,Mus musculus,10090
ENSMUSG00000021408,Ripk1,,Mus musculus,10090
ENSMUSG00000021413,Prpf4b,,Mus musculus,10090
ENSMUSG00000021415,4933417A18Rik,,Mus musculus,10090
ENSMUSG00000021416,Eci3,,Mus musculus,10090
ENSMUSG00000021417,Eci2,,Mus musculus,10090
ENSMUSG00000021418,Rpp40,,Mus musculus,10090
ENSMUSG00000021420,Fars2,,Mus musculus,10090
ENSMUSG00000021423,Ly86,,Mus musculus,10090
ENSMUSG00000021427,Ssr1,,Mus musculus,10090
ENSMUSG00000021428,Riok1,,Mus musculus,10090
ENSMUSG00000021431,Snrnp48,,Mus musculus,10090
ENSMUSG00000021432,Slc35b3,,Mus musculus,10090
ENSMUSG00000021439,Ctsq,,Mus musculus,10090
ENSMUSG00000021440,Cts7,,Mus musculus,10090
ENSMUSG00000021441,Cts6,,Mus musculus,10090
ENSMUSG00000021448,Shc3,,Mus musculus,10090
ENSMUSG00000021451,Sema4d,,Mus musculus,10090
ENSMUSG00000021453,Gadd45g,,Mus musculus,10090
ENSMUSG00000021456,Fbp2,,Mus musculus,10090
ENSMUSG00000021457,Syk,,Mus musculus,10090
ENSMUSG00000021458,Aopep,,Mus musculus,10090
ENSMUSG00000021460,Auh,,Mus musculus,10090
ENSMUSG00000021461,Fancc,,Mus musculus,10090
ENSMUSG00000021464,Ror2,,Mus musculus,10090
ENSMUSG00000021466,Ptch1,,Mus musculus,10090
ENSMUSG00000021468,Sptlc1,,Mus musculus,10090
ENSMUSG00000021469,Msx2,,Mus musculus,10090
ENSMUSG00000021470,Ercc6l2,,Mus musculus,10090
ENSMUSG00000021474,Sfxn1,,Mus musculus,10090
ENSMUSG00000021476,Habp4,,Mus musculus,10090
ENSMUSG00000021477,Ctsl,,Mus musculus,10090
ENSMUSG00000021481,Zfp346,,Mus musculus,10090
ENSMUSG00000021482,Prxl2c,,Mus musculus,10090
ENSMUSG00000021483,Cdk20,,Mus musculus,10090
ENSMUSG00000021484,Lman2,,Mus musculus,10090
ENSMUSG00000021485,Mxd3,,Mus musculus,10090
ENSMUSG00000021486,Prelid1,,Mus musculus,10090
ENSMUSG00000021488,Nsd1,,Mus musculus,10090
ENSMUSG00000021490,Slc34a1,,Mus musculus,10090
ENSMUSG00000021492,F12,,Mus musculus,10090
ENSMUSG00000021493,Pdlim7,,Mus musculus,10090
ENSMUSG00000021494,Ddx41,,Mus musculus,10090
ENSMUSG00000021495,Fam193b,,Mus musculus,10090
ENSMUSG00000021496,Pcbd2,,Mus musculus,10090
ENSMUSG00000021500,Ddx46,,Mus musculus,10090
ENSMUSG00000021501,Caml,,Mus musculus,10090
ENSMUSG00000021504,B4galt7,,Mus musculus,10090
ENSMUSG00000021506,Pitx1,,Mus musculus,10090
ENSMUSG00000021508,Cxcl14,,Mus musculus,10090
ENSMUSG00000021509,Slc25a48,,Mus musculus,10090
ENSMUSG00000021514,Zfp369,,Mus musculus,10090
ENSMUSG00000021518,Ptdss1,,Mus musculus,10090
ENSMUSG00000021519,Mterf3,,Mus musculus,10090
ENSMUSG00000021536,Adcy2,,Mus musculus,10090
ENSMUSG00000021537,Cetn3,,Mus musculus,10090
ENSMUSG00000021538,Il9,,Mus musculus,10090
ENSMUSG00000021539,Lect2,,Mus musculus,10090
ENSMUSG00000021540,Smad5,,Mus musculus,10090
ENSMUSG00000021541,Trpc7,,Mus musculus,10090
ENSMUSG00000021545,1700067P10Rik,,Mus musculus,10090
ENSMUSG00000021546,Hnrnpk,,Mus musculus,10090
ENSMUSG00000021548,Ccnh,,Mus musculus,10090
ENSMUSG00000021549,Rasa1,,Mus musculus,10090
ENSMUSG00000021550,2210016F16Rik,,Mus musculus,10090
ENSMUSG00000021553,Slc28a3,,Mus musculus,10090
ENSMUSG00000021555,Naa35,,Mus musculus,10090
ENSMUSG00000021556,Golm1,,Mus musculus,10090
ENSMUSG00000021557,Agtpbp1,,Mus musculus,10090
ENSMUSG00000021559,Dapk1,,Mus musculus,10090
ENSMUSG00000021567,Nkd2,,Mus musculus,10090
ENSMUSG00000021569,Trip13,,Mus musculus,10090
ENSMUSG00000021575,Ahrr,,Mus musculus,10090
ENSMUSG00000021576,Pdcd6,,Mus musculus,10090
ENSMUSG00000021577,Sdha,,Mus musculus,10090
ENSMUSG00000021578,Ccdc127,,Mus musculus,10090
ENSMUSG00000021583,Erap1,,Mus musculus,10090
ENSMUSG00000021585,Cast,,Mus musculus,10090
ENSMUSG00000021587,Pcsk1,,Mus musculus,10090
ENSMUSG00000021591,Glrx,,Mus musculus,10090
ENSMUSG00000021595,Nsun2,,Mus musculus,10090
ENSMUSG00000021597,Slf1,,Mus musculus,10090
ENSMUSG00000021598,Med10,,Mus musculus,10090
ENSMUSG00000021604,Irx4,,Mus musculus,10090
ENSMUSG00000021607,Mrpl36,,Mus musculus,10090
ENSMUSG00000021608,Lpcat1,,Mus musculus,10090
ENSMUSG00000021609,Slc6a3,,Mus musculus,10090
ENSMUSG00000021610,Clptm1l,,Mus musculus,10090
ENSMUSG00000021611,Tert,,Mus musculus,10090
ENSMUSG00000021612,Slc6a18,,Mus musculus,10090
ENSMUSG00000021613,Hapln1,,Mus musculus,10090
ENSMUSG00000021614,Vcan,,Mus musculus,10090
ENSMUSG00000021615,Xrcc4,,Mus musculus,10090
ENSMUSG00000021619,Atg10,,Mus musculus,10090
ENSMUSG00000021620,Acot12,,Mus musculus,10090
ENSMUSG00000021621,Zcchc9,,Mus musculus,10090
ENSMUSG00000021622,Ckmt2,,Mus musculus,10090
ENSMUSG00000021624,Cd180,,Mus musculus,10090
ENSMUSG00000021629,Slc30a5,,Mus musculus,10090
ENSMUSG00000021635,Rad17,,Mus musculus,10090
ENSMUSG00000021636,Marveld2,,Mus musculus,10090
ENSMUSG00000021638,Ocln,,Mus musculus,10090
ENSMUSG00000021639,Gtf2h2,,Mus musculus,10090
ENSMUSG00000021640,Naip1,,Mus musculus,10090
ENSMUSG00000021643,Serf1,,Mus musculus,10090
ENSMUSG00000021645,Smn1,,Mus musculus,10090
ENSMUSG00000021646,Mccc2,,Mus musculus,10090
ENSMUSG00000021647,Cartpt,,Mus musculus,10090
ENSMUSG00000021650,Ptcd2,,Mus musculus,10090
ENSMUSG00000021661,Ankra2,,Mus musculus,10090
ENSMUSG00000021662,Arhgef28,,Mus musculus,10090
ENSMUSG00000021665,Hexb,,Mus musculus,10090
ENSMUSG00000021666,Gfm2,,Mus musculus,10090
ENSMUSG00000021668,Polk,,Mus musculus,10090
ENSMUSG00000021669,Col4a3bp,,Mus musculus,10090
ENSMUSG00000021670,Hmgcr,,Mus musculus,10090
ENSMUSG00000021671,Poc5,,Mus musculus,10090
ENSMUSG00000021675,F2rl2,,Mus musculus,10090
ENSMUSG00000021676,Iqgap2,,Mus musculus,10090
ENSMUSG00000021678,F2rl1,,Mus musculus,10090
ENSMUSG00000021681,Aggf1,,Mus musculus,10090
ENSMUSG00000021685,Otp,,Mus musculus,10090
ENSMUSG00000021686,Ap3b1,,Mus musculus,10090
ENSMUSG00000021687,Scamp1,,Mus musculus,10090
ENSMUSG00000021690,Jmy,,Mus musculus,10090
ENSMUSG00000021693,Kif2a,,Mus musculus,10090
ENSMUSG00000021694,Ercc8,,Mus musculus,10090
ENSMUSG00000021696,Elovl7,,Mus musculus,10090
ENSMUSG00000021700,Rab3c,,Mus musculus,10090
ENSMUSG00000021701,Plk2,,Mus musculus,10090
ENSMUSG00000021702,Thbs4,,Mus musculus,10090
ENSMUSG00000021706,Zfyve16,,Mus musculus,10090
ENSMUSG00000021707,Dhfr,,Mus musculus,10090
ENSMUSG00000021708,Rasgrf2,,Mus musculus,10090
ENSMUSG00000021709,Erbin,,Mus musculus,10090
ENSMUSG00000021710,Nln,,Mus musculus,10090
ENSMUSG00000021711,Trappc13,,Mus musculus,10090
ENSMUSG00000021712,Trim23,,Mus musculus,10090
ENSMUSG00000021714,Cenpk,,Mus musculus,10090
ENSMUSG00000021715,Cwc27,,Mus musculus,10090
ENSMUSG00000021716,Srek1ip1,,Mus musculus,10090
ENSMUSG00000021718,Nt5el,,Mus musculus,10090
ENSMUSG00000021721,Htr1a,,Mus musculus,10090
ENSMUSG00000021725,Parp8,,Mus musculus,10090
ENSMUSG00000021728,Emb,,Mus musculus,10090
ENSMUSG00000021730,Hcn1,,Mus musculus,10090
ENSMUSG00000021731,Mrps30,,Mus musculus,10090
ENSMUSG00000021732,Fgf10,,Mus musculus,10090
ENSMUSG00000021733,Slc4a7,,Mus musculus,10090
ENSMUSG00000021737,Psmd6,,Mus musculus,10090
ENSMUSG00000021738,Atxn7,,Mus musculus,10090
ENSMUSG00000021743,Fezf2,,Mus musculus,10090
ENSMUSG00000021745,Ptprg,,Mus musculus,10090
ENSMUSG00000021748,Pdhb,,Mus musculus,10090
ENSMUSG00000021749,Oit1,,Mus musculus,10090
ENSMUSG00000021751,Acox2,,Mus musculus,10090
ENSMUSG00000021754,Map3k1,,Mus musculus,10090
ENSMUSG00000021756,Il6st,,Mus musculus,10090
ENSMUSG00000021758,Ddx4,,Mus musculus,10090
ENSMUSG00000021759,Plpp1,,Mus musculus,10090
ENSMUSG00000021760,Gpx8,,Mus musculus,10090
ENSMUSG00000021764,Ndufs4,,Mus musculus,10090
ENSMUSG00000021765,Fst,,Mus musculus,10090
ENSMUSG00000021768,Dusp13,,Mus musculus,10090
ENSMUSG00000021770,Samd8,,Mus musculus,10090
ENSMUSG00000021771,Vdac2,,Mus musculus,10090
ENSMUSG00000021772,Nkiras1,,Mus musculus,10090
ENSMUSG00000021773,Comtd1,,Mus musculus,10090
ENSMUSG00000021774,Ube2e1,,Mus musculus,10090
ENSMUSG00000021775,Nr1d2,,Mus musculus,10090
ENSMUSG00000021779,Thrb,,Mus musculus,10090
ENSMUSG00000021782,Dlg5,,Mus musculus,10090
ENSMUSG00000021785,Ngly1,,Mus musculus,10090
ENSMUSG00000021786,Oxsm,,Mus musculus,10090
ENSMUSG00000021789,Sftpa1,,Mus musculus,10090
ENSMUSG00000021792,Prxl2a,,Mus musculus,10090
ENSMUSG00000021794,Glud1,,Mus musculus,10090
ENSMUSG00000021795,Sftpd,,Mus musculus,10090
ENSMUSG00000021796,Bmpr1a,,Mus musculus,10090
ENSMUSG00000021798,Ldb3,,Mus musculus,10090
ENSMUSG00000021799,Opn4,,Mus musculus,10090
ENSMUSG00000021803,Cdhr1,,Mus musculus,10090
ENSMUSG00000021804,Rgr,,Mus musculus,10090
ENSMUSG00000021806,Nid2,,Mus musculus,10090
ENSMUSG00000021807,Rtraf,,Mus musculus,10090
ENSMUSG00000021809,Nudt13,,Mus musculus,10090
ENSMUSG00000021810,Ecd,,Mus musculus,10090
ENSMUSG00000021814,Anxa7,,Mus musculus,10090
ENSMUSG00000021816,Ppp3cb,,Mus musculus,10090
ENSMUSG00000021820,Camk2g,,Mus musculus,10090
ENSMUSG00000021822,Plau,,Mus musculus,10090
ENSMUSG00000021823,Vcl,,Mus musculus,10090
ENSMUSG00000021824,Ap3m1,,Mus musculus,10090
ENSMUSG00000021830,Txndc16,,Mus musculus,10090
ENSMUSG00000021831,Ero1l,,Mus musculus,10090
ENSMUSG00000021832,Psmc6,,Mus musculus,10090
ENSMUSG00000021835,Bmp4,,Mus musculus,10090
ENSMUSG00000021838,Samd4,,Mus musculus,10090
ENSMUSG00000021843,Ktn1,,Mus musculus,10090
ENSMUSG00000021846,Peli2,,Mus musculus,10090
ENSMUSG00000021848,Otx2,,Mus musculus,10090
ENSMUSG00000021850,ccdc198,,Mus musculus,10090
ENSMUSG00000021852,Slc35f4,,Mus musculus,10090
ENSMUSG00000021868,Ppif,,Mus musculus,10090
ENSMUSG00000021870,Slmap,,Mus musculus,10090
ENSMUSG00000021876,Rnase4,,Mus musculus,10090
ENSMUSG00000021877,Arf4,,Mus musculus,10090
ENSMUSG00000021886,Gpr65,,Mus musculus,10090
ENSMUSG00000021891,Mettl6,,Mus musculus,10090
ENSMUSG00000021892,Sh3bp5,,Mus musculus,10090
ENSMUSG00000021893,Capn7,,Mus musculus,10090
ENSMUSG00000021895,Arhgef3,,Mus musculus,10090
ENSMUSG00000021898,Asb14,,Mus musculus,10090
ENSMUSG00000021900,Btd,,Mus musculus,10090
ENSMUSG00000021901,Bap1,,Mus musculus,10090
ENSMUSG00000021902,Phf7,,Mus musculus,10090
ENSMUSG00000021906,Oxnad1,,Mus musculus,10090
ENSMUSG00000021907,Msmb,,Mus musculus,10090
ENSMUSG00000021910,Nisch,,Mus musculus,10090
ENSMUSG00000021911,Parg,,Mus musculus,10090
ENSMUSG00000021917,Spcs1,,Mus musculus,10090
ENSMUSG00000021918,Nek4,,Mus musculus,10090
ENSMUSG00000021922,Itih4,,Mus musculus,10090
ENSMUSG00000021928,Ebpl,,Mus musculus,10090
ENSMUSG00000021929,Kpna3,,Mus musculus,10090
ENSMUSG00000021930,Spryd7,,Mus musculus,10090
ENSMUSG00000021936,Mapk8,,Mus musculus,10090
ENSMUSG00000021938,Pspc1,,Mus musculus,10090
ENSMUSG00000021939,Ctsb,,Mus musculus,10090
ENSMUSG00000021940,Ptpn20,,Mus musculus,10090
ENSMUSG00000021943,Gdf10,,Mus musculus,10090
ENSMUSG00000021944,Gata4,,Mus musculus,10090
ENSMUSG00000021947,Cryl1,,Mus musculus,10090
ENSMUSG00000021948,Prkcd,,Mus musculus,10090
ENSMUSG00000021950,Anxa8,,Mus musculus,10090
ENSMUSG00000021951,Eef1akmt1,,Mus musculus,10090
ENSMUSG00000021952,Xpo4,,Mus musculus,10090
ENSMUSG00000021957,Tkt,,Mus musculus,10090
ENSMUSG00000021958,Pinx1,,Mus musculus,10090
ENSMUSG00000021959,Lats2,,Mus musculus,10090
ENSMUSG00000021962,Dcp1a,,Mus musculus,10090
ENSMUSG00000021963,Sap18,,Mus musculus,10090
ENSMUSG00000021965,Ska3,,Mus musculus,10090
ENSMUSG00000021967,Mrpl57,,Mus musculus,10090
ENSMUSG00000021969,Zdhhc20,,Mus musculus,10090
ENSMUSG00000021972,Hmbox1,,Mus musculus,10090
ENSMUSG00000021974,Fgf9,,Mus musculus,10090
ENSMUSG00000021975,Ints9,,Mus musculus,10090
ENSMUSG00000021977,1700129C05Rik,,Mus musculus,10090
ENSMUSG00000021978,Extl3,,Mus musculus,10090
ENSMUSG00000021981,Cab39l,,Mus musculus,10090
ENSMUSG00000021982,Cdadc1,,Mus musculus,10090
ENSMUSG00000021983,Atp8a2,,Mus musculus,10090
ENSMUSG00000021987,Mtmr6,,Mus musculus,10090
ENSMUSG00000021990,Spata13,,Mus musculus,10090
ENSMUSG00000021991,Cacna2d3,,Mus musculus,10090
ENSMUSG00000021994,Wnt5a,,Mus musculus,10090
ENSMUSG00000021998,Lcp1,,Mus musculus,10090
ENSMUSG00000021999,Cpb2,,Mus musculus,10090
ENSMUSG00000022003,Slc25a30,,Mus musculus,10090
ENSMUSG00000022008,Gpalpp1,,Mus musculus,10090
ENSMUSG00000022009,Nufip1,,Mus musculus,10090
ENSMUSG00000022010,Tsc22d1,,Mus musculus,10090
ENSMUSG00000022013,Dnajc15,,Mus musculus,10090
ENSMUSG00000022014,Epsti1,,Mus musculus,10090
ENSMUSG00000022015,Tnfsf11,,Mus musculus,10090
ENSMUSG00000022018,Rgcc,,Mus musculus,10090
ENSMUSG00000022019,Tdrd3,,Mus musculus,10090
ENSMUSG00000022021,Diaph3,,Mus musculus,10090
ENSMUSG00000022023,Wbp4,,Mus musculus,10090
ENSMUSG00000022024,Sugt1,,Mus musculus,10090
ENSMUSG00000022025,Cnmd,,Mus musculus,10090
ENSMUSG00000022031,Elp3,,Mus musculus,10090
ENSMUSG00000022032,Scara5,,Mus musculus,10090
ENSMUSG00000022033,Pbk,,Mus musculus,10090
ENSMUSG00000022037,Clu,,Mus musculus,10090
ENSMUSG00000022039,Adam2,,Mus musculus,10090
ENSMUSG00000022040,Ephx2,,Mus musculus,10090
ENSMUSG00000022041,Chrna2,,Mus musculus,10090
ENSMUSG00000022043,Trim35,,Mus musculus,10090
ENSMUSG00000022044,Stmn4,,Mus musculus,10090
ENSMUSG00000022048,Dpysl2,,Mus musculus,10090
ENSMUSG00000022051,Bnip3l,,Mus musculus,10090
ENSMUSG00000022052,Ppp2r2a,,Mus musculus,10090
ENSMUSG00000022053,Ebf2,,Mus musculus,10090
ENSMUSG00000022054,Nefm,,Mus musculus,10090
ENSMUSG00000022055,Nefl,,Mus musculus,10090
ENSMUSG00000022056,Adam7,,Mus musculus,10090
ENSMUSG00000022057,Adamdec1,,Mus musculus,10090
ENSMUSG00000022061,Nkx3-1,,Mus musculus,10090
ENSMUSG00000022064,Pibf1,,Mus musculus,10090
ENSMUSG00000022074,Tnfrsf10b,,Mus musculus,10090
ENSMUSG00000022075,Rhobtb2,,Mus musculus,10090
ENSMUSG00000022076,Klhl1,,Mus musculus,10090
ENSMUSG00000022089,Bin3,,Mus musculus,10090
ENSMUSG00000022090,Pdlim2,,Mus musculus,10090
ENSMUSG00000022091,Sorbs3,,Mus musculus,10090
ENSMUSG00000022092,Ppp3cc,,Mus musculus,10090
ENSMUSG00000022094,Slc39a14,,Mus musculus,10090
ENSMUSG00000022096,Hr,,Mus musculus,10090
ENSMUSG00000022097,Sftpc,,Mus musculus,10090
ENSMUSG00000022098,Bmp1,,Mus musculus,10090
ENSMUSG00000022099,Dmtn,,Mus musculus,10090
ENSMUSG00000022100,Xpo7,,Mus musculus,10090
ENSMUSG00000022101,Fgf17,,Mus musculus,10090
ENSMUSG00000022102,Dok2,,Mus musculus,10090
ENSMUSG00000022103,Gfra2,,Mus musculus,10090
ENSMUSG00000022105,Rb1,,Mus musculus,10090
ENSMUSG00000022106,Rcbtb2,,Mus musculus,10090
ENSMUSG00000022108,Itm2b,,Mus musculus,10090
ENSMUSG00000022109,Med4,,Mus musculus,10090
ENSMUSG00000022110,Sucla2,,Mus musculus,10090
ENSMUSG00000022114,Spry2,,Mus musculus,10090
ENSMUSG00000022119,Rbm26,,Mus musculus,10090
ENSMUSG00000022120,Rnf219,,Mus musculus,10090
ENSMUSG00000022122,Ednrb,,Mus musculus,10090
ENSMUSG00000022124,Fbxl3,,Mus musculus,10090
ENSMUSG00000022125,Cln5,,Mus musculus,10090
ENSMUSG00000022126,Acod1,,Mus musculus,10090
ENSMUSG00000022129,Dct,,Mus musculus,10090
ENSMUSG00000022130,Tgds,,Mus musculus,10090
ENSMUSG00000022131,Gpr180,,Mus musculus,10090
ENSMUSG00000022132,Cldn10,,Mus musculus,10090
ENSMUSG00000022136,Dnajc3,,Mus musculus,10090
ENSMUSG00000022141,Nipbl,,Mus musculus,10090
ENSMUSG00000022142,Nup155,,Mus musculus,10090
ENSMUSG00000022144,Gdnf,,Mus musculus,10090
ENSMUSG00000022146,Osmr,,Mus musculus,10090
ENSMUSG00000022148,Fyb,,Mus musculus,10090
ENSMUSG00000022149,C9,,Mus musculus,10090
ENSMUSG00000022150,Dab2,,Mus musculus,10090
ENSMUSG00000022151,Ttc33,,Mus musculus,10090
ENSMUSG00000022156,Gzme,,Mus musculus,10090
ENSMUSG00000022157,Mcpt8,,Mus musculus,10090
ENSMUSG00000022159,Rab2b,,Mus musculus,10090
ENSMUSG00000022160,Mettl3,,Mus musculus,10090
ENSMUSG00000022174,Dad1,,Mus musculus,10090
ENSMUSG00000022175,Lrp10,,Mus musculus,10090
ENSMUSG00000022176,Rem2,,Mus musculus,10090
ENSMUSG00000022177,Haus4,,Mus musculus,10090
ENSMUSG00000022178,Ajuba,,Mus musculus,10090
ENSMUSG00000022180,Slc7a8,,Mus musculus,10090
ENSMUSG00000022181,C6,,Mus musculus,10090
ENSMUSG00000022184,Fbxo4,,Mus musculus,10090
ENSMUSG00000022185,Acin1,,Mus musculus,10090
ENSMUSG00000022186,Oxct1,,Mus musculus,10090
ENSMUSG00000022194,Pabpn1,,Mus musculus,10090
ENSMUSG00000022195,6030458C11Rik,,Mus musculus,10090
ENSMUSG00000022199,Slc22a17,,Mus musculus,10090
ENSMUSG00000022200,Golph3,,Mus musculus,10090
ENSMUSG00000022201,Zfr,,Mus musculus,10090
ENSMUSG00000022203,Efs,,Mus musculus,10090
ENSMUSG00000022204,Ngdn,,Mus musculus,10090
ENSMUSG00000022205,Sub1,,Mus musculus,10090
ENSMUSG00000022206,Npr3,,Mus musculus,10090
ENSMUSG00000022209,Dhrs2,,Mus musculus,10090
ENSMUSG00000022210,Dhrs4,,Mus musculus,10090
ENSMUSG00000022212,Cpne6,,Mus musculus,10090
ENSMUSG00000022214,Dcaf11,,Mus musculus,10090
ENSMUSG00000022215,Fitm1,,Mus musculus,10090
ENSMUSG00000022216,Psme1,,Mus musculus,10090
ENSMUSG00000022217,Emc9,,Mus musculus,10090
ENSMUSG00000022218,Tgm1,,Mus musculus,10090
ENSMUSG00000022219,Cideb,,Mus musculus,10090
ENSMUSG00000022220,Adcy4,,Mus musculus,10090
ENSMUSG00000022221,Ripk3,,Mus musculus,10090
ENSMUSG00000022225,Cma1,,Mus musculus,10090
ENSMUSG00000022226,Mcpt2,,Mus musculus,10090
ENSMUSG00000022227,Mcpt1,,Mus musculus,10090
ENSMUSG00000022228,Zscan26,,Mus musculus,10090
ENSMUSG00000022229,Atp12a,,Mus musculus,10090
ENSMUSG00000022231,Sema5a,,Mus musculus,10090
ENSMUSG00000022234,Cct5,,Mus musculus,10090
ENSMUSG00000022235,Cmbl,,Mus musculus,10090
ENSMUSG00000022236,Ropn1l,,Mus musculus,10090
ENSMUSG00000022237,Ankrd33b,,Mus musculus,10090
ENSMUSG00000022240,Ctnnd2,,Mus musculus,10090
ENSMUSG00000022241,Tars,,Mus musculus,10090
ENSMUSG00000022243,Slc45a2,,Mus musculus,10090
ENSMUSG00000022244,Amacr,,Mus musculus,10090
ENSMUSG00000022246,Rai14,,Mus musculus,10090
ENSMUSG00000022247,Brix1,,Mus musculus,10090
ENSMUSG00000022248,Rad1,,Mus musculus,10090
ENSMUSG00000022255,Mtdh,,Mus musculus,10090
ENSMUSG00000022257,Laptm4b,,Mus musculus,10090
ENSMUSG00000022261,Sdc2,,Mus musculus,10090
ENSMUSG00000022262,Dnah5,,Mus musculus,10090
ENSMUSG00000022263,Trio,,Mus musculus,10090
ENSMUSG00000022265,Ank,,Mus musculus,10090
ENSMUSG00000022270,Retreg1,,Mus musculus,10090
ENSMUSG00000022272,Myo10,,Mus musculus,10090
ENSMUSG00000022280,Rnf19a,,Mus musculus,10090
ENSMUSG00000022283,Pabpc1,,Mus musculus,10090
ENSMUSG00000022285,Ywhaz,,Mus musculus,10090
ENSMUSG00000022286,Grhl2,,Mus musculus,10090
ENSMUSG00000022292,Rrm2b,,Mus musculus,10090
ENSMUSG00000022295,Atp6v1c1,,Mus musculus,10090
ENSMUSG00000022296,Baalc,,Mus musculus,10090
ENSMUSG00000022297,Fzd6,,Mus musculus,10090
ENSMUSG00000022300,Dcaf13,,Mus musculus,10090
ENSMUSG00000022304,Dpys,,Mus musculus,10090
ENSMUSG00000022306,Zfpm2,,Mus musculus,10090
ENSMUSG00000022307,Oxr1,,Mus musculus,10090
ENSMUSG00000022309,Angpt1,,Mus musculus,10090
ENSMUSG00000022312,Eif3h,,Mus musculus,10090
ENSMUSG00000022314,Rad21,,Mus musculus,10090
ENSMUSG00000022321,Cdh10,,Mus musculus,10090
ENSMUSG00000022322,Shcbp1,,Mus musculus,10090
ENSMUSG00000022323,Rida,,Mus musculus,10090
ENSMUSG00000022324,Matn2,,Mus musculus,10090
ENSMUSG00000022329,Stk3,,Mus musculus,10090
ENSMUSG00000022330,Osr2,,Mus musculus,10090
ENSMUSG00000022332,Khdrbs3,,Mus musculus,10090
ENSMUSG00000022336,Eif3e,,Mus musculus,10090
ENSMUSG00000022337,Emc2,,Mus musculus,10090
ENSMUSG00000022338,Eny2,,Mus musculus,10090
ENSMUSG00000022339,Ebag9,,Mus musculus,10090
ENSMUSG00000022346,Myc,,Mus musculus,10090
ENSMUSG00000022351,Sqle,,Mus musculus,10090
ENSMUSG00000022353,Mtss1,,Mus musculus,10090
ENSMUSG00000022358,Fbxo32,,Mus musculus,10090
ENSMUSG00000022365,Derl1,,Mus musculus,10090
ENSMUSG00000022366,Slc22a22,,Mus musculus,10090
ENSMUSG00000022367,Has2,,Mus musculus,10090
ENSMUSG00000022369,Mtbp,,Mus musculus,10090
ENSMUSG00000022370,Mrpl13,,Mus musculus,10090
ENSMUSG00000022371,Col14a1,,Mus musculus,10090
ENSMUSG00000022372,Sla,,Mus musculus,10090
ENSMUSG00000022375,Lrrc6,,Mus musculus,10090
ENSMUSG00000022376,Adcy8,,Mus musculus,10090
ENSMUSG00000022377,Asap1,,Mus musculus,10090
ENSMUSG00000022378,Fam49b,,Mus musculus,10090
ENSMUSG00000022382,Wnt7b,,Mus musculus,10090
ENSMUSG00000022383,Ppara,,Mus musculus,10090
ENSMUSG00000022385,Gtse1,,Mus musculus,10090
ENSMUSG00000022387,Brd1,,Mus musculus,10090
ENSMUSG00000022389,Tef,,Mus musculus,10090
ENSMUSG00000022391,Rangap1,,Mus musculus,10090
ENSMUSG00000022400,Rbx1,,Mus musculus,10090
ENSMUSG00000022403,St13,,Mus musculus,10090
ENSMUSG00000022404,Slc25a17,,Mus musculus,10090
ENSMUSG00000022407,Adsl,,Mus musculus,10090
ENSMUSG00000022408,Fam83f,,Mus musculus,10090
ENSMUSG00000022414,Tab1,,Mus musculus,10090
ENSMUSG00000022415,Syngr1,,Mus musculus,10090
ENSMUSG00000022419,Deptor,,Mus musculus,10090
ENSMUSG00000022420,Dnal4,,Mus musculus,10090
ENSMUSG00000022421,Nptxr,,Mus musculus,10090
ENSMUSG00000022425,Enpp2,,Mus musculus,10090
ENSMUSG00000022426,Josd1,,Mus musculus,10090
ENSMUSG00000022428,Cby1,,Mus musculus,10090
ENSMUSG00000022429,Dmc1,,Mus musculus,10090
ENSMUSG00000022431,Ribc2,,Mus musculus,10090
ENSMUSG00000022432,Smc1b,,Mus musculus,10090
ENSMUSG00000022433,Csnk1e,,Mus musculus,10090
ENSMUSG00000022434,Fam118a,,Mus musculus,10090
ENSMUSG00000022435,Upk3a,,Mus musculus,10090
ENSMUSG00000022436,Sh3bp1,,Mus musculus,10090
ENSMUSG00000022437,Samm50,,Mus musculus,10090
ENSMUSG00000022438,Parvb,,Mus musculus,10090
ENSMUSG00000022439,Parvg,,Mus musculus,10090
ENSMUSG00000022440,C1qtnf6,,Mus musculus,10090
ENSMUSG00000022442,Ttll1,,Mus musculus,10090
ENSMUSG00000022443,Myh9,,Mus musculus,10090
ENSMUSG00000022445,Cyp2d26,,Mus musculus,10090
ENSMUSG00000022450,Ndufa6,,Mus musculus,10090
ENSMUSG00000022451,Twf1,,Mus musculus,10090
ENSMUSG00000022452,Smdt1,,Mus musculus,10090
ENSMUSG00000022453,Naga,,Mus musculus,10090
ENSMUSG00000022454,Nell2,,Mus musculus,10090
ENSMUSG00000022456,Sept3,,Mus musculus,10090
ENSMUSG00000022462,Slc38a2,,Mus musculus,10090
ENSMUSG00000022463,Srebf2,,Mus musculus,10090
ENSMUSG00000022464,Slc38a4,,Mus musculus,10090
ENSMUSG00000022466,Rpap3,,Mus musculus,10090
ENSMUSG00000022468,Endou,,Mus musculus,10090
ENSMUSG00000022469,Rapgef3,,Mus musculus,10090
ENSMUSG00000022471,Xrcc6,,Mus musculus,10090
ENSMUSG00000022472,Desi1,,Mus musculus,10090
ENSMUSG00000022474,Pmm1,,Mus musculus,10090
ENSMUSG00000022475,Hdac7,,Mus musculus,10090
ENSMUSG00000022476,Polr3h,,Mus musculus,10090
ENSMUSG00000022477,Aco2,,Mus musculus,10090
ENSMUSG00000022479,Vdr,,Mus musculus,10090
ENSMUSG00000022483,Col2a1,,Mus musculus,10090
ENSMUSG00000022488,Nckap1l,,Mus musculus,10090
ENSMUSG00000022489,Pde1b,,Mus musculus,10090
ENSMUSG00000022490,Ppp1r1a,,Mus musculus,10090
ENSMUSG00000022491,Glycam1,,Mus musculus,10090
ENSMUSG00000022496,Tnfrsf17,,Mus musculus,10090
ENSMUSG00000022498,Txndc11,,Mus musculus,10090
ENSMUSG00000022500,Litaf,,Mus musculus,10090
ENSMUSG00000022501,Prm1,,Mus musculus,10090
ENSMUSG00000022503,Nubp1,,Mus musculus,10090
ENSMUSG00000022504,Ciita,,Mus musculus,10090
ENSMUSG00000022505,Emp2,,Mus musculus,10090
ENSMUSG00000022508,Bcl6,,Mus musculus,10090
ENSMUSG00000022510,Trp63,,Mus musculus,10090
ENSMUSG00000022512,Cldn1,,Mus musculus,10090
ENSMUSG00000022514,Il1rap,,Mus musculus,10090
ENSMUSG00000022515,Anks3,,Mus musculus,10090
ENSMUSG00000022516,Nudt16l1,,Mus musculus,10090
ENSMUSG00000022521,Crebbp,,Mus musculus,10090
ENSMUSG00000022523,Fgf12,,Mus musculus,10090
ENSMUSG00000022525,Plaat1,,Mus musculus,10090
ENSMUSG00000022528,Hes1,,Mus musculus,10090
ENSMUSG00000022533,Atp13a3,,Mus musculus,10090
ENSMUSG00000022534,Mefv,,Mus musculus,10090
ENSMUSG00000022536,Glyr1,,Mus musculus,10090
ENSMUSG00000022538,Lsg1,,Mus musculus,10090
ENSMUSG00000022540,Rogdi,,Mus musculus,10090
ENSMUSG00000022544,Eef2kmt,,Mus musculus,10090
ENSMUSG00000022545,Ercc4,,Mus musculus,10090
ENSMUSG00000022546,Gpt,,Mus musculus,10090
ENSMUSG00000022548,Apod,,Mus musculus,10090
ENSMUSG00000022551,Cyc1,,Mus musculus,10090
ENSMUSG00000022552,Sharpin,,Mus musculus,10090
ENSMUSG00000022553,Maf1,,Mus musculus,10090
ENSMUSG00000022554,Hgh1,,Mus musculus,10090
ENSMUSG00000022555,Dgat1,,Mus musculus,10090
ENSMUSG00000022556,Hsf1,,Mus musculus,10090
ENSMUSG00000022557,Bop1,,Mus musculus,10090
ENSMUSG00000022558,Mroh1,,Mus musculus,10090
ENSMUSG00000022559,Fbxl6,,Mus musculus,10090
ENSMUSG00000022560,Slc52a2,,Mus musculus,10090
ENSMUSG00000022561,Gpaa1,,Mus musculus,10090
ENSMUSG00000022562,Oplah,,Mus musculus,10090
ENSMUSG00000022564,Grina,,Mus musculus,10090
ENSMUSG00000022565,Plec,,Mus musculus,10090
ENSMUSG00000022568,Scrib,,Mus musculus,10090
ENSMUSG00000022570,Tsta3,,Mus musculus,10090
ENSMUSG00000022571,Pycrl,,Mus musculus,10090
ENSMUSG00000022577,Ly6h,,Mus musculus,10090
ENSMUSG00000022580,Rhpn1,,Mus musculus,10090
ENSMUSG00000022583,Ly6f,,Mus musculus,10090
ENSMUSG00000022586,Ly6i,,Mus musculus,10090
ENSMUSG00000022589,Cyp11b2,,Mus musculus,10090
ENSMUSG00000022594,Lynx1,,Mus musculus,10090
ENSMUSG00000022596,Slurp1,,Mus musculus,10090
ENSMUSG00000022598,Psca,,Mus musculus,10090
ENSMUSG00000022602,Arc,,Mus musculus,10090
ENSMUSG00000022607,Ptk2,,Mus musculus,10090
ENSMUSG00000022610,Mapk12,,Mus musculus,10090
ENSMUSG00000022613,Miox,,Mus musculus,10090
ENSMUSG00000022619,Mapk8ip2,,Mus musculus,10090
ENSMUSG00000022620,Arsa,,Mus musculus,10090
ENSMUSG00000022622,Acr,,Mus musculus,10090
ENSMUSG00000022623,Shank3,,Mus musculus,10090
ENSMUSG00000022629,Kif21a,,Mus musculus,10090
ENSMUSG00000022634,Yaf2,,Mus musculus,10090
ENSMUSG00000022636,Alcam,,Mus musculus,10090
ENSMUSG00000022641,Bbx,,Mus musculus,10090
ENSMUSG00000022650,Retnlb,,Mus musculus,10090
ENSMUSG00000022652,Morc1,,Mus musculus,10090
ENSMUSG00000022656,Nectin3,,Mus musculus,10090
ENSMUSG00000022657,Cd96,,Mus musculus,10090
ENSMUSG00000022658,Tagln3,,Mus musculus,10090
ENSMUSG00000022659,Gcsam,,Mus musculus,10090
ENSMUSG00000022661,Cd200,,Mus musculus,10090
ENSMUSG00000022663,Atg3,,Mus musculus,10090
ENSMUSG00000022664,Slc35a5,,Mus musculus,10090
ENSMUSG00000022665,Ccdc80,,Mus musculus,10090
ENSMUSG00000022667,Cd200r1,,Mus musculus,10090
ENSMUSG00000022668,Gtpbp8,,Mus musculus,10090
ENSMUSG00000022671,Mzt2,,Mus musculus,10090
ENSMUSG00000022672,Prkdc,,Mus musculus,10090
ENSMUSG00000022673,Mcm4,,Mus musculus,10090
ENSMUSG00000022674,Ube2v2,,Mus musculus,10090
ENSMUSG00000022676,Snai2,,Mus musculus,10090
ENSMUSG00000022677,Fopnl,,Mus musculus,10090
ENSMUSG00000022678,Nde1,,Mus musculus,10090
ENSMUSG00000022679,Mpv17l,,Mus musculus,10090
ENSMUSG00000022680,Pdxdc1,,Mus musculus,10090
ENSMUSG00000022681,Ntan1,,Mus musculus,10090
ENSMUSG00000022682,Rrn3,,Mus musculus,10090
ENSMUSG00000022683,Pla2g10,,Mus musculus,10090
ENSMUSG00000022684,Bfar,,Mus musculus,10090
ENSMUSG00000022685,Parn,,Mus musculus,10090
ENSMUSG00000022686,B3gnt5,,Mus musculus,10090
ENSMUSG00000022687,Boc,,Mus musculus,10090
ENSMUSG00000022696,Sidt1,,Mus musculus,10090
ENSMUSG00000022701,Ccdc191,,Mus musculus,10090
ENSMUSG00000022702,Hira,,Mus musculus,10090
ENSMUSG00000022704,Qtrt2,,Mus musculus,10090
ENSMUSG00000022705,Drd3,,Mus musculus,10090
ENSMUSG00000022706,Mrpl40,,Mus musculus,10090
ENSMUSG00000022707,Gbe1,,Mus musculus,10090
ENSMUSG00000022708,Zbtb20,,Mus musculus,10090
ENSMUSG00000022710,Usp7,,Mus musculus,10090
ENSMUSG00000022711,Pmm2,,Mus musculus,10090
ENSMUSG00000022715,Tmem114,,Mus musculus,10090
ENSMUSG00000022718,Dgcr8,,Mus musculus,10090
ENSMUSG00000022721,Trmt2a,,Mus musculus,10090
ENSMUSG00000022722,Arl6,,Mus musculus,10090
ENSMUSG00000022723,Crybg3,,Mus musculus,10090
ENSMUSG00000022724,Riox2,,Mus musculus,10090
ENSMUSG00000022742,Cpox,,Mus musculus,10090
ENSMUSG00000022744,Cldnd1,,Mus musculus,10090
ENSMUSG00000022747,St3gal6,,Mus musculus,10090
ENSMUSG00000022749,Tbc1d23,,Mus musculus,10090
ENSMUSG00000022750,Klhl22,,Mus musculus,10090
ENSMUSG00000022751,Nit2,,Mus musculus,10090
ENSMUSG00000022752,Tomm70a,,Mus musculus,10090
ENSMUSG00000022754,Tmem45a,,Mus musculus,10090
ENSMUSG00000022756,Slc7a4,,Mus musculus,10090
ENSMUSG00000022757,Tfg,,Mus musculus,10090
ENSMUSG00000022758,P2rx6,,Mus musculus,10090
ENSMUSG00000022760,Thap7,,Mus musculus,10090
ENSMUSG00000022761,Lztr1,,Mus musculus,10090
ENSMUSG00000022762,Ncam2,,Mus musculus,10090
ENSMUSG00000022765,Snap29,,Mus musculus,10090
ENSMUSG00000022766,Serpind1,,Mus musculus,10090
ENSMUSG00000022769,Sdf2l1,,Mus musculus,10090
ENSMUSG00000022770,Dlg1,,Mus musculus,10090
ENSMUSG00000022771,Ppil2,,Mus musculus,10090
ENSMUSG00000022773,Ypel1,,Mus musculus,10090
ENSMUSG00000022774,Ncbp2,,Mus musculus,10090
ENSMUSG00000022779,Top3b,,Mus musculus,10090
ENSMUSG00000022780,Meltf,,Mus musculus,10090
ENSMUSG00000022781,Pak2,,Mus musculus,10090
ENSMUSG00000022783,Spag6l,,Mus musculus,10090
ENSMUSG00000022788,Fgd4,,Mus musculus,10090
ENSMUSG00000022789,Dnm1l,,Mus musculus,10090
ENSMUSG00000022791,Tnk2,,Mus musculus,10090
ENSMUSG00000022793,B4galt4,,Mus musculus,10090
ENSMUSG00000022797,Tfrc,,Mus musculus,10090
ENSMUSG00000022799,Arhgap31,,Mus musculus,10090
ENSMUSG00000022800,Fyttd1,,Mus musculus,10090
ENSMUSG00000022803,Popdc2,,Mus musculus,10090
ENSMUSG00000022805,Maats1,,Mus musculus,10090
ENSMUSG00000022807,Osbpl11,,Mus musculus,10090
ENSMUSG00000022808,Snx4,,Mus musculus,10090
ENSMUSG00000022809,Nr1i2,,Mus musculus,10090
ENSMUSG00000022811,Zfp148,,Mus musculus,10090
ENSMUSG00000022812,Gsk3b,,Mus musculus,10090
ENSMUSG00000022814,Umps,,Mus musculus,10090
ENSMUSG00000022816,Fstl1,,Mus musculus,10090
ENSMUSG00000022817,Itgb5,,Mus musculus,10090
ENSMUSG00000022821,Hgd,,Mus musculus,10090
ENSMUSG00000022822,Abcc5,,Mus musculus,10090
ENSMUSG00000022824,Muc13,,Mus musculus,10090
ENSMUSG00000022827,Rabl3,,Mus musculus,10090
ENSMUSG00000022831,Hcls1,,Mus musculus,10090
ENSMUSG00000022832,Ropn1,,Mus musculus,10090
ENSMUSG00000022836,Mylk,,Mus musculus,10090
ENSMUSG00000022838,Eaf2,,Mus musculus,10090
ENSMUSG00000022843,Clcn2,,Mus musculus,10090
ENSMUSG00000022844,Pdia5,,Mus musculus,10090
ENSMUSG00000022847,Thpo,,Mus musculus,10090
ENSMUSG00000022853,Ehhadh,,Mus musculus,10090
ENSMUSG00000022855,Senp2,,Mus musculus,10090
ENSMUSG00000022856,Tmem41a,,Mus musculus,10090
ENSMUSG00000022857,Tmprss15,,Mus musculus,10090
ENSMUSG00000022860,Chodl,,Mus musculus,10090
ENSMUSG00000022861,Dgkg,,Mus musculus,10090
ENSMUSG00000022864,D16Ertd472e,,Mus musculus,10090
ENSMUSG00000022865,Cxadr,,Mus musculus,10090
ENSMUSG00000022867,Usp25,,Mus musculus,10090
ENSMUSG00000022868,Ahsg,,Mus musculus,10090
ENSMUSG00000022871,Fetub,,Mus musculus,10090
ENSMUSG00000022875,Kng1,,Mus musculus,10090
ENSMUSG00000022876,Samsn1,,Mus musculus,10090
ENSMUSG00000022877,Hrg,,Mus musculus,10090
ENSMUSG00000022878,Adipoq,,Mus musculus,10090
ENSMUSG00000022881,Rfc4,,Mus musculus,10090
ENSMUSG00000022883,Robo1,,Mus musculus,10090
ENSMUSG00000022885,St6gal1,,Mus musculus,10090
ENSMUSG00000022886,Prl2a1,,Mus musculus,10090
ENSMUSG00000022887,Masp1,,Mus musculus,10090
ENSMUSG00000022889,Mrpl39,,Mus musculus,10090
ENSMUSG00000022890,Atp5j,,Mus musculus,10090
ENSMUSG00000022892,App,,Mus musculus,10090
ENSMUSG00000022893,Adamts1,,Mus musculus,10090
ENSMUSG00000022894,Adamts5,,Mus musculus,10090
ENSMUSG00000022895,Ets2,,Mus musculus,10090
ENSMUSG00000022897,Dyrk1a,,Mus musculus,10090
ENSMUSG00000022898,Vps26c,,Mus musculus,10090
ENSMUSG00000022899,Slc15a2,,Mus musculus,10090
ENSMUSG00000022900,Ildr1,,Mus musculus,10090
ENSMUSG00000022901,Cd86,,Mus musculus,10090
ENSMUSG00000022905,Kpna1,,Mus musculus,10090
ENSMUSG00000022906,Parp9,,Mus musculus,10090
ENSMUSG00000022912,Pros1,,Mus musculus,10090
ENSMUSG00000022913,Psmg1,,Mus musculus,10090
ENSMUSG00000022914,Brwd1,,Mus musculus,10090
ENSMUSG00000022931,Krtap15,,Mus musculus,10090
ENSMUSG00000022935,Grik1,,Mus musculus,10090
ENSMUSG00000022938,Fam3b,,Mus musculus,10090
ENSMUSG00000022941,Ripply3,,Mus musculus,10090
ENSMUSG00000022945,Chaf1b,,Mus musculus,10090
ENSMUSG00000022946,Dop1b,,Mus musculus,10090
ENSMUSG00000022947,Cbr3,,Mus musculus,10090
ENSMUSG00000022948,Setd4,,Mus musculus,10090
ENSMUSG00000022951,Rcan1,,Mus musculus,10090
ENSMUSG00000022952,Runx1,,Mus musculus,10090
ENSMUSG00000022956,Atp5o,,Mus musculus,10090
ENSMUSG00000022957,Itsn1,,Mus musculus,10090
ENSMUSG00000022960,Donson,,Mus musculus,10090
ENSMUSG00000022961,Son,,Mus musculus,10090
ENSMUSG00000022962,Gart,,Mus musculus,10090
ENSMUSG00000022964,Tmem50b,,Mus musculus,10090
ENSMUSG00000022965,Ifngr2,,Mus musculus,10090
ENSMUSG00000022967,Ifnar1,,Mus musculus,10090
ENSMUSG00000022969,Il10rb,,Mus musculus,10090
ENSMUSG00000022971,Ifnar2,,Mus musculus,10090
ENSMUSG00000022972,Cfap298,,Mus musculus,10090
ENSMUSG00000022974,Paxbp1,,Mus musculus,10090
ENSMUSG00000022978,Mis18a,,Mus musculus,10090
ENSMUSG00000022983,Scaf4,,Mus musculus,10090
ENSMUSG00000022986,Krt75,,Mus musculus,10090
ENSMUSG00000022991,Lalba,,Mus musculus,10090
ENSMUSG00000022994,Adcy6,,Mus musculus,10090
ENSMUSG00000022995,Enah,,Mus musculus,10090
ENSMUSG00000022996,Wnt10b,,Mus musculus,10090
ENSMUSG00000022997,Wnt1,,Mus musculus,10090
ENSMUSG00000022999,Lmbr1l,,Mus musculus,10090
ENSMUSG00000023000,Dhh,,Mus musculus,10090
ENSMUSG00000023007,Prpf40b,,Mus musculus,10090
ENSMUSG00000023008,Fmnl3,,Mus musculus,10090
ENSMUSG00000023009,Nckap5l,,Mus musculus,10090
ENSMUSG00000023010,Tmbim6,,Mus musculus,10090
ENSMUSG00000023013,Aqp2,,Mus musculus,10090
ENSMUSG00000023015,Racgap1,,Mus musculus,10090
ENSMUSG00000023018,Smarcd1,,Mus musculus,10090
ENSMUSG00000023019,Gpd1,,Mus musculus,10090
ENSMUSG00000023020,Cox14,,Mus musculus,10090
ENSMUSG00000023021,Cers5,,Mus musculus,10090
ENSMUSG00000023022,Lima1,,Mus musculus,10090
ENSMUSG00000023026,Dip2b,,Mus musculus,10090
ENSMUSG00000023027,Atf1,,Mus musculus,10090
ENSMUSG00000023030,Slc11a2,,Mus musculus,10090
ENSMUSG00000023031,Cela1,,Mus musculus,10090
ENSMUSG00000023032,Slc4a8,,Mus musculus,10090
ENSMUSG00000023033,Scn8a,,Mus musculus,10090
ENSMUSG00000023034,Nr4a1,,Mus musculus,10090
ENSMUSG00000023039,Krt7,,Mus musculus,10090
ENSMUSG00000023041,Krt6b,,Mus musculus,10090
ENSMUSG00000023043,Krt18,,Mus musculus,10090
ENSMUSG00000023044,Csad,,Mus musculus,10090
ENSMUSG00000023045,Soat2,,Mus musculus,10090
ENSMUSG00000023046,Igfbp6,,Mus musculus,10090
ENSMUSG00000023047,Amhr2,,Mus musculus,10090
ENSMUSG00000023048,Prr13,,Mus musculus,10090
ENSMUSG00000023050,Map3k12,,Mus musculus,10090
ENSMUSG00000023057,Fabp2,,Mus musculus,10090
ENSMUSG00000023064,Sncg,,Mus musculus,10090
ENSMUSG00000023066,Rttn,,Mus musculus,10090
ENSMUSG00000023067,Cdkn1a,,Mus musculus,10090
ENSMUSG00000023068,Nus1,,Mus musculus,10090
ENSMUSG00000023070,Rgn,,Mus musculus,10090
ENSMUSG00000023072,Cep89,,Mus musculus,10090
ENSMUSG00000023073,Slc10a2,,Mus musculus,10090
ENSMUSG00000023074,Mospd1,,Mus musculus,10090
ENSMUSG00000023075,Akirin1,,Mus musculus,10090
ENSMUSG00000023078,Cxcl13,,Mus musculus,10090
ENSMUSG00000023079,Gtf2ird1,,Mus musculus,10090
ENSMUSG00000023087,Noct,,Mus musculus,10090
ENSMUSG00000023088,Abcc1,,Mus musculus,10090
ENSMUSG00000023089,Ndufa5,,Mus musculus,10090
ENSMUSG00000023092,Fhl1,,Mus musculus,10090
ENSMUSG00000023094,Msrb2,,Mus musculus,10090
ENSMUSG00000023104,Rfc2,,Mus musculus,10090
ENSMUSG00000023106,Denr,,Mus musculus,10090
ENSMUSG00000023110,Prmt5,,Mus musculus,10090
ENSMUSG00000023122,Sult1c2,,Mus musculus,10090
ENSMUSG00000023132,Gzma,,Mus musculus,10090
ENSMUSG00000023140,Reg2,,Mus musculus,10090
ENSMUSG00000023150,Ivns1abp,,Mus musculus,10090
ENSMUSG00000023156,Rpp14,,Mus musculus,10090
ENSMUSG00000023169,Slc38a1,,Mus musculus,10090
ENSMUSG00000023170,Gps2,,Mus musculus,10090
ENSMUSG00000023175,Bsg,,Mus musculus,10090
ENSMUSG00000023176,Cpn2,,Mus musculus,10090
ENSMUSG00000023185,Ceacam14,,Mus musculus,10090
ENSMUSG00000023186,Vwa5a,,Mus musculus,10090
ENSMUSG00000023191,P3h3,,Mus musculus,10090
ENSMUSG00000023206,Il15ra,,Mus musculus,10090
ENSMUSG00000023216,Epb42,,Mus musculus,10090
ENSMUSG00000023224,Serping1,,Mus musculus,10090
ENSMUSG00000023235,Ccl25,,Mus musculus,10090
ENSMUSG00000023236,Scg5,,Mus musculus,10090
ENSMUSG00000023243,Kcnk5,,Mus musculus,10090
ENSMUSG00000023247,Guca2a,,Mus musculus,10090
ENSMUSG00000023249,Parp3,,Mus musculus,10090
ENSMUSG00000023257,Cypt1,,Mus musculus,10090
ENSMUSG00000023259,Slc26a6,,Mus musculus,10090
ENSMUSG00000023262,Acy1,,Mus musculus,10090
ENSMUSG00000023263,9530002B09Rik,,Mus musculus,10090
ENSMUSG00000023266,Frs3,,Mus musculus,10090
ENSMUSG00000023267,Gabrr2,,Mus musculus,10090
ENSMUSG00000023272,Creld2,,Mus musculus,10090
ENSMUSG00000023274,Cd4,,Mus musculus,10090
ENSMUSG00000023277,Twf2,,Mus musculus,10090
ENSMUSG00000023279,Bmp15,,Mus musculus,10090
ENSMUSG00000023289,Sva,,Mus musculus,10090
ENSMUSG00000023307,March5,,Mus musculus,10090
ENSMUSG00000023330,Dtwd1,,Mus musculus,10090
ENSMUSG00000023333,Gcm1,,Mus musculus,10090
ENSMUSG00000023336,Wfdc1,,Mus musculus,10090
ENSMUSG00000023341,Mx2,,Mus musculus,10090
ENSMUSG00000023348,Trip6,,Mus musculus,10090
ENSMUSG00000023349,Clec4n,,Mus musculus,10090
ENSMUSG00000023353,Agap3,,Mus musculus,10090
ENSMUSG00000023367,Tmem176a,,Mus musculus,10090
ENSMUSG00000023391,Dlx2,,Mus musculus,10090
ENSMUSG00000023393,Slc17a9,,Mus musculus,10090
ENSMUSG00000023403,Stk31,,Mus musculus,10090
ENSMUSG00000023411,Nfatc4,,Mus musculus,10090
ENSMUSG00000023433,Cela3b,,Mus musculus,10090
ENSMUSG00000023439,Gnb3,,Mus musculus,10090
ENSMUSG00000023443,Esx1,,Mus musculus,10090
ENSMUSG00000023456,Tpi1,,Mus musculus,10090
ENSMUSG00000023460,Rab12,,Mus musculus,10090
ENSMUSG00000023467,Tulp2,,Mus musculus,10090
ENSMUSG00000023484,Prph,,Mus musculus,10090
ENSMUSG00000023495,Pcbp4,,Mus musculus,10090
ENSMUSG00000023505,Cdca3,,Mus musculus,10090
ENSMUSG00000023571,C1qtnf12,,Mus musculus,10090
ENSMUSG00000023572,Ccndbp1,,Mus musculus,10090
ENSMUSG00000023707,Ogfod2,,Mus musculus,10090
ENSMUSG00000023723,Mrps23,,Mus musculus,10090
ENSMUSG00000023737,1700082M22Rik,,Mus musculus,10090
ENSMUSG00000023755,Rhebl1,,Mus musculus,10090
ENSMUSG00000023764,Sfi1,,Mus musculus,10090
ENSMUSG00000023781,Hes7,,Mus musculus,10090
ENSMUSG00000023791,Pigx,,Mus musculus,10090
ENSMUSG00000023800,Tiam2,,Mus musculus,10090
ENSMUSG00000023805,Synj2,,Mus musculus,10090
ENSMUSG00000023826,Prkn,,Mus musculus,10090
ENSMUSG00000023828,Slc22a3,,Mus musculus,10090
ENSMUSG00000023829,Slc22a1,,Mus musculus,10090
ENSMUSG00000023830,Igf2r,,Mus musculus,10090
ENSMUSG00000023832,Acat2,,Mus musculus,10090
ENSMUSG00000023852,Chd1,,Mus musculus,10090
ENSMUSG00000023868,Pde10a,,Mus musculus,10090
ENSMUSG00000023873,1700010I14Rik,,Mus musculus,10090
ENSMUSG00000023882,Zfp54,,Mus musculus,10090
ENSMUSG00000023883,Phf10,,Mus musculus,10090
ENSMUSG00000023885,Thbs2,,Mus musculus,10090
ENSMUSG00000023886,Smoc2,,Mus musculus,10090
ENSMUSG00000023892,Zfp51,,Mus musculus,10090
ENSMUSG00000023904,Hcfc1r1,,Mus musculus,10090
ENSMUSG00000023905,Tnfrsf12a,,Mus musculus,10090
ENSMUSG00000023906,Cldn6,,Mus musculus,10090
ENSMUSG00000023908,Pkmyt1,,Mus musculus,10090
ENSMUSG00000023909,Paqr4,,Mus musculus,10090
ENSMUSG00000023911,Flywch2,,Mus musculus,10090
ENSMUSG00000023913,Pla2g7,,Mus musculus,10090
ENSMUSG00000023914,Mep1a,,Mus musculus,10090
ENSMUSG00000023915,Tnfrsf21,,Mus musculus,10090
ENSMUSG00000023919,Cenpq,,Mus musculus,10090
ENSMUSG00000023921,Mmut,,Mus musculus,10090
ENSMUSG00000023926,Rhag,,Mus musculus,10090
ENSMUSG00000023927,Satb1,,Mus musculus,10090
ENSMUSG00000023930,Crisp2,,Mus musculus,10090
ENSMUSG00000023932,Cdc5l,,Mus musculus,10090
ENSMUSG00000023939,Mrpl14,,Mus musculus,10090
ENSMUSG00000023942,Slc29a1,,Mus musculus,10090
ENSMUSG00000023943,Sult1c1,,Mus musculus,10090
ENSMUSG00000023944,Hsp90ab1,,Mus musculus,10090
ENSMUSG00000023945,Slc5a7,,Mus musculus,10090
ENSMUSG00000023947,Nfkbie,,Mus musculus,10090
ENSMUSG00000023949,Tcte1,,Mus musculus,10090
ENSMUSG00000023951,Vegfa,,Mus musculus,10090
ENSMUSG00000023952,Gtpbp2,,Mus musculus,10090
ENSMUSG00000023953,Polh,,Mus musculus,10090
ENSMUSG00000023960,Enpp5,,Mus musculus,10090
ENSMUSG00000023961,Enpp4,,Mus musculus,10090
ENSMUSG00000023963,Cyp39a1,,Mus musculus,10090
ENSMUSG00000023964,Calcr,,Mus musculus,10090
ENSMUSG00000023966,Rsph9,,Mus musculus,10090
ENSMUSG00000023967,Mrps18a,,Mus musculus,10090
ENSMUSG00000023968,Crip3,,Mus musculus,10090
ENSMUSG00000023971,Rrp36,,Mus musculus,10090
ENSMUSG00000023972,Ptk7,,Mus musculus,10090
ENSMUSG00000023973,Cnpy3,,Mus musculus,10090
ENSMUSG00000023977,Ubr2,,Mus musculus,10090
ENSMUSG00000023978,Prph2,,Mus musculus,10090
ENSMUSG00000023979,Guca1b,,Mus musculus,10090
ENSMUSG00000023980,Taf8,,Mus musculus,10090
ENSMUSG00000023987,Pgc,,Mus musculus,10090
ENSMUSG00000023988,Bysl,,Mus musculus,10090
ENSMUSG00000023990,Tfeb,,Mus musculus,10090
ENSMUSG00000023992,Trem2,,Mus musculus,10090
ENSMUSG00000023993,Treml1,,Mus musculus,10090
ENSMUSG00000023994,Nfya,,Mus musculus,10090
ENSMUSG00000023995,Tspo2,,Mus musculus,10090
ENSMUSG00000024002,Brd4,,Mus musculus,10090
ENSMUSG00000024006,Stk38,,Mus musculus,10090
ENSMUSG00000024011,Pi16,,Mus musculus,10090
ENSMUSG00000024012,Mtch1,,Mus musculus,10090
ENSMUSG00000024013,Fgd2,,Mus musculus,10090
ENSMUSG00000024014,Pim1,,Mus musculus,10090
ENSMUSG00000024018,Ccdc167,,Mus musculus,10090
ENSMUSG00000024026,Glo1,,Mus musculus,10090
ENSMUSG00000024027,Glp1r,,Mus musculus,10090
ENSMUSG00000024028,Tff2,,Mus musculus,10090
ENSMUSG00000024029,Tff3,,Mus musculus,10090
ENSMUSG00000024030,Abcg1,,Mus musculus,10090
ENSMUSG00000024032,Tff1,,Mus musculus,10090
ENSMUSG00000024033,Rsph1,,Mus musculus,10090
ENSMUSG00000024034,Tmprss3,,Mus musculus,10090
ENSMUSG00000024036,Slc37a1,,Mus musculus,10090
ENSMUSG00000024037,Wdr4,,Mus musculus,10090
ENSMUSG00000024038,Ndufv3,,Mus musculus,10090
ENSMUSG00000024039,Cbs,,Mus musculus,10090
ENSMUSG00000024041,Cryaa,,Mus musculus,10090
ENSMUSG00000024042,Sik1,,Mus musculus,10090
ENSMUSG00000024044,Epb41l3,,Mus musculus,10090
ENSMUSG00000024045,Akap8,,Mus musculus,10090
ENSMUSG00000024048,Myl12a,,Mus musculus,10090
ENSMUSG00000024049,Myom1,,Mus musculus,10090
ENSMUSG00000024050,Wiz,,Mus musculus,10090
ENSMUSG00000024052,Lpin2,,Mus musculus,10090
ENSMUSG00000024055,Cyp4f13,,Mus musculus,10090
ENSMUSG00000024056,Ndc80,,Mus musculus,10090
ENSMUSG00000024059,Clip4,,Mus musculus,10090
ENSMUSG00000024063,Lbh,,Mus musculus,10090
ENSMUSG00000024065,Ehd3,,Mus musculus,10090
ENSMUSG00000024066,Xdh,,Mus musculus,10090
ENSMUSG00000024067,Dpy30,,Mus musculus,10090
ENSMUSG00000024068,Spast,,Mus musculus,10090
ENSMUSG00000024069,Slc30a6,,Mus musculus,10090
ENSMUSG00000024070,Prkd3,,Mus musculus,10090
ENSMUSG00000024072,Yipf4,,Mus musculus,10090
ENSMUSG00000024073,Birc6,,Mus musculus,10090
ENSMUSG00000024074,Crim1,,Mus musculus,10090
ENSMUSG00000024076,Vit,,Mus musculus,10090
ENSMUSG00000024077,Strn,,Mus musculus,10090
ENSMUSG00000024078,Ttc27,,Mus musculus,10090
ENSMUSG00000024079,Eif2ak2,,Mus musculus,10090
ENSMUSG00000024081,Cebpz,,Mus musculus,10090
ENSMUSG00000024082,Ndufaf7,,Mus musculus,10090
ENSMUSG00000024083,Pja2,,Mus musculus,10090
ENSMUSG00000024084,Qpct,,Mus musculus,10090
ENSMUSG00000024085,Man2a1,,Mus musculus,10090
ENSMUSG00000024087,Cyp1b1,,Mus musculus,10090
ENSMUSG00000024091,Vapa,,Mus musculus,10090
ENSMUSG00000024095,Hnrnpll,,Mus musculus,10090
ENSMUSG00000024096,Ralbp1,,Mus musculus,10090
ENSMUSG00000024097,Srsf7,,Mus musculus,10090
ENSMUSG00000024098,Twsg1,,Mus musculus,10090
ENSMUSG00000024099,Ndufv2,,Mus musculus,10090
ENSMUSG00000024101,Washc1,,Mus musculus,10090
ENSMUSG00000024104,Washc2,,Mus musculus,10090
ENSMUSG00000024107,Lhcgr,,Mus musculus,10090
ENSMUSG00000024112,Cacna1h,,Mus musculus,10090
ENSMUSG00000024114,Prss41,,Mus musculus,10090
ENSMUSG00000024116,Prss21,,Mus musculus,10090
ENSMUSG00000024120,Lrpprc,,Mus musculus,10090
ENSMUSG00000024122,Pdpk1,,Mus musculus,10090
ENSMUSG00000024124,Prss30,,Mus musculus,10090
ENSMUSG00000024127,Prepl,,Mus musculus,10090
ENSMUSG00000024130,Abca3,,Mus musculus,10090
ENSMUSG00000024131,Slc3a1,,Mus musculus,10090
ENSMUSG00000024132,Eci1,,Mus musculus,10090
ENSMUSG00000024134,Six2,,Mus musculus,10090
ENSMUSG00000024136,Dnase1l2,,Mus musculus,10090
ENSMUSG00000024137,E4f1,,Mus musculus,10090
ENSMUSG00000024140,Epas1,,Mus musculus,10090
ENSMUSG00000024142,Mlst8,,Mus musculus,10090
ENSMUSG00000024143,Rhoq,,Mus musculus,10090
ENSMUSG00000024145,Pigf,,Mus musculus,10090
ENSMUSG00000024146,Cript,,Mus musculus,10090
ENSMUSG00000024150,Mcfd2,,Mus musculus,10090
ENSMUSG00000024151,Msh2,,Mus musculus,10090
ENSMUSG00000024154,Gtf2a1l,,Mus musculus,10090
ENSMUSG00000024158,Hagh,,Mus musculus,10090
ENSMUSG00000024160,Spsb3,,Mus musculus,10090
ENSMUSG00000024163,Mapk8ip3,,Mus musculus,10090
ENSMUSG00000024164,C3,,Mus musculus,10090
ENSMUSG00000024169,Ift140,,Mus musculus,10090
ENSMUSG00000024170,Telo2,,Mus musculus,10090
ENSMUSG00000024171,Prss28,,Mus musculus,10090
ENSMUSG00000024173,Tpsab1,,Mus musculus,10090
ENSMUSG00000024177,Nme4,,Mus musculus,10090
ENSMUSG00000024180,Tmem8,,Mus musculus,10090
ENSMUSG00000024181,Mrpl28,,Mus musculus,10090
ENSMUSG00000024182,Axin1,,Mus musculus,10090
ENSMUSG00000024186,Rgs11,,Mus musculus,10090
ENSMUSG00000024188,Luc7l,,Mus musculus,10090
ENSMUSG00000024190,Dusp1,,Mus musculus,10090
ENSMUSG00000024191,Bnip1,,Mus musculus,10090
ENSMUSG00000024193,Phf1,,Mus musculus,10090
ENSMUSG00000024194,Cuta,,Mus musculus,10090
ENSMUSG00000024197,Plin3,,Mus musculus,10090
ENSMUSG00000024201,Kdm4b,,Mus musculus,10090
ENSMUSG00000024206,Rfx2,,Mus musculus,10090
ENSMUSG00000024208,Uqcc2,,Mus musculus,10090
ENSMUSG00000024211,Grm8,,Mus musculus,10090
ENSMUSG00000024212,Mllt1,,Mus musculus,10090
ENSMUSG00000024213,Nudt3,,Mus musculus,10090
ENSMUSG00000024215,Spdef,,Mus musculus,10090
ENSMUSG00000024218,Taf11,,Mus musculus,10090
ENSMUSG00000024219,Anks1,,Mus musculus,10090
ENSMUSG00000024222,Fkbp5,,Mus musculus,10090
ENSMUSG00000024223,Armc12,,Mus musculus,10090
ENSMUSG00000024225,Clps,,Mus musculus,10090
ENSMUSG00000024227,Pdzph1,,Mus musculus,10090
ENSMUSG00000024231,Cul2,,Mus musculus,10090
ENSMUSG00000024232,Bambi,,Mus musculus,10090
ENSMUSG00000024233,Lyzl1,,Mus musculus,10090
ENSMUSG00000024235,Map3k8,,Mus musculus,10090
ENSMUSG00000024236,Svil,,Mus musculus,10090
ENSMUSG00000024238,Zeb1,,Mus musculus,10090
ENSMUSG00000024240,Epc1,,Mus musculus,10090
ENSMUSG00000024241,Sos1,,Mus musculus,10090
ENSMUSG00000024242,Map4k3,,Mus musculus,10090
ENSMUSG00000024247,Pkdcc,,Mus musculus,10090
ENSMUSG00000024254,Abcg8,,Mus musculus,10090
ENSMUSG00000024256,Adcyap1,,Mus musculus,10090
ENSMUSG00000024258,Polr2d,,Mus musculus,10090
ENSMUSG00000024259,Slc25a46,,Mus musculus,10090
ENSMUSG00000024261,Syt4,,Mus musculus,10090
ENSMUSG00000024268,Celf4,,Mus musculus,10090
ENSMUSG00000024269,Tpgs2,,Mus musculus,10090
ENSMUSG00000024270,Slc39a6,,Mus musculus,10090
ENSMUSG00000024271,Elp2,,Mus musculus,10090
ENSMUSG00000024276,Zfp397,,Mus musculus,10090
ENSMUSG00000024277,Mapre2,,Mus musculus,10090
ENSMUSG00000024283,Wac,,Mus musculus,10090
ENSMUSG00000024287,Thoc1,,Mus musculus,10090
ENSMUSG00000024290,Rock1,,Mus musculus,10090
ENSMUSG00000024292,Cyp4f14,,Mus musculus,10090
ENSMUSG00000024293,Esco1,,Mus musculus,10090
ENSMUSG00000024294,Mib1,,Mus musculus,10090
ENSMUSG00000024298,Zfp871,,Mus musculus,10090
ENSMUSG00000024299,Adamts10,,Mus musculus,10090
ENSMUSG00000024300,Myo1f,,Mus musculus,10090
ENSMUSG00000024302,Dtna,,Mus musculus,10090
ENSMUSG00000024304,Cdh2,,Mus musculus,10090
ENSMUSG00000024308,Tapbp,,Mus musculus,10090
ENSMUSG00000024309,Pfdn6,,Mus musculus,10090
ENSMUSG00000024312,Wdr46,,Mus musculus,10090
ENSMUSG00000024313,Mep1b,,Mus musculus,10090
ENSMUSG00000024317,Rnf138,,Mus musculus,10090
ENSMUSG00000024319,Vps52,,Mus musculus,10090
ENSMUSG00000024325,Ring1,,Mus musculus,10090
ENSMUSG00000024330,Col11a2,,Mus musculus,10090
ENSMUSG00000024331,Dsc2,,Mus musculus,10090
ENSMUSG00000024334,H2-Oa,,Mus musculus,10090
ENSMUSG00000024335,Brd2,,Mus musculus,10090
ENSMUSG00000024338,Psmb8,,Mus musculus,10090
ENSMUSG00000024339,Tap2,,Mus musculus,10090
ENSMUSG00000024346,Pfdn1,,Mus musculus,10090
ENSMUSG00000024349,Tmem173,,Mus musculus,10090
ENSMUSG00000024350,Dnajc18,,Mus musculus,10090
ENSMUSG00000024354,Slc23a1,,Mus musculus,10090
ENSMUSG00000024357,Sil1,,Mus musculus,10090
ENSMUSG00000024359,Hspa9,,Mus musculus,10090
ENSMUSG00000024360,Etf1,,Mus musculus,10090
ENSMUSG00000024365,Cyp21a1,,Mus musculus,10090
ENSMUSG00000024366,Gfra3,,Mus musculus,10090
ENSMUSG00000024369,Nelfe,,Mus musculus,10090
ENSMUSG00000024370,Cdc23,,Mus musculus,10090
ENSMUSG00000024371,C2,,Mus musculus,10090
ENSMUSG00000024376,Epb41l4a,,Mus musculus,10090
ENSMUSG00000024378,Stard4,,Mus musculus,10090
ENSMUSG00000024379,Tslp,,Mus musculus,10090
ENSMUSG00000024381,Bin1,,Mus musculus,10090
ENSMUSG00000024382,Ercc3,,Mus musculus,10090
ENSMUSG00000024383,Map3k2,,Mus musculus,10090
ENSMUSG00000024386,Proc,,Mus musculus,10090
ENSMUSG00000024387,Csnk2b,,Mus musculus,10090
ENSMUSG00000024388,Myo7b,,Mus musculus,10090
ENSMUSG00000024391,Apom,,Mus musculus,10090
ENSMUSG00000024392,Bag6,,Mus musculus,10090
ENSMUSG00000024393,Prrc2a,,Mus musculus,10090
ENSMUSG00000024395,Lims2,,Mus musculus,10090
ENSMUSG00000024397,Aif1,,Mus musculus,10090
ENSMUSG00000024400,Wdr33,,Mus musculus,10090
ENSMUSG00000024401,Tnf,,Mus musculus,10090
ENSMUSG00000024403,Atp6v1g2,,Mus musculus,10090
ENSMUSG00000024404,Riok3,,Mus musculus,10090
ENSMUSG00000024406,Pou5f1,,Mus musculus,10090
ENSMUSG00000024409,Psors1c2,,Mus musculus,10090
ENSMUSG00000024410,Rmc1,,Mus musculus,10090
ENSMUSG00000024411,Aqp4,,Mus musculus,10090
ENSMUSG00000024413,Npc1,,Mus musculus,10090
ENSMUSG00000024420,Zfp521,,Mus musculus,10090
ENSMUSG00000024421,Lama3,,Mus musculus,10090
ENSMUSG00000024422,Dhx16,,Mus musculus,10090
ENSMUSG00000024423,Impact,,Mus musculus,10090
ENSMUSG00000024424,Ttc39c,,Mus musculus,10090
ENSMUSG00000024425,Ndfip1,,Mus musculus,10090
ENSMUSG00000024427,Spry4,,Mus musculus,10090
ENSMUSG00000024429,Gnl1,,Mus musculus,10090
ENSMUSG00000024430,Cabyr,,Mus musculus,10090
ENSMUSG00000024431,Nr3c1,,Mus musculus,10090
ENSMUSG00000024440,Pcdh12,,Mus musculus,10090
ENSMUSG00000024442,Dele1,,Mus musculus,10090
ENSMUSG00000024446,Rpp21,,Mus musculus,10090
ENSMUSG00000024448,H2-M10.1,,Mus musculus,10090
ENSMUSG00000024451,Arap3,,Mus musculus,10090
ENSMUSG00000024454,Hdac3,,Mus musculus,10090
ENSMUSG00000024456,Diaph1,,Mus musculus,10090
ENSMUSG00000024457,Trim26,,Mus musculus,10090
ENSMUSG00000024462,Gabbr1,,Mus musculus,10090
ENSMUSG00000024471,Myot,,Mus musculus,10090
ENSMUSG00000024474,Ik,,Mus musculus,10090
ENSMUSG00000024479,Mal2,,Mus musculus,10090
ENSMUSG00000024483,Ankhd1,,Mus musculus,10090
ENSMUSG00000024486,Hbegf,,Mus musculus,10090
ENSMUSG00000024487,Yipf5,,Mus musculus,10090
ENSMUSG00000024493,Lars,,Mus musculus,10090
ENSMUSG00000024497,Pou4f3,,Mus musculus,10090
ENSMUSG00000024498,Tcerg1,,Mus musculus,10090
ENSMUSG00000024500,Ppp2r2b,,Mus musculus,10090
ENSMUSG00000024501,Dpysl3,,Mus musculus,10090
ENSMUSG00000024503,Spink1,,Mus musculus,10090
ENSMUSG00000024507,Hsd17b4,,Mus musculus,10090
ENSMUSG00000024510,Ftmt,,Mus musculus,10090
ENSMUSG00000024511,Rab27b,,Mus musculus,10090
ENSMUSG00000024513,Mbd2,,Mus musculus,10090
ENSMUSG00000024515,Smad4,,Mus musculus,10090
ENSMUSG00000024516,Sec11c,,Mus musculus,10090
ENSMUSG00000024517,Grp,,Mus musculus,10090
ENSMUSG00000024518,Rax,,Mus musculus,10090
ENSMUSG00000024519,Cplx4,,Mus musculus,10090
ENSMUSG00000024521,Pmaip1,,Mus musculus,10090
ENSMUSG00000024525,Impa2,,Mus musculus,10090
ENSMUSG00000024526,Cidea,,Mus musculus,10090
ENSMUSG00000024527,Afg3l2,,Mus musculus,10090
ENSMUSG00000024528,Srfbp1,,Mus musculus,10090
ENSMUSG00000024529,Lox,,Mus musculus,10090
ENSMUSG00000024530,Prelid3a,,Mus musculus,10090
ENSMUSG00000024534,Sncaip,,Mus musculus,10090
ENSMUSG00000024537,Psmg2,,Mus musculus,10090
ENSMUSG00000024538,Ppic,,Mus musculus,10090
ENSMUSG00000024539,Ptpn2,,Mus musculus,10090
ENSMUSG00000024544,Ldlrad4,,Mus musculus,10090
ENSMUSG00000024552,Slc14a2,,Mus musculus,10090
ENSMUSG00000024553,Galr1,,Mus musculus,10090
ENSMUSG00000024556,Me2,,Mus musculus,10090
ENSMUSG00000024560,Cxxc1,,Mus musculus,10090
ENSMUSG00000024561,Mbd1,,Mus musculus,10090
ENSMUSG00000024563,Smad2,,Mus musculus,10090
ENSMUSG00000024565,Sall3,,Mus musculus,10090
ENSMUSG00000024566,Atp9b,,Mus musculus,10090
ENSMUSG00000024571,Gm16286,,Mus musculus,10090
ENSMUSG00000024575,Pde6a,,Mus musculus,10090
ENSMUSG00000024576,Csnk1a1,,Mus musculus,10090
ENSMUSG00000024578,Il17b,,Mus musculus,10090
ENSMUSG00000024580,Grpel2,,Mus musculus,10090
ENSMUSG00000024581,Napg,,Mus musculus,10090
ENSMUSG00000024583,Txnl1,,Mus musculus,10090
ENSMUSG00000024587,Nars,,Mus musculus,10090
ENSMUSG00000024588,Fech,,Mus musculus,10090
ENSMUSG00000024589,Nedd4l,,Mus musculus,10090
ENSMUSG00000024590,Lmnb1,,Mus musculus,10090
ENSMUSG00000024594,Prrc1,,Mus musculus,10090
ENSMUSG00000024597,Slc12a2,,Mus musculus,10090
ENSMUSG00000024598,Fbn2,,Mus musculus,10090
ENSMUSG00000024601,Isoc1,,Mus musculus,10090
ENSMUSG00000024603,Dctn4,,Mus musculus,10090
ENSMUSG00000024604,Rbm22,,Mus musculus,10090
ENSMUSG00000024608,Rps14,,Mus musculus,10090
ENSMUSG00000024613,Tcof1,,Mus musculus,10090
ENSMUSG00000024617,Camk2a,,Mus musculus,10090
ENSMUSG00000024619,Cdx1,,Mus musculus,10090
ENSMUSG00000024620,Pdgfrb,,Mus musculus,10090
ENSMUSG00000024621,Csf1r,,Mus musculus,10090
ENSMUSG00000024622,Hmgxb3,,Mus musculus,10090
ENSMUSG00000024639,Gnaq,,Mus musculus,10090
ENSMUSG00000024640,Psat1,,Mus musculus,10090
ENSMUSG00000024642,Tle4,,Mus musculus,10090
ENSMUSG00000024644,Cndp2,,Mus musculus,10090
ENSMUSG00000024646,Cyb5a,,Mus musculus,10090
ENSMUSG00000024650,Slc22a6,,Mus musculus,10090
ENSMUSG00000024653,Scgb1a1,,Mus musculus,10090
ENSMUSG00000024654,Asrgl1,,Mus musculus,10090
ENSMUSG00000024659,Anxa1,,Mus musculus,10090
ENSMUSG00000024660,Incenp,,Mus musculus,10090
ENSMUSG00000024661,Fth1,,Mus musculus,10090
ENSMUSG00000024663,Rab3il1,,Mus musculus,10090
ENSMUSG00000024664,Fads3,,Mus musculus,10090
ENSMUSG00000024665,Fads2,,Mus musculus,10090
ENSMUSG00000024667,Tmem216,,Mus musculus,10090
ENSMUSG00000024668,Sdhaf2,,Mus musculus,10090
ENSMUSG00000024669,Cd5,,Mus musculus,10090
ENSMUSG00000024670,Cd6,,Mus musculus,10090
ENSMUSG00000024672,Ms4a7,,Mus musculus,10090
ENSMUSG00000024673,Ms4a1,,Mus musculus,10090
ENSMUSG00000024675,Ms4a4c,,Mus musculus,10090
ENSMUSG00000024677,Ms4a6b,,Mus musculus,10090
ENSMUSG00000024678,Ms4a4d,,Mus musculus,10090
ENSMUSG00000024679,Ms4a6d,,Mus musculus,10090
ENSMUSG00000024680,Ms4a2,,Mus musculus,10090
ENSMUSG00000024681,Ms4a3,,Mus musculus,10090
ENSMUSG00000024682,Cblif,,Mus musculus,10090
ENSMUSG00000024683,Mrpl16,,Mus musculus,10090
ENSMUSG00000024687,Osbp,,Mus musculus,10090
ENSMUSG00000024691,Fam111a,,Mus musculus,10090
ENSMUSG00000024694,Keg1,,Mus musculus,10090
ENSMUSG00000024695,Zfp91,,Mus musculus,10090
ENSMUSG00000024696,Lpxn,,Mus musculus,10090
ENSMUSG00000024697,Gna14,,Mus musculus,10090
ENSMUSG00000024712,Rfk,,Mus musculus,10090
ENSMUSG00000024713,Pcsk5,,Mus musculus,10090
ENSMUSG00000024725,Ostf1,,Mus musculus,10090
ENSMUSG00000024727,Trpm6,,Mus musculus,10090
ENSMUSG00000024730,Ms4a8a,,Mus musculus,10090
ENSMUSG00000024731,Ms4a10,,Mus musculus,10090
ENSMUSG00000024732,Ccdc86,,Mus musculus,10090
ENSMUSG00000024734,Zp1,,Mus musculus,10090
ENSMUSG00000024735,Prpf19,,Mus musculus,10090
ENSMUSG00000024736,Tmem132a,,Mus musculus,10090
ENSMUSG00000024737,Slc15a3,,Mus musculus,10090
ENSMUSG00000024738,Pga5,,Mus musculus,10090
ENSMUSG00000024740,Ddb1,,Mus musculus,10090
ENSMUSG00000024742,Fen1,,Mus musculus,10090
ENSMUSG00000024743,Syt7,,Mus musculus,10090
ENSMUSG00000024747,Aldh1a7,,Mus musculus,10090
ENSMUSG00000024749,Tmc1,,Mus musculus,10090
ENSMUSG00000024750,Zfand5,,Mus musculus,10090
ENSMUSG00000024754,Cemip2,,Mus musculus,10090
ENSMUSG00000024757,Slc22a19,,Mus musculus,10090
ENSMUSG00000024758,Rtn3,,Mus musculus,10090
ENSMUSG00000024759,Atl3,,Mus musculus,10090
ENSMUSG00000024764,Naa40,,Mus musculus,10090
ENSMUSG00000024767,Otub1,,Mus musculus,10090
ENSMUSG00000024768,Lipf,,Mus musculus,10090
ENSMUSG00000024772,Ehd1,,Mus musculus,10090
ENSMUSG00000024773,Atg2a,,Mus musculus,10090
ENSMUSG00000024774,Ankrd22,,Mus musculus,10090
ENSMUSG00000024776,Stambpl1,,Mus musculus,10090
ENSMUSG00000024777,Ppp2r5b,,Mus musculus,10090
ENSMUSG00000024778,Fas,,Mus musculus,10090
ENSMUSG00000024780,Cdc37l1,,Mus musculus,10090
ENSMUSG00000024781,Lipa,,Mus musculus,10090
ENSMUSG00000024782,Ak3,,Mus musculus,10090
ENSMUSG00000024784,Gpha2,,Mus musculus,10090
ENSMUSG00000024785,Rcl1,,Mus musculus,10090
ENSMUSG00000024787,Snx15,,Mus musculus,10090
ENSMUSG00000024789,Jak2,,Mus musculus,10090
ENSMUSG00000024790,Sac3d1,,Mus musculus,10090
ENSMUSG00000024791,Cdca5,,Mus musculus,10090
ENSMUSG00000024792,Zfpl1,,Mus musculus,10090
ENSMUSG00000024793,Tnfrsf25,,Mus musculus,10090
ENSMUSG00000024798,Htr7,,Mus musculus,10090
ENSMUSG00000024799,Tm7sf2,,Mus musculus,10090
ENSMUSG00000024800,Rpp30,,Mus musculus,10090
ENSMUSG00000024803,Ankrd1,,Mus musculus,10090
ENSMUSG00000024807,Syvn1,,Mus musculus,10090
ENSMUSG00000024810,Il33,,Mus musculus,10090
ENSMUSG00000024811,Tnks2,,Mus musculus,10090
ENSMUSG00000024812,Tjp2,,Mus musculus,10090
ENSMUSG00000024815,Trpd52l3,,Mus musculus,10090
ENSMUSG00000024816,Frmd8,,Mus musculus,10090
ENSMUSG00000024818,Slc25a45,,Mus musculus,10090
ENSMUSG00000024824,Rad9a,,Mus musculus,10090
ENSMUSG00000024826,Dpf2,,Mus musculus,10090
ENSMUSG00000024827,Gldc,,Mus musculus,10090
ENSMUSG00000024830,Rps6kb2,,Mus musculus,10090
ENSMUSG00000024831,Ighmbp2,,Mus musculus,10090
ENSMUSG00000024833,Pola2,,Mus musculus,10090
ENSMUSG00000024837,Dmrt1,,Mus musculus,10090
ENSMUSG00000024842,Cabp4,,Mus musculus,10090
ENSMUSG00000024843,Chka,,Mus musculus,10090
ENSMUSG00000024844,Banf1,,Mus musculus,10090
ENSMUSG00000024845,Tmem134,,Mus musculus,10090
ENSMUSG00000024846,Cst6,,Mus musculus,10090
ENSMUSG00000024847,Aip,,Mus musculus,10090
ENSMUSG00000024851,Pitpnm1,,Mus musculus,10090
ENSMUSG00000024853,Sf3b2,,Mus musculus,10090
ENSMUSG00000024855,Pacs1,,Mus musculus,10090
ENSMUSG00000024856,Cdk2ap2,,Mus musculus,10090
ENSMUSG00000024857,Cabp2,,Mus musculus,10090
ENSMUSG00000024858,Grk2,,Mus musculus,10090
ENSMUSG00000024862,Klc2,,Mus musculus,10090
ENSMUSG00000024863,Mbl2,,Mus musculus,10090
ENSMUSG00000024866,Acy3,,Mus musculus,10090
ENSMUSG00000024867,Pip5k1b,,Mus musculus,10090
ENSMUSG00000024868,Dkk1,,Mus musculus,10090
ENSMUSG00000024870,Rab1b,,Mus musculus,10090
ENSMUSG00000024873,Cnih2,,Mus musculus,10090
ENSMUSG00000024875,Yif1a,,Mus musculus,10090
ENSMUSG00000024878,Cbwd1,,Mus musculus,10090
ENSMUSG00000024883,Rin1,,Mus musculus,10090
ENSMUSG00000024885,Aldh3b1,,Mus musculus,10090
ENSMUSG00000024887,Asah2,,Mus musculus,10090
ENSMUSG00000024891,Slc29a2,,Mus musculus,10090
ENSMUSG00000024892,Pcx,,Mus musculus,10090
ENSMUSG00000024896,Minpp1,,Mus musculus,10090
ENSMUSG00000024899,Papss2,,Mus musculus,10090
ENSMUSG00000024900,Cpt1a,,Mus musculus,10090
ENSMUSG00000024902,Mrpl11,,Mus musculus,10090
ENSMUSG00000024903,Lao1,,Mus musculus,10090
ENSMUSG00000024905,Tesmin,,Mus musculus,10090
ENSMUSG00000024906,Mus81,,Mus musculus,10090
ENSMUSG00000024907,Gal,,Mus musculus,10090
ENSMUSG00000024908,Ppp6r3,,Mus musculus,10090
ENSMUSG00000024909,Efemp2,,Mus musculus,10090
ENSMUSG00000024910,Ctsw,,Mus musculus,10090
ENSMUSG00000024911,Fibp,,Mus musculus,10090
ENSMUSG00000024912,Fosl1,,Mus musculus,10090
ENSMUSG00000024913,Lrp5,,Mus musculus,10090
ENSMUSG00000024914,Drap1,,Mus musculus,10090
ENSMUSG00000024921,Smarca2,,Mus musculus,10090
ENSMUSG00000024922,Ovol1,,Mus musculus,10090
ENSMUSG00000024924,Vldlr,,Mus musculus,10090
ENSMUSG00000024925,Rnaseh2c,,Mus musculus,10090
ENSMUSG00000024927,Rela,,Mus musculus,10090
ENSMUSG00000024935,Slc1a1,,Mus musculus,10090
ENSMUSG00000024936,Kcnk7,,Mus musculus,10090
ENSMUSG00000024937,Ehbp1l1,,Mus musculus,10090
ENSMUSG00000024940,Ltbp3,,Mus musculus,10090
ENSMUSG00000024941,Scyl1,,Mus musculus,10090
ENSMUSG00000024942,Capn1,,Mus musculus,10090
ENSMUSG00000024943,Smc5,,Mus musculus,10090
ENSMUSG00000024944,Arl2,,Mus musculus,10090
ENSMUSG00000024947,Men1,,Mus musculus,10090
ENSMUSG00000024948,Map4k2,,Mus musculus,10090
ENSMUSG00000024949,Sf1,,Mus musculus,10090
ENSMUSG00000024953,Prdx5,,Mus musculus,10090
ENSMUSG00000024955,Esrra,,Mus musculus,10090
ENSMUSG00000024957,Kcnk4,,Mus musculus,10090
ENSMUSG00000024959,Bad,,Mus musculus,10090
ENSMUSG00000024960,Plcb3,,Mus musculus,10090
ENSMUSG00000024962,Vegfb,,Mus musculus,10090
ENSMUSG00000024963,Dnajc4,,Mus musculus,10090
ENSMUSG00000024965,Fermt3,,Mus musculus,10090
ENSMUSG00000024966,Stip1,,Mus musculus,10090
ENSMUSG00000024968,Rcor2,,Mus musculus,10090
ENSMUSG00000024969,Mark2,,Mus musculus,10090
ENSMUSG00000024972,Lgals12,,Mus musculus,10090
ENSMUSG00000024974,Smc3,,Mus musculus,10090
ENSMUSG00000024975,Pdcd4,,Mus musculus,10090
ENSMUSG00000024976,Shoc2,,Mus musculus,10090
ENSMUSG00000024978,Gpam,,Mus musculus,10090
ENSMUSG00000024979,Tectb,,Mus musculus,10090
ENSMUSG00000024981,Acsl5,,Mus musculus,10090
ENSMUSG00000024983,Vti1a,,Mus musculus,10090
ENSMUSG00000024985,Tcf7l2,,Mus musculus,10090
ENSMUSG00000024986,Hhex,,Mus musculus,10090
ENSMUSG00000024987,Cyp26a1,,Mus musculus,10090
ENSMUSG00000024989,Cep55,,Mus musculus,10090
ENSMUSG00000024990,Rbp4,,Mus musculus,10090
ENSMUSG00000024991,Eif3a,,Mus musculus,10090
ENSMUSG00000024992,Pde6c,,Mus musculus,10090
ENSMUSG00000024993,Fam45a,,Mus musculus,10090
ENSMUSG00000024997,Prdx3,,Mus musculus,10090
ENSMUSG00000024998,Plce1,,Mus musculus,10090
ENSMUSG00000024999,Noc3l,,Mus musculus,10090
ENSMUSG00000025001,Hells,,Mus musculus,10090
ENSMUSG00000025002,Cyp2c55,,Mus musculus,10090
ENSMUSG00000025003,Cyp2c39,,Mus musculus,10090
ENSMUSG00000025006,Sorbs1,,Mus musculus,10090
ENSMUSG00000025007,Aldh18a1,,Mus musculus,10090
ENSMUSG00000025008,Tctn3,,Mus musculus,10090
ENSMUSG00000025010,Ccnj,,Mus musculus,10090
ENSMUSG00000025013,Tll2,,Mus musculus,10090
ENSMUSG00000025014,Dntt,,Mus musculus,10090
ENSMUSG00000025016,Tm9sf3,,Mus musculus,10090
ENSMUSG00000025017,Pik3ap1,,Mus musculus,10090
ENSMUSG00000025019,Lcor,,Mus musculus,10090
ENSMUSG00000025020,Slit1,,Mus musculus,10090
ENSMUSG00000025024,Smndc1,,Mus musculus,10090
ENSMUSG00000025025,Mxi1,,Mus musculus,10090
ENSMUSG00000025026,Add3,,Mus musculus,10090
ENSMUSG00000025027,Xpnpep1,,Mus musculus,10090
ENSMUSG00000025034,Trim8,,Mus musculus,10090
ENSMUSG00000025035,Arl3,,Mus musculus,10090
ENSMUSG00000025036,Sfxn2,,Mus musculus,10090
ENSMUSG00000025037,Maoa,,Mus musculus,10090
ENSMUSG00000025040,Fundc1,,Mus musculus,10090
ENSMUSG00000025041,Nt5c2,,Mus musculus,10090
ENSMUSG00000025044,Msr1,,Mus musculus,10090
ENSMUSG00000025050,Pcgf6,,Mus musculus,10090
ENSMUSG00000025051,Samt4,,Mus musculus,10090
ENSMUSG00000025056,Nr0b1,,Mus musculus,10090
ENSMUSG00000025059,Gk,,Mus musculus,10090
ENSMUSG00000025060,Slk,,Mus musculus,10090
ENSMUSG00000025064,Col17a1,,Mus musculus,10090
ENSMUSG00000025066,Sfr1,,Mus musculus,10090
ENSMUSG00000025068,Gsto1,,Mus musculus,10090
ENSMUSG00000025075,Habp2,,Mus musculus,10090
ENSMUSG00000025076,Casp7,,Mus musculus,10090
ENSMUSG00000025077,Dclre1a,,Mus musculus,10090
ENSMUSG00000025081,Tdrd1,,Mus musculus,10090
ENSMUSG00000025085,Ablim1,,Mus musculus,10090
ENSMUSG00000025089,Gfra1,,Mus musculus,10090
ENSMUSG00000025091,Pnliprp2,,Mus musculus,10090
ENSMUSG00000025102,3110040N11Rik,,Mus musculus,10090
ENSMUSG00000025103,Btbd1,,Mus musculus,10090
ENSMUSG00000025104,Hdgfl3,,Mus musculus,10090
ENSMUSG00000025105,Bnc1,,Mus musculus,10090
ENSMUSG00000025127,Gcgr,,Mus musculus,10090
ENSMUSG00000025128,Bhlhe22,,Mus musculus,10090
ENSMUSG00000025130,P4hb,,Mus musculus,10090
ENSMUSG00000025132,Arhgdia,,Mus musculus,10090
ENSMUSG00000025133,Ints4,,Mus musculus,10090
ENSMUSG00000025134,Alyref,,Mus musculus,10090
ENSMUSG00000025135,Anapc11,,Mus musculus,10090
ENSMUSG00000025137,Pcyt2,,Mus musculus,10090
ENSMUSG00000025138,Sirt7,,Mus musculus,10090
ENSMUSG00000025139,Tollip,,Mus musculus,10090
ENSMUSG00000025140,Pycr1,,Mus musculus,10090
ENSMUSG00000025142,Aspscr1,,Mus musculus,10090
ENSMUSG00000025144,Cenpx,,Mus musculus,10090
ENSMUSG00000025147,Mob2,,Mus musculus,10090
ENSMUSG00000025150,Cbr2,,Mus musculus,10090
ENSMUSG00000025151,Maged1,,Mus musculus,10090
ENSMUSG00000025153,Fasn,,Mus musculus,10090
ENSMUSG00000025155,Dus1l,,Mus musculus,10090
ENSMUSG00000025157,Zdhhc16,,Mus musculus,10090
ENSMUSG00000025158,Rfng,,Mus musculus,10090
ENSMUSG00000025159,Mms19,,Mus musculus,10090
ENSMUSG00000025161,Slc16a3,,Mus musculus,10090
ENSMUSG00000025162,Csnk1d,,Mus musculus,10090
ENSMUSG00000025163,Cd7,,Mus musculus,10090
ENSMUSG00000025165,Sectm1a,,Mus musculus,10090
ENSMUSG00000025169,Ogfod3,,Mus musculus,10090
ENSMUSG00000025170,Rab40b,,Mus musculus,10090
ENSMUSG00000025171,Ubtd1,,Mus musculus,10090
ENSMUSG00000025172,Ankrd2,,Mus musculus,10090
ENSMUSG00000025175,Fn3k,,Mus musculus,10090
ENSMUSG00000025176,Hoga1,,Mus musculus,10090
ENSMUSG00000025178,Pi4k2a,,Mus musculus,10090
ENSMUSG00000025185,Loxl4,,Mus musculus,10090
ENSMUSG00000025188,Hps1,,Mus musculus,10090
ENSMUSG00000025189,Cnnm1,,Mus musculus,10090
ENSMUSG00000025190,Got1,,Mus musculus,10090
ENSMUSG00000025192,Entpd7,,Mus musculus,10090
ENSMUSG00000025193,Cutc,,Mus musculus,10090
ENSMUSG00000025194,Abcc2,,Mus musculus,10090
ENSMUSG00000025195,Dnmbp,,Mus musculus,10090
ENSMUSG00000025196,Cpn1,,Mus musculus,10090
ENSMUSG00000025197,Cyp2c23,,Mus musculus,10090
ENSMUSG00000025198,Erlin1,,Mus musculus,10090
ENSMUSG00000025199,Chuk,,Mus musculus,10090
ENSMUSG00000025200,Cwf19l1,,Mus musculus,10090
ENSMUSG00000025202,Scd3,,Mus musculus,10090
ENSMUSG00000025203,Scd2,,Mus musculus,10090
ENSMUSG00000025204,Ndufb8,,Mus musculus,10090
ENSMUSG00000025207,Sema4g,,Mus musculus,10090
ENSMUSG00000025208,Mrpl43,,Mus musculus,10090
ENSMUSG00000025212,Sfxn3,,Mus musculus,10090
ENSMUSG00000025213,Kazald1,,Mus musculus,10090
ENSMUSG00000025215,Tlx1,,Mus musculus,10090
ENSMUSG00000025216,Lbx1,,Mus musculus,10090
ENSMUSG00000025217,Btrc,,Mus musculus,10090
ENSMUSG00000025218,Poll,,Mus musculus,10090
ENSMUSG00000025219,Fgf8,,Mus musculus,10090
ENSMUSG00000025220,Oga,,Mus musculus,10090
ENSMUSG00000025221,Kcnip2,,Mus musculus,10090
ENSMUSG00000025223,Ldb1,,Mus musculus,10090
ENSMUSG00000025224,Gbf1,,Mus musculus,10090
ENSMUSG00000025225,Nfkb2,,Mus musculus,10090
ENSMUSG00000025226,Fbxl15,,Mus musculus,10090
ENSMUSG00000025228,Actr1a,,Mus musculus,10090
ENSMUSG00000025229,Pitx3,,Mus musculus,10090
ENSMUSG00000025231,Sufu,,Mus musculus,10090
ENSMUSG00000025232,Hexa,,Mus musculus,10090
ENSMUSG00000025234,Arih1,,Mus musculus,10090
ENSMUSG00000025236,Adpgk,,Mus musculus,10090
ENSMUSG00000025237,Parp6,,Mus musculus,10090
ENSMUSG00000025239,Limd1,,Mus musculus,10090
ENSMUSG00000025240,Sacm1l,,Mus musculus,10090
ENSMUSG00000025241,Fyco1,,Mus musculus,10090
ENSMUSG00000025243,Slc6a20b,,Mus musculus,10090
ENSMUSG00000025245,Lztfl1,,Mus musculus,10090
ENSMUSG00000025246,Tbl1x,,Mus musculus,10090
ENSMUSG00000025255,Zfhx4,,Mus musculus,10090
ENSMUSG00000025257,Ribc1,,Mus musculus,10090
ENSMUSG00000025260,Hsd17b10,,Mus musculus,10090
ENSMUSG00000025261,Huwe1,,Mus musculus,10090
ENSMUSG00000025264,Tsr2,,Mus musculus,10090
ENSMUSG00000025265,Fgd1,,Mus musculus,10090
ENSMUSG00000025269,Apex2,,Mus musculus,10090
ENSMUSG00000025270,Alas2,,Mus musculus,10090
ENSMUSG00000025271,Pfkfb1,,Mus musculus,10090
ENSMUSG00000025272,Tro,,Mus musculus,10090
ENSMUSG00000025277,Abhd6,,Mus musculus,10090
ENSMUSG00000025278,Flnb,,Mus musculus,10090
ENSMUSG00000025279,Dnase1l3,,Mus musculus,10090
ENSMUSG00000025280,Polr3a,,Mus musculus,10090
ENSMUSG00000025287,Acot9,,Mus musculus,10090
ENSMUSG00000025288,4933436I01Rik,,Mus musculus,10090
ENSMUSG00000025289,Prdx4,,Mus musculus,10090
ENSMUSG00000025290,Rps24,,Mus musculus,10090
ENSMUSG00000025314,Ptprj,,Mus musculus,10090
ENSMUSG00000025316,Banp,,Mus musculus,10090
ENSMUSG00000025317,Car5a,,Mus musculus,10090
ENSMUSG00000025318,Jph3,,Mus musculus,10090
ENSMUSG00000025323,Sp4,,Mus musculus,10090
ENSMUSG00000025324,Atp10a,,Mus musculus,10090
ENSMUSG00000025326,Ube3a,,Mus musculus,10090
ENSMUSG00000025328,Padi3,,Mus musculus,10090
ENSMUSG00000025329,Padi1,,Mus musculus,10090
ENSMUSG00000025330,Padi4,,Mus musculus,10090
ENSMUSG00000025332,Kdm5c,,Mus musculus,10090
ENSMUSG00000025333,Gpr143,,Mus musculus,10090
ENSMUSG00000025337,Sbds,,Mus musculus,10090
ENSMUSG00000025340,Rabgef1,,Mus musculus,10090
ENSMUSG00000025347,Mettl7b,,Mus musculus,10090
ENSMUSG00000025348,Itga7,,Mus musculus,10090
ENSMUSG00000025350,Rdh5,,Mus musculus,10090
ENSMUSG00000025353,Ormdl2,,Mus musculus,10090
ENSMUSG00000025354,Dnajc14,,Mus musculus,10090
ENSMUSG00000025355,Mmp19,,Mus musculus,10090
ENSMUSG00000025357,Dgka,,Mus musculus,10090
ENSMUSG00000025358,Cdk2,,Mus musculus,10090
ENSMUSG00000025359,Pmel,,Mus musculus,10090
ENSMUSG00000025364,Pa2g4,,Mus musculus,10090
ENSMUSG00000025370,Cdh9,,Mus musculus,10090
ENSMUSG00000025371,Chmp6,,Mus musculus,10090
ENSMUSG00000025372,Baiap2,,Mus musculus,10090
ENSMUSG00000025373,Rnf41,,Mus musculus,10090
ENSMUSG00000025374,Nabp2,,Mus musculus,10090
ENSMUSG00000025375,Aatk,,Mus musculus,10090
ENSMUSG00000025377,Tepsin,,Mus musculus,10090
ENSMUSG00000025381,Cnpy2,,Mus musculus,10090
ENSMUSG00000025383,Il23a,,Mus musculus,10090
ENSMUSG00000025386,Pde6g,,Mus musculus,10090
ENSMUSG00000025389,Mip,,Mus musculus,10090
ENSMUSG00000025393,Atp5b,,Mus musculus,10090
ENSMUSG00000025395,Prim1,,Mus musculus,10090
ENSMUSG00000025396,Hsd17b6,,Mus musculus,10090
ENSMUSG00000025400,Tac2,,Mus musculus,10090
ENSMUSG00000025402,Nab2,,Mus musculus,10090
ENSMUSG00000025403,Shmt2,,Mus musculus,10090
ENSMUSG00000025407,Gli1,,Mus musculus,10090
ENSMUSG00000025408,Ddit3,,Mus musculus,10090
ENSMUSG00000025409,Mbd6,,Mus musculus,10090
ENSMUSG00000025410,Dctn2,,Mus musculus,10090
ENSMUSG00000025413,Ttc4,,Mus musculus,10090
ENSMUSG00000025417,Pip4k2c,,Mus musculus,10090
ENSMUSG00000025418,Bsnd,,Mus musculus,10090
ENSMUSG00000025423,Pias2,,Mus musculus,10090
ENSMUSG00000025425,St8sia5,,Mus musculus,10090
ENSMUSG00000025428,Atp5a1,,Mus musculus,10090
ENSMUSG00000025429,Pstpip2,,Mus musculus,10090
ENSMUSG00000025431,Crisp1,,Mus musculus,10090
ENSMUSG00000025432,Avil,,Mus musculus,10090
ENSMUSG00000025433,Crisp3,,Mus musculus,10090
ENSMUSG00000025437,Usp33,,Mus musculus,10090
ENSMUSG00000025439,Clns1a,,Mus musculus,10090
ENSMUSG00000025451,Paip1,,Mus musculus,10090
ENSMUSG00000025465,Echs1,,Mus musculus,10090
ENSMUSG00000025466,Fuom,,Mus musculus,10090
ENSMUSG00000025467,Prap1,,Mus musculus,10090
ENSMUSG00000025469,Msx3,,Mus musculus,10090
ENSMUSG00000025473,Adam8,,Mus musculus,10090
ENSMUSG00000025474,Tubgcp2,,Mus musculus,10090
ENSMUSG00000025477,Inpp5a,,Mus musculus,10090
ENSMUSG00000025478,Dpysl4,,Mus musculus,10090
ENSMUSG00000025479,Cyp2e1,,Mus musculus,10090
ENSMUSG00000025482,Odf3,,Mus musculus,10090
ENSMUSG00000025484,Bet1l,,Mus musculus,10090
ENSMUSG00000025485,Ric8a,,Mus musculus,10090
ENSMUSG00000025486,Sirt3,,Mus musculus,10090
ENSMUSG00000025487,Psmd13,,Mus musculus,10090
ENSMUSG00000025488,Cox8b,,Mus musculus,10090
ENSMUSG00000025491,Ifitm1,,Mus musculus,10090
ENSMUSG00000025492,Ifitm3,,Mus musculus,10090
ENSMUSG00000025494,Sigirr,,Mus musculus,10090
ENSMUSG00000025495,Ptdss2,,Mus musculus,10090
ENSMUSG00000025496,Drd4,,Mus musculus,10090
ENSMUSG00000025497,Cdhr5,,Mus musculus,10090
ENSMUSG00000025498,Irf7,,Mus musculus,10090
ENSMUSG00000025499,Hras,,Mus musculus,10090
ENSMUSG00000025503,Taldo1,,Mus musculus,10090
ENSMUSG00000025504,Eps8l2,,Mus musculus,10090
ENSMUSG00000025505,Tmem80,,Mus musculus,10090
ENSMUSG00000025507,Pidd1,,Mus musculus,10090
ENSMUSG00000025509,Pnpla2,,Mus musculus,10090
ENSMUSG00000025510,Cd151,,Mus musculus,10090
ENSMUSG00000025511,Tspan4,,Mus musculus,10090
ENSMUSG00000025512,Chid1,,Mus musculus,10090
ENSMUSG00000025521,Tmem192,,Mus musculus,10090
ENSMUSG00000025525,Apool,,Mus musculus,10090
ENSMUSG00000025528,2010106E10Rik,,Mus musculus,10090
ENSMUSG00000025531,Chm,,Mus musculus,10090
ENSMUSG00000025532,Crcp,,Mus musculus,10090
ENSMUSG00000025533,Asl,,Mus musculus,10090
ENSMUSG00000025534,Gusb,,Mus musculus,10090
ENSMUSG00000025537,Phkg1,,Mus musculus,10090
ENSMUSG00000025544,Tm9sf2,,Mus musculus,10090
ENSMUSG00000025545,Clybl,,Mus musculus,10090
ENSMUSG00000025551,Fgf14,,Mus musculus,10090
ENSMUSG00000025555,Farp1,,Mus musculus,10090
ENSMUSG00000025557,Slc15a1,,Mus musculus,10090
ENSMUSG00000025558,Dock9,,Mus musculus,10090
ENSMUSG00000025571,Tnrc6c,,Mus musculus,10090
ENSMUSG00000025572,Tmc6,,Mus musculus,10090
ENSMUSG00000025574,Tk1,,Mus musculus,10090
ENSMUSG00000025575,Cant1,,Mus musculus,10090
ENSMUSG00000025576,Rbfox3,,Mus musculus,10090
ENSMUSG00000025577,Cbx2,,Mus musculus,10090
ENSMUSG00000025578,Cbx8,,Mus musculus,10090
ENSMUSG00000025579,Gaa,,Mus musculus,10090
ENSMUSG00000025582,Nptx1,,Mus musculus,10090
ENSMUSG00000025584,Pde8a,,Mus musculus,10090
ENSMUSG00000025586,Cpeb1,,Mus musculus,10090
ENSMUSG00000025588,Nat1,,Mus musculus,10090
ENSMUSG00000025591,Tma16,,Mus musculus,10090
ENSMUSG00000025592,Dach2,,Mus musculus,10090
ENSMUSG00000025602,Zfp202,,Mus musculus,10090
ENSMUSG00000025607,Copg2,,Mus musculus,10090
ENSMUSG00000025608,Podxl,,Mus musculus,10090
ENSMUSG00000025609,Mkln1,,Mus musculus,10090
ENSMUSG00000025610,Map3k7cl,,Mus musculus,10090
ENSMUSG00000025612,Bach1,,Mus musculus,10090
ENSMUSG00000025613,Cct8,,Mus musculus,10090
ENSMUSG00000025616,Usp16,,Mus musculus,10090
ENSMUSG00000025630,Hprt,,Mus musculus,10090
ENSMUSG00000025647,Shisa5,,Mus musculus,10090
ENSMUSG00000025650,Col7a1,,Mus musculus,10090
ENSMUSG00000025651,Uqcrc1,,Mus musculus,10090
ENSMUSG00000025666,Tmem47,,Mus musculus,10090
ENSMUSG00000025723,Nmb,,Mus musculus,10090
ENSMUSG00000025724,Sec11a,,Mus musculus,10090
ENSMUSG00000025728,Pigq,,Mus musculus,10090
ENSMUSG00000025730,Rab40c,,Mus musculus,10090
ENSMUSG00000025732,Mcrip2,,Mus musculus,10090
ENSMUSG00000025733,Rhot2,,Mus musculus,10090
ENSMUSG00000025736,Jmjd8,,Mus musculus,10090
ENSMUSG00000025739,Gng13,,Mus musculus,10090
ENSMUSG00000025742,Prps2,,Mus musculus,10090
ENSMUSG00000025743,Sdc3,,Mus musculus,10090
ENSMUSG00000025745,Hadha,,Mus musculus,10090
ENSMUSG00000025746,Il6,,Mus musculus,10090
ENSMUSG00000025747,Tyms,,Mus musculus,10090
ENSMUSG00000025757,Hspa4l,,Mus musculus,10090
ENSMUSG00000025758,Plk4,,Mus musculus,10090
ENSMUSG00000025759,Mfsd8,,Mus musculus,10090
ENSMUSG00000025762,Larp1b,,Mus musculus,10090
ENSMUSG00000025764,Jade1,,Mus musculus,10090
ENSMUSG00000025776,Crispld1,,Mus musculus,10090
ENSMUSG00000025777,Gdap1,,Mus musculus,10090
ENSMUSG00000025779,Ly96,,Mus musculus,10090
ENSMUSG00000025780,Itih5,,Mus musculus,10090
ENSMUSG00000025784,Clec3b,,Mus musculus,10090
ENSMUSG00000025785,Exosc7,,Mus musculus,10090
ENSMUSG00000025786,Zdhhc3,,Mus musculus,10090
ENSMUSG00000025789,St8sia2,,Mus musculus,10090
ENSMUSG00000025790,Slco3a1,,Mus musculus,10090
ENSMUSG00000025791,Pgm1,,Mus musculus,10090
ENSMUSG00000025792,Slc25a10,,Mus musculus,10090
ENSMUSG00000025794,Rpl14,,Mus musculus,10090
ENSMUSG00000025795,Rassf3,,Mus musculus,10090
ENSMUSG00000025804,Ccr1,,Mus musculus,10090
ENSMUSG00000025809,Itgb1,,Mus musculus,10090
ENSMUSG00000025810,Nrp1,,Mus musculus,10090
ENSMUSG00000025812,Pard3,,Mus musculus,10090
ENSMUSG00000025813,Homer2,,Mus musculus,10090
ENSMUSG00000025816,Sec61a2,,Mus musculus,10090
ENSMUSG00000025817,Nudt5,,Mus musculus,10090
ENSMUSG00000025821,Zfp282,,Mus musculus,10090
ENSMUSG00000025823,Pdia4,,Mus musculus,10090
ENSMUSG00000025838,Pramel6,,Mus musculus,10090
ENSMUSG00000025839,Pramel7,,Mus musculus,10090
ENSMUSG00000025854,Fam20c,,Mus musculus,10090
ENSMUSG00000025855,Prkar1b,,Mus musculus,10090
ENSMUSG00000025856,Pdgfa,,Mus musculus,10090
ENSMUSG00000025857,Dnaaf5,,Mus musculus,10090
ENSMUSG00000025860,Xiap,,Mus musculus,10090
ENSMUSG00000025862,Stag2,,Mus musculus,10090
ENSMUSG00000025867,Cplx2,,Mus musculus,10090
ENSMUSG00000025868,Higd2a,,Mus musculus,10090
ENSMUSG00000025869,Nop16,,Mus musculus,10090
ENSMUSG00000025870,Arl10,,Mus musculus,10090
ENSMUSG00000025871,4833439L19Rik,,Mus musculus,10090
ENSMUSG00000025872,Thoc3,,Mus musculus,10090
ENSMUSG00000025875,Tspan17,,Mus musculus,10090
ENSMUSG00000025878,Uimc1,,Mus musculus,10090
ENSMUSG00000025880,Smad7,,Mus musculus,10090
ENSMUSG00000025885,Myo5b,,Mus musculus,10090
ENSMUSG00000025887,Casp12,,Mus musculus,10090
ENSMUSG00000025888,Casp1,,Mus musculus,10090
ENSMUSG00000025889,Snca,,Mus musculus,10090
ENSMUSG00000025892,Gria4,,Mus musculus,10090
ENSMUSG00000025900,Rp1,,Mus musculus,10090
ENSMUSG00000025902,Sox17,,Mus musculus,10090
ENSMUSG00000025903,Lypla1,,Mus musculus,10090
ENSMUSG00000025905,Oprk1,,Mus musculus,10090
ENSMUSG00000025907,Rb1cc1,,Mus musculus,10090
ENSMUSG00000025909,Sntg1,,Mus musculus,10090
ENSMUSG00000025912,Mybl1,,Mus musculus,10090
ENSMUSG00000025915,Sgk3,,Mus musculus,10090
ENSMUSG00000025916,Ppp1r42,,Mus musculus,10090
ENSMUSG00000025917,Cops5,,Mus musculus,10090
ENSMUSG00000025920,Stau2,,Mus musculus,10090
ENSMUSG00000025921,Rdh10,,Mus musculus,10090
ENSMUSG00000025925,Terf1,,Mus musculus,10090
ENSMUSG00000025927,Tfap2b,,Mus musculus,10090
ENSMUSG00000025929,Il17a,,Mus musculus,10090
ENSMUSG00000025930,Msc,,Mus musculus,10090
ENSMUSG00000025932,Eya1,,Mus musculus,10090
ENSMUSG00000025934,Gsta3,,Mus musculus,10090
ENSMUSG00000025935,Tram1,,Mus musculus,10090
ENSMUSG00000025937,Lactb2,,Mus musculus,10090
ENSMUSG00000025938,Slco5a1,,Mus musculus,10090
ENSMUSG00000025939,Ube2w,,Mus musculus,10090
ENSMUSG00000025940,Tmem70,,Mus musculus,10090
ENSMUSG00000025945,Crygf,,Mus musculus,10090
ENSMUSG00000025946,Pth2r,,Mus musculus,10090
ENSMUSG00000025949,Pikfyve,,Mus musculus,10090
ENSMUSG00000025950,Idh1,,Mus musculus,10090
ENSMUSG00000025955,Akr1cl,,Mus musculus,10090
ENSMUSG00000025956,Mettl21a,,Mus musculus,10090
ENSMUSG00000025958,Creb1,,Mus musculus,10090
ENSMUSG00000025959,Klf7,,Mus musculus,10090
ENSMUSG00000025962,Fastkd2,,Mus musculus,10090
ENSMUSG00000025964,Adam23,,Mus musculus,10090
ENSMUSG00000025968,Ndufs1,,Mus musculus,10090
ENSMUSG00000025969,Nrp2,,Mus musculus,10090
ENSMUSG00000025971,Maip1,,Mus musculus,10090
ENSMUSG00000025977,Boll,,Mus musculus,10090
ENSMUSG00000025978,Rftn2,,Mus musculus,10090
ENSMUSG00000025979,Mob4,,Mus musculus,10090
ENSMUSG00000025982,Sf3b1,,Mus musculus,10090
ENSMUSG00000025991,Cps1,,Mus musculus,10090
ENSMUSG00000025993,Slc40a1,,Mus musculus,10090
ENSMUSG00000025995,Wdr75,,Mus musculus,10090
ENSMUSG00000025997,Ikzf2,,Mus musculus,10090
ENSMUSG00000026000,Lancl1,,Mus musculus,10090
ENSMUSG00000026003,Acadl,,Mus musculus,10090
ENSMUSG00000026004,Kansl1l,,Mus musculus,10090
ENSMUSG00000026005,Rpe,,Mus musculus,10090
ENSMUSG00000026009,Icos,,Mus musculus,10090
ENSMUSG00000026011,Ctla4,,Mus musculus,10090
ENSMUSG00000026012,Cd28,,Mus musculus,10090
ENSMUSG00000026017,Carf,,Mus musculus,10090
ENSMUSG00000026019,Wdr12,,Mus musculus,10090
ENSMUSG00000026029,Casp8,,Mus musculus,10090
ENSMUSG00000026031,Cflar,,Mus musculus,10090
ENSMUSG00000026032,Ndufb3,,Mus musculus,10090
ENSMUSG00000026034,Clk1,,Mus musculus,10090
ENSMUSG00000026036,Nif3l1,,Mus musculus,10090
ENSMUSG00000026037,Orc2,,Mus musculus,10090
ENSMUSG00000026042,Col5a2,,Mus musculus,10090
ENSMUSG00000026043,Col3a1,,Mus musculus,10090
ENSMUSG00000026048,Ercc5,,Mus musculus,10090
ENSMUSG00000026051,Ecrg4,,Mus musculus,10090
ENSMUSG00000026058,Khdrbs2,,Mus musculus,10090
ENSMUSG00000026068,Il18rap,,Mus musculus,10090
ENSMUSG00000026070,Il18r1,,Mus musculus,10090
ENSMUSG00000026072,Il1r1,,Mus musculus,10090
ENSMUSG00000026073,Il1r2,,Mus musculus,10090
ENSMUSG00000026074,Map4k4,,Mus musculus,10090
ENSMUSG00000026077,Npas2,,Mus musculus,10090
ENSMUSG00000026078,Pdcl3,,Mus musculus,10090
ENSMUSG00000026080,Chst10,,Mus musculus,10090
ENSMUSG00000026082,Rev1,,Mus musculus,10090
ENSMUSG00000026083,Eif5b,,Mus musculus,10090
ENSMUSG00000026087,Mrpl30,,Mus musculus,10090
ENSMUSG00000026088,Mitd1,,Mus musculus,10090
ENSMUSG00000026094,Stk17b,,Mus musculus,10090
ENSMUSG00000026097,Ormdl1,,Mus musculus,10090
ENSMUSG00000026102,Inpp1,,Mus musculus,10090
ENSMUSG00000026104,Stat1,,Mus musculus,10090
ENSMUSG00000026107,Nabp1,,Mus musculus,10090
ENSMUSG00000026109,Tmeff2,,Mus musculus,10090
ENSMUSG00000026111,Unc50,,Mus musculus,10090
ENSMUSG00000026112,Coa5,,Mus musculus,10090
ENSMUSG00000026113,Inpp4a,,Mus musculus,10090
ENSMUSG00000026116,Tmem131,,Mus musculus,10090
ENSMUSG00000026117,Zap70,,Mus musculus,10090
ENSMUSG00000026123,Plekhb2,,Mus musculus,10090
ENSMUSG00000026124,Cfc1,,Mus musculus,10090
ENSMUSG00000026125,Prss39,,Mus musculus,10090
ENSMUSG00000026126,Ptpn18,,Mus musculus,10090
ENSMUSG00000026127,Imp4,,Mus musculus,10090
ENSMUSG00000026131,Dst,,Mus musculus,10090
ENSMUSG00000026134,Prim2,,Mus musculus,10090
ENSMUSG00000026135,Zfp142,,Mus musculus,10090
ENSMUSG00000026141,Col19a1,,Mus musculus,10090
ENSMUSG00000026142,Rhbdd1,,Mus musculus,10090
ENSMUSG00000026147,Col9a1,,Mus musculus,10090
ENSMUSG00000026149,Tm4sf20,,Mus musculus,10090
ENSMUSG00000026150,Mff,,Mus musculus,10090
ENSMUSG00000026154,Sdhaf4,,Mus musculus,10090
ENSMUSG00000026155,Smap1,,Mus musculus,10090
ENSMUSG00000026158,Ogfrl1,,Mus musculus,10090
ENSMUSG00000026159,Agfg1,,Mus musculus,10090
ENSMUSG00000026162,Nhej1,,Mus musculus,10090
ENSMUSG00000026166,Ccl20,,Mus musculus,10090
ENSMUSG00000026167,Wnt10a,,Mus musculus,10090
ENSMUSG00000026170,Cyp27a1,,Mus musculus,10090
ENSMUSG00000026171,Rnf25,,Mus musculus,10090
ENSMUSG00000026172,Bcs1l,,Mus musculus,10090
ENSMUSG00000026174,Cnot9,,Mus musculus,10090
ENSMUSG00000026175,Vil1,,Mus musculus,10090
ENSMUSG00000026176,Ctdsp1,,Mus musculus,10090
ENSMUSG00000026177,Slc11a1,,Mus musculus,10090
ENSMUSG00000026179,Pnkd,,Mus musculus,10090
ENSMUSG00000026182,Tnp1,,Mus musculus,10090
ENSMUSG00000026185,Igfbp5,,Mus musculus,10090
ENSMUSG00000026187,Xrcc5,,Mus musculus,10090
ENSMUSG00000026189,Pecr,,Mus musculus,10090
ENSMUSG00000026193,Fn1,,Mus musculus,10090
ENSMUSG00000026196,Bard1,,Mus musculus,10090
ENSMUSG00000026197,Zfand2b,,Mus musculus,10090
ENSMUSG00000026199,Ankzf1,,Mus musculus,10090
ENSMUSG00000026200,Glb1l,,Mus musculus,10090
ENSMUSG00000026201,Stk16,,Mus musculus,10090
ENSMUSG00000026202,Tuba4a,,Mus musculus,10090
ENSMUSG00000026203,Dnajb2,,Mus musculus,10090
ENSMUSG00000026204,Ptprn,,Mus musculus,10090
ENSMUSG00000026205,Slc23a3,,Mus musculus,10090
ENSMUSG00000026207,Speg,,Mus musculus,10090
ENSMUSG00000026208,Des,,Mus musculus,10090
ENSMUSG00000026209,Dnpep,,Mus musculus,10090
ENSMUSG00000026211,Obsl1,,Mus musculus,10090
ENSMUSG00000026213,Stk11ip,,Mus musculus,10090
ENSMUSG00000026219,Trip12,,Mus musculus,10090
ENSMUSG00000026222,Sp100,,Mus musculus,10090
ENSMUSG00000026223,Itm2c,,Mus musculus,10090
ENSMUSG00000026227,2810459M11Rik,,Mus musculus,10090
ENSMUSG00000026228,Htr2b,,Mus musculus,10090
ENSMUSG00000026229,Psmd1,,Mus musculus,10090
ENSMUSG00000026234,Ncl,,Mus musculus,10090
ENSMUSG00000026235,Epha4,,Mus musculus,10090
ENSMUSG00000026237,Nmur1,,Mus musculus,10090
ENSMUSG00000026239,Pde6d,,Mus musculus,10090
ENSMUSG00000026240,Cops7b,,Mus musculus,10090
ENSMUSG00000026241,Nppc,,Mus musculus,10090
ENSMUSG00000026245,Farsb,,Mus musculus,10090
ENSMUSG00000026246,Alppl2,,Mus musculus,10090
ENSMUSG00000026247,Ecel1,,Mus musculus,10090
ENSMUSG00000026248,Mrpl44,,Mus musculus,10090
ENSMUSG00000026249,Serpine2,,Mus musculus,10090
ENSMUSG00000026251,Chrnd,,Mus musculus,10090
ENSMUSG00000026253,Chrng,,Mus musculus,10090
ENSMUSG00000026254,Eif4e2,,Mus musculus,10090
ENSMUSG00000026255,Efhd1,,Mus musculus,10090
ENSMUSG00000026258,Snorc,,Mus musculus,10090
ENSMUSG00000026259,Ngef,,Mus musculus,10090
ENSMUSG00000026260,Ndufa10,,Mus musculus,10090
ENSMUSG00000026269,Rnpepl1,,Mus musculus,10090
ENSMUSG00000026270,Capn10,,Mus musculus,10090
ENSMUSG00000026271,Gpr35,,Mus musculus,10090
ENSMUSG00000026272,Agxt,,Mus musculus,10090
ENSMUSG00000026273,Mterf4,,Mus musculus,10090
ENSMUSG00000026274,Pask,,Mus musculus,10090
ENSMUSG00000026275,Ppp1r7,,Mus musculus,10090
ENSMUSG00000026277,Stk25,,Mus musculus,10090
ENSMUSG00000026278,Bok,,Mus musculus,10090
ENSMUSG00000026279,Thap4,,Mus musculus,10090
ENSMUSG00000026280,Atg4b,,Mus musculus,10090
ENSMUSG00000026281,Dtymk,,Mus musculus,10090
ENSMUSG00000026285,Pdcd1,,Mus musculus,10090
ENSMUSG00000026288,Inpp5d,,Mus musculus,10090
ENSMUSG00000026289,Atg16l1,,Mus musculus,10090
ENSMUSG00000026295,Spp2,,Mus musculus,10090
ENSMUSG00000026303,Mlph,,Mus musculus,10090
ENSMUSG00000026304,Rab17,,Mus musculus,10090
ENSMUSG00000026305,Lrrfip1,,Mus musculus,10090
ENSMUSG00000026307,Scly,,Mus musculus,10090
ENSMUSG00000026309,Ilkap,,Mus musculus,10090
ENSMUSG00000026315,Serpinb8,,Mus musculus,10090
ENSMUSG00000026317,Cln8,,Mus musculus,10090
ENSMUSG00000026321,Tnfrsf11a,,Mus musculus,10090
ENSMUSG00000026322,Htr4,,Mus musculus,10090
ENSMUSG00000026327,Serpinb11,,Mus musculus,10090
ENSMUSG00000026335,Pam,,Mus musculus,10090
ENSMUSG00000026339,Ccdc93,,Mus musculus,10090
ENSMUSG00000026342,Slc35f5,,Mus musculus,10090
ENSMUSG00000026344,Lypd1,,Mus musculus,10090
ENSMUSG00000026347,Tmem163,,Mus musculus,10090
ENSMUSG00000026349,Ccnt2,,Mus musculus,10090
ENSMUSG00000026353,Ubxn4,,Mus musculus,10090
ENSMUSG00000026354,Lct,,Mus musculus,10090
ENSMUSG00000026355,Mcm6,,Mus musculus,10090
ENSMUSG00000026356,Dars,,Mus musculus,10090
ENSMUSG00000026357,Rgs18,,Mus musculus,10090
ENSMUSG00000026358,Rgs1,,Mus musculus,10090
ENSMUSG00000026360,Rgs2,,Mus musculus,10090
ENSMUSG00000026361,Cdc73,,Mus musculus,10090
ENSMUSG00000026365,Cfh,,Mus musculus,10090
ENSMUSG00000026368,F13b,,Mus musculus,10090
ENSMUSG00000026374,Tsn,,Mus musculus,10090
ENSMUSG00000026377,Nifk,,Mus musculus,10090
ENSMUSG00000026380,Tfcp2l1,,Mus musculus,10090
ENSMUSG00000026383,Epb41l5,,Mus musculus,10090
ENSMUSG00000026384,Ptpn4,,Mus musculus,10090
ENSMUSG00000026385,Dbi,,Mus musculus,10090
ENSMUSG00000026388,3110009E18Rik,,Mus musculus,10090
ENSMUSG00000026389,Steap3,,Mus musculus,10090
ENSMUSG00000026390,Marco,,Mus musculus,10090
ENSMUSG00000026393,Nek7,,Mus musculus,10090
ENSMUSG00000026395,Ptprc,,Mus musculus,10090
ENSMUSG00000026398,Nr5a2,,Mus musculus,10090
ENSMUSG00000026399,Cd55,,Mus musculus,10090
ENSMUSG00000026401,Cd55b,,Mus musculus,10090
ENSMUSG00000026404,Ddx59,,Mus musculus,10090
ENSMUSG00000026405,C4bp,,Mus musculus,10090
ENSMUSG00000026407,Cacna1s,,Mus musculus,10090
ENSMUSG00000026409,Pfkfb2,,Mus musculus,10090
ENSMUSG00000026411,Tmem9,,Mus musculus,10090
ENSMUSG00000026413,Pkp1,,Mus musculus,10090
ENSMUSG00000026414,Tnnt2,,Mus musculus,10090
ENSMUSG00000026415,Fcamr,,Mus musculus,10090
ENSMUSG00000026416,Il20,,Mus musculus,10090
ENSMUSG00000026417,Pigr,,Mus musculus,10090
ENSMUSG00000026418,Tnni1,,Mus musculus,10090
ENSMUSG00000026420,Il24,,Mus musculus,10090
ENSMUSG00000026421,Csrp1,,Mus musculus,10090
ENSMUSG00000026424,Gpr37l1,,Mus musculus,10090
ENSMUSG00000026425,Srgap2,,Mus musculus,10090
ENSMUSG00000026426,Arl8a,,Mus musculus,10090
ENSMUSG00000026427,Eif2d,,Mus musculus,10090
ENSMUSG00000026429,Ube2t,,Mus musculus,10090
ENSMUSG00000026430,Rassf5,,Mus musculus,10090
ENSMUSG00000026432,Avpr1b,,Mus musculus,10090
ENSMUSG00000026433,Rab29,,Mus musculus,10090
ENSMUSG00000026434,Nucks1,,Mus musculus,10090
ENSMUSG00000026435,Slc45a3,,Mus musculus,10090
ENSMUSG00000026436,Elk4,,Mus musculus,10090
ENSMUSG00000026437,Cdk18,,Mus musculus,10090
ENSMUSG00000026452,Syt2,,Mus musculus,10090
ENSMUSG00000026456,Cyb5r1,,Mus musculus,10090
ENSMUSG00000026457,Adipor1,,Mus musculus,10090
ENSMUSG00000026458,Ppfia4,,Mus musculus,10090
ENSMUSG00000026459,Myog,,Mus musculus,10090
ENSMUSG00000026466,Tor1aip1,,Mus musculus,10090
ENSMUSG00000026468,Lhx4,,Mus musculus,10090
ENSMUSG00000026469,Xpr1,,Mus musculus,10090
ENSMUSG00000026470,Stx6,,Mus musculus,10090
ENSMUSG00000026471,Mr1,,Mus musculus,10090
ENSMUSG00000026473,Glul,,Mus musculus,10090
ENSMUSG00000026475,Rgs16,,Mus musculus,10090
ENSMUSG00000026478,Lamc1,,Mus musculus,10090
ENSMUSG00000026479,Lamc2,,Mus musculus,10090
ENSMUSG00000026482,Rgl1,,Mus musculus,10090
ENSMUSG00000026483,Fam129a,,Mus musculus,10090
ENSMUSG00000026484,Rnf2,,Mus musculus,10090
ENSMUSG00000026489,Coq8a,,Mus musculus,10090
ENSMUSG00000026490,Cdc42bpa,,Mus musculus,10090
ENSMUSG00000026491,Ahctf1,,Mus musculus,10090
ENSMUSG00000026495,Efcab2,,Mus musculus,10090
ENSMUSG00000026496,Parp1,,Mus musculus,10090
ENSMUSG00000026497,Mixl1,,Mus musculus,10090
ENSMUSG00000026499,Acbd3,,Mus musculus,10090
ENSMUSG00000026502,Desi2,,Mus musculus,10090
ENSMUSG00000026504,Sdccag8,,Mus musculus,10090
ENSMUSG00000026509,Capn2,,Mus musculus,10090
ENSMUSG00000026511,Srp9,,Mus musculus,10090
ENSMUSG00000026514,Cnih3,,Mus musculus,10090
ENSMUSG00000026516,Nvl,,Mus musculus,10090
ENSMUSG00000026519,Tmem63a,,Mus musculus,10090
ENSMUSG00000026520,Pycr2,,Mus musculus,10090
ENSMUSG00000026525,Opn3,,Mus musculus,10090
ENSMUSG00000026526,Fh1,,Mus musculus,10090
ENSMUSG00000026527,Rgs7,,Mus musculus,10090
ENSMUSG00000026531,Mptx1,,Mus musculus,10090
ENSMUSG00000026532,Spta1,,Mus musculus,10090
ENSMUSG00000026535,Ifi202b,,Mus musculus,10090
ENSMUSG00000026542,Apcs,,Mus musculus,10090
ENSMUSG00000026547,Tagln2,,Mus musculus,10090
ENSMUSG00000026548,Slamf9,,Mus musculus,10090
ENSMUSG00000026553,Copa,,Mus musculus,10090
ENSMUSG00000026554,Dcaf8,,Mus musculus,10090
ENSMUSG00000026556,Vangl2,,Mus musculus,10090
ENSMUSG00000026558,Uck2,,Mus musculus,10090
ENSMUSG00000026563,Tada1,,Mus musculus,10090
ENSMUSG00000026565,Pou2f1,,Mus musculus,10090
ENSMUSG00000026568,Mpc2,,Mus musculus,10090
ENSMUSG00000026572,Tbx19,,Mus musculus,10090
ENSMUSG00000026573,Xcl1,,Mus musculus,10090
ENSMUSG00000026574,Dpt,,Mus musculus,10090
ENSMUSG00000026575,Nme7,,Mus musculus,10090
ENSMUSG00000026576,Atp1b1,,Mus musculus,10090
ENSMUSG00000026577,Blzf1,,Mus musculus,10090
ENSMUSG00000026579,F5,,Mus musculus,10090
ENSMUSG00000026580,Selp,,Mus musculus,10090
ENSMUSG00000026581,Sell,,Mus musculus,10090
ENSMUSG00000026582,Sele,,Mus musculus,10090
ENSMUSG00000026585,Kifap3,,Mus musculus,10090
ENSMUSG00000026586,Prrx1,,Mus musculus,10090
ENSMUSG00000026587,Astn1,,Mus musculus,10090
ENSMUSG00000026589,Sec16b,,Mus musculus,10090
ENSMUSG00000026594,Ralgps2,,Mus musculus,10090
ENSMUSG00000026600,Soat1,,Mus musculus,10090
ENSMUSG00000026602,Nphs2,,Mus musculus,10090
ENSMUSG00000026603,Smyd2,,Mus musculus,10090
ENSMUSG00000026604,Ptpn14,,Mus musculus,10090
ENSMUSG00000026605,Cenpf,,Mus musculus,10090
ENSMUSG00000026609,Ush2a,,Mus musculus,10090
ENSMUSG00000026610,Esrrg,,Mus musculus,10090
ENSMUSG00000026615,Eprs,,Mus musculus,10090
ENSMUSG00000026616,Cr2,,Mus musculus,10090
ENSMUSG00000026617,Bpnt1,,Mus musculus,10090
ENSMUSG00000026618,Iars2,,Mus musculus,10090
ENSMUSG00000026620,Mark1,,Mus musculus,10090
ENSMUSG00000026621,Marc1,,Mus musculus,10090
ENSMUSG00000026622,Nek2,,Mus musculus,10090
ENSMUSG00000026623,Lpgat1,,Mus musculus,10090
ENSMUSG00000026627,Pacc1,,Mus musculus,10090
ENSMUSG00000026628,Atf3,,Mus musculus,10090
ENSMUSG00000026630,Batf3,,Mus musculus,10090
ENSMUSG00000026634,Angel2,,Mus musculus,10090
ENSMUSG00000026638,Irf6,,Mus musculus,10090
ENSMUSG00000026639,Lamb3,,Mus musculus,10090
ENSMUSG00000026640,Plxna2,,Mus musculus,10090
ENSMUSG00000026641,Usf1,,Mus musculus,10090
ENSMUSG00000026643,Nmt2,,Mus musculus,10090
ENSMUSG00000026645,Olah,,Mus musculus,10090
ENSMUSG00000026646,Suv39h2,,Mus musculus,10090
ENSMUSG00000026650,Meig1,,Mus musculus,10090
ENSMUSG00000026655,Fam107b,,Mus musculus,10090
ENSMUSG00000026656,Fcgr2b,,Mus musculus,10090
ENSMUSG00000026659,Dusp12,,Mus musculus,10090
ENSMUSG00000026662,Sephs1,,Mus musculus,10090
ENSMUSG00000026663,Atf6,,Mus musculus,10090
ENSMUSG00000026664,Phyh,,Mus musculus,10090
ENSMUSG00000026667,Uhmk1,,Mus musculus,10090
ENSMUSG00000026669,Mcm10,,Mus musculus,10090
ENSMUSG00000026670,Uap1,,Mus musculus,10090
ENSMUSG00000026674,Ddr2,,Mus musculus,10090
ENSMUSG00000026675,Hsd17b7,,Mus musculus,10090
ENSMUSG00000026678,Rgs5,,Mus musculus,10090
ENSMUSG00000026683,Nuf2,,Mus musculus,10090
ENSMUSG00000026686,Lmx1a,,Mus musculus,10090
ENSMUSG00000026687,Aldh9a1,,Mus musculus,10090
ENSMUSG00000026688,Mgst3,,Mus musculus,10090
ENSMUSG00000026691,Fmo3,,Mus musculus,10090
ENSMUSG00000026692,Fmo4,,Mus musculus,10090
ENSMUSG00000026694,Eef1aknmt,,Mus musculus,10090
ENSMUSG00000026696,Vamp4,,Mus musculus,10090
ENSMUSG00000026697,Myoc,,Mus musculus,10090
ENSMUSG00000026698,Pigc,,Mus musculus,10090
ENSMUSG00000026700,Tnfsf4,,Mus musculus,10090
ENSMUSG00000026701,Prdx6,,Mus musculus,10090
ENSMUSG00000026705,Klhl20,,Mus musculus,10090
ENSMUSG00000026707,Nsun6,,Mus musculus,10090
ENSMUSG00000026712,Mrc1,,Mus musculus,10090
ENSMUSG00000026715,Serpinc1,,Mus musculus,10090
ENSMUSG00000026718,Stam,,Mus musculus,10090
ENSMUSG00000026721,Rabgap1l,,Mus musculus,10090
ENSMUSG00000026723,Trdmt1,,Mus musculus,10090
ENSMUSG00000026726,Cubn,,Mus musculus,10090
ENSMUSG00000026727,Rsu1,,Mus musculus,10090
ENSMUSG00000026728,Vim,,Mus musculus,10090
ENSMUSG00000026730,Pter,,Mus musculus,10090
ENSMUSG00000026735,Ptf1a,,Mus musculus,10090
ENSMUSG00000026737,Pip4k2a,,Mus musculus,10090
ENSMUSG00000026739,Bmi1,,Mus musculus,10090
ENSMUSG00000026740,Dnajc1,,Mus musculus,10090
ENSMUSG00000026743,Mllt10,,Mus musculus,10090
ENSMUSG00000026748,Plxdc2,,Mus musculus,10090
ENSMUSG00000026749,Nek6,,Mus musculus,10090
ENSMUSG00000026750,Psmb7,,Mus musculus,10090
ENSMUSG00000026751,Nr5a1,,Mus musculus,10090
ENSMUSG00000026753,Ppp6c,,Mus musculus,10090
ENSMUSG00000026755,Arpc5l,,Mus musculus,10090
ENSMUSG00000026761,Orc4,,Mus musculus,10090
ENSMUSG00000026764,Kif5c,,Mus musculus,10090
ENSMUSG00000026766,Mmadhc,,Mus musculus,10090
ENSMUSG00000026767,Mindy3,,Mus musculus,10090
ENSMUSG00000026768,Itga8,,Mus musculus,10090
ENSMUSG00000026770,Il2ra,,Mus musculus,10090
ENSMUSG00000026773,Pfkfb3,,Mus musculus,10090
ENSMUSG00000026775,Yme1l1,,Mus musculus,10090
ENSMUSG00000026778,Prkcq,,Mus musculus,10090
ENSMUSG00000026779,Mastl,,Mus musculus,10090
ENSMUSG00000026784,Pdss1,,Mus musculus,10090
ENSMUSG00000026786,Apbb1ip,,Mus musculus,10090
ENSMUSG00000026787,Gad2,,Mus musculus,10090
ENSMUSG00000026790,Odf2,,Mus musculus,10090
ENSMUSG00000026791,Slc2a8,,Mus musculus,10090
ENSMUSG00000026796,Fam129b,,Mus musculus,10090
ENSMUSG00000026797,Stxbp1,,Mus musculus,10090
ENSMUSG00000026798,Coq4,,Mus musculus,10090
ENSMUSG00000026799,Med27,,Mus musculus,10090
ENSMUSG00000026803,Ttf1,,Mus musculus,10090
ENSMUSG00000026805,Barhl1,,Mus musculus,10090
ENSMUSG00000026810,Dpm2,,Mus musculus,10090
ENSMUSG00000026811,St6galnac6,,Mus musculus,10090
ENSMUSG00000026812,Tsc1,,Mus musculus,10090
ENSMUSG00000026814,Eng,,Mus musculus,10090
ENSMUSG00000026815,Gfi1b,,Mus musculus,10090
ENSMUSG00000026816,Gtf3c5,,Mus musculus,10090
ENSMUSG00000026817,Ak1,,Mus musculus,10090
ENSMUSG00000026818,Cel,,Mus musculus,10090
ENSMUSG00000026819,Slc25a25,,Mus musculus,10090
ENSMUSG00000026820,Ptges2,,Mus musculus,10090
ENSMUSG00000026821,Ralgds,,Mus musculus,10090
ENSMUSG00000026822,Lcn2,,Mus musculus,10090
ENSMUSG00000026824,Kcnj3,,Mus musculus,10090
ENSMUSG00000026825,Dnm1,,Mus musculus,10090
ENSMUSG00000026826,Nr4a2,,Mus musculus,10090
ENSMUSG00000026827,Gpd2,,Mus musculus,10090
ENSMUSG00000026829,Gbgt1,,Mus musculus,10090
ENSMUSG00000026832,Cytip,,Mus musculus,10090
ENSMUSG00000026833,Olfm1,,Mus musculus,10090
ENSMUSG00000026834,Acvr1c,,Mus musculus,10090
ENSMUSG00000026836,Acvr1,,Mus musculus,10090
ENSMUSG00000026837,Col5a1,,Mus musculus,10090
ENSMUSG00000026839,Upp2,,Mus musculus,10090
ENSMUSG00000026840,Lamc3,,Mus musculus,10090
ENSMUSG00000026842,Abl1,,Mus musculus,10090
ENSMUSG00000026848,Tor1b,,Mus musculus,10090
ENSMUSG00000026849,Tor1a,,Mus musculus,10090
ENSMUSG00000026853,Crat,,Mus musculus,10090
ENSMUSG00000026854,Usp20,,Mus musculus,10090
ENSMUSG00000026856,Dolpp1,,Mus musculus,10090
ENSMUSG00000026857,Ntmt1,,Mus musculus,10090
ENSMUSG00000026858,Miga2,,Mus musculus,10090
ENSMUSG00000026860,Sh3glb2,,Mus musculus,10090
ENSMUSG00000026864,Hspa5,,Mus musculus,10090
ENSMUSG00000026866,Kynu,,Mus musculus,10090
ENSMUSG00000026869,Psmd5,,Mus musculus,10090
ENSMUSG00000026870,Cutal,,Mus musculus,10090
ENSMUSG00000026872,Zeb2,,Mus musculus,10090
ENSMUSG00000026873,Phf19,,Mus musculus,10090
ENSMUSG00000026874,Hc,,Mus musculus,10090
ENSMUSG00000026875,Traf1,,Mus musculus,10090
ENSMUSG00000026878,Rab14,,Mus musculus,10090
ENSMUSG00000026879,Gsn,,Mus musculus,10090
ENSMUSG00000026880,Stom,,Mus musculus,10090
ENSMUSG00000026883,Dab2ip,,Mus musculus,10090
ENSMUSG00000026887,Mrrf,,Mus musculus,10090
ENSMUSG00000026888,Grb14,,Mus musculus,10090
ENSMUSG00000026889,Rbm18,,Mus musculus,10090
ENSMUSG00000026890,Lhx6,,Mus musculus,10090
ENSMUSG00000026893,Gca,,Mus musculus,10090
ENSMUSG00000026895,Ndufa8,,Mus musculus,10090
ENSMUSG00000026896,Ifih1,,Mus musculus,10090
ENSMUSG00000026904,Slc4a10,,Mus musculus,10090
ENSMUSG00000026914,Psmd14,,Mus musculus,10090
ENSMUSG00000026915,Strbp,,Mus musculus,10090
ENSMUSG00000026917,Wdr5,,Mus musculus,10090
ENSMUSG00000026918,Brd3,,Mus musculus,10090
ENSMUSG00000026919,Lcn4,,Mus musculus,10090
ENSMUSG00000026923,Notch1,,Mus musculus,10090
ENSMUSG00000026925,Inpp5e,,Mus musculus,10090
ENSMUSG00000026926,Pmpca,,Mus musculus,10090
ENSMUSG00000026927,Entr1,,Mus musculus,10090
ENSMUSG00000026930,Gpsm1,,Mus musculus,10090
ENSMUSG00000026931,1700019N19Rik,,Mus musculus,10090
ENSMUSG00000026932,Nacc2,,Mus musculus,10090
ENSMUSG00000026933,Camsap1,,Mus musculus,10090
ENSMUSG00000026934,Lhx3,,Mus musculus,10090
ENSMUSG00000026936,Lcn3,,Mus musculus,10090
ENSMUSG00000026937,Lcn5,,Mus musculus,10090
ENSMUSG00000026938,Fcna,,Mus musculus,10090
ENSMUSG00000026939,Tmem141,,Mus musculus,10090
ENSMUSG00000026942,Traf2,,Mus musculus,10090
ENSMUSG00000026944,Abca2,,Mus musculus,10090
ENSMUSG00000026946,Nmi,,Mus musculus,10090
ENSMUSG00000026956,Uap1l1,,Mus musculus,10090
ENSMUSG00000026958,Dpp7,,Mus musculus,10090
ENSMUSG00000026959,Grin1,,Mus musculus,10090
ENSMUSG00000026960,Arl6ip6,,Mus musculus,10090
ENSMUSG00000026961,Lrrc26,,Mus musculus,10090
ENSMUSG00000026965,Anapc2,,Mus musculus,10090
ENSMUSG00000026966,Ssna1,,Mus musculus,10090
ENSMUSG00000026969,Fam166a,,Mus musculus,10090
ENSMUSG00000026970,Rbms1,,Mus musculus,10090
ENSMUSG00000026971,Itgb6,,Mus musculus,10090
ENSMUSG00000026972,Arrdc1,,Mus musculus,10090
ENSMUSG00000026974,Zmynd19,,Mus musculus,10090
ENSMUSG00000026975,Dph7,,Mus musculus,10090
ENSMUSG00000026976,Pax8,,Mus musculus,10090
ENSMUSG00000026977,March7,,Mus musculus,10090
ENSMUSG00000026980,Ly75,,Mus musculus,10090
ENSMUSG00000026981,Il1rn,,Mus musculus,10090
ENSMUSG00000026983,Il1f5,,Mus musculus,10090
ENSMUSG00000026984,Il1f6,,Mus musculus,10090
ENSMUSG00000026985,Il1f8,,Mus musculus,10090
ENSMUSG00000026986,Hnmt,,Mus musculus,10090
ENSMUSG00000026987,Baz2b,,Mus musculus,10090
ENSMUSG00000026988,Wdsub1,,Mus musculus,10090
ENSMUSG00000026991,Pkp4,,Mus musculus,10090
ENSMUSG00000026994,Galnt3,,Mus musculus,10090
ENSMUSG00000027001,Dusp19,,Mus musculus,10090
ENSMUSG00000027002,Nckap1,,Mus musculus,10090
ENSMUSG00000027004,Frzb,,Mus musculus,10090
ENSMUSG00000027006,Dnajc10,,Mus musculus,10090
ENSMUSG00000027007,Itprid2,,Mus musculus,10090
ENSMUSG00000027009,Itga4,,Mus musculus,10090
ENSMUSG00000027011,Ube2e3,,Mus musculus,10090
ENSMUSG00000027012,Dync1i2,,Mus musculus,10090
ENSMUSG00000027015,Cybrd1,,Mus musculus,10090
ENSMUSG00000027018,Hat1,,Mus musculus,10090
ENSMUSG00000027030,Stk39,,Mus musculus,10090
ENSMUSG00000027048,Abcb11,,Mus musculus,10090
ENSMUSG00000027067,Ssrp1,,Mus musculus,10090
ENSMUSG00000027070,Lrp2,,Mus musculus,10090
ENSMUSG00000027071,P2rx3,,Mus musculus,10090
ENSMUSG00000027072,Prg3,,Mus musculus,10090
ENSMUSG00000027073,Prg2,,Mus musculus,10090
ENSMUSG00000027074,Slc43a3,,Mus musculus,10090
ENSMUSG00000027076,Timm10,,Mus musculus,10090
ENSMUSG00000027077,Smtnl1,,Mus musculus,10090
ENSMUSG00000027078,Ube2l6,,Mus musculus,10090
ENSMUSG00000027079,Clp1,,Mus musculus,10090
ENSMUSG00000027080,Med19,,Mus musculus,10090
ENSMUSG00000027082,Tfpi,,Mus musculus,10090
ENSMUSG00000027086,Fastkd1,,Mus musculus,10090
ENSMUSG00000027087,Itgav,,Mus musculus,10090
ENSMUSG00000027088,Phospho2,,Mus musculus,10090
ENSMUSG00000027091,Zc3h15,,Mus musculus,10090
ENSMUSG00000027099,Mtx2,,Mus musculus,10090
ENSMUSG00000027102,Hoxd8,,Mus musculus,10090
ENSMUSG00000027104,Atf2,,Mus musculus,10090
ENSMUSG00000027107,Chrna1,,Mus musculus,10090
ENSMUSG00000027108,Ola1,,Mus musculus,10090
ENSMUSG00000027109,Sp3,,Mus musculus,10090
ENSMUSG00000027111,Itga6,,Mus musculus,10090
ENSMUSG00000027115,Kif18a,,Mus musculus,10090
ENSMUSG00000027120,Fshb,,Mus musculus,10090
ENSMUSG00000027122,Arl14ep,,Mus musculus,10090
ENSMUSG00000027130,Slc12a6,,Mus musculus,10090
ENSMUSG00000027131,Emc4,,Mus musculus,10090
ENSMUSG00000027133,Nop10,,Mus musculus,10090
ENSMUSG00000027157,A26c3,,Mus musculus,10090
ENSMUSG00000027160,Ccdc34,,Mus musculus,10090
ENSMUSG00000027162,Lin7c,,Mus musculus,10090
ENSMUSG00000027163,Commd9,,Mus musculus,10090
ENSMUSG00000027164,Traf6,,Mus musculus,10090
ENSMUSG00000027165,B230118H07Rik,,Mus musculus,10090
ENSMUSG00000027166,Dnajc24,,Mus musculus,10090
ENSMUSG00000027167,Elp4,,Mus musculus,10090
ENSMUSG00000027168,Pax6,,Mus musculus,10090
ENSMUSG00000027173,Depdc7,,Mus musculus,10090
ENSMUSG00000027176,Cstf3,,Mus musculus,10090
ENSMUSG00000027177,Hipk3,,Mus musculus,10090
ENSMUSG00000027180,Fbxo3,,Mus musculus,10090
ENSMUSG00000027184,Caprin1,,Mus musculus,10090
ENSMUSG00000027186,Elf5,,Mus musculus,10090
ENSMUSG00000027187,Cat,,Mus musculus,10090
ENSMUSG00000027189,Trim44,,Mus musculus,10090
ENSMUSG00000027193,Api5,,Mus musculus,10090
ENSMUSG00000027194,Ttc17,,Mus musculus,10090
ENSMUSG00000027195,Hsd17b12,,Mus musculus,10090
ENSMUSG00000027198,Ext2,,Mus musculus,10090
ENSMUSG00000027199,Gatm,,Mus musculus,10090
ENSMUSG00000027200,Sema6d,,Mus musculus,10090
ENSMUSG00000027201,Myef2,,Mus musculus,10090
ENSMUSG00000027202,Slc12a1,,Mus musculus,10090
ENSMUSG00000027203,Dut,,Mus musculus,10090
ENSMUSG00000027204,Fbn1,,Mus musculus,10090
ENSMUSG00000027206,Cops2,,Mus musculus,10090
ENSMUSG00000027207,Galk2,,Mus musculus,10090
ENSMUSG00000027208,Fgf7,,Mus musculus,10090
ENSMUSG00000027209,Fam227b,,Mus musculus,10090
ENSMUSG00000027210,Meis2,,Mus musculus,10090
ENSMUSG00000027215,Cd82,,Mus musculus,10090
ENSMUSG00000027220,Syt13,,Mus musculus,10090
ENSMUSG00000027221,Chst1,,Mus musculus,10090
ENSMUSG00000027222,Pex16,,Mus musculus,10090
ENSMUSG00000027223,Mapk8ip1,,Mus musculus,10090
ENSMUSG00000027224,Duoxa1,,Mus musculus,10090
ENSMUSG00000027225,Duoxa2,,Mus musculus,10090
ENSMUSG00000027227,Sord,,Mus musculus,10090
ENSMUSG00000027230,Creb3l1,,Mus musculus,10090
ENSMUSG00000027238,Frmd5,,Mus musculus,10090
ENSMUSG00000027244,Atg13,,Mus musculus,10090
ENSMUSG00000027245,Hypk,,Mus musculus,10090
ENSMUSG00000027247,Arhgap1,,Mus musculus,10090
ENSMUSG00000027248,Pdia3,,Mus musculus,10090
ENSMUSG00000027249,F2,,Mus musculus,10090
ENSMUSG00000027253,Lrp4,,Mus musculus,10090
ENSMUSG00000027257,Pacsin3,,Mus musculus,10090
ENSMUSG00000027261,Hao1,,Mus musculus,10090
ENSMUSG00000027263,Tubgcp4,,Mus musculus,10090
ENSMUSG00000027270,Lamp5,,Mus musculus,10090
ENSMUSG00000027272,Ubr1,,Mus musculus,10090
ENSMUSG00000027273,Snap25,,Mus musculus,10090
ENSMUSG00000027274,Mkks,,Mus musculus,10090
ENSMUSG00000027276,Jag1,,Mus musculus,10090
ENSMUSG00000027282,Mtch2,,Mus musculus,10090
ENSMUSG00000027285,Haus2,,Mus musculus,10090
ENSMUSG00000027286,Lrrc57,,Mus musculus,10090
ENSMUSG00000027287,Snap23,,Mus musculus,10090
ENSMUSG00000027288,Zfp106,,Mus musculus,10090
ENSMUSG00000027291,Vps39,,Mus musculus,10090
ENSMUSG00000027293,Ehd4,,Mus musculus,10090
ENSMUSG00000027296,Itpka,,Mus musculus,10090
ENSMUSG00000027297,Ltk,,Mus musculus,10090
ENSMUSG00000027298,Tyro3,,Mus musculus,10090
ENSMUSG00000027300,Ubox5,,Mus musculus,10090
ENSMUSG00000027301,Oxt,,Mus musculus,10090
ENSMUSG00000027303,Ptpra,,Mus musculus,10090
ENSMUSG00000027305,Ndufaf1,,Mus musculus,10090
ENSMUSG00000027306,Nusap1,,Mus musculus,10090
ENSMUSG00000027312,Atrn,,Mus musculus,10090
ENSMUSG00000027313,Chac1,,Mus musculus,10090
ENSMUSG00000027314,Dll4,,Mus musculus,10090
ENSMUSG00000027315,Spint1,,Mus musculus,10090
ENSMUSG00000027317,Ppp1r14d,,Mus musculus,10090
ENSMUSG00000027318,Adam33,,Mus musculus,10090
ENSMUSG00000027322,Siglec1,,Mus musculus,10090
ENSMUSG00000027323,Rad51,,Mus musculus,10090
ENSMUSG00000027327,1700037H04Rik,,Mus musculus,10090
ENSMUSG00000027329,Spef1,,Mus musculus,10090
ENSMUSG00000027330,Cdc25b,,Mus musculus,10090
ENSMUSG00000027331,Knstrn,,Mus musculus,10090
ENSMUSG00000027332,Ivd,,Mus musculus,10090
ENSMUSG00000027333,Smox,,Mus musculus,10090
ENSMUSG00000027339,Rassf2,,Mus musculus,10090
ENSMUSG00000027340,Slc23a2,,Mus musculus,10090
ENSMUSG00000027344,Fsip1,,Mus musculus,10090
ENSMUSG00000027346,Gpcpd1,,Mus musculus,10090
ENSMUSG00000027347,Rasgrp1,,Mus musculus,10090
ENSMUSG00000027350,Chgb,,Mus musculus,10090
ENSMUSG00000027351,Spred1,,Mus musculus,10090
ENSMUSG00000027355,Tmco5,,Mus musculus,10090
ENSMUSG00000027358,Bmp2,,Mus musculus,10090
ENSMUSG00000027359,Slc27a2,,Mus musculus,10090
ENSMUSG00000027360,Hdc,,Mus musculus,10090
ENSMUSG00000027361,Gabpb1,,Mus musculus,10090
ENSMUSG00000027363,Usp8,,Mus musculus,10090
ENSMUSG00000027365,Trpm7,,Mus musculus,10090
ENSMUSG00000027366,Sppl2a,,Mus musculus,10090
ENSMUSG00000027367,Stard7,,Mus musculus,10090
ENSMUSG00000027368,Dusp2,,Mus musculus,10090
ENSMUSG00000027374,Mrps5,,Mus musculus,10090
ENSMUSG00000027375,Mal,,Mus musculus,10090
ENSMUSG00000027376,Prom2,,Mus musculus,10090
ENSMUSG00000027377,Mall,,Mus musculus,10090
ENSMUSG00000027378,Nphp1,,Mus musculus,10090
ENSMUSG00000027379,Bub1,,Mus musculus,10090
ENSMUSG00000027381,Bcl2l11,,Mus musculus,10090
ENSMUSG00000027384,Ndufaf5,,Mus musculus,10090
ENSMUSG00000027386,Fbln7,,Mus musculus,10090
ENSMUSG00000027387,Zc3h8,,Mus musculus,10090
ENSMUSG00000027394,Ttl,,Mus musculus,10090
ENSMUSG00000027395,Polr1b,,Mus musculus,10090
ENSMUSG00000027397,Slc20a1,,Mus musculus,10090
ENSMUSG00000027398,Il1b,,Mus musculus,10090
ENSMUSG00000027400,Pdyn,,Mus musculus,10090
ENSMUSG00000027401,Tgm3,,Mus musculus,10090
ENSMUSG00000027404,Snrpb,,Mus musculus,10090
ENSMUSG00000027406,Idh3b,,Mus musculus,10090
ENSMUSG00000027408,Cpxm1,,Mus musculus,10090
ENSMUSG00000027411,Vps16,,Mus musculus,10090
ENSMUSG00000027412,Lpin3,,Mus musculus,10090
ENSMUSG00000027416,Otor,,Mus musculus,10090
ENSMUSG00000027419,Pcsk2,,Mus musculus,10090
ENSMUSG00000027420,Bfsp1,,Mus musculus,10090
ENSMUSG00000027422,Rrbp1,,Mus musculus,10090
ENSMUSG00000027423,Snx5,,Mus musculus,10090
ENSMUSG00000027424,Mgme1,,Mus musculus,10090
ENSMUSG00000027427,Polr3f,,Mus musculus,10090
ENSMUSG00000027428,Rbbp9,,Mus musculus,10090
ENSMUSG00000027429,Sec23b,,Mus musculus,10090
ENSMUSG00000027430,Dtd1,,Mus musculus,10090
ENSMUSG00000027433,Xrn2,,Mus musculus,10090
ENSMUSG00000027434,Nkx2-2,,Mus musculus,10090
ENSMUSG00000027435,Cd93,,Mus musculus,10090
ENSMUSG00000027438,Napb,,Mus musculus,10090
ENSMUSG00000027442,Cst8,,Mus musculus,10090
ENSMUSG00000027443,Cst12,,Mus musculus,10090
ENSMUSG00000027444,Cstdc1,,Mus musculus,10090
ENSMUSG00000027445,Cst9,,Mus musculus,10090
ENSMUSG00000027447,Cst3,,Mus musculus,10090
ENSMUSG00000027452,Acss1,,Mus musculus,10090
ENSMUSG00000027454,Gins1,,Mus musculus,10090
ENSMUSG00000027456,Sdcbp2,,Mus musculus,10090
ENSMUSG00000027459,Fam110a,,Mus musculus,10090
ENSMUSG00000027460,Angpt4,,Mus musculus,10090
ENSMUSG00000027463,Slc52a3,,Mus musculus,10090
ENSMUSG00000027465,Tbc1d20,,Mus musculus,10090
ENSMUSG00000027466,Rbck1,,Mus musculus,10090
ENSMUSG00000027469,Tpx2,,Mus musculus,10090
ENSMUSG00000027470,Mylk2,,Mus musculus,10090
ENSMUSG00000027472,Pdrg1,,Mus musculus,10090
ENSMUSG00000027474,Ccm2l,,Mus musculus,10090
ENSMUSG00000027475,Kif3b,,Mus musculus,10090
ENSMUSG00000027478,Dnmt3b,,Mus musculus,10090
ENSMUSG00000027479,Mapre1,,Mus musculus,10090
ENSMUSG00000027481,Bpifb2,,Mus musculus,10090
ENSMUSG00000027483,Bpifa1,,Mus musculus,10090
ENSMUSG00000027485,Bpifb1,,Mus musculus,10090
ENSMUSG00000027487,Cdk5rap1,,Mus musculus,10090
ENSMUSG00000027488,Snta1,,Mus musculus,10090
ENSMUSG00000027489,Necab3,,Mus musculus,10090
ENSMUSG00000027490,E2f1,,Mus musculus,10090
ENSMUSG00000027495,Fam210b,,Mus musculus,10090
ENSMUSG00000027496,Aurka,,Mus musculus,10090
ENSMUSG00000027498,Cstf1,,Mus musculus,10090
ENSMUSG00000027499,Pkia,,Mus musculus,10090
ENSMUSG00000027500,Stmn2,,Mus musculus,10090
ENSMUSG00000027502,Rtf2,,Mus musculus,10090
ENSMUSG00000027506,Tpd52,,Mus musculus,10090
ENSMUSG00000027508,Pag1,,Mus musculus,10090
ENSMUSG00000027509,Rae1,,Mus musculus,10090
ENSMUSG00000027510,Rbm38,,Mus musculus,10090
ENSMUSG00000027513,Pck1,,Mus musculus,10090
ENSMUSG00000027514,Zbp1,,Mus musculus,10090
ENSMUSG00000027519,Rab22a,,Mus musculus,10090
ENSMUSG00000027523,Gnas,,Mus musculus,10090
ENSMUSG00000027524,Edn3,,Mus musculus,10090
ENSMUSG00000027528,Fabp9,,Mus musculus,10090
ENSMUSG00000027531,Impa1,,Mus musculus,10090
ENSMUSG00000027534,Snx16,,Mus musculus,10090
ENSMUSG00000027536,Chmp4c,,Mus musculus,10090
ENSMUSG00000027540,Ptpn1,,Mus musculus,10090
ENSMUSG00000027544,Nfatc2,,Mus musculus,10090
ENSMUSG00000027546,Atp9a,,Mus musculus,10090
ENSMUSG00000027547,Sall4,,Mus musculus,10090
ENSMUSG00000027551,Zfp64,,Mus musculus,10090
ENSMUSG00000027552,E2f5,,Mus musculus,10090
ENSMUSG00000027555,Car13,,Mus musculus,10090
ENSMUSG00000027556,Car1,,Mus musculus,10090
ENSMUSG00000027559,Car3,,Mus musculus,10090
ENSMUSG00000027560,Dok5,,Mus musculus,10090
ENSMUSG00000027562,Car2,,Mus musculus,10090
ENSMUSG00000027566,Psma7,,Mus musculus,10090
ENSMUSG00000027568,Ntsr1,,Mus musculus,10090
ENSMUSG00000027570,Col9a3,,Mus musculus,10090
ENSMUSG00000027574,Nkain4,,Mus musculus,10090
ENSMUSG00000027575,Arfgap1,,Mus musculus,10090
ENSMUSG00000027577,Chrna4,,Mus musculus,10090
ENSMUSG00000027579,Srms,,Mus musculus,10090
ENSMUSG00000027580,Helz2,,Mus musculus,10090
ENSMUSG00000027581,Stmn3,,Mus musculus,10090
ENSMUSG00000027583,Zbtb46,,Mus musculus,10090
ENSMUSG00000027584,Oprl1,,Mus musculus,10090
ENSMUSG00000027589,Pcmtd2,,Mus musculus,10090
ENSMUSG00000027593,Raly,,Mus musculus,10090
ENSMUSG00000027596,a,,Mus musculus,10090
ENSMUSG00000027598,Itch,,Mus musculus,10090
ENSMUSG00000027599,Armc1,,Mus musculus,10090
ENSMUSG00000027601,Mtfr1,,Mus musculus,10090
ENSMUSG00000027602,Map1lc3a,,Mus musculus,10090
ENSMUSG00000027603,Ggt7,,Mus musculus,10090
ENSMUSG00000027605,Acss2,,Mus musculus,10090
ENSMUSG00000027606,Dnajc5b,,Mus musculus,10090
ENSMUSG00000027610,Gss,,Mus musculus,10090
ENSMUSG00000027611,Procr,,Mus musculus,10090
ENSMUSG00000027612,Mmp24,,Mus musculus,10090
ENSMUSG00000027613,Eif6,,Mus musculus,10090
ENSMUSG00000027615,Hps3,,Mus musculus,10090
ENSMUSG00000027618,Nfs1,,Mus musculus,10090
ENSMUSG00000027620,Rbm39,,Mus musculus,10090
ENSMUSG00000027624,Epb41l1,,Mus musculus,10090
ENSMUSG00000027628,Aar2,,Mus musculus,10090
ENSMUSG00000027630,Tbl1xr1,,Mus musculus,10090
ENSMUSG00000027634,Ndrg3,,Mus musculus,10090
ENSMUSG00000027635,Dsn1,,Mus musculus,10090
ENSMUSG00000027636,Sla2,,Mus musculus,10090
ENSMUSG00000027637,Rab5if,,Mus musculus,10090
ENSMUSG00000027639,Samhd1,,Mus musculus,10090
ENSMUSG00000027641,Rbl1,,Mus musculus,10090
ENSMUSG00000027642,Rpn2,,Mus musculus,10090
ENSMUSG00000027643,Ghrh,,Mus musculus,10090
ENSMUSG00000027646,Src,,Mus musculus,10090
ENSMUSG00000027649,Ctnnbl1,,Mus musculus,10090
ENSMUSG00000027650,Tti1,,Mus musculus,10090
ENSMUSG00000027651,Rprd1b,,Mus musculus,10090
ENSMUSG00000027656,Ccn5,,Mus musculus,10090
ENSMUSG00000027660,Skil,,Mus musculus,10090
ENSMUSG00000027661,Slc2a10,,Mus musculus,10090
ENSMUSG00000027663,Zmat3,,Mus musculus,10090
ENSMUSG00000027665,Pik3ca,,Mus musculus,10090
ENSMUSG00000027667,Zfp639,,Mus musculus,10090
ENSMUSG00000027668,Mfn1,,Mus musculus,10090
ENSMUSG00000027669,Gnb4,,Mus musculus,10090
ENSMUSG00000027670,Ocstamp,,Mus musculus,10090
ENSMUSG00000027671,Actl6a,,Mus musculus,10090
ENSMUSG00000027673,Ndufb5,,Mus musculus,10090
ENSMUSG00000027674,Pex5l,,Mus musculus,10090
ENSMUSG00000027677,Ttc14,,Mus musculus,10090
ENSMUSG00000027678,Ncoa3,,Mus musculus,10090
ENSMUSG00000027679,Dnajc19,,Mus musculus,10090
ENSMUSG00000027680,Fxr1,,Mus musculus,10090
ENSMUSG00000027684,Mecom,,Mus musculus,10090
ENSMUSG00000027690,Slc2a2,,Mus musculus,10090
ENSMUSG00000027695,Pld1,,Mus musculus,10090
ENSMUSG00000027699,Ect2,,Mus musculus,10090
ENSMUSG00000027703,Lrriq4,,Mus musculus,10090
ENSMUSG00000027706,Sec62,,Mus musculus,10090
ENSMUSG00000027708,Dcun1d1,,Mus musculus,10090
ENSMUSG00000027709,Mccc1,,Mus musculus,10090
ENSMUSG00000027712,Anxa5,,Mus musculus,10090
ENSMUSG00000027714,Exosc9,,Mus musculus,10090
ENSMUSG00000027715,Ccna2,,Mus musculus,10090
ENSMUSG00000027716,Trpc3,,Mus musculus,10090
ENSMUSG00000027718,Il21,,Mus musculus,10090
ENSMUSG00000027719,Adad1,,Mus musculus,10090
ENSMUSG00000027720,Il2,,Mus musculus,10090
ENSMUSG00000027722,Spata5,,Mus musculus,10090
ENSMUSG00000027737,Slc7a11,,Mus musculus,10090
ENSMUSG00000027739,Rab33b,,Mus musculus,10090
ENSMUSG00000027742,Cog6,,Mus musculus,10090
ENSMUSG00000027746,Ufm1,,Mus musculus,10090
ENSMUSG00000027748,Trpc4,,Mus musculus,10090
ENSMUSG00000027750,Postn,,Mus musculus,10090
ENSMUSG00000027751,Supt20,,Mus musculus,10090
ENSMUSG00000027752,Exosc8,,Mus musculus,10090
ENSMUSG00000027761,Aadac,,Mus musculus,10090
ENSMUSG00000027762,Sucnr1,,Mus musculus,10090
ENSMUSG00000027763,Mbnl1,,Mus musculus,10090
ENSMUSG00000027765,P2ry1,,Mus musculus,10090
ENSMUSG00000027770,Dhx36,,Mus musculus,10090
ENSMUSG00000027774,Gfm1,,Mus musculus,10090
ENSMUSG00000027775,Mfsd1,,Mus musculus,10090
ENSMUSG00000027776,Il12a,,Mus musculus,10090
ENSMUSG00000027778,Ift80,,Mus musculus,10090
ENSMUSG00000027782,Kpna4,,Mus musculus,10090
ENSMUSG00000027787,Nmd3,,Mus musculus,10090
ENSMUSG00000027792,Bche,,Mus musculus,10090
ENSMUSG00000027793,Ccna1,,Mus musculus,10090
ENSMUSG00000027796,Smad9,,Mus musculus,10090
ENSMUSG00000027797,Dclk1,,Mus musculus,10090
ENSMUSG00000027799,Nbea,,Mus musculus,10090
ENSMUSG00000027800,Tm4sf1,,Mus musculus,10090
ENSMUSG00000027801,Tm4sf4,,Mus musculus,10090
ENSMUSG00000027803,Wwtr1,,Mus musculus,10090
ENSMUSG00000027805,Pfn2,,Mus musculus,10090
ENSMUSG00000027808,Serp1,,Mus musculus,10090
ENSMUSG00000027809,Etfdh,,Mus musculus,10090
ENSMUSG00000027820,Mme,,Mus musculus,10090
ENSMUSG00000027822,Slc33a1,,Mus musculus,10090
ENSMUSG00000027827,Kcnab1,,Mus musculus,10090
ENSMUSG00000027828,Ssr3,,Mus musculus,10090
ENSMUSG00000027829,Ccnl1,,Mus musculus,10090
ENSMUSG00000027832,Ptx3,,Mus musculus,10090
ENSMUSG00000027833,Shox2,,Mus musculus,10090
ENSMUSG00000027834,Serpini1,,Mus musculus,10090
ENSMUSG00000027835,Pdcd10,,Mus musculus,10090
ENSMUSG00000027840,Wnt2b,,Mus musculus,10090
ENSMUSG00000027843,Ptpn22,,Mus musculus,10090
ENSMUSG00000027845,Dclre1b,,Mus musculus,10090
ENSMUSG00000027849,Syt6,,Mus musculus,10090
ENSMUSG00000027852,Nras,,Mus musculus,10090
ENSMUSG00000027854,Sike1,,Mus musculus,10090
ENSMUSG00000027855,Sycp1,,Mus musculus,10090
ENSMUSG00000027857,Tshb,,Mus musculus,10090
ENSMUSG00000027858,Tspan2,,Mus musculus,10090
ENSMUSG00000027859,Ngf,,Mus musculus,10090
ENSMUSG00000027860,Vangl1,,Mus musculus,10090
ENSMUSG00000027861,Casq2,,Mus musculus,10090
ENSMUSG00000027863,Cd2,,Mus musculus,10090
ENSMUSG00000027864,Ptgfrn,,Mus musculus,10090
ENSMUSG00000027865,Gdap2,,Mus musculus,10090
ENSMUSG00000027868,Tbx15,,Mus musculus,10090
ENSMUSG00000027870,Hao2,,Mus musculus,10090
ENSMUSG00000027871,Hsd3b1,,Mus musculus,10090
ENSMUSG00000027875,Hmgcs2,,Mus musculus,10090
ENSMUSG00000027876,Reg4,,Mus musculus,10090
ENSMUSG00000027878,Notch2,,Mus musculus,10090
ENSMUSG00000027879,Sec22b,,Mus musculus,10090
ENSMUSG00000027881,Prpf38b,,Mus musculus,10090
ENSMUSG00000027882,Stxbp3,,Mus musculus,10090
ENSMUSG00000027883,Gpsm2,,Mus musculus,10090
ENSMUSG00000027884,Clcc1,,Mus musculus,10090
ENSMUSG00000027887,Sypl2,,Mus musculus,10090
ENSMUSG00000027889,Ampd2,,Mus musculus,10090
ENSMUSG00000027890,Gstm4,,Mus musculus,10090
ENSMUSG00000027893,Ahcyl1,,Mus musculus,10090
ENSMUSG00000027894,Slc6a17,,Mus musculus,10090
ENSMUSG00000027895,Kcnc4,,Mus musculus,10090
ENSMUSG00000027896,Slc16a4,,Mus musculus,10090
ENSMUSG00000027900,Dram2,,Mus musculus,10090
ENSMUSG00000027901,Dennd2d,,Mus musculus,10090
ENSMUSG00000027905,Ddx20,,Mus musculus,10090
ENSMUSG00000027913,Crct1,,Mus musculus,10090
ENSMUSG00000027919,Lce1g,,Mus musculus,10090
ENSMUSG00000027923,Lce1b,,Mus musculus,10090
ENSMUSG00000027925,Sprr2j-ps,,Mus musculus,10090
ENSMUSG00000027931,Npr1,,Mus musculus,10090
ENSMUSG00000027932,Slc27a3,,Mus musculus,10090
ENSMUSG00000027933,Ints3,,Mus musculus,10090
ENSMUSG00000027935,Rab13,,Mus musculus,10090
ENSMUSG00000027936,Crtc2,,Mus musculus,10090
ENSMUSG00000027937,Jtb,,Mus musculus,10090
ENSMUSG00000027938,Creb3l4,,Mus musculus,10090
ENSMUSG00000027940,Tpm3,,Mus musculus,10090
ENSMUSG00000027947,Il6ra,,Mus musculus,10090
ENSMUSG00000027950,Chrnb2,,Mus musculus,10090
ENSMUSG00000027951,Adar,,Mus musculus,10090
ENSMUSG00000027952,Pmvk,,Mus musculus,10090
ENSMUSG00000027953,Slc50a1,,Mus musculus,10090
ENSMUSG00000027954,Efna1,,Mus musculus,10090
ENSMUSG00000027955,Gask1b,,Mus musculus,10090
ENSMUSG00000027956,Tmem144,,Mus musculus,10090
ENSMUSG00000027957,Slc35a3,,Mus musculus,10090
ENSMUSG00000027959,Sass6,,Mus musculus,10090
ENSMUSG00000027962,Vcam1,,Mus musculus,10090
ENSMUSG00000027963,Extl2,,Mus musculus,10090
ENSMUSG00000027965,Olfm3,,Mus musculus,10090
ENSMUSG00000027966,Col11a1,,Mus musculus,10090
ENSMUSG00000027967,Neurog2,,Mus musculus,10090
ENSMUSG00000027968,Larp7,,Mus musculus,10090
ENSMUSG00000027971,Ndst4,,Mus musculus,10090
ENSMUSG00000027977,Ndst3,,Mus musculus,10090
ENSMUSG00000027978,Prss12,,Mus musculus,10090
ENSMUSG00000027981,Rnpc3,,Mus musculus,10090
ENSMUSG00000027984,Hadh,,Mus musculus,10090
ENSMUSG00000027985,Lef1,,Mus musculus,10090
ENSMUSG00000027993,Trim2,,Mus musculus,10090
ENSMUSG00000027994,Mcub,,Mus musculus,10090
ENSMUSG00000027995,Tlr2,,Mus musculus,10090
ENSMUSG00000027996,Sfrp2,,Mus musculus,10090
ENSMUSG00000027997,Casp6,,Mus musculus,10090
ENSMUSG00000027998,Plrg1,,Mus musculus,10090
ENSMUSG00000027999,Pla2g12a,,Mus musculus,10090
ENSMUSG00000028001,Fga,,Mus musculus,10090
ENSMUSG00000028003,Lrat,,Mus musculus,10090
ENSMUSG00000028004,Npy2r,,Mus musculus,10090
ENSMUSG00000028005,Gucy1b1,,Mus musculus,10090
ENSMUSG00000028008,Asic5,,Mus musculus,10090
ENSMUSG00000028010,Gar1,,Mus musculus,10090
ENSMUSG00000028011,Tdo2,,Mus musculus,10090
ENSMUSG00000028012,Rrh,,Mus musculus,10090
ENSMUSG00000028013,Ppa2,,Mus musculus,10090
ENSMUSG00000028016,Ints12,,Mus musculus,10090
ENSMUSG00000028017,Egf,,Mus musculus,10090
ENSMUSG00000028019,Pdgfc,,Mus musculus,10090
ENSMUSG00000028020,Glrb,,Mus musculus,10090
ENSMUSG00000028023,Pitx2,,Mus musculus,10090
ENSMUSG00000028024,Enpep,,Mus musculus,10090
ENSMUSG00000028029,Aimp1,,Mus musculus,10090
ENSMUSG00000028031,Dkk2,,Mus musculus,10090
ENSMUSG00000028032,Papss1,,Mus musculus,10090
ENSMUSG00000028033,Kcnq5,,Mus musculus,10090
ENSMUSG00000028034,Fubp1,,Mus musculus,10090
ENSMUSG00000028035,Dnajb4,,Mus musculus,10090
ENSMUSG00000028036,Ptgfr,,Mus musculus,10090
ENSMUSG00000028037,Ifi44,,Mus musculus,10090
ENSMUSG00000028039,Efna3,,Mus musculus,10090
ENSMUSG00000028040,Efna4,,Mus musculus,10090
ENSMUSG00000028041,Adam15,,Mus musculus,10090
ENSMUSG00000028042,Zbtb7b,,Mus musculus,10090
ENSMUSG00000028044,Cks1b,,Mus musculus,10090
ENSMUSG00000028047,Thbs3,,Mus musculus,10090
ENSMUSG00000028048,Gba,,Mus musculus,10090
ENSMUSG00000028049,Scamp3,,Mus musculus,10090
ENSMUSG00000028051,Hcn3,,Mus musculus,10090
ENSMUSG00000028053,Ash1l,,Mus musculus,10090
ENSMUSG00000028057,Rit1,,Mus musculus,10090
ENSMUSG00000028059,Arhgef2,,Mus musculus,10090
ENSMUSG00000028060,Khdc4,,Mus musculus,10090
ENSMUSG00000028062,Lamtor2,,Mus musculus,10090
ENSMUSG00000028063,Lmna,,Mus musculus,10090
ENSMUSG00000028064,Sema4a,,Mus musculus,10090
ENSMUSG00000028066,Pmf1,,Mus musculus,10090
ENSMUSG00000028068,Iqgap3,,Mus musculus,10090
ENSMUSG00000028069,Gpatch4,,Mus musculus,10090
ENSMUSG00000028070,Naxe,,Mus musculus,10090
ENSMUSG00000028071,Sh2d2a,,Mus musculus,10090
ENSMUSG00000028073,Pear1,,Mus musculus,10090
ENSMUSG00000028076,Cd1d1,,Mus musculus,10090
ENSMUSG00000028080,Lrba,,Mus musculus,10090
ENSMUSG00000028082,Sh3d19,,Mus musculus,10090
ENSMUSG00000028085,Gatb,,Mus musculus,10090
ENSMUSG00000028086,Fbxw7,,Mus musculus,10090
ENSMUSG00000028088,Fmo5,,Mus musculus,10090
ENSMUSG00000028089,Chd1l,,Mus musculus,10090
ENSMUSG00000028093,Acp6,,Mus musculus,10090
ENSMUSG00000028096,Gpr89,,Mus musculus,10090
ENSMUSG00000028098,Rnf115,,Mus musculus,10090
ENSMUSG00000028099,Polr3c,,Mus musculus,10090
ENSMUSG00000028101,Pias3,,Mus musculus,10090
ENSMUSG00000028102,Pex11b,,Mus musculus,10090
ENSMUSG00000028104,Polr3gl,,Mus musculus,10090
ENSMUSG00000028106,Rprd2,,Mus musculus,10090
ENSMUSG00000028107,Tars2,,Mus musculus,10090
ENSMUSG00000028111,Ctsk,,Mus musculus,10090
ENSMUSG00000028116,Myoz2,,Mus musculus,10090
ENSMUSG00000028121,Bcar3,,Mus musculus,10090
ENSMUSG00000028124,Gclm,,Mus musculus,10090
ENSMUSG00000028125,Abca4,,Mus musculus,10090
ENSMUSG00000028126,Pip5k1a,,Mus musculus,10090
ENSMUSG00000028127,Abcd3,,Mus musculus,10090
ENSMUSG00000028128,F3,,Mus musculus,10090
ENSMUSG00000028132,Tmem56,,Mus musculus,10090
ENSMUSG00000028133,Rwdd3,,Mus musculus,10090
ENSMUSG00000028134,Ptbp2,,Mus musculus,10090
ENSMUSG00000028138,Adh5,,Mus musculus,10090
ENSMUSG00000028140,Mrpl9,,Mus musculus,10090
ENSMUSG00000028145,Them4,,Mus musculus,10090
ENSMUSG00000028149,Rap1gds1,,Mus musculus,10090
ENSMUSG00000028150,Rorc,,Mus musculus,10090
ENSMUSG00000028152,Tspan5,,Mus musculus,10090
ENSMUSG00000028156,Eif4e,,Mus musculus,10090
ENSMUSG00000028158,Mttp,,Mus musculus,10090
ENSMUSG00000028159,Dapp1,,Mus musculus,10090
ENSMUSG00000028161,Ppp3ca,,Mus musculus,10090
ENSMUSG00000028163,Nfkb1,,Mus musculus,10090
ENSMUSG00000028164,Manba,,Mus musculus,10090
ENSMUSG00000028172,Tacr3,,Mus musculus,10090
ENSMUSG00000028173,Wls,,Mus musculus,10090
ENSMUSG00000028174,Rpe65,,Mus musculus,10090
ENSMUSG00000028180,Zranb2,,Mus musculus,10090
ENSMUSG00000028185,Dnase2b,,Mus musculus,10090
ENSMUSG00000028186,Uox,,Mus musculus,10090
ENSMUSG00000028187,Rpf1,,Mus musculus,10090
ENSMUSG00000028189,Ctbs,,Mus musculus,10090
ENSMUSG00000028191,Bcl10,,Mus musculus,10090
ENSMUSG00000028195,Ccn1,,Mus musculus,10090
ENSMUSG00000028199,Cryz,,Mus musculus,10090
ENSMUSG00000028207,Asph,,Mus musculus,10090
ENSMUSG00000028211,Trp53inp1,,Mus musculus,10090
ENSMUSG00000028212,Ccne2,,Mus musculus,10090
ENSMUSG00000028214,Gem,,Mus musculus,10090
ENSMUSG00000028217,Cdh17,,Mus musculus,10090
ENSMUSG00000028218,Fam92a,,Mus musculus,10090
ENSMUSG00000028221,Pip4p2,,Mus musculus,10090
ENSMUSG00000028222,Calb1,,Mus musculus,10090
ENSMUSG00000028223,Decr1,,Mus musculus,10090
ENSMUSG00000028224,Nbn,,Mus musculus,10090
ENSMUSG00000028226,Mmp16,,Mus musculus,10090
ENSMUSG00000028228,Cpne3,,Mus musculus,10090
ENSMUSG00000028229,Rmdn1,,Mus musculus,10090
ENSMUSG00000028232,Tmem68,,Mus musculus,10090
ENSMUSG00000028233,Tgs1,,Mus musculus,10090
ENSMUSG00000028234,Rps20,,Mus musculus,10090
ENSMUSG00000028240,Cyp7a1,,Mus musculus,10090
ENSMUSG00000028243,Ubxn2b,,Mus musculus,10090
ENSMUSG00000028245,Nsmaf,,Mus musculus,10090
ENSMUSG00000028247,Coq3,,Mus musculus,10090
ENSMUSG00000028249,Sdcbp,,Mus musculus,10090
ENSMUSG00000028252,Ccnc,,Mus musculus,10090
ENSMUSG00000028255,Clca1,,Mus musculus,10090
ENSMUSG00000028256,Odf2l,,Mus musculus,10090
ENSMUSG00000028259,Fhl5,,Mus musculus,10090
ENSMUSG00000028261,Ndufaf4,,Mus musculus,10090
ENSMUSG00000028262,Clca3a2,,Mus musculus,10090
ENSMUSG00000028266,Lmo4,,Mus musculus,10090
ENSMUSG00000028268,Gbp3,,Mus musculus,10090
ENSMUSG00000028270,Gbp2,,Mus musculus,10090
ENSMUSG00000028271,Gtf2b,,Mus musculus,10090
ENSMUSG00000028273,Pdlim5,,Mus musculus,10090
ENSMUSG00000028274,Rngtt,,Mus musculus,10090
ENSMUSG00000028277,Ube2j1,,Mus musculus,10090
ENSMUSG00000028278,Rragd,,Mus musculus,10090
ENSMUSG00000028280,Gabrr1,,Mus musculus,10090
ENSMUSG00000028282,Casp8ap2,,Mus musculus,10090
ENSMUSG00000028284,Map3k7,,Mus musculus,10090
ENSMUSG00000028289,Epha7,,Mus musculus,10090
ENSMUSG00000028291,Akirin2,,Mus musculus,10090
ENSMUSG00000028292,Rars2,,Mus musculus,10090
ENSMUSG00000028293,Slc35a1,,Mus musculus,10090
ENSMUSG00000028295,Smim8,,Mus musculus,10090
ENSMUSG00000028298,Cga,,Mus musculus,10090
ENSMUSG00000028300,C9orf72,,Mus musculus,10090
ENSMUSG00000028307,Aldob,,Mus musculus,10090
ENSMUSG00000028309,Rnf20,,Mus musculus,10090
ENSMUSG00000028312,Smc2,,Mus musculus,10090
ENSMUSG00000028314,Toporsl,,Mus musculus,10090
ENSMUSG00000028318,Polr1e,,Mus musculus,10090
ENSMUSG00000028328,Tmod1,,Mus musculus,10090
ENSMUSG00000028329,Xpa,,Mus musculus,10090
ENSMUSG00000028330,Ncbp1,,Mus musculus,10090
ENSMUSG00000028332,Hemgn,,Mus musculus,10090
ENSMUSG00000028334,Nans,,Mus musculus,10090
ENSMUSG00000028337,Coro2a,,Mus musculus,10090
ENSMUSG00000028339,Col15a1,,Mus musculus,10090
ENSMUSG00000028341,Nr4a3,,Mus musculus,10090
ENSMUSG00000028343,Erp44,,Mus musculus,10090
ENSMUSG00000028344,Invs,,Mus musculus,10090
ENSMUSG00000028345,Tex10,,Mus musculus,10090
ENSMUSG00000028347,Tmeff1,,Mus musculus,10090
ENSMUSG00000028348,Cavin4,,Mus musculus,10090
ENSMUSG00000028351,Brinp1,,Mus musculus,10090
ENSMUSG00000028354,Fmn2,,Mus musculus,10090
ENSMUSG00000028356,Ambp,,Mus musculus,10090
ENSMUSG00000028357,Kif12,,Mus musculus,10090
ENSMUSG00000028359,Orm3,,Mus musculus,10090
ENSMUSG00000028362,Tnfsf8,,Mus musculus,10090
ENSMUSG00000028364,Tnc,,Mus musculus,10090
ENSMUSG00000028369,Svep1,,Mus musculus,10090
ENSMUSG00000028370,Pappa,,Mus musculus,10090
ENSMUSG00000028373,Astn2,,Mus musculus,10090
ENSMUSG00000028378,Ptgr1,,Mus musculus,10090
ENSMUSG00000028381,Ugcg,,Mus musculus,10090
ENSMUSG00000028382,Ptbp3,,Mus musculus,10090
ENSMUSG00000028383,Hsdl2,,Mus musculus,10090
ENSMUSG00000028385,Snx30,,Mus musculus,10090
ENSMUSG00000028386,Slc46a2,,Mus musculus,10090
ENSMUSG00000028389,Zfp37,,Mus musculus,10090
ENSMUSG00000028391,Wdr31,,Mus musculus,10090
ENSMUSG00000028392,Bspry,,Mus musculus,10090
ENSMUSG00000028393,Alad,,Mus musculus,10090
ENSMUSG00000028394,Pole3,,Mus musculus,10090
ENSMUSG00000028397,Kdm4c,,Mus musculus,10090
ENSMUSG00000028398,Dmac1,,Mus musculus,10090
ENSMUSG00000028399,Ptprd,,Mus musculus,10090
ENSMUSG00000028402,Mpdz,,Mus musculus,10090
ENSMUSG00000028405,Aco1,,Mus musculus,10090
ENSMUSG00000028407,Smim27,,Mus musculus,10090
ENSMUSG00000028409,Smu1,,Mus musculus,10090
ENSMUSG00000028410,Dnaja1,,Mus musculus,10090
ENSMUSG00000028411,Aptx,,Mus musculus,10090
ENSMUSG00000028412,Slc44a1,,Mus musculus,10090
ENSMUSG00000028413,B4galt1,,Mus musculus,10090
ENSMUSG00000028414,Fktn,,Mus musculus,10090
ENSMUSG00000028415,Spink4,,Mus musculus,10090
ENSMUSG00000028416,Bag1,,Mus musculus,10090
ENSMUSG00000028417,Tal2,,Mus musculus,10090
ENSMUSG00000028419,Chmp5,,Mus musculus,10090
ENSMUSG00000028420,Tmem38b,,Mus musculus,10090
ENSMUSG00000028423,Nfx1,,Mus musculus,10090
ENSMUSG00000028426,Rad23b,,Mus musculus,10090
ENSMUSG00000028427,Aqp7,,Mus musculus,10090
ENSMUSG00000028430,Nol6,,Mus musculus,10090
ENSMUSG00000028431,Elp1,,Mus musculus,10090
ENSMUSG00000028433,Ubap2,,Mus musculus,10090
ENSMUSG00000028434,Epb41l4b,,Mus musculus,10090
ENSMUSG00000028435,Aqp3,,Mus musculus,10090
ENSMUSG00000028436,Dcaf12,,Mus musculus,10090
ENSMUSG00000028437,Ubap1,,Mus musculus,10090
ENSMUSG00000028443,Nudt2,,Mus musculus,10090
ENSMUSG00000028444,Cntfr,,Mus musculus,10090
ENSMUSG00000028447,Dctn3,,Mus musculus,10090
ENSMUSG00000028452,Vcp,,Mus musculus,10090
ENSMUSG00000028453,Fancg,,Mus musculus,10090
ENSMUSG00000028454,Pigo,,Mus musculus,10090
ENSMUSG00000028456,Unc13b,,Mus musculus,10090
ENSMUSG00000028458,Tesk1,,Mus musculus,10090
ENSMUSG00000028459,Cd72,,Mus musculus,10090
ENSMUSG00000028460,Sit1,,Mus musculus,10090
ENSMUSG00000028461,Ccdc107,,Mus musculus,10090
ENSMUSG00000028463,Car9,,Mus musculus,10090
ENSMUSG00000028464,Tpm2,,Mus musculus,10090
ENSMUSG00000028465,Tln1,,Mus musculus,10090
ENSMUSG00000028466,Creb3,,Mus musculus,10090
ENSMUSG00000028467,Gba2,,Mus musculus,10090
ENSMUSG00000028469,Npr2,,Mus musculus,10090
ENSMUSG00000028470,Hint2,,Mus musculus,10090
ENSMUSG00000028476,Reck,,Mus musculus,10090
ENSMUSG00000028478,Clta,,Mus musculus,10090
ENSMUSG00000028479,Gne,,Mus musculus,10090
ENSMUSG00000028480,Glipr2,,Mus musculus,10090
ENSMUSG00000028483,Snapc3,,Mus musculus,10090
ENSMUSG00000028484,Psip1,,Mus musculus,10090
ENSMUSG00000028488,Sh3gl2,,Mus musculus,10090
ENSMUSG00000028494,Plin2,,Mus musculus,10090
ENSMUSG00000028496,Mllt3,,Mus musculus,10090
ENSMUSG00000028497,Hacd4,,Mus musculus,10090
ENSMUSG00000028514,Usp24,,Mus musculus,10090
ENSMUSG00000028517,Plpp3,,Mus musculus,10090
ENSMUSG00000028519,Dab1,,Mus musculus,10090
ENSMUSG00000028521,Slc35d1,,Mus musculus,10090
ENSMUSG00000028523,Tctex1d1,,Mus musculus,10090
ENSMUSG00000028524,Sgip1,,Mus musculus,10090
ENSMUSG00000028525,Pde4b,,Mus musculus,10090
ENSMUSG00000028527,Ak4,,Mus musculus,10090
ENSMUSG00000028530,Jak1,,Mus musculus,10090
ENSMUSG00000028532,Cachd1,,Mus musculus,10090
ENSMUSG00000028536,2610528J11Rik,,Mus musculus,10090
ENSMUSG00000028538,St3gal3,,Mus musculus,10090
ENSMUSG00000028539,Artn,,Mus musculus,10090
ENSMUSG00000028540,Dph2,,Mus musculus,10090
ENSMUSG00000028541,B4galt2,,Mus musculus,10090
ENSMUSG00000028542,Slc6a9,,Mus musculus,10090
ENSMUSG00000028544,Slc5a9,,Mus musculus,10090
ENSMUSG00000028546,Elavl4,,Mus musculus,10090
ENSMUSG00000028549,Itgb3bp,,Mus musculus,10090
ENSMUSG00000028551,Cdkn2c,,Mus musculus,10090
ENSMUSG00000028552,Eps15,,Mus musculus,10090
ENSMUSG00000028553,Angptl3,,Mus musculus,10090
ENSMUSG00000028556,Dock7,,Mus musculus,10090
ENSMUSG00000028557,Rnf11,,Mus musculus,10090
ENSMUSG00000028559,Osbpl9,,Mus musculus,10090
ENSMUSG00000028560,Usp1,,Mus musculus,10090
ENSMUSG00000028565,Nfia,,Mus musculus,10090
ENSMUSG00000028567,Txndc12,,Mus musculus,10090
ENSMUSG00000028568,Btf3l4,,Mus musculus,10090
ENSMUSG00000028571,Cyp2j13,,Mus musculus,10090
ENSMUSG00000028573,Fggy,,Mus musculus,10090
ENSMUSG00000028575,Eqtn,,Mus musculus,10090
ENSMUSG00000028576,Ift74,,Mus musculus,10090
ENSMUSG00000028577,Plaa,,Mus musculus,10090
ENSMUSG00000028578,Caap1,,Mus musculus,10090
ENSMUSG00000028580,Pum1,,Mus musculus,10090
ENSMUSG00000028581,Laptm5,,Mus musculus,10090
ENSMUSG00000028583,Pdpn,,Mus musculus,10090
ENSMUSG00000028587,Orc1,,Mus musculus,10090
ENSMUSG00000028597,Gpx7,,Mus musculus,10090
ENSMUSG00000028599,Tnfrsf1b,,Mus musculus,10090
ENSMUSG00000028601,Echdc2,,Mus musculus,10090
ENSMUSG00000028602,Tnfrsf8,,Mus musculus,10090
ENSMUSG00000028607,Cpt2,,Mus musculus,10090
ENSMUSG00000028608,Czib,,Mus musculus,10090
ENSMUSG00000028610,Dmrtb1,,Mus musculus,10090
ENSMUSG00000028613,Lrp8,,Mus musculus,10090
ENSMUSG00000028614,Ndc1,,Mus musculus,10090
ENSMUSG00000028617,Lrrc42,,Mus musculus,10090
ENSMUSG00000028619,Tceanc2,,Mus musculus,10090
ENSMUSG00000028621,Cyb5rl,,Mus musculus,10090
ENSMUSG00000028622,Mrpl37,,Mus musculus,10090
ENSMUSG00000028626,Col9a2,,Mus musculus,10090
ENSMUSG00000028633,Ctps,,Mus musculus,10090
ENSMUSG00000028634,Hivep3,,Mus musculus,10090
ENSMUSG00000028635,Edn2,,Mus musculus,10090
ENSMUSG00000028636,Ppcs,,Mus musculus,10090
ENSMUSG00000028639,Ybx1,,Mus musculus,10090
ENSMUSG00000028640,Tfap2c,,Mus musculus,10090
ENSMUSG00000028641,P3h1,,Mus musculus,10090
ENSMUSG00000028643,Svbp,,Mus musculus,10090
ENSMUSG00000028644,Ermap,,Mus musculus,10090
ENSMUSG00000028645,Slc2a1,,Mus musculus,10090
ENSMUSG00000028646,Rragc,,Mus musculus,10090
ENSMUSG00000028647,Mycbp,,Mus musculus,10090
ENSMUSG00000028648,Ndufs5,,Mus musculus,10090
ENSMUSG00000028649,Macf1,,Mus musculus,10090
ENSMUSG00000028651,Ppie,,Mus musculus,10090
ENSMUSG00000028653,Trit1,,Mus musculus,10090
ENSMUSG00000028654,Mycl,,Mus musculus,10090
ENSMUSG00000028656,Cap1,,Mus musculus,10090
ENSMUSG00000028657,Ppt1,,Mus musculus,10090
ENSMUSG00000028661,Epha8,,Mus musculus,10090
ENSMUSG00000028664,Ephb2,,Mus musculus,10090
ENSMUSG00000028668,Eloa,,Mus musculus,10090
ENSMUSG00000028669,Pithd1,,Mus musculus,10090
ENSMUSG00000028670,Lypla2,,Mus musculus,10090
ENSMUSG00000028671,Gale,,Mus musculus,10090
ENSMUSG00000028672,Hmgcl,,Mus musculus,10090
ENSMUSG00000028673,Fuca1,,Mus musculus,10090
ENSMUSG00000028675,Pnrc2,,Mus musculus,10090
ENSMUSG00000028676,Srsf10,,Mus musculus,10090
ENSMUSG00000028677,Rnf220,,Mus musculus,10090
ENSMUSG00000028678,Kif2c,,Mus musculus,10090
ENSMUSG00000028680,Plk3,,Mus musculus,10090
ENSMUSG00000028681,Ptch2,,Mus musculus,10090
ENSMUSG00000028684,Urod,,Mus musculus,10090
ENSMUSG00000028687,Mutyh,,Mus musculus,10090
ENSMUSG00000028688,Toe1,,Mus musculus,10090
ENSMUSG00000028689,Ccdc163,,Mus musculus,10090
ENSMUSG00000028690,Mmachc,,Mus musculus,10090
ENSMUSG00000028691,Prdx1,,Mus musculus,10090
ENSMUSG00000028692,Akr1a1,,Mus musculus,10090
ENSMUSG00000028693,Nasp,,Mus musculus,10090
ENSMUSG00000028696,Ipp,,Mus musculus,10090
ENSMUSG00000028699,Tspan1,,Mus musculus,10090
ENSMUSG00000028700,Pomgnt1,,Mus musculus,10090
ENSMUSG00000028702,Rad54l,,Mus musculus,10090
ENSMUSG00000028703,Lrrc41,,Mus musculus,10090
ENSMUSG00000028706,Nsun4,,Mus musculus,10090
ENSMUSG00000028707,Dmbx1,,Mus musculus,10090
ENSMUSG00000028708,Mknk1,,Mus musculus,10090
ENSMUSG00000028713,Cyp4b1,,Mus musculus,10090
ENSMUSG00000028715,Cyp4a14,,Mus musculus,10090
ENSMUSG00000028716,Pdzk1ip1,,Mus musculus,10090
ENSMUSG00000028717,Tal1,,Mus musculus,10090
ENSMUSG00000028718,Stil,,Mus musculus,10090
ENSMUSG00000028719,Cmpk1,,Mus musculus,10090
ENSMUSG00000028729,Ebna1bp2,,Mus musculus,10090
ENSMUSG00000028736,Pax7,,Mus musculus,10090
ENSMUSG00000028737,Aldh4a1,,Mus musculus,10090
ENSMUSG00000028738,Tas1r2,,Mus musculus,10090
ENSMUSG00000028743,Akr7a5,,Mus musculus,10090
ENSMUSG00000028744,Pqlc2,,Mus musculus,10090
ENSMUSG00000028745,Capzb,,Mus musculus,10090
ENSMUSG00000028747,Htr6,,Mus musculus,10090
ENSMUSG00000028749,Pla2g2f,,Mus musculus,10090
ENSMUSG00000028750,Pla2g2c,,Mus musculus,10090
ENSMUSG00000028751,Pla2g2e,,Mus musculus,10090
ENSMUSG00000028755,Cda,,Mus musculus,10090
ENSMUSG00000028756,Pink1,,Mus musculus,10090
ENSMUSG00000028757,Ddost,,Mus musculus,10090
ENSMUSG00000028758,Kif17,,Mus musculus,10090
ENSMUSG00000028759,Hp1bp3,,Mus musculus,10090
ENSMUSG00000028760,Eif4g3,,Mus musculus,10090
ENSMUSG00000028763,Hspg2,,Mus musculus,10090
ENSMUSG00000028766,Alpl,,Mus musculus,10090
ENSMUSG00000028771,Ptpn12,,Mus musculus,10090
ENSMUSG00000028772,Zcchc17,,Mus musculus,10090
ENSMUSG00000028776,Tinagl1,,Mus musculus,10090
ENSMUSG00000028779,Pef1,,Mus musculus,10090
ENSMUSG00000028780,Sema3c,,Mus musculus,10090
ENSMUSG00000028785,Hpca,,Mus musculus,10090
ENSMUSG00000028786,Tmem54,,Mus musculus,10090
ENSMUSG00000028788,Ptp4a2,,Mus musculus,10090
ENSMUSG00000028790,Khdrbs1,,Mus musculus,10090
ENSMUSG00000028792,Ak2,,Mus musculus,10090
ENSMUSG00000028793,Rnf19b,,Mus musculus,10090
ENSMUSG00000028796,Phc2,,Mus musculus,10090
ENSMUSG00000028797,Tmem234,,Mus musculus,10090
ENSMUSG00000028798,Eif3i,,Mus musculus,10090
ENSMUSG00000028799,Zfp362,,Mus musculus,10090
ENSMUSG00000028807,Zbtb8a,,Mus musculus,10090
ENSMUSG00000028809,Srrm1,,Mus musculus,10090
ENSMUSG00000028811,Yars,,Mus musculus,10090
ENSMUSG00000028820,Sfpq,,Mus musculus,10090
ENSMUSG00000028821,Syf2,,Mus musculus,10090
ENSMUSG00000028825,Rhd,,Mus musculus,10090
ENSMUSG00000028830,AU040320,,Mus musculus,10090
ENSMUSG00000028833,Ncdn,,Mus musculus,10090
ENSMUSG00000028836,Slc30a2,,Mus musculus,10090
ENSMUSG00000028837,Psmb2,,Mus musculus,10090
ENSMUSG00000028838,Extl1,,Mus musculus,10090
ENSMUSG00000028840,Zfp593,,Mus musculus,10090
ENSMUSG00000028843,Sh3bgrl3,,Mus musculus,10090
ENSMUSG00000028847,Trappc3,,Mus musculus,10090
ENSMUSG00000028848,Gpn2,,Mus musculus,10090
ENSMUSG00000028849,Map7d1,,Mus musculus,10090
ENSMUSG00000028854,Slc9a1,,Mus musculus,10090
ENSMUSG00000028857,Tmem222,,Mus musculus,10090
ENSMUSG00000028859,Csf3r,,Mus musculus,10090
ENSMUSG00000028860,Sytl1,,Mus musculus,10090
ENSMUSG00000028861,Mrps15,,Mus musculus,10090
ENSMUSG00000028862,Map3k6,,Mus musculus,10090
ENSMUSG00000028864,Hgf,,Mus musculus,10090
ENSMUSG00000028868,Wasf2,,Mus musculus,10090
ENSMUSG00000028869,Gnl2,,Mus musculus,10090
ENSMUSG00000028871,Rspo1,,Mus musculus,10090
ENSMUSG00000028874,Fgr,,Mus musculus,10090
ENSMUSG00000028878,Fam76a,,Mus musculus,10090
ENSMUSG00000028879,Stx12,,Mus musculus,10090
ENSMUSG00000028882,Ppp1r8,,Mus musculus,10090
ENSMUSG00000028883,Sema3a,,Mus musculus,10090
ENSMUSG00000028884,Rpa2,,Mus musculus,10090
ENSMUSG00000028885,Smpdl3b,,Mus musculus,10090
ENSMUSG00000028886,Eya3,,Mus musculus,10090
ENSMUSG00000028890,Mtf1,,Mus musculus,10090
ENSMUSG00000028893,Sesn2,,Mus musculus,10090
ENSMUSG00000028894,Inpp5b,,Mus musculus,10090
ENSMUSG00000028896,Rcc1,,Mus musculus,10090
ENSMUSG00000028899,Taf12,,Mus musculus,10090
ENSMUSG00000028901,Gmeb1,,Mus musculus,10090
ENSMUSG00000028902,Sf3a3,,Mus musculus,10090
ENSMUSG00000028906,Epb41,,Mus musculus,10090
ENSMUSG00000028907,Utp11,,Mus musculus,10090
ENSMUSG00000028909,Ptpru,,Mus musculus,10090
ENSMUSG00000028910,Mecr,,Mus musculus,10090
ENSMUSG00000028911,Srsf4,,Mus musculus,10090
ENSMUSG00000028914,Casp9,,Mus musculus,10090
ENSMUSG00000028920,Fbxo42,,Mus musculus,10090
ENSMUSG00000028923,Necap2,,Mus musculus,10090
ENSMUSG00000028926,Cdk14,,Mus musculus,10090
ENSMUSG00000028927,Padi2,,Mus musculus,10090
ENSMUSG00000028931,Kcnab2,,Mus musculus,10090
ENSMUSG00000028932,Psmc2,,Mus musculus,10090
ENSMUSG00000028933,Xrcc2,,Mus musculus,10090
ENSMUSG00000028936,Rpl22,,Mus musculus,10090
ENSMUSG00000028937,Acot7,,Mus musculus,10090
ENSMUSG00000028938,Galntl5,,Mus musculus,10090
ENSMUSG00000028940,Hes2,,Mus musculus,10090
ENSMUSG00000028943,Espn,,Mus musculus,10090
ENSMUSG00000028944,Prkag2,,Mus musculus,10090
ENSMUSG00000028945,Rheb,,Mus musculus,10090
ENSMUSG00000028946,Hes3,,Mus musculus,10090
ENSMUSG00000028949,Smarcd3,,Mus musculus,10090
ENSMUSG00000028950,Tas1r1,,Mus musculus,10090
ENSMUSG00000028952,Zbtb48,,Mus musculus,10090
ENSMUSG00000028953,Abcf2,,Mus musculus,10090
ENSMUSG00000028954,Nub1,,Mus musculus,10090
ENSMUSG00000028955,Vamp3,,Mus musculus,10090
ENSMUSG00000028957,Per3,,Mus musculus,10090
ENSMUSG00000028958,Tmub1,,Mus musculus,10090
ENSMUSG00000028959,Fastk,,Mus musculus,10090
ENSMUSG00000028960,Ube4b,,Mus musculus,10090
ENSMUSG00000028961,Pgd,,Mus musculus,10090
ENSMUSG00000028962,Slc4a2,,Mus musculus,10090
ENSMUSG00000028963,Uts2,,Mus musculus,10090
ENSMUSG00000028964,Park7,,Mus musculus,10090
ENSMUSG00000028965,Tnfrsf9,,Mus musculus,10090
ENSMUSG00000028967,Errfi1,,Mus musculus,10090
ENSMUSG00000028969,Cdk5,,Mus musculus,10090
ENSMUSG00000028970,Abcb1b,,Mus musculus,10090
ENSMUSG00000028971,Cort,,Mus musculus,10090
ENSMUSG00000028972,Car6,,Mus musculus,10090
ENSMUSG00000028973,Abcb8,,Mus musculus,10090
ENSMUSG00000028975,Pex14,,Mus musculus,10090
ENSMUSG00000028976,Slc2a5,,Mus musculus,10090
ENSMUSG00000028978,Nos3,,Mus musculus,10090
ENSMUSG00000028979,Masp2,,Mus musculus,10090
ENSMUSG00000028980,H6pd,,Mus musculus,10090
ENSMUSG00000028982,Slc25a33,,Mus musculus,10090
ENSMUSG00000028986,Klhl7,,Mus musculus,10090
ENSMUSG00000028988,Ctnnbip1,,Mus musculus,10090
ENSMUSG00000028989,Angptl7,,Mus musculus,10090
ENSMUSG00000028991,Mtor,,Mus musculus,10090
ENSMUSG00000028992,Nmnat1,,Mus musculus,10090
ENSMUSG00000028995,Fam126a,,Mus musculus,10090
ENSMUSG00000028996,Rbp7,,Mus musculus,10090
ENSMUSG00000028998,Tomm7,,Mus musculus,10090
ENSMUSG00000029003,Mad2l2,,Mus musculus,10090
ENSMUSG00000029004,Kmt2e,,Mus musculus,10090
ENSMUSG00000029007,Agtrap,,Mus musculus,10090
ENSMUSG00000029009,Mthfr,,Mus musculus,10090
ENSMUSG00000029012,Orc5,,Mus musculus,10090
ENSMUSG00000029014,Dnajc2,,Mus musculus,10090
ENSMUSG00000029015,Slc26a5,,Mus musculus,10090
ENSMUSG00000029016,Clcn6,,Mus musculus,10090
ENSMUSG00000029017,Pmpcb,,Mus musculus,10090
ENSMUSG00000029019,Nppb,,Mus musculus,10090
ENSMUSG00000029020,Mfn2,,Mus musculus,10090
ENSMUSG00000029022,Miip,,Mus musculus,10090
ENSMUSG00000029026,Trp73,,Mus musculus,10090
ENSMUSG00000029027,Dffb,,Mus musculus,10090
ENSMUSG00000029029,Wrap73,,Mus musculus,10090
ENSMUSG00000029030,Tprgl,,Mus musculus,10090
ENSMUSG00000029032,Arhgef16,,Mus musculus,10090
ENSMUSG00000029034,Ints11,,Mus musculus,10090
ENSMUSG00000029036,Atad3a,,Mus musculus,10090
ENSMUSG00000029038,Ssu72,,Mus musculus,10090
ENSMUSG00000029048,Rer1,,Mus musculus,10090
ENSMUSG00000029050,Ski,,Mus musculus,10090
ENSMUSG00000029054,Gabrd,,Mus musculus,10090
ENSMUSG00000029059,Prxl2b,,Mus musculus,10090
ENSMUSG00000029060,Mib2,,Mus musculus,10090
ENSMUSG00000029061,Mmp23,,Mus musculus,10090
ENSMUSG00000029062,Cdk11b,,Mus musculus,10090
ENSMUSG00000029063,Nadk,,Mus musculus,10090
ENSMUSG00000029064,Gnb1,,Mus musculus,10090
ENSMUSG00000029066,Mrpl20,,Mus musculus,10090
ENSMUSG00000029068,Ccnl2,,Mus musculus,10090
ENSMUSG00000029070,Mxra8,,Mus musculus,10090
ENSMUSG00000029071,Dvl1,,Mus musculus,10090
ENSMUSG00000029072,Tas1r3,,Mus musculus,10090
ENSMUSG00000029073,Cptp,,Mus musculus,10090
ENSMUSG00000029076,Sdf4,,Mus musculus,10090
ENSMUSG00000029082,Bst1,,Mus musculus,10090
ENSMUSG00000029084,Cd38,,Mus musculus,10090
ENSMUSG00000029086,Prom1,,Mus musculus,10090
ENSMUSG00000029088,Kcnip4,,Mus musculus,10090
ENSMUSG00000029089,5730480H06Rik,,Mus musculus,10090
ENSMUSG00000029090,Adgra3,,Mus musculus,10090
ENSMUSG00000029093,Sorcs2,,Mus musculus,10090
ENSMUSG00000029096,Htra3,,Mus musculus,10090
ENSMUSG00000029097,Trmt44,,Mus musculus,10090
ENSMUSG00000029098,Acox3,,Mus musculus,10090
ENSMUSG00000029102,Hgfac,,Mus musculus,10090
ENSMUSG00000029103,Lrpap1,,Mus musculus,10090
ENSMUSG00000029104,Htt,,Mus musculus,10090
ENSMUSG00000029106,Add1,,Mus musculus,10090
ENSMUSG00000029108,Pcdh7,,Mus musculus,10090
ENSMUSG00000029110,Rnf4,,Mus musculus,10090
ENSMUSG00000029119,Man2b2,,Mus musculus,10090
ENSMUSG00000029121,Crmp1,,Mus musculus,10090
ENSMUSG00000029122,Evc,,Mus musculus,10090
ENSMUSG00000029123,Stk32b,,Mus musculus,10090
ENSMUSG00000029125,Stx18,,Mus musculus,10090
ENSMUSG00000029126,Nsg1,,Mus musculus,10090
ENSMUSG00000029128,Rab28,,Mus musculus,10090
ENSMUSG00000029130,Rnf32,,Mus musculus,10090
ENSMUSG00000029131,Dnajb6,,Mus musculus,10090
ENSMUSG00000029135,Fosl2,,Mus musculus,10090
ENSMUSG00000029136,Rbks,,Mus musculus,10090
ENSMUSG00000029141,Slc4a1ap,,Mus musculus,10090
ENSMUSG00000029145,Eif2b4,,Mus musculus,10090
ENSMUSG00000029146,Snx17,,Mus musculus,10090
ENSMUSG00000029147,Ppm1g,,Mus musculus,10090
ENSMUSG00000029148,Nrbp1,,Mus musculus,10090
ENSMUSG00000029151,Slc30a3,,Mus musculus,10090
ENSMUSG00000029152,Ociad1,,Mus musculus,10090
ENSMUSG00000029154,Cwh43,,Mus musculus,10090
ENSMUSG00000029156,Sgcb,,Mus musculus,10090
ENSMUSG00000029158,Yipf7,,Mus musculus,10090
ENSMUSG00000029161,Cgref1,,Mus musculus,10090
ENSMUSG00000029162,Khk,,Mus musculus,10090
ENSMUSG00000029163,Emilin1,,Mus musculus,10090
ENSMUSG00000029165,Agbl5,,Mus musculus,10090
ENSMUSG00000029166,Mapre3,,Mus musculus,10090
ENSMUSG00000029167,Ppargc1a,,Mus musculus,10090
ENSMUSG00000029168,Dpysl5,,Mus musculus,10090
ENSMUSG00000029169,Dhx15,,Mus musculus,10090
ENSMUSG00000029171,Pgm2,,Mus musculus,10090
ENSMUSG00000029173,Sepsecs,,Mus musculus,10090
ENSMUSG00000029174,Tbc1d1,,Mus musculus,10090
ENSMUSG00000029175,Slc35f6,,Mus musculus,10090
ENSMUSG00000029176,Anapc4,,Mus musculus,10090
ENSMUSG00000029177,Cenpa,,Mus musculus,10090
ENSMUSG00000029178,Klf3,,Mus musculus,10090
ENSMUSG00000029185,Fam114a1,,Mus musculus,10090
ENSMUSG00000029186,Pi4k2b,,Mus musculus,10090
ENSMUSG00000029188,Slc34a2,,Mus musculus,10090
ENSMUSG00000029189,Sel1l3,,Mus musculus,10090
ENSMUSG00000029191,Rfc1,,Mus musculus,10090
ENSMUSG00000029192,Tbc1d14,,Mus musculus,10090
ENSMUSG00000029193,Cckar,,Mus musculus,10090
ENSMUSG00000029195,Klb,,Mus musculus,10090
ENSMUSG00000029196,Tada2b,,Mus musculus,10090
ENSMUSG00000029198,Grpel1,,Mus musculus,10090
ENSMUSG00000029199,Lias,,Mus musculus,10090
ENSMUSG00000029201,Ugdh,,Mus musculus,10090
ENSMUSG00000029202,Pds5a,,Mus musculus,10090
ENSMUSG00000029203,Ube2k,,Mus musculus,10090
ENSMUSG00000029204,Rhoh,,Mus musculus,10090
ENSMUSG00000029207,Apbb2,,Mus musculus,10090
ENSMUSG00000029209,Gnpda2,,Mus musculus,10090
ENSMUSG00000029212,Gabrb1,,Mus musculus,10090
ENSMUSG00000029217,Tec,,Mus musculus,10090
ENSMUSG00000029221,Slc30a9,,Mus musculus,10090
ENSMUSG00000029223,Uchl1,,Mus musculus,10090
ENSMUSG00000029227,Fip1l1,,Mus musculus,10090
ENSMUSG00000029228,Lnx1,,Mus musculus,10090
ENSMUSG00000029229,Chic2,,Mus musculus,10090
ENSMUSG00000029231,Pdgfra,,Mus musculus,10090
ENSMUSG00000029233,Srd5a3,,Mus musculus,10090
ENSMUSG00000029234,Tmem165,,Mus musculus,10090
ENSMUSG00000029235,Pdcl2,,Mus musculus,10090
ENSMUSG00000029236,Nmu,,Mus musculus,10090
ENSMUSG00000029238,Clock,,Mus musculus,10090
ENSMUSG00000029245,Epha5,,Mus musculus,10090
ENSMUSG00000029246,Ppat,,Mus musculus,10090
ENSMUSG00000029247,Paics,,Mus musculus,10090
ENSMUSG00000029249,Rest,,Mus musculus,10090
ENSMUSG00000029250,Polr2b,,Mus musculus,10090
ENSMUSG00000029253,Cenpc1,,Mus musculus,10090
ENSMUSG00000029254,Stap1,,Mus musculus,10090
ENSMUSG00000029255,Gnrhr,,Mus musculus,10090
ENSMUSG00000029260,Ugt2b34,,Mus musculus,10090
ENSMUSG00000029265,Dr1,,Mus musculus,10090
ENSMUSG00000029267,Mtf2,,Mus musculus,10090
ENSMUSG00000029269,Sult1b1,,Mus musculus,10090
ENSMUSG00000029272,Sult1e1,,Mus musculus,10090
ENSMUSG00000029273,Sult1d1,,Mus musculus,10090
ENSMUSG00000029275,Gfi1,,Mus musculus,10090
ENSMUSG00000029276,Glmn,,Mus musculus,10090
ENSMUSG00000029279,Brdt,,Mus musculus,10090
ENSMUSG00000029281,Smr2,,Mus musculus,10090
ENSMUSG00000029283,Cdc7,,Mus musculus,10090
ENSMUSG00000029286,Enam,,Mus musculus,10090
ENSMUSG00000029287,Tgfbr3,,Mus musculus,10090
ENSMUSG00000029288,Ambn,,Mus musculus,10090
ENSMUSG00000029290,Zfp326,,Mus musculus,10090
ENSMUSG00000029291,Rufy3,,Mus musculus,10090
ENSMUSG00000029299,Abcg3,,Mus musculus,10090
ENSMUSG00000029304,Spp1,,Mus musculus,10090
ENSMUSG00000029306,Ibsp,,Mus musculus,10090
ENSMUSG00000029309,Sparcl1,,Mus musculus,10090
ENSMUSG00000029310,Nudt9,,Mus musculus,10090
ENSMUSG00000029311,Hsd17b11,,Mus musculus,10090
ENSMUSG00000029313,Aff1,,Mus musculus,10090
ENSMUSG00000029321,Slc10a6,,Mus musculus,10090
ENSMUSG00000029322,Plac8,,Mus musculus,10090
ENSMUSG00000029326,Enoph1,,Mus musculus,10090
ENSMUSG00000029328,Hnrnpdl,,Mus musculus,10090
ENSMUSG00000029334,Prkg2,,Mus musculus,10090
ENSMUSG00000029337,Fgf5,,Mus musculus,10090
ENSMUSG00000029338,Antxr2,,Mus musculus,10090
ENSMUSG00000029343,Crybb1,,Mus musculus,10090
ENSMUSG00000029344,Tpst2,,Mus musculus,10090
ENSMUSG00000029345,Tfip11,,Mus musculus,10090
ENSMUSG00000029346,Srrd,,Mus musculus,10090
ENSMUSG00000029352,Crybb3,,Mus musculus,10090
ENSMUSG00000029359,Tesc,,Mus musculus,10090
ENSMUSG00000029361,Nos1,,Mus musculus,10090
ENSMUSG00000029364,Wsb2,,Mus musculus,10090
ENSMUSG00000029366,Dck,,Mus musculus,10090
ENSMUSG00000029368,Alb,,Mus musculus,10090
ENSMUSG00000029369,Afm,,Mus musculus,10090
ENSMUSG00000029371,Cxcl5,,Mus musculus,10090
ENSMUSG00000029372,Ppbp,,Mus musculus,10090
ENSMUSG00000029373,Pf4,,Mus musculus,10090
ENSMUSG00000029375,Cxcl15,,Mus musculus,10090
ENSMUSG00000029377,Ereg,,Mus musculus,10090
ENSMUSG00000029378,Areg,,Mus musculus,10090
ENSMUSG00000029380,Cxcl1,,Mus musculus,10090
ENSMUSG00000029381,Shroom3,,Mus musculus,10090
ENSMUSG00000029385,Ccng2,,Mus musculus,10090
ENSMUSG00000029386,Tctn2,,Mus musculus,10090
ENSMUSG00000029387,Gtf2h3,,Mus musculus,10090
ENSMUSG00000029388,Eif2b1,,Mus musculus,10090
ENSMUSG00000029390,Tmed2,,Mus musculus,10090
ENSMUSG00000029392,Rilpl1,,Mus musculus,10090
ENSMUSG00000029397,Rchy1,,Mus musculus,10090
ENSMUSG00000029401,Rilpl2,,Mus musculus,10090
ENSMUSG00000029403,Cdkl2,,Mus musculus,10090
ENSMUSG00000029404,Arl6ip4,,Mus musculus,10090
ENSMUSG00000029405,G3bp2,,Mus musculus,10090
ENSMUSG00000029406,Pitpnm2,,Mus musculus,10090
ENSMUSG00000029407,Uso1,,Mus musculus,10090
ENSMUSG00000029408,Abcb9,,Mus musculus,10090
ENSMUSG00000029409,U90926,,Mus musculus,10090
ENSMUSG00000029410,Ppef2,,Mus musculus,10090
ENSMUSG00000029413,Naaa,,Mus musculus,10090
ENSMUSG00000029415,Sdad1,,Mus musculus,10090
ENSMUSG00000029416,Slc15a4,,Mus musculus,10090
ENSMUSG00000029417,Cxcl9,,Mus musculus,10090
ENSMUSG00000029422,Rsrc2,,Mus musculus,10090
ENSMUSG00000029423,Piwil1,,Mus musculus,10090
ENSMUSG00000029426,Scarb2,,Mus musculus,10090
ENSMUSG00000029427,Zcchc8,,Mus musculus,10090
ENSMUSG00000029428,Stx2,,Mus musculus,10090
ENSMUSG00000029430,Ran,,Mus musculus,10090
ENSMUSG00000029431,B3gnt4,,Mus musculus,10090
ENSMUSG00000029432,Nipsnap2,,Mus musculus,10090
ENSMUSG00000029433,Diablo,,Mus musculus,10090
ENSMUSG00000029436,Mmp17,,Mus musculus,10090
ENSMUSG00000029438,Bcl7a,,Mus musculus,10090
ENSMUSG00000029439,Sfswap,,Mus musculus,10090
ENSMUSG00000029440,Psmd9,,Mus musculus,10090
ENSMUSG00000029445,Hpd,,Mus musculus,10090
ENSMUSG00000029446,Psph,,Mus musculus,10090
ENSMUSG00000029447,Cct6a,,Mus musculus,10090
ENSMUSG00000029452,Tmem116,,Mus musculus,10090
ENSMUSG00000029455,Aldh2,,Mus musculus,10090
ENSMUSG00000029458,Brap,,Mus musculus,10090
ENSMUSG00000029462,Vps29,,Mus musculus,10090
ENSMUSG00000029463,Fam216a,,Mus musculus,10090
ENSMUSG00000029464,Gpn3,,Mus musculus,10090
ENSMUSG00000029465,Arpc3,,Mus musculus,10090
ENSMUSG00000029466,Anapc7,,Mus musculus,10090
ENSMUSG00000029467,Atp2a2,,Mus musculus,10090
ENSMUSG00000029468,P2rx7,,Mus musculus,10090
ENSMUSG00000029469,Ift81,,Mus musculus,10090
ENSMUSG00000029470,P2rx4,,Mus musculus,10090
ENSMUSG00000029471,Camkk2,,Mus musculus,10090
ENSMUSG00000029472,Anapc5,,Mus musculus,10090
ENSMUSG00000029474,Rnf34,,Mus musculus,10090
ENSMUSG00000029477,Morn3,,Mus musculus,10090
ENSMUSG00000029478,Ncor2,,Mus musculus,10090
ENSMUSG00000029482,Aacs,,Mus musculus,10090
ENSMUSG00000029484,Anxa3,,Mus musculus,10090
ENSMUSG00000029486,Mrpl1,,Mus musculus,10090
ENSMUSG00000029491,Pde6b,,Mus musculus,10090
ENSMUSG00000029499,Pxmp2,,Mus musculus,10090
ENSMUSG00000029500,Pgam5,,Mus musculus,10090
ENSMUSG00000029502,Golga3,,Mus musculus,10090
ENSMUSG00000029504,Ddx51,,Mus musculus,10090
ENSMUSG00000029505,Ep400,,Mus musculus,10090
ENSMUSG00000029507,Pus1,,Mus musculus,10090
ENSMUSG00000029512,Ulk1,,Mus musculus,10090
ENSMUSG00000029513,Prkab1,,Mus musculus,10090
ENSMUSG00000029516,Cit,,Mus musculus,10090
ENSMUSG00000029521,Chek2,,Mus musculus,10090
ENSMUSG00000029522,Pla2g1b,,Mus musculus,10090
ENSMUSG00000029524,Sirt4,,Mus musculus,10090
ENSMUSG00000029526,1700123K08Rik,,Mus musculus,10090
ENSMUSG00000029528,Pxn,,Mus musculus,10090
ENSMUSG00000029530,Ccr9,,Mus musculus,10090
ENSMUSG00000029534,St7,,Mus musculus,10090
ENSMUSG00000029535,Triap1,,Mus musculus,10090
ENSMUSG00000029536,Gatc,,Mus musculus,10090
ENSMUSG00000029538,Srsf9,,Mus musculus,10090
ENSMUSG00000029544,Cabp1,,Mus musculus,10090
ENSMUSG00000029545,Acads,,Mus musculus,10090
ENSMUSG00000029546,Uncx,,Mus musculus,10090
ENSMUSG00000029547,Ints1,,Mus musculus,10090
ENSMUSG00000029550,Sppl3,,Mus musculus,10090
ENSMUSG00000029551,Psmg3,,Mus musculus,10090
ENSMUSG00000029552,Tes,,Mus musculus,10090
ENSMUSG00000029553,Tfec,,Mus musculus,10090
ENSMUSG00000029554,Mad1l1,,Mus musculus,10090
ENSMUSG00000029557,Mrm2,,Mus musculus,10090
ENSMUSG00000029559,2210016L21Rik,,Mus musculus,10090
ENSMUSG00000029561,Oasl2,,Mus musculus,10090
ENSMUSG00000029563,Foxp2,,Mus musculus,10090
ENSMUSG00000029569,Tmem168,,Mus musculus,10090
ENSMUSG00000029570,Lfng,,Mus musculus,10090
ENSMUSG00000029571,Tmem106b,,Mus musculus,10090
ENSMUSG00000029575,Mmab,,Mus musculus,10090
ENSMUSG00000029577,Ube3b,,Mus musculus,10090
ENSMUSG00000029578,Wipi2,,Mus musculus,10090
ENSMUSG00000029580,Actb,,Mus musculus,10090
ENSMUSG00000029581,Fscn1,,Mus musculus,10090
ENSMUSG00000029591,Ung,,Mus musculus,10090
ENSMUSG00000029594,Rbm19,,Mus musculus,10090
ENSMUSG00000029595,Lhx5,,Mus musculus,10090
ENSMUSG00000029596,Sdsl,,Mus musculus,10090
ENSMUSG00000029597,Sds,,Mus musculus,10090
ENSMUSG00000029598,Plbd2,,Mus musculus,10090
ENSMUSG00000029599,Ddx54,,Mus musculus,10090
ENSMUSG00000029600,Rita1,,Mus musculus,10090
ENSMUSG00000029602,Rasal1,,Mus musculus,10090
ENSMUSG00000029603,Dtx1,,Mus musculus,10090
ENSMUSG00000029605,Oas1b,,Mus musculus,10090
ENSMUSG00000029607,Ankrd61,,Mus musculus,10090
ENSMUSG00000029608,Rph3a,,Mus musculus,10090
ENSMUSG00000029610,Aimp2,,Mus musculus,10090
ENSMUSG00000029613,Eif2ak1,,Mus musculus,10090
ENSMUSG00000029616,Erp29,,Mus musculus,10090
ENSMUSG00000029617,Ccz1,,Mus musculus,10090
ENSMUSG00000029621,Arpc1a,,Mus musculus,10090
ENSMUSG00000029622,Arpc1b,,Mus musculus,10090
ENSMUSG00000029623,Pdap1,,Mus musculus,10090
ENSMUSG00000029624,Ptcd1,,Mus musculus,10090
ENSMUSG00000029625,Cpsf4,,Mus musculus,10090
ENSMUSG00000029627,Zkscan14,,Mus musculus,10090
ENSMUSG00000029630,Cyp3a25,,Mus musculus,10090
ENSMUSG00000029632,Ndufa4,,Mus musculus,10090
ENSMUSG00000029634,Rnf6,,Mus musculus,10090
ENSMUSG00000029635,Cdk8,,Mus musculus,10090
ENSMUSG00000029636,Wasf3,,Mus musculus,10090
ENSMUSG00000029640,Usp12,,Mus musculus,10090
ENSMUSG00000029642,Polr1d,,Mus musculus,10090
ENSMUSG00000029644,Pdx1,,Mus musculus,10090
ENSMUSG00000029646,Cdx2,,Mus musculus,10090
ENSMUSG00000029648,Flt1,,Mus musculus,10090
ENSMUSG00000029649,Pomp,,Mus musculus,10090
ENSMUSG00000029650,Slc46a3,,Mus musculus,10090
ENSMUSG00000029656,C8b,,Mus musculus,10090
ENSMUSG00000029657,Hsph1,,Mus musculus,10090
ENSMUSG00000029661,Col1a2,,Mus musculus,10090
ENSMUSG00000029663,Gngt1,,Mus musculus,10090
ENSMUSG00000029664,Tfpi2,,Mus musculus,10090
ENSMUSG00000029669,Tspan12,,Mus musculus,10090
ENSMUSG00000029670,Ing3,,Mus musculus,10090
ENSMUSG00000029671,Wnt16,,Mus musculus,10090
ENSMUSG00000029672,Fam3c,,Mus musculus,10090
ENSMUSG00000029673,Auts2,,Mus musculus,10090
ENSMUSG00000029674,Limk1,,Mus musculus,10090
ENSMUSG00000029675,Eln,,Mus musculus,10090
ENSMUSG00000029676,Pot1a,,Mus musculus,10090
ENSMUSG00000029681,Bcl7b,,Mus musculus,10090
ENSMUSG00000029682,Spam1,,Mus musculus,10090
ENSMUSG00000029683,Lmod2,,Mus musculus,10090
ENSMUSG00000029684,Wasl,,Mus musculus,10090
ENSMUSG00000029685,Asb15,,Mus musculus,10090
ENSMUSG00000029686,Cul1,,Mus musculus,10090
ENSMUSG00000029687,Ezh2,,Mus musculus,10090
ENSMUSG00000029695,Aass,,Mus musculus,10090
ENSMUSG00000029700,Slc13a1,,Mus musculus,10090
ENSMUSG00000029701,Rbm28,,Mus musculus,10090
ENSMUSG00000029703,Lrwd1,,Mus musculus,10090
ENSMUSG00000029705,Cux1,,Mus musculus,10090
ENSMUSG00000029706,Pax4,,Mus musculus,10090
ENSMUSG00000029707,Fscn3,,Mus musculus,10090
ENSMUSG00000029708,Gcc1,,Mus musculus,10090
ENSMUSG00000029710,Ephb4,,Mus musculus,10090
ENSMUSG00000029712,Actl6b,,Mus musculus,10090
ENSMUSG00000029714,Gigyf1,,Mus musculus,10090
ENSMUSG00000029715,Pop7,,Mus musculus,10090
ENSMUSG00000029716,Tfr2,,Mus musculus,10090
ENSMUSG00000029718,Pcolce,,Mus musculus,10090
ENSMUSG00000029722,Agfg2,,Mus musculus,10090
ENSMUSG00000029723,Tsc22d4,,Mus musculus,10090
ENSMUSG00000029726,Mepce,,Mus musculus,10090
ENSMUSG00000029727,Cyp3a13,,Mus musculus,10090
ENSMUSG00000029735,Tpk1,,Mus musculus,10090
ENSMUSG00000029736,Nobox,,Mus musculus,10090
ENSMUSG00000029752,Asns,,Mus musculus,10090
ENSMUSG00000029754,Dlx6,,Mus musculus,10090
ENSMUSG00000029755,Dlx5,,Mus musculus,10090
ENSMUSG00000029757,Dync1i1,,Mus musculus,10090
ENSMUSG00000029759,Pon3,,Mus musculus,10090
ENSMUSG00000029761,Cald1,,Mus musculus,10090
ENSMUSG00000029762,Akr1b8,,Mus musculus,10090
ENSMUSG00000029763,Exoc4,,Mus musculus,10090
ENSMUSG00000029767,Calu,,Mus musculus,10090
ENSMUSG00000029769,Ccdc136,,Mus musculus,10090
ENSMUSG00000029771,Irf5,,Mus musculus,10090
ENSMUSG00000029772,Ahcyl2,,Mus musculus,10090
ENSMUSG00000029776,Hibadh,,Mus musculus,10090
ENSMUSG00000029777,Gars,,Mus musculus,10090
ENSMUSG00000029778,Adcyap1r1,,Mus musculus,10090
ENSMUSG00000029780,Nt5c3,,Mus musculus,10090
ENSMUSG00000029781,Fkbp9,,Mus musculus,10090
ENSMUSG00000029782,Tmem209,,Mus musculus,10090
ENSMUSG00000029787,Avl9,,Mus musculus,10090
ENSMUSG00000029788,Cpa5,,Mus musculus,10090
ENSMUSG00000029790,Cep41,,Mus musculus,10090
ENSMUSG00000029798,Herc6,,Mus musculus,10090
ENSMUSG00000029802,Abcg2,,Mus musculus,10090
ENSMUSG00000029810,Tmem176b,,Mus musculus,10090
ENSMUSG00000029811,Aoc1,,Mus musculus,10090
ENSMUSG00000029813,Doxl1,,Mus musculus,10090
ENSMUSG00000029814,Igf2bp3,,Mus musculus,10090
ENSMUSG00000029816,Gpnmb,,Mus musculus,10090
ENSMUSG00000029817,Tra2a,,Mus musculus,10090
ENSMUSG00000029819,Npy,,Mus musculus,10090
ENSMUSG00000029821,Gsdme,,Mus musculus,10090
ENSMUSG00000029823,Luc7l2,,Mus musculus,10090
ENSMUSG00000029831,Npvf,,Mus musculus,10090
ENSMUSG00000029832,Nfe2l3,,Mus musculus,10090
ENSMUSG00000029833,Trim24,,Mus musculus,10090
ENSMUSG00000029836,Cbx3,,Mus musculus,10090
ENSMUSG00000029838,Ptn,,Mus musculus,10090
ENSMUSG00000029840,Mtpn,,Mus musculus,10090
ENSMUSG00000029844,Hoxa1,,Mus musculus,10090
ENSMUSG00000029848,Stra8,,Mus musculus,10090
ENSMUSG00000029851,Tcaf2,,Mus musculus,10090
ENSMUSG00000029859,Epha1,,Mus musculus,10090
ENSMUSG00000029860,Zyx,,Mus musculus,10090
ENSMUSG00000029861,Fam131b,,Mus musculus,10090
ENSMUSG00000029862,Clcn1,,Mus musculus,10090
ENSMUSG00000029863,Casp2,,Mus musculus,10090
ENSMUSG00000029864,Gstk1,,Mus musculus,10090
ENSMUSG00000029865,Sval1,,Mus musculus,10090
ENSMUSG00000029866,Kel,,Mus musculus,10090
ENSMUSG00000029868,Trpv6,,Mus musculus,10090
ENSMUSG00000029869,Ephb6,,Mus musculus,10090
ENSMUSG00000029882,2210010C04Rik,,Mus musculus,10090
ENSMUSG00000029883,1700074P13Rik,,Mus musculus,10090
ENSMUSG00000029885,Moxd2,,Mus musculus,10090
ENSMUSG00000029909,Prss37,,Mus musculus,10090
ENSMUSG00000029910,Mad2l1,,Mus musculus,10090
ENSMUSG00000029911,Ssbp1,,Mus musculus,10090
ENSMUSG00000029913,Prdm5,,Mus musculus,10090
ENSMUSG00000029915,Clec5a,,Mus musculus,10090
ENSMUSG00000029919,Hpgds,,Mus musculus,10090
ENSMUSG00000029920,Smarcad1,,Mus musculus,10090
ENSMUSG00000029922,Mkrn1,,Mus musculus,10090
ENSMUSG00000029924,Slc37a3,,Mus musculus,10090
ENSMUSG00000029925,Tbxas1,,Mus musculus,10090
ENSMUSG00000029992,Gfpt1,,Mus musculus,10090
ENSMUSG00000029993,Nfu1,,Mus musculus,10090
ENSMUSG00000029994,Anxa4,,Mus musculus,10090
ENSMUSG00000029998,Pcyox1,,Mus musculus,10090
ENSMUSG00000029999,Tgfa,,Mus musculus,10090
ENSMUSG00000030000,Add2,,Mus musculus,10090
ENSMUSG00000030001,Figla,,Mus musculus,10090
ENSMUSG00000030002,Dusp11,,Mus musculus,10090
ENSMUSG00000030004,Nat8,,Mus musculus,10090
ENSMUSG00000030007,Cct7,,Mus musculus,10090
ENSMUSG00000030008,Pradc1,,Mus musculus,10090
ENSMUSG00000030016,Zfp638,,Mus musculus,10090
ENSMUSG00000030017,Reg3g,,Mus musculus,10090
ENSMUSG00000030019,Fbxl14,,Mus musculus,10090
ENSMUSG00000030029,Lrig1,,Mus musculus,10090
ENSMUSG00000030032,Wdr54,,Mus musculus,10090
ENSMUSG00000030034,Ino80b,,Mus musculus,10090
ENSMUSG00000030035,Wbp1,,Mus musculus,10090
ENSMUSG00000030036,Mogs,,Mus musculus,10090
ENSMUSG00000030041,M1ap,,Mus musculus,10090
ENSMUSG00000030042,Pole4,,Mus musculus,10090
ENSMUSG00000030043,Tacr1,,Mus musculus,10090
ENSMUSG00000030045,Mrpl19,,Mus musculus,10090
ENSMUSG00000030046,Bmp10,,Mus musculus,10090
ENSMUSG00000030049,Gkn2,,Mus musculus,10090
ENSMUSG00000030050,Gkn1,,Mus musculus,10090
ENSMUSG00000030051,Aplf,,Mus musculus,10090
ENSMUSG00000030054,Gp9,,Mus musculus,10090
ENSMUSG00000030056,Isy1,,Mus musculus,10090
ENSMUSG00000030057,Cnbp,,Mus musculus,10090
ENSMUSG00000030058,Copg1,,Mus musculus,10090
ENSMUSG00000030060,Hmces,,Mus musculus,10090
ENSMUSG00000030061,Uba3,,Mus musculus,10090
ENSMUSG00000030062,Rpn1,,Mus musculus,10090
ENSMUSG00000030064,Frmd4b,,Mus musculus,10090
ENSMUSG00000030067,Foxp1,,Mus musculus,10090
ENSMUSG00000030069,Prok2,,Mus musculus,10090
ENSMUSG00000030075,Cntn3,,Mus musculus,10090
ENSMUSG00000030077,Chl1,,Mus musculus,10090
ENSMUSG00000030082,Sec61a1,,Mus musculus,10090
ENSMUSG00000030083,Abtb1,,Mus musculus,10090
ENSMUSG00000030084,Plxna1,,Mus musculus,10090
ENSMUSG00000030086,Chchd6,,Mus musculus,10090
ENSMUSG00000030087,Klf15,,Mus musculus,10090
ENSMUSG00000030088,Aldh1l1,,Mus musculus,10090
ENSMUSG00000030089,Slc41a3,,Mus musculus,10090
ENSMUSG00000030091,Nup210,,Mus musculus,10090
ENSMUSG00000030092,Cntn6,,Mus musculus,10090
ENSMUSG00000030093,Wnt7a,,Mus musculus,10090
ENSMUSG00000030094,Xpc,,Mus musculus,10090
ENSMUSG00000030095,Tmem43,,Mus musculus,10090
ENSMUSG00000030096,Slc6a6,,Mus musculus,10090
ENSMUSG00000030101,Sumf1,,Mus musculus,10090
ENSMUSG00000030102,Itpr1,,Mus musculus,10090
ENSMUSG00000030103,Bhlhe40,,Mus musculus,10090
ENSMUSG00000030104,Edem1,,Mus musculus,10090
ENSMUSG00000030105,Arl8b,,Mus musculus,10090
ENSMUSG00000030107,Usp18,,Mus musculus,10090
ENSMUSG00000030108,Slc6a13,,Mus musculus,10090
ENSMUSG00000030109,Slc6a12,,Mus musculus,10090
ENSMUSG00000030110,Ret,,Mus musculus,10090
ENSMUSG00000030111,A2m,,Mus musculus,10090
ENSMUSG00000030114,Klrg1,,Mus musculus,10090
ENSMUSG00000030116,Mfap5,,Mus musculus,10090
ENSMUSG00000030117,Gdf3,,Mus musculus,10090
ENSMUSG00000030120,Mlf2,,Mus musculus,10090
ENSMUSG00000030122,Ptms,,Mus musculus,10090
ENSMUSG00000030123,Plxnd1,,Mus musculus,10090
ENSMUSG00000030124,Lag3,,Mus musculus,10090
ENSMUSG00000030125,Lrrc23,,Mus musculus,10090
ENSMUSG00000030127,Cops7a,,Mus musculus,10090
ENSMUSG00000030137,Tuba8,,Mus musculus,10090
ENSMUSG00000030138,Bms1,,Mus musculus,10090
ENSMUSG00000030142,Clec4e,,Mus musculus,10090
ENSMUSG00000030144,Clec4d,,Mus musculus,10090
ENSMUSG00000030147,Clec4b1,,Mus musculus,10090
ENSMUSG00000030148,Clec4a2,,Mus musculus,10090
ENSMUSG00000030149,Klrk1,,Mus musculus,10090
ENSMUSG00000030154,Klrb1f,,Mus musculus,10090
ENSMUSG00000030157,Clec2d,,Mus musculus,10090
ENSMUSG00000030159,Clec1b,,Mus musculus,10090
ENSMUSG00000030162,Olr1,,Mus musculus,10090
ENSMUSG00000030165,Klrd1,,Mus musculus,10090
ENSMUSG00000030166,Rad52,,Mus musculus,10090
ENSMUSG00000030167,Klrc1,,Mus musculus,10090
ENSMUSG00000030168,Adipor2,,Mus musculus,10090
ENSMUSG00000030170,Wnt5b,,Mus musculus,10090
ENSMUSG00000030172,Erc1,,Mus musculus,10090
ENSMUSG00000030173,Klra5,,Mus musculus,10090
ENSMUSG00000030177,Ccdc77,,Mus musculus,10090
ENSMUSG00000030180,Kdm5a,,Mus musculus,10090
ENSMUSG00000030187,Klra2,,Mus musculus,10090
ENSMUSG00000030188,Magohb,,Mus musculus,10090
ENSMUSG00000030189,Ybx3,,Mus musculus,10090
ENSMUSG00000030199,Etv6,,Mus musculus,10090
ENSMUSG00000030200,Bcl2l14,,Mus musculus,10090
ENSMUSG00000030201,Lrp6,,Mus musculus,10090
ENSMUSG00000030203,Dusp16,,Mus musculus,10090
ENSMUSG00000030204,Ddx47,,Mus musculus,10090
ENSMUSG00000030205,Gprc5d,,Mus musculus,10090
ENSMUSG00000030206,Gsg1,,Mus musculus,10090
ENSMUSG00000030207,Fam234b,,Mus musculus,10090
ENSMUSG00000030208,Emp1,,Mus musculus,10090
ENSMUSG00000030209,Grin2b,,Mus musculus,10090
ENSMUSG00000030213,Atf7ip,,Mus musculus,10090
ENSMUSG00000030214,Plbd1,,Mus musculus,10090
ENSMUSG00000030216,Wbp11,,Mus musculus,10090
ENSMUSG00000030217,Art4,,Mus musculus,10090
ENSMUSG00000030218,Mgp,,Mus musculus,10090
ENSMUSG00000030220,Arhgdib,,Mus musculus,10090
ENSMUSG00000030222,Rerg,,Mus musculus,10090
ENSMUSG00000030223,Ptpro,,Mus musculus,10090
ENSMUSG00000030224,Strap,,Mus musculus,10090
ENSMUSG00000030225,Dera,,Mus musculus,10090
ENSMUSG00000030228,Pik3c2g,,Mus musculus,10090
ENSMUSG00000030230,Plcz1,,Mus musculus,10090
ENSMUSG00000030231,Plekha5,,Mus musculus,10090
ENSMUSG00000030232,Aebp2,,Mus musculus,10090
ENSMUSG00000030235,Slco1c1,,Mus musculus,10090
ENSMUSG00000030236,Slco1b2,,Mus musculus,10090
ENSMUSG00000030237,Slco1a4,,Mus musculus,10090
ENSMUSG00000030243,Recql,,Mus musculus,10090
ENSMUSG00000030244,Gys2,,Mus musculus,10090
ENSMUSG00000030245,Golt1b,,Mus musculus,10090
ENSMUSG00000030246,Ldhb,,Mus musculus,10090
ENSMUSG00000030247,Kcnj8,,Mus musculus,10090
ENSMUSG00000030249,Abcc9,,Mus musculus,10090
ENSMUSG00000030254,Rad18,,Mus musculus,10090
ENSMUSG00000030255,Sspn,,Mus musculus,10090
ENSMUSG00000030256,Bhlhe41,,Mus musculus,10090
ENSMUSG00000030257,Srgap3,,Mus musculus,10090
ENSMUSG00000030259,Rassf8,,Mus musculus,10090
ENSMUSG00000030263,Lrmp,,Mus musculus,10090
ENSMUSG00000030264,Thumpd3,,Mus musculus,10090
ENSMUSG00000030265,Kras,,Mus musculus,10090
ENSMUSG00000030268,Bcat1,,Mus musculus,10090
ENSMUSG00000030269,Mtmr14,,Mus musculus,10090
ENSMUSG00000030271,Ogg1,,Mus musculus,10090
ENSMUSG00000030272,Camk1,,Mus musculus,10090
ENSMUSG00000030275,Etnk1,,Mus musculus,10090
ENSMUSG00000030276,Ttll3,,Mus musculus,10090
ENSMUSG00000030278,Cidec,,Mus musculus,10090
ENSMUSG00000030282,Cmas,,Mus musculus,10090
ENSMUSG00000030283,St8sia1,,Mus musculus,10090
ENSMUSG00000030284,Creld1,,Mus musculus,10090
ENSMUSG00000030286,Emc3,,Mus musculus,10090
ENSMUSG00000030287,Itpr2,,Mus musculus,10090
ENSMUSG00000030291,Med21,,Mus musculus,10090
ENSMUSG00000030298,Sec13,,Mus musculus,10090
ENSMUSG00000030301,Ccdc91,,Mus musculus,10090
ENSMUSG00000030302,Atp2b2,,Mus musculus,10090
ENSMUSG00000030304,Ergic2,,Mus musculus,10090
ENSMUSG00000030309,Caprin2,,Mus musculus,10090
ENSMUSG00000030310,Slc6a1,,Mus musculus,10090
ENSMUSG00000030314,Atg7,,Mus musculus,10090
ENSMUSG00000030315,Vgll4,,Mus musculus,10090
ENSMUSG00000030316,Tamm41,,Mus musculus,10090
ENSMUSG00000030317,Timp4,,Mus musculus,10090
ENSMUSG00000030322,Mbd4,,Mus musculus,10090
ENSMUSG00000030323,Ift122,,Mus musculus,10090
ENSMUSG00000030324,Rho,,Mus musculus,10090
ENSMUSG00000030325,Klrb1c,,Mus musculus,10090
ENSMUSG00000030327,Necap1,,Mus musculus,10090
ENSMUSG00000030330,Ing4,,Mus musculus,10090
ENSMUSG00000030335,Mrpl51,,Mus musculus,10090
ENSMUSG00000030336,Cd27,,Mus musculus,10090
ENSMUSG00000030337,Vamp1,,Mus musculus,10090
ENSMUSG00000030339,Ltbr,,Mus musculus,10090
ENSMUSG00000030340,Scnn1a,,Mus musculus,10090
ENSMUSG00000030341,Tnfrsf1a,,Mus musculus,10090
ENSMUSG00000030342,Cd9,,Mus musculus,10090
ENSMUSG00000030344,Akap3,,Mus musculus,10090
ENSMUSG00000030346,Rad51ap1,,Mus musculus,10090
ENSMUSG00000030347,D6Wsu163e,,Mus musculus,10090
ENSMUSG00000030352,Tspan9,,Mus musculus,10090
ENSMUSG00000030353,Tead4,,Mus musculus,10090
ENSMUSG00000030357,Fkbp4,,Mus musculus,10090
ENSMUSG00000030359,Pzp,,Mus musculus,10090
ENSMUSG00000030361,Klrb1a,,Mus musculus,10090
ENSMUSG00000030364,Clec2h,,Mus musculus,10090
ENSMUSG00000030365,Clec2i,,Mus musculus,10090
ENSMUSG00000030366,Ceacam12,,Mus musculus,10090
ENSMUSG00000030368,Ceacam11,,Mus musculus,10090
ENSMUSG00000030373,Psg28,,Mus musculus,10090
ENSMUSG00000030374,Strn4,,Mus musculus,10090
ENSMUSG00000030376,Slc8a2,,Mus musculus,10090
ENSMUSG00000030380,Mzf1,,Mus musculus,10090
ENSMUSG00000030382,Slc27a5,,Mus musculus,10090
ENSMUSG00000030393,Zik1,,Mus musculus,10090
ENSMUSG00000030397,Mark4,,Mus musculus,10090
ENSMUSG00000030399,Ckm,,Mus musculus,10090
ENSMUSG00000030400,Ercc2,,Mus musculus,10090
ENSMUSG00000030401,Rtn2,,Mus musculus,10090
ENSMUSG00000030403,Vasp,,Mus musculus,10090
ENSMUSG00000030407,Qpctl,,Mus musculus,10090
ENSMUSG00000030409,Dmpk,,Mus musculus,10090
ENSMUSG00000030413,Pglyrp1,,Mus musculus,10090
ENSMUSG00000030421,Uri1,,Mus musculus,10090
ENSMUSG00000030423,Pop4,,Mus musculus,10090
ENSMUSG00000030428,Ttyh1,,Mus musculus,10090
ENSMUSG00000030435,U2af2,,Mus musculus,10090
ENSMUSG00000030447,Cyfip1,,Mus musculus,10090
ENSMUSG00000030450,Oca2,,Mus musculus,10090
ENSMUSG00000030451,Herc2,,Mus musculus,10090
ENSMUSG00000030452,Nipa2,,Mus musculus,10090
ENSMUSG00000030463,4933421I07Rik,,Mus musculus,10090
ENSMUSG00000030465,Psd3,,Mus musculus,10090
ENSMUSG00000030470,Csrp3,,Mus musculus,10090
ENSMUSG00000030474,Siglece,,Mus musculus,10090
ENSMUSG00000030483,Cyp2b10,,Mus musculus,10090
ENSMUSG00000030486,Zfp108,,Mus musculus,10090
ENSMUSG00000030492,Slc7a9,,Mus musculus,10090
ENSMUSG00000030493,Faap24,,Mus musculus,10090
ENSMUSG00000030494,Rhpn2,,Mus musculus,10090
ENSMUSG00000030495,Slc7a10,,Mus musculus,10090
ENSMUSG00000030498,Gas2,,Mus musculus,10090
ENSMUSG00000030500,Slc17a6,,Mus musculus,10090
ENSMUSG00000030505,Prmt3,,Mus musculus,10090
ENSMUSG00000030509,Asb7,,Mus musculus,10090
ENSMUSG00000030512,Snrpa1,,Mus musculus,10090
ENSMUSG00000030513,Pcsk6,,Mus musculus,10090
ENSMUSG00000030516,Tjp1,,Mus musculus,10090
ENSMUSG00000030519,Apba2,,Mus musculus,10090
ENSMUSG00000030521,Mphosph10,,Mus musculus,10090
ENSMUSG00000030522,Mtmr10,,Mus musculus,10090
ENSMUSG00000030523,Trpm1,,Mus musculus,10090
ENSMUSG00000030525,Chrna7,,Mus musculus,10090
ENSMUSG00000030527,Crtc3,,Mus musculus,10090
ENSMUSG00000030528,Blm,,Mus musculus,10090
ENSMUSG00000030530,Furin,,Mus musculus,10090
ENSMUSG00000030533,Unc45a,,Mus musculus,10090
ENSMUSG00000030534,Vps33b,,Mus musculus,10090
ENSMUSG00000030536,Iqgap1,,Mus musculus,10090
ENSMUSG00000030538,Cib1,,Mus musculus,10090
ENSMUSG00000030539,Sema4b,,Mus musculus,10090
ENSMUSG00000030541,Idh2,,Mus musculus,10090
ENSMUSG00000030543,Mesp2,,Mus musculus,10090
ENSMUSG00000030544,Mesp1,,Mus musculus,10090
ENSMUSG00000030545,Pex11a,,Mus musculus,10090
ENSMUSG00000030549,Rhcg,,Mus musculus,10090
ENSMUSG00000030551,Nr2f2,,Mus musculus,10090
ENSMUSG00000030555,Ttc23,,Mus musculus,10090
ENSMUSG00000030557,Mef2a,,Mus musculus,10090
ENSMUSG00000030559,Rab38,,Mus musculus,10090
ENSMUSG00000030560,Ctsc,,Mus musculus,10090
ENSMUSG00000030562,Nox4,,Mus musculus,10090
ENSMUSG00000030577,Cd22,,Mus musculus,10090
ENSMUSG00000030579,Tyrobp,,Mus musculus,10090
ENSMUSG00000030584,Dpf1,,Mus musculus,10090
ENSMUSG00000030589,Rasgrp4,,Mus musculus,10090
ENSMUSG00000030590,Fam98c,,Mus musculus,10090
ENSMUSG00000030591,Psmd8,,Mus musculus,10090
ENSMUSG00000030592,Ryr1,,Mus musculus,10090
ENSMUSG00000030595,Nfkbib,,Mus musculus,10090
ENSMUSG00000030598,Fbxo17,,Mus musculus,10090
ENSMUSG00000030600,Lrfn1,,Mus musculus,10090
ENSMUSG00000030603,Psmc4,,Mus musculus,10090
ENSMUSG00000030604,Zfp626,,Mus musculus,10090
ENSMUSG00000030605,Mfge8,,Mus musculus,10090
ENSMUSG00000030607,Acan,,Mus musculus,10090
ENSMUSG00000030609,Aen,,Mus musculus,10090
ENSMUSG00000030611,Mrps11,,Mus musculus,10090
ENSMUSG00000030612,Mrpl46,,Mus musculus,10090
ENSMUSG00000030613,Ccdc90b,,Mus musculus,10090
ENSMUSG00000030615,Tmem126a,,Mus musculus,10090
ENSMUSG00000030616,Sytl2,,Mus musculus,10090
ENSMUSG00000030619,Eed,,Mus musculus,10090
ENSMUSG00000030623,Prss23os,,Mus musculus,10090
ENSMUSG00000030629,Zfand6,,Mus musculus,10090
ENSMUSG00000030630,Fah,,Mus musculus,10090
ENSMUSG00000030638,Sh3gl3,,Mus musculus,10090
ENSMUSG00000030643,Rab30,,Mus musculus,10090
ENSMUSG00000030647,Ndufc2,,Mus musculus,10090
ENSMUSG00000030649,Anapc15,,Mus musculus,10090
ENSMUSG00000030651,Art2b,,Mus musculus,10090
ENSMUSG00000030652,Coq7,,Mus musculus,10090
ENSMUSG00000030654,Arl6ip1,,Mus musculus,10090
ENSMUSG00000030655,Smg1,,Mus musculus,10090
ENSMUSG00000030659,Nucb2,,Mus musculus,10090
ENSMUSG00000030660,Pik3c2a,,Mus musculus,10090
ENSMUSG00000030662,Ipo5,,Mus musculus,10090
ENSMUSG00000030666,Calcb,,Mus musculus,10090
ENSMUSG00000030669,Calca,,Mus musculus,10090
ENSMUSG00000030672,Mylpf,,Mus musculus,10090
ENSMUSG00000030674,Qprt,,Mus musculus,10090
ENSMUSG00000030677,Kif22,,Mus musculus,10090
ENSMUSG00000030678,Maz,,Mus musculus,10090
ENSMUSG00000030681,Mvp,,Mus musculus,10090
ENSMUSG00000030682,Cdipt,,Mus musculus,10090
ENSMUSG00000030683,Sez6l2,,Mus musculus,10090
ENSMUSG00000030688,Stard10,,Mus musculus,10090
ENSMUSG00000030689,Ino80e,,Mus musculus,10090
ENSMUSG00000030693,Klk10,,Mus musculus,10090
ENSMUSG00000030695,Aldoa,,Mus musculus,10090
ENSMUSG00000030697,Ppp4c,,Mus musculus,10090
ENSMUSG00000030699,Tbx6,,Mus musculus,10090
ENSMUSG00000030701,Plekhb1,,Mus musculus,10090
ENSMUSG00000030703,Gdpd3,,Mus musculus,10090
ENSMUSG00000030704,Rab6a,,Mus musculus,10090
ENSMUSG00000030707,Coro1a,,Mus musculus,10090
ENSMUSG00000030708,Dnajb13,,Mus musculus,10090
ENSMUSG00000030711,Sult1a1,,Mus musculus,10090
ENSMUSG00000030713,Klk7,,Mus musculus,10090
ENSMUSG00000030714,Sgf29,,Mus musculus,10090
ENSMUSG00000030717,Nupr1,,Mus musculus,10090
ENSMUSG00000030718,Ppme1,,Mus musculus,10090
ENSMUSG00000030720,Cln3,,Mus musculus,10090
ENSMUSG00000030722,Nfatc2ip,,Mus musculus,10090
ENSMUSG00000030724,Cd19,,Mus musculus,10090
ENSMUSG00000030725,Lipt2,,Mus musculus,10090
ENSMUSG00000030726,Pold3,,Mus musculus,10090
ENSMUSG00000030727,Rabep2,,Mus musculus,10090
ENSMUSG00000030730,Atp2a1,,Mus musculus,10090
ENSMUSG00000030731,Syt3,,Mus musculus,10090
ENSMUSG00000030732,Chrdl2,,Mus musculus,10090
ENSMUSG00000030733,Sh2b1,,Mus musculus,10090
ENSMUSG00000030738,Eif3c,,Mus musculus,10090
ENSMUSG00000030739,Myh14,,Mus musculus,10090
ENSMUSG00000030741,Spns1,,Mus musculus,10090
ENSMUSG00000030742,Lat,,Mus musculus,10090
ENSMUSG00000030745,Il21r,,Mus musculus,10090
ENSMUSG00000030747,Dgat2,,Mus musculus,10090
ENSMUSG00000030748,Il4ra,,Mus musculus,10090
ENSMUSG00000030750,Nsmce1,,Mus musculus,10090
ENSMUSG00000030751,Psma1,,Mus musculus,10090
ENSMUSG00000030752,Kdm8,,Mus musculus,10090
ENSMUSG00000030753,Thap12,,Mus musculus,10090
ENSMUSG00000030754,Copb1,,Mus musculus,10090
ENSMUSG00000030759,Far1,,Mus musculus,10090
ENSMUSG00000030761,Myo7a,,Mus musculus,10090
ENSMUSG00000030762,Aqp8,,Mus musculus,10090
ENSMUSG00000030763,Lcmt1,,Mus musculus,10090
ENSMUSG00000030766,Arhgap17,,Mus musculus,10090
ENSMUSG00000030769,Slc5a11,,Mus musculus,10090
ENSMUSG00000030770,Parva,,Mus musculus,10090
ENSMUSG00000030772,Dkk3,,Mus musculus,10090
ENSMUSG00000030774,Pak1,,Mus musculus,10090
ENSMUSG00000030775,Trat1,,Mus musculus,10090
ENSMUSG00000030779,Rbbp6,,Mus musculus,10090
ENSMUSG00000030780,BC017158,,Mus musculus,10090
ENSMUSG00000030781,Slc5a2,,Mus musculus,10090
ENSMUSG00000030782,Tgfb1i1,,Mus musculus,10090
ENSMUSG00000030785,Cox6a2,,Mus musculus,10090
ENSMUSG00000030787,Lyve1,,Mus musculus,10090
ENSMUSG00000030788,Rnf141,,Mus musculus,10090
ENSMUSG00000030789,Itgax,,Mus musculus,10090
ENSMUSG00000030790,Adm,,Mus musculus,10090
ENSMUSG00000030792,Dkkl1,,Mus musculus,10090
ENSMUSG00000030793,Pycard,,Mus musculus,10090
ENSMUSG00000030795,Fus,,Mus musculus,10090
ENSMUSG00000030796,Tead2,,Mus musculus,10090
ENSMUSG00000030798,Cd37,,Mus musculus,10090
ENSMUSG00000030800,Prss8,,Mus musculus,10090
ENSMUSG00000030802,Bckdk,,Mus musculus,10090
ENSMUSG00000030805,Stx4a,,Mus musculus,10090
ENSMUSG00000030806,Stx1b,,Mus musculus,10090
ENSMUSG00000030815,Phkg2,,Mus musculus,10090
ENSMUSG00000030822,Prr14,,Mus musculus,10090
ENSMUSG00000030824,Nucb1,,Mus musculus,10090
ENSMUSG00000030826,Bcat2,,Mus musculus,10090
ENSMUSG00000030827,Fgf21,,Mus musculus,10090
ENSMUSG00000030830,Itgal,,Mus musculus,10090
ENSMUSG00000030834,Abcc6,,Mus musculus,10090
ENSMUSG00000030835,Nomo1,,Mus musculus,10090
ENSMUSG00000030838,Ush1c,,Mus musculus,10090
ENSMUSG00000030839,Sergef,,Mus musculus,10090
ENSMUSG00000030844,Rgs10,,Mus musculus,10090
ENSMUSG00000030846,Tial1,,Mus musculus,10090
ENSMUSG00000030847,Bag3,,Mus musculus,10090
ENSMUSG00000030849,Fgfr2,,Mus musculus,10090
ENSMUSG00000030850,Ate1,,Mus musculus,10090
ENSMUSG00000030851,Ldhc,,Mus musculus,10090
ENSMUSG00000030852,Tacc2,,Mus musculus,10090
ENSMUSG00000030854,Ptpn5,,Mus musculus,10090
ENSMUSG00000030861,Acadsb,,Mus musculus,10090
ENSMUSG00000030862,Cpxm2,,Mus musculus,10090
ENSMUSG00000030866,Ern2,,Mus musculus,10090
ENSMUSG00000030867,Plk1,,Mus musculus,10090
ENSMUSG00000030868,Dctn5,,Mus musculus,10090
ENSMUSG00000030869,Ndufab1,,Mus musculus,10090
ENSMUSG00000030870,Ubfd1,,Mus musculus,10090
ENSMUSG00000030871,Ears2,,Mus musculus,10090
ENSMUSG00000030872,Gga2,,Mus musculus,10090
ENSMUSG00000030873,Scnn1b,,Mus musculus,10090
ENSMUSG00000030876,Mettl9,,Mus musculus,10090
ENSMUSG00000030878,Cdr2,,Mus musculus,10090
ENSMUSG00000030879,Mrpl17,,Mus musculus,10090
ENSMUSG00000030880,Polr3e,,Mus musculus,10090
ENSMUSG00000030881,Arfip2,,Mus musculus,10090
ENSMUSG00000030884,Uqcrc2,,Mus musculus,10090
ENSMUSG00000030887,Pdzd9,,Mus musculus,10090
ENSMUSG00000030888,Rrp8,,Mus musculus,10090
ENSMUSG00000030890,Ilk,,Mus musculus,10090
ENSMUSG00000030894,Tpp1,,Mus musculus,10090
ENSMUSG00000030895,Hpx,,Mus musculus,10090
ENSMUSG00000030898,Cckbr,,Mus musculus,10090
ENSMUSG00000030905,Crym,,Mus musculus,10090
ENSMUSG00000030911,Zp2,,Mus musculus,10090
ENSMUSG00000030917,Tmem159,,Mus musculus,10090
ENSMUSG00000030921,Trim30a,,Mus musculus,10090
ENSMUSG00000030922,Lyrm1,,Mus musculus,10090
ENSMUSG00000030929,Eri2,,Mus musculus,10090
ENSMUSG00000030930,Chst15,,Mus musculus,10090
ENSMUSG00000030934,Oat,,Mus musculus,10090
ENSMUSG00000030935,Acsm3,,Mus musculus,10090
ENSMUSG00000030942,Thumpd1,,Mus musculus,10090
ENSMUSG00000030945,Acsm2,,Mus musculus,10090
ENSMUSG00000030946,Lhpp,,Mus musculus,10090
ENSMUSG00000030954,Gp2,,Mus musculus,10090
ENSMUSG00000030963,Umod,,Mus musculus,10090
ENSMUSG00000030966,Trim21,,Mus musculus,10090
ENSMUSG00000030967,Zranb1,,Mus musculus,10090
ENSMUSG00000030970,Ctbp2,,Mus musculus,10090
ENSMUSG00000030978,Rrm1,,Mus musculus,10090
ENSMUSG00000030979,Uros,,Mus musculus,10090
ENSMUSG00000030980,Knop1,,Mus musculus,10090
ENSMUSG00000030982,Vps35l,,Mus musculus,10090
ENSMUSG00000030983,Bccip,,Mus musculus,10090
ENSMUSG00000030986,Dhx32,,Mus musculus,10090
ENSMUSG00000030987,Stim1,,Mus musculus,10090
ENSMUSG00000030996,Art1,,Mus musculus,10090
ENSMUSG00000031004,Mki67,,Mus musculus,10090
ENSMUSG00000031007,Atp6ap2,,Mus musculus,10090
ENSMUSG00000031010,Usp9x,,Mus musculus,10090
ENSMUSG00000031012,Cask,,Mus musculus,10090
ENSMUSG00000031015,Swap70,,Mus musculus,10090
ENSMUSG00000031016,Wee1,,Mus musculus,10090
ENSMUSG00000031021,Tmem9b,,Mus musculus,10090
ENSMUSG00000031023,Akip1,,Mus musculus,10090
ENSMUSG00000031024,St5,,Mus musculus,10090
ENSMUSG00000031028,Tub,,Mus musculus,10090
ENSMUSG00000031029,Eif3f,,Mus musculus,10090
ENSMUSG00000031059,Ndufb11,,Mus musculus,10090
ENSMUSG00000031060,Rbm10,,Mus musculus,10090
ENSMUSG00000031065,Cdk16,,Mus musculus,10090
ENSMUSG00000031066,Usp11,,Mus musculus,10090
ENSMUSG00000031070,Mrgprf,,Mus musculus,10090
ENSMUSG00000031072,LTO1,,Mus musculus,10090
ENSMUSG00000031073,Fgf15,,Mus musculus,10090
ENSMUSG00000031074,Fgf3,,Mus musculus,10090
ENSMUSG00000031075,Ano1,,Mus musculus,10090
ENSMUSG00000031077,Fadd,,Mus musculus,10090
ENSMUSG00000031078,Cttn,,Mus musculus,10090
ENSMUSG00000031089,Slc6a14,,Mus musculus,10090
ENSMUSG00000031095,Cul4b,,Mus musculus,10090
ENSMUSG00000031097,Tnni2,,Mus musculus,10090
ENSMUSG00000031098,Syt8,,Mus musculus,10090
ENSMUSG00000031099,Smarca1,,Mus musculus,10090
ENSMUSG00000031101,Sash3,,Mus musculus,10090
ENSMUSG00000031103,Elf4,,Mus musculus,10090
ENSMUSG00000031104,Rab33a,,Mus musculus,10090
ENSMUSG00000031105,Slc25a14,,Mus musculus,10090
ENSMUSG00000031109,Enox2,,Mus musculus,10090
ENSMUSG00000031112,Stk26,,Mus musculus,10090
ENSMUSG00000031119,Gpc4,,Mus musculus,10090
ENSMUSG00000031130,Brs3,,Mus musculus,10090
ENSMUSG00000031131,Vgll1,,Mus musculus,10090
ENSMUSG00000031132,Cd40lg,,Mus musculus,10090
ENSMUSG00000031134,Rbmx,,Mus musculus,10090
ENSMUSG00000031137,Fgf13,,Mus musculus,10090
ENSMUSG00000031138,F9,,Mus musculus,10090
ENSMUSG00000031139,Mcf2,,Mus musculus,10090
ENSMUSG00000031142,Cacna1f,,Mus musculus,10090
ENSMUSG00000031143,Ccdc22,,Mus musculus,10090
ENSMUSG00000031144,Syp,,Mus musculus,10090
ENSMUSG00000031145,Prickle3,,Mus musculus,10090
ENSMUSG00000031147,Magix,,Mus musculus,10090
ENSMUSG00000031150,Ccdc120,,Mus musculus,10090
ENSMUSG00000031153,Gripap1,,Mus musculus,10090
ENSMUSG00000031154,Otud5,,Mus musculus,10090
ENSMUSG00000031156,Slc35a2,,Mus musculus,10090
ENSMUSG00000031157,Pqbp1,,Mus musculus,10090
ENSMUSG00000031158,Timm17b,,Mus musculus,10090
ENSMUSG00000031160,Eras,,Mus musculus,10090
ENSMUSG00000031161,Hdac6,,Mus musculus,10090
ENSMUSG00000031162,Gata1,,Mus musculus,10090
ENSMUSG00000031165,Was,,Mus musculus,10090
ENSMUSG00000031166,Wdr13,,Mus musculus,10090
ENSMUSG00000031168,Ebp,,Mus musculus,10090
ENSMUSG00000031170,Slc38a5,,Mus musculus,10090
ENSMUSG00000031171,Ftsj1,,Mus musculus,10090
ENSMUSG00000031173,Otc,,Mus musculus,10090
ENSMUSG00000031174,Rpgr,,Mus musculus,10090
ENSMUSG00000031176,Dynlt3,,Mus musculus,10090
ENSMUSG00000031189,Aff2,,Mus musculus,10090
ENSMUSG00000031196,F8,,Mus musculus,10090
ENSMUSG00000031197,Vbp1,,Mus musculus,10090
ENSMUSG00000031198,Fundc2,,Mus musculus,10090
ENSMUSG00000031200,Mtcp1,,Mus musculus,10090
ENSMUSG00000031201,Brcc3,,Mus musculus,10090
ENSMUSG00000031204,Asb12,,Mus musculus,10090
ENSMUSG00000031207,Msn,,Mus musculus,10090
ENSMUSG00000031209,Heph,,Mus musculus,10090
ENSMUSG00000031214,Ophn1,,Mus musculus,10090
ENSMUSG00000031216,Stard8,,Mus musculus,10090
ENSMUSG00000031217,Efnb1,,Mus musculus,10090
ENSMUSG00000031221,Igbp1,,Mus musculus,10090
ENSMUSG00000031227,Magee1,,Mus musculus,10090
ENSMUSG00000031229,Atrx,,Mus musculus,10090
ENSMUSG00000031230,Fgf16,,Mus musculus,10090
ENSMUSG00000031232,Magt1,,Mus musculus,10090
ENSMUSG00000031233,Pgk2,,Mus musculus,10090
ENSMUSG00000031239,Itm2a,,Mus musculus,10090
ENSMUSG00000031242,2610002M06Rik,,Mus musculus,10090
ENSMUSG00000031245,Hmgn5,,Mus musculus,10090
ENSMUSG00000031246,Sh3bgrl,,Mus musculus,10090
ENSMUSG00000031250,Tnmd,,Mus musculus,10090
ENSMUSG00000031253,Srpx2,,Mus musculus,10090
ENSMUSG00000031255,Sytl4,,Mus musculus,10090
ENSMUSG00000031256,Cstf2,,Mus musculus,10090
ENSMUSG00000031264,Btk,,Mus musculus,10090
ENSMUSG00000031266,Gla,,Mus musculus,10090
ENSMUSG00000031273,Col4a6,,Mus musculus,10090
ENSMUSG00000031274,Col4a5,,Mus musculus,10090
ENSMUSG00000031278,Acsl4,,Mus musculus,10090
ENSMUSG00000031283,Chrdl1,,Mus musculus,10090
ENSMUSG00000031284,Pak3,,Mus musculus,10090
ENSMUSG00000031285,Dcx,,Mus musculus,10090
ENSMUSG00000031289,Il13ra2,,Mus musculus,10090
ENSMUSG00000031293,Rs1,,Mus musculus,10090
ENSMUSG00000031295,Phka2,,Mus musculus,10090
ENSMUSG00000031297,Slc7a3,,Mus musculus,10090
ENSMUSG00000031299,Pdha1,,Mus musculus,10090
ENSMUSG00000031304,Il2rg,,Mus musculus,10090
ENSMUSG00000031309,Rps6ka3,,Mus musculus,10090
ENSMUSG00000031310,Zmym3,,Mus musculus,10090
ENSMUSG00000031311,Nono,,Mus musculus,10090
ENSMUSG00000031312,Itgb1bp2,,Mus musculus,10090
ENSMUSG00000031326,Cdx4,,Mus musculus,10090
ENSMUSG00000031327,Chic1,,Mus musculus,10090
ENSMUSG00000031328,Flna,,Mus musculus,10090
ENSMUSG00000031329,Tsx,,Mus musculus,10090
ENSMUSG00000031333,Abcb7,,Mus musculus,10090
ENSMUSG00000031337,Mtm1,,Mus musculus,10090
ENSMUSG00000031340,Gabre,,Mus musculus,10090
ENSMUSG00000031342,Gpm6b,,Mus musculus,10090
ENSMUSG00000031343,Gabra3,,Mus musculus,10090
ENSMUSG00000031344,Gabrq,,Mus musculus,10090
ENSMUSG00000031347,Cetn2,,Mus musculus,10090
ENSMUSG00000031349,Nsdhl,,Mus musculus,10090
ENSMUSG00000031351,Zfp185,,Mus musculus,10090
ENSMUSG00000031352,Hccs,,Mus musculus,10090
ENSMUSG00000031353,Rbbp7,,Mus musculus,10090
ENSMUSG00000031354,Amelx,,Mus musculus,10090
ENSMUSG00000031355,Arhgap6,,Mus musculus,10090
ENSMUSG00000031357,Syap1,,Mus musculus,10090
ENSMUSG00000031358,Msl3,,Mus musculus,10090
ENSMUSG00000031360,Ctps2,,Mus musculus,10090
ENSMUSG00000031364,Grpr,,Mus musculus,10090
ENSMUSG00000031365,Zfp275,,Mus musculus,10090
ENSMUSG00000031367,Ap1s2,,Mus musculus,10090
ENSMUSG00000031370,Zrsr2,,Mus musculus,10090
ENSMUSG00000031371,Haus7,,Mus musculus,10090
ENSMUSG00000031372,Trex2,,Mus musculus,10090
ENSMUSG00000031373,Car5b,,Mus musculus,10090
ENSMUSG00000031374,Zfp92,,Mus musculus,10090
ENSMUSG00000031375,Bgn,,Mus musculus,10090
ENSMUSG00000031377,Bmx,,Mus musculus,10090
ENSMUSG00000031378,Abcd1,,Mus musculus,10090
ENSMUSG00000031380,Vegfd,,Mus musculus,10090
ENSMUSG00000031381,Piga,,Mus musculus,10090
ENSMUSG00000031382,Asb11,,Mus musculus,10090
ENSMUSG00000031383,Dusp9,,Mus musculus,10090
ENSMUSG00000031384,Asb9,,Mus musculus,10090
ENSMUSG00000031385,Plxnb3,,Mus musculus,10090
ENSMUSG00000031386,Hcfc1,,Mus musculus,10090
ENSMUSG00000031387,Renbp,,Mus musculus,10090
ENSMUSG00000031389,Arhgap4,,Mus musculus,10090
ENSMUSG00000031390,Avpr2,,Mus musculus,10090
ENSMUSG00000031391,L1cam,,Mus musculus,10090
ENSMUSG00000031392,Irak1,,Mus musculus,10090
ENSMUSG00000031393,Mecp2,,Mus musculus,10090
ENSMUSG00000031394,Opn1mw,,Mus musculus,10090
ENSMUSG00000031397,Tktl1,,Mus musculus,10090
ENSMUSG00000031398,Plxna3,,Mus musculus,10090
ENSMUSG00000031400,G6pdx,,Mus musculus,10090
ENSMUSG00000031402,Mpp1,,Mus musculus,10090
ENSMUSG00000031410,Nxf7,,Mus musculus,10090
ENSMUSG00000031425,Plp1,,Mus musculus,10090
ENSMUSG00000031428,Zcchc18,,Mus musculus,10090
ENSMUSG00000031429,Psmd10,,Mus musculus,10090
ENSMUSG00000031431,Tsc22d3,,Mus musculus,10090
ENSMUSG00000031432,Prps1,,Mus musculus,10090
ENSMUSG00000031434,Morc4,,Mus musculus,10090
ENSMUSG00000031438,Rnf128,,Mus musculus,10090
ENSMUSG00000031441,Atp11a,,Mus musculus,10090
ENSMUSG00000031443,F7,,Mus musculus,10090
ENSMUSG00000031444,F10,,Mus musculus,10090
ENSMUSG00000031445,Proz,,Mus musculus,10090
ENSMUSG00000031446,Cul4a,,Mus musculus,10090
ENSMUSG00000031447,Lamp1,,Mus musculus,10090
ENSMUSG00000031449,Atp4b,,Mus musculus,10090
ENSMUSG00000031450,Grk1,,Mus musculus,10090
ENSMUSG00000031451,Gas6,,Mus musculus,10090
ENSMUSG00000031452,1700029H14Rik,,Mus musculus,10090
ENSMUSG00000031453,Rasa3,,Mus musculus,10090
ENSMUSG00000031458,Coprs,,Mus musculus,10090
ENSMUSG00000031461,Myom2,,Mus musculus,10090
ENSMUSG00000031465,Angpt2,,Mus musculus,10090
ENSMUSG00000031467,Agpat5,,Mus musculus,10090
ENSMUSG00000031471,Defb8,,Mus musculus,10090
ENSMUSG00000031478,Nek3,,Mus musculus,10090
ENSMUSG00000031479,Vps36,,Mus musculus,10090
ENSMUSG00000031480,Thsd1,,Mus musculus,10090
ENSMUSG00000031481,Tpte,,Mus musculus,10090
ENSMUSG00000031482,Slc25a15,,Mus musculus,10090
ENSMUSG00000031485,Plpbp,,Mus musculus,10090
ENSMUSG00000031486,Adgra2,,Mus musculus,10090
ENSMUSG00000031489,Adrb3,,Mus musculus,10090
ENSMUSG00000031490,Eif4ebp1,,Mus musculus,10090
ENSMUSG00000031491,Chrna6,,Mus musculus,10090
ENSMUSG00000031492,Chrnb3,,Mus musculus,10090
ENSMUSG00000031494,Cd209a,,Mus musculus,10090
ENSMUSG00000031495,Cd209d,,Mus musculus,10090
ENSMUSG00000031497,Tnfsf13b,,Mus musculus,10090
ENSMUSG00000031502,Col4a1,,Mus musculus,10090
ENSMUSG00000031503,Col4a2,,Mus musculus,10090
ENSMUSG00000031504,Rab20,,Mus musculus,10090
ENSMUSG00000031505,Naxd,,Mus musculus,10090
ENSMUSG00000031508,Ankrd10,,Mus musculus,10090
ENSMUSG00000031509,1700016D06Rik,,Mus musculus,10090
ENSMUSG00000031511,Arhgef7,,Mus musculus,10090
ENSMUSG00000031513,Leprotl1,,Mus musculus,10090
ENSMUSG00000031516,Dctn6,,Mus musculus,10090
ENSMUSG00000031517,Gpm6a,,Mus musculus,10090
ENSMUSG00000031518,Spata4,,Mus musculus,10090
ENSMUSG00000031519,Asb5,,Mus musculus,10090
ENSMUSG00000031520,Vegfc,,Mus musculus,10090
ENSMUSG00000031523,Dlc1,,Mus musculus,10090
ENSMUSG00000031527,Eri1,,Mus musculus,10090
ENSMUSG00000031532,Saraf,,Mus musculus,10090
ENSMUSG00000031533,Mrps31,,Mus musculus,10090
ENSMUSG00000031534,Smim19,,Mus musculus,10090
ENSMUSG00000031535,Dkk4,,Mus musculus,10090
ENSMUSG00000031536,Polb,,Mus musculus,10090
ENSMUSG00000031537,Ikbkb,,Mus musculus,10090
ENSMUSG00000031538,Plat,,Mus musculus,10090
ENSMUSG00000031539,Ap3m2,,Mus musculus,10090
ENSMUSG00000031540,Kat6a,,Mus musculus,10090
ENSMUSG00000031543,Ank1,,Mus musculus,10090
ENSMUSG00000031545,Gpat4,,Mus musculus,10090
ENSMUSG00000031546,Gins4,,Mus musculus,10090
ENSMUSG00000031548,Sfrp1,,Mus musculus,10090
ENSMUSG00000031549,Ido2,,Mus musculus,10090
ENSMUSG00000031551,Ido1,,Mus musculus,10090
ENSMUSG00000031552,Adam18,,Mus musculus,10090
ENSMUSG00000031553,Adam3,,Mus musculus,10090
ENSMUSG00000031554,Adam5,,Mus musculus,10090
ENSMUSG00000031555,Adam9,,Mus musculus,10090
ENSMUSG00000031556,Tm2d2,,Mus musculus,10090
ENSMUSG00000031557,Plekha2,,Mus musculus,10090
ENSMUSG00000031558,Slit2,,Mus musculus,10090
ENSMUSG00000031561,Tenm3,,Mus musculus,10090
ENSMUSG00000031563,Wwc2,,Mus musculus,10090
ENSMUSG00000031565,Fgfr1,,Mus musculus,10090
ENSMUSG00000031568,Rwdd4a,,Mus musculus,10090
ENSMUSG00000031574,Star,,Mus musculus,10090
ENSMUSG00000031575,Ash2l,,Mus musculus,10090
ENSMUSG00000031576,Kcnu1,,Mus musculus,10090
ENSMUSG00000031577,Tti2,,Mus musculus,10090
ENSMUSG00000031578,Mak16,,Mus musculus,10090
ENSMUSG00000031583,Wrn,,Mus musculus,10090
ENSMUSG00000031584,Gsr,,Mus musculus,10090
ENSMUSG00000031585,Gtf2e2,,Mus musculus,10090
ENSMUSG00000031586,Rbpms,,Mus musculus,10090
ENSMUSG00000031590,Frg1,,Mus musculus,10090
ENSMUSG00000031591,Asah1,,Mus musculus,10090
ENSMUSG00000031592,Pcm1,,Mus musculus,10090
ENSMUSG00000031594,Fgl1,,Mus musculus,10090
ENSMUSG00000031596,Slc7a2,,Mus musculus,10090
ENSMUSG00000031600,Vps37a,,Mus musculus,10090
ENSMUSG00000031601,Cnot7,,Mus musculus,10090
ENSMUSG00000031603,Fgf20,,Mus musculus,10090
ENSMUSG00000031604,Msmo1,,Mus musculus,10090
ENSMUSG00000031605,Klhl2,,Mus musculus,10090
ENSMUSG00000031608,Galnt7,,Mus musculus,10090
ENSMUSG00000031609,Sap30,,Mus musculus,10090
ENSMUSG00000031610,Scrg1,,Mus musculus,10090
ENSMUSG00000031613,Hpgd,,Mus musculus,10090
ENSMUSG00000031616,Ednra,,Mus musculus,10090
ENSMUSG00000031617,Tmem184c,,Mus musculus,10090
ENSMUSG00000031622,Sin3b,,Mus musculus,10090
ENSMUSG00000031627,Irf2,,Mus musculus,10090
ENSMUSG00000031628,Casp3,,Mus musculus,10090
ENSMUSG00000031631,Cfap97,,Mus musculus,10090
ENSMUSG00000031633,Slc25a4,,Mus musculus,10090
ENSMUSG00000031634,Ufsp2,,Mus musculus,10090
ENSMUSG00000031635,Anxa10,,Mus musculus,10090
ENSMUSG00000031636,Pdlim3,,Mus musculus,10090
ENSMUSG00000031639,Tlr3,,Mus musculus,10090
ENSMUSG00000031641,Cbr4,,Mus musculus,10090
ENSMUSG00000031642,Sh3rf1,,Mus musculus,10090
ENSMUSG00000031644,Nek1,,Mus musculus,10090
ENSMUSG00000031645,F11,,Mus musculus,10090
ENSMUSG00000031652,N4bp1,,Mus musculus,10090
ENSMUSG00000031654,Cbln1,,Mus musculus,10090
ENSMUSG00000031659,Adcy7,,Mus musculus,10090
ENSMUSG00000031660,Brd7,,Mus musculus,10090
ENSMUSG00000031661,Nkd1,,Mus musculus,10090
ENSMUSG00000031662,Snx20,,Mus musculus,10090
ENSMUSG00000031665,Sall1,,Mus musculus,10090
ENSMUSG00000031666,Rbl2,,Mus musculus,10090
ENSMUSG00000031667,Aktip,,Mus musculus,10090
ENSMUSG00000031668,Eif2ak3,,Mus musculus,10090
ENSMUSG00000031671,Setd6,,Mus musculus,10090
ENSMUSG00000031672,Got2,,Mus musculus,10090
ENSMUSG00000031673,Cdh11,,Mus musculus,10090
ENSMUSG00000031681,Smad1,,Mus musculus,10090
ENSMUSG00000031691,Tnpo2,,Mus musculus,10090
ENSMUSG00000031696,Vps35,,Mus musculus,10090
ENSMUSG00000031697,Orc6,,Mus musculus,10090
ENSMUSG00000031700,Gpt2,,Mus musculus,10090
ENSMUSG00000031701,Dnaja2,,Mus musculus,10090
ENSMUSG00000031703,Itfg1,,Mus musculus,10090
ENSMUSG00000031706,Rfx1,,Mus musculus,10090
ENSMUSG00000031708,Tecr,,Mus musculus,10090
ENSMUSG00000031710,Ucp1,,Mus musculus,10090
ENSMUSG00000031712,Il15,,Mus musculus,10090
ENSMUSG00000031714,Gab1,,Mus musculus,10090
ENSMUSG00000031715,Smarca5,,Mus musculus,10090
ENSMUSG00000031722,Hp,,Mus musculus,10090
ENSMUSG00000031725,Ces1f,,Mus musculus,10090
ENSMUSG00000031727,Pmfbp1,,Mus musculus,10090
ENSMUSG00000031728,Zfp821,,Mus musculus,10090
ENSMUSG00000031729,Ist1,,Mus musculus,10090
ENSMUSG00000031730,Dhodh,,Mus musculus,10090
ENSMUSG00000031731,Ap1g1,,Mus musculus,10090
ENSMUSG00000031734,Irx3,,Mus musculus,10090
ENSMUSG00000031737,Irx5,,Mus musculus,10090
ENSMUSG00000031738,Irx6,,Mus musculus,10090
ENSMUSG00000031740,Mmp2,,Mus musculus,10090
ENSMUSG00000031748,Gnao1,,Mus musculus,10090
ENSMUSG00000031749,St3gal2,,Mus musculus,10090
ENSMUSG00000031750,Il34,,Mus musculus,10090
ENSMUSG00000031751,Amfr,,Mus musculus,10090
ENSMUSG00000031753,Cog4,,Mus musculus,10090
ENSMUSG00000031755,Bbs2,,Mus musculus,10090
ENSMUSG00000031756,Cenpn,,Mus musculus,10090
ENSMUSG00000031757,Mt4,,Mus musculus,10090
ENSMUSG00000031760,Mt3,,Mus musculus,10090
ENSMUSG00000031762,Mt2,,Mus musculus,10090
ENSMUSG00000031765,Mt1,,Mus musculus,10090
ENSMUSG00000031766,Slc12a3,,Mus musculus,10090
ENSMUSG00000031767,Nudt7,,Mus musculus,10090
ENSMUSG00000031770,Herpud1,,Mus musculus,10090
ENSMUSG00000031772,Cntnap4,,Mus musculus,10090
ENSMUSG00000031774,Fam192a,,Mus musculus,10090
ENSMUSG00000031775,Pllp,,Mus musculus,10090
ENSMUSG00000031776,Arl2bp,,Mus musculus,10090
ENSMUSG00000031778,Cx3cl1,,Mus musculus,10090
ENSMUSG00000031779,Ccl22,,Mus musculus,10090
ENSMUSG00000031780,Ccl17,,Mus musculus,10090
ENSMUSG00000031781,Ciapin1,,Mus musculus,10090
ENSMUSG00000031782,Coq9,,Mus musculus,10090
ENSMUSG00000031785,Adgrg1,,Mus musculus,10090
ENSMUSG00000031787,Katnb1,,Mus musculus,10090
ENSMUSG00000031788,Kifc3,,Mus musculus,10090
ENSMUSG00000031789,Cngb1,,Mus musculus,10090
ENSMUSG00000031790,Mmp15,,Mus musculus,10090
ENSMUSG00000031791,Tmem38a,,Mus musculus,10090
ENSMUSG00000031792,Usb1,,Mus musculus,10090
ENSMUSG00000031796,Cfap20,,Mus musculus,10090
ENSMUSG00000031799,Tpm4,,Mus musculus,10090
ENSMUSG00000031802,Phxr4,,Mus musculus,10090
ENSMUSG00000031803,B3gnt3,,Mus musculus,10090
ENSMUSG00000031805,Jak3,,Mus musculus,10090
ENSMUSG00000031807,Pgls,,Mus musculus,10090
ENSMUSG00000031808,Slc27a1,,Mus musculus,10090
ENSMUSG00000031812,Map1lc3b,,Mus musculus,10090
ENSMUSG00000031813,Mvb12a,,Mus musculus,10090
ENSMUSG00000031818,Cox4i1,,Mus musculus,10090
ENSMUSG00000031819,Emc8,,Mus musculus,10090
ENSMUSG00000031820,Babam1,,Mus musculus,10090
ENSMUSG00000031823,Zdhhc7,,Mus musculus,10090
ENSMUSG00000031824,6430548M08Rik,,Mus musculus,10090
ENSMUSG00000031826,Usp10,,Mus musculus,10090
ENSMUSG00000031827,Cotl1,,Mus musculus,10090
ENSMUSG00000031828,Klhl36,,Mus musculus,10090
ENSMUSG00000031831,Dnaaf1,,Mus musculus,10090
ENSMUSG00000031832,Taf1c,,Mus musculus,10090
ENSMUSG00000031833,Mast3,,Mus musculus,10090
ENSMUSG00000031834,Pik3r2,,Mus musculus,10090
ENSMUSG00000031835,Mbtps1,,Mus musculus,10090
ENSMUSG00000031837,Necab2,,Mus musculus,10090
ENSMUSG00000031838,Ifi30,,Mus musculus,10090
ENSMUSG00000031839,Hsbp1,,Mus musculus,10090
ENSMUSG00000031840,Rab3a,,Mus musculus,10090
ENSMUSG00000031841,Cdh13,,Mus musculus,10090
ENSMUSG00000031843,Mphosph6,,Mus musculus,10090
ENSMUSG00000031844,Hsd17b2,,Mus musculus,10090
ENSMUSG00000031845,Bco1,,Mus musculus,10090
ENSMUSG00000031848,Lsm4,,Mus musculus,10090
ENSMUSG00000031849,Comp,,Mus musculus,10090
ENSMUSG00000031851,Ntpcr,,Mus musculus,10090
ENSMUSG00000031853,Map3k21,,Mus musculus,10090
ENSMUSG00000031858,Mau2,,Mus musculus,10090
ENSMUSG00000031860,Pbx4,,Mus musculus,10090
ENSMUSG00000031861,Lpar2,,Mus musculus,10090
ENSMUSG00000031862,Atp13a1,,Mus musculus,10090
ENSMUSG00000031865,Dctn1,,Mus musculus,10090
ENSMUSG00000031870,Pgr,,Mus musculus,10090
ENSMUSG00000031871,Cdh5,,Mus musculus,10090
ENSMUSG00000031872,Bean1,,Mus musculus,10090
ENSMUSG00000031875,Cmtm3,,Mus musculus,10090
ENSMUSG00000031877,Ces2g,,Mus musculus,10090
ENSMUSG00000031878,Nae1,,Mus musculus,10090
ENSMUSG00000031879,Ciao2b,,Mus musculus,10090
ENSMUSG00000031880,Rrad,,Mus musculus,10090
ENSMUSG00000031881,Cdh16,,Mus musculus,10090
ENSMUSG00000031883,Car7,,Mus musculus,10090
ENSMUSG00000031885,Cbfb,,Mus musculus,10090
ENSMUSG00000031886,Ces2e,,Mus musculus,10090
ENSMUSG00000031887,Tradd,,Mus musculus,10090
ENSMUSG00000031889,D230025D16Rik,,Mus musculus,10090
ENSMUSG00000031891,Hsd11b2,,Mus musculus,10090
ENSMUSG00000031893,Tsnaxip1,,Mus musculus,10090
ENSMUSG00000031896,Ctrl,,Mus musculus,10090
ENSMUSG00000031897,Psmb10,,Mus musculus,10090
ENSMUSG00000031898,Dpep3,,Mus musculus,10090
ENSMUSG00000031902,Nfatc3,,Mus musculus,10090
ENSMUSG00000031903,Pla2g15,,Mus musculus,10090
ENSMUSG00000031904,Slc7a6,,Mus musculus,10090
ENSMUSG00000031906,Smpd3,,Mus musculus,10090
ENSMUSG00000031907,Zfp90,,Mus musculus,10090
ENSMUSG00000031910,Has3,,Mus musculus,10090
ENSMUSG00000031913,Vps4a,,Mus musculus,10090
ENSMUSG00000031916,Cog8,,Mus musculus,10090
ENSMUSG00000031917,Nip7,,Mus musculus,10090
ENSMUSG00000031918,Mtmr2,,Mus musculus,10090
ENSMUSG00000031919,Tmed6,,Mus musculus,10090
ENSMUSG00000031921,Terf2,,Mus musculus,10090
ENSMUSG00000031924,Cyb5b,,Mus musculus,10090
ENSMUSG00000031928,Mre11a,,Mus musculus,10090
ENSMUSG00000031930,Wwp2,,Mus musculus,10090
ENSMUSG00000031931,Ankrd49,,Mus musculus,10090
ENSMUSG00000031932,Gpr83,,Mus musculus,10090
ENSMUSG00000031933,Izumo1r,,Mus musculus,10090
ENSMUSG00000031934,Panx1,,Mus musculus,10090
ENSMUSG00000031935,Med17,,Mus musculus,10090
ENSMUSG00000031938,4931406C07Rik,,Mus musculus,10090
ENSMUSG00000031939,Taf1d,,Mus musculus,10090
ENSMUSG00000031948,Kars,,Mus musculus,10090
ENSMUSG00000031949,Adat1,,Mus musculus,10090
ENSMUSG00000031952,Chst5,,Mus musculus,10090
ENSMUSG00000031953,Tmem170,,Mus musculus,10090
ENSMUSG00000031954,Cfdp1,,Mus musculus,10090
ENSMUSG00000031955,Bcar1,,Mus musculus,10090
ENSMUSG00000031957,Ctrb1,,Mus musculus,10090
ENSMUSG00000031960,Aars,,Mus musculus,10090
ENSMUSG00000031962,Cdh15,,Mus musculus,10090
ENSMUSG00000031965,Tbx20,,Mus musculus,10090
ENSMUSG00000031967,Afg3l1,,Mus musculus,10090
ENSMUSG00000031969,Acad8,,Mus musculus,10090
ENSMUSG00000031970,Dbndd1,,Mus musculus,10090
ENSMUSG00000031971,Ccsap,,Mus musculus,10090
ENSMUSG00000031972,Acta1,,Mus musculus,10090
ENSMUSG00000031974,Abcb10,,Mus musculus,10090
ENSMUSG00000031979,Cog2,,Mus musculus,10090
ENSMUSG00000031980,Agt,,Mus musculus,10090
ENSMUSG00000031981,Capn9,,Mus musculus,10090
ENSMUSG00000031984,2810004N23Rik,,Mus musculus,10090
ENSMUSG00000031985,Gnpat,,Mus musculus,10090
ENSMUSG00000031986,Sprtn,,Mus musculus,10090
ENSMUSG00000031987,Egln1,,Mus musculus,10090
ENSMUSG00000031988,Vps26b,,Mus musculus,10090
ENSMUSG00000031990,Jam3,,Mus musculus,10090
ENSMUSG00000031991,Spata19,,Mus musculus,10090
ENSMUSG00000031993,Snx19,,Mus musculus,10090
ENSMUSG00000031994,Adamts8,,Mus musculus,10090
ENSMUSG00000031995,St14,,Mus musculus,10090
ENSMUSG00000031996,Aplp2,,Mus musculus,10090
ENSMUSG00000031997,Trpc6,,Mus musculus,10090
ENSMUSG00000032000,Birc3,,Mus musculus,10090
ENSMUSG00000032002,Dcun1d5,,Mus musculus,10090
ENSMUSG00000032006,Pdgfd,,Mus musculus,10090
ENSMUSG00000032009,Sesn3,,Mus musculus,10090
ENSMUSG00000032010,Usp2,,Mus musculus,10090
ENSMUSG00000032011,Thy1,,Mus musculus,10090
ENSMUSG00000032012,Nectin1,,Mus musculus,10090
ENSMUSG00000032013,Trim29,,Mus musculus,10090
ENSMUSG00000032014,Oaf,,Mus musculus,10090
ENSMUSG00000032015,Pou2f3,,Mus musculus,10090
ENSMUSG00000032018,Sc5d,,Mus musculus,10090
ENSMUSG00000032021,Crtam,,Mus musculus,10090
ENSMUSG00000032024,Clmp,,Mus musculus,10090
ENSMUSG00000032026,Rexo2,,Mus musculus,10090
ENSMUSG00000032033,Barx2,,Mus musculus,10090
ENSMUSG00000032034,Kcnj5,,Mus musculus,10090
ENSMUSG00000032035,Ets1,,Mus musculus,10090
ENSMUSG00000032038,St3gal4,,Mus musculus,10090
ENSMUSG00000032040,Dcps,,Mus musculus,10090
ENSMUSG00000032041,Tirap,,Mus musculus,10090
ENSMUSG00000032042,Srpr,,Mus musculus,10090
ENSMUSG00000032044,Rpusd4,,Mus musculus,10090
ENSMUSG00000032046,Abhd12,,Mus musculus,10090
ENSMUSG00000032047,Acat1,,Mus musculus,10090
ENSMUSG00000032050,Rdx,,Mus musculus,10090
ENSMUSG00000032051,Fdx1,,Mus musculus,10090
ENSMUSG00000032053,Pou2af1,,Mus musculus,10090
ENSMUSG00000032056,Btg4,,Mus musculus,10090
ENSMUSG00000032058,Ppp2r1b,,Mus musculus,10090
ENSMUSG00000032059,Alg9,,Mus musculus,10090
ENSMUSG00000032060,Cryab,,Mus musculus,10090
ENSMUSG00000032062,2310030G06Rik,,Mus musculus,10090
ENSMUSG00000032064,Dixdc1,,Mus musculus,10090
ENSMUSG00000032065,Tex12,,Mus musculus,10090
ENSMUSG00000032066,Bco2,,Mus musculus,10090
ENSMUSG00000032067,Pts,,Mus musculus,10090
ENSMUSG00000032068,Plet1,,Mus musculus,10090
ENSMUSG00000032076,Cadm1,,Mus musculus,10090
ENSMUSG00000032077,Bud13,,Mus musculus,10090
ENSMUSG00000032078,Zpr1,,Mus musculus,10090
ENSMUSG00000032079,Apoa5,,Mus musculus,10090
ENSMUSG00000032080,Apoa4,,Mus musculus,10090
ENSMUSG00000032081,Apoc3,,Mus musculus,10090
ENSMUSG00000032083,Apoa1,,Mus musculus,10090
ENSMUSG00000032085,Tagln,,Mus musculus,10090
ENSMUSG00000032086,Bace1,,Mus musculus,10090
ENSMUSG00000032087,Dscaml1,,Mus musculus,10090
ENSMUSG00000032089,Il10ra,,Mus musculus,10090
ENSMUSG00000032091,Tmprss4,,Mus musculus,10090
ENSMUSG00000032092,Mpzl2,,Mus musculus,10090
ENSMUSG00000032093,Cd3e,,Mus musculus,10090
ENSMUSG00000032094,Cd3d,,Mus musculus,10090
ENSMUSG00000032096,Arcn1,,Mus musculus,10090
ENSMUSG00000032097,Ddx6,,Mus musculus,10090
ENSMUSG00000032098,Treh,,Mus musculus,10090
ENSMUSG00000032099,Pate4,,Mus musculus,10090
ENSMUSG00000032101,Ddx25,,Mus musculus,10090
ENSMUSG00000032103,Pus3,,Mus musculus,10090
ENSMUSG00000032105,Pdzd3,,Mus musculus,10090
ENSMUSG00000032108,Pate6,,Mus musculus,10090
ENSMUSG00000032109,Nlrx1,,Mus musculus,10090
ENSMUSG00000032110,Acrv1,,Mus musculus,10090
ENSMUSG00000032112,Trappc4,,Mus musculus,10090
ENSMUSG00000032113,Chek1,,Mus musculus,10090
ENSMUSG00000032114,Slc37a4,,Mus musculus,10090
ENSMUSG00000032115,Hyou1,,Mus musculus,10090
ENSMUSG00000032116,Stt3a,,Mus musculus,10090
ENSMUSG00000032118,Fez1,,Mus musculus,10090
ENSMUSG00000032119,Hinfp,,Mus musculus,10090
ENSMUSG00000032120,C2cd2l,,Mus musculus,10090
ENSMUSG00000032121,Tmem218,,Mus musculus,10090
ENSMUSG00000032122,Slc37a2,,Mus musculus,10090
ENSMUSG00000032123,Dpagt1,,Mus musculus,10090
ENSMUSG00000032125,Robo4,,Mus musculus,10090
ENSMUSG00000032126,Hmbs,,Mus musculus,10090
ENSMUSG00000032127,Vps11,,Mus musculus,10090
ENSMUSG00000032131,Abcg4,,Mus musculus,10090
ENSMUSG00000032135,Mcam,,Mus musculus,10090
ENSMUSG00000032171,Pin1,,Mus musculus,10090
ENSMUSG00000032174,Icam5,,Mus musculus,10090
ENSMUSG00000032175,Tyk2,,Mus musculus,10090
ENSMUSG00000032177,Pde4a,,Mus musculus,10090
ENSMUSG00000032178,Ilf3,,Mus musculus,10090
ENSMUSG00000032179,Bmp5,,Mus musculus,10090
ENSMUSG00000032180,Tmed1,,Mus musculus,10090
ENSMUSG00000032181,Scg3,,Mus musculus,10090
ENSMUSG00000032182,Yipf2,,Mus musculus,10090
ENSMUSG00000032184,Lysmd2,,Mus musculus,10090
ENSMUSG00000032185,Carm1,,Mus musculus,10090
ENSMUSG00000032186,Tmod2,,Mus musculus,10090
ENSMUSG00000032187,Smarca4,,Mus musculus,10090
ENSMUSG00000032191,Bcl2l10,,Mus musculus,10090
ENSMUSG00000032192,Gnb5,,Mus musculus,10090
ENSMUSG00000032193,Ldlr,,Mus musculus,10090
ENSMUSG00000032194,Kank2,,Mus musculus,10090
ENSMUSG00000032198,Dock6,,Mus musculus,10090
ENSMUSG00000032199,Polr2m,,Mus musculus,10090
ENSMUSG00000032202,Rab27a,,Mus musculus,10090
ENSMUSG00000032204,Aqp9,,Mus musculus,10090
ENSMUSG00000032207,Lipc,,Mus musculus,10090
ENSMUSG00000032212,Sltm,,Mus musculus,10090
ENSMUSG00000032216,Nedd4,,Mus musculus,10090
ENSMUSG00000032217,Rnf111,,Mus musculus,10090
ENSMUSG00000032218,Ccnb2,,Mus musculus,10090
ENSMUSG00000032220,Myo1e,,Mus musculus,10090
ENSMUSG00000032221,Mns1,,Mus musculus,10090
ENSMUSG00000032224,Fam81a,,Mus musculus,10090
ENSMUSG00000032226,Gcnt3,,Mus musculus,10090
ENSMUSG00000032228,Tcf12,,Mus musculus,10090
ENSMUSG00000032231,Anxa2,,Mus musculus,10090
ENSMUSG00000032232,Cgnl1,,Mus musculus,10090
ENSMUSG00000032235,Ice2,,Mus musculus,10090
ENSMUSG00000032238,Rora,,Mus musculus,10090
ENSMUSG00000032239,Rp9,,Mus musculus,10090
ENSMUSG00000032244,Fem1b,,Mus musculus,10090
ENSMUSG00000032245,Cln6,,Mus musculus,10090
ENSMUSG00000032246,Calml4,,Mus musculus,10090
ENSMUSG00000032249,Anp32a,,Mus musculus,10090
ENSMUSG00000032251,Irak1bp1,,Mus musculus,10090
ENSMUSG00000032252,Glce,,Mus musculus,10090
ENSMUSG00000032253,Phip,,Mus musculus,10090
ENSMUSG00000032254,Kif23,,Mus musculus,10090
ENSMUSG00000032259,Drd2,,Mus musculus,10090
ENSMUSG00000032261,Sh3bgrl2,,Mus musculus,10090
ENSMUSG00000032262,Elovl4,,Mus musculus,10090
ENSMUSG00000032263,Bckdhb,,Mus musculus,10090
ENSMUSG00000032264,Zw10,,Mus musculus,10090
ENSMUSG00000032268,Tmprss5,,Mus musculus,10090
ENSMUSG00000032269,Htr3a,,Mus musculus,10090
ENSMUSG00000032271,Nnmt,,Mus musculus,10090
ENSMUSG00000032274,Cyp19a1,,Mus musculus,10090
ENSMUSG00000032279,Idh3a,,Mus musculus,10090
ENSMUSG00000032280,Tle3,,Mus musculus,10090
ENSMUSG00000032281,Acsbg1,,Mus musculus,10090
ENSMUSG00000032285,Dnaja4,,Mus musculus,10090
ENSMUSG00000032288,Imp3,,Mus musculus,10090
ENSMUSG00000032290,Ptpn9,,Mus musculus,10090
ENSMUSG00000032291,Crabp1,,Mus musculus,10090
ENSMUSG00000032292,Nr2e3,,Mus musculus,10090
ENSMUSG00000032293,Ireb2,,Mus musculus,10090
ENSMUSG00000032294,Pkm,,Mus musculus,10090
ENSMUSG00000032295,Man2c1,,Mus musculus,10090
ENSMUSG00000032299,Commd4,,Mus musculus,10090
ENSMUSG00000032300,1700017B05Rik,,Mus musculus,10090
ENSMUSG00000032301,Psma4,,Mus musculus,10090
ENSMUSG00000032303,Chrna3,,Mus musculus,10090
ENSMUSG00000032306,Mpi,,Mus musculus,10090
ENSMUSG00000032309,Fbxo22,,Mus musculus,10090
ENSMUSG00000032310,Cyp1a2,,Mus musculus,10090
ENSMUSG00000032311,Nrg4,,Mus musculus,10090
ENSMUSG00000032312,Csk,,Mus musculus,10090
ENSMUSG00000032314,Etfa,,Mus musculus,10090
ENSMUSG00000032315,Cyp1a1,,Mus musculus,10090
ENSMUSG00000032316,Clk3,,Mus musculus,10090
ENSMUSG00000032318,Isl2,,Mus musculus,10090
ENSMUSG00000032320,Rcn2,,Mus musculus,10090
ENSMUSG00000032322,Pstpip1,,Mus musculus,10090
ENSMUSG00000032323,Cyp11a1,,Mus musculus,10090
ENSMUSG00000032324,Tspan3,,Mus musculus,10090
ENSMUSG00000032327,Stra6,,Mus musculus,10090
ENSMUSG00000032328,Tmem30a,,Mus musculus,10090
ENSMUSG00000032329,Hmg20a,,Mus musculus,10090
ENSMUSG00000032330,Cox7a2,,Mus musculus,10090
ENSMUSG00000032332,Col12a1,,Mus musculus,10090
ENSMUSG00000032334,Loxl1,,Mus musculus,10090
ENSMUSG00000032336,Nptn,,Mus musculus,10090
ENSMUSG00000032340,Neo1,,Mus musculus,10090
ENSMUSG00000032342,Mto1,,Mus musculus,10090
ENSMUSG00000032343,Impg1,,Mus musculus,10090
ENSMUSG00000032348,Gsta4,,Mus musculus,10090
ENSMUSG00000032349,Elovl5,,Mus musculus,10090
ENSMUSG00000032350,Gclc,,Mus musculus,10090
ENSMUSG00000032352,Lrrc1,,Mus musculus,10090
ENSMUSG00000032353,Tmed3,,Mus musculus,10090
ENSMUSG00000032356,Rasgrf1,,Mus musculus,10090
ENSMUSG00000032357,Tinag,,Mus musculus,10090
ENSMUSG00000032359,Ctsh,,Mus musculus,10090
ENSMUSG00000032363,Adamts7,,Mus musculus,10090
ENSMUSG00000032366,Tpm1,,Mus musculus,10090
ENSMUSG00000032368,Zic1,,Mus musculus,10090
ENSMUSG00000032370,Lactb,,Mus musculus,10090
ENSMUSG00000032372,Plscr2,,Mus musculus,10090
ENSMUSG00000032373,Car12,,Mus musculus,10090
ENSMUSG00000032374,Plod2,,Mus musculus,10090
ENSMUSG00000032376,Usp3,,Mus musculus,10090
ENSMUSG00000032380,Dapk2,,Mus musculus,10090
ENSMUSG00000032381,Ciao2a,,Mus musculus,10090
ENSMUSG00000032382,Snx1,,Mus musculus,10090
ENSMUSG00000032383,Ppib,,Mus musculus,10090
ENSMUSG00000032384,Csnk1g1,,Mus musculus,10090
ENSMUSG00000032386,Trip4,,Mus musculus,10090
ENSMUSG00000032387,Rbpms2,,Mus musculus,10090
ENSMUSG00000032388,Spg21,,Mus musculus,10090
ENSMUSG00000032392,Parp16,,Mus musculus,10090
ENSMUSG00000032393,Dpp8,,Mus musculus,10090
ENSMUSG00000032394,Igdcc3,,Mus musculus,10090
ENSMUSG00000032397,Tipin,,Mus musculus,10090
ENSMUSG00000032398,Snapc5,,Mus musculus,10090
ENSMUSG00000032400,Zwilch,,Mus musculus,10090
ENSMUSG00000032402,Smad3,,Mus musculus,10090
ENSMUSG00000032405,Pias1,,Mus musculus,10090
ENSMUSG00000032407,U2surp,,Mus musculus,10090
ENSMUSG00000032409,Atr,,Mus musculus,10090
ENSMUSG00000032410,Xrn1,,Mus musculus,10090
ENSMUSG00000032412,Atp1b3,,Mus musculus,10090
ENSMUSG00000032413,Rasa2,,Mus musculus,10090
ENSMUSG00000032418,Me1,,Mus musculus,10090
ENSMUSG00000032419,Tbx18,,Mus musculus,10090
ENSMUSG00000032420,Nt5e,,Mus musculus,10090
ENSMUSG00000032422,Snx14,,Mus musculus,10090
ENSMUSG00000032423,Syncrip,,Mus musculus,10090
ENSMUSG00000032431,Crtap,,Mus musculus,10090
ENSMUSG00000032434,Cmtm6,,Mus musculus,10090
ENSMUSG00000032435,Dync1li1,,Mus musculus,10090
ENSMUSG00000032436,Cmtm7,,Mus musculus,10090
ENSMUSG00000032437,Stt3b,,Mus musculus,10090
ENSMUSG00000032440,Tgfbr2,,Mus musculus,10090
ENSMUSG00000032446,Eomes,,Mus musculus,10090
ENSMUSG00000032449,Slc25a36,,Mus musculus,10090
ENSMUSG00000032452,Clstn2,,Mus musculus,10090
ENSMUSG00000032454,Rbp2,,Mus musculus,10090
ENSMUSG00000032456,Nmnat3,,Mus musculus,10090
ENSMUSG00000032458,Copb2,,Mus musculus,10090
ENSMUSG00000032459,Mrps22,,Mus musculus,10090
ENSMUSG00000032463,Faim,,Mus musculus,10090
ENSMUSG00000032469,Dbr1,,Mus musculus,10090
ENSMUSG00000032470,Mras,,Mus musculus,10090
ENSMUSG00000032473,Cldn18,,Mus musculus,10090
ENSMUSG00000032475,Nck1,,Mus musculus,10090
ENSMUSG00000032477,Cdc25a,,Mus musculus,10090
ENSMUSG00000032478,Nme6,,Mus musculus,10090
ENSMUSG00000032479,Map4,,Mus musculus,10090
ENSMUSG00000032480,Dhx30,,Mus musculus,10090
ENSMUSG00000032481,Smarcc1,,Mus musculus,10090
ENSMUSG00000032482,Cspg5,,Mus musculus,10090
ENSMUSG00000032484,Ngp,,Mus musculus,10090
ENSMUSG00000032485,Scap,,Mus musculus,10090
ENSMUSG00000032487,Ptgs2,,Mus musculus,10090
ENSMUSG00000032489,Kif9,,Mus musculus,10090
ENSMUSG00000032492,Pth1r,,Mus musculus,10090
ENSMUSG00000032493,Prss44,,Mus musculus,10090
ENSMUSG00000032494,Tdgf1,,Mus musculus,10090
ENSMUSG00000032495,Lrrc2,,Mus musculus,10090
ENSMUSG00000032496,Ltf,,Mus musculus,10090
ENSMUSG00000032497,Lrrfip2,,Mus musculus,10090
ENSMUSG00000032498,Mlh1,,Mus musculus,10090
ENSMUSG00000032501,Trib1,,Mus musculus,10090
ENSMUSG00000032502,Stac,,Mus musculus,10090
ENSMUSG00000032503,Arpp21,,Mus musculus,10090
ENSMUSG00000032504,Pdcd6ip,,Mus musculus,10090
ENSMUSG00000032508,Myd88,,Mus musculus,10090
ENSMUSG00000032511,Scn5a,,Mus musculus,10090
ENSMUSG00000032512,Wdr48,,Mus musculus,10090
ENSMUSG00000032513,Gorasp1,,Mus musculus,10090
ENSMUSG00000032517,Mobp,,Mus musculus,10090
ENSMUSG00000032518,Rpsa,,Mus musculus,10090
ENSMUSG00000032519,Slc25a38,,Mus musculus,10090
ENSMUSG00000032523,Hhatl,,Mus musculus,10090
ENSMUSG00000032525,Nktr,,Mus musculus,10090
ENSMUSG00000032526,Ss18l2,,Mus musculus,10090
ENSMUSG00000032527,Pccb,,Mus musculus,10090
ENSMUSG00000032528,Vipr1,,Mus musculus,10090
ENSMUSG00000032530,Lyzl4,,Mus musculus,10090
ENSMUSG00000032531,Amotl2,,Mus musculus,10090
ENSMUSG00000032532,Cck,,Mus musculus,10090
ENSMUSG00000032536,Trak1,,Mus musculus,10090
ENSMUSG00000032540,Abhd5,,Mus musculus,10090
ENSMUSG00000032547,Ryk,,Mus musculus,10090
ENSMUSG00000032548,Slco2a1,,Mus musculus,10090
ENSMUSG00000032549,Rab6b,,Mus musculus,10090
ENSMUSG00000032551,1110059G10Rik,,Mus musculus,10090
ENSMUSG00000032553,Srprb,,Mus musculus,10090
ENSMUSG00000032555,Topbp1,,Mus musculus,10090
ENSMUSG00000032557,Uba5,,Mus musculus,10090
ENSMUSG00000032560,Dnajc13,,Mus musculus,10090
ENSMUSG00000032561,Acpp,,Mus musculus,10090
ENSMUSG00000032562,Gnai2,,Mus musculus,10090
ENSMUSG00000032563,Mrpl3,,Mus musculus,10090
ENSMUSG00000032565,Nudt16,,Mus musculus,10090
ENSMUSG00000032566,Nudt16l2,,Mus musculus,10090
ENSMUSG00000032567,Aste1,,Mus musculus,10090
ENSMUSG00000032570,Atp2c1,,Mus musculus,10090
ENSMUSG00000032571,Pik3r4,,Mus musculus,10090
ENSMUSG00000032575,Manf,,Mus musculus,10090
ENSMUSG00000032578,Cish,,Mus musculus,10090
ENSMUSG00000032579,Hemk1,,Mus musculus,10090
ENSMUSG00000032580,Rbm5,,Mus musculus,10090
ENSMUSG00000032582,Rbm6,,Mus musculus,10090
ENSMUSG00000032584,Mst1r,,Mus musculus,10090
ENSMUSG00000032586,Traip,,Mus musculus,10090
ENSMUSG00000032589,Bsn,,Mus musculus,10090
ENSMUSG00000032590,Apeh,,Mus musculus,10090
ENSMUSG00000032591,Mst1,,Mus musculus,10090
ENSMUSG00000032594,Ip6k1,,Mus musculus,10090
ENSMUSG00000032596,Uba7,,Mus musculus,10090
ENSMUSG00000032598,Nckipsd,,Mus musculus,10090
ENSMUSG00000032601,Prkar2a,,Mus musculus,10090
ENSMUSG00000032602,Slc25a20,,Mus musculus,10090
ENSMUSG00000032604,Qars,,Mus musculus,10090
ENSMUSG00000032606,Nicn1,,Mus musculus,10090
ENSMUSG00000032611,1700102P08Rik,,Mus musculus,10090
ENSMUSG00000032612,Usp4,,Mus musculus,10090
ENSMUSG00000032615,Nt5m,,Mus musculus,10090
ENSMUSG00000032621,Srek1,,Mus musculus,10090
ENSMUSG00000032633,Flcn,,Mus musculus,10090
ENSMUSG00000032641,Gpr19,,Mus musculus,10090
ENSMUSG00000032643,Fhl3,,Mus musculus,10090
ENSMUSG00000032648,Pygm,,Mus musculus,10090
ENSMUSG00000032657,Fam189b,,Mus musculus,10090
ENSMUSG00000032661,Oas3,,Mus musculus,10090
ENSMUSG00000032667,Pon2,,Mus musculus,10090
ENSMUSG00000032671,A930018P22Rik,,Mus musculus,10090
ENSMUSG00000032679,Cd59a,,Mus musculus,10090
ENSMUSG00000032690,Oas2,,Mus musculus,10090
ENSMUSG00000032691,Nlrp3,,Mus musculus,10090
ENSMUSG00000032698,Lmo2,,Mus musculus,10090
ENSMUSG00000032705,Exd2,,Mus musculus,10090
ENSMUSG00000032712,Resf1,,Mus musculus,10090
ENSMUSG00000032715,Trib3,,Mus musculus,10090
ENSMUSG00000032717,Mdfi,,Mus musculus,10090
ENSMUSG00000032718,Mansc1,,Mus musculus,10090
ENSMUSG00000032725,Folr2,,Mus musculus,10090
ENSMUSG00000032726,Bmp8a,,Mus musculus,10090
ENSMUSG00000032737,Inppl1,,Mus musculus,10090
ENSMUSG00000032740,Ccdc88a,,Mus musculus,10090
ENSMUSG00000032741,Tpcn1,,Mus musculus,10090
ENSMUSG00000032744,Heyl,,Mus musculus,10090
ENSMUSG00000032745,Gpbp1,,Mus musculus,10090
ENSMUSG00000032750,Gab3,,Mus musculus,10090
ENSMUSG00000032754,Slc8b1,,Mus musculus,10090
ENSMUSG00000032757,Bet1,,Mus musculus,10090
ENSMUSG00000032758,Kap,,Mus musculus,10090
ENSMUSG00000032766,Gng11,,Mus musculus,10090
ENSMUSG00000032773,Chrm1,,Mus musculus,10090
ENSMUSG00000032777,Gtf3c1,,Mus musculus,10090
ENSMUSG00000032782,Cntrob,,Mus musculus,10090
ENSMUSG00000032786,Alas1,,Mus musculus,10090
ENSMUSG00000032788,Pdxk,,Mus musculus,10090
ENSMUSG00000032796,Lama1,,Mus musculus,10090
ENSMUSG00000032802,Srxn1,,Mus musculus,10090
ENSMUSG00000032803,Cdv3,,Mus musculus,10090
ENSMUSG00000032806,Slc10a3,,Mus musculus,10090
ENSMUSG00000032807,Alox12b,,Mus musculus,10090
ENSMUSG00000032812,Arap1,,Mus musculus,10090
ENSMUSG00000032815,Fanca,,Mus musculus,10090
ENSMUSG00000032816,Igdcc4,,Mus musculus,10090
ENSMUSG00000032834,Pwp2,,Mus musculus,10090
ENSMUSG00000032839,Trpc1,,Mus musculus,10090
ENSMUSG00000032842,Abcc10,,Mus musculus,10090
ENSMUSG00000032845,Alpk2,,Mus musculus,10090
ENSMUSG00000032846,Zswim6,,Mus musculus,10090
ENSMUSG00000032854,Ugt8a,,Mus musculus,10090
ENSMUSG00000032860,P2ry2,,Mus musculus,10090
ENSMUSG00000032864,Rag2,,Mus musculus,10090
ENSMUSG00000032867,Fbxw8,,Mus musculus,10090
ENSMUSG00000032869,Psmf1,,Mus musculus,10090
ENSMUSG00000032870,Smap2,,Mus musculus,10090
ENSMUSG00000032878,Ccdc85a,,Mus musculus,10090
ENSMUSG00000032898,Fbxo21,,Mus musculus,10090
ENSMUSG00000032900,Tex43,,Mus musculus,10090
ENSMUSG00000032902,Slc16a1,,Mus musculus,10090
ENSMUSG00000032905,Atg12,,Mus musculus,10090
ENSMUSG00000032911,Cspg4,,Mus musculus,10090
ENSMUSG00000032915,Adgre4,,Mus musculus,10090
ENSMUSG00000032921,Odf4,,Mus musculus,10090
ENSMUSG00000032925,Itgbl1,,Mus musculus,10090
ENSMUSG00000032936,Camkv,,Mus musculus,10090
ENSMUSG00000032937,Fshr,,Mus musculus,10090
ENSMUSG00000032939,Nup93,,Mus musculus,10090
ENSMUSG00000032942,Ucp3,,Mus musculus,10090
ENSMUSG00000032946,Rasgrp2,,Mus musculus,10090
ENSMUSG00000032965,Ift57,,Mus musculus,10090
ENSMUSG00000032966,Fkbp1a,,Mus musculus,10090
ENSMUSG00000032968,Inha,,Mus musculus,10090
ENSMUSG00000032977,Fam207a,,Mus musculus,10090
ENSMUSG00000032978,Guca2b,,Mus musculus,10090
ENSMUSG00000032988,Slc16a8,,Mus musculus,10090
ENSMUSG00000032997,Chpf,,Mus musculus,10090
ENSMUSG00000032998,Foxj3,,Mus musculus,10090
ENSMUSG00000033004,Mycbp2,,Mus musculus,10090
ENSMUSG00000033006,Sox10,,Mus musculus,10090
ENSMUSG00000033014,Trim33,,Mus musculus,10090
ENSMUSG00000033016,Nfatc1,,Mus musculus,10090
ENSMUSG00000033020,Polr2f,,Mus musculus,10090
ENSMUSG00000033021,Gmppa,,Mus musculus,10090
ENSMUSG00000033022,Cdo1,,Mus musculus,10090
ENSMUSG00000033027,Klrc3,,Mus musculus,10090
ENSMUSG00000033029,1700088E04Rik,,Mus musculus,10090
ENSMUSG00000033031,Cip2a,,Mus musculus,10090
ENSMUSG00000033033,Calhm2,,Mus musculus,10090
ENSMUSG00000033047,Eif3l,,Mus musculus,10090
ENSMUSG00000033053,1700028P14Rik,,Mus musculus,10090
ENSMUSG00000033055,Ankrd54,,Mus musculus,10090
ENSMUSG00000033059,Pygb,,Mus musculus,10090
ENSMUSG00000033060,Lmo7,,Mus musculus,10090
ENSMUSG00000033061,Resp18,,Mus musculus,10090
ENSMUSG00000033065,Pfkm,,Mus musculus,10090
ENSMUSG00000033066,Gas7,,Mus musculus,10090
ENSMUSG00000033068,Entpd6,,Mus musculus,10090
ENSMUSG00000033075,Senp1,,Mus musculus,10090
ENSMUSG00000033080,Vsx1,,Mus musculus,10090
ENSMUSG00000033088,Triobp,,Mus musculus,10090
ENSMUSG00000033096,Apmap,,Mus musculus,10090
ENSMUSG00000033099,Nol12,,Mus musculus,10090
ENSMUSG00000033105,Lss,,Mus musculus,10090
ENSMUSG00000033111,3830406C13Rik,,Mus musculus,10090
ENSMUSG00000033122,Hsd17b3,,Mus musculus,10090
ENSMUSG00000033128,Gga1,,Mus musculus,10090
ENSMUSG00000033149,Phldb2,,Mus musculus,10090
ENSMUSG00000033156,Cst10,,Mus musculus,10090
ENSMUSG00000033157,Abhd10,,Mus musculus,10090
ENSMUSG00000033159,Cnppd1,,Mus musculus,10090
ENSMUSG00000033161,Atp1a1,,Mus musculus,10090
ENSMUSG00000033166,Dis3,,Mus musculus,10090
ENSMUSG00000033170,Card10,,Mus musculus,10090
ENSMUSG00000033174,Mgll,,Mus musculus,10090
ENSMUSG00000033184,Tmed7,,Mus musculus,10090
ENSMUSG00000033187,BC016579,,Mus musculus,10090
ENSMUSG00000033191,Tie1,,Mus musculus,10090
ENSMUSG00000033196,Myh2,,Mus musculus,10090
ENSMUSG00000033200,Tpsg1,,Mus musculus,10090
ENSMUSG00000033208,S100b,,Mus musculus,10090
ENSMUSG00000033209,Ttc28,,Mus musculus,10090
ENSMUSG00000033216,Eefsec,,Mus musculus,10090
ENSMUSG00000033220,Rac2,,Mus musculus,10090
ENSMUSG00000033227,Wnt6,,Mus musculus,10090
ENSMUSG00000033228,Scaf11,,Mus musculus,10090
ENSMUSG00000033237,Arid2,,Mus musculus,10090
ENSMUSG00000033249,Hsf4,,Mus musculus,10090
ENSMUSG00000033256,Shf,,Mus musculus,10090
ENSMUSG00000033272,Slc35a4,,Mus musculus,10090
ENSMUSG00000033278,Ptprm,,Mus musculus,10090
ENSMUSG00000033287,Kctd17,,Mus musculus,10090
ENSMUSG00000033294,Noc4l,,Mus musculus,10090
ENSMUSG00000033295,Ptprf,,Mus musculus,10090
ENSMUSG00000033306,Lpp,,Mus musculus,10090
ENSMUSG00000033307,Mif,,Mus musculus,10090
ENSMUSG00000033308,Dpyd,,Mus musculus,10090
ENSMUSG00000033313,Fbxl8,,Mus musculus,10090
ENSMUSG00000033318,Gstt2,,Mus musculus,10090
ENSMUSG00000033323,Ctdp1,,Mus musculus,10090
ENSMUSG00000033327,Tnxb,,Mus musculus,10090
ENSMUSG00000033335,Dnm2,,Mus musculus,10090
ENSMUSG00000033343,Magea4,,Mus musculus,10090
ENSMUSG00000033350,Chst2,,Mus musculus,10090
ENSMUSG00000033352,Map2k4,,Mus musculus,10090
ENSMUSG00000033355,Rtp4,,Mus musculus,10090
ENSMUSG00000033368,Trim69,,Mus musculus,10090
ENSMUSG00000033373,Fntb,,Mus musculus,10090
ENSMUSG00000033377,Palmd,,Mus musculus,10090
ENSMUSG00000033379,Atp6v0b,,Mus musculus,10090
ENSMUSG00000033386,Frrs1,,Mus musculus,10090
ENSMUSG00000033392,Clasp2,,Mus musculus,10090
ENSMUSG00000033400,Agl,,Mus musculus,10090
ENSMUSG00000033416,Gucd1,,Mus musculus,10090
ENSMUSG00000033417,Cacul1,,Mus musculus,10090
ENSMUSG00000033419,Snap91,,Mus musculus,10090
ENSMUSG00000033420,Antxr1,,Mus musculus,10090
ENSMUSG00000033423,Eri3,,Mus musculus,10090
ENSMUSG00000033427,Upb1,,Mus musculus,10090
ENSMUSG00000033429,Mcee,,Mus musculus,10090
ENSMUSG00000033430,Terf2ip,,Mus musculus,10090
ENSMUSG00000033434,Gtpbp6,,Mus musculus,10090
ENSMUSG00000033436,Armcx2,,Mus musculus,10090
ENSMUSG00000033453,Adamts15,,Mus musculus,10090
ENSMUSG00000033454,Zbtb1,,Mus musculus,10090
ENSMUSG00000033460,Armcx1,,Mus musculus,10090
ENSMUSG00000033467,Crlf2,,Mus musculus,10090
ENSMUSG00000033470,Cysltr2,,Mus musculus,10090
ENSMUSG00000033478,Fam160b1,,Mus musculus,10090
ENSMUSG00000033486,Catsper2,,Mus musculus,10090
ENSMUSG00000033487,Fndc3a,,Mus musculus,10090
ENSMUSG00000033488,Cryzl2,,Mus musculus,10090
ENSMUSG00000033491,Prss35,,Mus musculus,10090
ENSMUSG00000033498,Strc,,Mus musculus,10090
ENSMUSG00000033499,Larp4b,,Mus musculus,10090
ENSMUSG00000033501,Crygs,,Mus musculus,10090
ENSMUSG00000033508,Asprv1,,Mus musculus,10090
ENSMUSG00000033510,Otud7a,,Mus musculus,10090
ENSMUSG00000033530,Ttc7b,,Mus musculus,10090
ENSMUSG00000033533,Acsm1,,Mus musculus,10090
ENSMUSG00000033538,Casp4,,Mus musculus,10090
ENSMUSG00000033540,Idua,,Mus musculus,10090
ENSMUSG00000033542,Arhgef5,,Mus musculus,10090
ENSMUSG00000033544,Angptl1,,Mus musculus,10090
ENSMUSG00000033545,Znrf1,,Mus musculus,10090
ENSMUSG00000033554,Dph5,,Mus musculus,10090
ENSMUSG00000033557,Fam20b,,Mus musculus,10090
ENSMUSG00000033565,Rbfox2,,Mus musculus,10090
ENSMUSG00000033577,Myo6,,Mus musculus,10090
ENSMUSG00000033578,Tmem35a,,Mus musculus,10090
ENSMUSG00000033579,Fa2h,,Mus musculus,10090
ENSMUSG00000033581,Igf2bp2,,Mus musculus,10090
ENSMUSG00000033585,Ndn,,Mus musculus,10090
ENSMUSG00000033590,Myo5c,,Mus musculus,10090
ENSMUSG00000033596,Rfwd3,,Mus musculus,10090
ENSMUSG00000033610,Pank1,,Mus musculus,10090
ENSMUSG00000033615,Cplx1,,Mus musculus,10090
ENSMUSG00000033628,Pik3c3,,Mus musculus,10090
ENSMUSG00000033629,Hacd3,,Mus musculus,10090
ENSMUSG00000033634,Nat8f2,,Mus musculus,10090
ENSMUSG00000033644,Piwil2,,Mus musculus,10090
ENSMUSG00000033658,Ddx19b,,Mus musculus,10090
ENSMUSG00000033669,Zfp7,,Mus musculus,10090
ENSMUSG00000033671,Cep350,,Mus musculus,10090
ENSMUSG00000033676,Gabrb3,,Mus musculus,10090
ENSMUSG00000033684,Qsox1,,Mus musculus,10090
ENSMUSG00000033685,Ucp2,,Mus musculus,10090
ENSMUSG00000033688,1300017J02Rik,,Mus musculus,10090
ENSMUSG00000033697,Arhgap39,,Mus musculus,10090
ENSMUSG00000033701,Acbd6,,Mus musculus,10090
ENSMUSG00000033706,Smyd5,,Mus musculus,10090
ENSMUSG00000033712,Ccar2,,Mus musculus,10090
ENSMUSG00000033715,Akr1c14,,Mus musculus,10090
ENSMUSG00000033717,Adra2a,,Mus musculus,10090
ENSMUSG00000033721,Vav3,,Mus musculus,10090
ENSMUSG00000033728,Lrrc14,,Mus musculus,10090
ENSMUSG00000033730,Egr3,,Mus musculus,10090
ENSMUSG00000033732,Sf3b3,,Mus musculus,10090
ENSMUSG00000033735,Spr,,Mus musculus,10090
ENSMUSG00000033739,Fkbpl,,Mus musculus,10090
ENSMUSG00000033751,Gadd45gip1,,Mus musculus,10090
ENSMUSG00000033760,Rbm4b,,Mus musculus,10090
ENSMUSG00000033762,Recql4,,Mus musculus,10090
ENSMUSG00000033765,Calm4,,Mus musculus,10090
ENSMUSG00000033767,Tmem131l,,Mus musculus,10090
ENSMUSG00000033770,Clcnka,,Mus musculus,10090
ENSMUSG00000033773,Rpap2,,Mus musculus,10090
ENSMUSG00000033781,Asb13,,Mus musculus,10090
ENSMUSG00000033788,Dysf,,Mus musculus,10090
ENSMUSG00000033790,Tubgcp5,,Mus musculus,10090
ENSMUSG00000033792,Atp7a,,Mus musculus,10090
ENSMUSG00000033793,Atp6v1h,,Mus musculus,10090
ENSMUSG00000033799,Tasor2,,Mus musculus,10090
ENSMUSG00000033808,Tmem87a,,Mus musculus,10090
ENSMUSG00000033809,Alg3,,Mus musculus,10090
ENSMUSG00000033813,Tcea1,,Mus musculus,10090
ENSMUSG00000033825,Tpsb2,,Mus musculus,10090
ENSMUSG00000033826,Dnah8,,Mus musculus,10090
ENSMUSG00000033831,Fgb,,Mus musculus,10090
ENSMUSG00000033834,Tpbpa,,Mus musculus,10090
ENSMUSG00000033837,Foxh1,,Mus musculus,10090
ENSMUSG00000033845,Mrpl15,,Mus musculus,10090
ENSMUSG00000033849,B3galt2,,Mus musculus,10090
ENSMUSG00000033854,Kcnk10,,Mus musculus,10090
ENSMUSG00000033860,Fgg,,Mus musculus,10090
ENSMUSG00000033863,Klf9,,Mus musculus,10090
ENSMUSG00000033871,Ppargc1b,,Mus musculus,10090
ENSMUSG00000033880,Lgals3bp,,Mus musculus,10090
ENSMUSG00000033885,Pxk,,Mus musculus,10090
ENSMUSG00000033898,Cfhr2,,Mus musculus,10090
ENSMUSG00000033902,Mapkbp1,,Mus musculus,10090
ENSMUSG00000033909,Usp36,,Mus musculus,10090
ENSMUSG00000033910,Gucy1a1,,Mus musculus,10090
ENSMUSG00000033916,Chmp2a,,Mus musculus,10090
ENSMUSG00000033917,Gde1,,Mus musculus,10090
ENSMUSG00000033933,Vhl,,Mus musculus,10090
ENSMUSG00000033938,Ndufb7,,Mus musculus,10090
ENSMUSG00000033940,Brk1,,Mus musculus,10090
ENSMUSG00000033943,Mga,,Mus musculus,10090
ENSMUSG00000033952,Aspm,,Mus musculus,10090
ENSMUSG00000033953,Ppp3r1,,Mus musculus,10090
ENSMUSG00000033955,Tnks1bp1,,Mus musculus,10090
ENSMUSG00000033965,Slc16a2,,Mus musculus,10090
ENSMUSG00000033970,Rfc3,,Mus musculus,10090
ENSMUSG00000033981,Gria2,,Mus musculus,10090
ENSMUSG00000033983,Coil,,Mus musculus,10090
ENSMUSG00000033985,Tesk2,,Mus musculus,10090
ENSMUSG00000033998,Kcnk1,,Mus musculus,10090
ENSMUSG00000034006,Pqlc1,,Mus musculus,10090
ENSMUSG00000034022,Cpsf1,,Mus musculus,10090
ENSMUSG00000034024,Cct2,,Mus musculus,10090
ENSMUSG00000034032,Rpap1,,Mus musculus,10090
ENSMUSG00000034039,Prss29,,Mus musculus,10090
ENSMUSG00000034041,Lyl1,,Mus musculus,10090
ENSMUSG00000034055,Phka1,,Mus musculus,10090
ENSMUSG00000034064,Poglut1,,Mus musculus,10090
ENSMUSG00000034066,Farp2,,Mus musculus,10090
ENSMUSG00000034075,Zdhhc5,,Mus musculus,10090
ENSMUSG00000034088,Hdlbp,,Mus musculus,10090
ENSMUSG00000034108,Ccs,,Mus musculus,10090
ENSMUSG00000034109,Golim4,,Mus musculus,10090
ENSMUSG00000034111,Tmed8,,Mus musculus,10090
ENSMUSG00000034112,Atp2c2,,Mus musculus,10090
ENSMUSG00000034115,Scn11a,,Mus musculus,10090
ENSMUSG00000034116,Vav1,,Mus musculus,10090
ENSMUSG00000034117,Ptgdr2,,Mus musculus,10090
ENSMUSG00000034118,Tpst1,,Mus musculus,10090
ENSMUSG00000034120,Srsf2,,Mus musculus,10090
ENSMUSG00000034126,Pomt2,,Mus musculus,10090
ENSMUSG00000034127,Tspan8,,Mus musculus,10090
ENSMUSG00000034139,Serpini2,,Mus musculus,10090
ENSMUSG00000034154,Ino80,,Mus musculus,10090
ENSMUSG00000034157,Cipc,,Mus musculus,10090
ENSMUSG00000034158,Lrrc58,,Mus musculus,10090
ENSMUSG00000034160,Ogt,,Mus musculus,10090
ENSMUSG00000034161,Scx,,Mus musculus,10090
ENSMUSG00000034164,Emid1,,Mus musculus,10090
ENSMUSG00000034165,Ccnd3,,Mus musculus,10090
ENSMUSG00000034171,Faah,,Mus musculus,10090
ENSMUSG00000034175,Rhbdd3,,Mus musculus,10090
ENSMUSG00000034177,Rnf43,,Mus musculus,10090
ENSMUSG00000034187,Nsf,,Mus musculus,10090
ENSMUSG00000034190,Chmp7,,Mus musculus,10090
ENSMUSG00000034194,R3hcc1,,Mus musculus,10090
ENSMUSG00000034203,Chchd4,,Mus musculus,10090
ENSMUSG00000034209,Rasl10a,,Mus musculus,10090
ENSMUSG00000034210,Efcab14,,Mus musculus,10090
ENSMUSG00000034211,Mrps17,,Mus musculus,10090
ENSMUSG00000034216,Vps18,,Mus musculus,10090
ENSMUSG00000034218,Atm,,Mus musculus,10090
ENSMUSG00000034220,Gpc1,,Mus musculus,10090
ENSMUSG00000034226,Rhov,,Mus musculus,10090
ENSMUSG00000034227,Foxj1,,Mus musculus,10090
ENSMUSG00000034245,Hdac11,,Mus musculus,10090
ENSMUSG00000034248,Slc25a37,,Mus musculus,10090
ENSMUSG00000034252,Senp6,,Mus musculus,10090
ENSMUSG00000034254,Agpat1,,Mus musculus,10090
ENSMUSG00000034255,Arhgap27,,Mus musculus,10090
ENSMUSG00000034258,Flvcr2,,Mus musculus,10090
ENSMUSG00000034259,Exosc4,,Mus musculus,10090
ENSMUSG00000034263,Ints14,,Mus musculus,10090
ENSMUSG00000034265,Zdhhc14,,Mus musculus,10090
ENSMUSG00000034266,Batf,,Mus musculus,10090
ENSMUSG00000034271,Jdp2,,Mus musculus,10090
ENSMUSG00000034282,Evpl,,Mus musculus,10090
ENSMUSG00000034285,Nipsnap1,,Mus musculus,10090
ENSMUSG00000034290,Nek9,,Mus musculus,10090
ENSMUSG00000034295,Fhod3,,Mus musculus,10090
ENSMUSG00000034300,Fam53c,,Mus musculus,10090
ENSMUSG00000034308,Sdr42e1,,Mus musculus,10090
ENSMUSG00000034311,Kif4,,Mus musculus,10090
ENSMUSG00000034312,Iqsec1,,Mus musculus,10090
ENSMUSG00000034317,Trim59,,Mus musculus,10090
ENSMUSG00000034320,Slc26a2,,Mus musculus,10090
ENSMUSG00000034321,Exosc1,,Mus musculus,10090
ENSMUSG00000034327,Kctd9,,Mus musculus,10090
ENSMUSG00000034330,Plcg2,,Mus musculus,10090
ENSMUSG00000034333,Zbed4,,Mus musculus,10090
ENSMUSG00000034336,Ina,,Mus musculus,10090
ENSMUSG00000034341,Wbp2,,Mus musculus,10090
ENSMUSG00000034342,Cbl,,Mus musculus,10090
ENSMUSG00000034343,Ube2f,,Mus musculus,10090
ENSMUSG00000034349,Smc4,,Mus musculus,10090
ENSMUSG00000034353,Ramp1,,Mus musculus,10090
ENSMUSG00000034354,Mtmr3,,Mus musculus,10090
ENSMUSG00000034361,Cpne2,,Mus musculus,10090
ENSMUSG00000034371,Tkfc,,Mus musculus,10090
ENSMUSG00000034377,Tulp4,,Mus musculus,10090
ENSMUSG00000034382,AI661453,,Mus musculus,10090
ENSMUSG00000034391,Fbxo15,,Mus musculus,10090
ENSMUSG00000034394,Lif,,Mus musculus,10090
ENSMUSG00000034401,Spata6,,Mus musculus,10090
ENSMUSG00000034403,Pja1,,Mus musculus,10090
ENSMUSG00000034412,Tbc1d10a,,Mus musculus,10090
ENSMUSG00000034422,Parp14,,Mus musculus,10090
ENSMUSG00000034427,Myo15b,,Mus musculus,10090
ENSMUSG00000034429,Zfp707,,Mus musculus,10090
ENSMUSG00000034430,Zxdc,,Mus musculus,10090
ENSMUSG00000034432,Cops8,,Mus musculus,10090
ENSMUSG00000034435,Tmem30b,,Mus musculus,10090
ENSMUSG00000034438,Gbp8,,Mus musculus,10090
ENSMUSG00000034442,Trmt5,,Mus musculus,10090
ENSMUSG00000034449,Dhrs11,,Mus musculus,10090
ENSMUSG00000034450,Gulo,,Mus musculus,10090
ENSMUSG00000034452,Slc24a1,,Mus musculus,10090
ENSMUSG00000034456,Uroc1,,Mus musculus,10090
ENSMUSG00000034459,Ifit1,,Mus musculus,10090
ENSMUSG00000034460,Six4,,Mus musculus,10090
ENSMUSG00000034462,Pkd2,,Mus musculus,10090
ENSMUSG00000034463,Scara3,,Mus musculus,10090
ENSMUSG00000034471,Caskin2,,Mus musculus,10090
ENSMUSG00000034472,Rasd2,,Mus musculus,10090
ENSMUSG00000034473,Sec22a,,Mus musculus,10090
ENSMUSG00000034480,Diaph2,,Mus musculus,10090
ENSMUSG00000034486,Gbx2,,Mus musculus,10090
ENSMUSG00000034488,Edil3,,Mus musculus,10090
ENSMUSG00000034501,Pcnx4,,Mus musculus,10090
ENSMUSG00000034509,Mad2l1bp,,Mus musculus,10090
ENSMUSG00000034518,Hmgxb4,,Mus musculus,10090
ENSMUSG00000034520,Gjc1,,Mus musculus,10090
ENSMUSG00000034522,Zfp395,,Mus musculus,10090
ENSMUSG00000034525,Ice1,,Mus musculus,10090
ENSMUSG00000034528,Hsd17b13,,Mus musculus,10090
ENSMUSG00000034532,Fbxo16,,Mus musculus,10090
ENSMUSG00000034538,Zfp418,,Mus musculus,10090
ENSMUSG00000034544,Rsrc1,,Mus musculus,10090
ENSMUSG00000034555,Tex16,,Mus musculus,10090
ENSMUSG00000034563,Ccpg1,,Mus musculus,10090
ENSMUSG00000034570,Inpp5j,,Mus musculus,10090
ENSMUSG00000034573,Ptpn13,,Mus musculus,10090
ENSMUSG00000034586,Hid1,,Mus musculus,10090
ENSMUSG00000034591,Slc41a2,,Mus musculus,10090
ENSMUSG00000034593,Myo5a,,Mus musculus,10090
ENSMUSG00000034595,Ppp1r18,,Mus musculus,10090
ENSMUSG00000034607,Pof1b,,Mus musculus,10090
ENSMUSG00000034612,Chst11,,Mus musculus,10090
ENSMUSG00000034617,Mtrr,,Mus musculus,10090
ENSMUSG00000034620,Rxylt1,,Mus musculus,10090
ENSMUSG00000034621,Gpatch8,,Mus musculus,10090
ENSMUSG00000034634,Ly6d,,Mus musculus,10090
ENSMUSG00000034636,Zyg11b,,Mus musculus,10090
ENSMUSG00000034640,Tiparp,,Mus musculus,10090
ENSMUSG00000034641,Cd300ld,,Mus musculus,10090
ENSMUSG00000034645,Zyg11a,,Mus musculus,10090
ENSMUSG00000034647,Ankrd12,,Mus musculus,10090
ENSMUSG00000034648,Lrrn1,,Mus musculus,10090
ENSMUSG00000034652,Cd300a,,Mus musculus,10090
ENSMUSG00000034656,Cacna1a,,Mus musculus,10090
ENSMUSG00000034659,Tmem109,,Mus musculus,10090
ENSMUSG00000034663,Bmp2k,,Mus musculus,10090
ENSMUSG00000034664,Itga2b,,Mus musculus,10090
ENSMUSG00000034667,Xpot,,Mus musculus,10090
ENSMUSG00000034673,Pbx2,,Mus musculus,10090
ENSMUSG00000034675,Dbn1,,Mus musculus,10090
ENSMUSG00000034684,Sema3f,,Mus musculus,10090
ENSMUSG00000034689,Spertl,,Mus musculus,10090
ENSMUSG00000034690,Nlrp4c,,Mus musculus,10090
ENSMUSG00000034701,Neurod1,,Mus musculus,10090
ENSMUSG00000034707,Gns,,Mus musculus,10090
ENSMUSG00000034708,Grn,,Mus musculus,10090
ENSMUSG00000034709,Ppp1r21,,Mus musculus,10090
ENSMUSG00000034714,Ttyh2,,Mus musculus,10090
ENSMUSG00000034724,Cnot6l,,Mus musculus,10090
ENSMUSG00000034730,Adgrb1,,Mus musculus,10090
ENSMUSG00000034744,Nagk,,Mus musculus,10090
ENSMUSG00000034757,Tmub2,,Mus musculus,10090
ENSMUSG00000034758,Tle6,,Mus musculus,10090
ENSMUSG00000034761,Map4k5,,Mus musculus,10090
ENSMUSG00000034762,Glis1,,Mus musculus,10090
ENSMUSG00000034768,Asb16,,Mus musculus,10090
ENSMUSG00000034771,Tle2,,Mus musculus,10090
ENSMUSG00000034777,Vax2,,Mus musculus,10090
ENSMUSG00000034780,B3galt1,,Mus musculus,10090
ENSMUSG00000034781,Gna11,,Mus musculus,10090
ENSMUSG00000034783,Cd207,,Mus musculus,10090
ENSMUSG00000034785,Dio1,,Mus musculus,10090
ENSMUSG00000034789,Rab24,,Mus musculus,10090
ENSMUSG00000034792,Gna15,,Mus musculus,10090
ENSMUSG00000034793,G6pc3,,Mus musculus,10090
ENSMUSG00000034799,Unc13a,,Mus musculus,10090
ENSMUSG00000034801,Sos2,,Mus musculus,10090
ENSMUSG00000034807,Colgalt1,,Mus musculus,10090
ENSMUSG00000034810,Scn7a,,Mus musculus,10090
ENSMUSG00000034813,Grip1,,Mus musculus,10090
ENSMUSG00000034820,Cpsf7,,Mus musculus,10090
ENSMUSG00000034825,Nrip3,,Mus musculus,10090
ENSMUSG00000034826,Nup54,,Mus musculus,10090
ENSMUSG00000034829,Nxnl1,,Mus musculus,10090
ENSMUSG00000034837,Gnat1,,Mus musculus,10090
ENSMUSG00000034839,Larp6,,Mus musculus,10090
ENSMUSG00000034842,Art3,,Mus musculus,10090
ENSMUSG00000034845,Plvap,,Mus musculus,10090
ENSMUSG00000034853,Acot11,,Mus musculus,10090
ENSMUSG00000034855,Cxcl10,,Mus musculus,10090
ENSMUSG00000034867,Ankrd27,,Mus musculus,10090
ENSMUSG00000034868,Myl12b,,Mus musculus,10090
ENSMUSG00000034871,Fam151a,,Mus musculus,10090
ENSMUSG00000034872,Gipc3,,Mus musculus,10090
ENSMUSG00000034875,Nudt19,,Mus musculus,10090
ENSMUSG00000034880,Mrpl34,,Mus musculus,10090
ENSMUSG00000034881,Tbxa2r,,Mus musculus,10090
ENSMUSG00000034883,Lrr1,,Mus musculus,10090
ENSMUSG00000034891,Sncb,,Mus musculus,10090
ENSMUSG00000034902,Pip5k1c,,Mus musculus,10090
ENSMUSG00000034906,Ncaph,,Mus musculus,10090
ENSMUSG00000034908,Sidt2,,Mus musculus,10090
ENSMUSG00000034911,Ushbp1,,Mus musculus,10090
ENSMUSG00000034913,Spert,,Mus musculus,10090
ENSMUSG00000034917,Tjp3,,Mus musculus,10090
ENSMUSG00000034926,Dhcr24,,Mus musculus,10090
ENSMUSG00000034928,Rnf44,,Mus musculus,10090
ENSMUSG00000034930,Rtkn,,Mus musculus,10090
ENSMUSG00000034931,Dhx8,,Mus musculus,10090
ENSMUSG00000034932,Mrpl54,,Mus musculus,10090
ENSMUSG00000034936,Arl4d,,Mus musculus,10090
ENSMUSG00000034940,Synrg,,Mus musculus,10090
ENSMUSG00000034947,Tmem106a,,Mus musculus,10090
ENSMUSG00000034949,Zfr2,,Mus musculus,10090
ENSMUSG00000034957,Cebpa,,Mus musculus,10090
ENSMUSG00000034958,Atcay,,Mus musculus,10090
ENSMUSG00000034968,Lbx2,,Mus musculus,10090
ENSMUSG00000034974,Dapk3,,Mus musculus,10090
ENSMUSG00000034981,Parm1,,Mus musculus,10090
ENSMUSG00000034987,Hrh2,,Mus musculus,10090
ENSMUSG00000034990,Otoa,,Mus musculus,10090
ENSMUSG00000034993,Vat1,,Mus musculus,10090
ENSMUSG00000034994,Eef2,,Mus musculus,10090
ENSMUSG00000034998,Foxn2,,Mus musculus,10090
ENSMUSG00000035000,Dpp4,,Mus musculus,10090
ENSMUSG00000035004,Igsf6,,Mus musculus,10090
ENSMUSG00000035011,Zbtb7a,,Mus musculus,10090
ENSMUSG00000035020,Epgn,,Mus musculus,10090
ENSMUSG00000035027,Map2k2,,Mus musculus,10090
ENSMUSG00000035031,C8a,,Mus musculus,10090
ENSMUSG00000035033,Tbr1,,Mus musculus,10090
ENSMUSG00000035041,Creb3l3,,Mus musculus,10090
ENSMUSG00000035042,Ccl5,,Mus musculus,10090
ENSMUSG00000035047,Kri1,,Mus musculus,10090
ENSMUSG00000035048,Anapc13,,Mus musculus,10090
ENSMUSG00000035049,Rrp12,,Mus musculus,10090
ENSMUSG00000035051,Dhx57,,Mus musculus,10090
ENSMUSG00000035057,Mgat4d,,Mus musculus,10090
ENSMUSG00000035064,Eef2k,,Mus musculus,10090
ENSMUSG00000035067,Xkr6,,Mus musculus,10090
ENSMUSG00000035069,Oma1,,Mus musculus,10090
ENSMUSG00000035078,Mtmr9,,Mus musculus,10090
ENSMUSG00000035086,Becn1,,Mus musculus,10090
ENSMUSG00000035093,Secisbp2l,,Mus musculus,10090
ENSMUSG00000035104,Eva1a,,Mus musculus,10090
ENSMUSG00000035105,Egln3,,Mus musculus,10090
ENSMUSG00000035107,Dcbld2,,Mus musculus,10090
ENSMUSG00000035112,Wnk4,,Mus musculus,10090
ENSMUSG00000035126,Wdr78,,Mus musculus,10090
ENSMUSG00000035133,Arhgap5,,Mus musculus,10090
ENSMUSG00000035148,Gpr33,,Mus musculus,10090
ENSMUSG00000035150,Eif2s3x,,Mus musculus,10090
ENSMUSG00000035152,Ap2b1,,Mus musculus,10090
ENSMUSG00000035158,Mitf,,Mus musculus,10090
ENSMUSG00000035161,Ints6,,Mus musculus,10090
ENSMUSG00000035165,Kcne3,,Mus musculus,10090
ENSMUSG00000035168,Tanc1,,Mus musculus,10090
ENSMUSG00000035171,1110059E24Rik,,Mus musculus,10090
ENSMUSG00000035172,Plekhh3,,Mus musculus,10090
ENSMUSG00000035173,Ccdc186,,Mus musculus,10090
ENSMUSG00000035179,Ppp1r32,,Mus musculus,10090
ENSMUSG00000035186,Ubd,,Mus musculus,10090
ENSMUSG00000035187,Nkx6-1,,Mus musculus,10090
ENSMUSG00000035191,Rfpl4,,Mus musculus,10090
ENSMUSG00000035198,Tubg1,,Mus musculus,10090
ENSMUSG00000035199,Arl6ip5,,Mus musculus,10090
ENSMUSG00000035200,Chrnb4,,Mus musculus,10090
ENSMUSG00000035203,Epn1,,Mus musculus,10090
ENSMUSG00000035206,Sppl2b,,Mus musculus,10090
ENSMUSG00000035208,Slfn8,,Mus musculus,10090
ENSMUSG00000035212,Leprot,,Mus musculus,10090
ENSMUSG00000035215,Lsm7,,Mus musculus,10090
ENSMUSG00000035227,Spcs2,,Mus musculus,10090
ENSMUSG00000035228,Ccdc106,,Mus musculus,10090
ENSMUSG00000035232,Pdk3,,Mus musculus,10090
ENSMUSG00000035235,Trim13,,Mus musculus,10090
ENSMUSG00000035237,Lcat,,Mus musculus,10090
ENSMUSG00000035239,Neu3,,Mus musculus,10090
ENSMUSG00000035245,Eogt,,Mus musculus,10090
ENSMUSG00000035247,Hectd1,,Mus musculus,10090
ENSMUSG00000035248,Tut7,,Mus musculus,10090
ENSMUSG00000035258,Abi3bp,,Mus musculus,10090
ENSMUSG00000035262,Amh,,Mus musculus,10090
ENSMUSG00000035266,Helq,,Mus musculus,10090
ENSMUSG00000035268,Pkig,,Mus musculus,10090
ENSMUSG00000035274,Tpbg,,Mus musculus,10090
ENSMUSG00000035277,Arx,,Mus musculus,10090
ENSMUSG00000035278,Plekhj1,,Mus musculus,10090
ENSMUSG00000035283,Adrb1,,Mus musculus,10090
ENSMUSG00000035296,Sgcg,,Mus musculus,10090
ENSMUSG00000035297,Cops4,,Mus musculus,10090
ENSMUSG00000035305,Ror1,,Mus musculus,10090
ENSMUSG00000035311,Gnptab,,Mus musculus,10090
ENSMUSG00000035314,Gdpd5,,Mus musculus,10090
ENSMUSG00000035325,Sec31a,,Mus musculus,10090
ENSMUSG00000035329,Fbxo33,,Mus musculus,10090
ENSMUSG00000035337,Uchl4,,Mus musculus,10090
ENSMUSG00000035342,Lzts2,,Mus musculus,10090
ENSMUSG00000035351,Nup37,,Mus musculus,10090
ENSMUSG00000035352,Ccl12,,Mus musculus,10090
ENSMUSG00000035354,Uvrag,,Mus musculus,10090
ENSMUSG00000035356,Nfkbiz,,Mus musculus,10090
ENSMUSG00000035357,Pdzrn3,,Mus musculus,10090
ENSMUSG00000035372,1810055G02Rik,,Mus musculus,10090
ENSMUSG00000035373,Ccl7,,Mus musculus,10090
ENSMUSG00000035382,Pcsk7,,Mus musculus,10090
ENSMUSG00000035385,Ccl2,,Mus musculus,10090
ENSMUSG00000035392,Dennd1a,,Mus musculus,10090
ENSMUSG00000035395,Dcaf8l,,Mus musculus,10090
ENSMUSG00000035397,Klf16,,Mus musculus,10090
ENSMUSG00000035401,Emsy,,Mus musculus,10090
ENSMUSG00000035413,Tmem98,,Mus musculus,10090
ENSMUSG00000035431,Sstr1,,Mus musculus,10090
ENSMUSG00000035437,Rabgap1,,Mus musculus,10090
ENSMUSG00000035439,Haus8,,Mus musculus,10090
ENSMUSG00000035441,Myo1d,,Mus musculus,10090
ENSMUSG00000035443,Thyn1,,Mus musculus,10090
ENSMUSG00000035448,Ccr3,,Mus musculus,10090
ENSMUSG00000035451,Foxa1,,Mus musculus,10090
ENSMUSG00000035454,Samt3,,Mus musculus,10090
ENSMUSG00000035455,Fignl1,,Mus musculus,10090
ENSMUSG00000035458,Tnni3,,Mus musculus,10090
ENSMUSG00000035459,Stab2,,Mus musculus,10090
ENSMUSG00000035469,Rcbtb1,,Mus musculus,10090
ENSMUSG00000035473,Galm,,Mus musculus,10090
ENSMUSG00000035476,Tab3,,Mus musculus,10090
ENSMUSG00000035478,Mbd3,,Mus musculus,10090
ENSMUSG00000035493,Tgfbi,,Mus musculus,10090
ENSMUSG00000035495,Tstd2,,Mus musculus,10090
ENSMUSG00000035498,Cdcp1,,Mus musculus,10090
ENSMUSG00000035504,Reep6,,Mus musculus,10090
ENSMUSG00000035505,Cox18,,Mus musculus,10090
ENSMUSG00000035506,Slc12a8,,Mus musculus,10090
ENSMUSG00000035513,Ntng2,,Mus musculus,10090
ENSMUSG00000035517,Tdrd7,,Mus musculus,10090
ENSMUSG00000035522,Tsga8,,Mus musculus,10090
ENSMUSG00000035528,Npffr2,,Mus musculus,10090
ENSMUSG00000035529,Prdm4,,Mus musculus,10090
ENSMUSG00000035530,Eif1,,Mus musculus,10090
ENSMUSG00000035540,Gc,,Mus musculus,10090
ENSMUSG00000035545,Leng8,,Mus musculus,10090
ENSMUSG00000035547,Capn5,,Mus musculus,10090
ENSMUSG00000035551,Igfbpl1,,Mus musculus,10090
ENSMUSG00000035557,Krt17,,Mus musculus,10090
ENSMUSG00000035561,Aldh1b1,,Mus musculus,10090
ENSMUSG00000035575,Utp6,,Mus musculus,10090
ENSMUSG00000035592,Krt33a,,Mus musculus,10090
ENSMUSG00000035594,Chrna5,,Mus musculus,10090
ENSMUSG00000035596,Mboat7,,Mus musculus,10090
ENSMUSG00000035597,Prpf39,,Mus musculus,10090
ENSMUSG00000035601,Trmt10b,,Mus musculus,10090
ENSMUSG00000035621,Midn,,Mus musculus,10090
ENSMUSG00000035626,Olfr1509,,Mus musculus,10090
ENSMUSG00000035637,Grhpr,,Mus musculus,10090
ENSMUSG00000035638,Muc20,,Mus musculus,10090
ENSMUSG00000035640,Cbarp,,Mus musculus,10090
ENSMUSG00000035642,Aamdc,,Mus musculus,10090
ENSMUSG00000035649,Zcchc7,,Mus musculus,10090
ENSMUSG00000035666,Gtf3c4,,Mus musculus,10090
ENSMUSG00000035674,Ndufa3,,Mus musculus,10090
ENSMUSG00000035678,Tnfsf9,,Mus musculus,10090
ENSMUSG00000035683,Melk,,Mus musculus,10090
ENSMUSG00000035686,Thrsp,,Mus musculus,10090
ENSMUSG00000035694,Caps2,,Mus musculus,10090
ENSMUSG00000035696,Rnf38,,Mus musculus,10090
ENSMUSG00000035697,Arhgap45,,Mus musculus,10090
ENSMUSG00000035699,Slc51a,,Mus musculus,10090
ENSMUSG00000035711,Dok3,,Mus musculus,10090
ENSMUSG00000035722,Abca7,,Mus musculus,10090
ENSMUSG00000035725,Prkx,,Mus musculus,10090
ENSMUSG00000035726,Supt16,,Mus musculus,10090
ENSMUSG00000035745,Grin3b,,Mus musculus,10090
ENSMUSG00000035764,Fbxo45,,Mus musculus,10090
ENSMUSG00000035765,Dym,,Mus musculus,10090
ENSMUSG00000035769,Xylb,,Mus musculus,10090
ENSMUSG00000035772,Mrps2,,Mus musculus,10090
ENSMUSG00000035773,Kiss1r,,Mus musculus,10090
ENSMUSG00000035775,Krt20,,Mus musculus,10090
ENSMUSG00000035776,Cd99l2,,Mus musculus,10090
ENSMUSG00000035778,Ggta1,,Mus musculus,10090
ENSMUSG00000035780,Ugt2a3,,Mus musculus,10090
ENSMUSG00000035783,Acta2,,Mus musculus,10090
ENSMUSG00000035790,Cep19,,Mus musculus,10090
ENSMUSG00000035799,Twist1,,Mus musculus,10090
ENSMUSG00000035804,Ins1,,Mus musculus,10090
ENSMUSG00000035805,Mlc1,,Mus musculus,10090
ENSMUSG00000035818,Plekhs1,,Mus musculus,10090
ENSMUSG00000035824,Tk2,,Mus musculus,10090
ENSMUSG00000035828,Pim3,,Mus musculus,10090
ENSMUSG00000035831,Krt25,,Mus musculus,10090
ENSMUSG00000035834,Polr3g,,Mus musculus,10090
ENSMUSG00000035836,Ugt2b1,,Mus musculus,10090
ENSMUSG00000035840,Lysmd3,,Mus musculus,10090
ENSMUSG00000035845,Alg12,,Mus musculus,10090
ENSMUSG00000035847,Ids,,Mus musculus,10090
ENSMUSG00000035851,Ythdc1,,Mus musculus,10090
ENSMUSG00000035852,Misp,,Mus musculus,10090
ENSMUSG00000035863,Palm,,Mus musculus,10090
ENSMUSG00000035864,Syt1,,Mus musculus,10090
ENSMUSG00000035873,Pawr,,Mus musculus,10090
ENSMUSG00000035885,Cox8a,,Mus musculus,10090
ENSMUSG00000035890,Rnf126,,Mus musculus,10090
ENSMUSG00000035891,Cerk,,Mus musculus,10090
ENSMUSG00000035896,Rnase1,,Mus musculus,10090
ENSMUSG00000035900,Gramd4,,Mus musculus,10090
ENSMUSG00000035901,Dennd5a,,Mus musculus,10090
ENSMUSG00000035914,Cd276,,Mus musculus,10090
ENSMUSG00000035919,Bbs9,,Mus musculus,10090
ENSMUSG00000035923,Myf6,,Mus musculus,10090
ENSMUSG00000035930,Chst4,,Mus musculus,10090
ENSMUSG00000035933,Cog5,,Mus musculus,10090
ENSMUSG00000035934,Pknox2,,Mus musculus,10090
ENSMUSG00000035941,Ibtk,,Mus musculus,10090
ENSMUSG00000035946,Gsx2,,Mus musculus,10090
ENSMUSG00000035949,Fbxw2,,Mus musculus,10090
ENSMUSG00000035951,Ascl3,,Mus musculus,10090
ENSMUSG00000035958,Tdp2,,Mus musculus,10090
ENSMUSG00000035960,Apex1,,Mus musculus,10090
ENSMUSG00000035967,Ints6l,,Mus musculus,10090
ENSMUSG00000035969,Rusc2,,Mus musculus,10090
ENSMUSG00000035983,Gm7008,,Mus musculus,10090
ENSMUSG00000035984,Nme5,,Mus musculus,10090
ENSMUSG00000036002,Fam214b,,Mus musculus,10090
ENSMUSG00000036006,Ripor2,,Mus musculus,10090
ENSMUSG00000036023,Parp2,,Mus musculus,10090
ENSMUSG00000036026,Tmem63b,,Mus musculus,10090
ENSMUSG00000036036,Zfp57,,Mus musculus,10090
ENSMUSG00000036046,5031439G07Rik,,Mus musculus,10090
ENSMUSG00000036052,Dnajb5,,Mus musculus,10090
ENSMUSG00000036054,Sugp2,,Mus musculus,10090
ENSMUSG00000036057,Ptpn23,,Mus musculus,10090
ENSMUSG00000036078,Sigmar1,,Mus musculus,10090
ENSMUSG00000036083,Slc17a3,,Mus musculus,10090
ENSMUSG00000036087,Slain2,,Mus musculus,10090
ENSMUSG00000036091,Hyal3,,Mus musculus,10090
ENSMUSG00000036093,Arl5a,,Mus musculus,10090
ENSMUSG00000036097,Slf2,,Mus musculus,10090
ENSMUSG00000036098,Myrf,,Mus musculus,10090
ENSMUSG00000036103,Colec12,,Mus musculus,10090
ENSMUSG00000036106,Prr5,,Mus musculus,10090
ENSMUSG00000036109,Mbnl3,,Mus musculus,10090
ENSMUSG00000036110,Slc17a2,,Mus musculus,10090
ENSMUSG00000036111,Lmo1,,Mus musculus,10090
ENSMUSG00000036112,Metap2,,Mus musculus,10090
ENSMUSG00000036114,Rpp25l,,Mus musculus,10090
ENSMUSG00000036117,Il5,,Mus musculus,10090
ENSMUSG00000036120,Rfxank,,Mus musculus,10090
ENSMUSG00000036136,Fam110c,,Mus musculus,10090
ENSMUSG00000036138,Acaa1a,,Mus musculus,10090
ENSMUSG00000036139,Hoxc9,,Mus musculus,10090
ENSMUSG00000036144,Meox2,,Mus musculus,10090
ENSMUSG00000036151,Tm6sf2,,Mus musculus,10090
ENSMUSG00000036155,Mgat5,,Mus musculus,10090
ENSMUSG00000036158,Prickle1,,Mus musculus,10090
ENSMUSG00000036160,Surf6,,Mus musculus,10090
ENSMUSG00000036169,Sostdc1,,Mus musculus,10090
ENSMUSG00000036180,Gatad2a,,Mus musculus,10090
ENSMUSG00000036181,H1f2,,Mus musculus,10090
ENSMUSG00000036185,Sapcd1,,Mus musculus,10090
ENSMUSG00000036186,Dipk1b,,Mus musculus,10090
ENSMUSG00000036188,Ankmy2,,Mus musculus,10090
ENSMUSG00000036192,Rorb,,Mus musculus,10090
ENSMUSG00000036196,Slc26a8,,Mus musculus,10090
ENSMUSG00000036199,Ndufa13,,Mus musculus,10090
ENSMUSG00000036202,Rif1,,Mus musculus,10090
ENSMUSG00000036206,Sh3bp4,,Mus musculus,10090
ENSMUSG00000036208,Nepro,,Mus musculus,10090
ENSMUSG00000036211,H1f6,,Mus musculus,10090
ENSMUSG00000036214,Znrd1as,,Mus musculus,10090
ENSMUSG00000036216,Leap2,,Mus musculus,10090
ENSMUSG00000036223,Ska1,,Mus musculus,10090
ENSMUSG00000036225,Kctd1,,Mus musculus,10090
ENSMUSG00000036231,Agr3,,Mus musculus,10090
ENSMUSG00000036241,Ube2r2,,Mus musculus,10090
ENSMUSG00000036242,Armh4,,Mus musculus,10090
ENSMUSG00000036246,Gmip,,Mus musculus,10090
ENSMUSG00000036249,Rbm43,,Mus musculus,10090
ENSMUSG00000036251,Trpm8,,Mus musculus,10090
ENSMUSG00000036256,Igfbp7,,Mus musculus,10090
ENSMUSG00000036257,Pnpla8,,Mus musculus,10090
ENSMUSG00000036270,Edc4,,Mus musculus,10090
ENSMUSG00000036273,Lrrk2,,Mus musculus,10090
ENSMUSG00000036275,9530068E07Rik,,Mus musculus,10090
ENSMUSG00000036278,Macrod1,,Mus musculus,10090
ENSMUSG00000036282,Naa30,,Mus musculus,10090
ENSMUSG00000036285,Noa1,,Mus musculus,10090
ENSMUSG00000036291,Ap5m1,,Mus musculus,10090
ENSMUSG00000036299,BC031181,,Mus musculus,10090
ENSMUSG00000036309,Skp1a,,Mus musculus,10090
ENSMUSG00000036315,Znrd1,,Mus musculus,10090
ENSMUSG00000036322,H2-Ea-ps,,Mus musculus,10090
ENSMUSG00000036330,Slc18a1,,Mus musculus,10090
ENSMUSG00000036339,Tmem260,,Mus musculus,10090
ENSMUSG00000036352,Ubac1,,Mus musculus,10090
ENSMUSG00000036353,P2ry12,,Mus musculus,10090
ENSMUSG00000036356,Csgalnact1,,Mus musculus,10090
ENSMUSG00000036371,Serbp1,,Mus musculus,10090
ENSMUSG00000036376,Abt1,,Mus musculus,10090
ENSMUSG00000036381,P2ry14,,Mus musculus,10090
ENSMUSG00000036390,Gadd45a,,Mus musculus,10090
ENSMUSG00000036398,Ppp1r11,,Mus musculus,10090
ENSMUSG00000036402,Gng12,,Mus musculus,10090
ENSMUSG00000036412,Arsi,,Mus musculus,10090
ENSMUSG00000036422,Pcdh8,,Mus musculus,10090
ENSMUSG00000036427,Gpi1,,Mus musculus,10090
ENSMUSG00000036430,Tbcc,,Mus musculus,10090
ENSMUSG00000036432,Siah2,,Mus musculus,10090
ENSMUSG00000036435,Exoc1,,Mus musculus,10090
ENSMUSG00000036437,Npy1r,,Mus musculus,10090
ENSMUSG00000036438,Calm2,,Mus musculus,10090
ENSMUSG00000036442,Thap11,,Mus musculus,10090
ENSMUSG00000036446,Lum,,Mus musculus,10090
ENSMUSG00000036449,Lcn8,,Mus musculus,10090
ENSMUSG00000036461,Elf1,,Mus musculus,10090
ENSMUSG00000036463,4930544G11Rik,,Mus musculus,10090
ENSMUSG00000036473,Tbc1d24,,Mus musculus,10090
ENSMUSG00000036499,Eea1,,Mus musculus,10090
ENSMUSG00000036500,Akp3,,Mus musculus,10090
ENSMUSG00000036503,Rnf13,,Mus musculus,10090
ENSMUSG00000036510,Cdh8,,Mus musculus,10090
ENSMUSG00000036513,Commd2,,Mus musculus,10090
ENSMUSG00000036523,Greb1,,Mus musculus,10090
ENSMUSG00000036528,Ppfibp2,,Mus musculus,10090
ENSMUSG00000036533,Cdc42ep3,,Mus musculus,10090
ENSMUSG00000036537,Rnf113a1,,Mus musculus,10090
ENSMUSG00000036553,Sh3tc1,,Mus musculus,10090
ENSMUSG00000036560,Lgi4,,Mus musculus,10090
ENSMUSG00000036561,Ppp6r2,,Mus musculus,10090
ENSMUSG00000036564,Ndrg4,,Mus musculus,10090
ENSMUSG00000036570,Fxyd1,,Mus musculus,10090
ENSMUSG00000036572,Upf3b,,Mus musculus,10090
ENSMUSG00000036578,Fxyd7,,Mus musculus,10090
ENSMUSG00000036580,Spg20,,Mus musculus,10090
ENSMUSG00000036585,Fgf1,,Mus musculus,10090
ENSMUSG00000036587,Fut7,,Mus musculus,10090
ENSMUSG00000036591,Arhgap21,,Mus musculus,10090
ENSMUSG00000036594,H2-Aa,,Mus musculus,10090
ENSMUSG00000036596,Cpz,,Mus musculus,10090
ENSMUSG00000036599,Chst12,,Mus musculus,10090
ENSMUSG00000036606,Plxnb2,,Mus musculus,10090
ENSMUSG00000036611,Eepd1,,Mus musculus,10090
ENSMUSG00000036613,Eipr1,,Mus musculus,10090
ENSMUSG00000036615,Rfxap,,Mus musculus,10090
ENSMUSG00000036617,Etl4,,Mus musculus,10090
ENSMUSG00000036620,Mgat4b,,Mus musculus,10090
ENSMUSG00000036622,Atp13a2,,Mus musculus,10090
ENSMUSG00000036632,Alg5,,Mus musculus,10090
ENSMUSG00000036634,Mag,,Mus musculus,10090
ENSMUSG00000036636,Clcn7,,Mus musculus,10090
ENSMUSG00000036639,Nudt1,,Mus musculus,10090
ENSMUSG00000036646,Man1b1,,Mus musculus,10090
ENSMUSG00000036672,Cenpt,,Mus musculus,10090
ENSMUSG00000036678,Aaas,,Mus musculus,10090
ENSMUSG00000036686,Cc2d1a,,Mus musculus,10090
ENSMUSG00000036687,Tmem184a,,Mus musculus,10090
ENSMUSG00000036693,Nop14,,Mus musculus,10090
ENSMUSG00000036707,Cab39,,Mus musculus,10090
ENSMUSG00000036721,Zscan12,,Mus musculus,10090
ENSMUSG00000036731,Cysrt1,,Mus musculus,10090
ENSMUSG00000036733,Rbm42,,Mus musculus,10090
ENSMUSG00000036737,Oxsr1,,Mus musculus,10090
ENSMUSG00000036743,Psma8,,Mus musculus,10090
ENSMUSG00000036748,Cuedc2,,Mus musculus,10090
ENSMUSG00000036751,Cox6b1,,Mus musculus,10090
ENSMUSG00000036764,Dnajc12,,Mus musculus,10090
ENSMUSG00000036766,Dner,,Mus musculus,10090
ENSMUSG00000036775,Decr2,,Mus musculus,10090
ENSMUSG00000036777,Anln,,Mus musculus,10090
ENSMUSG00000036781,Rps27l,,Mus musculus,10090
ENSMUSG00000036782,Klhl13,,Mus musculus,10090
ENSMUSG00000036810,Cnep1r1,,Mus musculus,10090
ENSMUSG00000036814,Slc6a20a,,Mus musculus,10090
ENSMUSG00000036816,Atoh7,,Mus musculus,10090
ENSMUSG00000036817,Sun1,,Mus musculus,10090
ENSMUSG00000036822,Topors,,Mus musculus,10090
ENSMUSG00000036825,Ssx2ip,,Mus musculus,10090
ENSMUSG00000036832,Lpar3,,Mus musculus,10090
ENSMUSG00000036833,Pnpla7,,Mus musculus,10090
ENSMUSG00000036840,Siah1a,,Mus musculus,10090
ENSMUSG00000036850,Mrpl41,,Mus musculus,10090
ENSMUSG00000036853,Mcoln3,,Mus musculus,10090
ENSMUSG00000036855,Gjd4,,Mus musculus,10090
ENSMUSG00000036856,Wnt4,,Mus musculus,10090
ENSMUSG00000036858,Ptcra,,Mus musculus,10090
ENSMUSG00000036860,Mrpl55,,Mus musculus,10090
ENSMUSG00000036867,Smad6,,Mus musculus,10090
ENSMUSG00000036873,2410004B18Rik,,Mus musculus,10090
ENSMUSG00000036875,Dna2,,Mus musculus,10090
ENSMUSG00000036879,Phkb,,Mus musculus,10090
ENSMUSG00000036880,Acaa2,,Mus musculus,10090
ENSMUSG00000036887,C1qa,,Mus musculus,10090
ENSMUSG00000036892,Prodh2,,Mus musculus,10090
ENSMUSG00000036894,Rap2b,,Mus musculus,10090
ENSMUSG00000036896,C1qc,,Mus musculus,10090
ENSMUSG00000036904,Fzd8,,Mus musculus,10090
ENSMUSG00000036905,C1qb,,Mus musculus,10090
ENSMUSG00000036908,Unc93b1,,Mus musculus,10090
ENSMUSG00000036916,Zfp280c,,Mus musculus,10090
ENSMUSG00000036921,Tex46,,Mus musculus,10090
ENSMUSG00000036925,Mucl2,,Mus musculus,10090
ENSMUSG00000036928,Stag3,,Mus musculus,10090
ENSMUSG00000036932,Aifm1,,Mus musculus,10090
ENSMUSG00000036940,Kdm1a,,Mus musculus,10090
ENSMUSG00000036941,Elac1,,Mus musculus,10090
ENSMUSG00000036943,Rab8b,,Mus musculus,10090
ENSMUSG00000036944,Tmem71,,Mus musculus,10090
ENSMUSG00000036958,Cst11,,Mus musculus,10090
ENSMUSG00000036961,Wnt8b,,Mus musculus,10090
ENSMUSG00000036964,Trim17,,Mus musculus,10090
ENSMUSG00000036966,Spryd3,,Mus musculus,10090
ENSMUSG00000036972,Zic4,,Mus musculus,10090
ENSMUSG00000036980,Taf6,,Mus musculus,10090
ENSMUSG00000036983,Tfb1m,,Mus musculus,10090
ENSMUSG00000036985,Zdhhc9,,Mus musculus,10090
ENSMUSG00000036986,Pml,,Mus musculus,10090
ENSMUSG00000036989,Trim3,,Mus musculus,10090
ENSMUSG00000036990,Otud4,,Mus musculus,10090
ENSMUSG00000036992,Nxt1,,Mus musculus,10090
ENSMUSG00000037001,Zfp39,,Mus musculus,10090
ENSMUSG00000037003,Tns2,,Mus musculus,10090
ENSMUSG00000037005,Xpnpep2,,Mus musculus,10090
ENSMUSG00000037007,Zfp113,,Mus musculus,10090
ENSMUSG00000037010,Apln,,Mus musculus,10090
ENSMUSG00000037012,Hk1,,Mus musculus,10090
ENSMUSG00000037013,Ss18,,Mus musculus,10090
ENSMUSG00000037014,Sstr4,,Mus musculus,10090
ENSMUSG00000037017,Zscan21,,Mus musculus,10090
ENSMUSG00000037020,Wdr62,,Mus musculus,10090
ENSMUSG00000037022,Mmaa,,Mus musculus,10090
ENSMUSG00000037025,Foxa2,,Mus musculus,10090
ENSMUSG00000037029,Zfp146,,Mus musculus,10090
ENSMUSG00000037031,Tspan15,,Mus musculus,10090
ENSMUSG00000037032,Apbb1,,Mus musculus,10090
ENSMUSG00000037033,Clca3b,,Mus musculus,10090
ENSMUSG00000037034,Pax1,,Mus musculus,10090
ENSMUSG00000037035,Inhbb,,Mus musculus,10090
ENSMUSG00000037049,Smpd1,,Mus musculus,10090
ENSMUSG00000037053,Azgp1,,Mus musculus,10090
ENSMUSG00000037058,Paip2,,Mus musculus,10090
ENSMUSG00000037060,Cavin3,,Mus musculus,10090
ENSMUSG00000037062,Sh3glb1,,Mus musculus,10090
ENSMUSG00000037071,Scd1,,Mus musculus,10090
ENSMUSG00000037072,Selenof,,Mus musculus,10090
ENSMUSG00000037089,Slc35b2,,Mus musculus,10090
ENSMUSG00000037095,Lrg1,,Mus musculus,10090
ENSMUSG00000037103,Dcaf15,,Mus musculus,10090
ENSMUSG00000037104,Socs5,,Mus musculus,10090
ENSMUSG00000037111,Setd7,,Mus musculus,10090
ENSMUSG00000037119,Fam91a1,,Mus musculus,10090
ENSMUSG00000037126,Psd,,Mus musculus,10090
ENSMUSG00000037129,Tmprss13,,Mus musculus,10090
ENSMUSG00000037140,Tas2r108,,Mus musculus,10090
ENSMUSG00000037143,Cfap61,,Mus musculus,10090
ENSMUSG00000037145,2210407C18Rik,,Mus musculus,10090
ENSMUSG00000037148,Arhgap10,,Mus musculus,10090
ENSMUSG00000037149,Ddx1,,Mus musculus,10090
ENSMUSG00000037151,Lrrc20,,Mus musculus,10090
ENSMUSG00000037152,Ndufc1,,Mus musculus,10090
ENSMUSG00000037161,Mgarp,,Mus musculus,10090
ENSMUSG00000037166,Ppp1r14a,,Mus musculus,10090
ENSMUSG00000037169,Mycn,,Mus musculus,10090
ENSMUSG00000037171,Nodal,,Mus musculus,10090
ENSMUSG00000037172,E330009J07Rik,,Mus musculus,10090
ENSMUSG00000037174,Elf2,,Mus musculus,10090
ENSMUSG00000037185,Krt80,,Mus musculus,10090
ENSMUSG00000037190,Cyb561d2,,Mus musculus,10090
ENSMUSG00000037196,Pacrg,,Mus musculus,10090
ENSMUSG00000037197,Rbm17,,Mus musculus,10090
ENSMUSG00000037202,Prf1,,Mus musculus,10090
ENSMUSG00000037204,Atg101,,Mus musculus,10090
ENSMUSG00000037206,Islr,,Mus musculus,10090
ENSMUSG00000037211,Spry1,,Mus musculus,10090
ENSMUSG00000037216,Lipt1,,Mus musculus,10090
ENSMUSG00000037217,Syn1,,Mus musculus,10090
ENSMUSG00000037235,Mxd4,,Mus musculus,10090
ENSMUSG00000037236,Matr3,,Mus musculus,10090
ENSMUSG00000037242,Clic4,,Mus musculus,10090
ENSMUSG00000037251,Pomk,,Mus musculus,10090
ENSMUSG00000037254,Itih2,,Mus musculus,10090
ENSMUSG00000037257,Aagab,,Mus musculus,10090
ENSMUSG00000037260,Hgsnat,,Mus musculus,10090
ENSMUSG00000037262,Kin,,Mus musculus,10090
ENSMUSG00000037266,Rsrp1,,Mus musculus,10090
ENSMUSG00000037270,4932438A13Rik,,Mus musculus,10090
ENSMUSG00000037279,Ovol2,,Mus musculus,10090
ENSMUSG00000037280,Galnt6,,Mus musculus,10090
ENSMUSG00000037286,Stag1,,Mus musculus,10090
ENSMUSG00000037287,Tbcel,,Mus musculus,10090
ENSMUSG00000037295,Ldlrap1,,Mus musculus,10090
ENSMUSG00000037296,Lsm1,,Mus musculus,10090
ENSMUSG00000037300,Ttc13,,Mus musculus,10090
ENSMUSG00000037313,Tacc3,,Mus musculus,10090
ENSMUSG00000037316,Bag4,,Mus musculus,10090
ENSMUSG00000037321,Tap1,,Mus musculus,10090
ENSMUSG00000037326,Capn15,,Mus musculus,10090
ENSMUSG00000037331,Larp1,,Mus musculus,10090
ENSMUSG00000037335,Hand1,,Mus musculus,10090
ENSMUSG00000037337,Map4k1,,Mus musculus,10090
ENSMUSG00000037339,Fam53a,,Mus musculus,10090
ENSMUSG00000037344,Slc12a9,,Mus musculus,10090
ENSMUSG00000037346,Hrh4,,Mus musculus,10090
ENSMUSG00000037347,Chst7,,Mus musculus,10090
ENSMUSG00000037348,Paqr7,,Mus musculus,10090
ENSMUSG00000037349,Nudt22,,Mus musculus,10090
ENSMUSG00000037351,Actr1b,,Mus musculus,10090
ENSMUSG00000037353,Letmd1,,Mus musculus,10090
ENSMUSG00000037361,Sf3b6,,Mus musculus,10090
ENSMUSG00000037362,Ccn3,,Mus musculus,10090
ENSMUSG00000037366,Pafah2,,Mus musculus,10090
ENSMUSG00000037369,Kdm6a,,Mus musculus,10090
ENSMUSG00000037370,Enpp1,,Mus musculus,10090
ENSMUSG00000037373,Ctbp1,,Mus musculus,10090
ENSMUSG00000037375,Hhat,,Mus musculus,10090
ENSMUSG00000037379,Spon2,,Mus musculus,10090
ENSMUSG00000037386,Rims2,,Mus musculus,10090
ENSMUSG00000037390,Muc3,,Mus musculus,10090
ENSMUSG00000037393,Nmur2,,Mus musculus,10090
ENSMUSG00000037395,Rcor3,,Mus musculus,10090
ENSMUSG00000037400,Atp11b,,Mus musculus,10090
ENSMUSG00000037405,Icam1,,Mus musculus,10090
ENSMUSG00000037411,Serpine1,,Mus musculus,10090
ENSMUSG00000037415,Ranbp10,,Mus musculus,10090
ENSMUSG00000037416,Dmxl1,,Mus musculus,10090
ENSMUSG00000037419,Endod1,,Mus musculus,10090
ENSMUSG00000037434,Slc30a1,,Mus musculus,10090
ENSMUSG00000037440,Vnn1,,Mus musculus,10090
ENSMUSG00000037443,Cep85,,Mus musculus,10090
ENSMUSG00000037446,Tulp1,,Mus musculus,10090
ENSMUSG00000037447,Arid5a,,Mus musculus,10090
ENSMUSG00000037458,Azin1,,Mus musculus,10090
ENSMUSG00000037461,Ints7,,Mus musculus,10090
ENSMUSG00000037465,Klf10,,Mus musculus,10090
ENSMUSG00000037466,Tedc1,,Mus musculus,10090
ENSMUSG00000037470,Uggt1,,Mus musculus,10090
ENSMUSG00000037474,Dtl,,Mus musculus,10090
ENSMUSG00000037475,Thoc2,,Mus musculus,10090
ENSMUSG00000037482,Erv3,,Mus musculus,10090
ENSMUSG00000037487,Ubr5,,Mus musculus,10090
ENSMUSG00000037493,Cib2,,Mus musculus,10090
ENSMUSG00000037499,Nenf,,Mus musculus,10090
ENSMUSG00000037523,Mavs,,Mus musculus,10090
ENSMUSG00000037525,Bcdin3d,,Mus musculus,10090
ENSMUSG00000037526,Atg14,,Mus musculus,10090
ENSMUSG00000037529,Prss40,,Mus musculus,10090
ENSMUSG00000037531,Mrpl47,,Mus musculus,10090
ENSMUSG00000037533,Rapgef6,,Mus musculus,10090
ENSMUSG00000037542,Aldh8a1,,Mus musculus,10090
ENSMUSG00000037544,Dlgap5,,Mus musculus,10090
ENSMUSG00000037548,H2-DMb2,,Mus musculus,10090
ENSMUSG00000037552,Plekhg2,,Mus musculus,10090
ENSMUSG00000037568,Vash2,,Mus musculus,10090
ENSMUSG00000037572,Wdhd1,,Mus musculus,10090
ENSMUSG00000037573,Tob1,,Mus musculus,10090
ENSMUSG00000037580,Gch1,,Mus musculus,10090
ENSMUSG00000037583,Nr0b2,,Mus musculus,10090
ENSMUSG00000037594,Clba1,,Mus musculus,10090
ENSMUSG00000037600,Kdf1,,Mus musculus,10090
ENSMUSG00000037606,Osbpl5,,Mus musculus,10090
ENSMUSG00000037608,Bclaf1,,Mus musculus,10090
ENSMUSG00000037610,Kcnmb2,,Mus musculus,10090
ENSMUSG00000037613,Tnfrsf23,,Mus musculus,10090
ENSMUSG00000037617,Spag1,,Mus musculus,10090
ENSMUSG00000037621,Atoh8,,Mus musculus,10090
ENSMUSG00000037622,Wdtc1,,Mus musculus,10090
ENSMUSG00000037624,Kcnk2,,Mus musculus,10090
ENSMUSG00000037625,Cldn11,,Mus musculus,10090
ENSMUSG00000037640,Zfp60,,Mus musculus,10090
ENSMUSG00000037643,Prkci,,Mus musculus,10090
ENSMUSG00000037649,H2-DMa,,Mus musculus,10090
ENSMUSG00000037656,Slc20a2,,Mus musculus,10090
ENSMUSG00000037664,Cdkn1c,,Mus musculus,10090
ENSMUSG00000037669,Ldah,,Mus musculus,10090
ENSMUSG00000037681,Esyt3,,Mus musculus,10090
ENSMUSG00000037685,Atp8a1,,Mus musculus,10090
ENSMUSG00000037692,Ahdc1,,Mus musculus,10090
ENSMUSG00000037697,Ddhd1,,Mus musculus,10090
ENSMUSG00000037705,Tecta,,Mus musculus,10090
ENSMUSG00000037706,Cd81,,Mus musculus,10090
ENSMUSG00000037710,Cisd1,,Mus musculus,10090
ENSMUSG00000037712,Fermt2,,Mus musculus,10090
ENSMUSG00000037720,Tmem33,,Mus musculus,10090
ENSMUSG00000037722,Gnpnat1,,Mus musculus,10090
ENSMUSG00000037725,Ckap2,,Mus musculus,10090
ENSMUSG00000037727,Avp,,Mus musculus,10090
ENSMUSG00000037730,Mynn,,Mus musculus,10090
ENSMUSG00000037731,Themis2,,Mus musculus,10090
ENSMUSG00000037736,Limch1,,Mus musculus,10090
ENSMUSG00000037740,Mrps26,,Mus musculus,10090
ENSMUSG00000037747,Phyhipl,,Mus musculus,10090
ENSMUSG00000037750,Fam222b,,Mus musculus,10090
ENSMUSG00000037754,Ppp1r16b,,Mus musculus,10090
ENSMUSG00000037759,Ptger2,,Mus musculus,10090
ENSMUSG00000037771,Slc32a1,,Mus musculus,10090
ENSMUSG00000037780,Mbl1,,Mus musculus,10090
ENSMUSG00000037788,Vopp1,,Mus musculus,10090
ENSMUSG00000037790,Defb7,,Mus musculus,10090
ENSMUSG00000037791,Phf12,,Mus musculus,10090
ENSMUSG00000037797,Adh4,,Mus musculus,10090
ENSMUSG00000037798,Mat1a,,Mus musculus,10090
ENSMUSG00000037808,Fam76b,,Mus musculus,10090
ENSMUSG00000037815,Ctnna1,,Mus musculus,10090
ENSMUSG00000037818,Abhd18,,Mus musculus,10090
ENSMUSG00000037820,Tgm2,,Mus musculus,10090
ENSMUSG00000037822,Smim14,,Mus musculus,10090
ENSMUSG00000037824,Tspan14,,Mus musculus,10090
ENSMUSG00000037846,Rtkn2,,Mus musculus,10090
ENSMUSG00000037847,Nmrk1,,Mus musculus,10090
ENSMUSG00000037851,Iars,,Mus musculus,10090
ENSMUSG00000037852,Cpe,,Mus musculus,10090
ENSMUSG00000037860,Aim2,,Mus musculus,10090
ENSMUSG00000037868,Egr2,,Mus musculus,10090
ENSMUSG00000037876,Jmjd1c,,Mus musculus,10090
ENSMUSG00000037885,Stk35,,Mus musculus,10090
ENSMUSG00000037887,Dusp8,,Mus musculus,10090
ENSMUSG00000037892,Pcdh18,,Mus musculus,10090
ENSMUSG00000037896,Rcor1,,Mus musculus,10090
ENSMUSG00000037902,Sirpa,,Mus musculus,10090
ENSMUSG00000037910,1700018B24Rik,,Mus musculus,10090
ENSMUSG00000037916,Ndufv1,,Mus musculus,10090
ENSMUSG00000037921,Ddx60,,Mus musculus,10090
ENSMUSG00000037924,Olfr16,,Mus musculus,10090
ENSMUSG00000037933,Bicd2,,Mus musculus,10090
ENSMUSG00000037935,Smarce1,,Mus musculus,10090
ENSMUSG00000037936,Scarb1,,Mus musculus,10090
ENSMUSG00000037938,Chchd5,,Mus musculus,10090
ENSMUSG00000037942,Crp,,Mus musculus,10090
ENSMUSG00000037944,Ccr7,,Mus musculus,10090
ENSMUSG00000037946,Fgd3,,Mus musculus,10090
ENSMUSG00000037949,Ano10,,Mus musculus,10090
ENSMUSG00000037957,Wdr20,,Mus musculus,10090
ENSMUSG00000037960,Card19,,Mus musculus,10090
ENSMUSG00000037965,Zc3h7a,,Mus musculus,10090
ENSMUSG00000037966,Ninj1,,Mus musculus,10090
ENSMUSG00000037971,1110032A03Rik,,Mus musculus,10090
ENSMUSG00000037974,Muc5ac,,Mus musculus,10090
ENSMUSG00000037979,Ccdc92,,Mus musculus,10090
ENSMUSG00000037984,Neurod6,,Mus musculus,10090
ENSMUSG00000037989,Wnk2,,Mus musculus,10090
ENSMUSG00000037992,Rara,,Mus musculus,10090
ENSMUSG00000037993,Dhx38,,Mus musculus,10090
ENSMUSG00000037994,Slc9b2,,Mus musculus,10090
ENSMUSG00000037995,Igsf9,,Mus musculus,10090
ENSMUSG00000037999,Arap2,,Mus musculus,10090
ENSMUSG00000038000,Acd,,Mus musculus,10090
ENSMUSG00000038002,Cramp1l,,Mus musculus,10090
ENSMUSG00000038005,Hpf1,,Mus musculus,10090
ENSMUSG00000038007,Acer2,,Mus musculus,10090
ENSMUSG00000038014,Fam120a,,Mus musculus,10090
ENSMUSG00000038015,Prm2,,Mus musculus,10090
ENSMUSG00000038023,Atp6v0a2,,Mus musculus,10090
ENSMUSG00000038024,Dennd4c,,Mus musculus,10090
ENSMUSG00000038025,Phf2,,Mus musculus,10090
ENSMUSG00000038026,Kcnj9,,Mus musculus,10090
ENSMUSG00000038034,Igsf8,,Mus musculus,10090
ENSMUSG00000038037,Socs1,,Mus musculus,10090
ENSMUSG00000038039,Gcc2,,Mus musculus,10090
ENSMUSG00000038046,Mrm3,,Mus musculus,10090
ENSMUSG00000038047,Haus6,,Mus musculus,10090
ENSMUSG00000038055,Dexi,,Mus musculus,10090
ENSMUSG00000038056,Kmt2c,,Mus musculus,10090
ENSMUSG00000038057,Dbil5,,Mus musculus,10090
ENSMUSG00000038059,Smim3,,Mus musculus,10090
ENSMUSG00000038065,Mturn,,Mus musculus,10090
ENSMUSG00000038067,Csf3,,Mus musculus,10090
ENSMUSG00000038068,Rnf144b,,Mus musculus,10090
ENSMUSG00000038070,Cntln,,Mus musculus,10090
ENSMUSG00000038071,Npy6r,,Mus musculus,10090
ENSMUSG00000038072,Galnt11,,Mus musculus,10090
ENSMUSG00000038077,Kcna6,,Mus musculus,10090
ENSMUSG00000038084,Opa1,,Mus musculus,10090
ENSMUSG00000038085,Cnbd2,,Mus musculus,10090
ENSMUSG00000038086,Hspb2,,Mus musculus,10090
ENSMUSG00000038092,Hsd3b5,,Mus musculus,10090
ENSMUSG00000038095,Sbno1,,Mus musculus,10090
ENSMUSG00000038116,Phf20,,Mus musculus,10090
ENSMUSG00000038119,Cdon,,Mus musculus,10090
ENSMUSG00000038126,Mphosph9,,Mus musculus,10090
ENSMUSG00000038127,Ccdc50,,Mus musculus,10090
ENSMUSG00000038128,Camk4,,Mus musculus,10090
ENSMUSG00000038135,Crygn,,Mus musculus,10090
ENSMUSG00000038145,Snrk,,Mus musculus,10090
ENSMUSG00000038146,Notch3,,Mus musculus,10090
ENSMUSG00000038147,Cd84,,Mus musculus,10090
ENSMUSG00000038148,Cldn16,,Mus musculus,10090
ENSMUSG00000038150,Ormdl3,,Mus musculus,10090
ENSMUSG00000038151,Prdm1,,Mus musculus,10090
ENSMUSG00000038156,Spon1,,Mus musculus,10090
ENSMUSG00000038160,Atg5,,Mus musculus,10090
ENSMUSG00000038167,Plekhg6,,Mus musculus,10090
ENSMUSG00000038170,Pde4dip,,Mus musculus,10090
ENSMUSG00000038172,Ttc39b,,Mus musculus,10090
ENSMUSG00000038174,Fam126b,,Mus musculus,10090
ENSMUSG00000038175,Mylip,,Mus musculus,10090
ENSMUSG00000038179,Slamf7,,Mus musculus,10090
ENSMUSG00000038180,Spag4,,Mus musculus,10090
ENSMUSG00000038187,Btbd10,,Mus musculus,10090
ENSMUSG00000038192,Cer1,,Mus musculus,10090
ENSMUSG00000038193,Hand2,,Mus musculus,10090
ENSMUSG00000038203,Hoxa13,,Mus musculus,10090
ENSMUSG00000038204,Asb10,,Mus musculus,10090
ENSMUSG00000038206,Fbxo8,,Mus musculus,10090
ENSMUSG00000038209,Itln1,,Mus musculus,10090
ENSMUSG00000038210,Hoxa11,,Mus musculus,10090
ENSMUSG00000038212,Mfsd14b,,Mus musculus,10090
ENSMUSG00000038213,Tapbpl,,Mus musculus,10090
ENSMUSG00000038216,Pnmt,,Mus musculus,10090
ENSMUSG00000038217,Tlcd2,,Mus musculus,10090
ENSMUSG00000038224,Serpinf2,,Mus musculus,10090
ENSMUSG00000038227,Hoxa9,,Mus musculus,10090
ENSMUSG00000038235,F11r,,Mus musculus,10090
ENSMUSG00000038236,Hoxa7,,Mus musculus,10090
ENSMUSG00000038239,Hrc,,Mus musculus,10090
ENSMUSG00000038241,Cep250,,Mus musculus,10090
ENSMUSG00000038242,Aox4,,Mus musculus,10090
ENSMUSG00000038244,Mical2,,Mus musculus,10090
ENSMUSG00000038246,Fam50b,,Mus musculus,10090
ENSMUSG00000038248,Sobp,,Mus musculus,10090
ENSMUSG00000038250,Usp38,,Mus musculus,10090
ENSMUSG00000038252,Ncapd2,,Mus musculus,10090
ENSMUSG00000038253,Hoxa5,,Mus musculus,10090
ENSMUSG00000038255,Neurod2,,Mus musculus,10090
ENSMUSG00000038256,Bcl9,,Mus musculus,10090
ENSMUSG00000038257,Glra3,,Mus musculus,10090
ENSMUSG00000038259,Gdf5,,Mus musculus,10090
ENSMUSG00000038264,Sema7a,,Mus musculus,10090
ENSMUSG00000038267,Slc22a23,,Mus musculus,10090
ENSMUSG00000038268,Ovca2,,Mus musculus,10090
ENSMUSG00000038271,Iffo1,,Mus musculus,10090
ENSMUSG00000038279,Nop2,,Mus musculus,10090
ENSMUSG00000038286,Bphl,,Mus musculus,10090
ENSMUSG00000038290,Smg6,,Mus musculus,10090
ENSMUSG00000038295,Atg9b,,Mus musculus,10090
ENSMUSG00000038298,Pdzk1,,Mus musculus,10090
ENSMUSG00000038299,Wdr36,,Mus musculus,10090
ENSMUSG00000038300,Pth2,,Mus musculus,10090
ENSMUSG00000038301,Snx10,,Mus musculus,10090
ENSMUSG00000038302,Afg1l,,Mus musculus,10090
ENSMUSG00000038304,Cd160,,Mus musculus,10090
ENSMUSG00000038305,Spats2l,,Mus musculus,10090
ENSMUSG00000038312,Edem2,,Mus musculus,10090
ENSMUSG00000038319,Kcnh2,,Mus musculus,10090
ENSMUSG00000038324,Trpc4ap,,Mus musculus,10090
ENSMUSG00000038331,Satb2,,Mus musculus,10090
ENSMUSG00000038332,Sesn1,,Mus musculus,10090
ENSMUSG00000038335,Tsr1,,Mus musculus,10090
ENSMUSG00000038342,Mlxip,,Mus musculus,10090
ENSMUSG00000038344,Txlng,,Mus musculus,10090
ENSMUSG00000038347,Tcte2,,Mus musculus,10090
ENSMUSG00000038357,Camp,,Mus musculus,10090
ENSMUSG00000038365,Fbxo25,,Mus musculus,10090
ENSMUSG00000038366,Lasp1,,Mus musculus,10090
ENSMUSG00000038369,Ncoa6,,Mus musculus,10090
ENSMUSG00000038370,Pcp4l1,,Mus musculus,10090
ENSMUSG00000038371,Sbf2,,Mus musculus,10090
ENSMUSG00000038374,Rbm8a,,Mus musculus,10090
ENSMUSG00000038375,Trp53inp2,,Mus musculus,10090
ENSMUSG00000038379,Ttk,,Mus musculus,10090
ENSMUSG00000038383,Pigu,,Mus musculus,10090
ENSMUSG00000038387,Rras,,Mus musculus,10090
ENSMUSG00000038388,Mpp6,,Mus musculus,10090
ENSMUSG00000038390,Gpr162,,Mus musculus,10090
ENSMUSG00000038393,Txnip,,Mus musculus,10090
ENSMUSG00000038400,Pmepa1,,Mus musculus,10090
ENSMUSG00000038402,Foxf2,,Mus musculus,10090
ENSMUSG00000038412,Higd1a,,Mus musculus,10090
ENSMUSG00000038415,Foxq1,,Mus musculus,10090
ENSMUSG00000038416,Cdc16,,Mus musculus,10090
ENSMUSG00000038417,Fig4,,Mus musculus,10090
ENSMUSG00000038418,Egr1,,Mus musculus,10090
ENSMUSG00000038421,Fcrla,,Mus musculus,10090
ENSMUSG00000038422,Hdhd3,,Mus musculus,10090
ENSMUSG00000038425,Poli,,Mus musculus,10090
ENSMUSG00000038429,Usp5,,Mus musculus,10090
ENSMUSG00000038437,Mllt6,,Mus musculus,10090
ENSMUSG00000038451,Spsb2,,Mus musculus,10090
ENSMUSG00000038453,Srcin1,,Mus musculus,10090
ENSMUSG00000038459,Abhd17c,,Mus musculus,10090
ENSMUSG00000038462,Uqcrfs1,,Mus musculus,10090
ENSMUSG00000038463,Olfml2b,,Mus musculus,10090
ENSMUSG00000038467,Chmp4b,,Mus musculus,10090
ENSMUSG00000038482,Tfdp1,,Mus musculus,10090
ENSMUSG00000038485,Socs7,,Mus musculus,10090
ENSMUSG00000038486,Sv2a,,Mus musculus,10090
ENSMUSG00000038495,Otud7b,,Mus musculus,10090
ENSMUSG00000038496,Slc19a3,,Mus musculus,10090
ENSMUSG00000038497,Tmco3,,Mus musculus,10090
ENSMUSG00000038498,Catsper1,,Mus musculus,10090
ENSMUSG00000038500,Prr3,,Mus musculus,10090
ENSMUSG00000038502,Ptov1,,Mus musculus,10090
ENSMUSG00000038503,Mesd,,Mus musculus,10090
ENSMUSG00000038507,Parp12,,Mus musculus,10090
ENSMUSG00000038508,Gdf15,,Mus musculus,10090
ENSMUSG00000038510,Rpf2,,Mus musculus,10090
ENSMUSG00000038515,Grtp1,,Mus musculus,10090
ENSMUSG00000038518,Jarid2,,Mus musculus,10090
ENSMUSG00000038520,Tbc1d17,,Mus musculus,10090
ENSMUSG00000038522,Mfsd4b1,,Mus musculus,10090
ENSMUSG00000038524,Fchsd1,,Mus musculus,10090
ENSMUSG00000038525,Armc10,,Mus musculus,10090
ENSMUSG00000038526,Car14,,Mus musculus,10090
ENSMUSG00000038530,Rgs4,,Mus musculus,10090
ENSMUSG00000038533,Cbfa2t2,,Mus musculus,10090
ENSMUSG00000038535,Zfp280d,,Mus musculus,10090
ENSMUSG00000038537,Mc3r,,Mus musculus,10090
ENSMUSG00000038539,Atf5,,Mus musculus,10090
ENSMUSG00000038541,Srd5a2,,Mus musculus,10090
ENSMUSG00000038542,Pcid2,,Mus musculus,10090
ENSMUSG00000038543,BC028528,,Mus musculus,10090
ENSMUSG00000038545,Cul7,,Mus musculus,10090
ENSMUSG00000038546,Ranbp9,,Mus musculus,10090
ENSMUSG00000038552,Fndc4,,Mus musculus,10090
ENSMUSG00000038555,Reep2,,Mus musculus,10090
ENSMUSG00000038560,Sp6,,Mus musculus,10090
ENSMUSG00000038563,Efl1,,Mus musculus,10090
ENSMUSG00000038564,Ift172,,Mus musculus,10090
ENSMUSG00000038567,Cyp24a1,,Mus musculus,10090
ENSMUSG00000038569,Rad9b,,Mus musculus,10090
ENSMUSG00000038572,Bpifb5,,Mus musculus,10090
ENSMUSG00000038576,Susd4,,Mus musculus,10090
ENSMUSG00000038580,Sct,,Mus musculus,10090
ENSMUSG00000038582,Pptc7,,Mus musculus,10090
ENSMUSG00000038583,Pln,,Mus musculus,10090
ENSMUSG00000038587,Akap12,,Mus musculus,10090
ENSMUSG00000038599,Capn8,,Mus musculus,10090
ENSMUSG00000038600,Atp6v0a4,,Mus musculus,10090
ENSMUSG00000038604,Ripor1,,Mus musculus,10090
ENSMUSG00000038605,Samd10,,Mus musculus,10090
ENSMUSG00000038612,Mcl1,,Mus musculus,10090
ENSMUSG00000038615,Nfe2l1,,Mus musculus,10090
ENSMUSG00000038618,Rassf7,,Mus musculus,10090
ENSMUSG00000038619,Ensa,,Mus musculus,10090
ENSMUSG00000038622,Med30,,Mus musculus,10090
ENSMUSG00000038623,Tm6sf1,,Mus musculus,10090
ENSMUSG00000038624,Nepn,,Mus musculus,10090
ENSMUSG00000038628,Polr3k,,Mus musculus,10090
ENSMUSG00000038633,Degs1,,Mus musculus,10090
ENSMUSG00000038637,Lrrc56,,Mus musculus,10090
ENSMUSG00000038641,Akr1d1,,Mus musculus,10090
ENSMUSG00000038642,Ctss,,Mus musculus,10090
ENSMUSG00000038644,Pold1,,Mus musculus,10090
ENSMUSG00000038648,Creb3l2,,Mus musculus,10090
ENSMUSG00000038650,Rnh1,,Mus musculus,10090
ENSMUSG00000038656,Cyp3a16,,Mus musculus,10090
ENSMUSG00000038664,Herc1,,Mus musculus,10090
ENSMUSG00000038668,Lpar1,,Mus musculus,10090
ENSMUSG00000038671,Arfrp1,,Mus musculus,10090
ENSMUSG00000038676,Ucn,,Mus musculus,10090
ENSMUSG00000038679,Trps1,,Mus musculus,10090
ENSMUSG00000038683,Pak1ip1,,Mus musculus,10090
ENSMUSG00000038690,Atp5j2,,Mus musculus,10090
ENSMUSG00000038691,Mbd3l1,,Mus musculus,10090
ENSMUSG00000038692,Hoxb4,,Mus musculus,10090
ENSMUSG00000038696,Mapkap1,,Mus musculus,10090
ENSMUSG00000038697,Taf5l,,Mus musculus,10090
ENSMUSG00000038700,Hoxb5,,Mus musculus,10090
ENSMUSG00000038704,Aspdh,,Mus musculus,10090
ENSMUSG00000038708,Golga4,,Mus musculus,10090
ENSMUSG00000038709,Txndc8,,Mus musculus,10090
ENSMUSG00000038712,Mindy1,,Mus musculus,10090
ENSMUSG00000038718,Pbx3,,Mus musculus,10090
ENSMUSG00000038721,Hoxb7,,Mus musculus,10090
ENSMUSG00000038722,Bud31,,Mus musculus,10090
ENSMUSG00000038725,Pkhd1l1,,Mus musculus,10090
ENSMUSG00000038732,Mboat1,,Mus musculus,10090
ENSMUSG00000038733,Wdr26,,Mus musculus,10090
ENSMUSG00000038736,Nudcd1,,Mus musculus,10090
ENSMUSG00000038740,Mvb12b,,Mus musculus,10090
ENSMUSG00000038742,Angptl6,,Mus musculus,10090
ENSMUSG00000038745,Nlrp6,,Mus musculus,10090
ENSMUSG00000038750,Omt2b,,Mus musculus,10090
ENSMUSG00000038751,Ptk6,,Mus musculus,10090
ENSMUSG00000038754,Elovl3,,Mus musculus,10090
ENSMUSG00000038760,Trhr,,Mus musculus,10090
ENSMUSG00000038762,Abcf1,,Mus musculus,10090
ENSMUSG00000038763,Alpk3,,Mus musculus,10090
ENSMUSG00000038765,Lmx1b,,Mus musculus,10090
ENSMUSG00000038773,Kdm3b,,Mus musculus,10090
ENSMUSG00000038775,Vill,,Mus musculus,10090
ENSMUSG00000038776,Ephx1,,Mus musculus,10090
ENSMUSG00000038777,Sema6c,,Mus musculus,10090
ENSMUSG00000038781,Stap2,,Mus musculus,10090
ENSMUSG00000038784,Cnot4,,Mus musculus,10090
ENSMUSG00000038791,Scgb3a2,,Mus musculus,10090
ENSMUSG00000038793,Lefty1,,Mus musculus,10090
ENSMUSG00000038797,Zscan2,,Mus musculus,10090
ENSMUSG00000038803,Ost4,,Mus musculus,10090
ENSMUSG00000038805,Six3,,Mus musculus,10090
ENSMUSG00000038812,Trmt112,,Mus musculus,10090
ENSMUSG00000038816,Ctnnal1,,Mus musculus,10090
ENSMUSG00000038822,Hace1,,Mus musculus,10090
ENSMUSG00000038828,Tmem214,,Mus musculus,10090
ENSMUSG00000038836,Agbl3,,Mus musculus,10090
ENSMUSG00000038843,Gcnt1,,Mus musculus,10090
ENSMUSG00000038844,Kif16b,,Mus musculus,10090
ENSMUSG00000038845,Phb,,Mus musculus,10090
ENSMUSG00000038848,Ythdf1,,Mus musculus,10090
ENSMUSG00000038855,Itpkb,,Mus musculus,10090
ENSMUSG00000038859,Baiap2l1,,Mus musculus,10090
ENSMUSG00000038871,Bpgm,,Mus musculus,10090
ENSMUSG00000038872,Zfhx3,,Mus musculus,10090
ENSMUSG00000038876,Rnf146,,Mus musculus,10090
ENSMUSG00000038879,Nipal2,,Mus musculus,10090
ENSMUSG00000038880,Mrps34,,Mus musculus,10090
ENSMUSG00000038883,Prl3a1,,Mus musculus,10090
ENSMUSG00000038884,Shfl,,Mus musculus,10090
ENSMUSG00000038888,Ctu1,,Mus musculus,10090
ENSMUSG00000038891,Prl3b1,,Mus musculus,10090
ENSMUSG00000038893,Fam117a,,Mus musculus,10090
ENSMUSG00000038894,Irs2,,Mus musculus,10090
ENSMUSG00000038909,Kat7,,Mus musculus,10090
ENSMUSG00000038910,Plcl2,,Mus musculus,10090
ENSMUSG00000038914,Dido1,,Mus musculus,10090
ENSMUSG00000038925,E330034G19Rik,,Mus musculus,10090
ENSMUSG00000038930,Rccd1,,Mus musculus,10090
ENSMUSG00000038932,Tcfl5,,Mus musculus,10090
ENSMUSG00000038936,Sccpdh,,Mus musculus,10090
ENSMUSG00000038943,Prc1,,Mus musculus,10090
ENSMUSG00000038965,Ube2l3,,Mus musculus,10090
ENSMUSG00000038967,Pdk2,,Mus musculus,10090
ENSMUSG00000038968,Klk1b16,,Mus musculus,10090
ENSMUSG00000038975,Rabggtb,,Mus musculus,10090
ENSMUSG00000038982,Bloc1s5,,Mus musculus,10090
ENSMUSG00000038987,Cfap157,,Mus musculus,10090
ENSMUSG00000038991,Txndc5,,Mus musculus,10090
ENSMUSG00000038994,Hils1,,Mus musculus,10090
ENSMUSG00000038997,Asb17,,Mus musculus,10090
ENSMUSG00000039000,Ube3c,,Mus musculus,10090
ENSMUSG00000039004,Bmp6,,Mus musculus,10090
ENSMUSG00000039005,Tlr4,,Mus musculus,10090
ENSMUSG00000039007,Cpq,,Mus musculus,10090
ENSMUSG00000039013,Siglecf,,Mus musculus,10090
ENSMUSG00000039016,Timm8b,,Mus musculus,10090
ENSMUSG00000039018,Mtg1,,Mus musculus,10090
ENSMUSG00000039021,Ttc16,,Mus musculus,10090
ENSMUSG00000039031,Arhgap18,,Mus musculus,10090
ENSMUSG00000039032,Tsga13,,Mus musculus,10090
ENSMUSG00000039033,Tasp1,,Mus musculus,10090
ENSMUSG00000039037,St6galnac5,,Mus musculus,10090
ENSMUSG00000039047,Pigk,,Mus musculus,10090
ENSMUSG00000039048,Foxred1,,Mus musculus,10090
ENSMUSG00000039050,Osbpl2,,Mus musculus,10090
ENSMUSG00000039055,Eme1,,Mus musculus,10090
ENSMUSG00000039058,Ak5,,Mus musculus,10090
ENSMUSG00000039059,Hrh3,,Mus musculus,10090
ENSMUSG00000039062,Anpep,,Mus musculus,10090
ENSMUSG00000039063,Echdc3,,Mus musculus,10090
ENSMUSG00000039067,Psmd7,,Mus musculus,10090
ENSMUSG00000039068,Zzz3,,Mus musculus,10090
ENSMUSG00000039069,Mtg2,,Mus musculus,10090
ENSMUSG00000039079,Trhr2,,Mus musculus,10090
ENSMUSG00000039081,Zfp503,,Mus musculus,10090
ENSMUSG00000039084,Chad,,Mus musculus,10090
ENSMUSG00000039087,Rreb1,,Mus musculus,10090
ENSMUSG00000039095,En2,,Mus musculus,10090
ENSMUSG00000039097,Rln1,,Mus musculus,10090
ENSMUSG00000039100,March6,,Mus musculus,10090
ENSMUSG00000039106,Htr5a,,Mus musculus,10090
ENSMUSG00000039108,Lsm14b,,Mus musculus,10090
ENSMUSG00000039109,F13a1,,Mus musculus,10090
ENSMUSG00000039110,Mycbpap,,Mus musculus,10090
ENSMUSG00000039115,Itga9,,Mus musculus,10090
ENSMUSG00000039117,Taf4,,Mus musculus,10090
ENSMUSG00000039128,Cdc123,,Mus musculus,10090
ENSMUSG00000039130,Zc3hc1,,Mus musculus,10090
ENSMUSG00000039131,Gipc2,,Mus musculus,10090
ENSMUSG00000039138,4930591A17Rik,,Mus musculus,10090
ENSMUSG00000039145,Camk1d,,Mus musculus,10090
ENSMUSG00000039146,Ifi44l,,Mus musculus,10090
ENSMUSG00000039148,Sart1,,Mus musculus,10090
ENSMUSG00000039153,Runx2,,Mus musculus,10090
ENSMUSG00000039154,Shd,,Mus musculus,10090
ENSMUSG00000039157,Fam102a,,Mus musculus,10090
ENSMUSG00000039158,Akna,,Mus musculus,10090
ENSMUSG00000039159,Ube2h,,Mus musculus,10090
ENSMUSG00000039167,Adgrl4,,Mus musculus,10090
ENSMUSG00000039168,Dap,,Mus musculus,10090
ENSMUSG00000039176,Polg,,Mus musculus,10090
ENSMUSG00000039178,Tbc1d19,,Mus musculus,10090
ENSMUSG00000039182,AW209491,,Mus musculus,10090
ENSMUSG00000039183,Nubp2,,Mus musculus,10090
ENSMUSG00000039187,Fanci,,Mus musculus,10090
ENSMUSG00000039191,Rbpj,,Mus musculus,10090
ENSMUSG00000039194,Rlbp1,,Mus musculus,10090
ENSMUSG00000039195,1110008P14Rik,,Mus musculus,10090
ENSMUSG00000039196,Orm1,,Mus musculus,10090
ENSMUSG00000039197,Adk,,Mus musculus,10090
ENSMUSG00000039199,Zdhhc1,,Mus musculus,10090
ENSMUSG00000039200,Atf7ip2,,Mus musculus,10090
ENSMUSG00000039202,Abhd2,,Mus musculus,10090
ENSMUSG00000039205,Ciz1,,Mus musculus,10090
ENSMUSG00000039206,Daglb,,Mus musculus,10090
ENSMUSG00000039208,Metrnl,,Mus musculus,10090
ENSMUSG00000039209,Rpl39l,,Mus musculus,10090
ENSMUSG00000039210,Gpatch2,,Mus musculus,10090
ENSMUSG00000039217,Il18,,Mus musculus,10090
ENSMUSG00000039219,Arid4b,,Mus musculus,10090
ENSMUSG00000039224,D1Pas1,,Mus musculus,10090
ENSMUSG00000039230,Tbcd,,Mus musculus,10090
ENSMUSG00000039231,Suv39h1,,Mus musculus,10090
ENSMUSG00000039233,Tbce,,Mus musculus,10090
ENSMUSG00000039234,Sec24d,,Mus musculus,10090
ENSMUSG00000039236,Isg20,,Mus musculus,10090
ENSMUSG00000039239,Tgfb2,,Mus musculus,10090
ENSMUSG00000039242,B3galnt2,,Mus musculus,10090
ENSMUSG00000039244,E130309D02Rik,,Mus musculus,10090
ENSMUSG00000039246,Lyplal1,,Mus musculus,10090
ENSMUSG00000039254,Pomt1,,Mus musculus,10090
ENSMUSG00000039257,Vstm2b,,Mus musculus,10090
ENSMUSG00000039263,Npepl1,,Mus musculus,10090
ENSMUSG00000039264,Gimap3,,Mus musculus,10090
ENSMUSG00000039275,Foxk2,,Mus musculus,10090
ENSMUSG00000039278,Pcsk1n,,Mus musculus,10090
ENSMUSG00000039285,Azi2,,Mus musculus,10090
ENSMUSG00000039294,Cybc1,,Mus musculus,10090
ENSMUSG00000039298,Cdk5rap2,,Mus musculus,10090
ENSMUSG00000039304,Tnfsf10,,Mus musculus,10090
ENSMUSG00000039307,Hexdc,,Mus musculus,10090
ENSMUSG00000039308,Ndst2,,Mus musculus,10090
ENSMUSG00000039315,Clnk,,Mus musculus,10090
ENSMUSG00000039318,Rab3gap2,,Mus musculus,10090
ENSMUSG00000039321,Uts2r,,Mus musculus,10090
ENSMUSG00000039323,Igfbp2,,Mus musculus,10090
ENSMUSG00000039329,Tex19.1,,Mus musculus,10090
ENSMUSG00000039337,Tex19.2,,Mus musculus,10090
ENSMUSG00000039345,Mettl22,,Mus musculus,10090
ENSMUSG00000039347,Atp6v0e2,,Mus musculus,10090
ENSMUSG00000039354,Smarcal1,,Mus musculus,10090
ENSMUSG00000039356,Exosc2,,Mus musculus,10090
ENSMUSG00000039361,Picalm,,Mus musculus,10090
ENSMUSG00000039364,Sectm1b,,Mus musculus,10090
ENSMUSG00000039367,Sec24c,,Mus musculus,10090
ENSMUSG00000039377,Hlx,,Mus musculus,10090
ENSMUSG00000039382,Wdr45,,Mus musculus,10090
ENSMUSG00000039384,Dusp10,,Mus musculus,10090
ENSMUSG00000039385,Cdh6,,Mus musculus,10090
ENSMUSG00000039396,Neil3,,Mus musculus,10090
ENSMUSG00000039405,Prss23,,Mus musculus,10090
ENSMUSG00000039419,Cntnap2,,Mus musculus,10090
ENSMUSG00000039427,Alg1,,Mus musculus,10090
ENSMUSG00000039428,Tmem135,,Mus musculus,10090
ENSMUSG00000039431,Mtmr7,,Mus musculus,10090
ENSMUSG00000039450,Dcxr,,Mus musculus,10090
ENSMUSG00000039452,Snx22,,Mus musculus,10090
ENSMUSG00000039456,Morc3,,Mus musculus,10090
ENSMUSG00000039457,Ppl,,Mus musculus,10090
ENSMUSG00000039461,Tcta,,Mus musculus,10090
ENSMUSG00000039462,Col10a1,,Mus musculus,10090
ENSMUSG00000039463,Slc9a8,,Mus musculus,10090
ENSMUSG00000039470,Zdhhc2,,Mus musculus,10090
ENSMUSG00000039473,Ubn1,,Mus musculus,10090
ENSMUSG00000039474,Wfs1,,Mus musculus,10090
ENSMUSG00000039476,Prrx2,,Mus musculus,10090
ENSMUSG00000039477,Tnrc18,,Mus musculus,10090
ENSMUSG00000039481,Nrtn,,Mus musculus,10090
ENSMUSG00000039483,Asb6,,Mus musculus,10090
ENSMUSG00000039485,Tspyl4,,Mus musculus,10090
ENSMUSG00000039501,Znfx1,,Mus musculus,10090
ENSMUSG00000039509,Nup133,,Mus musculus,10090
ENSMUSG00000039512,Uhrf1bp1,,Mus musculus,10090
ENSMUSG00000039515,Ptpa,,Mus musculus,10090
ENSMUSG00000039518,Cdsn,,Mus musculus,10090
ENSMUSG00000039519,Cyp7b1,,Mus musculus,10090
ENSMUSG00000039521,Foxp3,,Mus musculus,10090
ENSMUSG00000039523,Cep104,,Mus musculus,10090
ENSMUSG00000039530,Tusc3,,Mus musculus,10090
ENSMUSG00000039531,Zup1,,Mus musculus,10090
ENSMUSG00000039533,Mmd2,,Mus musculus,10090
ENSMUSG00000039536,Stau1,,Mus musculus,10090
ENSMUSG00000039542,Ncam1,,Mus musculus,10090
ENSMUSG00000039568,Ubald1,,Mus musculus,10090
ENSMUSG00000039585,Myo9a,,Mus musculus,10090
ENSMUSG00000039599,Fam149b,,Mus musculus,10090
ENSMUSG00000039601,Rcan2,,Mus musculus,10090
ENSMUSG00000039611,Tmem246,,Mus musculus,10090
ENSMUSG00000039616,Mocos,,Mus musculus,10090
ENSMUSG00000039630,Hnrnpu,,Mus musculus,10090
ENSMUSG00000039634,Zfp189,,Mus musculus,10090
ENSMUSG00000039639,Kcne1,,Mus musculus,10090
ENSMUSG00000039640,Mrpl12,,Mus musculus,10090
ENSMUSG00000039646,Vasn,,Mus musculus,10090
ENSMUSG00000039652,Cpeb3,,Mus musculus,10090
ENSMUSG00000039653,Baat,,Mus musculus,10090
ENSMUSG00000039656,Rxrb,,Mus musculus,10090
ENSMUSG00000039660,Spout1,,Mus musculus,10090
ENSMUSG00000039661,Dusp26,,Mus musculus,10090
ENSMUSG00000039662,Icmt,,Mus musculus,10090
ENSMUSG00000039670,Oxld1,,Mus musculus,10090
ENSMUSG00000039671,Zmynd8,,Mus musculus,10090
ENSMUSG00000039672,Kcne2,,Mus musculus,10090
ENSMUSG00000039678,Tbc1d13,,Mus musculus,10090
ENSMUSG00000039680,Mrps6,,Mus musculus,10090
ENSMUSG00000039682,Lap3,,Mus musculus,10090
ENSMUSG00000039691,Tspan10,,Mus musculus,10090
ENSMUSG00000039693,Msantd3,,Mus musculus,10090
ENSMUSG00000039699,Batf2,,Mus musculus,10090
ENSMUSG00000039701,Usp53,,Mus musculus,10090
ENSMUSG00000039703,Nploc4,,Mus musculus,10090
ENSMUSG00000039706,Ldb2,,Mus musculus,10090
ENSMUSG00000039710,Slc7a12,,Mus musculus,10090
ENSMUSG00000039713,Plekhg5,,Mus musculus,10090
ENSMUSG00000039714,Cplx3,,Mus musculus,10090
ENSMUSG00000039725,Trp53rka,,Mus musculus,10090
ENSMUSG00000039728,Slc6a5,,Mus musculus,10090
ENSMUSG00000039737,Prkrip1,,Mus musculus,10090
ENSMUSG00000039740,Alg2,,Mus musculus,10090
ENSMUSG00000039745,Htatip2,,Mus musculus,10090
ENSMUSG00000039748,Exo1,,Mus musculus,10090
ENSMUSG00000039754,Alkbh4,,Mus musculus,10090
ENSMUSG00000039756,Dnttip2,,Mus musculus,10090
ENSMUSG00000039763,Dnajc28,,Mus musculus,10090
ENSMUSG00000039768,Dnajc11,,Mus musculus,10090
ENSMUSG00000039770,Ypel5,,Mus musculus,10090
ENSMUSG00000039771,Polr2j,,Mus musculus,10090
ENSMUSG00000039775,Defb3,,Mus musculus,10090
ENSMUSG00000039781,Cep131,,Mus musculus,10090
ENSMUSG00000039782,Cpeb2,,Mus musculus,10090
ENSMUSG00000039783,Kmo,,Mus musculus,10090
ENSMUSG00000039785,Defb5,,Mus musculus,10090
ENSMUSG00000039804,Ncoa5,,Mus musculus,10090
ENSMUSG00000039810,Zc3h10,,Mus musculus,10090
ENSMUSG00000039826,Trub2,,Mus musculus,10090
ENSMUSG00000039830,Olig2,,Mus musculus,10090
ENSMUSG00000039835,Nhsl1,,Mus musculus,10090
ENSMUSG00000039844,Rapgef1,,Mus musculus,10090
ENSMUSG00000039851,4932438H23Rik,,Mus musculus,10090
ENSMUSG00000039852,Rere,,Mus musculus,10090
ENSMUSG00000039860,Srrm3,,Mus musculus,10090
ENSMUSG00000039865,Slc44a3,,Mus musculus,10090
ENSMUSG00000039887,Alg14,,Mus musculus,10090
ENSMUSG00000039891,Txlnb,,Mus musculus,10090
ENSMUSG00000039899,Fgl2,,Mus musculus,10090
ENSMUSG00000039903,Eva1c,,Mus musculus,10090
ENSMUSG00000039904,Gpr37,,Mus musculus,10090
ENSMUSG00000039910,Cited2,,Mus musculus,10090
ENSMUSG00000039911,Spsb1,,Mus musculus,10090
ENSMUSG00000039914,Coq10a,,Mus musculus,10090
ENSMUSG00000039917,Rhbdd2,,Mus musculus,10090
ENSMUSG00000039934,Gsap,,Mus musculus,10090
ENSMUSG00000039936,Pik3cd,,Mus musculus,10090
ENSMUSG00000039942,Ptger4,,Mus musculus,10090
ENSMUSG00000039943,Plcb4,,Mus musculus,10090
ENSMUSG00000039952,Dag1,,Mus musculus,10090
ENSMUSG00000039953,Clstn1,,Mus musculus,10090
ENSMUSG00000039956,Mrap,,Mus musculus,10090
ENSMUSG00000039958,Etfbkmt,,Mus musculus,10090
ENSMUSG00000039959,Hip1,,Mus musculus,10090
ENSMUSG00000039960,Rhou,,Mus musculus,10090
ENSMUSG00000039967,Zfp292,,Mus musculus,10090
ENSMUSG00000039985,Sinhcaf,,Mus musculus,10090
ENSMUSG00000039987,Phtf2,,Mus musculus,10090
ENSMUSG00000039988,Ankrd13c,,Mus musculus,10090
ENSMUSG00000039989,Cbx4,,Mus musculus,10090
ENSMUSG00000039990,Edrf1,,Mus musculus,10090
ENSMUSG00000039994,Timeless,,Mus musculus,10090
ENSMUSG00000039997,Ifi203,,Mus musculus,10090
ENSMUSG00000040003,Magi2,,Mus musculus,10090
ENSMUSG00000040006,Ginm1,,Mus musculus,10090
ENSMUSG00000040009,Gnaz,,Mus musculus,10090
ENSMUSG00000040010,Slc7a5,,Mus musculus,10090
ENSMUSG00000040013,Fkbp6,,Mus musculus,10090
ENSMUSG00000040016,Ptger3,,Mus musculus,10090
ENSMUSG00000040017,Saa4,,Mus musculus,10090
ENSMUSG00000040018,Cox15,,Mus musculus,10090
ENSMUSG00000040021,Lats1,,Mus musculus,10090
ENSMUSG00000040025,Ythdf2,,Mus musculus,10090
ENSMUSG00000040026,Saa3,,Mus musculus,10090
ENSMUSG00000040028,Elavl1,,Mus musculus,10090
ENSMUSG00000040029,Ipo8,,Mus musculus,10090
ENSMUSG00000040033,Stat2,,Mus musculus,10090
ENSMUSG00000040034,Nup43,,Mus musculus,10090
ENSMUSG00000040040,Ift88,,Mus musculus,10090
ENSMUSG00000040043,Rbms2,,Mus musculus,10090
ENSMUSG00000040044,Orc3,,Mus musculus,10090
ENSMUSG00000040046,Tph1,,Mus musculus,10090
ENSMUSG00000040048,Ndufb10,,Mus musculus,10090
ENSMUSG00000040054,Baz2a,,Mus musculus,10090
ENSMUSG00000040055,Gjb6,,Mus musculus,10090
ENSMUSG00000040061,Plcb2,,Mus musculus,10090
ENSMUSG00000040065,Pfpl,,Mus musculus,10090
ENSMUSG00000040084,Bub1b,,Mus musculus,10090
ENSMUSG00000040093,Bmf,,Mus musculus,10090
ENSMUSG00000040097,Flywch1,,Mus musculus,10090
ENSMUSG00000040102,Klhl42,,Mus musculus,10090
ENSMUSG00000040112,Mrps35,,Mus musculus,10090
ENSMUSG00000040118,Cacna2d1,,Mus musculus,10090
ENSMUSG00000040123,Zmym5,,Mus musculus,10090
ENSMUSG00000040128,Pnrc1,,Mus musculus,10090
ENSMUSG00000040132,Svs2,,Mus musculus,10090
ENSMUSG00000040134,Rdh7,,Mus musculus,10090
ENSMUSG00000040136,Abcc8,,Mus musculus,10090
ENSMUSG00000040138,Ndp,,Mus musculus,10090
ENSMUSG00000040146,Rgl3,,Mus musculus,10090
ENSMUSG00000040148,Hmx3,,Mus musculus,10090
ENSMUSG00000040151,Hs2st1,,Mus musculus,10090
ENSMUSG00000040152,Thbs1,,Mus musculus,10090
ENSMUSG00000040154,Wfdc5,,Mus musculus,10090
ENSMUSG00000040164,Kcns1,,Mus musculus,10090
ENSMUSG00000040165,Cd209c,,Mus musculus,10090
ENSMUSG00000040170,Fmo2,,Mus musculus,10090
ENSMUSG00000040181,Fmo1,,Mus musculus,10090
ENSMUSG00000040183,Ankrd6,,Mus musculus,10090
ENSMUSG00000040187,Arntl2,,Mus musculus,10090
ENSMUSG00000040188,Scamp2,,Mus musculus,10090
ENSMUSG00000040189,Ccdc114,,Mus musculus,10090
ENSMUSG00000040197,Cd209e,,Mus musculus,10090
ENSMUSG00000040204,Pclaf,,Mus musculus,10090
ENSMUSG00000040205,Cuzd1,,Mus musculus,10090
ENSMUSG00000040209,Zfp704,,Mus musculus,10090
ENSMUSG00000040212,Emp3,,Mus musculus,10090
ENSMUSG00000040213,Kyat3,,Mus musculus,10090
ENSMUSG00000040220,Gas8,,Mus musculus,10090
ENSMUSG00000040229,Gpr34,,Mus musculus,10090
ENSMUSG00000040231,Syngr4,,Mus musculus,10090
ENSMUSG00000040234,Tm7sf3,,Mus musculus,10090
ENSMUSG00000040236,Trappc5,,Mus musculus,10090
ENSMUSG00000040242,Fgfr1op2,,Mus musculus,10090
ENSMUSG00000040249,Lrp1,,Mus musculus,10090
ENSMUSG00000040250,Ints13,,Mus musculus,10090
ENSMUSG00000040253,Gbp7,,Mus musculus,10090
ENSMUSG00000040263,Klhdc4,,Mus musculus,10090
ENSMUSG00000040264,Gbp2b,,Mus musculus,10090
ENSMUSG00000040265,Dnm3,,Mus musculus,10090
ENSMUSG00000040268,Plekha1,,Mus musculus,10090
ENSMUSG00000040269,Mrps28,,Mus musculus,10090
ENSMUSG00000040270,Bach2,,Mus musculus,10090
ENSMUSG00000040274,Cdk6,,Mus musculus,10090
ENSMUSG00000040276,Pacsin1,,Mus musculus,10090
ENSMUSG00000040284,Gzmg,,Mus musculus,10090
ENSMUSG00000040289,Hey1,,Mus musculus,10090
ENSMUSG00000040297,Suco,,Mus musculus,10090
ENSMUSG00000040310,Alx4,,Mus musculus,10090
ENSMUSG00000040314,Ctsg,,Mus musculus,10090
ENSMUSG00000040322,Slc25a24,,Mus musculus,10090
ENSMUSG00000040325,Dcaf1,,Mus musculus,10090
ENSMUSG00000040327,Cul9,,Mus musculus,10090
ENSMUSG00000040329,Il7,,Mus musculus,10090
ENSMUSG00000040331,Nsmce4a,,Mus musculus,10090
ENSMUSG00000040345,Arhgap9,,Mus musculus,10090
ENSMUSG00000040350,Trim7,,Mus musculus,10090
ENSMUSG00000040351,Ankib1,,Mus musculus,10090
ENSMUSG00000040356,Skiv2l,,Mus musculus,10090
ENSMUSG00000040364,Sec1,,Mus musculus,10090
ENSMUSG00000040365,Trim41,,Mus musculus,10090
ENSMUSG00000040370,Etfrf1,,Mus musculus,10090
ENSMUSG00000040372,Gpr63,,Mus musculus,10090
ENSMUSG00000040373,Cacng5,,Mus musculus,10090
ENSMUSG00000040374,Pex2,,Mus musculus,10090
ENSMUSG00000040380,Cbln3,,Mus musculus,10090
ENSMUSG00000040383,Aqr,,Mus musculus,10090
ENSMUSG00000040385,Ppp1ca,,Mus musculus,10090
ENSMUSG00000040405,Havcr1,,Mus musculus,10090
ENSMUSG00000040407,Akap9,,Mus musculus,10090
ENSMUSG00000040412,5330417C22Rik,,Mus musculus,10090
ENSMUSG00000040413,Timd2,,Mus musculus,10090
ENSMUSG00000040414,Slc25a28,,Mus musculus,10090
ENSMUSG00000040415,Dtx3,,Mus musculus,10090
ENSMUSG00000040428,Plekha4,,Mus musculus,10090
ENSMUSG00000040430,Pitpnc1,,Mus musculus,10090
ENSMUSG00000040432,Ltb4r2,,Mus musculus,10090
ENSMUSG00000040435,Ppp1r15a,,Mus musculus,10090
ENSMUSG00000040446,Rprd1a,,Mus musculus,10090
ENSMUSG00000040447,Spns2,,Mus musculus,10090
ENSMUSG00000040451,Sgms1,,Mus musculus,10090
ENSMUSG00000040455,Usp45,,Mus musculus,10090
ENSMUSG00000040456,H2ap,,Mus musculus,10090
ENSMUSG00000040459,Arglu1,,Mus musculus,10090
ENSMUSG00000040462,Os9,,Mus musculus,10090
ENSMUSG00000040463,Mybbp1a,,Mus musculus,10090
ENSMUSG00000040466,Blvrb,,Mus musculus,10090
ENSMUSG00000040472,Rabggta,,Mus musculus,10090
ENSMUSG00000040479,Dgkz,,Mus musculus,10090
ENSMUSG00000040481,Bptf,,Mus musculus,10090
ENSMUSG00000040482,Dxo,,Mus musculus,10090
ENSMUSG00000040488,Ltbp4,,Mus musculus,10090
ENSMUSG00000040495,Chrm4,,Mus musculus,10090
ENSMUSG00000040502,March9,,Mus musculus,10090
ENSMUSG00000040505,Abcg5,,Mus musculus,10090
ENSMUSG00000040506,Ambra1,,Mus musculus,10090
ENSMUSG00000040511,Pvr,,Mus musculus,10090
ENSMUSG00000040522,Tlr8,,Mus musculus,10090
ENSMUSG00000040525,Cblc,,Mus musculus,10090
ENSMUSG00000040533,Matn1,,Mus musculus,10090
ENSMUSG00000040537,Adam22,,Mus musculus,10090
ENSMUSG00000040548,Tex2,,Mus musculus,10090
ENSMUSG00000040549,Ckap5,,Mus musculus,10090
ENSMUSG00000040550,Otud6b,,Mus musculus,10090
ENSMUSG00000040552,C3ar1,,Mus musculus,10090
ENSMUSG00000040554,Aipl1,,Mus musculus,10090
ENSMUSG00000040557,Mettl27,,Mus musculus,10090
ENSMUSG00000040563,Plppr2,,Mus musculus,10090
ENSMUSG00000040564,Apoc1,,Mus musculus,10090
ENSMUSG00000040569,Slc26a7,,Mus musculus,10090
ENSMUSG00000040583,Cyp2b13,,Mus musculus,10090
ENSMUSG00000040584,Abcb1a,,Mus musculus,10090
ENSMUSG00000040586,Ofd1,,Mus musculus,10090
ENSMUSG00000040591,1110051M20Rik,,Mus musculus,10090
ENSMUSG00000040592,Cd79b,,Mus musculus,10090
ENSMUSG00000040594,Ranbp17,,Mus musculus,10090
ENSMUSG00000040599,Mis12,,Mus musculus,10090
ENSMUSG00000040600,Eps8l3,,Mus musculus,10090
ENSMUSG00000040605,Bace2,,Mus musculus,10090
ENSMUSG00000040606,Kazn,,Mus musculus,10090
ENSMUSG00000040610,Tlx3,,Mus musculus,10090
ENSMUSG00000040613,Apobec1,,Mus musculus,10090
ENSMUSG00000040616,Tmem51,,Mus musculus,10090
ENSMUSG00000040618,Pck2,,Mus musculus,10090
ENSMUSG00000040627,Aicda,,Mus musculus,10090
ENSMUSG00000040631,Dok4,,Mus musculus,10090
ENSMUSG00000040632,Nrl,,Mus musculus,10090
ENSMUSG00000040649,Rimklb,,Mus musculus,10090
ENSMUSG00000040653,Ppp1r14c,,Mus musculus,10090
ENSMUSG00000040658,Dnph1,,Mus musculus,10090
ENSMUSG00000040659,Efhd2,,Mus musculus,10090
ENSMUSG00000040660,Cyp2b9,,Mus musculus,10090
ENSMUSG00000040661,Rad54l2,,Mus musculus,10090
ENSMUSG00000040663,Clcf1,,Mus musculus,10090
ENSMUSG00000040666,Sh3bgr,,Mus musculus,10090
ENSMUSG00000040667,Nup88,,Mus musculus,10090
ENSMUSG00000040669,Phc1,,Mus musculus,10090
ENSMUSG00000040681,Hmgn1,,Mus musculus,10090
ENSMUSG00000040687,Madd,,Mus musculus,10090
ENSMUSG00000040688,Tbl3,,Mus musculus,10090
ENSMUSG00000040690,Col16a1,,Mus musculus,10090
ENSMUSG00000040694,Apobec2,,Mus musculus,10090
ENSMUSG00000040699,Limd2,,Mus musculus,10090
ENSMUSG00000040701,Ap1g2,,Mus musculus,10090
ENSMUSG00000040703,Cyp2s1,,Mus musculus,10090
ENSMUSG00000040706,Agmat,,Mus musculus,10090
ENSMUSG00000040710,St8sia4,,Mus musculus,10090
ENSMUSG00000040712,Camta2,,Mus musculus,10090
ENSMUSG00000040713,Creg1,,Mus musculus,10090
ENSMUSG00000040714,Klc3,,Mus musculus,10090
ENSMUSG00000040717,Il17rd,,Mus musculus,10090
ENSMUSG00000040720,Virma,,Mus musculus,10090
ENSMUSG00000040722,Scamp5,,Mus musculus,10090
ENSMUSG00000040723,Rcsd1,,Mus musculus,10090
ENSMUSG00000040724,Kcna2,,Mus musculus,10090
ENSMUSG00000040725,Hnrnpul1,,Mus musculus,10090
ENSMUSG00000040726,Hesx1,,Mus musculus,10090
ENSMUSG00000040728,Esrp1,,Mus musculus,10090
ENSMUSG00000040731,Eif4h,,Mus musculus,10090
ENSMUSG00000040732,Erg,,Mus musculus,10090
ENSMUSG00000040738,Ints8,,Mus musculus,10090
ENSMUSG00000040746,Rnf167,,Mus musculus,10090
ENSMUSG00000040747,Cd53,,Mus musculus,10090
ENSMUSG00000040751,Lat2,,Mus musculus,10090
ENSMUSG00000040752,Myh6,,Mus musculus,10090
ENSMUSG00000040760,Appl1,,Mus musculus,10090
ENSMUSG00000040761,Spen,,Mus musculus,10090
ENSMUSG00000040767,Snrnp25,,Mus musculus,10090
ENSMUSG00000040770,Il25,,Mus musculus,10090
ENSMUSG00000040771,Oard1,,Mus musculus,10090
ENSMUSG00000040774,Cept1,,Mus musculus,10090
ENSMUSG00000040785,Ttc3,,Mus musculus,10090
ENSMUSG00000040794,C1qtnf4,,Mus musculus,10090
ENSMUSG00000040795,Iqcc,,Mus musculus,10090
ENSMUSG00000040808,S100g,,Mus musculus,10090
ENSMUSG00000040809,Chil3,,Mus musculus,10090
ENSMUSG00000040813,Tex264,,Mus musculus,10090
ENSMUSG00000040818,Dennd6a,,Mus musculus,10090
ENSMUSG00000040820,Hlcs,,Mus musculus,10090
ENSMUSG00000040822,1700123O20Rik,,Mus musculus,10090
ENSMUSG00000040841,Six5,,Mus musculus,10090
ENSMUSG00000040843,Tiprl,,Mus musculus,10090
ENSMUSG00000040848,Sft2d2,,Mus musculus,10090
ENSMUSG00000040850,Psme4,,Mus musculus,10090
ENSMUSG00000040852,Plekhh2,,Mus musculus,10090
ENSMUSG00000040856,Dlk1,,Mus musculus,10090
ENSMUSG00000040857,Erf,,Mus musculus,10090
ENSMUSG00000040859,Bsdc1,,Mus musculus,10090
ENSMUSG00000040860,Crocc,,Mus musculus,10090
ENSMUSG00000040866,Rsph6a,,Mus musculus,10090
ENSMUSG00000040875,Osbpl10,,Mus musculus,10090
ENSMUSG00000040883,Tmem205,,Mus musculus,10090
ENSMUSG00000040888,Gfer,,Mus musculus,10090
ENSMUSG00000040891,Foxa3,,Mus musculus,10090
ENSMUSG00000040896,Kcnd3,,Mus musculus,10090
ENSMUSG00000040899,Ccr6,,Mus musculus,10090
ENSMUSG00000040907,Atp1a3,,Mus musculus,10090
ENSMUSG00000040913,Fbxw4,,Mus musculus,10090
ENSMUSG00000040918,Slc19a2,,Mus musculus,10090
ENSMUSG00000040928,S100pbp,,Mus musculus,10090
ENSMUSG00000040929,Rfx3,,Mus musculus,10090
ENSMUSG00000040938,Slc16a11,,Mus musculus,10090
ENSMUSG00000040940,Arhgef1,,Mus musculus,10090
ENSMUSG00000040945,Rcc2,,Mus musculus,10090
ENSMUSG00000040950,Mgl2,,Mus musculus,10090
ENSMUSG00000040957,Cables1,,Mus musculus,10090
ENSMUSG00000040963,Asgr2,,Mus musculus,10090
ENSMUSG00000040964,Arhgef10l,,Mus musculus,10090
ENSMUSG00000040966,Slc22a2,,Mus musculus,10090
ENSMUSG00000040990,Sh3kbp1,,Mus musculus,10090
ENSMUSG00000040997,Abhd4,,Mus musculus,10090
ENSMUSG00000040998,Npnt,,Mus musculus,10090
ENSMUSG00000041000,Trim62,,Mus musculus,10090
ENSMUSG00000041012,Cmtm8,,Mus musculus,10090
ENSMUSG00000041014,Nrg3,,Mus musculus,10090
ENSMUSG00000041025,Iffo2,,Mus musculus,10090
ENSMUSG00000041028,Ghitm,,Mus musculus,10090
ENSMUSG00000041035,Gm17018,,Mus musculus,10090
ENSMUSG00000041040,Fam117b,,Mus musculus,10090
ENSMUSG00000041046,Ramp3,,Mus musculus,10090
ENSMUSG00000041052,Slc7a13,,Mus musculus,10090
ENSMUSG00000041057,Wdr43,,Mus musculus,10090
ENSMUSG00000041058,Wwp1,,Mus musculus,10090
ENSMUSG00000041075,Fzd7,,Mus musculus,10090
ENSMUSG00000041078,Grid1,,Mus musculus,10090
ENSMUSG00000041079,Rwdd2b,,Mus musculus,10090
ENSMUSG00000041112,Elmo1,,Mus musculus,10090
ENSMUSG00000041119,Pde9a,,Mus musculus,10090
ENSMUSG00000041120,Nbl1,,Mus musculus,10090
ENSMUSG00000041124,Msantd4,,Mus musculus,10090
ENSMUSG00000041126,H2az2,,Mus musculus,10090
ENSMUSG00000041130,Zfp598,,Mus musculus,10090
ENSMUSG00000041132,N4bp2l1,,Mus musculus,10090
ENSMUSG00000041133,Smc1a,,Mus musculus,10090
ENSMUSG00000041134,Cyyr1,,Mus musculus,10090
ENSMUSG00000041135,Ripk2,,Mus musculus,10090
ENSMUSG00000041143,Tmco4,,Mus musculus,10090
ENSMUSG00000041147,Brca2,,Mus musculus,10090
ENSMUSG00000041153,Osgin2,,Mus musculus,10090
ENSMUSG00000041164,Zmiz2,,Mus musculus,10090
ENSMUSG00000041168,Lonp1,,Mus musculus,10090
ENSMUSG00000041187,Prkd2,,Mus musculus,10090
ENSMUSG00000041189,Chrnb1,,Mus musculus,10090
ENSMUSG00000041193,Pla2g5,,Mus musculus,10090
ENSMUSG00000041199,Rpusd1,,Mus musculus,10090
ENSMUSG00000041202,Pla2g2d,,Mus musculus,10090
ENSMUSG00000041203,Trir,,Mus musculus,10090
ENSMUSG00000041216,Clvs1,,Mus musculus,10090
ENSMUSG00000041220,Elovl6,,Mus musculus,10090
ENSMUSG00000041225,Arhgap12,,Mus musculus,10090
ENSMUSG00000041229,Phf8,,Mus musculus,10090
ENSMUSG00000041235,Chd7,,Mus musculus,10090
ENSMUSG00000041236,Vps41,,Mus musculus,10090
ENSMUSG00000041237,Pklr,,Mus musculus,10090
ENSMUSG00000041238,Rbbp8,,Mus musculus,10090
ENSMUSG00000041241,Mul1,,Mus musculus,10090
ENSMUSG00000041248,Kcnj1,,Mus musculus,10090
ENSMUSG00000041261,Car8,,Mus musculus,10090
ENSMUSG00000041263,Rusc1,,Mus musculus,10090
ENSMUSG00000041272,Tox,,Mus musculus,10090
ENSMUSG00000041278,Ttc1,,Mus musculus,10090
ENSMUSG00000041287,Sox15,,Mus musculus,10090
ENSMUSG00000041293,Adgrf1,,Mus musculus,10090
ENSMUSG00000041301,Cftr,,Mus musculus,10090
ENSMUSG00000041308,Sntb2,,Mus musculus,10090
ENSMUSG00000041309,Nkx6-2,,Mus musculus,10090
ENSMUSG00000041313,Slc7a1,,Mus musculus,10090
ENSMUSG00000041319,Thoc6,,Mus musculus,10090
ENSMUSG00000041324,Inhba,,Mus musculus,10090
ENSMUSG00000041328,Pcf11,,Mus musculus,10090
ENSMUSG00000041329,Atp1b2,,Mus musculus,10090
ENSMUSG00000041333,Mup4,,Mus musculus,10090
ENSMUSG00000041341,Atg2b,,Mus musculus,10090
ENSMUSG00000041346,Wrap53,,Mus musculus,10090
ENSMUSG00000041347,Bdkrb1,,Mus musculus,10090
ENSMUSG00000041351,Rap1gap,,Mus musculus,10090
ENSMUSG00000041354,Rgl2,,Mus musculus,10090
ENSMUSG00000041355,Ssr2,,Mus musculus,10090
ENSMUSG00000041359,Tcl1,,Mus musculus,10090
ENSMUSG00000041360,Pum3,,Mus musculus,10090
ENSMUSG00000041361,Myzap,,Mus musculus,10090
ENSMUSG00000041375,Ccdc9,,Mus musculus,10090
ENSMUSG00000041377,Ninj2,,Mus musculus,10090
ENSMUSG00000041378,Cldn5,,Mus musculus,10090
ENSMUSG00000041380,Htr2c,,Mus musculus,10090
ENSMUSG00000041390,Mdfic,,Mus musculus,10090
ENSMUSG00000041396,Mettl18,,Mus musculus,10090
ENSMUSG00000041415,Dicer1,,Mus musculus,10090
ENSMUSG00000041417,Pik3r1,,Mus musculus,10090
ENSMUSG00000041420,Meis3,,Mus musculus,10090
ENSMUSG00000041426,Hibch,,Mus musculus,10090
ENSMUSG00000041429,Nthl1,,Mus musculus,10090
ENSMUSG00000041431,Ccnb1,,Mus musculus,10090
ENSMUSG00000041438,Utp4,,Mus musculus,10090
ENSMUSG00000041439,Mfsd6,,Mus musculus,10090
ENSMUSG00000041453,Rpl21,,Mus musculus,10090
ENSMUSG00000041459,Tardbp,,Mus musculus,10090
ENSMUSG00000041468,Gpr12,,Mus musculus,10090
ENSMUSG00000041476,Smpx,,Mus musculus,10090
ENSMUSG00000041483,Zfp281,,Mus musculus,10090
ENSMUSG00000041488,Stx3,,Mus musculus,10090
ENSMUSG00000041506,Rrp9,,Mus musculus,10090
ENSMUSG00000041515,Irf8,,Mus musculus,10090
ENSMUSG00000041523,Upk2,,Mus musculus,10090
ENSMUSG00000041528,Rnf123,,Mus musculus,10090
ENSMUSG00000041534,Rbp3,,Mus musculus,10090
ENSMUSG00000041536,Serpina3a,,Mus musculus,10090
ENSMUSG00000041538,H2-Ob,,Mus musculus,10090
ENSMUSG00000041540,Sox5,,Mus musculus,10090
ENSMUSG00000041548,Hspb8,,Mus musculus,10090
ENSMUSG00000041550,Serpina5,,Mus musculus,10090
ENSMUSG00000041556,Fbxo2,,Mus musculus,10090
ENSMUSG00000041559,Fmod,,Mus musculus,10090
ENSMUSG00000041560,Nop53,,Mus musculus,10090
ENSMUSG00000041566,Tssk1,,Mus musculus,10090
ENSMUSG00000041567,Serpina12,,Mus musculus,10090
ENSMUSG00000041571,Selenow,,Mus musculus,10090
ENSMUSG00000041577,Prelp,,Mus musculus,10090
ENSMUSG00000041578,Crx,,Mus musculus,10090
ENSMUSG00000041594,Tmtc4,,Mus musculus,10090
ENSMUSG00000041598,Cdc42ep4,,Mus musculus,10090
ENSMUSG00000041605,Inava,,Mus musculus,10090
ENSMUSG00000041607,Mbp,,Mus musculus,10090
ENSMUSG00000041609,Bicdl1,,Mus musculus,10090
ENSMUSG00000041616,Nppa,,Mus musculus,10090
ENSMUSG00000041620,Mmp1b,,Mus musculus,10090
ENSMUSG00000041625,Ggact,,Mus musculus,10090
ENSMUSG00000041629,Fam104a,,Mus musculus,10090
ENSMUSG00000041642,Kif21b,,Mus musculus,10090
ENSMUSG00000041645,Ddx24,,Mus musculus,10090
ENSMUSG00000041650,Pcca,,Mus musculus,10090
ENSMUSG00000041654,Slc39a11,,Mus musculus,10090
ENSMUSG00000041660,Bbox1,,Mus musculus,10090
ENSMUSG00000041669,Prima1,,Mus musculus,10090
ENSMUSG00000041671,Pyroxd1,,Mus musculus,10090
ENSMUSG00000041673,Lrrc18,,Mus musculus,10090
ENSMUSG00000041674,BC006965,,Mus musculus,10090
ENSMUSG00000041681,Iapp,,Mus musculus,10090
ENSMUSG00000041688,Amot,,Mus musculus,10090
ENSMUSG00000041695,Kcnj2,,Mus musculus,10090
ENSMUSG00000041696,Rasl12,,Mus musculus,10090
ENSMUSG00000041697,Cox6a1,,Mus musculus,10090
ENSMUSG00000041698,Slco1a1,,Mus musculus,10090
ENSMUSG00000041710,Trpc5,,Mus musculus,10090
ENSMUSG00000041712,Ubr7,,Mus musculus,10090
ENSMUSG00000041718,Alg13,,Mus musculus,10090
ENSMUSG00000041720,Pi4ka,,Mus musculus,10090
ENSMUSG00000041729,Coro2b,,Mus musculus,10090
ENSMUSG00000041733,Coq5,,Mus musculus,10090
ENSMUSG00000041734,Kirrel,,Mus musculus,10090
ENSMUSG00000041736,Tspo,,Mus musculus,10090
ENSMUSG00000041737,Tmem45b,,Mus musculus,10090
ENSMUSG00000041740,Rnf10,,Mus musculus,10090
ENSMUSG00000041741,Pde3a,,Mus musculus,10090
ENSMUSG00000041750,Cd1d2,,Mus musculus,10090
ENSMUSG00000041754,Trem3,,Mus musculus,10090
ENSMUSG00000041757,Plekha6,,Mus musculus,10090
ENSMUSG00000041762,Gpr155,,Mus musculus,10090
ENSMUSG00000041763,Tpp2,,Mus musculus,10090
ENSMUSG00000041765,Ubac2,,Mus musculus,10090
ENSMUSG00000041769,Ppp2r2d,,Mus musculus,10090
ENSMUSG00000041773,Enc1,,Mus musculus,10090
ENSMUSG00000041779,Tram2,,Mus musculus,10090
ENSMUSG00000041781,Cpsf2,,Mus musculus,10090
ENSMUSG00000041782,Lad1,,Mus musculus,10090
ENSMUSG00000041791,Capza3,,Mus musculus,10090
ENSMUSG00000041798,Gck,,Mus musculus,10090
ENSMUSG00000041801,Phlda3,,Mus musculus,10090
ENSMUSG00000041805,Pramel1,,Mus musculus,10090
ENSMUSG00000041815,Poldip3,,Mus musculus,10090
ENSMUSG00000041817,Fam169a,,Mus musculus,10090
ENSMUSG00000041827,Oasl1,,Mus musculus,10090
ENSMUSG00000041828,Abca8a,,Mus musculus,10090
ENSMUSG00000041831,Sytl3,,Mus musculus,10090
ENSMUSG00000041836,Ptpre,,Mus musculus,10090
ENSMUSG00000041837,Pdcd7,,Mus musculus,10090
ENSMUSG00000041840,Haus1,,Mus musculus,10090
ENSMUSG00000041841,Rpl37,,Mus musculus,10090
ENSMUSG00000041842,Fhdc1,,Mus musculus,10090
ENSMUSG00000041845,Rhod,,Mus musculus,10090
ENSMUSG00000041846,Ppp4r3a,,Mus musculus,10090
ENSMUSG00000041852,Tcf20,,Mus musculus,10090
ENSMUSG00000041857,Oosp1,,Mus musculus,10090
ENSMUSG00000041859,Mcm3,,Mus musculus,10090
ENSMUSG00000041870,Ankrd13a,,Mus musculus,10090
ENSMUSG00000041879,Ipo9,,Mus musculus,10090
ENSMUSG00000041881,Ndufa7,,Mus musculus,10090
ENSMUSG00000041890,Git2,,Mus musculus,10090
ENSMUSG00000041891,Lman1,,Mus musculus,10090
ENSMUSG00000041895,Wipi1,,Mus musculus,10090
ENSMUSG00000041907,Gpr45,,Mus musculus,10090
ENSMUSG00000041911,Dlx1,,Mus musculus,10090
ENSMUSG00000041915,Ammecr1l,,Mus musculus,10090
ENSMUSG00000041920,Slc16a6,,Mus musculus,10090
ENSMUSG00000041921,Metap1d,,Mus musculus,10090
ENSMUSG00000041926,Rnpep,,Mus musculus,10090
ENSMUSG00000041935,AW549877,,Mus musculus,10090
ENSMUSG00000041936,Agrn,,Mus musculus,10090
ENSMUSG00000041939,Mvk,,Mus musculus,10090
ENSMUSG00000041954,Tnfrsf18,,Mus musculus,10090
ENSMUSG00000041957,Pkp2,,Mus musculus,10090
ENSMUSG00000041958,Pigs,,Mus musculus,10090
ENSMUSG00000041959,S100a10,,Mus musculus,10090
ENSMUSG00000041974,Spidr,,Mus musculus,10090
ENSMUSG00000041975,Mettl8,,Mus musculus,10090
ENSMUSG00000041984,Rptn,,Mus musculus,10090
ENSMUSG00000041991,Hrnr,,Mus musculus,10090
ENSMUSG00000041995,Zbed3,,Mus musculus,10090
ENSMUSG00000042002,Foxn4,,Mus musculus,10090
ENSMUSG00000042010,Acacb,,Mus musculus,10090
ENSMUSG00000042029,Ncapg2,,Mus musculus,10090
ENSMUSG00000042032,Mat2b,,Mus musculus,10090
ENSMUSG00000042041,2010003K11Rik,,Mus musculus,10090
ENSMUSG00000042042,Csgalnact2,,Mus musculus,10090
ENSMUSG00000042043,Tbca,,Mus musculus,10090
ENSMUSG00000042045,Sln,,Mus musculus,10090
ENSMUSG00000042046,Dstyk,,Mus musculus,10090
ENSMUSG00000042063,Zfp386,,Mus musculus,10090
ENSMUSG00000042066,Tmcc2,,Mus musculus,10090
ENSMUSG00000042073,Abhd14b,,Mus musculus,10090
ENSMUSG00000042078,Svop,,Mus musculus,10090
ENSMUSG00000042096,Dao,,Mus musculus,10090
ENSMUSG00000042097,Zfp239,,Mus musculus,10090
ENSMUSG00000042099,Kank3,,Mus musculus,10090
ENSMUSG00000042102,Dmgdh,,Mus musculus,10090
ENSMUSG00000042104,Uggt2,,Mus musculus,10090
ENSMUSG00000042109,Csdc2,,Mus musculus,10090
ENSMUSG00000042115,Klhdc8a,,Mus musculus,10090
ENSMUSG00000042116,Vwa1,,Mus musculus,10090
ENSMUSG00000042118,Bhmt2,,Mus musculus,10090
ENSMUSG00000042124,Lce1f,,Mus musculus,10090
ENSMUSG00000042133,Ppig,,Mus musculus,10090
ENSMUSG00000042138,Msantd2,,Mus musculus,10090
ENSMUSG00000042156,Dzip1,,Mus musculus,10090
ENSMUSG00000042157,Sprr2i,,Mus musculus,10090
ENSMUSG00000042167,Tent2,,Mus musculus,10090
ENSMUSG00000042178,Armc5,,Mus musculus,10090
ENSMUSG00000042179,Pnliprp1,,Mus musculus,10090
ENSMUSG00000042190,Cmklr1,,Mus musculus,10090
ENSMUSG00000042197,Zfp451,,Mus musculus,10090
ENSMUSG00000042198,Chchd7,,Mus musculus,10090
ENSMUSG00000042200,Cdrt4,,Mus musculus,10090
ENSMUSG00000042207,Kdm5b,,Mus musculus,10090
ENSMUSG00000042210,Abhd14a,,Mus musculus,10090
ENSMUSG00000042211,Fbxo38,,Mus musculus,10090
ENSMUSG00000042212,Sprr2d,,Mus musculus,10090
ENSMUSG00000042215,Bag2,,Mus musculus,10090
ENSMUSG00000042225,Ammecr1,,Mus musculus,10090
ENSMUSG00000042228,Lyn,,Mus musculus,10090
ENSMUSG00000042229,Rabif,,Mus musculus,10090
ENSMUSG00000042240,Crybb2,,Mus musculus,10090
ENSMUSG00000042248,Cyp2c37,,Mus musculus,10090
ENSMUSG00000042251,Pm20d1,,Mus musculus,10090
ENSMUSG00000042258,Isl1,,Mus musculus,10090
ENSMUSG00000042262,Ccr8,,Mus musculus,10090
ENSMUSG00000042265,Trem1,,Mus musculus,10090
ENSMUSG00000042279,H1f8,,Mus musculus,10090
ENSMUSG00000042286,Stab1,,Mus musculus,10090
ENSMUSG00000042292,Mrtfa,,Mus musculus,10090
ENSMUSG00000042293,Gm5617,,Mus musculus,10090
ENSMUSG00000042298,Ttc19,,Mus musculus,10090
ENSMUSG00000042302,Ehbp1,,Mus musculus,10090
ENSMUSG00000042303,Sgsm3,,Mus musculus,10090
ENSMUSG00000042305,Tmem183a,,Mus musculus,10090
ENSMUSG00000042306,S100a14,,Mus musculus,10090
ENSMUSG00000042308,Setd1a,,Mus musculus,10090
ENSMUSG00000042312,S100a13,,Mus musculus,10090
ENSMUSG00000042323,Pbrm1,,Mus musculus,10090
ENSMUSG00000042328,Hps4,,Mus musculus,10090
ENSMUSG00000042331,Specc1,,Mus musculus,10090
ENSMUSG00000042333,Tnfrsf14,,Mus musculus,10090
ENSMUSG00000042340,Ctf1,,Mus musculus,10090
ENSMUSG00000042349,Ikbke,,Mus musculus,10090
ENSMUSG00000042351,Grap2,,Mus musculus,10090
ENSMUSG00000042354,Gnl3,,Mus musculus,10090
ENSMUSG00000042357,Gjb5,,Mus musculus,10090
ENSMUSG00000042359,Osbpl6,,Mus musculus,10090
ENSMUSG00000042360,4930433N12Rik,,Mus musculus,10090
ENSMUSG00000042363,Lgalsl,,Mus musculus,10090
ENSMUSG00000042364,Snx18,,Mus musculus,10090
ENSMUSG00000042367,Gjb3,,Mus musculus,10090
ENSMUSG00000042377,Fam83g,,Mus musculus,10090
ENSMUSG00000042379,Esm1,,Mus musculus,10090
ENSMUSG00000042380,Smim12,,Mus musculus,10090
ENSMUSG00000042385,Gzmk,,Mus musculus,10090
ENSMUSG00000042386,Tex13b,,Mus musculus,10090
ENSMUSG00000042390,Gatad2b,,Mus musculus,10090
ENSMUSG00000042396,Rbm7,,Mus musculus,10090
ENSMUSG00000042401,Crtac1,,Mus musculus,10090
ENSMUSG00000042404,Dennd4b,,Mus musculus,10090
ENSMUSG00000042406,Atf4,,Mus musculus,10090
ENSMUSG00000042419,Nfkbil1,,Mus musculus,10090
ENSMUSG00000042423,Fbrs,,Mus musculus,10090
ENSMUSG00000042428,Mgat3,,Mus musculus,10090
ENSMUSG00000042429,Adora1,,Mus musculus,10090
ENSMUSG00000042436,Mfap4,,Mus musculus,10090
ENSMUSG00000042439,Zfp532,,Mus musculus,10090
ENSMUSG00000042446,Zmym4,,Mus musculus,10090
ENSMUSG00000042447,Mios,,Mus musculus,10090
ENSMUSG00000042448,Hoxd1,,Mus musculus,10090
ENSMUSG00000042451,Mybph,,Mus musculus,10090
ENSMUSG00000042453,Reln,,Mus musculus,10090
ENSMUSG00000042459,Bpifa2,,Mus musculus,10090
ENSMUSG00000042460,C1galt1,,Mus musculus,10090
ENSMUSG00000042462,Dctpp1,,Mus musculus,10090
ENSMUSG00000042472,Zfp410,,Mus musculus,10090
ENSMUSG00000042476,Abcb4,,Mus musculus,10090
ENSMUSG00000042485,Mustn1,,Mus musculus,10090
ENSMUSG00000042492,Tbc1d10b,,Mus musculus,10090
ENSMUSG00000042502,Cd2bp2,,Mus musculus,10090
ENSMUSG00000042506,Usp22,,Mus musculus,10090
ENSMUSG00000042508,Dmtf1,,Mus musculus,10090
ENSMUSG00000042520,Ubap2l,,Mus musculus,10090
ENSMUSG00000042524,Sun2,,Mus musculus,10090
ENSMUSG00000042529,Kcnj12,,Mus musculus,10090
ENSMUSG00000042535,Gtpbp1,,Mus musculus,10090
ENSMUSG00000042540,Acot5,,Mus musculus,10090
ENSMUSG00000042541,Sem1,,Mus musculus,10090
ENSMUSG00000042548,Asxl1,,Mus musculus,10090
ENSMUSG00000042549,Map2k3os,,Mus musculus,10090
ENSMUSG00000042554,Zp3r,,Mus musculus,10090
ENSMUSG00000042557,Sin3a,,Mus musculus,10090
ENSMUSG00000042558,Adprhl2,,Mus musculus,10090
ENSMUSG00000042569,Dhrs7b,,Mus musculus,10090
ENSMUSG00000042570,Mier2,,Mus musculus,10090
ENSMUSG00000042589,Cux2,,Mus musculus,10090
ENSMUSG00000042590,Ipo11,,Mus musculus,10090
ENSMUSG00000042594,Sh2b3,,Mus musculus,10090
ENSMUSG00000042596,Tfap2d,,Mus musculus,10090
ENSMUSG00000042599,Kdm7a,,Mus musculus,10090
ENSMUSG00000042604,Kcna4,,Mus musculus,10090
ENSMUSG00000042605,Atxn2,,Mus musculus,10090
ENSMUSG00000042607,Asb4,,Mus musculus,10090
ENSMUSG00000042608,Stk40,,Mus musculus,10090
ENSMUSG00000042613,Pbxip1,,Mus musculus,10090
ENSMUSG00000042622,Maff,,Mus musculus,10090
ENSMUSG00000042625,Safb2,,Mus musculus,10090
ENSMUSG00000042632,Pla2g6,,Mus musculus,10090
ENSMUSG00000042642,Flad1,,Mus musculus,10090
ENSMUSG00000042644,Itpr3,,Mus musculus,10090
ENSMUSG00000042650,Alkbh5,,Mus musculus,10090
ENSMUSG00000042659,Arrdc4,,Mus musculus,10090
ENSMUSG00000042660,Wdr55,,Mus musculus,10090
ENSMUSG00000042662,Dusp15,,Mus musculus,10090
ENSMUSG00000042671,Rgs8,,Mus musculus,10090
ENSMUSG00000042675,Ypel3,,Mus musculus,10090
ENSMUSG00000042677,Zc3h12a,,Mus musculus,10090
ENSMUSG00000042678,Myo15,,Mus musculus,10090
ENSMUSG00000042682,Selenok,,Mus musculus,10090
ENSMUSG00000042684,Npl,,Mus musculus,10090
ENSMUSG00000042686,Jph1,,Mus musculus,10090
ENSMUSG00000042688,Mapk6,,Mus musculus,10090
ENSMUSG00000042699,Dhx9,,Mus musculus,10090
ENSMUSG00000042709,Atpaf2,,Mus musculus,10090
ENSMUSG00000042712,Tceal9,,Mus musculus,10090
ENSMUSG00000042726,Trafd1,,Mus musculus,10090
ENSMUSG00000042729,Wdr74,,Mus musculus,10090
ENSMUSG00000042743,Sgtb,,Mus musculus,10090
ENSMUSG00000042745,Id1,,Mus musculus,10090
ENSMUSG00000042747,Krtcap2,,Mus musculus,10090
ENSMUSG00000042750,Bex2,,Mus musculus,10090
ENSMUSG00000042759,Apobr,,Mus musculus,10090
ENSMUSG00000042763,Maneal,,Mus musculus,10090
ENSMUSG00000042766,Trim46,,Mus musculus,10090
ENSMUSG00000042770,Hebp1,,Mus musculus,10090
ENSMUSG00000042784,Muc1,,Mus musculus,10090
ENSMUSG00000042790,Rnf214,,Mus musculus,10090
ENSMUSG00000042793,Lgr6,,Mus musculus,10090
ENSMUSG00000042804,Gpr153,,Mus musculus,10090
ENSMUSG00000042808,Gpx2,,Mus musculus,10090
ENSMUSG00000042810,Krba1,,Mus musculus,10090
ENSMUSG00000042812,Foxf1,,Mus musculus,10090
ENSMUSG00000042814,Mcts2,,Mus musculus,10090
ENSMUSG00000042817,Flt3,,Mus musculus,10090
ENSMUSG00000042821,Snai1,,Mus musculus,10090
ENSMUSG00000042826,Fgf11,,Mus musculus,10090
ENSMUSG00000042834,Nrep,,Mus musculus,10090
ENSMUSG00000042842,Serpinb6b,,Mus musculus,10090
ENSMUSG00000042845,Wfdc12,,Mus musculus,10090
ENSMUSG00000042854,Trp53rkb,,Mus musculus,10090
ENSMUSG00000042901,Aida,,Mus musculus,10090
ENSMUSG00000042903,Foxo4,,Mus musculus,10090
ENSMUSG00000042978,Sbk1,,Mus musculus,10090
ENSMUSG00000042985,Upk3b,,Mus musculus,10090
ENSMUSG00000042988,Notum,,Mus musculus,10090
ENSMUSG00000042992,Borcs5,,Mus musculus,10090
ENSMUSG00000043004,Gng2,,Mus musculus,10090
ENSMUSG00000043017,Ptgir,,Mus musculus,10090
ENSMUSG00000043019,Edem3,,Mus musculus,10090
ENSMUSG00000043050,Tnp2,,Mus musculus,10090
ENSMUSG00000043065,Spice1,,Mus musculus,10090
ENSMUSG00000043068,Fam89a,,Mus musculus,10090
ENSMUSG00000043079,Synpo,,Mus musculus,10090
ENSMUSG00000043085,Tmem82,,Mus musculus,10090
ENSMUSG00000043088,Il17re,,Mus musculus,10090
ENSMUSG00000043089,Mmp1a,,Mus musculus,10090
ENSMUSG00000043091,Tuba1c,,Mus musculus,10090
ENSMUSG00000043099,Hic1,,Mus musculus,10090
ENSMUSG00000043122,A530016L24Rik,,Mus musculus,10090
ENSMUSG00000043131,Mob1a,,Mus musculus,10090
ENSMUSG00000043140,Tmem186,,Mus musculus,10090
ENSMUSG00000043165,Lor,,Mus musculus,10090
ENSMUSG00000043183,Simc1,,Mus musculus,10090
ENSMUSG00000043207,Zmpste24,,Mus musculus,10090
ENSMUSG00000043241,Upf2,,Mus musculus,10090
ENSMUSG00000043259,Fam13c,,Mus musculus,10090
ENSMUSG00000043262,Uevld,,Mus musculus,10090
ENSMUSG00000043263,Ifi209,,Mus musculus,10090
ENSMUSG00000043284,Tmem11,,Mus musculus,10090
ENSMUSG00000043300,B3galnt1,,Mus musculus,10090
ENSMUSG00000043301,Kcnj6,,Mus musculus,10090
ENSMUSG00000043313,Pcdhb19,,Mus musculus,10090
ENSMUSG00000043319,Cox8c,,Mus musculus,10090
ENSMUSG00000043342,Hoxd9,,Mus musculus,10090
ENSMUSG00000043366,Olfr78,,Mus musculus,10090
ENSMUSG00000043384,Gprasp1,,Mus musculus,10090
ENSMUSG00000043391,2510009E07Rik,,Mus musculus,10090
ENSMUSG00000043411,Usp48,,Mus musculus,10090
ENSMUSG00000043419,Rnf227,,Mus musculus,10090
ENSMUSG00000043421,Hilpda,,Mus musculus,10090
ENSMUSG00000043430,Psapl1,,Mus musculus,10090
ENSMUSG00000043439,Epop,,Mus musculus,10090
ENSMUSG00000043445,Pgp,,Mus musculus,10090
ENSMUSG00000043448,Gjc2,,Mus musculus,10090
ENSMUSG00000043458,Pcdhb12,,Mus musculus,10090
ENSMUSG00000043461,Sptssb,,Mus musculus,10090
ENSMUSG00000043467,Zbtb37,,Mus musculus,10090
ENSMUSG00000043485,Krt34,,Mus musculus,10090
ENSMUSG00000043487,Acot6,,Mus musculus,10090
ENSMUSG00000043496,Tril,,Mus musculus,10090
ENSMUSG00000043501,Lgals2,,Mus musculus,10090
ENSMUSG00000043510,Hscb,,Mus musculus,10090
ENSMUSG00000043518,Rai2,,Mus musculus,10090
ENSMUSG00000043531,Sorcs1,,Mus musculus,10090
ENSMUSG00000043572,Pars2,,Mus musculus,10090
ENSMUSG00000043583,4930470P17Rik,,Mus musculus,10090
ENSMUSG00000043613,Mmp3,,Mus musculus,10090
ENSMUSG00000043621,Ubxn10,,Mus musculus,10090
ENSMUSG00000043670,Diras1,,Mus musculus,10090
ENSMUSG00000043683,Fem1a,,Mus musculus,10090
ENSMUSG00000043702,Pde12,,Mus musculus,10090
ENSMUSG00000043733,Ptpn11,,Mus musculus,10090
ENSMUSG00000043760,Pkhd1,,Mus musculus,10090
ENSMUSG00000043811,Rtn4r,,Mus musculus,10090
ENSMUSG00000043822,Adamtsl5,,Mus musculus,10090
ENSMUSG00000043866,Taf10,,Mus musculus,10090
ENSMUSG00000043872,Zmym1,,Mus musculus,10090
ENSMUSG00000043909,Trp53bp1,,Mus musculus,10090
ENSMUSG00000043923,Ccdc84,,Mus musculus,10090
ENSMUSG00000043924,Ncmap,,Mus musculus,10090
ENSMUSG00000043925,Olfr544,,Mus musculus,10090
ENSMUSG00000043931,Gimap7,,Mus musculus,10090
ENSMUSG00000043940,Wdfy3,,Mus musculus,10090
ENSMUSG00000043943,Naalad2,,Mus musculus,10090
ENSMUSG00000043953,Ccrl2,,Mus musculus,10090
ENSMUSG00000043962,Thrap3,,Mus musculus,10090
ENSMUSG00000043982,Krtap19-4,,Mus musculus,10090
ENSMUSG00000043987,Cep164,,Mus musculus,10090
ENSMUSG00000043991,Pura,,Mus musculus,10090
ENSMUSG00000043998,Mgat2,,Mus musculus,10090
ENSMUSG00000044006,Cilp2,,Mus musculus,10090
ENSMUSG00000044014,Npy5r,,Mus musculus,10090
ENSMUSG00000044017,Adgrd1,,Mus musculus,10090
ENSMUSG00000044018,Mrpl50,,Mus musculus,10090
ENSMUSG00000044022,Pcdhb21,,Mus musculus,10090
ENSMUSG00000044024,Rell2,,Mus musculus,10090
ENSMUSG00000044030,Irf2bp1,,Mus musculus,10090
ENSMUSG00000044037,Als2cl,,Mus musculus,10090
ENSMUSG00000044041,Krt13,,Mus musculus,10090
ENSMUSG00000044042,Fmn1,,Mus musculus,10090
ENSMUSG00000044043,Pcdhb14,,Mus musculus,10090
ENSMUSG00000044052,Ccr10,,Mus musculus,10090
ENSMUSG00000044055,Otos,,Mus musculus,10090
ENSMUSG00000044066,Cep68,,Mus musculus,10090
ENSMUSG00000044068,Zrsr1,,Mus musculus,10090
ENSMUSG00000044072,Eml6,,Mus musculus,10090
ENSMUSG00000044080,S100a1,,Mus musculus,10090
ENSMUSG00000044081,Zfp85os,,Mus musculus,10090
ENSMUSG00000044098,Rsbn1,,Mus musculus,10090
ENSMUSG00000044103,Il1f9,,Mus musculus,10090
ENSMUSG00000044117,Bmerb1,,Mus musculus,10090
ENSMUSG00000044147,Arf6,,Mus musculus,10090
ENSMUSG00000044148,1810030O07Rik,,Mus musculus,10090
ENSMUSG00000044155,Lsm8,,Mus musculus,10090
ENSMUSG00000044156,Hepacam2,,Mus musculus,10090
ENSMUSG00000044167,Foxo1,,Mus musculus,10090
ENSMUSG00000044186,Nkx2-6,,Mus musculus,10090
ENSMUSG00000044197,Gpr146,,Mus musculus,10090
ENSMUSG00000044199,S1pr4,,Mus musculus,10090
ENSMUSG00000044201,Cdc25c,,Mus musculus,10090
ENSMUSG00000044206,Vsig4,,Mus musculus,10090
ENSMUSG00000044216,Kcnj4,,Mus musculus,10090
ENSMUSG00000044217,Aqp5,,Mus musculus,10090
ENSMUSG00000044220,Nkx2-3,,Mus musculus,10090
ENSMUSG00000044221,Grsf1,,Mus musculus,10090
ENSMUSG00000044222,Defb13,,Mus musculus,10090
ENSMUSG00000044224,Dnajc21,,Mus musculus,10090
ENSMUSG00000044248,Vmn1r45,,Mus musculus,10090
ENSMUSG00000044252,Osbpl1a,,Mus musculus,10090
ENSMUSG00000044258,Ctla2a,,Mus musculus,10090
ENSMUSG00000044279,Crb3,,Mus musculus,10090
ENSMUSG00000044288,Cnr1,,Mus musculus,10090
ENSMUSG00000044294,Krt84,,Mus musculus,10090
ENSMUSG00000044303,Cdkn2a,,Mus musculus,10090
ENSMUSG00000044306,4930500M09Rik,,Mus musculus,10090
ENSMUSG00000044308,Ubr3,,Mus musculus,10090
ENSMUSG00000044312,Neurog3,,Mus musculus,10090
ENSMUSG00000044320,1700001O22Rik,,Mus musculus,10090
ENSMUSG00000044322,Dsc1,,Mus musculus,10090
ENSMUSG00000044328,Trp53i13,,Mus musculus,10090
ENSMUSG00000044337,Ackr3,,Mus musculus,10090
ENSMUSG00000044338,Aplnr,,Mus musculus,10090
ENSMUSG00000044340,Phlpp1,,Mus musculus,10090
ENSMUSG00000044345,Marveld1,,Mus musculus,10090
ENSMUSG00000044348,Slc25a53,,Mus musculus,10090
ENSMUSG00000044349,Snhg11,,Mus musculus,10090
ENSMUSG00000044352,Sowaha,,Mus musculus,10090
ENSMUSG00000044359,P2ry4,,Mus musculus,10090
ENSMUSG00000044375,Pcare,,Mus musculus,10090
ENSMUSG00000044378,Slc15a5,,Mus musculus,10090
ENSMUSG00000044393,Dsg2,,Mus musculus,10090
ENSMUSG00000044405,Adig,,Mus musculus,10090
ENSMUSG00000044444,Pfn3,,Mus musculus,10090
ENSMUSG00000044447,Dock5,,Mus musculus,10090
ENSMUSG00000044461,Shisa2,,Mus musculus,10090
ENSMUSG00000044465,Fam160a2,,Mus musculus,10090
ENSMUSG00000044468,Tent5c,,Mus musculus,10090
ENSMUSG00000044469,Tnfaip8l1,,Mus musculus,10090
ENSMUSG00000044471,Lncpint,,Mus musculus,10090
ENSMUSG00000044475,Ascc1,,Mus musculus,10090
ENSMUSG00000044477,Zfand3,,Mus musculus,10090
ENSMUSG00000044485,Klk1b11,,Mus musculus,10090
ENSMUSG00000044496,2510039O18Rik,,Mus musculus,10090
ENSMUSG00000044501,Zfp758,,Mus musculus,10090
ENSMUSG00000044518,Foxe3,,Mus musculus,10090
ENSMUSG00000044526,Znrf4,,Mus musculus,10090
ENSMUSG00000044528,Tram1l1,,Mus musculus,10090
ENSMUSG00000044534,Ackr2,,Mus musculus,10090
ENSMUSG00000044542,Prop1,,Mus musculus,10090
ENSMUSG00000044548,Dact1,,Mus musculus,10090
ENSMUSG00000044562,Rasip1,,Mus musculus,10090
ENSMUSG00000044573,Acp1,,Mus musculus,10090
ENSMUSG00000044583,Tlr7,,Mus musculus,10090
ENSMUSG00000044595,Dnd1,,Mus musculus,10090
ENSMUSG00000044597,Mycs,,Mus musculus,10090
ENSMUSG00000044600,Smim7,,Mus musculus,10090
ENSMUSG00000044627,Swi5,,Mus musculus,10090
ENSMUSG00000044628,Rnf208,,Mus musculus,10090
ENSMUSG00000044641,Pard6b,,Mus musculus,10090
ENSMUSG00000044646,Zbtb7c,,Mus musculus,10090
ENSMUSG00000044649,Krtap4-2,,Mus musculus,10090
ENSMUSG00000044664,Prss42,,Mus musculus,10090
ENSMUSG00000044667,Plppr4,,Mus musculus,10090
ENSMUSG00000044674,Fzd1,,Mus musculus,10090
ENSMUSG00000044676,Zfp612,,Mus musculus,10090
ENSMUSG00000044708,Kcnj10,,Mus musculus,10090
ENSMUSG00000044709,Gemin7,,Mus musculus,10090
ENSMUSG00000044734,Serpinb1a,,Mus musculus,10090
ENSMUSG00000044743,Defb10,,Mus musculus,10090
ENSMUSG00000044748,Defb1,,Mus musculus,10090
ENSMUSG00000044763,Trmt10c,,Mus musculus,10090
ENSMUSG00000044768,D1Ertd622e,,Mus musculus,10090
ENSMUSG00000044770,Scml4,,Mus musculus,10090
ENSMUSG00000044783,Hjurp,,Mus musculus,10090
ENSMUSG00000044786,Zfp36,,Mus musculus,10090
ENSMUSG00000044795,Cyb5d1,,Mus musculus,10090
ENSMUSG00000044801,Olfr159,,Mus musculus,10090
ENSMUSG00000044807,Zfp354c,,Mus musculus,10090
ENSMUSG00000044811,Cd300c2,,Mus musculus,10090
ENSMUSG00000044820,AY074887,,Mus musculus,10090
ENSMUSG00000044827,Tlr1,,Mus musculus,10090
ENSMUSG00000044857,Lemd2,,Mus musculus,10090
ENSMUSG00000044876,Zfp444,,Mus musculus,10090
ENSMUSG00000044894,Uqcrq,,Mus musculus,10090
ENSMUSG00000044921,Rassf9,,Mus musculus,10090
ENSMUSG00000044933,Sstr3,,Mus musculus,10090
ENSMUSG00000044986,Tst,,Mus musculus,10090
ENSMUSG00000045005,Fzd5,,Mus musculus,10090
ENSMUSG00000045007,Tubg2,,Mus musculus,10090
ENSMUSG00000045019,Acer1,,Mus musculus,10090
ENSMUSG00000045027,Prss22,,Mus musculus,10090
ENSMUSG00000045038,Prkce,,Mus musculus,10090
ENSMUSG00000045062,Pcdhb7,,Mus musculus,10090
ENSMUSG00000045064,Zc2hc1c,,Mus musculus,10090
ENSMUSG00000045087,S1pr5,,Mus musculus,10090
ENSMUSG00000045092,S1pr1,,Mus musculus,10090
ENSMUSG00000045095,Magi1,,Mus musculus,10090
ENSMUSG00000045098,Kmt5b,,Mus musculus,10090
ENSMUSG00000045100,Slc25a26,,Mus musculus,10090
ENSMUSG00000045103,Dmd,,Mus musculus,10090
ENSMUSG00000045107,Saysd1,,Mus musculus,10090
ENSMUSG00000045136,Tubb2b,,Mus musculus,10090
ENSMUSG00000045179,Sox3,,Mus musculus,10090
ENSMUSG00000045193,Cirbp,,Mus musculus,10090
ENSMUSG00000045201,Lrrc3b,,Mus musculus,10090
ENSMUSG00000045216,Hs6st1,,Mus musculus,10090
ENSMUSG00000045217,Ppp1r2-ps9,,Mus musculus,10090
ENSMUSG00000045236,Krtap5-4,,Mus musculus,10090
ENSMUSG00000045248,Med26,,Mus musculus,10090
ENSMUSG00000045251,Zfp688,,Mus musculus,10090
ENSMUSG00000045252,Zfp574,,Mus musculus,10090
ENSMUSG00000045267,Tas2r119,,Mus musculus,10090
ENSMUSG00000045273,Cenph,,Mus musculus,10090
ENSMUSG00000045302,Preb,,Mus musculus,10090
ENSMUSG00000045316,Fahd1,,Mus musculus,10090
ENSMUSG00000045318,Adra2c,,Mus musculus,10090
ENSMUSG00000045319,Proser2,,Mus musculus,10090
ENSMUSG00000045322,Tlr9,,Mus musculus,10090
ENSMUSG00000045326,Fndc7,,Mus musculus,10090
ENSMUSG00000045328,Cenpe,,Mus musculus,10090
ENSMUSG00000045333,Zfp423,,Mus musculus,10090
ENSMUSG00000045337,Defb11,,Mus musculus,10090
ENSMUSG00000045374,Wdr81,,Mus musculus,10090
ENSMUSG00000045382,Cxcr4,,Mus musculus,10090
ENSMUSG00000045391,1700120B22Rik,,Mus musculus,10090
ENSMUSG00000045394,Epcam,,Mus musculus,10090
ENSMUSG00000045404,Kcnk13,,Mus musculus,10090
ENSMUSG00000045409,Trim39,,Mus musculus,10090
ENSMUSG00000045410,Akr1e1,,Mus musculus,10090
ENSMUSG00000045411,2410002F23Rik,,Mus musculus,10090
ENSMUSG00000045414,Dipk2a,,Mus musculus,10090
ENSMUSG00000045435,Tmem60,,Mus musculus,10090
ENSMUSG00000045438,Cox19,,Mus musculus,10090
ENSMUSG00000045440,Insm2,,Mus musculus,10090
ENSMUSG00000045463,Slco6b1,,Mus musculus,10090
ENSMUSG00000045464,2810002D19Rik,,Mus musculus,10090
ENSMUSG00000045471,Hcrt,,Mus musculus,10090
ENSMUSG00000045482,Trrap,,Mus musculus,10090
ENSMUSG00000045493,Bhlhe23,,Mus musculus,10090
ENSMUSG00000045498,Pcdhb3,,Mus musculus,10090
ENSMUSG00000045502,Hcar2,,Mus musculus,10090
ENSMUSG00000045503,Sys1,,Mus musculus,10090
ENSMUSG00000045515,Pou3f3,,Mus musculus,10090
ENSMUSG00000045518,Onecut3,,Mus musculus,10090
ENSMUSG00000045532,C1ql1,,Mus musculus,10090
ENSMUSG00000045534,Kcna5,,Mus musculus,10090
ENSMUSG00000045539,Sprr3,,Mus musculus,10090
ENSMUSG00000045545,Krt14,,Mus musculus,10090
ENSMUSG00000045551,Fpr1,,Mus musculus,10090
ENSMUSG00000045569,Mc2r,,Mus musculus,10090
ENSMUSG00000045573,Penk,,Mus musculus,10090
ENSMUSG00000045576,St7l,,Mus musculus,10090
ENSMUSG00000045591,Olig3,,Mus musculus,10090
ENSMUSG00000045594,Glb1,,Mus musculus,10090
ENSMUSG00000045598,Zfp553,,Mus musculus,10090
ENSMUSG00000045624,Esf1,,Mus musculus,10090
ENSMUSG00000045657,Pcdhb10,,Mus musculus,10090
ENSMUSG00000045659,Plekha7,,Mus musculus,10090
ENSMUSG00000045665,Mfsd5,,Mus musculus,10090
ENSMUSG00000045671,Spred2,,Mus musculus,10090
ENSMUSG00000045679,Pqlc3,,Mus musculus,10090
ENSMUSG00000045680,Tcf21,,Mus musculus,10090
ENSMUSG00000045689,Pcdhb4,,Mus musculus,10090
ENSMUSG00000045725,Prr15,,Mus musculus,10090
ENSMUSG00000045730,Adrb2,,Mus musculus,10090
ENSMUSG00000045731,Pnoc,,Mus musculus,10090
ENSMUSG00000045751,Mms22l,,Mus musculus,10090
ENSMUSG00000045752,Tssc4,,Mus musculus,10090
ENSMUSG00000045763,Basp1,,Mus musculus,10090
ENSMUSG00000045767,B230219D22Rik,,Mus musculus,10090
ENSMUSG00000045777,Ifitm10,,Mus musculus,10090
ENSMUSG00000045817,Zfp36l2,,Mus musculus,10090
ENSMUSG00000045826,Ptprcap,,Mus musculus,10090
ENSMUSG00000045827,Serpinb9,,Mus musculus,10090
ENSMUSG00000045835,Hdgfl1,,Mus musculus,10090
ENSMUSG00000045854,Lyrm2,,Mus musculus,10090
ENSMUSG00000045867,Cradd,,Mus musculus,10090
ENSMUSG00000045875,Adra1a,,Mus musculus,10090
ENSMUSG00000045876,Pcdhb8,,Mus musculus,10090
ENSMUSG00000045896,Paip2b,,Mus musculus,10090
ENSMUSG00000045917,Tmem268,,Mus musculus,10090
ENSMUSG00000045930,Clec14a,,Mus musculus,10090
ENSMUSG00000045932,Ifit2,,Mus musculus,10090
ENSMUSG00000045948,Mrps12,,Mus musculus,10090
ENSMUSG00000045954,Cavin2,,Mus musculus,10090
ENSMUSG00000045962,Wnk1,,Mus musculus,10090
ENSMUSG00000045969,Ing1,,Mus musculus,10090
ENSMUSG00000045973,Slc25a51,,Mus musculus,10090
ENSMUSG00000045975,C2cd2,,Mus musculus,10090
ENSMUSG00000045983,Eif4g1,,Mus musculus,10090
ENSMUSG00000045994,B3gat1,,Mus musculus,10090
ENSMUSG00000046000,Naa11,,Mus musculus,10090
ENSMUSG00000046008,Pnlip,,Mus musculus,10090
ENSMUSG00000046010,Zfp830,,Mus musculus,10090
ENSMUSG00000046020,Pofut1,,Mus musculus,10090
ENSMUSG00000046027,Stard5,,Mus musculus,10090
ENSMUSG00000046032,Snx12,,Mus musculus,10090
ENSMUSG00000046034,Otulin,,Mus musculus,10090
ENSMUSG00000046062,Ppp1r15b,,Mus musculus,10090
ENSMUSG00000046070,Igfals,,Mus musculus,10090
ENSMUSG00000046095,Krt32,,Mus musculus,10090
ENSMUSG00000046109,AB041806,,Mus musculus,10090
ENSMUSG00000046110,Serinc4,,Mus musculus,10090
ENSMUSG00000046152,Fut10,,Mus musculus,10090
ENSMUSG00000046157,Tmem229b,,Mus musculus,10090
ENSMUSG00000046159,Chrm3,,Mus musculus,10090
ENSMUSG00000046160,Olig1,,Mus musculus,10090
ENSMUSG00000046178,Nxph1,,Mus musculus,10090
ENSMUSG00000046179,E2f8,,Mus musculus,10090
ENSMUSG00000046180,4930550L24Rik,,Mus musculus,10090
ENSMUSG00000046185,Zfp84,,Mus musculus,10090
ENSMUSG00000046186,Cd109,,Mus musculus,10090
ENSMUSG00000046196,Ttc39d,,Mus musculus,10090
ENSMUSG00000046201,Scaf8,,Mus musculus,10090
ENSMUSG00000046223,Plaur,,Mus musculus,10090
ENSMUSG00000046229,Scand1,,Mus musculus,10090
ENSMUSG00000046245,Pilra,,Mus musculus,10090
ENSMUSG00000046259,Sprr2h,,Mus musculus,10090
ENSMUSG00000046269,Usp27x,,Mus musculus,10090
ENSMUSG00000046280,She,,Mus musculus,10090
ENSMUSG00000046311,Zfp62,,Mus musculus,10090
ENSMUSG00000046312,Myorg,,Mus musculus,10090
ENSMUSG00000046314,Stxbp6,,Mus musculus,10090
ENSMUSG00000046323,Dppa3,,Mus musculus,10090
ENSMUSG00000046324,Ermp1,,Mus musculus,10090
ENSMUSG00000046329,Slc25a23,,Mus musculus,10090
ENSMUSG00000046330,Rpl37a,,Mus musculus,10090
ENSMUSG00000046351,Zfp322a,,Mus musculus,10090
ENSMUSG00000046352,Gjb2,,Mus musculus,10090
ENSMUSG00000046380,Jrk,,Mus musculus,10090
ENSMUSG00000046387,Pcdhb17,,Mus musculus,10090
ENSMUSG00000046402,Rbp1,,Mus musculus,10090
ENSMUSG00000046432,Bex3,,Mus musculus,10090
ENSMUSG00000046434,Hnrnpa1,,Mus musculus,10090
ENSMUSG00000046441,Cmtr2,,Mus musculus,10090
ENSMUSG00000046449,Nexmif,,Mus musculus,10090
ENSMUSG00000046450,Olfr71,,Mus musculus,10090
ENSMUSG00000046456,Tmem150b,,Mus musculus,10090
ENSMUSG00000046470,Sox18,,Mus musculus,10090
ENSMUSG00000046474,Krtap4-16,,Mus musculus,10090
ENSMUSG00000046516,Cox17,,Mus musculus,10090
ENSMUSG00000046518,Ferd3l,,Mus musculus,10090
ENSMUSG00000046519,Golph3l,,Mus musculus,10090
ENSMUSG00000046523,Kctd4,,Mus musculus,10090
ENSMUSG00000046532,Ar,,Mus musculus,10090
ENSMUSG00000046546,Fam43a,,Mus musculus,10090
ENSMUSG00000046556,Zfp319,,Mus musculus,10090
ENSMUSG00000046562,Unc119b,,Mus musculus,10090
ENSMUSG00000046567,4930430F08Rik,,Mus musculus,10090
ENSMUSG00000046572,Zfp518b,,Mus musculus,10090
ENSMUSG00000046574,Prr12,,Mus musculus,10090
ENSMUSG00000046598,Bdh1,,Mus musculus,10090
ENSMUSG00000046605,B3gntl1,,Mus musculus,10090
ENSMUSG00000046607,Hrk,,Mus musculus,10090
ENSMUSG00000046615,Actrt1,,Mus musculus,10090
ENSMUSG00000046623,Gjb4,,Mus musculus,10090
ENSMUSG00000046658,Zfp316,,Mus musculus,10090
ENSMUSG00000046668,Cxxc5,,Mus musculus,10090
ENSMUSG00000046671,Mtfr1l,,Mus musculus,10090
ENSMUSG00000046676,Lce1l,,Mus musculus,10090
ENSMUSG00000046679,C87436,,Mus musculus,10090
ENSMUSG00000046688,Tifa,,Mus musculus,10090
ENSMUSG00000046707,Csnk2a2,,Mus musculus,10090
ENSMUSG00000046709,Mapk10,,Mus musculus,10090
ENSMUSG00000046714,Foxc2,,Mus musculus,10090
ENSMUSG00000046717,Igbp1b,,Mus musculus,10090
ENSMUSG00000046718,Bst2,,Mus musculus,10090
ENSMUSG00000046719,Nxph3,,Mus musculus,10090
ENSMUSG00000046722,Cdc42se1,,Mus musculus,10090
ENSMUSG00000046723,Adam24,,Mus musculus,10090
ENSMUSG00000046727,Cystm1,,Mus musculus,10090
ENSMUSG00000046731,Kctd11,,Mus musculus,10090
ENSMUSG00000046750,Selenov,,Mus musculus,10090
ENSMUSG00000046756,Mrps7,,Mus musculus,10090
ENSMUSG00000046761,Fam83h,,Mus musculus,10090
ENSMUSG00000046768,Rhoj,,Mus musculus,10090
ENSMUSG00000046785,Epm2aip1,,Mus musculus,10090
ENSMUSG00000046791,Riox1,,Mus musculus,10090
ENSMUSG00000046792,Zfp787,,Mus musculus,10090
ENSMUSG00000046804,Phgr1,,Mus musculus,10090
ENSMUSG00000046805,Mpeg1,,Mus musculus,10090
ENSMUSG00000046818,Ddit4l,,Mus musculus,10090
ENSMUSG00000046822,Slc39a3,,Mus musculus,10090
ENSMUSG00000046834,Krt1,,Mus musculus,10090
ENSMUSG00000046836,Brox,,Mus musculus,10090
ENSMUSG00000046840,Hnf4aos,,Mus musculus,10090
ENSMUSG00000046841,Ckap4,,Mus musculus,10090
ENSMUSG00000046845,Il1f10,,Mus musculus,10090
ENSMUSG00000046846,Spesp1,,Mus musculus,10090
ENSMUSG00000046854,Pip5kl1,,Mus musculus,10090
ENSMUSG00000046861,Hectd3,,Mus musculus,10090
ENSMUSG00000046876,Atxn1,,Mus musculus,10090
ENSMUSG00000046879,Irgm1,,Mus musculus,10090
ENSMUSG00000046886,Zfp474,,Mus musculus,10090
ENSMUSG00000046897,Zfp740,,Mus musculus,10090
ENSMUSG00000046899,Prl7a2,,Mus musculus,10090
ENSMUSG00000046908,Ltb4r1,,Mus musculus,10090
ENSMUSG00000046909,Tefm,,Mus musculus,10090
ENSMUSG00000046916,Myct1,,Mus musculus,10090
ENSMUSG00000046934,Csl,,Mus musculus,10090
ENSMUSG00000046949,Nqo2,,Mus musculus,10090
ENSMUSG00000046957,Spz1,,Mus musculus,10090
ENSMUSG00000046959,Slc26a1,,Mus musculus,10090
ENSMUSG00000046962,Zbtb21,,Mus musculus,10090
ENSMUSG00000046971,Pla2g4f,,Mus musculus,10090
ENSMUSG00000046974,BC053393,,Mus musculus,10090
ENSMUSG00000046982,Tshz1,,Mus musculus,10090
ENSMUSG00000046997,Spsb4,,Mus musculus,10090
ENSMUSG00000047002,Msgn1,,Mus musculus,10090
ENSMUSG00000047022,Mipol1,,Mus musculus,10090
ENSMUSG00000047025,Ccer1,,Mus musculus,10090
ENSMUSG00000047033,Pcdhb15,,Mus musculus,10090
ENSMUSG00000047034,Ankrd33,,Mus musculus,10090
ENSMUSG00000047036,Zfp445,,Mus musculus,10090
ENSMUSG00000047044,D030056L22Rik,,Mus musculus,10090
ENSMUSG00000047061,Gm9817,,Mus musculus,10090
ENSMUSG00000047084,Ngrn,,Mus musculus,10090
ENSMUSG00000047104,Pbp2,,Mus musculus,10090
ENSMUSG00000047108,Dnajb7,,Mus musculus,10090
ENSMUSG00000047109,Cldn14,,Mus musculus,10090
ENSMUSG00000047126,Cltc,,Mus musculus,10090
ENSMUSG00000047139,Cd24a,,Mus musculus,10090
ENSMUSG00000047141,Zfp654,,Mus musculus,10090
ENSMUSG00000047146,Tet1,,Mus musculus,10090
ENSMUSG00000047150,1700001C19Rik,,Mus musculus,10090
ENSMUSG00000047182,Irs3,,Mus musculus,10090
ENSMUSG00000047187,Rab2a,,Mus musculus,10090
ENSMUSG00000047203,Vmn1r54,,Mus musculus,10090
ENSMUSG00000047205,Dusp18,,Mus musculus,10090
ENSMUSG00000047213,Ythdf3,,Mus musculus,10090
ENSMUSG00000047215,Rpl9,,Mus musculus,10090
ENSMUSG00000047222,Rnase2a,,Mus musculus,10090
ENSMUSG00000047230,Cldn2,,Mus musculus,10090
ENSMUSG00000047238,Mageh1,,Mus musculus,10090
ENSMUSG00000047248,C2cd3,,Mus musculus,10090
ENSMUSG00000047250,Ptgs1,,Mus musculus,10090
ENSMUSG00000047253,Krtap1-5,,Mus musculus,10090
ENSMUSG00000047260,Emc6,,Mus musculus,10090
ENSMUSG00000047261,Gap43,,Mus musculus,10090
ENSMUSG00000047264,Zfp358,,Mus musculus,10090
ENSMUSG00000047281,Sfn,,Mus musculus,10090
ENSMUSG00000047284,Neurl4,,Mus musculus,10090
ENSMUSG00000047307,Pcdhb13,,Mus musculus,10090
ENSMUSG00000047330,Kcne4,,Mus musculus,10090
ENSMUSG00000047342,Zfp286,,Mus musculus,10090
ENSMUSG00000047371,Zfp768,,Mus musculus,10090
ENSMUSG00000047388,Atmin,,Mus musculus,10090
ENSMUSG00000047390,Defb9,,Mus musculus,10090
ENSMUSG00000047407,Tgif1,,Mus musculus,10090
ENSMUSG00000047409,Ctdspl,,Mus musculus,10090
ENSMUSG00000047412,Zbtb44,,Mus musculus,10090
ENSMUSG00000047417,Rexo1,,Mus musculus,10090
ENSMUSG00000047419,Cmya5,,Mus musculus,10090
ENSMUSG00000047423,AI837181,,Mus musculus,10090
ENSMUSG00000047428,Dlk2,,Mus musculus,10090
ENSMUSG00000047446,Arl4a,,Mus musculus,10090
ENSMUSG00000047454,Gphn,,Mus musculus,10090
ENSMUSG00000047459,Dynlrb1,,Mus musculus,10090
ENSMUSG00000047473,Zfp30,,Mus musculus,10090
ENSMUSG00000047492,Inhbe,,Mus musculus,10090
ENSMUSG00000047501,Cldn4,,Mus musculus,10090
ENSMUSG00000047507,Baiap3,,Mus musculus,10090
ENSMUSG00000047508,Mbd3l2,,Mus musculus,10090
ENSMUSG00000047514,Tspyl1,,Mus musculus,10090
ENSMUSG00000047517,Dmbt1,,Mus musculus,10090
ENSMUSG00000047534,Mis18bp1,,Mus musculus,10090
ENSMUSG00000047535,Olfr67,,Mus musculus,10090
ENSMUSG00000047539,Fbxo28,,Mus musculus,10090
ENSMUSG00000047547,Cltb,,Mus musculus,10090
ENSMUSG00000047554,Tmem41b,,Mus musculus,10090
ENSMUSG00000047557,Lxn,,Mus musculus,10090
ENSMUSG00000047562,Mmp10,,Mus musculus,10090
ENSMUSG00000047564,Krtap3-1,,Mus musculus,10090
ENSMUSG00000047591,Mafa,,Mus musculus,10090
ENSMUSG00000047603,Zfp235,,Mus musculus,10090
ENSMUSG00000047604,Frat2,,Mus musculus,10090
ENSMUSG00000047613,A430005L14Rik,,Mus musculus,10090
ENSMUSG00000047631,Apof,,Mus musculus,10090
ENSMUSG00000047638,Nr1h4,,Mus musculus,10090
ENSMUSG00000047654,Tssk6,,Mus musculus,10090
ENSMUSG00000047656,Trpt1,,Mus musculus,10090
ENSMUSG00000047669,Msl3l2,,Mus musculus,10090
ENSMUSG00000047671,Tctex1d4,,Mus musculus,10090
ENSMUSG00000047674,Pdha2,,Mus musculus,10090
ENSMUSG00000047714,Ppp1r2,,Mus musculus,10090
ENSMUSG00000047719,Ubiad1,,Mus musculus,10090
ENSMUSG00000047720,Clec2m,,Mus musculus,10090
ENSMUSG00000047721,Bola2,,Mus musculus,10090
ENSMUSG00000047728,Ly6g2,,Mus musculus,10090
ENSMUSG00000047731,Wbp1l,,Mus musculus,10090
ENSMUSG00000047751,Utf1,,Mus musculus,10090
ENSMUSG00000047759,Hs3st3a1,,Mus musculus,10090
ENSMUSG00000047766,Lrrc49,,Mus musculus,10090
ENSMUSG00000047777,Phf13,,Mus musculus,10090
ENSMUSG00000047797,Gjb1,,Mus musculus,10090
ENSMUSG00000047798,Cd300lf,,Mus musculus,10090
ENSMUSG00000047804,Akap10,,Mus musculus,10090
ENSMUSG00000047821,Trim16,,Mus musculus,10090
ENSMUSG00000047822,Angptl8,,Mus musculus,10090
ENSMUSG00000047824,Pygo2,,Mus musculus,10090
ENSMUSG00000047832,Cdca4,,Mus musculus,10090
ENSMUSG00000047854,Stx19,,Mus musculus,10090
ENSMUSG00000047861,Foxi1,,Mus musculus,10090
ENSMUSG00000047866,Lonp2,,Mus musculus,10090
ENSMUSG00000047867,Gimap6,,Mus musculus,10090
ENSMUSG00000047878,A4galt,,Mus musculus,10090
ENSMUSG00000047879,Usp14,,Mus musculus,10090
ENSMUSG00000047880,Cxcr5,,Mus musculus,10090
ENSMUSG00000047881,Rell1,,Mus musculus,10090
ENSMUSG00000047888,Tnrc6b,,Mus musculus,10090
ENSMUSG00000047894,Ang2,,Mus musculus,10090
ENSMUSG00000047898,Ccr4,,Mus musculus,10090
ENSMUSG00000047904,Sstr2,,Mus musculus,10090
ENSMUSG00000047907,Tshz2,,Mus musculus,10090
ENSMUSG00000047910,Pcdhb16,,Mus musculus,10090
ENSMUSG00000047938,4930483J18Rik,,Mus musculus,10090
ENSMUSG00000047945,Marcksl1,,Mus musculus,10090
ENSMUSG00000047953,Gp5,,Mus musculus,10090
ENSMUSG00000047959,Kcna3,,Mus musculus,10090
ENSMUSG00000047963,Stbd1,,Mus musculus,10090
ENSMUSG00000047976,Kcna1,,Mus musculus,10090
ENSMUSG00000047988,4933428G20Rik,,Mus musculus,10090
ENSMUSG00000047989,Ino80c,,Mus musculus,10090
ENSMUSG00000048000,Gigyf2,,Mus musculus,10090
ENSMUSG00000048001,Hes5,,Mus musculus,10090
ENSMUSG00000048013,Krt35,,Mus musculus,10090
ENSMUSG00000048015,Neurod4,,Mus musculus,10090
ENSMUSG00000048040,Arxes2,,Mus musculus,10090
ENSMUSG00000048047,Zbtb33,,Mus musculus,10090
ENSMUSG00000048062,Fpr-rs4,,Mus musculus,10090
ENSMUSG00000048078,Tenm4,,Mus musculus,10090
ENSMUSG00000048096,Lmod1,,Mus musculus,10090
ENSMUSG00000048106,4632415L05Rik,,Mus musculus,10090
ENSMUSG00000048109,Rbm15,,Mus musculus,10090
ENSMUSG00000048120,Entpd1,,Mus musculus,10090
ENSMUSG00000048126,Col6a3,,Mus musculus,10090
ENSMUSG00000048138,Dmrt2,,Mus musculus,10090
ENSMUSG00000048153,Olfr49,,Mus musculus,10090
ENSMUSG00000048154,Kmt2d,,Mus musculus,10090
ENSMUSG00000048163,Selplg,,Mus musculus,10090
ENSMUSG00000048170,Mcmbp,,Mus musculus,10090
ENSMUSG00000048175,Asb8,,Mus musculus,10090
ENSMUSG00000048200,Cracr2b,,Mus musculus,10090
ENSMUSG00000048206,Dnajb8,,Mus musculus,10090
ENSMUSG00000048216,Gpr85,,Mus musculus,10090
ENSMUSG00000048217,Nags,,Mus musculus,10090
ENSMUSG00000048230,Fbxo43,,Mus musculus,10090
ENSMUSG00000048249,Crebrf,,Mus musculus,10090
ENSMUSG00000048251,Bcl11b,,Mus musculus,10090
ENSMUSG00000048277,Syngr2,,Mus musculus,10090
ENSMUSG00000048279,Sacs,,Mus musculus,10090
ENSMUSG00000048285,Frmd6,,Mus musculus,10090
ENSMUSG00000048307,Ankrd46,,Mus musculus,10090
ENSMUSG00000048329,Mfsd6l,,Mus musculus,10090
ENSMUSG00000048337,Npy4r,,Mus musculus,10090
ENSMUSG00000048347,Pcdhb18,,Mus musculus,10090
ENSMUSG00000048351,Coa7,,Mus musculus,10090
ENSMUSG00000048355,Arxes1,,Mus musculus,10090
ENSMUSG00000048368,Omd,,Mus musculus,10090
ENSMUSG00000048373,Fgfbp1,,Mus musculus,10090
ENSMUSG00000048376,F2r,,Mus musculus,10090
ENSMUSG00000048379,Socs4,,Mus musculus,10090
ENSMUSG00000048385,Scrt1,,Mus musculus,10090
ENSMUSG00000048387,Osr1,,Mus musculus,10090
ENSMUSG00000048402,Gli2,,Mus musculus,10090
ENSMUSG00000048416,Mlf1,,Mus musculus,10090
ENSMUSG00000048429,Timm29,,Mus musculus,10090
ENSMUSG00000048439,Nupl2,,Mus musculus,10090
ENSMUSG00000048440,Cyp4f16,,Mus musculus,10090
ENSMUSG00000048450,Msx1,,Mus musculus,10090
ENSMUSG00000048455,Sprr1b,,Mus musculus,10090
ENSMUSG00000048481,Mypop,,Mus musculus,10090
ENSMUSG00000048482,Bdnf,,Mus musculus,10090
ENSMUSG00000048484,Gm7461,,Mus musculus,10090
ENSMUSG00000048490,Nrip1,,Mus musculus,10090
ENSMUSG00000048495,Tyw5,,Mus musculus,10090
ENSMUSG00000048497,Mmgt2,,Mus musculus,10090
ENSMUSG00000048500,Defb15,,Mus musculus,10090
ENSMUSG00000048516,Adam26a,,Mus musculus,10090
ENSMUSG00000048521,Cxcr6,,Mus musculus,10090
ENSMUSG00000048528,Nkx1-2,,Mus musculus,10090
ENSMUSG00000048537,Phldb1,,Mus musculus,10090
ENSMUSG00000048546,Tob2,,Mus musculus,10090
ENSMUSG00000048550,Thnsl1,,Mus musculus,10090
ENSMUSG00000048578,Mlec,,Mus musculus,10090
ENSMUSG00000048582,Gja3,,Mus musculus,10090
ENSMUSG00000048612,Myof,,Mus musculus,10090
ENSMUSG00000048616,Nog,,Mus musculus,10090
ENSMUSG00000048617,Rtbdn,,Mus musculus,10090
ENSMUSG00000048626,Klf17,,Mus musculus,10090
ENSMUSG00000048668,Rhno1,,Mus musculus,10090
ENSMUSG00000048677,Tpcn2,,Mus musculus,10090
ENSMUSG00000048686,Hmgb4,,Mus musculus,10090
ENSMUSG00000048701,Ccdc6,,Mus musculus,10090
ENSMUSG00000048707,Tprn,,Mus musculus,10090
ENSMUSG00000048732,Klhl11,,Mus musculus,10090
ENSMUSG00000048755,Mcat,,Mus musculus,10090
ENSMUSG00000048756,Foxo3,,Mus musculus,10090
ENSMUSG00000048763,Hoxb3,,Mus musculus,10090
ENSMUSG00000048772,Tmem53,,Mus musculus,10090
ENSMUSG00000048776,Pthlh,,Mus musculus,10090
ENSMUSG00000048779,P2ry6,,Mus musculus,10090
ENSMUSG00000048806,Ifnb1,,Mus musculus,10090
ENSMUSG00000048807,Slc35e4,,Mus musculus,10090
ENSMUSG00000048824,Gm568,,Mus musculus,10090
ENSMUSG00000048830,2310057N15Rik,,Mus musculus,10090
ENSMUSG00000048832,Vps37c,,Mus musculus,10090
ENSMUSG00000048833,Slc39a9,,Mus musculus,10090
ENSMUSG00000048834,Vstm2a,,Mus musculus,10090
ENSMUSG00000048852,Gm12185,,Mus musculus,10090
ENSMUSG00000048856,Slc25a47,,Mus musculus,10090
ENSMUSG00000048874,Phf3,,Mus musculus,10090
ENSMUSG00000048875,Pudp,,Mus musculus,10090
ENSMUSG00000048878,Hexim1,,Mus musculus,10090
ENSMUSG00000048895,Cdk5r1,,Mus musculus,10090
ENSMUSG00000048904,Neurog1,,Mus musculus,10090
ENSMUSG00000048915,Efna5,,Mus musculus,10090
ENSMUSG00000048921,Zfp689,,Mus musculus,10090
ENSMUSG00000048930,Tada3,,Mus musculus,10090
ENSMUSG00000048970,C1galt1c1,,Mus musculus,10090
ENSMUSG00000048978,Nrsn1,,Mus musculus,10090
ENSMUSG00000048981,Krt31,,Mus musculus,10090
ENSMUSG00000048992,Prss32,,Mus musculus,10090
ENSMUSG00000049036,Tmem121,,Mus musculus,10090
ENSMUSG00000049038,Mterf2,,Mus musculus,10090
ENSMUSG00000049044,Rapgef4,,Mus musculus,10090
ENSMUSG00000049086,Bmyc,,Mus musculus,10090
ENSMUSG00000049090,Zadh2,,Mus musculus,10090
ENSMUSG00000049091,Sephs2,,Mus musculus,10090
ENSMUSG00000049100,Pcdh10,,Mus musculus,10090
ENSMUSG00000049103,Ccr2,,Mus musculus,10090
ENSMUSG00000049106,Dcaf5,,Mus musculus,10090
ENSMUSG00000049107,Ntf3,,Mus musculus,10090
ENSMUSG00000049128,Ivl,,Mus musculus,10090
ENSMUSG00000049130,C5ar1,,Mus musculus,10090
ENSMUSG00000049134,Nrap,,Mus musculus,10090
ENSMUSG00000049152,Ugt3a2,,Mus musculus,10090
ENSMUSG00000049173,Myoz3,,Mus musculus,10090
ENSMUSG00000049184,Purg,,Mus musculus,10090
ENSMUSG00000049246,Hspe1-ps2,,Mus musculus,10090
ENSMUSG00000049252,Lrp1b,,Mus musculus,10090
ENSMUSG00000049265,Kcnk3,,Mus musculus,10090
ENSMUSG00000049281,Scn3b,,Mus musculus,10090
ENSMUSG00000049295,Zfp219,,Mus musculus,10090
ENSMUSG00000049299,Trappc1,,Mus musculus,10090
ENSMUSG00000049300,Prmt6,,Mus musculus,10090
ENSMUSG00000049303,Syt12,,Mus musculus,10090
ENSMUSG00000049305,Ccdc71,,Mus musculus,10090
ENSMUSG00000049307,Fut4,,Mus musculus,10090
ENSMUSG00000049313,Sorl1,,Mus musculus,10090
ENSMUSG00000049321,Zfp2,,Mus musculus,10090
ENSMUSG00000049327,Kmt5a,,Mus musculus,10090
ENSMUSG00000049336,Tenm2,,Mus musculus,10090
ENSMUSG00000049339,Retreg2,,Mus musculus,10090
ENSMUSG00000049350,Zg16,,Mus musculus,10090
ENSMUSG00000049353,Rd3,,Mus musculus,10090
ENSMUSG00000049401,Ogfr,,Mus musculus,10090
ENSMUSG00000049409,Prokr1,,Mus musculus,10090
ENSMUSG00000049421,Zfp260,,Mus musculus,10090
ENSMUSG00000049422,Chchd10,,Mus musculus,10090
ENSMUSG00000049470,Aff4,,Mus musculus,10090
ENSMUSG00000049489,Ccnq,,Mus musculus,10090
ENSMUSG00000049493,Pls1,,Mus musculus,10090
ENSMUSG00000049504,Proser1,,Mus musculus,10090
ENSMUSG00000049511,Htr1b,,Mus musculus,10090
ENSMUSG00000049521,Cdc42ep1,,Mus musculus,10090
ENSMUSG00000049532,Sall2,,Mus musculus,10090
ENSMUSG00000049536,Tceal1,,Mus musculus,10090
ENSMUSG00000049548,Krt82,,Mus musculus,10090
ENSMUSG00000049550,Clip1,,Mus musculus,10090
ENSMUSG00000049551,Fzd9,,Mus musculus,10090
ENSMUSG00000049553,Polr1a,,Mus musculus,10090
ENSMUSG00000049556,Lingo1,,Mus musculus,10090
ENSMUSG00000049577,Zfpm1,,Mus musculus,10090
ENSMUSG00000049580,Tsku,,Mus musculus,10090
ENSMUSG00000049593,Lce1h,,Mus musculus,10090
ENSMUSG00000049600,Zbtb45,,Mus musculus,10090
ENSMUSG00000049604,Hoxb13,,Mus musculus,10090
ENSMUSG00000049606,Zfp644,,Mus musculus,10090
ENSMUSG00000049612,Omg,,Mus musculus,10090
ENSMUSG00000049630,C1ql3,,Mus musculus,10090
ENSMUSG00000049643,2310022A10Rik,,Mus musculus,10090
ENSMUSG00000049649,Gpr3,,Mus musculus,10090
ENSMUSG00000049659,Aftph,,Mus musculus,10090
ENSMUSG00000049670,Morn4,,Mus musculus,10090
ENSMUSG00000049672,Zbtb14,,Mus musculus,10090
ENSMUSG00000049686,Orai1,,Mus musculus,10090
ENSMUSG00000049687,Pheta2,,Mus musculus,10090
ENSMUSG00000049699,Ucn2,,Mus musculus,10090
ENSMUSG00000049721,Gal3st1,,Mus musculus,10090
ENSMUSG00000049723,Mmp12,,Mus musculus,10090
ENSMUSG00000049755,Zfp672,,Mus musculus,10090
ENSMUSG00000049760,Micos13,,Mus musculus,10090
ENSMUSG00000049775,Tmsb4x,,Mus musculus,10090
ENSMUSG00000049791,Fzd4,,Mus musculus,10090
ENSMUSG00000049792,Bag5,,Mus musculus,10090
ENSMUSG00000049800,Sertad2,,Mus musculus,10090
ENSMUSG00000049804,Armcx4,,Mus musculus,10090
ENSMUSG00000049807,Arhgap23,,Mus musculus,10090
ENSMUSG00000049809,Krtap9-3,,Mus musculus,10090
ENSMUSG00000049811,Fam161a,,Mus musculus,10090
ENSMUSG00000049823,Zbtb12,,Mus musculus,10090
ENSMUSG00000049858,Suox,,Mus musculus,10090
ENSMUSG00000049866,Arl4c,,Mus musculus,10090
ENSMUSG00000049872,Calhm5,,Mus musculus,10090
ENSMUSG00000049878,Rlf,,Mus musculus,10090
ENSMUSG00000049881,2810025M15Rik,,Mus musculus,10090
ENSMUSG00000049892,Rasd1,,Mus musculus,10090
ENSMUSG00000049907,Rasl11b,,Mus musculus,10090
ENSMUSG00000049908,Gja8,,Mus musculus,10090
ENSMUSG00000049922,Slc35c1,,Mus musculus,10090
ENSMUSG00000049929,Lpar4,,Mus musculus,10090
ENSMUSG00000049932,H2ax,,Mus musculus,10090
ENSMUSG00000049939,Lrrc4,,Mus musculus,10090
ENSMUSG00000049940,Pgrmc2,,Mus musculus,10090
ENSMUSG00000049957,Ccdc137,,Mus musculus,10090
ENSMUSG00000049960,Mrps16,,Mus musculus,10090
ENSMUSG00000049969,Plekhf2,,Mus musculus,10090
ENSMUSG00000050002,Idnk,,Mus musculus,10090
ENSMUSG00000050017,Pitpnb,,Mus musculus,10090
ENSMUSG00000050029,Rap2c,,Mus musculus,10090
ENSMUSG00000050035,Fhl4,,Mus musculus,10090
ENSMUSG00000050052,Tdrp,,Mus musculus,10090
ENSMUSG00000050058,Prm3,,Mus musculus,10090
ENSMUSG00000050063,Klk6,,Mus musculus,10090
ENSMUSG00000050064,Zfp697,,Mus musculus,10090
ENSMUSG00000050069,Grem2,,Mus musculus,10090
ENSMUSG00000050071,Bex1,,Mus musculus,10090
ENSMUSG00000050079,Rspry1,,Mus musculus,10090
ENSMUSG00000050088,1600012H06Rik,,Mus musculus,10090
ENSMUSG00000050089,Akap4,,Mus musculus,10090
ENSMUSG00000050100,Hmx2,,Mus musculus,10090
ENSMUSG00000050107,Haspin,,Mus musculus,10090
ENSMUSG00000050144,Slc25a44,,Mus musculus,10090
ENSMUSG00000050148,Ubqln2,,Mus musculus,10090
ENSMUSG00000050150,Slc9b1,,Mus musculus,10090
ENSMUSG00000050164,Mchr1,,Mus musculus,10090
ENSMUSG00000050174,Nudt6,,Mus musculus,10090
ENSMUSG00000050188,Lsm10,,Mus musculus,10090
ENSMUSG00000050189,Etos1,,Mus musculus,10090
ENSMUSG00000050213,Snip1,,Mus musculus,10090
ENSMUSG00000050215,Olfr70,,Mus musculus,10090
ENSMUSG00000050222,Il17d,,Mus musculus,10090
ENSMUSG00000050224,Krtap13,,Mus musculus,10090
ENSMUSG00000050229,Pigm,,Mus musculus,10090
ENSMUSG00000050232,Cxcr3,,Mus musculus,10090
ENSMUSG00000050234,Gja4,,Mus musculus,10090
ENSMUSG00000050240,Hic2,,Mus musculus,10090
ENSMUSG00000050244,Heatr1,,Mus musculus,10090
ENSMUSG00000050266,Olfr690,,Mus musculus,10090
ENSMUSG00000050272,Dscam,,Mus musculus,10090
ENSMUSG00000050288,Fzd2,,Mus musculus,10090
ENSMUSG00000050295,Foxc1,,Mus musculus,10090
ENSMUSG00000050304,Slc25a2,,Mus musculus,10090
ENSMUSG00000050310,Rictor,,Mus musculus,10090
ENSMUSG00000050315,Synpo2,,Mus musculus,10090
ENSMUSG00000050321,Neto1,,Mus musculus,10090
ENSMUSG00000050335,Lgals3,,Mus musculus,10090
ENSMUSG00000050359,Sprr1a,,Mus musculus,10090
ENSMUSG00000050370,Ch25h,,Mus musculus,10090
ENSMUSG00000050373,Snx21,,Mus musculus,10090
ENSMUSG00000050377,Il31ra,,Mus musculus,10090
ENSMUSG00000050379,Sept6,,Mus musculus,10090
ENSMUSG00000050383,Svs3b,,Mus musculus,10090
ENSMUSG00000050390,C77080,,Mus musculus,10090
ENSMUSG00000050440,Hamp,,Mus musculus,10090
ENSMUSG00000050445,Cyp8b1,,Mus musculus,10090
ENSMUSG00000050471,Fam118b,,Mus musculus,10090
ENSMUSG00000050493,Fam167b,,Mus musculus,10090
ENSMUSG00000050505,Pcdh20,,Mus musculus,10090
ENSMUSG00000050511,Oprd1,,Mus musculus,10090
ENSMUSG00000050520,Cldn8,,Mus musculus,10090
ENSMUSG00000050534,Htr5b,,Mus musculus,10090
ENSMUSG00000050541,Adra1b,,Mus musculus,10090
ENSMUSG00000050552,Lamtor4,,Mus musculus,10090
ENSMUSG00000050553,Gk2,,Mus musculus,10090
ENSMUSG00000050556,Kcnb1,,Mus musculus,10090
ENSMUSG00000050565,Tor1aip2,,Mus musculus,10090
ENSMUSG00000050567,Maml1,,Mus musculus,10090
ENSMUSG00000050578,Mmp13,,Mus musculus,10090
ENSMUSG00000050605,Zfp61,,Mus musculus,10090
ENSMUSG00000050608,Micos10,,Mus musculus,10090
ENSMUSG00000050635,Sprr2f,,Mus musculus,10090
ENSMUSG00000050650,Mrgpra1,,Mus musculus,10090
ENSMUSG00000050675,Gp1ba,,Mus musculus,10090
ENSMUSG00000050677,Ccdc96,,Mus musculus,10090
ENSMUSG00000050705,2310061I04Rik,,Mus musculus,10090
ENSMUSG00000050711,Scg2,,Mus musculus,10090
ENSMUSG00000050721,Plekho2,,Mus musculus,10090
ENSMUSG00000050732,Vamp8,,Mus musculus,10090
ENSMUSG00000050737,Ptges,,Mus musculus,10090
ENSMUSG00000050747,Trim15,,Mus musculus,10090
ENSMUSG00000050756,Defb6,,Mus musculus,10090
ENSMUSG00000050766,Ear14,,Mus musculus,10090
ENSMUSG00000050777,Tmem37,,Mus musculus,10090
ENSMUSG00000050783,Htr1f,,Mus musculus,10090
ENSMUSG00000050796,B3galt6,,Mus musculus,10090
ENSMUSG00000050808,Muc15,,Mus musculus,10090
ENSMUSG00000050812,Ecpas,,Mus musculus,10090
ENSMUSG00000050821,Fam131a,,Mus musculus,10090
ENSMUSG00000050822,Slc29a4,,Mus musculus,10090
ENSMUSG00000050824,Sstr5,,Mus musculus,10090
ENSMUSG00000050840,Cdh20,,Mus musculus,10090
ENSMUSG00000050846,Zfp623,,Mus musculus,10090
ENSMUSG00000050855,Zfp940,,Mus musculus,10090
ENSMUSG00000050856,Atp5k,,Mus musculus,10090
ENSMUSG00000050866,Clrn3,,Mus musculus,10090
ENSMUSG00000050890,Pdik1l,,Mus musculus,10090
ENSMUSG00000050908,Tvp23a,,Mus musculus,10090
ENSMUSG00000050910,Cdr2l,,Mus musculus,10090
ENSMUSG00000050912,Tmem123,,Mus musculus,10090
ENSMUSG00000050917,Fgf4,,Mus musculus,10090
ENSMUSG00000050936,Gm42743,,Mus musculus,10090
ENSMUSG00000050947,Amigo1,,Mus musculus,10090
ENSMUSG00000050953,Gja1,,Mus musculus,10090
ENSMUSG00000050957,Insl6,,Mus musculus,10090
ENSMUSG00000050963,Kcns2,,Mus musculus,10090
ENSMUSG00000050965,Prkca,,Mus musculus,10090
ENSMUSG00000050966,Lin28a,,Mus musculus,10090
ENSMUSG00000050989,Selenon,,Mus musculus,10090
ENSMUSG00000050996,Cetn1,,Mus musculus,10090
ENSMUSG00000051022,Hs3st1,,Mus musculus,10090
ENSMUSG00000051029,Serpinb1b,,Mus musculus,10090
ENSMUSG00000051037,Zfp455,,Mus musculus,10090
ENSMUSG00000051043,Gprc5c,,Mus musculus,10090
ENSMUSG00000051056,Gja10,,Mus musculus,10090
ENSMUSG00000051147,Nat2,,Mus musculus,10090
ENSMUSG00000051153,Tas2r105,,Mus musculus,10090
ENSMUSG00000051159,Cited1,,Mus musculus,10090
ENSMUSG00000051166,Eml5,,Mus musculus,10090
ENSMUSG00000051172,Olfr672,,Mus musculus,10090
ENSMUSG00000051177,Plcb1,,Mus musculus,10090
ENSMUSG00000051184,Zfp524,,Mus musculus,10090
ENSMUSG00000051185,Fam174a,,Mus musculus,10090
ENSMUSG00000051220,Ercc6l,,Mus musculus,10090
ENSMUSG00000051223,Bzw1,,Mus musculus,10090
ENSMUSG00000051232,Tmem199,,Mus musculus,10090
ENSMUSG00000051234,Rnf7,,Mus musculus,10090
ENSMUSG00000051238,Swsap1,,Mus musculus,10090
ENSMUSG00000051242,Pcdhb9,,Mus musculus,10090
ENSMUSG00000051251,Nhlh1,,Mus musculus,10090
ENSMUSG00000051256,Jagn1,,Mus musculus,10090
ENSMUSG00000051257,Trap1a,,Mus musculus,10090
ENSMUSG00000051276,Actrt2,,Mus musculus,10090
ENSMUSG00000051285,Pcmtd1,,Mus musculus,10090
ENSMUSG00000051314,Ffar2,,Mus musculus,10090
ENSMUSG00000051316,Taf7,,Mus musculus,10090
ENSMUSG00000051329,Nup160,,Mus musculus,10090
ENSMUSG00000051331,Cacna1c,,Mus musculus,10090
ENSMUSG00000051341,Zfp52,,Mus musculus,10090
ENSMUSG00000051346,Spryd4,,Mus musculus,10090
ENSMUSG00000051351,Zfp46,,Mus musculus,10090
ENSMUSG00000051355,Commd1,,Mus musculus,10090
ENSMUSG00000051359,Ncald,,Mus musculus,10090
ENSMUSG00000051367,Six1,,Mus musculus,10090
ENSMUSG00000051373,Plpp7,,Mus musculus,10090
ENSMUSG00000051375,Pcdh1,,Mus musculus,10090
ENSMUSG00000051391,Ywhag,,Mus musculus,10090
ENSMUSG00000051397,Tacstd2,,Mus musculus,10090
ENSMUSG00000051403,Ppp1r37,,Mus musculus,10090
ENSMUSG00000051413,Plagl2,,Mus musculus,10090
ENSMUSG00000051431,Gpr87,,Mus musculus,10090
ENSMUSG00000051439,Cd14,,Mus musculus,10090
ENSMUSG00000051451,Crebzf,,Mus musculus,10090
ENSMUSG00000051456,Hspb3,,Mus musculus,10090
ENSMUSG00000051457,Spn,,Mus musculus,10090
ENSMUSG00000051469,Zfp24,,Mus musculus,10090
ENSMUSG00000051483,Cbr1,,Mus musculus,10090
ENSMUSG00000051486,Pcdhb11,,Mus musculus,10090
ENSMUSG00000051490,Foxd4,,Mus musculus,10090
ENSMUSG00000051498,Tlr6,,Mus musculus,10090
ENSMUSG00000051502,Ufsp1,,Mus musculus,10090
ENSMUSG00000051510,Mafg,,Mus musculus,10090
ENSMUSG00000051515,Fam181b,,Mus musculus,10090
ENSMUSG00000051527,Usp29,,Mus musculus,10090
ENSMUSG00000051579,Tceal8,,Mus musculus,10090
ENSMUSG00000051592,Ccnb3,,Mus musculus,10090
ENSMUSG00000051599,Pcdhb2,,Mus musculus,10090
ENSMUSG00000051615,Rap2a,,Mus musculus,10090
ENSMUSG00000051627,H1f4,,Mus musculus,10090
ENSMUSG00000051663,Pcdhb1,,Mus musculus,10090
ENSMUSG00000051669,AU021092,,Mus musculus,10090
ENSMUSG00000051671,Coa6,,Mus musculus,10090
ENSMUSG00000051675,Trim32,,Mus musculus,10090
ENSMUSG00000051695,Pcbp1,,Mus musculus,10090
ENSMUSG00000051716,Apon,,Mus musculus,10090
ENSMUSG00000051727,Kctd14,,Mus musculus,10090
ENSMUSG00000051730,Mettl5,,Mus musculus,10090
ENSMUSG00000051732,Pabpc2,,Mus musculus,10090
ENSMUSG00000051747,Ttn,,Mus musculus,10090
ENSMUSG00000051748,Wfdc21,,Mus musculus,10090
ENSMUSG00000051768,Xrcc1,,Mus musculus,10090
ENSMUSG00000051790,Nlgn2,,Mus musculus,10090
ENSMUSG00000051802,Krtap19-5,,Mus musculus,10090
ENSMUSG00000051817,Sox12,,Mus musculus,10090
ENSMUSG00000051839,Gypa,,Mus musculus,10090
ENSMUSG00000051851,Rtl8c,,Mus musculus,10090
ENSMUSG00000051853,Arf3,,Mus musculus,10090
ENSMUSG00000051855,Mest,,Mus musculus,10090
ENSMUSG00000051864,Tbc1d22a,,Mus musculus,10090
ENSMUSG00000051879,Krt71,,Mus musculus,10090
ENSMUSG00000051906,Cd209f,,Mus musculus,10090
ENSMUSG00000051910,Sox6,,Mus musculus,10090
ENSMUSG00000051920,Rspo2,,Mus musculus,10090
ENSMUSG00000051934,Spats2,,Mus musculus,10090
ENSMUSG00000051936,Prss58,,Mus musculus,10090
ENSMUSG00000051977,Prdm9,,Mus musculus,10090
ENSMUSG00000051980,Casr,,Mus musculus,10090
ENSMUSG00000051989,Smim11,,Mus musculus,10090
ENSMUSG00000052040,Klf13,,Mus musculus,10090
ENSMUSG00000052062,Pard3b,,Mus musculus,10090
ENSMUSG00000052075,1700029F12Rik,,Mus musculus,10090
ENSMUSG00000052085,Dock8,,Mus musculus,10090
ENSMUSG00000052087,Rgs14,,Mus musculus,10090
ENSMUSG00000052131,Akr1b7,,Mus musculus,10090
ENSMUSG00000052133,Sema5b,,Mus musculus,10090
ENSMUSG00000052139,Babam2,,Mus musculus,10090
ENSMUSG00000052142,Rasal3,,Mus musculus,10090
ENSMUSG00000052144,Ppp4r2,,Mus musculus,10090
ENSMUSG00000052146,Rps10,,Mus musculus,10090
ENSMUSG00000052151,Plpp2,,Mus musculus,10090
ENSMUSG00000052155,Acvr2a,,Mus musculus,10090
ENSMUSG00000052160,Pld4,,Mus musculus,10090
ENSMUSG00000052180,Serpinb6c,,Mus musculus,10090
ENSMUSG00000052187,Hbb-y,,Mus musculus,10090
ENSMUSG00000052212,Cd177,,Mus musculus,10090
ENSMUSG00000052214,Opa3,,Mus musculus,10090
ENSMUSG00000052217,Hbb-bh1,,Mus musculus,10090
ENSMUSG00000052234,Epx,,Mus musculus,10090
ENSMUSG00000052253,Zfp622,,Mus musculus,10090
ENSMUSG00000052270,Fpr2,,Mus musculus,10090
ENSMUSG00000052271,Bhlha15,,Mus musculus,10090
ENSMUSG00000052298,Cdc42se2,,Mus musculus,10090
ENSMUSG00000052299,Ltn1,,Mus musculus,10090
ENSMUSG00000052301,Doc2a,,Mus musculus,10090
ENSMUSG00000052310,Slc39a1,,Mus musculus,10090
ENSMUSG00000052331,Ankrd44,,Mus musculus,10090
ENSMUSG00000052336,Cx3cr1,,Mus musculus,10090
ENSMUSG00000052337,Immt,,Mus musculus,10090
ENSMUSG00000052353,Cemip,,Mus musculus,10090
ENSMUSG00000052369,Tmem106c,,Mus musculus,10090
ENSMUSG00000052373,Mpp3,,Mus musculus,10090
ENSMUSG00000052374,Actn2,,Mus musculus,10090
ENSMUSG00000052384,Nrros,,Mus musculus,10090
ENSMUSG00000052392,Acot4,,Mus musculus,10090
ENSMUSG00000052396,Mogat2,,Mus musculus,10090
ENSMUSG00000052397,Ezr,,Mus musculus,10090
ENSMUSG00000052406,Rexo4,,Mus musculus,10090
ENSMUSG00000052415,Tchh,,Mus musculus,10090
ENSMUSG00000052419,2610001J05Rik,,Mus musculus,10090
ENSMUSG00000052423,B4galt3,,Mus musculus,10090
ENSMUSG00000052428,Tmco1,,Mus musculus,10090
ENSMUSG00000052430,Bmpr1b,,Mus musculus,10090
ENSMUSG00000052456,Asna1,,Mus musculus,10090
ENSMUSG00000052459,Atp6v1a,,Mus musculus,10090
ENSMUSG00000052488,Cherp,,Mus musculus,10090
ENSMUSG00000052496,Pkdrej,,Mus musculus,10090
ENSMUSG00000052504,Epha3,,Mus musculus,10090
ENSMUSG00000052512,Nav2,,Mus musculus,10090
ENSMUSG00000052520,Cyp2j5,,Mus musculus,10090
ENSMUSG00000052533,Nup188,,Mus musculus,10090
ENSMUSG00000052534,Pbx1,,Mus musculus,10090
ENSMUSG00000052539,Magi3,,Mus musculus,10090
ENSMUSG00000052544,St6galnac3,,Mus musculus,10090
ENSMUSG00000052551,Adarb2,,Mus musculus,10090
ENSMUSG00000052566,Hook2,,Mus musculus,10090
ENSMUSG00000052572,Dlg2,,Mus musculus,10090
ENSMUSG00000052593,Adam17,,Mus musculus,10090
ENSMUSG00000052605,Isoc2b,,Mus musculus,10090
ENSMUSG00000052613,Pcdh15,,Mus musculus,10090
ENSMUSG00000052629,Gm9885,,Mus musculus,10090
ENSMUSG00000052656,Rnf103,,Mus musculus,10090
ENSMUSG00000052675,Zfp112,,Mus musculus,10090
ENSMUSG00000052681,Rap1b,,Mus musculus,10090
ENSMUSG00000052684,Jun,,Mus musculus,10090
ENSMUSG00000052688,Rab7b,,Mus musculus,10090
ENSMUSG00000052707,Tnrc6a,,Mus musculus,10090
ENSMUSG00000052712,BC004004,,Mus musculus,10090
ENSMUSG00000052727,Map1b,,Mus musculus,10090
ENSMUSG00000052736,Klrc2,,Mus musculus,10090
ENSMUSG00000052738,Suclg1,,Mus musculus,10090
ENSMUSG00000052751,Repin1,,Mus musculus,10090
ENSMUSG00000052752,Traf7,,Mus musculus,10090
ENSMUSG00000052783,Grk4,,Mus musculus,10090
ENSMUSG00000052794,1700030K09Rik,,Mus musculus,10090
ENSMUSG00000052798,Nup107,,Mus musculus,10090
ENSMUSG00000052812,Atad2b,,Mus musculus,10090
ENSMUSG00000052819,Best2,,Mus musculus,10090
ENSMUSG00000052821,Cysltr1,,Mus musculus,10090
ENSMUSG00000052833,Sae1,,Mus musculus,10090
ENSMUSG00000052837,Junb,,Mus musculus,10090
ENSMUSG00000052852,Reep1,,Mus musculus,10090
ENSMUSG00000052854,Nrk,,Mus musculus,10090
ENSMUSG00000052889,Prkcb,,Mus musculus,10090
ENSMUSG00000052906,Ubxn8,,Mus musculus,10090
ENSMUSG00000052911,Lamb2,,Mus musculus,10090
ENSMUSG00000052914,Cyp2j6,,Mus musculus,10090
ENSMUSG00000052915,Msl1,,Mus musculus,10090
ENSMUSG00000052920,Prkg1,,Mus musculus,10090
ENSMUSG00000052934,Fbxo31,,Mus musculus,10090
ENSMUSG00000052949,Rnf157,,Mus musculus,10090
ENSMUSG00000052957,Gas1,,Mus musculus,10090
ENSMUSG00000052962,Mrpl35,,Mus musculus,10090
ENSMUSG00000052974,Cyp2f2,,Mus musculus,10090
ENSMUSG00000052997,Uba2,,Mus musculus,10090
ENSMUSG00000053004,Hrh1,,Mus musculus,10090
ENSMUSG00000053012,Krcc1,,Mus musculus,10090
ENSMUSG00000053024,Cntn2,,Mus musculus,10090
ENSMUSG00000053044,Cd8b1,,Mus musculus,10090
ENSMUSG00000053062,Jam2,,Mus musculus,10090
ENSMUSG00000053093,Myh7,,Mus musculus,10090
ENSMUSG00000053110,Yap1,,Mus musculus,10090
ENSMUSG00000053111,Fank1,,Mus musculus,10090
ENSMUSG00000053113,Socs3,,Mus musculus,10090
ENSMUSG00000053119,Chmp3,,Mus musculus,10090
ENSMUSG00000053129,Gsx1,,Mus musculus,10090
ENSMUSG00000053137,Mapk11,,Mus musculus,10090
ENSMUSG00000053141,Ptprt,,Mus musculus,10090
ENSMUSG00000053158,Fes,,Mus musculus,10090
ENSMUSG00000053166,Cdh22,,Mus musculus,10090
ENSMUSG00000053175,Bcl3,,Mus musculus,10090
ENSMUSG00000053192,Mllt11,,Mus musculus,10090
ENSMUSG00000053198,Prx,,Mus musculus,10090
ENSMUSG00000053199,Arhgap20,,Mus musculus,10090
ENSMUSG00000053205,Styx,,Mus musculus,10090
ENSMUSG00000053253,Ndfip2,,Mus musculus,10090
ENSMUSG00000053268,Dspp,,Mus musculus,10090
ENSMUSG00000053279,Aldh1a1,,Mus musculus,10090
ENSMUSG00000053286,Trmt1l,,Mus musculus,10090
ENSMUSG00000053289,Ddx10,,Mus musculus,10090
ENSMUSG00000053293,Pom121,,Mus musculus,10090
ENSMUSG00000053303,Slc22a26,,Mus musculus,10090
ENSMUSG00000053310,Nrgn,,Mus musculus,10090
ENSMUSG00000053317,Sec61b,,Mus musculus,10090
ENSMUSG00000053318,Slamf8,,Mus musculus,10090
ENSMUSG00000053329,Gatd3a,,Mus musculus,10090
ENSMUSG00000053332,Gas5,,Mus musculus,10090
ENSMUSG00000053334,Ficd,,Mus musculus,10090
ENSMUSG00000053347,Zfp943,,Mus musculus,10090
ENSMUSG00000053358,Gm9905,,Mus musculus,10090
ENSMUSG00000053368,Rxfp2,,Mus musculus,10090
ENSMUSG00000053375,Atp6v1e2,,Mus musculus,10090
ENSMUSG00000053398,Phgdh,,Mus musculus,10090
ENSMUSG00000053411,Cbx7,,Mus musculus,10090
ENSMUSG00000053414,Hunk,,Mus musculus,10090
ENSMUSG00000053436,Mapk14,,Mus musculus,10090
ENSMUSG00000053453,Thoc7,,Mus musculus,10090
ENSMUSG00000053460,Ggcx,,Mus musculus,10090
ENSMUSG00000053465,Hs6st3,,Mus musculus,10090
ENSMUSG00000053469,Tg,,Mus musculus,10090
ENSMUSG00000053470,Kdm3a,,Mus musculus,10090
ENSMUSG00000053475,Tnfaip6,,Mus musculus,10090
ENSMUSG00000053477,Tcf4,,Mus musculus,10090
ENSMUSG00000053483,Usp21,,Mus musculus,10090
ENSMUSG00000053490,Trim60,,Mus musculus,10090
ENSMUSG00000053510,Nrd1,,Mus musculus,10090
ENSMUSG00000053519,Kcnip1,,Mus musculus,10090
ENSMUSG00000053522,Lgals7,,Mus musculus,10090
ENSMUSG00000053536,Cstf2t,,Mus musculus,10090
ENSMUSG00000053559,Smagp,,Mus musculus,10090
ENSMUSG00000053560,Ier2,,Mus musculus,10090
ENSMUSG00000053565,Eif3k,,Mus musculus,10090
ENSMUSG00000053581,Zfand2a,,Mus musculus,10090
ENSMUSG00000053600,Zfp472,,Mus musculus,10090
ENSMUSG00000053604,Rpia,,Mus musculus,10090
ENSMUSG00000053617,Sh3pxd2a,,Mus musculus,10090
ENSMUSG00000053624,Gykl1,,Mus musculus,10090
ENSMUSG00000053626,Tll1,,Mus musculus,10090
ENSMUSG00000053644,Aldh7a1,,Mus musculus,10090
ENSMUSG00000053684,BC048403,,Mus musculus,10090
ENSMUSG00000053693,Mast1,,Mus musculus,10090
ENSMUSG00000053702,Nebl,,Mus musculus,10090
ENSMUSG00000053716,Dusp7,,Mus musculus,10090
ENSMUSG00000053719,Klk1b26,,Mus musculus,10090
ENSMUSG00000053746,Ptrh1,,Mus musculus,10090
ENSMUSG00000053747,Sox14,,Mus musculus,10090
ENSMUSG00000053754,Chd8,,Mus musculus,10090
ENSMUSG00000053768,Chchd3,,Mus musculus,10090
ENSMUSG00000053799,Exoc6,,Mus musculus,10090
ENSMUSG00000053801,Grwd1,,Mus musculus,10090
ENSMUSG00000053819,Camk2d,,Mus musculus,10090
ENSMUSG00000053835,H2-T24,,Mus musculus,10090
ENSMUSG00000053838,Nudcd3,,Mus musculus,10090
ENSMUSG00000053846,Lipg,,Mus musculus,10090
ENSMUSG00000053863,Mepe,,Mus musculus,10090
ENSMUSG00000053873,Aym1,,Mus musculus,10090
ENSMUSG00000053897,Slc39a8,,Mus musculus,10090
ENSMUSG00000053898,Ech1,,Mus musculus,10090
ENSMUSG00000053907,Mat2a,,Mus musculus,10090
ENSMUSG00000053929,Cyhr1,,Mus musculus,10090
ENSMUSG00000053931,Cnn3,,Mus musculus,10090
ENSMUSG00000053950,Adnp2,,Mus musculus,10090
ENSMUSG00000053964,Lgals4,,Mus musculus,10090
ENSMUSG00000053977,Cd8a,,Mus musculus,10090
ENSMUSG00000053985,Zfp14,,Mus musculus,10090
ENSMUSG00000054008,Ndst1,,Mus musculus,10090
ENSMUSG00000054027,Nt5dc3,,Mus musculus,10090
ENSMUSG00000054065,Pkp3,,Mus musculus,10090
ENSMUSG00000054072,Iigp1,,Mus musculus,10090
ENSMUSG00000054079,Utp18,,Mus musculus,10090
ENSMUSG00000054083,Capn12,,Mus musculus,10090
ENSMUSG00000054115,Skp2,,Mus musculus,10090
ENSMUSG00000054146,Krt15,,Mus musculus,10090
ENSMUSG00000054160,Nkx2-4,,Mus musculus,10090
ENSMUSG00000054162,Spock3,,Mus musculus,10090
ENSMUSG00000054169,Ceacam10,,Mus musculus,10090
ENSMUSG00000054181,A930012O16Rik,,Mus musculus,10090
ENSMUSG00000054191,Klf1,,Mus musculus,10090
ENSMUSG00000054199,Gon4l,,Mus musculus,10090
ENSMUSG00000054206,Gzmm,,Mus musculus,10090
ENSMUSG00000054215,Sprr2k,,Mus musculus,10090
ENSMUSG00000054226,Tprkb,,Mus musculus,10090
ENSMUSG00000054252,Fgfr3,,Mus musculus,10090
ENSMUSG00000054256,Msi1,,Mus musculus,10090
ENSMUSG00000054263,Lifr,,Mus musculus,10090
ENSMUSG00000054277,Arfgap3,,Mus musculus,10090
ENSMUSG00000054302,Eapp,,Mus musculus,10090
ENSMUSG00000054309,Cpsf3,,Mus musculus,10090
ENSMUSG00000054312,Mrps21,,Mus musculus,10090
ENSMUSG00000054325,Lce3a,,Mus musculus,10090
ENSMUSG00000054342,Kcnn4,,Mus musculus,10090
ENSMUSG00000054364,Rhob,,Mus musculus,10090
ENSMUSG00000054385,Ceacam2,,Mus musculus,10090
ENSMUSG00000054387,Mdm4,,Mus musculus,10090
ENSMUSG00000054400,Cklf,,Mus musculus,10090
ENSMUSG00000054405,Dnajc8,,Mus musculus,10090
ENSMUSG00000054408,Spcs3,,Mus musculus,10090
ENSMUSG00000054414,Slc30a7,,Mus musculus,10090
ENSMUSG00000054422,Fabp1,,Mus musculus,10090
ENSMUSG00000054423,Cadps,,Mus musculus,10090
ENSMUSG00000054428,Atpif1,,Mus musculus,10090
ENSMUSG00000054434,Tmem120b,,Mus musculus,10090
ENSMUSG00000054435,Gimap4,,Mus musculus,10090
ENSMUSG00000054446,Cpa1,,Mus musculus,10090
ENSMUSG00000054452,Tle5,,Mus musculus,10090
ENSMUSG00000054455,Vapb,,Mus musculus,10090
ENSMUSG00000054459,Vsnl1,,Mus musculus,10090
ENSMUSG00000054469,Lclat1,,Mus musculus,10090
ENSMUSG00000054474,Thnsl2,,Mus musculus,10090
ENSMUSG00000054477,Kcnn2,,Mus musculus,10090
ENSMUSG00000054484,Tmem62,,Mus musculus,10090
ENSMUSG00000054499,Dedd2,,Mus musculus,10090
ENSMUSG00000054509,Parp4,,Mus musculus,10090
ENSMUSG00000054520,Sh3bp2,,Mus musculus,10090
ENSMUSG00000054555,Adam12,,Mus musculus,10090
ENSMUSG00000054580,Pla2r1,,Mus musculus,10090
ENSMUSG00000054594,Oscar,,Mus musculus,10090
ENSMUSG00000054604,Cggbp1,,Mus musculus,10090
ENSMUSG00000054612,Mgmt,,Mus musculus,10090
ENSMUSG00000054619,Mettl7a1,,Mus musculus,10090
ENSMUSG00000054630,Ugt2b5,,Mus musculus,10090
ENSMUSG00000054640,Slc8a1,,Mus musculus,10090
ENSMUSG00000054648,Zfp869,,Mus musculus,10090
ENSMUSG00000054667,Irs4,,Mus musculus,10090
ENSMUSG00000054675,Tmem119,,Mus musculus,10090
ENSMUSG00000054676,1600014C10Rik,,Mus musculus,10090
ENSMUSG00000054690,Emcn,,Mus musculus,10090
ENSMUSG00000054693,Adam10,,Mus musculus,10090
ENSMUSG00000054708,Ankrd24,,Mus musculus,10090
ENSMUSG00000054715,Zscan22,,Mus musculus,10090
ENSMUSG00000054716,Zfp771,,Mus musculus,10090
ENSMUSG00000054720,Lrrc8c,,Mus musculus,10090
ENSMUSG00000054728,Phactr1,,Mus musculus,10090
ENSMUSG00000054733,Msra,,Mus musculus,10090
ENSMUSG00000054757,Akr1c20,,Mus musculus,10090
ENSMUSG00000054764,Mtnr1a,,Mus musculus,10090
ENSMUSG00000054766,Set,,Mus musculus,10090
ENSMUSG00000054793,Cadm4,,Mus musculus,10090
ENSMUSG00000054808,Actn4,,Mus musculus,10090
ENSMUSG00000054827,Cyp2c50,,Mus musculus,10090
ENSMUSG00000054863,Tafa5,,Mus musculus,10090
ENSMUSG00000054871,Tmem158,,Mus musculus,10090
ENSMUSG00000054874,Pcnx3,,Mus musculus,10090
ENSMUSG00000054889,Dsp,,Mus musculus,10090
ENSMUSG00000054892,Txk,,Mus musculus,10090
ENSMUSG00000054894,Dmac2l,,Mus musculus,10090
ENSMUSG00000054905,Stfa3,,Mus musculus,10090
ENSMUSG00000054909,Wbscr25,,Mus musculus,10090
ENSMUSG00000054920,Klhl5,,Mus musculus,10090
ENSMUSG00000054932,Afp,,Mus musculus,10090
ENSMUSG00000054934,Kcnmb4,,Mus musculus,10090
ENSMUSG00000055013,Agap1,,Mus musculus,10090
ENSMUSG00000055022,Cntn1,,Mus musculus,10090
ENSMUSG00000055026,Gabrg3,,Mus musculus,10090
ENSMUSG00000055027,Smyd1,,Mus musculus,10090
ENSMUSG00000055053,Nfic,,Mus musculus,10090
ENSMUSG00000055065,Ddx17,,Mus musculus,10090
ENSMUSG00000055108,Phxr2,,Mus musculus,10090
ENSMUSG00000055114,Anxa13,,Mus musculus,10090
ENSMUSG00000055116,Arntl,,Mus musculus,10090
ENSMUSG00000055137,Sugct,,Mus musculus,10090
ENSMUSG00000055148,Klf2,,Mus musculus,10090
ENSMUSG00000055170,Ifng,,Mus musculus,10090
ENSMUSG00000055197,Fev,,Mus musculus,10090
ENSMUSG00000055200,Sertad3,,Mus musculus,10090
ENSMUSG00000055204,Ankrd17,,Mus musculus,10090
ENSMUSG00000055210,Foxd2,,Mus musculus,10090
ENSMUSG00000055235,Wdr86,,Mus musculus,10090
ENSMUSG00000055239,Kcmf1,,Mus musculus,10090
ENSMUSG00000055240,Zfp101,,Mus musculus,10090
ENSMUSG00000055254,Ntrk2,,Mus musculus,10090
ENSMUSG00000055296,Tmem245,,Mus musculus,10090
ENSMUSG00000055298,Ctsj,,Mus musculus,10090
ENSMUSG00000055301,Adh7,,Mus musculus,10090
ENSMUSG00000055319,Sec23ip,,Mus musculus,10090
ENSMUSG00000055320,Tead1,,Mus musculus,10090
ENSMUSG00000055322,Tns1,,Mus musculus,10090
ENSMUSG00000055357,4933400A11Rik,,Mus musculus,10090
ENSMUSG00000055368,Slc6a2,,Mus musculus,10090
ENSMUSG00000055371,Stam2,,Mus musculus,10090
ENSMUSG00000055373,Fut9,,Mus musculus,10090
ENSMUSG00000055407,Map6,,Mus musculus,10090
ENSMUSG00000055430,Nap1l5,,Mus musculus,10090
ENSMUSG00000055435,Maf,,Mus musculus,10090
ENSMUSG00000055436,Srsf11,,Mus musculus,10090
ENSMUSG00000055447,Cd47,,Mus musculus,10090
ENSMUSG00000055471,Alk,,Mus musculus,10090
ENSMUSG00000055491,Pprc1,,Mus musculus,10090
ENSMUSG00000055493,Epm2a,,Mus musculus,10090
ENSMUSG00000055540,Epha6,,Mus musculus,10090
ENSMUSG00000055541,Lair1,,Mus musculus,10090
ENSMUSG00000055609,Hba-x,,Mus musculus,10090
ENSMUSG00000055612,Cdca7,,Mus musculus,10090
ENSMUSG00000055639,Dach1,,Mus musculus,10090
ENSMUSG00000055652,Klhl25,,Mus musculus,10090
ENSMUSG00000055653,Gpc3,,Mus musculus,10090
ENSMUSG00000055679,Ctsr,,Mus musculus,10090
ENSMUSG00000055681,Cope,,Mus musculus,10090
ENSMUSG00000055692,Tmem191c,,Mus musculus,10090
ENSMUSG00000055707,Klhl26,,Mus musculus,10090
ENSMUSG00000055717,Slain1,,Mus musculus,10090
ENSMUSG00000055720,Ubl7,,Mus musculus,10090
ENSMUSG00000055723,Rras2,,Mus musculus,10090
ENSMUSG00000055730,Ces2a,,Mus musculus,10090
ENSMUSG00000055733,Nap1l3,,Mus musculus,10090
ENSMUSG00000055737,Ghr,,Mus musculus,10090
ENSMUSG00000055745,Rtl6,,Mus musculus,10090
ENSMUSG00000055762,Eef1d,,Mus musculus,10090
ENSMUSG00000055775,Myh8,,Mus musculus,10090
ENSMUSG00000055780,Usp26,,Mus musculus,10090
ENSMUSG00000055782,Abcd2,,Mus musculus,10090
ENSMUSG00000055799,Tcf7l1,,Mus musculus,10090
ENSMUSG00000055805,Fmnl1,,Mus musculus,10090
ENSMUSG00000055817,Mta3,,Mus musculus,10090
ENSMUSG00000055826,Tescl,,Mus musculus,10090
ENSMUSG00000055835,Zfp1,,Mus musculus,10090
ENSMUSG00000055850,Rnf181,,Mus musculus,10090
ENSMUSG00000055866,Per2,,Mus musculus,10090
ENSMUSG00000055884,Fancm,,Mus musculus,10090
ENSMUSG00000055891,Ubl4b,,Mus musculus,10090
ENSMUSG00000055912,Tmem150a,,Mus musculus,10090
ENSMUSG00000055917,Zfp277,,Mus musculus,10090
ENSMUSG00000055932,Fto,,Mus musculus,10090
ENSMUSG00000055943,Emc7,,Mus musculus,10090
ENSMUSG00000055976,Cldn23,,Mus musculus,10090
ENSMUSG00000055978,Fut2,,Mus musculus,10090
ENSMUSG00000055980,Irs1,,Mus musculus,10090
ENSMUSG00000055991,Zkscan5,,Mus musculus,10090
ENSMUSG00000056018,Ccdc7b,,Mus musculus,10090
ENSMUSG00000056019,Zfp709,,Mus musculus,10090
ENSMUSG00000056025,Clca3a1,,Mus musculus,10090
ENSMUSG00000056032,BC018473,,Mus musculus,10090
ENSMUSG00000056035,Cyp3a11,,Mus musculus,10090
ENSMUSG00000056050,Mia3,,Mus musculus,10090
ENSMUSG00000056054,S100a8,,Mus musculus,10090
ENSMUSG00000056055,Sag,,Mus musculus,10090
ENSMUSG00000056069,Otulinl,,Mus musculus,10090
ENSMUSG00000056071,S100a9,,Mus musculus,10090
ENSMUSG00000056073,Grik2,,Mus musculus,10090
ENSMUSG00000056076,Eif3b,,Mus musculus,10090
ENSMUSG00000056091,St3gal5,,Mus musculus,10090
ENSMUSG00000056121,Fez2,,Mus musculus,10090
ENSMUSG00000056124,B4galt6,,Mus musculus,10090
ENSMUSG00000056144,Trim34a,,Mus musculus,10090
ENSMUSG00000056153,Socs6,,Mus musculus,10090
ENSMUSG00000056158,Car10,,Mus musculus,10090
ENSMUSG00000056197,4931417E11Rik,,Mus musculus,10090
ENSMUSG00000056204,Pgpep1,,Mus musculus,10090
ENSMUSG00000056211,R3hdm1,,Mus musculus,10090
ENSMUSG00000056214,Pard6g,,Mus musculus,10090
ENSMUSG00000056216,Cebpg,,Mus musculus,10090
ENSMUSG00000056220,Pla2g4a,,Mus musculus,10090
ENSMUSG00000056222,Spock1,,Mus musculus,10090
ENSMUSG00000056267,Cep70,,Mus musculus,10090
ENSMUSG00000056268,Dennd1b,,Mus musculus,10090
ENSMUSG00000056271,Lman1l,,Mus musculus,10090
ENSMUSG00000056290,Ms4a4b,,Mus musculus,10090
ENSMUSG00000056296,Synpr,,Mus musculus,10090
ENSMUSG00000056305,Usp39,,Mus musculus,10090
ENSMUSG00000056310,Tyw1,,Mus musculus,10090
ENSMUSG00000056313,Tcim,,Mus musculus,10090
ENSMUSG00000056328,Myh1,,Mus musculus,10090
ENSMUSG00000056342,Usp34,,Mus musculus,10090
ENSMUSG00000056350,Krtap13-1,,Mus musculus,10090
ENSMUSG00000056370,Sftpb,,Mus musculus,10090
ENSMUSG00000056379,Taar1,,Mus musculus,10090
ENSMUSG00000056380,Gpr50,,Mus musculus,10090
ENSMUSG00000056394,Lig1,,Mus musculus,10090
ENSMUSG00000056426,Nat3,,Mus musculus,10090
ENSMUSG00000056427,Slit3,,Mus musculus,10090
ENSMUSG00000056429,Tgoln1,,Mus musculus,10090
ENSMUSG00000056436,Cyct,,Mus musculus,10090
ENSMUSG00000056458,Mok,,Mus musculus,10090
ENSMUSG00000056459,Zbtb25,,Mus musculus,10090
ENSMUSG00000056476,Med12l,,Mus musculus,10090
ENSMUSG00000056481,Cd248,,Mus musculus,10090
ENSMUSG00000056486,Chn1,,Mus musculus,10090
ENSMUSG00000056493,Foxk1,,Mus musculus,10090
ENSMUSG00000056494,Cngb3,,Mus musculus,10090
ENSMUSG00000056501,Cebpb,,Mus musculus,10090
ENSMUSG00000056508,1700001K19Rik,,Mus musculus,10090
ENSMUSG00000056515,Rab31,,Mus musculus,10090
ENSMUSG00000056536,Pign,,Mus musculus,10090
ENSMUSG00000056537,Rlim,,Mus musculus,10090
ENSMUSG00000056553,Ptprn2,,Mus musculus,10090
ENSMUSG00000056569,Mpz,,Mus musculus,10090
ENSMUSG00000056579,Tug1,,Mus musculus,10090
ENSMUSG00000056598,Drc3,,Mus musculus,10090
ENSMUSG00000056605,Krt72,,Mus musculus,10090
ENSMUSG00000056629,Fkbp2,,Mus musculus,10090
ENSMUSG00000056648,Hoxb8,,Mus musculus,10090
ENSMUSG00000056666,Retsat,,Mus musculus,10090
ENSMUSG00000056673,Kdm5d,,Mus musculus,10090
ENSMUSG00000056692,Ilrun,,Mus musculus,10090
ENSMUSG00000056698,Elmod3,,Mus musculus,10090
ENSMUSG00000056708,Ier5,,Mus musculus,10090
ENSMUSG00000056724,Nbeal2,,Mus musculus,10090
ENSMUSG00000056728,Ctsll3,,Mus musculus,10090
ENSMUSG00000056737,Capg,,Mus musculus,10090
ENSMUSG00000056749,Nfil3,,Mus musculus,10090
ENSMUSG00000056758,Hmga2,,Mus musculus,10090
ENSMUSG00000056763,Cspp1,,Mus musculus,10090
ENSMUSG00000056812,St8sia3,,Mus musculus,10090
ENSMUSG00000056820,Tsnax,,Mus musculus,10090
ENSMUSG00000056829,Foxb2,,Mus musculus,10090
ENSMUSG00000056851,Pcbp2,,Mus musculus,10090
ENSMUSG00000056854,Pou3f4,,Mus musculus,10090
ENSMUSG00000056888,Glipr1,,Mus musculus,10090
ENSMUSG00000056895,H2bu2,,Mus musculus,10090
ENSMUSG00000056899,Immp2l,,Mus musculus,10090
ENSMUSG00000056900,Usp13,,Mus musculus,10090
ENSMUSG00000056917,Sipa1,,Mus musculus,10090
ENSMUSG00000056941,Commd7,,Mus musculus,10090
ENSMUSG00000056947,Mab21l1,,Mus musculus,10090
ENSMUSG00000056962,Jmjd6,,Mus musculus,10090
ENSMUSG00000056966,Gjc3,,Mus musculus,10090
ENSMUSG00000056972,Magel2,,Mus musculus,10090
ENSMUSG00000056973,Ces1d,,Mus musculus,10090
ENSMUSG00000056978,Hamp2,,Mus musculus,10090
ENSMUSG00000056999,Ide,,Mus musculus,10090
ENSMUSG00000057003,Myh4,,Mus musculus,10090
ENSMUSG00000057037,Cfhr1,,Mus musculus,10090
ENSMUSG00000057054,Inca1,,Mus musculus,10090
ENSMUSG00000057069,Ero1lb,,Mus musculus,10090
ENSMUSG00000057074,Ces1g,,Mus musculus,10090
ENSMUSG00000057092,Fxyd3,,Mus musculus,10090
ENSMUSG00000057098,Ebf1,,Mus musculus,10090
ENSMUSG00000057103,Nat8f1,,Mus musculus,10090
ENSMUSG00000057110,Cntrl,,Mus musculus,10090
ENSMUSG00000057123,Gja5,,Mus musculus,10090
ENSMUSG00000057130,Txnl4a,,Mus musculus,10090
ENSMUSG00000057132,Rpgrip1,,Mus musculus,10090
ENSMUSG00000057133,Chd6,,Mus musculus,10090
ENSMUSG00000057137,Tmem140,,Mus musculus,10090
ENSMUSG00000057147,Dph6,,Mus musculus,10090
ENSMUSG00000057163,Prss2,,Mus musculus,10090
ENSMUSG00000057174,Krtap19-9b,,Mus musculus,10090
ENSMUSG00000057177,Gsk3a,,Mus musculus,10090
ENSMUSG00000057182,Scn3a,,Mus musculus,10090
ENSMUSG00000057193,Slc44a2,,Mus musculus,10090
ENSMUSG00000057219,Armc7,,Mus musculus,10090
ENSMUSG00000057228,Aadat,,Mus musculus,10090
ENSMUSG00000057229,Dmac2,,Mus musculus,10090
ENSMUSG00000057230,Aak1,,Mus musculus,10090
ENSMUSG00000057236,Rbbp4,,Mus musculus,10090
ENSMUSG00000057278,Snrpg,,Mus musculus,10090
ENSMUSG00000057280,Musk,,Mus musculus,10090
ENSMUSG00000057286,St6galnac2,,Mus musculus,10090
ENSMUSG00000057315,Arhgap24,,Mus musculus,10090
ENSMUSG00000057329,Bcl2,,Mus musculus,10090
ENSMUSG00000057337,Chst3,,Mus musculus,10090
ENSMUSG00000057342,Sphk2,,Mus musculus,10090
ENSMUSG00000057363,Uxs1,,Mus musculus,10090
ENSMUSG00000057367,Birc2,,Mus musculus,10090
ENSMUSG00000057375,Yipf1,,Mus musculus,10090
ENSMUSG00000057378,Ryr3,,Mus musculus,10090
ENSMUSG00000057396,Zfp759,,Mus musculus,10090
ENSMUSG00000057409,Zfp53,,Mus musculus,10090
ENSMUSG00000057417,Dcpp3,,Mus musculus,10090
ENSMUSG00000057421,Las1l,,Mus musculus,10090
ENSMUSG00000057425,Ugt2b37,,Mus musculus,10090
ENSMUSG00000057440,Mpp7,,Mus musculus,10090
ENSMUSG00000057454,Lypd3,,Mus musculus,10090
ENSMUSG00000057455,Rit2,,Mus musculus,10090
ENSMUSG00000057457,Phex,,Mus musculus,10090
ENSMUSG00000057465,Saa2,,Mus musculus,10090
ENSMUSG00000057469,E2f6,,Mus musculus,10090
ENSMUSG00000057497,Fam136a,,Mus musculus,10090
ENSMUSG00000057503,Olfr1459,,Mus musculus,10090
ENSMUSG00000057522,Spop,,Mus musculus,10090
ENSMUSG00000057530,Ece1,,Mus musculus,10090
ENSMUSG00000057531,Dtnbp1,,Mus musculus,10090
ENSMUSG00000057541,Pus7,,Mus musculus,10090
ENSMUSG00000057554,Lgals8,,Mus musculus,10090
ENSMUSG00000057561,Eif1a,,Mus musculus,10090
ENSMUSG00000057564,Olfr1508,,Mus musculus,10090
ENSMUSG00000057572,Zbtb8os,,Mus musculus,10090
ENSMUSG00000057594,Arl16,,Mus musculus,10090
ENSMUSG00000057596,Trim30d,,Mus musculus,10090
ENSMUSG00000057604,Lmcd1,,Mus musculus,10090
ENSMUSG00000057609,Lce1a1,,Mus musculus,10090
ENSMUSG00000057614,Gnai1,,Mus musculus,10090
ENSMUSG00000057650,Krtap19-2,,Mus musculus,10090
ENSMUSG00000057667,Bloc1s3,,Mus musculus,10090
ENSMUSG00000057672,Pkn1,,Mus musculus,10090
ENSMUSG00000057691,Zfp746,,Mus musculus,10090
ENSMUSG00000057697,Vmn1r53,,Mus musculus,10090
ENSMUSG00000057722,Lepr,,Mus musculus,10090
ENSMUSG00000057723,Krt33b,,Mus musculus,10090
ENSMUSG00000057726,Serpinb9g,,Mus musculus,10090
ENSMUSG00000057729,Prtn3,,Mus musculus,10090
ENSMUSG00000057738,Sptan1,,Mus musculus,10090
ENSMUSG00000057777,Mab21l2,,Mus musculus,10090
ENSMUSG00000057788,Ddx49,,Mus musculus,10090
ENSMUSG00000057789,Bak1,,Mus musculus,10090
ENSMUSG00000057835,Zfp119a,,Mus musculus,10090
ENSMUSG00000057855,Krtap6-3,,Mus musculus,10090
ENSMUSG00000057880,Abat,,Mus musculus,10090
ENSMUSG00000057894,Zfp329,,Mus musculus,10090
ENSMUSG00000057895,Zfp105,,Mus musculus,10090
ENSMUSG00000057897,Camk2b,,Mus musculus,10090
ENSMUSG00000057914,Cacnb2,,Mus musculus,10090
ENSMUSG00000057933,Gsta2,,Mus musculus,10090
ENSMUSG00000057963,Itpk1,,Mus musculus,10090
ENSMUSG00000057967,Fgf18,,Mus musculus,10090
ENSMUSG00000057969,Sema3b,,Mus musculus,10090
ENSMUSG00000058006,Mdn1,,Mus musculus,10090
ENSMUSG00000058013,Sept11,,Mus musculus,10090
ENSMUSG00000058022,Adtrp,,Mus musculus,10090
ENSMUSG00000058028,Zscan5b,,Mus musculus,10090
ENSMUSG00000058052,Defb35,,Mus musculus,10090
ENSMUSG00000058056,Palld,,Mus musculus,10090
ENSMUSG00000058063,Trim31,,Mus musculus,10090
ENSMUSG00000058076,Sdhc,,Mus musculus,10090
ENSMUSG00000058099,Nfam1,,Mus musculus,10090
ENSMUSG00000058135,Gstm1,,Mus musculus,10090
ENSMUSG00000058153,Sez6l,,Mus musculus,10090
ENSMUSG00000058159,T2,,Mus musculus,10090
ENSMUSG00000058172,Krtap6-1,,Mus musculus,10090
ENSMUSG00000058173,Smco4,,Mus musculus,10090
ENSMUSG00000058183,Mmel1,,Mus musculus,10090
ENSMUSG00000058207,Serpina3k,,Mus musculus,10090
ENSMUSG00000058216,Gstp3,,Mus musculus,10090
ENSMUSG00000058230,Arhgap35,,Mus musculus,10090
ENSMUSG00000058239,Usf2,,Mus musculus,10090
ENSMUSG00000058240,Cryzl1,,Mus musculus,10090
ENSMUSG00000058248,Kcnh1,,Mus musculus,10090
ENSMUSG00000058254,Tspan7,,Mus musculus,10090
ENSMUSG00000058258,Idi1,,Mus musculus,10090
ENSMUSG00000058267,Mrps14,,Mus musculus,10090
ENSMUSG00000058291,Zfp68,,Mus musculus,10090
ENSMUSG00000058297,Spock2,,Mus musculus,10090
ENSMUSG00000058298,Mcm9,,Mus musculus,10090
ENSMUSG00000058301,Upf1,,Mus musculus,10090
ENSMUSG00000058317,Ube2e2,,Mus musculus,10090
ENSMUSG00000058318,Phf21a,,Mus musculus,10090
ENSMUSG00000058325,Dock1,,Mus musculus,10090
ENSMUSG00000058354,Krt6a,,Mus musculus,10090
ENSMUSG00000058355,Abce1,,Mus musculus,10090
ENSMUSG00000058368,Krtap21-1,,Mus musculus,10090
ENSMUSG00000058388,Phtf1,,Mus musculus,10090
ENSMUSG00000058392,Rrp1b,,Mus musculus,10090
ENSMUSG00000058396,Gpr182,,Mus musculus,10090
ENSMUSG00000058420,Syt17,,Mus musculus,10090
ENSMUSG00000058427,Cxcl2,,Mus musculus,10090
ENSMUSG00000058440,Nrf1,,Mus musculus,10090
ENSMUSG00000058444,Map2k5,,Mus musculus,10090
ENSMUSG00000058446,Znrf2,,Mus musculus,10090
ENSMUSG00000058454,Dhcr7,,Mus musculus,10090
ENSMUSG00000058488,Kl,,Mus musculus,10090
ENSMUSG00000058498,Rnf207,,Mus musculus,10090
ENSMUSG00000058499,Pip,,Mus musculus,10090
ENSMUSG00000058503,Fam133b,,Mus musculus,10090
ENSMUSG00000058523,Mup5,,Mus musculus,10090
ENSMUSG00000058550,Dppa4,,Mus musculus,10090
ENSMUSG00000058558,Rpl5,,Mus musculus,10090
ENSMUSG00000058569,Tmed9,,Mus musculus,10090
ENSMUSG00000058571,Gpc6,,Mus musculus,10090
ENSMUSG00000058579,Cela2a,,Mus musculus,10090
ENSMUSG00000058586,Serhl,,Mus musculus,10090
ENSMUSG00000058587,Tmod3,,Mus musculus,10090
ENSMUSG00000058594,Fbh1,,Mus musculus,10090
ENSMUSG00000058600,Rpl30,,Mus musculus,10090
ENSMUSG00000058620,Adra2b,,Mus musculus,10090
ENSMUSG00000058624,Gda,,Mus musculus,10090
ENSMUSG00000058631,Vmn1r63,,Mus musculus,10090
ENSMUSG00000058638,Zfp110,,Mus musculus,10090
ENSMUSG00000058643,Speer4f1,,Mus musculus,10090
ENSMUSG00000058655,Eif4b,,Mus musculus,10090
ENSMUSG00000058662,Olfr69,,Mus musculus,10090
ENSMUSG00000058665,En1,,Mus musculus,10090
ENSMUSG00000058669,Nkx2-9,,Mus musculus,10090
ENSMUSG00000058672,Tubb2a,,Mus musculus,10090
ENSMUSG00000058690,Ccser2,,Mus musculus,10090
ENSMUSG00000058704,Memo1,,Mus musculus,10090
ENSMUSG00000058709,Egln2,,Mus musculus,10090
ENSMUSG00000058715,Fcer1g,,Mus musculus,10090
ENSMUSG00000058729,Lin9,,Mus musculus,10090
ENSMUSG00000058748,Zfp958,,Mus musculus,10090
ENSMUSG00000058756,Thra,,Mus musculus,10090
ENSMUSG00000058793,Cds2,,Mus musculus,10090
ENSMUSG00000058794,Nfe2,,Mus musculus,10090
ENSMUSG00000058799,Nap1l1,,Mus musculus,10090
ENSMUSG00000058806,Col13a1,,Mus musculus,10090
ENSMUSG00000058818,Pirb,,Mus musculus,10090
ENSMUSG00000058831,Opn1sw,,Mus musculus,10090
ENSMUSG00000058833,Rex1bd,,Mus musculus,10090
ENSMUSG00000058835,Abi1,,Mus musculus,10090
ENSMUSG00000058886,Deaf1,,Mus musculus,10090
ENSMUSG00000058897,Col25a1,,Mus musculus,10090
ENSMUSG00000058908,Pla2g2a,,Mus musculus,10090
ENSMUSG00000058914,C1qtnf3,,Mus musculus,10090
ENSMUSG00000058934,Igf1os,,Mus musculus,10090
ENSMUSG00000058952,Cfi,,Mus musculus,10090
ENSMUSG00000058975,Kcnc1,,Mus musculus,10090
ENSMUSG00000058979,Hdhd5,,Mus musculus,10090
ENSMUSG00000058997,Vwa8,,Mus musculus,10090
ENSMUSG00000059005,Hnrnpa3,,Mus musculus,10090
ENSMUSG00000059013,Sh2d3c,,Mus musculus,10090
ENSMUSG00000059043,Olfr15,,Mus musculus,10090
ENSMUSG00000059060,Rad51b,,Mus musculus,10090
ENSMUSG00000059077,Pth,,Mus musculus,10090
ENSMUSG00000059089,Fcgr4,,Mus musculus,10090
ENSMUSG00000059108,Ifitm6,,Mus musculus,10090
ENSMUSG00000059119,Nap1l4,,Mus musculus,10090
ENSMUSG00000059146,Ntrk3,,Mus musculus,10090
ENSMUSG00000059149,Mfsd4a,,Mus musculus,10090
ENSMUSG00000059173,Pde1a,,Mus musculus,10090
ENSMUSG00000059182,Skap2,,Mus musculus,10090
ENSMUSG00000059183,Mtfmt,,Mus musculus,10090
ENSMUSG00000059201,Lep,,Mus musculus,10090
ENSMUSG00000059203,Il1rapl2,,Mus musculus,10090
ENSMUSG00000059208,Hnrnpm,,Mus musculus,10090
ENSMUSG00000059230,Defb4,,Mus musculus,10090
ENSMUSG00000059246,Foxb1,,Mus musculus,10090
ENSMUSG00000059248,Sept9,,Mus musculus,10090
ENSMUSG00000059256,Gzmd,,Mus musculus,10090
ENSMUSG00000059263,Usp47,,Mus musculus,10090
ENSMUSG00000059277,R74862,,Mus musculus,10090
ENSMUSG00000059278,Naa38,,Mus musculus,10090
ENSMUSG00000059288,Cdyl,,Mus musculus,10090
ENSMUSG00000059291,Rpl11,,Mus musculus,10090
ENSMUSG00000059316,Slc27a4,,Mus musculus,10090
ENSMUSG00000059325,Hopx,,Mus musculus,10090
ENSMUSG00000059326,Csf2ra,,Mus musculus,10090
ENSMUSG00000059327,Eda,,Mus musculus,10090
ENSMUSG00000059336,Slc14a1,,Mus musculus,10090
ENSMUSG00000059343,Aldoart1,,Mus musculus,10090
ENSMUSG00000059395,Nkapl,,Mus musculus,10090
ENSMUSG00000059408,Mrgprh,,Mus musculus,10090
ENSMUSG00000059409,Ppp2r5d,,Mus musculus,10090
ENSMUSG00000059412,Fxyd2,,Mus musculus,10090
ENSMUSG00000059430,Actg2,,Mus musculus,10090
ENSMUSG00000059434,Gckr,,Mus musculus,10090
ENSMUSG00000059436,Max,,Mus musculus,10090
ENSMUSG00000059439,Bcas3,,Mus musculus,10090
ENSMUSG00000059456,Ptk2b,,Mus musculus,10090
ENSMUSG00000059474,Mbtd1,,Mus musculus,10090
ENSMUSG00000059475,Zfp426,,Mus musculus,10090
ENSMUSG00000059479,B3gnt8,,Mus musculus,10090
ENSMUSG00000059481,Plg,,Mus musculus,10090
ENSMUSG00000059482,2610301B20Rik,,Mus musculus,10090
ENSMUSG00000059486,Kbtbd2,,Mus musculus,10090
ENSMUSG00000059495,Arhgef12,,Mus musculus,10090
ENSMUSG00000059498,Fcgr3,,Mus musculus,10090
ENSMUSG00000059518,Znhit1,,Mus musculus,10090
ENSMUSG00000059534,Uqcr10,,Mus musculus,10090
ENSMUSG00000059540,Tcea2,,Mus musculus,10090
ENSMUSG00000059552,Trp53,,Mus musculus,10090
ENSMUSG00000059554,Ccdc28a,,Mus musculus,10090
ENSMUSG00000059555,Tor4a,,Mus musculus,10090
ENSMUSG00000059586,Nsmce2,,Mus musculus,10090
ENSMUSG00000059588,Calcrl,,Mus musculus,10090
ENSMUSG00000059602,Syn3,,Mus musculus,10090
ENSMUSG00000059606,Rnase2b,,Mus musculus,10090
ENSMUSG00000059632,Krtap8-1,,Mus musculus,10090
ENSMUSG00000059654,Reg1,,Mus musculus,10090
ENSMUSG00000059668,Krt4,,Mus musculus,10090
ENSMUSG00000059669,Taf1b,,Mus musculus,10090
ENSMUSG00000059708,Akap17b,,Mus musculus,10090
ENSMUSG00000059713,Rcan3,,Mus musculus,10090
ENSMUSG00000059714,Flot1,,Mus musculus,10090
ENSMUSG00000059734,Ndufs8,,Mus musculus,10090
ENSMUSG00000059741,Myl3,,Mus musculus,10090
ENSMUSG00000059742,Kcnh7,,Mus musculus,10090
ENSMUSG00000059772,Slx1b,,Mus musculus,10090
ENSMUSG00000059791,Nrm,,Mus musculus,10090
ENSMUSG00000059810,Rgs3,,Mus musculus,10090
ENSMUSG00000059811,Atl2,,Mus musculus,10090
ENSMUSG00000059824,Dbp,,Mus musculus,10090
ENSMUSG00000059834,Sclt1,,Mus musculus,10090
ENSMUSG00000059845,Gm11567,,Mus musculus,10090
ENSMUSG00000059851,Kmt5c,,Mus musculus,10090
ENSMUSG00000059857,Ntng1,,Mus musculus,10090
ENSMUSG00000059866,Tnip2,,Mus musculus,10090
ENSMUSG00000059878,Zfp422,,Mus musculus,10090
ENSMUSG00000059883,Irak4,,Mus musculus,10090
ENSMUSG00000059887,Olfr1507,,Mus musculus,10090
ENSMUSG00000059890,Ube4a,,Mus musculus,10090
ENSMUSG00000059891,Tsks,,Mus musculus,10090
ENSMUSG00000059895,Ptp4a3,,Mus musculus,10090
ENSMUSG00000059897,Zfp930,,Mus musculus,10090
ENSMUSG00000059900,Tmem40,,Mus musculus,10090
ENSMUSG00000059920,4930453N24Rik,,Mus musculus,10090
ENSMUSG00000059921,Unc5c,,Mus musculus,10090
ENSMUSG00000059923,Grb2,,Mus musculus,10090
ENSMUSG00000059939,9430015G10Rik,,Mus musculus,10090
ENSMUSG00000059970,Hspa2,,Mus musculus,10090
ENSMUSG00000059974,Ntm,,Mus musculus,10090
ENSMUSG00000059991,Nptx2,,Mus musculus,10090
ENSMUSG00000059994,Fcrl1,,Mus musculus,10090
ENSMUSG00000059995,Atxn7l3,,Mus musculus,10090
ENSMUSG00000060002,Chpt1,,Mus musculus,10090
ENSMUSG00000060032,H2aj,,Mus musculus,10090
ENSMUSG00000060038,Dhps,,Mus musculus,10090
ENSMUSG00000060063,Alox5ap,,Mus musculus,10090
ENSMUSG00000060090,Rp2,,Mus musculus,10090
ENSMUSG00000060093,H4c1,,Mus musculus,10090
ENSMUSG00000060098,Prmt7,,Mus musculus,10090
ENSMUSG00000060121,Gemin2,,Mus musculus,10090
ENSMUSG00000060147,Serpinb6a,,Mus musculus,10090
ENSMUSG00000060149,BC002059,,Mus musculus,10090
ENSMUSG00000060152,Pop5,,Mus musculus,10090
ENSMUSG00000060166,Zdhhc8,,Mus musculus,10090
ENSMUSG00000060183,Cxcl11,,Mus musculus,10090
ENSMUSG00000060188,Cxcl17,,Mus musculus,10090
ENSMUSG00000060216,Arrb2,,Mus musculus,10090
ENSMUSG00000060240,Cend1,,Mus musculus,10090
ENSMUSG00000060261,Gtf2i,,Mus musculus,10090
ENSMUSG00000060279,Ap2a1,,Mus musculus,10090
ENSMUSG00000060284,Sp7,,Mus musculus,10090
ENSMUSG00000060288,Ppih,,Mus musculus,10090
ENSMUSG00000060311,Mucl1,,Mus musculus,10090
ENSMUSG00000060317,Acnat2,,Mus musculus,10090
ENSMUSG00000060332,Tmc2,,Mus musculus,10090
ENSMUSG00000060371,Caln1,,Mus musculus,10090
ENSMUSG00000060373,Hnrnpc,,Mus musculus,10090
ENSMUSG00000060376,Bckdha,,Mus musculus,10090
ENSMUSG00000060427,Zfp868,,Mus musculus,10090
ENSMUSG00000060429,Sntb1,,Mus musculus,10090
ENSMUSG00000060450,Rnf14,,Mus musculus,10090
ENSMUSG00000060469,Krtap19-3,,Mus musculus,10090
ENSMUSG00000060470,Adgrg3,,Mus musculus,10090
ENSMUSG00000060475,Wtap,,Mus musculus,10090
ENSMUSG00000060509,Xcr1,,Mus musculus,10090
ENSMUSG00000060512,0610040J01Rik,,Mus musculus,10090
ENSMUSG00000060519,Tor3a,,Mus musculus,10090
ENSMUSG00000060534,Dcc,,Mus musculus,10090
ENSMUSG00000060538,Tmem219,,Mus musculus,10090
ENSMUSG00000060548,Tnfrsf19,,Mus musculus,10090
ENSMUSG00000060560,Ces4a,,Mus musculus,10090
ENSMUSG00000060572,Mfap2,,Mus musculus,10090
ENSMUSG00000060579,Fhit,,Mus musculus,10090
ENSMUSG00000060586,H2-Eb1,,Mus musculus,10090
ENSMUSG00000060600,Eno3,,Mus musculus,10090
ENSMUSG00000060601,Nr1h2,,Mus musculus,10090
ENSMUSG00000060613,Cyp2c70,,Mus musculus,10090
ENSMUSG00000060639,H4c9,,Mus musculus,10090
ENSMUSG00000060671,Atp8b2,,Mus musculus,10090
ENSMUSG00000060675,Plaat3,,Mus musculus,10090
ENSMUSG00000060679,Mrps9,,Mus musculus,10090
ENSMUSG00000060691,Krtap19-1,,Mus musculus,10090
ENSMUSG00000060701,Fpr-rs3,,Mus musculus,10090
ENSMUSG00000060703,Cd302,,Mus musculus,10090
ENSMUSG00000060708,Bloc1s4,,Mus musculus,10090
ENSMUSG00000060716,Plekhh1,,Mus musculus,10090
ENSMUSG00000060724,Vmn1r47,,Mus musculus,10090
ENSMUSG00000060739,Nsa2,,Mus musculus,10090
ENSMUSG00000060780,Lrrtm1,,Mus musculus,10090
ENSMUSG00000060802,B2m,,Mus musculus,10090
ENSMUSG00000060807,Serpina6,,Mus musculus,10090
ENSMUSG00000060860,Ube2s,,Mus musculus,10090
ENSMUSG00000060882,Kcnd2,,Mus musculus,10090
ENSMUSG00000060890,Arr3,,Mus musculus,10090
ENSMUSG00000060923,Acyp2,,Mus musculus,10090
ENSMUSG00000060924,Csmd1,,Mus musculus,10090
ENSMUSG00000060935,Tmem263,,Mus musculus,10090
ENSMUSG00000060938,Rpl26,,Mus musculus,10090
ENSMUSG00000060961,Slc4a4,,Mus musculus,10090
ENSMUSG00000060962,Dmkn,,Mus musculus,10090
ENSMUSG00000060969,Irx1,,Mus musculus,10090
ENSMUSG00000060981,H4c8,,Mus musculus,10090
ENSMUSG00000060992,Copz1,,Mus musculus,10090
ENSMUSG00000061028,Clasrp,,Mus musculus,10090
ENSMUSG00000061032,Rrp1,,Mus musculus,10090
ENSMUSG00000061048,Cdh3,,Mus musculus,10090
ENSMUSG00000061068,Mcpt4,,Mus musculus,10090
ENSMUSG00000061079,Zfp143,,Mus musculus,10090
ENSMUSG00000061082,Plac1,,Mus musculus,10090
ENSMUSG00000061086,Myl4,,Mus musculus,10090
ENSMUSG00000061099,Gapdhs,,Mus musculus,10090
ENSMUSG00000061100,Retnla,,Mus musculus,10090
ENSMUSG00000061111,Mcrip1,,Mus musculus,10090
ENSMUSG00000061119,Prcp,,Mus musculus,10090
ENSMUSG00000061130,Ppm1b,,Mus musculus,10090
ENSMUSG00000061132,Blnk,,Mus musculus,10090
ENSMUSG00000061136,Prpf40a,,Mus musculus,10090
ENSMUSG00000061186,Sfmbt2,,Mus musculus,10090
ENSMUSG00000061232,H2-K1,,Mus musculus,10090
ENSMUSG00000061259,Tmprss11d,,Mus musculus,10090
ENSMUSG00000061286,Exosc5,,Mus musculus,10090
ENSMUSG00000061288,Taok3,,Mus musculus,10090
ENSMUSG00000061306,Slc38a10,,Mus musculus,10090
ENSMUSG00000061311,Rag1,,Mus musculus,10090
ENSMUSG00000061313,Ddhd2,,Mus musculus,10090
ENSMUSG00000061353,Cxcl12,,Mus musculus,10090
ENSMUSG00000061360,Phf5a,,Mus musculus,10090
ENSMUSG00000061374,Fiz1,,Mus musculus,10090
ENSMUSG00000061388,Csn1s2b,,Mus musculus,10090
ENSMUSG00000061393,Acvr2b,,Mus musculus,10090
ENSMUSG00000061397,Krt79,,Mus musculus,10090
ENSMUSG00000061410,Zcchc14,,Mus musculus,10090
ENSMUSG00000061436,Hipk2,,Mus musculus,10090
ENSMUSG00000061455,Stx17,,Mus musculus,10090
ENSMUSG00000061517,Sox21,,Mus musculus,10090
ENSMUSG00000061518,Cox5b,,Mus musculus,10090
ENSMUSG00000061524,Zic2,,Mus musculus,10090
ENSMUSG00000061527,Krt5,,Mus musculus,10090
ENSMUSG00000061540,Orm2,,Mus musculus,10090
ENSMUSG00000061559,Wdr61,,Mus musculus,10090
ENSMUSG00000061576,Dpp6,,Mus musculus,10090
ENSMUSG00000061601,Pclo,,Mus musculus,10090
ENSMUSG00000061626,Olfr68,,Mus musculus,10090
ENSMUSG00000061633,1700029P11Rik,,Mus musculus,10090
ENSMUSG00000061650,Med9,,Mus musculus,10090
ENSMUSG00000061653,Vmn1r46,,Mus musculus,10090
ENSMUSG00000061665,Cd2ap,,Mus musculus,10090
ENSMUSG00000061666,Gdpd1,,Mus musculus,10090
ENSMUSG00000061689,Dlgap4,,Mus musculus,10090
ENSMUSG00000061718,Ppp1r1b,,Mus musculus,10090
ENSMUSG00000061723,Tnnt3,,Mus musculus,10090
ENSMUSG00000061731,Ext1,,Mus musculus,10090
ENSMUSG00000061740,Cyp2d22,,Mus musculus,10090
ENSMUSG00000061742,Slc22a12,,Mus musculus,10090
ENSMUSG00000061751,Kalrn,,Mus musculus,10090
ENSMUSG00000061755,Bod1l,,Mus musculus,10090
ENSMUSG00000061758,Akr1b10,,Mus musculus,10090
ENSMUSG00000061759,Armt1,,Mus musculus,10090
ENSMUSG00000061762,Tac1,,Mus musculus,10090
ENSMUSG00000061778,Mospd2,,Mus musculus,10090
ENSMUSG00000061780,Cfd,,Mus musculus,10090
ENSMUSG00000061787,Rps17,,Mus musculus,10090
ENSMUSG00000061808,Ttr,,Mus musculus,10090
ENSMUSG00000061859,Patj,,Mus musculus,10090
ENSMUSG00000061878,Sphk1,,Mus musculus,10090
ENSMUSG00000061887,Ssbp3,,Mus musculus,10090
ENSMUSG00000061904,Slc25a3,,Mus musculus,10090
ENSMUSG00000061906,Ugt2b38,,Mus musculus,10090
ENSMUSG00000061911,Myt1l,,Mus musculus,10090
ENSMUSG00000061923,Odf1,,Mus musculus,10090
ENSMUSG00000061937,Csn1s2a,,Mus musculus,10090
ENSMUSG00000061947,Serpina10,,Mus musculus,10090
ENSMUSG00000061950,Ppp4r1,,Mus musculus,10090
ENSMUSG00000061959,Ces1e,,Mus musculus,10090
ENSMUSG00000061979,Rcc1l,,Mus musculus,10090
ENSMUSG00000061981,Flot2,,Mus musculus,10090
ENSMUSG00000062014,Gmfb,,Mus musculus,10090
ENSMUSG00000062031,Pgghg,,Mus musculus,10090
ENSMUSG00000062054,Iah1,,Mus musculus,10090
ENSMUSG00000062061,Obp2a,,Mus musculus,10090
ENSMUSG00000062075,Lmnb2,,Mus musculus,10090
ENSMUSG00000062077,Trim54,,Mus musculus,10090
ENSMUSG00000062078,Qk,,Mus musculus,10090
ENSMUSG00000062098,Btbd3,,Mus musculus,10090
ENSMUSG00000062115,Rai1,,Mus musculus,10090
ENSMUSG00000062116,Zfp954,,Mus musculus,10090
ENSMUSG00000062127,Cttnbp2nl,,Mus musculus,10090
ENSMUSG00000062169,Cnih4,,Mus musculus,10090
ENSMUSG00000062170,Fmr1nb,,Mus musculus,10090
ENSMUSG00000062175,Tgif2,,Mus musculus,10090
ENSMUSG00000062184,Hs6st2,,Mus musculus,10090
ENSMUSG00000062190,Lancl2,,Mus musculus,10090
ENSMUSG00000062198,2700097O09Rik,,Mus musculus,10090
ENSMUSG00000062203,Gspt1,,Mus musculus,10090
ENSMUSG00000062209,Erbb4,,Mus musculus,10090
ENSMUSG00000062210,Tnfaip8,,Mus musculus,10090
ENSMUSG00000062224,4933411G06Rik,,Mus musculus,10090
ENSMUSG00000062234,Gak,,Mus musculus,10090
ENSMUSG00000062300,Nectin2,,Mus musculus,10090
ENSMUSG00000062309,Rpp25,,Mus musculus,10090
ENSMUSG00000062310,Glrp1,,Mus musculus,10090
ENSMUSG00000062312,Erbb2,,Mus musculus,10090
ENSMUSG00000062327,T,,Mus musculus,10090
ENSMUSG00000062345,Serpinb2,,Mus musculus,10090
ENSMUSG00000062352,Itgb1bp1,,Mus musculus,10090
ENSMUSG00000062372,Otof,,Mus musculus,10090
ENSMUSG00000062376,Borcs7,,Mus musculus,10090
ENSMUSG00000062380,Tubb3,,Mus musculus,10090
ENSMUSG00000062397,Zfp706,,Mus musculus,10090
ENSMUSG00000062400,Krtap6-5,,Mus musculus,10090
ENSMUSG00000062410,Hsd3b3,,Mus musculus,10090
ENSMUSG00000062421,Arf2,,Mus musculus,10090
ENSMUSG00000062433,Krtap6-2,,Mus musculus,10090
ENSMUSG00000062438,Adam1b,,Mus musculus,10090
ENSMUSG00000062444,Ap3b2,,Mus musculus,10090
ENSMUSG00000062478,Ctrc,,Mus musculus,10090
ENSMUSG00000062483,Vmn1r171,,Mus musculus,10090
ENSMUSG00000062515,Fabp4,,Mus musculus,10090
ENSMUSG00000062519,Zfp398,,Mus musculus,10090
ENSMUSG00000062524,Ncr1,,Mus musculus,10090
ENSMUSG00000062542,Syt9,,Mus musculus,10090
ENSMUSG00000062556,Scgb1b2,,Mus musculus,10090
ENSMUSG00000062563,Cys1,,Mus musculus,10090
ENSMUSG00000062580,Timm17a,,Mus musculus,10090
ENSMUSG00000062585,Cnr2,,Mus musculus,10090
ENSMUSG00000062591,Tubb4a,,Mus musculus,10090
ENSMUSG00000062604,Srpk2,,Mus musculus,10090
ENSMUSG00000062609,Kcnj15,,Mus musculus,10090
ENSMUSG00000062619,2310039H08Rik,,Mus musculus,10090
ENSMUSG00000062646,Ganc,,Mus musculus,10090
ENSMUSG00000062651,H2al2a,,Mus musculus,10090
ENSMUSG00000062661,Ncs1,,Mus musculus,10090
ENSMUSG00000062691,Cebpzos,,Mus musculus,10090
ENSMUSG00000062694,Cav3,,Mus musculus,10090
ENSMUSG00000062705,Tpbpb,,Mus musculus,10090
ENSMUSG00000062713,Sim2,,Mus musculus,10090
ENSMUSG00000062729,Ppox,,Mus musculus,10090
ENSMUSG00000062753,AI413582,,Mus musculus,10090
ENSMUSG00000062762,Ei24,,Mus musculus,10090
ENSMUSG00000062773,Tex101,,Mus musculus,10090
ENSMUSG00000062778,Chia1,,Mus musculus,10090
ENSMUSG00000062785,Kcnc3,,Mus musculus,10090
ENSMUSG00000062797,Hikeshi,,Mus musculus,10090
ENSMUSG00000062818,Vmn1r51,,Mus musculus,10090
ENSMUSG00000062822,4833420G17Rik,,Mus musculus,10090
ENSMUSG00000062859,Tcp11,,Mus musculus,10090
ENSMUSG00000062866,Phactr2,,Mus musculus,10090
ENSMUSG00000062901,Klhl24,,Mus musculus,10090
ENSMUSG00000062908,Acadm,,Mus musculus,10090
ENSMUSG00000062929,Cfl2,,Mus musculus,10090
ENSMUSG00000062937,Mtap,,Mus musculus,10090
ENSMUSG00000062939,Stat4,,Mus musculus,10090
ENSMUSG00000062949,Atp11c,,Mus musculus,10090
ENSMUSG00000062960,Kdr,,Mus musculus,10090
ENSMUSG00000062963,Ufc1,,Mus musculus,10090
ENSMUSG00000062995,Ica1,,Mus musculus,10090
ENSMUSG00000063011,Msln,,Mus musculus,10090
ENSMUSG00000063015,Ccni,,Mus musculus,10090
ENSMUSG00000063018,2010204K13Rik,,Mus musculus,10090
ENSMUSG00000063019,Manbal,,Mus musculus,10090
ENSMUSG00000063049,Ing2,,Mus musculus,10090
ENSMUSG00000063052,Lrrc40,,Mus musculus,10090
ENSMUSG00000063060,Sox7,,Mus musculus,10090
ENSMUSG00000063065,Mapk3,,Mus musculus,10090
ENSMUSG00000063077,Kif1b,,Mus musculus,10090
ENSMUSG00000063089,Klk1b8,,Mus musculus,10090
ENSMUSG00000063108,Zfp26,,Mus musculus,10090
ENSMUSG00000063120,Olfr480,,Mus musculus,10090
ENSMUSG00000063129,Aldoart2,,Mus musculus,10090
ENSMUSG00000063130,Calml3,,Mus musculus,10090
ENSMUSG00000063133,Klk1b1,,Mus musculus,10090
ENSMUSG00000063142,Kcnma1,,Mus musculus,10090
ENSMUSG00000063146,Clip2,,Mus musculus,10090
ENSMUSG00000063157,Csn2,,Mus musculus,10090
ENSMUSG00000063160,Numbl,,Mus musculus,10090
ENSMUSG00000063171,Rps4l,,Mus musculus,10090
ENSMUSG00000063172,Hspb11,,Mus musculus,10090
ENSMUSG00000063177,Klk1b27,,Mus musculus,10090
ENSMUSG00000063179,Pstk,,Mus musculus,10090
ENSMUSG00000063200,Nol7,,Mus musculus,10090
ENSMUSG00000063229,Ldha,,Mus musculus,10090
ENSMUSG00000063234,Gpr84,,Mus musculus,10090
ENSMUSG00000063235,Ptpmt1,,Mus musculus,10090
ENSMUSG00000063236,1110038F14Rik,,Mus musculus,10090
ENSMUSG00000063260,Syt10,,Mus musculus,10090
ENSMUSG00000063268,Parp10,,Mus musculus,10090
ENSMUSG00000063273,Naa15,,Mus musculus,10090
ENSMUSG00000063281,Zfp35,,Mus musculus,10090
ENSMUSG00000063334,Krr1,,Mus musculus,10090
ENSMUSG00000063354,Slc39a4,,Mus musculus,10090
ENSMUSG00000063358,Mapk1,,Mus musculus,10090
ENSMUSG00000063382,Bcl9l,,Mus musculus,10090
ENSMUSG00000063406,Tmed5,,Mus musculus,10090
ENSMUSG00000063410,Stk24,,Mus musculus,10090
ENSMUSG00000063428,Ddo,,Mus musculus,10090
ENSMUSG00000063434,Sorcs3,,Mus musculus,10090
ENSMUSG00000063447,Ube2d2b,,Mus musculus,10090
ENSMUSG00000063450,Syne2,,Mus musculus,10090
ENSMUSG00000063457,Rps15,,Mus musculus,10090
ENSMUSG00000063511,Snrnp70,,Mus musculus,10090
ENSMUSG00000063522,Ly6m,,Mus musculus,10090
ENSMUSG00000063531,Sema3e,,Mus musculus,10090
ENSMUSG00000063550,Nup98,,Mus musculus,10090
ENSMUSG00000063558,Aox1,,Mus musculus,10090
ENSMUSG00000063576,Klhdc3,,Mus musculus,10090
ENSMUSG00000063605,Ccdc102a,,Mus musculus,10090
ENSMUSG00000063615,Olfr64,,Mus musculus,10090
ENSMUSG00000063632,Sox11,,Mus musculus,10090
ENSMUSG00000063652,Slc22a21,,Mus musculus,10090
ENSMUSG00000063659,Zbtb18,,Mus musculus,10090
ENSMUSG00000063663,Brwd3,,Mus musculus,10090
ENSMUSG00000063681,Crb1,,Mus musculus,10090
ENSMUSG00000063683,Glyat,,Mus musculus,10090
ENSMUSG00000063687,Pcdhb5,,Mus musculus,10090
ENSMUSG00000063698,Sfxn4,,Mus musculus,10090
ENSMUSG00000063713,Klk1b24,,Mus musculus,10090
ENSMUSG00000063727,Tnfrsf11b,,Mus musculus,10090
ENSMUSG00000063728,Magea6,,Mus musculus,10090
ENSMUSG00000063730,Hsd3b2,,Mus musculus,10090
ENSMUSG00000063779,Chil4,,Mus musculus,10090
ENSMUSG00000063796,Slc22a8,,Mus musculus,10090
ENSMUSG00000063800,Prpf38a,,Mus musculus,10090
ENSMUSG00000063801,Ap3s2,,Mus musculus,10090
ENSMUSG00000063802,Hspbp1,,Mus musculus,10090
ENSMUSG00000063808,Gpatch1,,Mus musculus,10090
ENSMUSG00000063838,Cdc42ep5,,Mus musculus,10090
ENSMUSG00000063849,Ppcdc,,Mus musculus,10090
ENSMUSG00000063851,Rnf183,,Mus musculus,10090
ENSMUSG00000063856,Gpx1,,Mus musculus,10090
ENSMUSG00000063870,Chd4,,Mus musculus,10090
ENSMUSG00000063873,Slc24a3,,Mus musculus,10090
ENSMUSG00000063882,Uqcrh,,Mus musculus,10090
ENSMUSG00000063884,Ptcd3,,Mus musculus,10090
ENSMUSG00000063888,Rpl7l1,,Mus musculus,10090
ENSMUSG00000063889,Crem,,Mus musculus,10090
ENSMUSG00000063903,Klk1,,Mus musculus,10090
ENSMUSG00000063904,Dpp3,,Mus musculus,10090
ENSMUSG00000063919,Srrm4,,Mus musculus,10090
ENSMUSG00000063931,Pepd,,Mus musculus,10090
ENSMUSG00000063971,Krt88,,Mus musculus,10090
ENSMUSG00000063972,Nr6a1,,Mus musculus,10090
ENSMUSG00000063975,Slco1a5,,Mus musculus,10090
ENSMUSG00000064023,Klk8,,Mus musculus,10090
ENSMUSG00000064037,Gpn1,,Mus musculus,10090
ENSMUSG00000064039,Ccr1l1,,Mus musculus,10090
ENSMUSG00000064057,Scgb3a1,,Mus musculus,10090
ENSMUSG00000064068,Mtx1,,Mus musculus,10090
ENSMUSG00000064080,Fbln2,,Mus musculus,10090
ENSMUSG00000064090,Vrk2,,Mus musculus,10090
ENSMUSG00000064105,Cnnm2,,Mus musculus,10090
ENSMUSG00000064109,Hcst,,Mus musculus,10090
ENSMUSG00000064120,Mocs1,,Mus musculus,10090
ENSMUSG00000064127,Med14,,Mus musculus,10090
ENSMUSG00000064145,Arih2,,Mus musculus,10090
ENSMUSG00000064156,Prol1,,Mus musculus,10090
ENSMUSG00000064177,Ghrl,,Mus musculus,10090
ENSMUSG00000064179,Tnnt1,,Mus musculus,10090
ENSMUSG00000064181,Rab3ip,,Mus musculus,10090
ENSMUSG00000064201,Krt2,,Mus musculus,10090
ENSMUSG00000064246,Chil1,,Mus musculus,10090
ENSMUSG00000064254,Ethe1,,Mus musculus,10090
ENSMUSG00000064259,Vmn1r13,,Mus musculus,10090
ENSMUSG00000064264,Zfp428,,Mus musculus,10090
ENSMUSG00000064267,Hvcn1,,Mus musculus,10090
ENSMUSG00000064284,Cdpf1,,Mus musculus,10090
ENSMUSG00000064289,Tank,,Mus musculus,10090
ENSMUSG00000064293,Cntn4,,Mus musculus,10090
ENSMUSG00000064294,Aox3,,Mus musculus,10090
ENSMUSG00000064302,Clasp1,,Mus musculus,10090
ENSMUSG00000064307,Lrrc51,,Mus musculus,10090
ENSMUSG00000064325,Hhip,,Mus musculus,10090
ENSMUSG00000064326,Siva1,,Mus musculus,10090
ENSMUSG00000064329,Scn1a,,Mus musculus,10090
ENSMUSG00000064330,Pde6h,,Mus musculus,10090
ENSMUSG00000064367,mt-Nd5,,Mus musculus,10090
ENSMUSG00000064373,Selenop,,Mus musculus,10090
ENSMUSG00000064917,Gm22574,,Mus musculus,10090
ENSMUSG00000065593,Mir339,,Mus musculus,10090
ENSMUSG00000065979,Cpped1,,Mus musculus,10090
ENSMUSG00000065987,Cd209b,,Mus musculus,10090
ENSMUSG00000065990,Aurkaip1,,Mus musculus,10090
ENSMUSG00000066026,Dhrs3,,Mus musculus,10090
ENSMUSG00000066031,Gm13023,,Mus musculus,10090
ENSMUSG00000066036,Ubr4,,Mus musculus,10090
ENSMUSG00000066057,Gm1976,,Mus musculus,10090
ENSMUSG00000066058,Cldn19,,Mus musculus,10090
ENSMUSG00000066071,Cyp4a12a,,Mus musculus,10090
ENSMUSG00000066072,Cyp4a10,,Mus musculus,10090
ENSMUSG00000066090,Insl5,,Mus musculus,10090
ENSMUSG00000066108,Muc5b,,Mus musculus,10090
ENSMUSG00000066149,Cdc26,,Mus musculus,10090
ENSMUSG00000066150,Slc31a1,,Mus musculus,10090
ENSMUSG00000066151,Fkbp15,,Mus musculus,10090
ENSMUSG00000066152,Slc31a2,,Mus musculus,10090
ENSMUSG00000066154,Mup3,,Mus musculus,10090
ENSMUSG00000066189,Cacng3,,Mus musculus,10090
ENSMUSG00000066232,Ipo7,,Mus musculus,10090
ENSMUSG00000066233,Tmem42,,Mus musculus,10090
ENSMUSG00000066258,Trim12a,,Mus musculus,10090
ENSMUSG00000066278,Vps37b,,Mus musculus,10090
ENSMUSG00000066306,Numa1,,Mus musculus,10090
ENSMUSG00000066319,Rtp3,,Mus musculus,10090
ENSMUSG00000066324,Impad1,,Mus musculus,10090
ENSMUSG00000066357,Wdr6,,Mus musculus,10090
ENSMUSG00000066359,Tcl1b1,,Mus musculus,10090
ENSMUSG00000066361,Serpina3c,,Mus musculus,10090
ENSMUSG00000066366,Serpina1a,,Mus musculus,10090
ENSMUSG00000066368,Actl11,,Mus musculus,10090
ENSMUSG00000066415,Msl2,,Mus musculus,10090
ENSMUSG00000066440,Zfyve26,,Mus musculus,10090
ENSMUSG00000066441,Rdh11,,Mus musculus,10090
ENSMUSG00000066456,Hmgn3,,Mus musculus,10090
ENSMUSG00000066463,Omt2a,,Mus musculus,10090
ENSMUSG00000066512,Klk1b5,,Mus musculus,10090
ENSMUSG00000066513,Klk1b4,,Mus musculus,10090
ENSMUSG00000066515,Klk1b3,,Mus musculus,10090
ENSMUSG00000066516,Klk1b21,,Mus musculus,10090
ENSMUSG00000066551,Hmgb1,,Mus musculus,10090
ENSMUSG00000066583,Scgb1b27,,Mus musculus,10090
ENSMUSG00000066584,Scgb2b27,,Mus musculus,10090
ENSMUSG00000066595,Flvcr1,,Mus musculus,10090
ENSMUSG00000066621,Tecpr1,,Mus musculus,10090
ENSMUSG00000066687,Zbtb16,,Mus musculus,10090
ENSMUSG00000066704,Cyp2b19,,Mus musculus,10090
ENSMUSG00000066705,Fxyd6,,Mus musculus,10090
ENSMUSG00000066720,Cldn9,,Mus musculus,10090
ENSMUSG00000066760,Psg16,,Mus musculus,10090
ENSMUSG00000066800,Rnasel,,Mus musculus,10090
ENSMUSG00000066829,Zfp810,,Mus musculus,10090
ENSMUSG00000066838,Zfp772,,Mus musculus,10090
ENSMUSG00000066839,Ecsit,,Mus musculus,10090
ENSMUSG00000066850,Vmn1r65,,Mus musculus,10090
ENSMUSG00000066867,Oas1e,,Mus musculus,10090
ENSMUSG00000066877,Nck2,,Mus musculus,10090
ENSMUSG00000066892,Fbxl12,,Mus musculus,10090
ENSMUSG00000066899,Olfr870,,Mus musculus,10090
ENSMUSG00000066900,Suds3,,Mus musculus,10090
ENSMUSG00000066952,Myo1h,,Mus musculus,10090
ENSMUSG00000066975,Cryba4,,Mus musculus,10090
ENSMUSG00000066979,Bub3,,Mus musculus,10090
ENSMUSG00000067001,Serpinb7,,Mus musculus,10090
ENSMUSG00000067006,Serpinb5,,Mus musculus,10090
ENSMUSG00000067010,Vmn2r10,,Mus musculus,10090
ENSMUSG00000067071,Hes6,,Mus musculus,10090
ENSMUSG00000067081,Asb18,,Mus musculus,10090
ENSMUSG00000067144,Slc22a7,,Mus musculus,10090
ENSMUSG00000067148,Polr1c,,Mus musculus,10090
ENSMUSG00000067149,Jchain,,Mus musculus,10090
ENSMUSG00000067150,Xpo5,,Mus musculus,10090
ENSMUSG00000067158,Col4a4,,Mus musculus,10090
ENSMUSG00000067173,Mrgpra4,,Mus musculus,10090
ENSMUSG00000067194,Eif1ax,,Mus musculus,10090
ENSMUSG00000067199,Frat1,,Mus musculus,10090
ENSMUSG00000067201,H2-M9,,Mus musculus,10090
ENSMUSG00000067220,Cnga1,,Mus musculus,10090
ENSMUSG00000067225,Cyp2c54,,Mus musculus,10090
ENSMUSG00000067235,H2-Q10,,Mus musculus,10090
ENSMUSG00000067276,Capn6,,Mus musculus,10090
ENSMUSG00000067279,Ppp1r3c,,Mus musculus,10090
ENSMUSG00000067299,Crygd,,Mus musculus,10090
ENSMUSG00000067336,Bmpr2,,Mus musculus,10090
ENSMUSG00000067365,Tmem128,,Mus musculus,10090
ENSMUSG00000067367,Lyar,,Mus musculus,10090
ENSMUSG00000067370,B3galt4,,Mus musculus,10090
ENSMUSG00000067377,Tspan6,,Mus musculus,10090
ENSMUSG00000067438,Hmx1,,Mus musculus,10090
ENSMUSG00000067586,S1pr3,,Mus musculus,10090
ENSMUSG00000067594,Krt77,,Mus musculus,10090
ENSMUSG00000067599,Klra7,,Mus musculus,10090
ENSMUSG00000067613,Krt83,,Mus musculus,10090
ENSMUSG00000067614,Krt86,,Mus musculus,10090
ENSMUSG00000067615,Krt81,,Mus musculus,10090
ENSMUSG00000067616,Klk11,,Mus musculus,10090
ENSMUSG00000067656,Slc22a27,,Mus musculus,10090
ENSMUSG00000067684,Obp1a,,Mus musculus,10090
ENSMUSG00000067702,Tuba3a,,Mus musculus,10090
ENSMUSG00000067713,Prkag1,,Mus musculus,10090
ENSMUSG00000067722,BC003965,,Mus musculus,10090
ENSMUSG00000067750,Khdc1a,,Mus musculus,10090
ENSMUSG00000067780,Pi15,,Mus musculus,10090
ENSMUSG00000067786,Nnat,,Mus musculus,10090
ENSMUSG00000067787,Blcap,,Mus musculus,10090
ENSMUSG00000067818,Myl9,,Mus musculus,10090
ENSMUSG00000067825,Pex26,,Mus musculus,10090
ENSMUSG00000067851,Arfgef1,,Mus musculus,10090
ENSMUSG00000067855,Speer3,,Mus musculus,10090
ENSMUSG00000067860,Zic3,,Mus musculus,10090
ENSMUSG00000067873,Htatsf1,,Mus musculus,10090
ENSMUSG00000067889,Sptbn2,,Mus musculus,10090
ENSMUSG00000067916,Zfp991,,Mus musculus,10090
ENSMUSG00000067919,Rex2,,Mus musculus,10090
ENSMUSG00000067931,Zfp948,,Mus musculus,10090
ENSMUSG00000067942,Zfp160,,Mus musculus,10090
ENSMUSG00000067995,Gtf2f2,,Mus musculus,10090
ENSMUSG00000068037,Mas1,,Mus musculus,10090
ENSMUSG00000068040,Tm9sf4,,Mus musculus,10090
ENSMUSG00000068048,Rhox9,,Mus musculus,10090
ENSMUSG00000068074,Gm10228,,Mus musculus,10090
ENSMUSG00000068075,Gm10229,,Mus musculus,10090
ENSMUSG00000068078,2310034C09Rik,,Mus musculus,10090
ENSMUSG00000068079,Tcf15,,Mus musculus,10090
ENSMUSG00000068086,Cyp2d9,,Mus musculus,10090
ENSMUSG00000068101,Cenpm,,Mus musculus,10090
ENSMUSG00000068105,Tnfrsf13c,,Mus musculus,10090
ENSMUSG00000068122,Agtr2,,Mus musculus,10090
ENSMUSG00000068129,Cst7,,Mus musculus,10090
ENSMUSG00000068134,Zfp120,,Mus musculus,10090
ENSMUSG00000068154,Insm1,,Mus musculus,10090
ENSMUSG00000068196,Col8a1,,Mus musculus,10090
ENSMUSG00000068205,Macrod2,,Mus musculus,10090
ENSMUSG00000068206,Pick1,,Mus musculus,10090
ENSMUSG00000068220,Lgals1,,Mus musculus,10090
ENSMUSG00000068227,Il2rb,,Mus musculus,10090
ENSMUSG00000068231,Vmn1r43,,Mus musculus,10090
ENSMUSG00000068232,Vmn1r42,,Mus musculus,10090
ENSMUSG00000068263,Efcc1,,Mus musculus,10090
ENSMUSG00000068264,Ap5s1,,Mus musculus,10090
ENSMUSG00000068267,Cenpb,,Mus musculus,10090
ENSMUSG00000068290,Ddrgk1,,Mus musculus,10090
ENSMUSG00000068299,Nat8f4,,Mus musculus,10090
ENSMUSG00000068323,Slc4a5,,Mus musculus,10090
ENSMUSG00000068327,Tlx2,,Mus musculus,10090
ENSMUSG00000068328,Aup1,,Mus musculus,10090
ENSMUSG00000068329,Htra2,,Mus musculus,10090
ENSMUSG00000068335,Dok1,,Mus musculus,10090
ENSMUSG00000068341,Reg3d,,Mus musculus,10090
ENSMUSG00000068391,Chrac1,,Mus musculus,10090
ENSMUSG00000068394,Cep152,,Mus musculus,10090
ENSMUSG00000068457,Uty,,Mus musculus,10090
ENSMUSG00000068479,Mfap1a,,Mus musculus,10090
ENSMUSG00000068522,Aard,,Mus musculus,10090
ENSMUSG00000068523,Gng5,,Mus musculus,10090
ENSMUSG00000068551,Zfp467,,Mus musculus,10090
ENSMUSG00000068566,Myadm,,Mus musculus,10090
ENSMUSG00000068580,Zfyve19,,Mus musculus,10090
ENSMUSG00000068600,Gml2,,Mus musculus,10090
ENSMUSG00000068614,Actc1,,Mus musculus,10090
ENSMUSG00000068615,Gjd2,,Mus musculus,10090
ENSMUSG00000068663,Clec16a,,Mus musculus,10090
ENSMUSG00000068696,Gpr88,,Mus musculus,10090
ENSMUSG00000068697,Myoz1,,Mus musculus,10090
ENSMUSG00000068699,Flnc,,Mus musculus,10090
ENSMUSG00000068739,Sars,,Mus musculus,10090
ENSMUSG00000068740,Celsr2,,Mus musculus,10090
ENSMUSG00000068742,Cry2,,Mus musculus,10090
ENSMUSG00000068744,Psrc1,,Mus musculus,10090
ENSMUSG00000068747,Sort1,,Mus musculus,10090
ENSMUSG00000068748,Ptprz1,,Mus musculus,10090
ENSMUSG00000068758,Il3ra,,Mus musculus,10090
ENSMUSG00000068762,Gstm6,,Mus musculus,10090
ENSMUSG00000068798,Rap1a,,Mus musculus,10090
ENSMUSG00000068823,Csde1,,Mus musculus,10090
ENSMUSG00000068874,Selenbp1,,Mus musculus,10090
ENSMUSG00000068882,Ssb,,Mus musculus,10090
ENSMUSG00000068888,Lce1i,,Mus musculus,10090
ENSMUSG00000068890,Lce1a2,,Mus musculus,10090
ENSMUSG00000068917,Clk2,,Mus musculus,10090
ENSMUSG00000068921,Dap3,,Mus musculus,10090
ENSMUSG00000068922,Msto1,,Mus musculus,10090
ENSMUSG00000068923,Syt11,,Mus musculus,10090
ENSMUSG00000068940,Tcl1b3,,Mus musculus,10090
ENSMUSG00000069020,Urm1,,Mus musculus,10090
ENSMUSG00000069036,Sry,,Mus musculus,10090
ENSMUSG00000069044,Usp9y,,Mus musculus,10090
ENSMUSG00000069045,Ddx3y,,Mus musculus,10090
ENSMUSG00000069049,Eif2s3y,,Mus musculus,10090
ENSMUSG00000069089,Cdk7,,Mus musculus,10090
ENSMUSG00000069094,Pde7a,,Mus musculus,10090
ENSMUSG00000069136,A130006I12Rik,,Mus musculus,10090
ENSMUSG00000069170,Adgrv1,,Mus musculus,10090
ENSMUSG00000069171,Nr2f1,,Mus musculus,10090
ENSMUSG00000069208,Zfp825,,Mus musculus,10090
ENSMUSG00000069227,Gprin1,,Mus musculus,10090
ENSMUSG00000069237,Fam8a1,,Mus musculus,10090
ENSMUSG00000069255,Dusp22,,Mus musculus,10090
ENSMUSG00000069258,Prl2b1,,Mus musculus,10090
ENSMUSG00000069259,Prl6a1,,Mus musculus,10090
ENSMUSG00000069456,Rdh16,,Mus musculus,10090
ENSMUSG00000069516,Lyz2,,Mus musculus,10090
ENSMUSG00000069520,Tmem19,,Mus musculus,10090
ENSMUSG00000069565,Dazap1,,Mus musculus,10090
ENSMUSG00000069583,Krtap12-1,,Mus musculus,10090
ENSMUSG00000069601,Ank3,,Mus musculus,10090
ENSMUSG00000069631,Strada,,Mus musculus,10090
ENSMUSG00000069662,Marcks,,Mus musculus,10090
ENSMUSG00000069668,Sult3a1,,Mus musculus,10090
ENSMUSG00000069722,Krtap3-3,,Mus musculus,10090
ENSMUSG00000069727,Zfp975,,Mus musculus,10090
ENSMUSG00000069743,Zfp820,,Mus musculus,10090
ENSMUSG00000069763,Tmem100,,Mus musculus,10090
ENSMUSG00000069769,Msi2,,Mus musculus,10090
ENSMUSG00000069805,Fbp1,,Mus musculus,10090
ENSMUSG00000069806,Cacng7,,Mus musculus,10090
ENSMUSG00000069833,Ahnak,,Mus musculus,10090
ENSMUSG00000069874,Irgm2,,Mus musculus,10090
ENSMUSG00000069910,Spdl1,,Mus musculus,10090
ENSMUSG00000069920,B3gnt9,,Mus musculus,10090
ENSMUSG00000070000,Fcho1,,Mus musculus,10090
ENSMUSG00000070002,Ell,,Mus musculus,10090
ENSMUSG00000070003,Ssbp4,,Mus musculus,10090
ENSMUSG00000070056,Mfhas1,,Mus musculus,10090
ENSMUSG00000070283,Ndufaf3,,Mus musculus,10090
ENSMUSG00000070319,Eif3g,,Mus musculus,10090
ENSMUSG00000070348,Ccnd1,,Mus musculus,10090
ENSMUSG00000070354,Evi2,,Mus musculus,10090
ENSMUSG00000070407,Hs3st3b1,,Mus musculus,10090
ENSMUSG00000070417,Olfr2,,Mus musculus,10090
ENSMUSG00000070424,Art5,,Mus musculus,10090
ENSMUSG00000070427,Il18bp,,Mus musculus,10090
ENSMUSG00000070436,Serpinh1,,Mus musculus,10090
ENSMUSG00000070462,Tlnrd1,,Mus musculus,10090
ENSMUSG00000070473,Cldn3,,Mus musculus,10090
ENSMUSG00000070520,Nsmce3,,Mus musculus,10090
ENSMUSG00000070526,Peg12,,Mus musculus,10090
ENSMUSG00000070527,Mkrn3,,Mus musculus,10090
ENSMUSG00000070544,Top1,,Mus musculus,10090
ENSMUSG00000070565,Rasal2,,Mus musculus,10090
ENSMUSG00000070583,Fv1,,Mus musculus,10090
ENSMUSG00000070643,Sox13,,Mus musculus,10090
ENSMUSG00000070645,Ren1,,Mus musculus,10090
ENSMUSG00000070661,Rnf186,,Mus musculus,10090
ENSMUSG00000070687,Htr1d,,Mus musculus,10090
ENSMUSG00000070691,Runx3,,Mus musculus,10090
ENSMUSG00000070697,Utp3,,Mus musculus,10090
ENSMUSG00000070699,Sars2,,Mus musculus,10090
ENSMUSG00000070702,Csn1s1,,Mus musculus,10090
ENSMUSG00000070708,Gtsf1l,,Mus musculus,10090
ENSMUSG00000070730,Rmdn3,,Mus musculus,10090
ENSMUSG00000070733,Fryl,,Mus musculus,10090
ENSMUSG00000070780,Rbm47,,Mus musculus,10090
ENSMUSG00000070794,BC016548,,Mus musculus,10090
ENSMUSG00000070803,Cited4,,Mus musculus,10090
ENSMUSG00000070814,Zswim9,,Mus musculus,10090
ENSMUSG00000070880,Gad1,,Mus musculus,10090
ENSMUSG00000070902,Zfp352,,Mus musculus,10090
ENSMUSG00000070904,Ifna4,,Mus musculus,10090
ENSMUSG00000070923,Klhl9,,Mus musculus,10090
ENSMUSG00000070934,Rraga,,Mus musculus,10090
ENSMUSG00000070942,Il1rl2,,Mus musculus,10090
ENSMUSG00000070953,Rabepk,,Mus musculus,10090
ENSMUSG00000070979,Actl7a,,Mus musculus,10090
ENSMUSG00000070980,Actl7b,,Mus musculus,10090
ENSMUSG00000071000,Olfr155,,Mus musculus,10090
ENSMUSG00000071014,Ndufb6,,Mus musculus,10090
ENSMUSG00000071054,Safb,,Mus musculus,10090
ENSMUSG00000071072,Ptges3,,Mus musculus,10090
ENSMUSG00000071074,Yipf3,,Mus musculus,10090
ENSMUSG00000071076,Jund,,Mus musculus,10090
ENSMUSG00000071078,Nr2c2ap,,Mus musculus,10090
ENSMUSG00000071172,Srsf3,,Mus musculus,10090
ENSMUSG00000071176,Arhgef10,,Mus musculus,10090
ENSMUSG00000071178,Serpina1b,,Mus musculus,10090
ENSMUSG00000071192,Wfikkn1,,Mus musculus,10090
ENSMUSG00000071203,Naip5,,Mus musculus,10090
ENSMUSG00000071229,Timm8a2,,Mus musculus,10090
ENSMUSG00000071256,Zfp213,,Mus musculus,10090
ENSMUSG00000071267,Zfp942,,Mus musculus,10090
ENSMUSG00000071317,Bves,,Mus musculus,10090
ENSMUSG00000071337,Tia1,,Mus musculus,10090
ENSMUSG00000071341,Egr4,,Mus musculus,10090
ENSMUSG00000071356,Reg3b,,Mus musculus,10090
ENSMUSG00000071359,Tbpl1,,Mus musculus,10090
ENSMUSG00000071369,Map3k5,,Mus musculus,10090
ENSMUSG00000071379,Hpcal1,,Mus musculus,10090
ENSMUSG00000071415,Rpl23,,Mus musculus,10090
ENSMUSG00000071424,Grid2,,Mus musculus,10090
ENSMUSG00000071451,Psmg4,,Mus musculus,10090
ENSMUSG00000071454,Dtnb,,Mus musculus,10090
ENSMUSG00000071470,Ccnb1ip1,,Mus musculus,10090
ENSMUSG00000071477,Zfp777,,Mus musculus,10090
ENSMUSG00000071489,Ptgdr,,Mus musculus,10090
ENSMUSG00000071519,Prss3,,Mus musculus,10090
ENSMUSG00000071528,Atp5md,,Mus musculus,10090
ENSMUSG00000071533,Pcnp,,Mus musculus,10090
ENSMUSG00000071547,Nt5dc2,,Mus musculus,10090
ENSMUSG00000071553,Cpa2,,Mus musculus,10090
ENSMUSG00000071632,2510002D24Rik,,Mus musculus,10090
ENSMUSG00000071637,Cebpd,,Mus musculus,10090
ENSMUSG00000071645,Tut1,,Mus musculus,10090
ENSMUSG00000071646,Mta2,,Mus musculus,10090
ENSMUSG00000071647,Eml3,,Mus musculus,10090
ENSMUSG00000071648,Rom1,,Mus musculus,10090
ENSMUSG00000071649,B3gat3,,Mus musculus,10090
ENSMUSG00000071650,Ganab,,Mus musculus,10090
ENSMUSG00000071652,Ints5,,Mus musculus,10090
ENSMUSG00000071654,Uqcc3,,Mus musculus,10090
ENSMUSG00000071655,Ubxn1,,Mus musculus,10090
ENSMUSG00000071657,Bscl2,,Mus musculus,10090
ENSMUSG00000071658,Gng3,,Mus musculus,10090
ENSMUSG00000071659,Hnrnpul2,,Mus musculus,10090
ENSMUSG00000071661,Zbtb3,,Mus musculus,10090
ENSMUSG00000071662,Polr2g,,Mus musculus,10090
ENSMUSG00000071669,Snx29,,Mus musculus,10090
ENSMUSG00000071708,Sms,,Mus musculus,10090
ENSMUSG00000071711,Mpst,,Mus musculus,10090
ENSMUSG00000071713,Csf2rb,,Mus musculus,10090
ENSMUSG00000071714,Csf2rb2,,Mus musculus,10090
ENSMUSG00000071715,Ncf4,,Mus musculus,10090
ENSMUSG00000071722,Spin4,,Mus musculus,10090
ENSMUSG00000071723,Gspt2,,Mus musculus,10090
ENSMUSG00000071724,Smpd5,,Mus musculus,10090
ENSMUSG00000071796,6820431F20Rik,,Mus musculus,10090
ENSMUSG00000071847,Apcdd1,,Mus musculus,10090
ENSMUSG00000071862,Lrrtm2,,Mus musculus,10090
ENSMUSG00000071937,Adam25,,Mus musculus,10090
ENSMUSG00000071984,Fndc1,,Mus musculus,10090
ENSMUSG00000072082,Ccnf,,Mus musculus,10090
ENSMUSG00000072115,Ang,,Mus musculus,10090
ENSMUSG00000072235,Tuba1a,,Mus musculus,10090
ENSMUSG00000072244,Trim6,,Mus musculus,10090
ENSMUSG00000072258,Taf1a,,Mus musculus,10090
ENSMUSG00000072294,Klf12,,Mus musculus,10090
ENSMUSG00000072419,Dppa2,,Mus musculus,10090
ENSMUSG00000072437,Nanos1,,Mus musculus,10090
ENSMUSG00000072501,Phf20l1,,Mus musculus,10090
ENSMUSG00000072582,Ptrh2,,Mus musculus,10090
ENSMUSG00000072601,Ear1,,Mus musculus,10090
ENSMUSG00000072620,Slfn2,,Mus musculus,10090
ENSMUSG00000072625,Gdf2,,Mus musculus,10090
ENSMUSG00000072664,Ugt3a1,,Mus musculus,10090
ENSMUSG00000072693,Gm10401,,Mus musculus,10090
ENSMUSG00000072694,1500011B03Rik,,Mus musculus,10090
ENSMUSG00000072704,Smim10l1,,Mus musculus,10090
ENSMUSG00000072770,Acrbp,,Mus musculus,10090
ENSMUSG00000072772,Grcc10,,Mus musculus,10090
ENSMUSG00000072875,Gpr27,,Mus musculus,10090
ENSMUSG00000072889,Nfxl1,,Mus musculus,10090
ENSMUSG00000072941,Sod3,,Mus musculus,10090
ENSMUSG00000072946,Ptgr2,,Mus musculus,10090
ENSMUSG00000072949,Acot1,,Mus musculus,10090
ENSMUSG00000073001,Cylc1,,Mus musculus,10090
ENSMUSG00000073002,Vamp5,,Mus musculus,10090
ENSMUSG00000073043,Atoh1,,Mus musculus,10090
ENSMUSG00000073096,Lrrc61,,Mus musculus,10090
ENSMUSG00000073102,Drc1,,Mus musculus,10090
ENSMUSG00000073131,Vma21,,Mus musculus,10090
ENSMUSG00000073139,Tmem185a,,Mus musculus,10090
ENSMUSG00000073155,1810058I24Rik,,Mus musculus,10090
ENSMUSG00000073179,Gm10478,,Mus musculus,10090
ENSMUSG00000073295,Nudt11,,Mus musculus,10090
ENSMUSG00000073400,Trim10,,Mus musculus,10090
ENSMUSG00000073405,H2-T-ps,,Mus musculus,10090
ENSMUSG00000073406,H2-Bl,,Mus musculus,10090
ENSMUSG00000073409,H2-Q6,,Mus musculus,10090
ENSMUSG00000073411,H2-D1,,Mus musculus,10090
ENSMUSG00000073412,Lst1,,Mus musculus,10090
ENSMUSG00000073413,Ly6g6d,,Mus musculus,10090
ENSMUSG00000073421,H2-Ab1,,Mus musculus,10090
ENSMUSG00000073424,Cyp4f15,,Mus musculus,10090
ENSMUSG00000073433,Arhgdig,,Mus musculus,10090
ENSMUSG00000073481,Marc2,,Mus musculus,10090
ENSMUSG00000073489,Ifi204,,Mus musculus,10090
ENSMUSG00000073591,Pcdhb22,,Mus musculus,10090
ENSMUSG00000073616,Cops9,,Mus musculus,10090
ENSMUSG00000073627,C130036L24Rik,,Mus musculus,10090
ENSMUSG00000073633,Fbxo36,,Mus musculus,10090
ENSMUSG00000073639,Rab18,,Mus musculus,10090
ENSMUSG00000073643,Wdfy1,,Mus musculus,10090
ENSMUSG00000073658,Crygb,,Mus musculus,10090
ENSMUSG00000073676,Hspe1,,Mus musculus,10090
ENSMUSG00000073684,Faap20,,Mus musculus,10090
ENSMUSG00000073700,Klhl21,,Mus musculus,10090
ENSMUSG00000073702,Rpl31,,Mus musculus,10090
ENSMUSG00000073725,Lmbrd1,,Mus musculus,10090
ENSMUSG00000073730,Ppp1r14bl,,Mus musculus,10090
ENSMUSG00000073775,Kti12,,Mus musculus,10090
ENSMUSG00000073802,Cdkn2b,,Mus musculus,10090
ENSMUSG00000073838,Tufm,,Mus musculus,10090
ENSMUSG00000073897,Olfr17,,Mus musculus,10090
ENSMUSG00000073910,Mob3b,,Mus musculus,10090
ENSMUSG00000073982,Rhog,,Mus musculus,10090
ENSMUSG00000073987,Ggh,,Mus musculus,10090
ENSMUSG00000073988,Ttpa,,Mus musculus,10090
ENSMUSG00000074028,Slc22a13,,Mus musculus,10090
ENSMUSG00000074030,Exoc8,,Mus musculus,10090
ENSMUSG00000074037,Mc1r,,Mus musculus,10090
ENSMUSG00000074039,4930520O04Rik,,Mus musculus,10090
ENSMUSG00000074063,Osgin1,,Mus musculus,10090
ENSMUSG00000074064,Mlycd,,Mus musculus,10090
ENSMUSG00000074088,Snrnp40,,Mus musculus,10090
ENSMUSG00000074102,Rbm15b,,Mus musculus,10090
ENSMUSG00000074115,Saa1,,Mus musculus,10090
ENSMUSG00000074141,Il4i1,,Mus musculus,10090
ENSMUSG00000074170,Plekhf1,,Mus musculus,10090
ENSMUSG00000074199,Krtdap,,Mus musculus,10090
ENSMUSG00000074207,Adh1,,Mus musculus,10090
ENSMUSG00000074211,Sdhaf1,,Mus musculus,10090
ENSMUSG00000074218,Cox7a1,,Mus musculus,10090
ENSMUSG00000074221,Zfp568,,Mus musculus,10090
ENSMUSG00000074227,Spint2,,Mus musculus,10090
ENSMUSG00000074238,Ap1ar,,Mus musculus,10090
ENSMUSG00000074247,Dda1,,Mus musculus,10090
ENSMUSG00000074264,Amy1,,Mus musculus,10090
ENSMUSG00000074272,Ceacam1,,Mus musculus,10090
ENSMUSG00000074282,Zfp94,,Mus musculus,10090
ENSMUSG00000074283,Zfp109,,Mus musculus,10090
ENSMUSG00000074305,Peak1,,Mus musculus,10090
ENSMUSG00000074336,Apoc4,,Mus musculus,10090
ENSMUSG00000074340,Ovgp1,,Mus musculus,10090
ENSMUSG00000074359,Psg23,,Mus musculus,10090
ENSMUSG00000074364,Ehd2,,Mus musculus,10090
ENSMUSG00000074365,Crxos,,Mus musculus,10090
ENSMUSG00000074369,Obox2,,Mus musculus,10090
ENSMUSG00000074405,Zfp865,,Mus musculus,10090
ENSMUSG00000074435,Smcp,,Mus musculus,10090
ENSMUSG00000074457,S100a16,,Mus musculus,10090
ENSMUSG00000074491,Clec4g,,Mus musculus,10090
ENSMUSG00000074604,Mgst2,,Mus musculus,10090
ENSMUSG00000074619,1700034I23Rik,,Mus musculus,10090
ENSMUSG00000074622,Mafb,,Mus musculus,10090
ENSMUSG00000074634,Tmem267,,Mus musculus,10090
ENSMUSG00000074635,3110070M22Rik,,Mus musculus,10090
ENSMUSG00000074637,Sox2,,Mus musculus,10090
ENSMUSG00000074639,Rdh16f2,,Mus musculus,10090
ENSMUSG00000074649,BC029722,,Mus musculus,10090
ENSMUSG00000074656,Eif2s2,,Mus musculus,10090
ENSMUSG00000074657,Kif5a,,Mus musculus,10090
ENSMUSG00000074673,Ttll9,,Mus musculus,10090
ENSMUSG00000074682,Zcchc3,,Mus musculus,10090
ENSMUSG00000074698,Csnk2a1,,Mus musculus,10090
ENSMUSG00000074715,Ccl28,,Mus musculus,10090
ENSMUSG00000074733,Zfp950,,Mus musculus,10090
ENSMUSG00000074738,Fndc10,,Mus musculus,10090
ENSMUSG00000074743,Thbd,,Mus musculus,10090
ENSMUSG00000074748,Atxn7l3b,,Mus musculus,10090
ENSMUSG00000074754,Smim26,,Mus musculus,10090
ENSMUSG00000074764,Sel1l2,,Mus musculus,10090
ENSMUSG00000074771,Ankef1,,Mus musculus,10090
ENSMUSG00000074785,Plxnc1,,Mus musculus,10090
ENSMUSG00000074793,Hspa12b,,Mus musculus,10090
ENSMUSG00000074797,Itpa,,Mus musculus,10090
ENSMUSG00000074817,Papolb,,Mus musculus,10090
ENSMUSG00000074870,Cts3,,Mus musculus,10090
ENSMUSG00000074871,Ctsm,,Mus musculus,10090
ENSMUSG00000074881,Mageb3,,Mus musculus,10090
ENSMUSG00000074886,Grk6,,Mus musculus,10090
ENSMUSG00000074890,Lcmt2,,Mus musculus,10090
ENSMUSG00000074892,B3galt5,,Mus musculus,10090
ENSMUSG00000074916,Chst14,,Mus musculus,10090
ENSMUSG00000074918,Inafm2,,Mus musculus,10090
ENSMUSG00000074922,Fam122a,,Mus musculus,10090
ENSMUSG00000074928,Krtap14,,Mus musculus,10090
ENSMUSG00000074934,Grem1,,Mus musculus,10090
ENSMUSG00000074971,Fibin,,Mus musculus,10090
ENSMUSG00000074994,Qser1,,Mus musculus,10090
ENSMUSG00000075010,AW112010,,Mus musculus,10090
ENSMUSG00000075012,Fjx1,,Mus musculus,10090
ENSMUSG00000075044,Slc22a29,,Mus musculus,10090
ENSMUSG00000075068,Olfr140,,Mus musculus,10090
ENSMUSG00000075069,Olfr1264,,Mus musculus,10090
ENSMUSG00000075122,Cd80,,Mus musculus,10090
ENSMUSG00000075140,Olfr73,,Mus musculus,10090
ENSMUSG00000075142,Olfr74,,Mus musculus,10090
ENSMUSG00000075212,Olfr154,,Mus musculus,10090
ENSMUSG00000075227,Znhit2,,Mus musculus,10090
ENSMUSG00000075229,Ccdc58,,Mus musculus,10090
ENSMUSG00000075269,Bex6,,Mus musculus,10090
ENSMUSG00000075271,Ttc30a1,,Mus musculus,10090
ENSMUSG00000075273,Ttc30b,,Mus musculus,10090
ENSMUSG00000075284,Wipf1,,Mus musculus,10090
ENSMUSG00000075289,Carns1,,Mus musculus,10090
ENSMUSG00000075304,Sp5,,Mus musculus,10090
ENSMUSG00000075316,Scn9a,,Mus musculus,10090
ENSMUSG00000075318,Scn2a,,Mus musculus,10090
ENSMUSG00000075324,Fign,,Mus musculus,10090
ENSMUSG00000075327,Zbtb2,,Mus musculus,10090
ENSMUSG00000075334,Rprm,,Mus musculus,10090
ENSMUSG00000075376,Rc3h2,,Mus musculus,10090
ENSMUSG00000075394,Hoxc4,,Mus musculus,10090
ENSMUSG00000075415,Fnbp1,,Mus musculus,10090
ENSMUSG00000075419,Dolk,,Mus musculus,10090
ENSMUSG00000075467,Dnlz,,Mus musculus,10090
ENSMUSG00000075478,Slitrk1,,Mus musculus,10090
ENSMUSG00000075486,Commd6,,Mus musculus,10090
ENSMUSG00000075510,Fam187a,,Mus musculus,10090
ENSMUSG00000075588,Hoxb2,,Mus musculus,10090
ENSMUSG00000075590,Nrbp2,,Mus musculus,10090
ENSMUSG00000075592,Nynrin,,Mus musculus,10090
ENSMUSG00000075602,Ly6a,,Mus musculus,10090
ENSMUSG00000075700,Selenot,,Mus musculus,10090
ENSMUSG00000075701,Selenos,,Mus musculus,10090
ENSMUSG00000075702,Selenom,,Mus musculus,10090
ENSMUSG00000075704,Txnrd2,,Mus musculus,10090
ENSMUSG00000075705,Msrb1,,Mus musculus,10090
ENSMUSG00000076431,Sox4,,Mus musculus,10090
ENSMUSG00000076432,Ywhaq,,Mus musculus,10090
ENSMUSG00000076433,Cep295nl,,Mus musculus,10090
ENSMUSG00000076437,Selenoh,,Mus musculus,10090
ENSMUSG00000076439,Mog,,Mus musculus,10090
ENSMUSG00000076469,Trbv13-2,,Mus musculus,10090
ENSMUSG00000076471,Trbv14,,Mus musculus,10090
ENSMUSG00000076479,Trbv26,,Mus musculus,10090
ENSMUSG00000076480,Trbv29,,Mus musculus,10090
ENSMUSG00000076490,Trbc1,,Mus musculus,10090
ENSMUSG00000076498,Trbc2,,Mus musculus,10090
ENSMUSG00000076523,Igkv15-103,,Mus musculus,10090
ENSMUSG00000076564,Igkv12-46,,Mus musculus,10090
ENSMUSG00000076609,Igkc,,Mus musculus,10090
ENSMUSG00000076612,Ighg2c,,Mus musculus,10090
ENSMUSG00000076613,Ighg2b,,Mus musculus,10090
ENSMUSG00000076614,Ighg1,,Mus musculus,10090
ENSMUSG00000076615,Ighg3,,Mus musculus,10090
ENSMUSG00000076617,Ighm,,Mus musculus,10090
ENSMUSG00000076745,Trgv4,,Mus musculus,10090
ENSMUSG00000076749,Trgc1,,Mus musculus,10090
ENSMUSG00000076757,Trgc4,,Mus musculus,10090
ENSMUSG00000076928,Trac,,Mus musculus,10090
ENSMUSG00000076934,Iglv1,,Mus musculus,10090
ENSMUSG00000078143,Gm17344,,Mus musculus,10090
ENSMUSG00000078161,Erich3,,Mus musculus,10090
ENSMUSG00000078185,Chml,,Mus musculus,10090
ENSMUSG00000078190,Dnm3os,,Mus musculus,10090
ENSMUSG00000078201,Tmem203,,Mus musculus,10090
ENSMUSG00000078202,Nrarp,,Mus musculus,10090
ENSMUSG00000078247,Airn,,Mus musculus,10090
ENSMUSG00000078302,Foxd1,,Mus musculus,10090
ENSMUSG00000078317,F8a,,Mus musculus,10090
ENSMUSG00000078348,Sf3b5,,Mus musculus,10090
ENSMUSG00000078354,Ifna2,,Mus musculus,10090
ENSMUSG00000078365,Mos,,Mus musculus,10090
ENSMUSG00000078429,Ctdsp2,,Mus musculus,10090
ENSMUSG00000078440,Dohh,,Mus musculus,10090
ENSMUSG00000078453,Abracl,,Mus musculus,10090
ENSMUSG00000078485,Plekhn1,,Mus musculus,10090
ENSMUSG00000078532,Nkain1,,Mus musculus,10090
ENSMUSG00000078578,Ube2d3,,Mus musculus,10090
ENSMUSG00000078580,E430018J23Rik,,Mus musculus,10090
ENSMUSG00000078619,Smarcd2,,Mus musculus,10090
ENSMUSG00000078622,Ccdc47,,Mus musculus,10090
ENSMUSG00000078648,Gm17546,,Mus musculus,10090
ENSMUSG00000078650,G6pc,,Mus musculus,10090
ENSMUSG00000078652,Psme3,,Mus musculus,10090
ENSMUSG00000078653,Cntd1,,Mus musculus,10090
ENSMUSG00000078656,Vps25,,Mus musculus,10090
ENSMUSG00000078670,Fam174b,,Mus musculus,10090
ENSMUSG00000078676,Casc3,,Mus musculus,10090
ENSMUSG00000078681,Tm2d3,,Mus musculus,10090
ENSMUSG00000078698,Mrgpra3,,Mus musculus,10090
ENSMUSG00000078763,Slfn1,,Mus musculus,10090
ENSMUSG00000078768,Zfp566,,Mus musculus,10090
ENSMUSG00000078771,Evi2a,,Mus musculus,10090
ENSMUSG00000078808,Vmn1r58,,Mus musculus,10090
ENSMUSG00000078812,Eif5a,,Mus musculus,10090
ENSMUSG00000078813,Leng1,,Mus musculus,10090
ENSMUSG00000078815,Cacng6,,Mus musculus,10090
ENSMUSG00000078816,Prkcg,,Mus musculus,10090
ENSMUSG00000078851,H2aw,,Mus musculus,10090
ENSMUSG00000078853,Igtp,,Mus musculus,10090
ENSMUSG00000078861,Zfp931,,Mus musculus,10090
ENSMUSG00000078899,Gm4631,,Mus musculus,10090
ENSMUSG00000078919,Dpm1,,Mus musculus,10090
ENSMUSG00000078920,Ifi47,,Mus musculus,10090
ENSMUSG00000078941,Ak6,,Mus musculus,10090
ENSMUSG00000078942,Naip6,,Mus musculus,10090
ENSMUSG00000078945,Naip2,,Mus musculus,10090
ENSMUSG00000078954,Arhgap8,,Mus musculus,10090
ENSMUSG00000079007,Tcl1b4,,Mus musculus,10090
ENSMUSG00000079012,Serpina3m,,Mus musculus,10090
ENSMUSG00000079015,Serpina1c,,Mus musculus,10090
ENSMUSG00000079017,Ifi27l2a,,Mus musculus,10090
ENSMUSG00000079022,Col22a1,,Mus musculus,10090
ENSMUSG00000079025,Gsdmc,,Mus musculus,10090
ENSMUSG00000079033,Mef2b,,Mus musculus,10090
ENSMUSG00000079037,Prnp,,Mus musculus,10090
ENSMUSG00000079043,Fastkd5,,Mus musculus,10090
ENSMUSG00000079055,Slc8a3,,Mus musculus,10090
ENSMUSG00000079056,Kcnip3,,Mus musculus,10090
ENSMUSG00000079057,Cyp4v3,,Mus musculus,10090
ENSMUSG00000079058,Adam34,,Mus musculus,10090
ENSMUSG00000079084,Ccdc82,,Mus musculus,10090
ENSMUSG00000079109,Pms2,,Mus musculus,10090
ENSMUSG00000079111,Kdelr2,,Mus musculus,10090
ENSMUSG00000079163,Gm15498,,Mus musculus,10090
ENSMUSG00000079168,Cd209g,,Mus musculus,10090
ENSMUSG00000079173,Zan,,Mus musculus,10090
ENSMUSG00000079184,Mphosph8,,Mus musculus,10090
ENSMUSG00000079186,Gzmc,,Mus musculus,10090
ENSMUSG00000079227,Ccr5,,Mus musculus,10090
ENSMUSG00000079243,Xirp1,,Mus musculus,10090
ENSMUSG00000079260,Tmppe,,Mus musculus,10090
ENSMUSG00000079262,Slco1a6,,Mus musculus,10090
ENSMUSG00000079293,Clec7a,,Mus musculus,10090
ENSMUSG00000079298,Klrb1b,,Mus musculus,10090
ENSMUSG00000079316,Rab9,,Mus musculus,10090
ENSMUSG00000079334,Naa80,,Mus musculus,10090
ENSMUSG00000079349,Magea5,,Mus musculus,10090
ENSMUSG00000079355,Ackr4,,Mus musculus,10090
ENSMUSG00000079419,Ms4a6c,,Mus musculus,10090
ENSMUSG00000079434,Neu2,,Mus musculus,10090
ENSMUSG00000079442,St6galnac4,,Mus musculus,10090
ENSMUSG00000079465,Col4a3,,Mus musculus,10090
ENSMUSG00000079469,Pigb,,Mus musculus,10090
ENSMUSG00000079481,Nhsl2,,Mus musculus,10090
ENSMUSG00000079494,Nat8f5,,Mus musculus,10090
ENSMUSG00000079509,Zfx,,Mus musculus,10090
ENSMUSG00000079516,Reg3a,,Mus musculus,10090
ENSMUSG00000079547,H2-DMb1,,Mus musculus,10090
ENSMUSG00000079550,Mpp4,,Mus musculus,10090
ENSMUSG00000079555,Haus3,,Mus musculus,10090
ENSMUSG00000079557,March2,,Mus musculus,10090
ENSMUSG00000079560,Hoxa3,,Mus musculus,10090
ENSMUSG00000079562,Maea,,Mus musculus,10090
ENSMUSG00000079563,Pglyrp2,,Mus musculus,10090
ENSMUSG00000079614,Seh1l,,Mus musculus,10090
ENSMUSG00000079620,Muc4,,Mus musculus,10090
ENSMUSG00000079658,Eloc,,Mus musculus,10090
ENSMUSG00000079659,Tmem243,,Mus musculus,10090
ENSMUSG00000079700,Fpr3,,Mus musculus,10090
ENSMUSG00000079852,Klra4,,Mus musculus,10090
ENSMUSG00000080268,Brms1,,Mus musculus,10090
ENSMUSG00000080727,C920021L13Rik,,Mus musculus,10090
ENSMUSG00000080893,Gm15920,,Mus musculus,10090
ENSMUSG00000081058,H3c15,,Mus musculus,10090
ENSMUSG00000081107,Gm12235,,Mus musculus,10090
ENSMUSG00000081137,BC022960,,Mus musculus,10090
ENSMUSG00000081249,Gm11517,,Mus musculus,10090
ENSMUSG00000081534,Slc48a1,,Mus musculus,10090
ENSMUSG00000081766,2210409E12Rik,,Mus musculus,10090
ENSMUSG00000081984,Dnajb3,,Mus musculus,10090
ENSMUSG00000082229,Nap1l2,,Mus musculus,10090
ENSMUSG00000082286,Pisd-ps1,,Mus musculus,10090
ENSMUSG00000082361,Btc,,Mus musculus,10090
ENSMUSG00000083022,Rps15a-ps6,,Mus musculus,10090
ENSMUSG00000083282,Ctsf,,Mus musculus,10090
ENSMUSG00000083333,Magea7-ps,,Mus musculus,10090
ENSMUSG00000083674,Zfp133-ps,,Mus musculus,10090
ENSMUSG00000083695,Rnf138rt1,,Mus musculus,10090
ENSMUSG00000083773,Gm13394,,Mus musculus,10090
ENSMUSG00000084034,Gm12617,,Mus musculus,10090
ENSMUSG00000084128,Esrp2,,Mus musculus,10090
ENSMUSG00000084174,Sycn,,Mus musculus,10090
ENSMUSG00000084575,Gm23656,,Mus musculus,10090
ENSMUSG00000084786,Ubl5,,Mus musculus,10090
ENSMUSG00000085042,Abhd11os,,Mus musculus,10090
ENSMUSG00000085079,Khdc1b,,Mus musculus,10090
ENSMUSG00000085185,BC028777,,Mus musculus,10090
ENSMUSG00000085207,Gm11767,,Mus musculus,10090
ENSMUSG00000085208,Brip1os,,Mus musculus,10090
ENSMUSG00000085348,Myhas,,Mus musculus,10090
ENSMUSG00000085398,4931406G06Rik,,Mus musculus,10090
ENSMUSG00000085438,Oip5os1,,Mus musculus,10090
ENSMUSG00000085566,A730017L22Rik,,Mus musculus,10090
ENSMUSG00000085628,Appbp2os,,Mus musculus,10090
ENSMUSG00000085715,Tsix,,Mus musculus,10090
ENSMUSG00000085795,Zfp703,,Mus musculus,10090
ENSMUSG00000085875,Gm12905,,Mus musculus,10090
ENSMUSG00000086266,Igf2os,,Mus musculus,10090
ENSMUSG00000086429,Gt(ROSA)26Sor,,Mus musculus,10090
ENSMUSG00000086503,Xist,,Mus musculus,10090
ENSMUSG00000086537,Gnasas1,,Mus musculus,10090
ENSMUSG00000086578,Gm13583,,Mus musculus,10090
ENSMUSG00000086604,Gm15510,,Mus musculus,10090
ENSMUSG00000086728,Man2c1os,,Mus musculus,10090
ENSMUSG00000086968,4933431E20Rik,,Mus musculus,10090
ENSMUSG00000087006,Gm13889,,Mus musculus,10090
ENSMUSG00000087067,Gm11532,,Mus musculus,10090
ENSMUSG00000087109,4930474H06Rik,,Mus musculus,10090
ENSMUSG00000087193,Gm14820,,Mus musculus,10090
ENSMUSG00000087260,Lamtor5,,Mus musculus,10090
ENSMUSG00000087331,1810021B22Rik,,Mus musculus,10090
ENSMUSG00000087458,Gm13999,,Mus musculus,10090
ENSMUSG00000087598,Zfp111,,Mus musculus,10090
ENSMUSG00000087659,Gm12606,,Mus musculus,10090
ENSMUSG00000087679,Tmem250-ps,,Mus musculus,10090
ENSMUSG00000087687,Pet100,,Mus musculus,10090
ENSMUSG00000087691,Cd55os,,Mus musculus,10090
ENSMUSG00000087694,A530058N18Rik,,Mus musculus,10090
ENSMUSG00000088219,Gm22077,,Mus musculus,10090
ENSMUSG00000089682,Bcl2l2,,Mus musculus,10090
ENSMUSG00000089715,Cbx6,,Mus musculus,10090
ENSMUSG00000089727,Klra8,,Mus musculus,10090
ENSMUSG00000089762,Ier5l,,Mus musculus,10090
ENSMUSG00000089774,Slc5a3,,Mus musculus,10090
ENSMUSG00000089789,Rdh1,,Mus musculus,10090
ENSMUSG00000089804,Gm16136,,Mus musculus,10090
ENSMUSG00000089810,Gm16536,,Mus musculus,10090
ENSMUSG00000089824,Rbm12,,Mus musculus,10090
ENSMUSG00000089832,Shkbp1,,Mus musculus,10090
ENSMUSG00000089847,Timm10b,,Mus musculus,10090
ENSMUSG00000089872,Rps6kc1,,Mus musculus,10090
ENSMUSG00000089875,Etohd2,,Mus musculus,10090
ENSMUSG00000089911,Mfsd14a,,Mus musculus,10090
ENSMUSG00000089917,Uckl1,,Mus musculus,10090
ENSMUSG00000089935,Gm16343,,Mus musculus,10090
ENSMUSG00000089942,Pira2,,Mus musculus,10090
ENSMUSG00000089992,G6pd2,,Mus musculus,10090
ENSMUSG00000090000,Ier3ip1,,Mus musculus,10090
ENSMUSG00000090019,Gimap1,,Mus musculus,10090
ENSMUSG00000090035,Galnt4,,Mus musculus,10090
ENSMUSG00000090071,Cdk5r2,,Mus musculus,10090
ENSMUSG00000090083,Rnf8,,Mus musculus,10090
ENSMUSG00000090084,Srpx,,Mus musculus,10090
ENSMUSG00000090088,Gm15934,,Mus musculus,10090
ENSMUSG00000090110,Cmc4,,Mus musculus,10090
ENSMUSG00000090112,Shprh,,Mus musculus,10090
ENSMUSG00000090122,Kcne1l,,Mus musculus,10090
ENSMUSG00000090125,Pou3f1,,Mus musculus,10090
ENSMUSG00000090150,Acad11,,Mus musculus,10090
ENSMUSG00000090213,Tmem189,,Mus musculus,10090
ENSMUSG00000090272,Mndal,,Mus musculus,10090
ENSMUSG00000090290,Tarbp1,,Mus musculus,10090
ENSMUSG00000090314,2310050C09Rik,,Mus musculus,10090
ENSMUSG00000090330,9130221H12Rik,,Mus musculus,10090
ENSMUSG00000090458,Gm17122,,Mus musculus,10090
ENSMUSG00000090523,Gypc,,Mus musculus,10090
ENSMUSG00000090553,Snrpe,,Mus musculus,10090
ENSMUSG00000090626,Tex9,,Mus musculus,10090
ENSMUSG00000090659,Zfp493,,Mus musculus,10090
ENSMUSG00000090724,4930542C12Rik,,Mus musculus,10090
ENSMUSG00000090733,Rps27,,Mus musculus,10090
ENSMUSG00000090841,Myl6,,Mus musculus,10090
ENSMUSG00000090862,Rps13,,Mus musculus,10090
ENSMUSG00000090877,Hspa1b,,Mus musculus,10090
ENSMUSG00000090935,Synj2bp,,Mus musculus,10090
ENSMUSG00000090946,Ccdc71l,,Mus musculus,10090
ENSMUSG00000091337,Eid1,,Mus musculus,10090
ENSMUSG00000091423,Gm17509,,Mus musculus,10090
ENSMUSG00000091491,Vmn2r97,,Mus musculus,10090
ENSMUSG00000091509,Gm17066,,Mus musculus,10090
ENSMUSG00000091510,Mtag2,,Mus musculus,10090
ENSMUSG00000091512,Lamtor3,,Mus musculus,10090
ENSMUSG00000091577,Gm6211,,Mus musculus,10090
ENSMUSG00000091705,H2-Q2,,Mus musculus,10090
ENSMUSG00000091734,Vmn1r29,,Mus musculus,10090
ENSMUSG00000091749,Tspy-ps,,Mus musculus,10090
ENSMUSG00000091803,Cox16,,Mus musculus,10090
ENSMUSG00000091874,Vmn1r56,,Mus musculus,10090
ENSMUSG00000091896,Ube2d2a,,Mus musculus,10090
ENSMUSG00000091898,Tnnc1,,Mus musculus,10090
ENSMUSG00000091971,Hspa1a,,Mus musculus,10090
ENSMUSG00000092035,Peg10,,Mus musculus,10090
ENSMUSG00000092118,Fancf,,Mus musculus,10090
ENSMUSG00000092192,Dnaaf4,,Mus musculus,10090
ENSMUSG00000092274,Neat1,,Mus musculus,10090
ENSMUSG00000092341,Malat1,,Mus musculus,10090
ENSMUSG00000092517,Art2a,,Mus musculus,10090
ENSMUSG00000092558,Med20,,Mus musculus,10090
ENSMUSG00000092579,Vmn1r62,,Mus musculus,10090
ENSMUSG00000092586,Ly6g6c,,Mus musculus,10090
ENSMUSG00000092607,Scnm1,,Mus musculus,10090
ENSMUSG00000093661,Eif4e3,,Mus musculus,10090
ENSMUSG00000093674,Rpl41,,Mus musculus,10090
ENSMUSG00000093728,Vmn1r-ps8,,Mus musculus,10090
ENSMUSG00000093904,Tomm20,,Mus musculus,10090
ENSMUSG00000093930,Hmgcs1,,Mus musculus,10090
ENSMUSG00000094084,Tdpoz1,,Mus musculus,10090
ENSMUSG00000094372,Gm21839,,Mus musculus,10090
ENSMUSG00000094483,Purb,,Mus musculus,10090
ENSMUSG00000094553,Vmn1r50,,Mus musculus,10090
ENSMUSG00000094559,Cyp2d34,,Mus musculus,10090
ENSMUSG00000094626,Tmem121b,,Mus musculus,10090
ENSMUSG00000094777,Hist1h2ap,,Mus musculus,10090
ENSMUSG00000094796,BC147527,,Mus musculus,10090
ENSMUSG00000094797,Igkv6-15,,Mus musculus,10090
ENSMUSG00000094806,Cyp2d10,,Mus musculus,10090
ENSMUSG00000094868,Dlx6os2,,Mus musculus,10090
ENSMUSG00000094870,Zfp131,,Mus musculus,10090
ENSMUSG00000094910,D430019H16Rik,,Mus musculus,10090
ENSMUSG00000094936,Rbm4,,Mus musculus,10090
ENSMUSG00000095079,Igha,,Mus musculus,10090
ENSMUSG00000095105,Edaradd,,Mus musculus,10090
ENSMUSG00000095139,Pou3f2,,Mus musculus,10090
ENSMUSG00000095180,Rhox5,,Mus musculus,10090
ENSMUSG00000095270,Ifna9,,Mus musculus,10090
ENSMUSG00000095567,Noc2l,,Mus musculus,10090
ENSMUSG00000095620,Csta2,,Mus musculus,10090
ENSMUSG00000095670,Vmn1r30,,Mus musculus,10090
ENSMUSG00000095821,Tcstv3,,Mus musculus,10090
ENSMUSG00000095932,Vmn1r49,,Mus musculus,10090
ENSMUSG00000096001,2610528A11Rik,,Mus musculus,10090
ENSMUSG00000096051,Vmn1r40,,Mus musculus,10090
ENSMUSG00000096054,Syne1,,Mus musculus,10090
ENSMUSG00000096146,Kcnj11,,Mus musculus,10090
ENSMUSG00000096199,Ptrhd1,,Mus musculus,10090
ENSMUSG00000096210,H1f0,,Mus musculus,10090
ENSMUSG00000096225,Lhx8,,Mus musculus,10090
ENSMUSG00000096284,Tcstv1,,Mus musculus,10090
ENSMUSG00000096351,Samd11,,Mus musculus,10090
ENSMUSG00000096472,Cdkn2d,,Mus musculus,10090
ENSMUSG00000096498,Ighv2-5,,Mus musculus,10090
ENSMUSG00000096534,Krtap16-3,,Mus musculus,10090
ENSMUSG00000096682,Ifna5,,Mus musculus,10090
ENSMUSG00000096727,Psmb9,,Mus musculus,10090
ENSMUSG00000096847,Tmem151b,,Mus musculus,10090
ENSMUSG00000096852,Cyp2d12,,Mus musculus,10090
ENSMUSG00000096910,Zfp955b,,Mus musculus,10090
ENSMUSG00000096968,Gm26620,,Mus musculus,10090
ENSMUSG00000097022,BC001981,,Mus musculus,10090
ENSMUSG00000097039,Pvt1,,Mus musculus,10090
ENSMUSG00000097075,Cdiptos,,Mus musculus,10090
ENSMUSG00000097084,Foxl1,,Mus musculus,10090
ENSMUSG00000097119,B230354K17Rik,,Mus musculus,10090
ENSMUSG00000097129,4930507D05Rik,,Mus musculus,10090
ENSMUSG00000097162,2310010J17Rik,,Mus musculus,10090
ENSMUSG00000097211,BC065403,,Mus musculus,10090
ENSMUSG00000097216,4932441J04Rik,,Mus musculus,10090
ENSMUSG00000097315,Gm26568,,Mus musculus,10090
ENSMUSG00000097328,Tnfsf12,,Mus musculus,10090
ENSMUSG00000097330,Gm26672,,Mus musculus,10090
ENSMUSG00000097333,Zfp87,,Mus musculus,10090
ENSMUSG00000097357,Gm16793,,Mus musculus,10090
ENSMUSG00000097392,Thoc2l,,Mus musculus,10090
ENSMUSG00000097415,AU020206,,Mus musculus,10090
ENSMUSG00000097440,Gm6277,,Mus musculus,10090
ENSMUSG00000097451,Rian,,Mus musculus,10090
ENSMUSG00000097585,E230029C05Rik,,Mus musculus,10090
ENSMUSG00000097589,Dleu2,,Mus musculus,10090
ENSMUSG00000097595,1500002F19Rik,,Mus musculus,10090
ENSMUSG00000097619,4833422M21Rik,,Mus musculus,10090
ENSMUSG00000097786,4933429H19Rik,,Mus musculus,10090
ENSMUSG00000097971,Gm26917,,Mus musculus,10090
ENSMUSG00000097993,Ptprv,,Mus musculus,10090
ENSMUSG00000098090,2700099C18Rik,,Mus musculus,10090
ENSMUSG00000098176,Ccdc166,,Mus musculus,10090
ENSMUSG00000098178,Gm42418,,Mus musculus,10090
ENSMUSG00000098188,Sowahc,,Mus musculus,10090
ENSMUSG00000098557,Kctd12,,Mus musculus,10090
ENSMUSG00000098912,1500004A13Rik,,Mus musculus,10090
ENSMUSG00000098923,Tmem185b,,Mus musculus,10090
ENSMUSG00000099083,Atf7,,Mus musculus,10090
ENSMUSG00000099098,1110035H17Rik,,Mus musculus,10090
ENSMUSG00000099474,1700097N02Rik,,Mus musculus,10090
ENSMUSG00000099481,Xndc1,,Mus musculus,10090
ENSMUSG00000099583,H3c4,,Mus musculus,10090
ENSMUSG00000099693,Gm29284,,Mus musculus,10090
ENSMUSG00000100005,B130024G19Rik,,Mus musculus,10090
ENSMUSG00000100029,D7Ertd128e,,Mus musculus,10090
ENSMUSG00000100079,Ifnab,,Mus musculus,10090
ENSMUSG00000100210,H3c7,,Mus musculus,10090
ENSMUSG00000100241,Slc18a3,,Mus musculus,10090
ENSMUSG00000100549,Ifna11,,Mus musculus,10090
ENSMUSG00000100552,Gm29019,,Mus musculus,10090
ENSMUSG00000100603,1700129L04Rik,,Mus musculus,10090
ENSMUSG00000100680,1810044D09Rik,,Mus musculus,10090
ENSMUSG00000100826,Snhg14,,Mus musculus,10090
ENSMUSG00000100937,1700020D05Rik,,Mus musculus,10090
ENSMUSG00000101013,A630072M18Rik,,Mus musculus,10090
ENSMUSG00000101167,H2afy3,,Mus musculus,10090
ENSMUSG00000101174,Hoxd4,,Mus musculus,10090
ENSMUSG00000101315,Krtap28-13,,Mus musculus,10090
ENSMUSG00000101451,Gm29430,,Mus musculus,10090
ENSMUSG00000101695,1700094J05Rik,,Mus musculus,10090
ENSMUSG00000101867,C78334,,Mus musculus,10090
ENSMUSG00000101892,9130401M01Rik,,Mus musculus,10090
ENSMUSG00000102084,Gm29638,,Mus musculus,10090
ENSMUSG00000102101,Zbtb11os1,,Mus musculus,10090
ENSMUSG00000102206,Pcdha11,,Mus musculus,10090
ENSMUSG00000102252,Snrpn,,Mus musculus,10090
ENSMUSG00000102397,Gm37573,,Mus musculus,10090
ENSMUSG00000102439,Flg,,Mus musculus,10090
ENSMUSG00000102585,Gm37439,,Mus musculus,10090
ENSMUSG00000102600,Gm37266,,Mus musculus,10090
ENSMUSG00000102774,Gm9748,,Mus musculus,10090
ENSMUSG00000102869,2900097C17Rik,,Mus musculus,10090
ENSMUSG00000103075,Gm38109,,Mus musculus,10090
ENSMUSG00000103243,Lce1d,,Mus musculus,10090
ENSMUSG00000103255,Pcdhac1,,Mus musculus,10090
ENSMUSG00000103711,Tstd1,,Mus musculus,10090
ENSMUSG00000103746,1700001G17Rik,,Mus musculus,10090
ENSMUSG00000103765,Gm37857,,Mus musculus,10090
ENSMUSG00000103768,Gm37856,,Mus musculus,10090
ENSMUSG00000103906,Tigd5,,Mus musculus,10090
ENSMUSG00000104213,Ighd,,Mus musculus,10090
ENSMUSG00000104423,A030005K14Rik,,Mus musculus,10090
ENSMUSG00000104465,BC002189,,Mus musculus,10090
ENSMUSG00000104518,Gm37162,,Mus musculus,10090
ENSMUSG00000104559,Gm43118,,Mus musculus,10090
ENSMUSG00000104663,Gm3203,,Mus musculus,10090
ENSMUSG00000104876,Trdc,,Mus musculus,10090
ENSMUSG00000105196,Mir142,,Mus musculus,10090
ENSMUSG00000105402,Gm3716,,Mus musculus,10090
ENSMUSG00000105589,Fbxw14,,Mus musculus,10090
ENSMUSG00000105906,Iglc1,,Mus musculus,10090
ENSMUSG00000106086,Lef1os1,,Mus musculus,10090
ENSMUSG00000106622,Gm5554,,Mus musculus,10090
ENSMUSG00000106668,Iglj1,,Mus musculus,10090
ENSMUSG00000106688,Gm42851,,Mus musculus,10090
ENSMUSG00000106734,Gm20559,,Mus musculus,10090
ENSMUSG00000106864,Gtf3c2,,Mus musculus,10090
ENSMUSG00000106918,Mrpl33,,Mus musculus,10090
ENSMUSG00000107002,0610012G03Rik,,Mus musculus,10090
ENSMUSG00000107043,Gm42849,,Mus musculus,10090
ENSMUSG00000107121,1110006O24Rik,,Mus musculus,10090
ENSMUSG00000107283,Mpv17,,Mus musculus,10090
ENSMUSG00000107295,Gm42896,,Mus musculus,10090
ENSMUSG00000107874,Prpmp5,,Mus musculus,10090
ENSMUSG00000107948,AA545190,,Mus musculus,10090
ENSMUSG00000108043,Zim3,,Mus musculus,10090
ENSMUSG00000108052,Gm8479,,Mus musculus,10090
ENSMUSG00000108072,Gm20362,,Mus musculus,10090
ENSMUSG00000108124,Gm44146,,Mus musculus,10090
ENSMUSG00000108255,Gm16499,,Mus musculus,10090
ENSMUSG00000108391,Gm9768,,Mus musculus,10090
ENSMUSG00000108414,Snhg1,,Mus musculus,10090
ENSMUSG00000108551,Gm20274,,Mus musculus,10090
ENSMUSG00000108558,Psg-ps1,,Mus musculus,10090
ENSMUSG00000108773,Gm44506,,Mus musculus,10090
ENSMUSG00000108803,4930533N22Rik,,Mus musculus,10090
ENSMUSG00000109176,Zfp264,,Mus musculus,10090
ENSMUSG00000109198,D7Bwg0826e,,Mus musculus,10090
ENSMUSG00000109231,Gm45737,,Mus musculus,10090
ENSMUSG00000109324,Prmt1,,Mus musculus,10090
ENSMUSG00000109336,Samd4b,,Mus musculus,10090
ENSMUSG00000109511,Nup62,,Mus musculus,10090
ENSMUSG00000109644,0610005C13Rik,,Mus musculus,10090
ENSMUSG00000109865,Hspa14,,Mus musculus,10090
ENSMUSG00000109879,Gm10997,,Mus musculus,10090
ENSMUSG00000109901,Chmp1b,,Mus musculus,10090
ENSMUSG00000110001,C86187,,Mus musculus,10090
ENSMUSG00000110061,Gm45337,,Mus musculus,10090
ENSMUSG00000110259,Olfr65,,Mus musculus,10090
ENSMUSG00000110710,C78859,,Mus musculus,10090
ENSMUSG00000110759,Gm6607,,Mus musculus,10090
ENSMUSG00000110761,Gm29761,,Mus musculus,10090
ENSMUSG00000110970,Olfr156,,Mus musculus,10090
ENSMUSG00000111128,Gm49338,,Mus musculus,10090
ENSMUSG00000111180,Gm39348,,Mus musculus,10090
ENSMUSG00000111348,Gm19531,,Mus musculus,10090
ENSMUSG00000111611,Olfr157,,Mus musculus,10090
ENSMUSG00000112129,Pbld1,,Mus musculus,10090
ENSMUSG00000112222,Tyms-ps,,Mus musculus,10090
ENSMUSG00000112478,Gm47761,,Mus musculus,10090
ENSMUSG00000112907,Gm47015,,Mus musculus,10090
ENSMUSG00000113275,Tubb2a-ps2,,Mus musculus,10090
ENSMUSG00000113880,A030005L19Rik,,Mus musculus,10090
ENSMUSG00000113902,Ndufb1-ps,,Mus musculus,10090
ENSMUSG00000114302,Gm48683,,Mus musculus,10090
ENSMUSG00000114401,Gm38604,,Mus musculus,10090
ENSMUSG00000114622,Gm18990,,Mus musculus,10090
ENSMUSG00000114755,Galr3,,Mus musculus,10090
ENSMUSG00000114797,Gm49336,,Mus musculus,10090
ENSMUSG00000114982,Vmn1r14,,Mus musculus,10090
ENSMUSG00000115199,Vmn1r15,,Mus musculus,10090
ENSMUSG00000115219,Eef1akmt4,,Mus musculus,10090
ENSMUSG00000115236,Vmn1r11,,Mus musculus,10090
ENSMUSG00000115252,Gm48996,,Mus musculus,10090
ENSMUSG00000115338,Pnp,,Mus musculus,10090
ENSMUSG00000115367,Gm33301,,Mus musculus,10090
ENSMUSG00000115388,Eppk1,,Mus musculus,10090
ENSMUSG00000115568,Tiaf2,,Mus musculus,10090
ENSMUSG00000115592,Mcpt-ps1,,Mus musculus,10090
ENSMUSG00000115668,Vmn1r25,,Mus musculus,10090
ENSMUSG00000115681,Gm2682,,Mus musculus,10090
ENSMUSG00000115987,Vps28,,Mus musculus,10090
ENSMUSG00000116138,C030006K11Rik,,Mus musculus,10090
ENSMUSG00000116210,Spn-ps,,Mus musculus,10090
ENSMUSG00000116564,Riok2,,Mus musculus,10090
ENSMUSG00000116627,Gm30124,,Mus musculus,10090
ENSMUSG00000116656,Gm49708,,Mus musculus,10090
ENSMUSG00000116858,Gm49797,,Mus musculus,10090
ENSMUSG00000117239,Gpr31c,,Mus musculus,10090
ENSMUSG00000117269,Gm9706,,Mus musculus,10090
ENSMUSG00000117406,Ntn3,,Mus musculus,10090
ENSMUSG00000117477,Gm50092,,Mus musculus,10090
ENSMUSG00000117679,Apbb3,,Mus musculus,10090
ENSMUSG00000117710,Gm10817,,Mus musculus,10090
ENSMUSG00000117974,Tuba-rs1,,Mus musculus,10090
ENSMUSG00000118346,Tmem179b,,Mus musculus,10090
ENSMUSG00000118396,Iqcf2,,Mus musculus,10090
ENSMUSG00000000134,Tfe3,,Mus musculus,10090
ENSMUSG00000000167,Pih1d2,,Mus musculus,10090
ENSMUSG00000000194,Gpr107,,Mus musculus,10090
ENSMUSG00000000197,Nalcn,,Mus musculus,10090
ENSMUSG00000000223,Drp2,,Mus musculus,10090
ENSMUSG00000000416,Cttnbp2,,Mus musculus,10090
ENSMUSG00000000562,Adora3,,Mus musculus,10090
ENSMUSG00000000686,Abhd15,,Mus musculus,10090
ENSMUSG00000000711,Rab5b,,Mus musculus,10090
ENSMUSG00000000804,Usp32,,Mus musculus,10090
ENSMUSG00000000823,Zfp512b,,Mus musculus,10090
ENSMUSG00000001143,Lman2l,,Mus musculus,10090
ENSMUSG00000001151,Pcnt,,Mus musculus,10090
ENSMUSG00000001173,Ocrl,,Mus musculus,10090
ENSMUSG00000001229,Dpp9,,Mus musculus,10090
ENSMUSG00000001334,Fndc5,,Mus musculus,10090
ENSMUSG00000001520,Nrip2,,Mus musculus,10090
ENSMUSG00000001588,Acap1,,Mus musculus,10090
ENSMUSG00000001630,Stk38l,,Mus musculus,10090
ENSMUSG00000001761,Smo,,Mus musculus,10090
ENSMUSG00000001786,Fbxo7,,Mus musculus,10090
ENSMUSG00000001802,Lrp3,,Mus musculus,10090
ENSMUSG00000001855,Nup214,,Mus musculus,10090
ENSMUSG00000001998,Ap4e1,,Mus musculus,10090
ENSMUSG00000002006,Pdzd4,,Mus musculus,10090
ENSMUSG00000002032,Tmem25,,Mus musculus,10090
ENSMUSG00000002076,Hsf2bp,,Mus musculus,10090
ENSMUSG00000002210,Smg9,,Mus musculus,10090
ENSMUSG00000002228,Ppm1j,,Mus musculus,10090
ENSMUSG00000002240,Prr27,,Mus musculus,10090
ENSMUSG00000002257,Def6,,Mus musculus,10090
ENSMUSG00000002320,Tm9sf1,,Mus musculus,10090
ENSMUSG00000002345,Borcs8,,Mus musculus,10090
ENSMUSG00000002486,Tchp,,Mus musculus,10090
ENSMUSG00000002661,Alkbh7,,Mus musculus,10090
ENSMUSG00000002668,Dennd1c,,Mus musculus,10090
ENSMUSG00000002803,Btbd6,,Mus musculus,10090
ENSMUSG00000002910,Arrdc2,,Mus musculus,10090
ENSMUSG00000002997,Prkar2b,,Mus musculus,10090
ENSMUSG00000003135,Cnot11,,Mus musculus,10090
ENSMUSG00000003190,Bcl2l12,,Mus musculus,10090
ENSMUSG00000003208,Yju2,,Mus musculus,10090
ENSMUSG00000003228,Grk5,,Mus musculus,10090
ENSMUSG00000003279,Dlgap1,,Mus musculus,10090
ENSMUSG00000003348,Mob3a,,Mus musculus,10090
ENSMUSG00000003360,Ddx23,,Mus musculus,10090
ENSMUSG00000003418,St8sia6,,Mus musculus,10090
ENSMUSG00000003469,Phyhip,,Mus musculus,10090
ENSMUSG00000003528,Slc25a1,,Mus musculus,10090
ENSMUSG00000003575,Crtc1,,Mus musculus,10090
ENSMUSG00000003581,Rnf215,,Mus musculus,10090
ENSMUSG00000003604,Aven,,Mus musculus,10090
ENSMUSG00000003660,Snrnp200,,Mus musculus,10090
ENSMUSG00000003752,Itpkc,,Mus musculus,10090
ENSMUSG00000003808,Farsa,,Mus musculus,10090
ENSMUSG00000003812,Dnase2a,,Mus musculus,10090
ENSMUSG00000003848,Nob1,,Mus musculus,10090
ENSMUSG00000003863,Ppfia3,,Mus musculus,10090
ENSMUSG00000003974,Grm3,,Mus musculus,10090
ENSMUSG00000004031,Brinp2,,Mus musculus,10090
ENSMUSG00000004233,Wars2,,Mus musculus,10090
ENSMUSG00000004360,9330159F19Rik,,Mus musculus,10090
ENSMUSG00000004462,Tbccd1,,Mus musculus,10090
ENSMUSG00000004500,Zfp324,,Mus musculus,10090
ENSMUSG00000004591,Pkn2,,Mus musculus,10090
ENSMUSG00000004642,Slbp,,Mus musculus,10090
ENSMUSG00000004668,Abca13,,Mus musculus,10090
ENSMUSG00000004837,Grap,,Mus musculus,10090
ENSMUSG00000004843,Chmp2b,,Mus musculus,10090
ENSMUSG00000004902,Slc25a18,,Mus musculus,10090
ENSMUSG00000004939,Nmrk2,,Mus musculus,10090
ENSMUSG00000005045,Chd5,,Mus musculus,10090
ENSMUSG00000005131,4930550C14Rik,,Mus musculus,10090
ENSMUSG00000005225,Plekha8,,Mus musculus,10090
ENSMUSG00000005237,Dnah2,,Mus musculus,10090
ENSMUSG00000005501,Usp40,,Mus musculus,10090
ENSMUSG00000005621,Zfp592,,Mus musculus,10090
ENSMUSG00000005907,Pex1,,Mus musculus,10090
ENSMUSG00000005917,Otx1,,Mus musculus,10090
ENSMUSG00000005951,Shpk,,Mus musculus,10090
ENSMUSG00000005952,Trpv1,,Mus musculus,10090
ENSMUSG00000005983,1700037C18Rik,,Mus musculus,10090
ENSMUSG00000005986,Ankrd13d,,Mus musculus,10090
ENSMUSG00000006019,Dhx34,,Mus musculus,10090
ENSMUSG00000006057,Atp5g1,,Mus musculus,10090
ENSMUSG00000006143,Upk3bl,,Mus musculus,10090
ENSMUSG00000006204,Cdcp3,,Mus musculus,10090
ENSMUSG00000006218,Fam131c,,Mus musculus,10090
ENSMUSG00000006307,Kmt2b,,Mus musculus,10090
ENSMUSG00000006463,Zdhhc24,,Mus musculus,10090
ENSMUSG00000006464,Bbs1,,Mus musculus,10090
ENSMUSG00000006469,Slc34a3,,Mus musculus,10090
ENSMUSG00000006471,Ndor1,,Mus musculus,10090
ENSMUSG00000006542,Prkag3,,Mus musculus,10090
ENSMUSG00000006675,P4htm,,Mus musculus,10090
ENSMUSG00000006711,D130043K22Rik,,Mus musculus,10090
ENSMUSG00000006720,Zfp184,,Mus musculus,10090
ENSMUSG00000006764,Tph2,,Mus musculus,10090
ENSMUSG00000006784,Ttc25,,Mus musculus,10090
ENSMUSG00000006998,Psmd2,,Mus musculus,10090
ENSMUSG00000007107,Atp1a4,,Mus musculus,10090
ENSMUSG00000007216,Zfp775,,Mus musculus,10090
ENSMUSG00000007379,Dennd2c,,Mus musculus,10090
ENSMUSG00000007591,Tssk4,,Mus musculus,10090
ENSMUSG00000007594,Hapln4,,Mus musculus,10090
ENSMUSG00000007670,Khsrp,,Mus musculus,10090
ENSMUSG00000007721,Ccdc124,,Mus musculus,10090
ENSMUSG00000007783,Cpt1c,,Mus musculus,10090
ENSMUSG00000007812,Zfp655,,Mus musculus,10090
ENSMUSG00000007836,Hnrnpa0,,Mus musculus,10090
ENSMUSG00000007867,Ift43,,Mus musculus,10090
ENSMUSG00000007907,Cabs1,,Mus musculus,10090
ENSMUSG00000007908,Hmgcll1,,Mus musculus,10090
ENSMUSG00000007944,Ttc9b,,Mus musculus,10090
ENSMUSG00000008028,1700008O03Rik,,Mus musculus,10090
ENSMUSG00000008129,4930432K21Rik,,Mus musculus,10090
ENSMUSG00000008307,1700109H08Rik,,Mus musculus,10090
ENSMUSG00000008450,Nutf2,,Mus musculus,10090
ENSMUSG00000008683,Rps15a,,Mus musculus,10090
ENSMUSG00000008932,Slc1a7,,Mus musculus,10090
ENSMUSG00000009070,Rsph14,,Mus musculus,10090
ENSMUSG00000009093,Gstt4,,Mus musculus,10090
ENSMUSG00000009114,2610028H24Rik,,Mus musculus,10090
ENSMUSG00000009115,Spatc1l,,Mus musculus,10090
ENSMUSG00000009207,Lnpk,,Mus musculus,10090
ENSMUSG00000009210,Prr29,,Mus musculus,10090
ENSMUSG00000009216,Fam163b,,Mus musculus,10090
ENSMUSG00000009292,Trpm2,,Mus musculus,10090
ENSMUSG00000009378,Slc16a12,,Mus musculus,10090
ENSMUSG00000009418,Nav1,,Mus musculus,10090
ENSMUSG00000009551,6330409D20Rik,,Mus musculus,10090
ENSMUSG00000009580,Odam,,Mus musculus,10090
ENSMUSG00000009647,Mcu,,Mus musculus,10090
ENSMUSG00000009734,Pou6f2,,Mus musculus,10090
ENSMUSG00000009772,Nuak2,,Mus musculus,10090
ENSMUSG00000009905,Kdsr,,Mus musculus,10090
ENSMUSG00000010136,Pifo,,Mus musculus,10090
ENSMUSG00000010307,Tmem86a,,Mus musculus,10090
ENSMUSG00000010435,Spaca7,,Mus musculus,10090
ENSMUSG00000010453,Kansl3,,Mus musculus,10090
ENSMUSG00000010529,Gm266,,Mus musculus,10090
ENSMUSG00000010538,Tsacc,,Mus musculus,10090
ENSMUSG00000010554,Mettl16,,Mus musculus,10090
ENSMUSG00000010601,Apol7a,,Mus musculus,10090
ENSMUSG00000010841,Cfap97d1,,Mus musculus,10090
ENSMUSG00000010914,Pdhx,,Mus musculus,10090
ENSMUSG00000011096,Akt1s1,,Mus musculus,10090
ENSMUSG00000011118,Panx3,,Mus musculus,10090
ENSMUSG00000011154,Cfap161,,Mus musculus,10090
ENSMUSG00000011158,Brf1,,Mus musculus,10090
ENSMUSG00000011254,Thg1l,,Mus musculus,10090
ENSMUSG00000011263,Exoc3l2,,Mus musculus,10090
ENSMUSG00000011349,Dmrtc2,,Mus musculus,10090
ENSMUSG00000011382,Dhdh,,Mus musculus,10090
ENSMUSG00000011486,Slc25a41,,Mus musculus,10090
ENSMUSG00000011589,Fsd1,,Mus musculus,10090
ENSMUSG00000011658,Fuz,,Mus musculus,10090
ENSMUSG00000011832,Evi5l,,Mus musculus,10090
ENSMUSG00000012017,Scarf2,,Mus musculus,10090
ENSMUSG00000012042,4930579F01Rik,,Mus musculus,10090
ENSMUSG00000012076,Brms1l,,Mus musculus,10090
ENSMUSG00000012123,Crybg2,,Mus musculus,10090
ENSMUSG00000012211,Tex22,,Mus musculus,10090
ENSMUSG00000012519,Mlkl,,Mus musculus,10090
ENSMUSG00000012609,Ttll5,,Mus musculus,10090
ENSMUSG00000012640,Zfp715,,Mus musculus,10090
ENSMUSG00000013076,Amotl1,,Mus musculus,10090
ENSMUSG00000013083,2200002J24Rik,,Mus musculus,10090
ENSMUSG00000013089,Etv5,,Mus musculus,10090
ENSMUSG00000013091,Tmem190,,Mus musculus,10090
ENSMUSG00000013158,4933405L10Rik,,Mus musculus,10090
ENSMUSG00000013338,Fer1l4,,Mus musculus,10090
ENSMUSG00000013353,4931406B18Rik,,Mus musculus,10090
ENSMUSG00000013367,Iglon5,,Mus musculus,10090
ENSMUSG00000013523,Bcas1,,Mus musculus,10090
ENSMUSG00000013562,4833413E03Rik,,Mus musculus,10090
ENSMUSG00000013611,Snx31,,Mus musculus,10090
ENSMUSG00000013668,4933402N03Rik,,Mus musculus,10090
ENSMUSG00000013707,Tnfaip8l2,,Mus musculus,10090
ENSMUSG00000013766,Ly6g6e,,Mus musculus,10090
ENSMUSG00000013878,Rnf170,,Mus musculus,10090
ENSMUSG00000013921,Clip3,,Mus musculus,10090
ENSMUSG00000013974,Mcemp1,,Mus musculus,10090
ENSMUSG00000014039,Prdm15,,Mus musculus,10090
ENSMUSG00000014074,Rnf168,,Mus musculus,10090
ENSMUSG00000014075,Tctex1d2,,Mus musculus,10090
ENSMUSG00000014177,Tvp23b,,Mus musculus,10090
ENSMUSG00000014198,Zfp385c,,Mus musculus,10090
ENSMUSG00000014353,Tmem87b,,Mus musculus,10090
ENSMUSG00000014418,Hps5,,Mus musculus,10090
ENSMUSG00000014444,Piezo1,,Mus musculus,10090
ENSMUSG00000014498,Ankrd52,,Mus musculus,10090
ENSMUSG00000014529,Tmbim7,,Mus musculus,10090
ENSMUSG00000014550,Rbsn,,Mus musculus,10090
ENSMUSG00000014592,Camta1,,Mus musculus,10090
ENSMUSG00000014601,Strip1,,Mus musculus,10090
ENSMUSG00000014778,Fhod1,,Mus musculus,10090
ENSMUSG00000014782,Plekhg4,,Mus musculus,10090
ENSMUSG00000014786,Slc9a5,,Mus musculus,10090
ENSMUSG00000014837,4931428F04Rik,,Mus musculus,10090
ENSMUSG00000015120,Ube2i,,Mus musculus,10090
ENSMUSG00000015127,Unkl,,Mus musculus,10090
ENSMUSG00000015202,Cnksr3,,Mus musculus,10090
ENSMUSG00000015242,Nipsnap3a,,Mus musculus,10090
ENSMUSG00000015377,Dennd6b,,Mus musculus,10090
ENSMUSG00000015484,Fam163a,,Mus musculus,10090
ENSMUSG00000015599,Ttbk1,,Mus musculus,10090
ENSMUSG00000015653,Steap2,,Mus musculus,10090
ENSMUSG00000015829,Tnr,,Mus musculus,10090
ENSMUSG00000015879,Fam184b,,Mus musculus,10090
ENSMUSG00000015962,1700016C15Rik,,Mus musculus,10090
ENSMUSG00000015980,Lrrc27,,Mus musculus,10090
ENSMUSG00000016200,Syt14,,Mus musculus,10090
ENSMUSG00000016239,Lonrf3,,Mus musculus,10090
ENSMUSG00000016262,Sertad4,,Mus musculus,10090
ENSMUSG00000016386,Mpped2,,Mus musculus,10090
ENSMUSG00000016487,Ppfibp1,,Mus musculus,10090
ENSMUSG00000016510,Mtif3,,Mus musculus,10090
ENSMUSG00000016552,Foxred2,,Mus musculus,10090
ENSMUSG00000016624,Phf21b,,Mus musculus,10090
ENSMUSG00000016626,Nlrp14,,Mus musculus,10090
ENSMUSG00000016757,Ttll12,,Mus musculus,10090
ENSMUSG00000016918,Sulf1,,Mus musculus,10090
ENSMUSG00000016933,Plcg1,,Mus musculus,10090
ENSMUSG00000016942,Tmprss6,,Mus musculus,10090
ENSMUSG00000016982,Pom121l2,,Mus musculus,10090
ENSMUSG00000017195,Zpbp2,,Mus musculus,10090
ENSMUSG00000017211,Gsdma2,,Mus musculus,10090
ENSMUSG00000017309,Cd300lg,,Mus musculus,10090
ENSMUSG00000017310,Spint4,,Mus musculus,10090
ENSMUSG00000017418,Arl5b,,Mus musculus,10090
ENSMUSG00000017550,Atad5,,Mus musculus,10090
ENSMUSG00000017607,Tns4,,Mus musculus,10090
ENSMUSG00000017639,Rab11fip4,,Mus musculus,10090
ENSMUSG00000017679,Ttpal,,Mus musculus,10090
ENSMUSG00000017720,Trp53tg5,,Mus musculus,10090
ENSMUSG00000017734,Dbndd2,,Mus musculus,10090
ENSMUSG00000017767,Spata25,,Mus musculus,10090
ENSMUSG00000017832,Hspb9,,Mus musculus,10090
ENSMUSG00000017858,Ift52,,Mus musculus,10090
ENSMUSG00000018008,Cyth4,,Mus musculus,10090
ENSMUSG00000018040,Rrp7a,,Mus musculus,10090
ENSMUSG00000018068,Ints2,,Mus musculus,10090
ENSMUSG00000018076,Med13l,,Mus musculus,10090
ENSMUSG00000018168,Ikzf3,,Mus musculus,10090
ENSMUSG00000018363,Smurf2,,Mus musculus,10090
ENSMUSG00000018372,Cep95,,Mus musculus,10090
ENSMUSG00000018377,Vezf1,,Mus musculus,10090
ENSMUSG00000018381,Abi3,,Mus musculus,10090
ENSMUSG00000018427,Ypel2,,Mus musculus,10090
ENSMUSG00000018449,Rpain,,Mus musculus,10090
ENSMUSG00000018474,Chd3,,Mus musculus,10090
ENSMUSG00000018476,Kdm6b,,Mus musculus,10090
ENSMUSG00000018479,1700125H20Rik,,Mus musculus,10090
ENSMUSG00000018541,Cwc25,,Mus musculus,10090
ENSMUSG00000018543,1700001P01Rik,,Mus musculus,10090
ENSMUSG00000018547,Pip4k2b,,Mus musculus,10090
ENSMUSG00000018570,2810408A11Rik,,Mus musculus,10090
ENSMUSG00000018589,Glra2,,Mus musculus,10090
ENSMUSG00000018599,Mief2,,Mus musculus,10090
ENSMUSG00000018750,Zbtb4,,Mus musculus,10090
ENSMUSG00000018800,Abca5,,Mus musculus,10090
ENSMUSG00000018809,Smyd4,,Mus musculus,10090
ENSMUSG00000018844,Fndc8,,Mus musculus,10090
ENSMUSG00000018845,Unc45b,,Mus musculus,10090
ENSMUSG00000018862,Otop3,,Mus musculus,10090
ENSMUSG00000018868,Pnpla5,,Mus musculus,10090
ENSMUSG00000018983,E2f2,,Mus musculus,10090
ENSMUSG00000018995,Nars2,,Mus musculus,10090
ENSMUSG00000019124,Scrn1,,Mus musculus,10090
ENSMUSG00000019232,Etnppl,,Mus musculus,10090
ENSMUSG00000019338,Zfp687,,Mus musculus,10090
ENSMUSG00000019732,Calr3,,Mus musculus,10090
ENSMUSG00000019756,Prl8a1,,Mus musculus,10090
ENSMUSG00000019773,Fbxo5,,Mus musculus,10090
ENSMUSG00000019774,Mtrf1l,,Mus musculus,10090
ENSMUSG00000019782,Rwdd1,,Mus musculus,10090
ENSMUSG00000019785,Clvs2,,Mus musculus,10090
ENSMUSG00000019790,Stxbp5,,Mus musculus,10090
ENSMUSG00000019792,Trmt11,,Mus musculus,10090
ENSMUSG00000019796,Lrp11,,Mus musculus,10090
ENSMUSG00000019803,Nr2e1,,Mus musculus,10090
ENSMUSG00000019815,Zc2hc1b,,Mus musculus,10090
ENSMUSG00000019826,Zbtb24,,Mus musculus,10090
ENSMUSG00000019834,Slc22a16,,Mus musculus,10090
ENSMUSG00000019838,Slc16a10,,Mus musculus,10090
ENSMUSG00000019845,Tube1,,Mus musculus,10090
ENSMUSG00000019850,Tnfaip3,,Mus musculus,10090
ENSMUSG00000019852,Arfgef3,,Mus musculus,10090
ENSMUSG00000019856,Fam184a,,Mus musculus,10090
ENSMUSG00000019867,Gje1,,Mus musculus,10090
ENSMUSG00000019880,Rspo3,,Mus musculus,10090
ENSMUSG00000019906,Lin7a,,Mus musculus,10090
ENSMUSG00000019907,Ppp1r12a,,Mus musculus,10090
ENSMUSG00000019909,Fam162b,,Mus musculus,10090
ENSMUSG00000019933,Mrln,,Mus musculus,10090
ENSMUSG00000019943,Atp2b1,,Mus musculus,10090
ENSMUSG00000019944,Rhobtb1,,Mus musculus,10090
ENSMUSG00000019945,Cabcoco1,,Mus musculus,10090
ENSMUSG00000019952,Poc1b,,Mus musculus,10090
ENSMUSG00000020007,Il20ra,,Mus musculus,10090
ENSMUSG00000020014,Cfap54,,Mus musculus,10090
ENSMUSG00000020015,Cdk17,,Mus musculus,10090
ENSMUSG00000020020,Usp44,,Mus musculus,10090
ENSMUSG00000020024,Cep83,,Mus musculus,10090
ENSMUSG00000020032,Nuak1,,Mus musculus,10090
ENSMUSG00000020033,4930463O16Rik,,Mus musculus,10090
ENSMUSG00000020034,Tcp11l2,,Mus musculus,10090
ENSMUSG00000020037,Rfx4,,Mus musculus,10090
ENSMUSG00000020042,Btbd11,,Mus musculus,10090
ENSMUSG00000020061,Mybpc1,,Mus musculus,10090
ENSMUSG00000020067,Mypn,,Mus musculus,10090
ENSMUSG00000020074,Ccar1,,Mus musculus,10090
ENSMUSG00000020085,Aifm2,,Mus musculus,10090
ENSMUSG00000020105,Lrig3,,Mus musculus,10090
ENSMUSG00000020164,Kcnmb4os1,,Mus musculus,10090
ENSMUSG00000020170,Frs2,,Mus musculus,10090
ENSMUSG00000020173,Cobl,,Mus musculus,10090
ENSMUSG00000020175,Rab36,,Mus musculus,10090
ENSMUSG00000020177,9530003J23Rik,,Mus musculus,10090
ENSMUSG00000020181,Nav3,,Mus musculus,10090
ENSMUSG00000020183,Cpm,,Mus musculus,10090
ENSMUSG00000020185,E2f7,,Mus musculus,10090
ENSMUSG00000020189,Osbpl8,,Mus musculus,10090
ENSMUSG00000020191,Spata48,,Mus musculus,10090
ENSMUSG00000020196,Cabin1,,Mus musculus,10090
ENSMUSG00000020213,Glipr1l1,,Mus musculus,10090
ENSMUSG00000020216,Jsrp1,,Mus musculus,10090
ENSMUSG00000020220,Vps13d,,Mus musculus,10090
ENSMUSG00000020227,Irak3,,Mus musculus,10090
ENSMUSG00000020231,Dip2a,,Mus musculus,10090
ENSMUSG00000020234,4930404N11Rik,,Mus musculus,10090
ENSMUSG00000020246,Hcfc2,,Mus musculus,10090
ENSMUSG00000020251,Glt8d2,,Mus musculus,10090
ENSMUSG00000020256,Aldh1l2,,Mus musculus,10090
ENSMUSG00000020261,Slc36a1,,Mus musculus,10090
ENSMUSG00000020264,Slc36a2,,Mus musculus,10090
ENSMUSG00000020268,Lyrm7,,Mus musculus,10090
ENSMUSG00000020270,Smim23,,Mus musculus,10090
ENSMUSG00000020312,Shc2,,Mus musculus,10090
ENSMUSG00000020332,Meikin,,Mus musculus,10090
ENSMUSG00000020372,Rack1,,Mus musculus,10090
ENSMUSG00000020374,Rasgef1c,,Mus musculus,10090
ENSMUSG00000020387,Jade2,,Mus musculus,10090
ENSMUSG00000020389,Cdkl3,,Mus musculus,10090
ENSMUSG00000020401,Fam71b,,Mus musculus,10090
ENSMUSG00000020411,Nipal4,,Mus musculus,10090
ENSMUSG00000020419,Hormad2,,Mus musculus,10090
ENSMUSG00000020422,Tns3,,Mus musculus,10090
ENSMUSG00000020424,Castor1,,Mus musculus,10090
ENSMUSG00000020431,Adcy1,,Mus musculus,10090
ENSMUSG00000020435,Osbp2,,Mus musculus,10090
ENSMUSG00000020447,Npc1l1,,Mus musculus,10090
ENSMUSG00000020461,Clhc1,,Mus musculus,10090
ENSMUSG00000020472,Zkscan17,,Mus musculus,10090
ENSMUSG00000020491,2810021J22Rik,,Mus musculus,10090
ENSMUSG00000020493,Prr11,,Mus musculus,10090
ENSMUSG00000020532,Acaca,,Mus musculus,10090
ENSMUSG00000020544,Cox11,,Mus musculus,10090
ENSMUSG00000020545,Lrrc72,,Mus musculus,10090
ENSMUSG00000020548,1700086D15Rik,,Mus musculus,10090
ENSMUSG00000020561,Twistnb,,Mus musculus,10090
ENSMUSG00000020562,Efcab10,,Mus musculus,10090
ENSMUSG00000020576,Nbas,,Mus musculus,10090
ENSMUSG00000020589,Fam49a,,Mus musculus,10090
ENSMUSG00000020590,Snx13,,Mus musculus,10090
ENSMUSG00000020600,Slc7a15,,Mus musculus,10090
ENSMUSG00000020614,Fam20a,,Mus musculus,10090
ENSMUSG00000020617,1700012B07Rik,,Mus musculus,10090
ENSMUSG00000020624,4933434M16Rik,,Mus musculus,10090
ENSMUSG00000020627,Klhl29,,Mus musculus,10090
ENSMUSG00000020633,Dcdc2c,,Mus musculus,10090
ENSMUSG00000020639,Pfn4,,Mus musculus,10090
ENSMUSG00000020648,Dus4l,,Mus musculus,10090
ENSMUSG00000020653,Klf11,,Mus musculus,10090
ENSMUSG00000020658,Efr3b,,Mus musculus,10090
ENSMUSG00000020674,Pxdn,,Mus musculus,10090
ENSMUSG00000020680,Taf15,,Mus musculus,10090
ENSMUSG00000020684,Rasl10b,,Mus musculus,10090
ENSMUSG00000020686,Gas2l2,,Mus musculus,10090
ENSMUSG00000020691,Mettl2,,Mus musculus,10090
ENSMUSG00000020701,Tmem132e,,Mus musculus,10090
ENSMUSG00000020703,5530401A14Rik,,Mus musculus,10090
ENSMUSG00000020740,Gga3,,Mus musculus,10090
ENSMUSG00000020781,Tsen54,,Mus musculus,10090
ENSMUSG00000020798,Spns3,,Mus musculus,10090
ENSMUSG00000020805,Slc13a5,,Mus musculus,10090
ENSMUSG00000020806,Rhbdf2,,Mus musculus,10090
ENSMUSG00000020811,Wscd1,,Mus musculus,10090
ENSMUSG00000020812,Snhg16,,Mus musculus,10090
ENSMUSG00000020814,Mxra7,,Mus musculus,10090
ENSMUSG00000020818,Mfsd11,,Mus musculus,10090
ENSMUSG00000020834,Dhrs13,,Mus musculus,10090
ENSMUSG00000020847,Rph3al,,Mus musculus,10090
ENSMUSG00000020859,Spag9,,Mus musculus,10090
ENSMUSG00000020895,Tmem107,,Mus musculus,10090
ENSMUSG00000020899,Pfas,,Mus musculus,10090
ENSMUSG00000020900,Myh10,,Mus musculus,10090
ENSMUSG00000020901,Pik3r5,,Mus musculus,10090
ENSMUSG00000020904,Cfap52,,Mus musculus,10090
ENSMUSG00000020913,Krt24,,Mus musculus,10090
ENSMUSG00000020930,Ccdc103,,Mus musculus,10090
ENSMUSG00000020937,Plcd3,,Mus musculus,10090
ENSMUSG00000020945,Lyzl6,,Mus musculus,10090
ENSMUSG00000020948,Klhl28,,Mus musculus,10090
ENSMUSG00000020961,Ston2,,Mus musculus,10090
ENSMUSG00000020974,Pole2,,Mus musculus,10090
ENSMUSG00000020982,Nemf,,Mus musculus,10090
ENSMUSG00000020990,Cdkl1,,Mus musculus,10090
ENSMUSG00000020992,4930512B01Rik,,Mus musculus,10090
ENSMUSG00000021007,Spata7,,Mus musculus,10090
ENSMUSG00000021023,Prorp,,Mus musculus,10090
ENSMUSG00000021051,Ppp2r5e,,Mus musculus,10090
ENSMUSG00000021057,Akap5,,Mus musculus,10090
ENSMUSG00000021066,Atl1,,Mus musculus,10090
ENSMUSG00000021071,Trim9,,Mus musculus,10090
ENSMUSG00000021078,Tomm20l,,Mus musculus,10090
ENSMUSG00000021081,Serpina1f,,Mus musculus,10090
ENSMUSG00000021090,Lrrc9,,Mus musculus,10090
ENSMUSG00000021098,4930447C04Rik,,Mus musculus,10090
ENSMUSG00000021101,4930408O17Rik,,Mus musculus,10090
ENSMUSG00000021102,Glrx5,,Mus musculus,10090
ENSMUSG00000021113,Snapc1,,Mus musculus,10090
ENSMUSG00000021131,Erh,,Mus musculus,10090
ENSMUSG00000021147,Wdr37,,Mus musculus,10090
ENSMUSG00000021171,Esyt2,,Mus musculus,10090
ENSMUSG00000021176,Efcab11,,Mus musculus,10090
ENSMUSG00000021180,Rps6ka5,,Mus musculus,10090
ENSMUSG00000021189,Atxn3,,Mus musculus,10090
ENSMUSG00000021200,Asb2,,Mus musculus,10090
ENSMUSG00000021209,Ppp4r4,,Mus musculus,10090
ENSMUSG00000021217,Tshz3,,Mus musculus,10090
ENSMUSG00000021228,Acot3,,Mus musculus,10090
ENSMUSG00000021254,Gpatch2l,,Mus musculus,10090
ENSMUSG00000021260,Hhipl1,,Mus musculus,10090
ENSMUSG00000021271,Zfp839,,Mus musculus,10090
ENSMUSG00000021275,Tecpr2,,Mus musculus,10090
ENSMUSG00000021279,Cdc42bpb,,Mus musculus,10090
ENSMUSG00000021280,Exoc3l4,,Mus musculus,10090
ENSMUSG00000021285,Ppp1r13b,,Mus musculus,10090
ENSMUSG00000021287,Xrcc3,,Mus musculus,10090
ENSMUSG00000021294,Kif26a,,Mus musculus,10090
ENSMUSG00000021301,Hecw1,,Mus musculus,10090
ENSMUSG00000021311,Mtr,,Mus musculus,10090
ENSMUSG00000021347,Prl7b1,,Mus musculus,10090
ENSMUSG00000021357,Exoc2,,Mus musculus,10090
ENSMUSG00000021368,Tbc1d7,,Mus musculus,10090
ENSMUSG00000021371,Mcur1,,Mus musculus,10090
ENSMUSG00000021384,Susd3,,Mus musculus,10090
ENSMUSG00000021391,Cenpp,,Mus musculus,10090
ENSMUSG00000021392,Nol8,,Mus musculus,10090
ENSMUSG00000021411,Pxdc1,,Mus musculus,10090
ENSMUSG00000021414,Fam217a,,Mus musculus,10090
ENSMUSG00000021478,Drd1,,Mus musculus,10090
ENSMUSG00000021497,Txndc15,,Mus musculus,10090
ENSMUSG00000021499,Catsper3,,Mus musculus,10090
ENSMUSG00000021510,Zfp729a,,Mus musculus,10090
ENSMUSG00000021532,Fastkd3,,Mus musculus,10090
ENSMUSG00000021534,1700001L19Rik,,Mus musculus,10090
ENSMUSG00000021565,Slc6a19,,Mus musculus,10090
ENSMUSG00000021566,Slc6a19os,,Mus musculus,10090
ENSMUSG00000021572,Cep72,,Mus musculus,10090
ENSMUSG00000021573,Tppp,,Mus musculus,10090
ENSMUSG00000021589,Rhobtb3,,Mus musculus,10090
ENSMUSG00000021590,Spata9,,Mus musculus,10090
ENSMUSG00000021592,Arsk,,Mus musculus,10090
ENSMUSG00000021594,Srd5a1,,Mus musculus,10090
ENSMUSG00000021596,Mctp1,,Mus musculus,10090
ENSMUSG00000021600,8030423J24Rik,,Mus musculus,10090
ENSMUSG00000021680,Crhbp,,Mus musculus,10090
ENSMUSG00000021684,Pde8b,,Mus musculus,10090
ENSMUSG00000021697,Depdc1b,,Mus musculus,10090
ENSMUSG00000021703,Serinc5,,Mus musculus,10090
ENSMUSG00000021704,Mtx3,,Mus musculus,10090
ENSMUSG00000021713,Ppwd1,,Mus musculus,10090
ENSMUSG00000021719,Rgs7bp,,Mus musculus,10090
ENSMUSG00000021720,Rnf180,,Mus musculus,10090
ENSMUSG00000021747,4930452B06Rik,,Mus musculus,10090
ENSMUSG00000021750,Fam107a,,Mus musculus,10090
ENSMUSG00000021752,Kctd6,,Mus musculus,10090
ENSMUSG00000021767,Kat6b,,Mus musculus,10090
ENSMUSG00000021790,Dydc1,,Mus musculus,10090
ENSMUSG00000021791,Dydc2,,Mus musculus,10090
ENSMUSG00000021797,9230112D13Rik,,Mus musculus,10090
ENSMUSG00000021815,Mss51,,Mus musculus,10090
ENSMUSG00000021819,Zswim8,,Mus musculus,10090
ENSMUSG00000021840,Mapk1ip1l,,Mus musculus,10090
ENSMUSG00000021872,Rnase10,,Mus musculus,10090
ENSMUSG00000021874,4933413J09Rik,,Mus musculus,10090
ENSMUSG00000021879,Dnah12,,Mus musculus,10090
ENSMUSG00000021880,Rnase6,,Mus musculus,10090
ENSMUSG00000021890,Eaf1,,Mus musculus,10090
ENSMUSG00000021903,Galnt15,,Mus musculus,10090
ENSMUSG00000021904,Sema3g,,Mus musculus,10090
ENSMUSG00000021905,Dph3,,Mus musculus,10090
ENSMUSG00000021916,Glt8d1,,Mus musculus,10090
ENSMUSG00000021919,Chat,,Mus musculus,10090
ENSMUSG00000021932,Rnaseh2b,,Mus musculus,10090
ENSMUSG00000021945,Zmym2,,Mus musculus,10090
ENSMUSG00000021961,4930578I06Rik,,Mus musculus,10090
ENSMUSG00000021966,Prss52,,Mus musculus,10090
ENSMUSG00000021973,Micu2,,Mus musculus,10090
ENSMUSG00000021986,Amer2,,Mus musculus,10090
ENSMUSG00000021993,Mipep,,Mus musculus,10090
ENSMUSG00000021996,Esd,,Mus musculus,10090
ENSMUSG00000021997,Lrrc63,,Mus musculus,10090
ENSMUSG00000022000,Zc3h13,,Mus musculus,10090
ENSMUSG00000022002,Erich6b,,Mus musculus,10090
ENSMUSG00000022012,Enox1,,Mus musculus,10090
ENSMUSG00000022016,Akap11,,Mus musculus,10090
ENSMUSG00000022020,Naa16,,Mus musculus,10090
ENSMUSG00000022026,Olfm4,,Mus musculus,10090
ENSMUSG00000022034,Esco2,,Mus musculus,10090
ENSMUSG00000022070,Bora,,Mus musculus,10090
ENSMUSG00000022085,Pebp4,,Mus musculus,10090
ENSMUSG00000022095,Fam160b2,,Mus musculus,10090
ENSMUSG00000022112,Gpc5,,Mus musculus,10090
ENSMUSG00000022116,4930449E01Rik,,Mus musculus,10090
ENSMUSG00000022139,Mbnl2,,Mus musculus,10090
ENSMUSG00000022155,Mroh2b,,Mus musculus,10090
ENSMUSG00000022179,4931414P19Rik,,Mus musculus,10090
ENSMUSG00000022191,Drosha,,Mus musculus,10090
ENSMUSG00000022197,Pdzd2,,Mus musculus,10090
ENSMUSG00000022208,Jph4,,Mus musculus,10090
ENSMUSG00000022211,Carmil3,,Mus musculus,10090
ENSMUSG00000022223,Sdr39u1,,Mus musculus,10090
ENSMUSG00000022245,Skor1,,Mus musculus,10090
ENSMUSG00000022249,Ttc23l,,Mus musculus,10090
ENSMUSG00000022253,Nadk2,,Mus musculus,10090
ENSMUSG00000022269,March11,,Mus musculus,10090
ENSMUSG00000022288,4930447A16Rik,,Mus musculus,10090
ENSMUSG00000022299,Slc25a32,,Mus musculus,10090
ENSMUSG00000022303,Dcstamp,,Mus musculus,10090
ENSMUSG00000022305,Lrp12,,Mus musculus,10090
ENSMUSG00000022311,Csmd3,,Mus musculus,10090
ENSMUSG00000022313,Utp23,,Mus musculus,10090
ENSMUSG00000022315,Slc30a8,,Mus musculus,10090
ENSMUSG00000022325,Pop1,,Mus musculus,10090
ENSMUSG00000022335,Zfat,,Mus musculus,10090
ENSMUSG00000022340,Sybu,,Mus musculus,10090
ENSMUSG00000022342,Kcnv1,,Mus musculus,10090
ENSMUSG00000022350,Washc5,,Mus musculus,10090
ENSMUSG00000022359,Wdyhv1,,Mus musculus,10090
ENSMUSG00000022360,Atad2,,Mus musculus,10090
ENSMUSG00000022364,Tbc1d31,,Mus musculus,10090
ENSMUSG00000022386,Trmu,,Mus musculus,10090
ENSMUSG00000022390,Zc3h7b,,Mus musculus,10090
ENSMUSG00000022394,L3mbtl2,,Mus musculus,10090
ENSMUSG00000022401,Xpnpep3,,Mus musculus,10090
ENSMUSG00000022412,Mief1,,Mus musculus,10090
ENSMUSG00000022422,Dscc1,,Mus musculus,10090
ENSMUSG00000022441,Efcab6,,Mus musculus,10090
ENSMUSG00000022449,Adamts20,,Mus musculus,10090
ENSMUSG00000022455,Wbp2nl,,Mus musculus,10090
ENSMUSG00000022484,Hoxc10,,Mus musculus,10090
ENSMUSG00000022485,Hoxc5,,Mus musculus,10090
ENSMUSG00000022487,Gtsf1,,Mus musculus,10090
ENSMUSG00000022494,Shisa9,,Mus musculus,10090
ENSMUSG00000022507,1810013L24Rik,,Mus musculus,10090
ENSMUSG00000022517,Mgrn1,,Mus musculus,10090
ENSMUSG00000022518,4930562C15Rik,,Mus musculus,10090
ENSMUSG00000022519,Srl,,Mus musculus,10090
ENSMUSG00000022526,Zfp251,,Mus musculus,10090
ENSMUSG00000022529,Zfp263,,Mus musculus,10090
ENSMUSG00000022537,Tmem44,,Mus musculus,10090
ENSMUSG00000022542,Sept12,,Mus musculus,10090
ENSMUSG00000022543,4930451G09Rik,,Mus musculus,10090
ENSMUSG00000022550,Adck5,,Mus musculus,10090
ENSMUSG00000022574,Naprt,,Mus musculus,10090
ENSMUSG00000022575,Gsdmd,,Mus musculus,10090
ENSMUSG00000022579,Gpihbp1,,Mus musculus,10090
ENSMUSG00000022587,Ly6e,,Mus musculus,10090
ENSMUSG00000022595,Lypd2,,Mus musculus,10090
ENSMUSG00000022601,Zbtb11,,Mus musculus,10090
ENSMUSG00000022603,Mroh4,,Mus musculus,10090
ENSMUSG00000022604,Cep97,,Mus musculus,10090
ENSMUSG00000022614,Lmf2,,Mus musculus,10090
ENSMUSG00000022621,Rabl2,,Mus musculus,10090
ENSMUSG00000022635,Zcrb1,,Mus musculus,10090
ENSMUSG00000022637,Cblb,,Mus musculus,10090
ENSMUSG00000022639,Dubr,,Mus musculus,10090
ENSMUSG00000022698,Naa50,,Mus musculus,10090
ENSMUSG00000022738,Gsc2,,Mus musculus,10090
ENSMUSG00000022748,Cmss1,,Mus musculus,10090
ENSMUSG00000022753,Tmem30c,,Mus musculus,10090
ENSMUSG00000022759,Lrrc74b,,Mus musculus,10090
ENSMUSG00000022763,Aifm3,,Mus musculus,10090
ENSMUSG00000022768,Ccdc116,,Mus musculus,10090
ENSMUSG00000022772,Senp5,,Mus musculus,10090
ENSMUSG00000022787,Wdr53,,Mus musculus,10090
ENSMUSG00000022790,Igsf11,,Mus musculus,10090
ENSMUSG00000022792,Yars2,,Mus musculus,10090
ENSMUSG00000022798,Tex55,,Mus musculus,10090
ENSMUSG00000022801,Lrch3,,Mus musculus,10090
ENSMUSG00000022802,Lmln,,Mus musculus,10090
ENSMUSG00000022820,Ndufb4,,Mus musculus,10090
ENSMUSG00000022828,Gtf2e1,,Mus musculus,10090
ENSMUSG00000022833,Ccdc14,,Mus musculus,10090
ENSMUSG00000022837,Iqcb1,,Mus musculus,10090
ENSMUSG00000022840,Adcy5,,Mus musculus,10090
ENSMUSG00000022848,Slc49a4,,Mus musculus,10090
ENSMUSG00000022849,Hspbap1,,Mus musculus,10090
ENSMUSG00000022858,Tra2b,,Mus musculus,10090
ENSMUSG00000022911,Arl13b,,Mus musculus,10090
ENSMUSG00000022949,Clic6,,Mus musculus,10090
ENSMUSG00000022973,Synj1,,Mus musculus,10090
ENSMUSG00000022982,Sod1,,Mus musculus,10090
ENSMUSG00000022992,Kansl2,,Mus musculus,10090
ENSMUSG00000022993,4930415O20Rik,,Mus musculus,10090
ENSMUSG00000023011,Faim2,,Mus musculus,10090
ENSMUSG00000023017,Asic1,,Mus musculus,10090
ENSMUSG00000023025,Larp4,,Mus musculus,10090
ENSMUSG00000023036,Pcdhgc4,,Mus musculus,10090
ENSMUSG00000023055,Calcoco1,,Mus musculus,10090
ENSMUSG00000023084,Lrrc71,,Mus musculus,10090
ENSMUSG00000023118,Sympk,,Mus musculus,10090
ENSMUSG00000023143,Nagpa,,Mus musculus,10090
ENSMUSG00000023147,Wrb,,Mus musculus,10090
ENSMUSG00000023151,Lrrc69,,Mus musculus,10090
ENSMUSG00000023153,Tmem52,,Mus musculus,10090
ENSMUSG00000023192,Grm2,,Mus musculus,10090
ENSMUSG00000023210,Lcn9,,Mus musculus,10090
ENSMUSG00000023232,Serinc2,,Mus musculus,10090
ENSMUSG00000023345,Poc1a,,Mus musculus,10090
ENSMUSG00000023350,Phf8-ps,,Mus musculus,10090
ENSMUSG00000023387,Kcnk16,,Mus musculus,10090
ENSMUSG00000023795,Pisd-ps2,,Mus musculus,10090
ENSMUSG00000023806,Rsph3b,,Mus musculus,10090
ENSMUSG00000023809,Rps6ka2,,Mus musculus,10090
ENSMUSG00000023827,Agpat4,,Mus musculus,10090
ENSMUSG00000023845,Lnpep,,Mus musculus,10090
ENSMUSG00000023902,Zscan10,,Mus musculus,10090
ENSMUSG00000023912,Slc25a27,,Mus musculus,10090
ENSMUSG00000023918,Adgrf4,,Mus musculus,10090
ENSMUSG00000023923,Tbc1d5,,Mus musculus,10090
ENSMUSG00000023935,Spats1,,Mus musculus,10090
ENSMUSG00000023938,Aars2,,Mus musculus,10090
ENSMUSG00000023940,Sgo1,,Mus musculus,10090
ENSMUSG00000023959,Clic5,,Mus musculus,10090
ENSMUSG00000023965,Fbxl17,,Mus musculus,10090
ENSMUSG00000023991,Foxp4,,Mus musculus,10090
ENSMUSG00000023999,Kif6,,Mus musculus,10090
ENSMUSG00000024007,Ppil1,,Mus musculus,10090
ENSMUSG00000024008,Cpne5,,Mus musculus,10090
ENSMUSG00000024043,Arhgap28,,Mus musculus,10090
ENSMUSG00000024053,Emilin2,,Mus musculus,10090
ENSMUSG00000024054,Smchd1,,Mus musculus,10090
ENSMUSG00000024064,Galnt14,,Mus musculus,10090
ENSMUSG00000024088,4930583I09Rik,,Mus musculus,10090
ENSMUSG00000024105,Themis3,,Mus musculus,10090
ENSMUSG00000024109,Nrxn1,,Mus musculus,10090
ENSMUSG00000024118,Tedc2,,Mus musculus,10090
ENSMUSG00000024135,Srbd1,,Mus musculus,10090
ENSMUSG00000024155,Meiob,,Mus musculus,10090
ENSMUSG00000024165,Jpt2,,Mus musculus,10090
ENSMUSG00000024168,Tmem204,,Mus musculus,10090
ENSMUSG00000024172,St6gal2,,Mus musculus,10090
ENSMUSG00000024174,Pot1b,,Mus musculus,10090
ENSMUSG00000024175,Tekt4,,Mus musculus,10090
ENSMUSG00000024176,Sox8,,Mus musculus,10090
ENSMUSG00000024184,Pdia2,,Mus musculus,10090
ENSMUSG00000024187,Fam234a,,Mus musculus,10090
ENSMUSG00000024207,Acsbg2,,Mus musculus,10090
ENSMUSG00000024209,Acsbg3,,Mus musculus,10090
ENSMUSG00000024217,Snrpc,,Mus musculus,10090
ENSMUSG00000024220,Zfp523,,Mus musculus,10090
ENSMUSG00000024228,Nudt12,,Mus musculus,10090
ENSMUSG00000024234,Mtpap,,Mus musculus,10090
ENSMUSG00000024245,Tmem178,,Mus musculus,10090
ENSMUSG00000024246,Thumpd2,,Mus musculus,10090
ENSMUSG00000024251,Thada,,Mus musculus,10090
ENSMUSG00000024253,Dync2li1,,Mus musculus,10090
ENSMUSG00000024260,Sap130,,Mus musculus,10090
ENSMUSG00000024266,Adad2,,Mus musculus,10090
ENSMUSG00000024286,Ccny,,Mus musculus,10090
ENSMUSG00000024295,Cyp4f41-ps,,Mus musculus,10090
ENSMUSG00000024340,Btnl2,,Mus musculus,10090
ENSMUSG00000024347,Psd2,,Mus musculus,10090
ENSMUSG00000024352,Spata24,,Mus musculus,10090
ENSMUSG00000024384,Iws1,,Mus musculus,10090
ENSMUSG00000024426,Atat1,,Mus musculus,10090
ENSMUSG00000024472,Dcp2,,Mus musculus,10090
ENSMUSG00000024477,Pggt1b,,Mus musculus,10090
ENSMUSG00000024481,Lvrn,,Mus musculus,10090
ENSMUSG00000024485,Slc4a9,,Mus musculus,10090
ENSMUSG00000024491,Rbm27,,Mus musculus,10090
ENSMUSG00000024502,Jakmip2,,Mus musculus,10090
ENSMUSG00000024505,Dtwd2,,Mus musculus,10090
ENSMUSG00000024512,Dynap,,Mus musculus,10090
ENSMUSG00000024524,Gnal,,Mus musculus,10090
ENSMUSG00000024532,1700034E13Rik,,Mus musculus,10090
ENSMUSG00000024533,Spire1,,Mus musculus,10090
ENSMUSG00000024535,Snx24,,Mus musculus,10090
ENSMUSG00000024542,Cep192,,Mus musculus,10090
ENSMUSG00000024546,4930546C10Rik,,Mus musculus,10090
ENSMUSG00000024558,Mapk4,,Mus musculus,10090
ENSMUSG00000024570,Rbfa,,Mus musculus,10090
ENSMUSG00000024579,Pcyox1l,,Mus musculus,10090
ENSMUSG00000024592,C330018D20Rik,,Mus musculus,10090
ENSMUSG00000024593,Megf10,,Mus musculus,10090
ENSMUSG00000024614,Tmx3,,Mus musculus,10090
ENSMUSG00000024647,Cbln2,,Mus musculus,10090
ENSMUSG00000024666,Tmem138,,Mus musculus,10090
ENSMUSG00000024728,Ms4a19,,Mus musculus,10090
ENSMUSG00000024729,Ms4a20,,Mus musculus,10090
ENSMUSG00000024766,Lipo3,,Mus musculus,10090
ENSMUSG00000024769,Cdc42bpg,,Mus musculus,10090
ENSMUSG00000024770,Lipn,,Mus musculus,10090
ENSMUSG00000024771,Lipk,,Mus musculus,10090
ENSMUSG00000024786,Majin,,Mus musculus,10090
ENSMUSG00000024795,Kif20b,,Mus musculus,10090
ENSMUSG00000024797,Vps51,,Mus musculus,10090
ENSMUSG00000024805,Pcgf5,,Mus musculus,10090
ENSMUSG00000024806,Mlana,,Mus musculus,10090
ENSMUSG00000024817,Uhrf2,,Mus musculus,10090
ENSMUSG00000024829,Mrpl21,,Mus musculus,10090
ENSMUSG00000024841,Eif1ad,,Mus musculus,10090
ENSMUSG00000024897,Apba1,,Mus musculus,10090
ENSMUSG00000024926,Kat5,,Mus musculus,10090
ENSMUSG00000024958,Gpr137,,Mus musculus,10090
ENSMUSG00000024970,Spindoc,,Mus musculus,10090
ENSMUSG00000024973,Plaat5,,Mus musculus,10090
ENSMUSG00000024982,Zdhhc6,,Mus musculus,10090
ENSMUSG00000025038,Efhc2,,Mus musculus,10090
ENSMUSG00000025043,Dusp21,,Mus musculus,10090
ENSMUSG00000025047,Pdcd11,,Mus musculus,10090
ENSMUSG00000025049,Taf5,,Mus musculus,10090
ENSMUSG00000025058,5430427O19Rik,,Mus musculus,10090
ENSMUSG00000025069,Gsto2,,Mus musculus,10090
ENSMUSG00000025078,Nhlrc2,,Mus musculus,10090
ENSMUSG00000025082,Vwa2,,Mus musculus,10090
ENSMUSG00000025083,Afap1l2,,Mus musculus,10090
ENSMUSG00000025086,Trub1,,Mus musculus,10090
ENSMUSG00000025090,Ccdc172,,Mus musculus,10090
ENSMUSG00000025092,Hspa12a,,Mus musculus,10090
ENSMUSG00000025094,Slc18a2,,Mus musculus,10090
ENSMUSG00000025129,Ppp1r27,,Mus musculus,10090
ENSMUSG00000025141,Myadml2,,Mus musculus,10090
ENSMUSG00000025145,Lrrc45,,Mus musculus,10090
ENSMUSG00000025154,Arhgap19,,Mus musculus,10090
ENSMUSG00000025184,R3hcc1l,,Mus musculus,10090
ENSMUSG00000025209,Twnk,,Mus musculus,10090
ENSMUSG00000025227,Mfsd13a,,Mus musculus,10090
ENSMUSG00000025235,Bbs4,,Mus musculus,10090
ENSMUSG00000025262,Fam120c,,Mus musculus,10090
ENSMUSG00000025266,Gnl3l,,Mus musculus,10090
ENSMUSG00000025321,Itgb8,,Mus musculus,10090
ENSMUSG00000025366,Esyt1,,Mus musculus,10090
ENSMUSG00000025369,Smarcc2,,Mus musculus,10090
ENSMUSG00000025380,Fscn2,,Mus musculus,10090
ENSMUSG00000025384,Faap100,,Mus musculus,10090
ENSMUSG00000025401,Myo1a,,Mus musculus,10090
ENSMUSG00000025404,R3hdm2,,Mus musculus,10090
ENSMUSG00000025420,Katnal2,,Mus musculus,10090
ENSMUSG00000025421,Hdhd2,,Mus musculus,10090
ENSMUSG00000025427,Rnf165,,Mus musculus,10090
ENSMUSG00000025436,Atp23,,Mus musculus,10090
ENSMUSG00000025453,Nnt,,Mus musculus,10090
ENSMUSG00000025461,Cd163l1,,Mus musculus,10090
ENSMUSG00000025468,Caly,,Mus musculus,10090
ENSMUSG00000025470,Zfp511,,Mus musculus,10090
ENSMUSG00000025475,Adgra1,,Mus musculus,10090
ENSMUSG00000025480,Syce1,,Mus musculus,10090
ENSMUSG00000025481,Urah,,Mus musculus,10090
ENSMUSG00000025489,Ifitm5,,Mus musculus,10090
ENSMUSG00000025500,Lmntd2,,Mus musculus,10090
ENSMUSG00000025515,Muc2,,Mus musculus,10090
ENSMUSG00000025519,Tktl2,,Mus musculus,10090
ENSMUSG00000025527,Satl1,,Mus musculus,10090
ENSMUSG00000025529,Zfp711,,Mus musculus,10090
ENSMUSG00000025538,Sumf2,,Mus musculus,10090
ENSMUSG00000025573,6030468B19Rik,,Mus musculus,10090
ENSMUSG00000025583,Rptor,,Mus musculus,10090
ENSMUSG00000025597,Klhl4,,Mus musculus,10090
ENSMUSG00000025626,Phf6,,Mus musculus,10090
ENSMUSG00000025645,Ccdc51,,Mus musculus,10090
ENSMUSG00000025646,Atrip,,Mus musculus,10090
ENSMUSG00000025648,Pfkfb4,,Mus musculus,10090
ENSMUSG00000025652,Tmem89,,Mus musculus,10090
ENSMUSG00000025656,Arhgef9,,Mus musculus,10090
ENSMUSG00000025658,Cnksr2,,Mus musculus,10090
ENSMUSG00000025665,Rps6ka6,,Mus musculus,10090
ENSMUSG00000025701,Alox5,,Mus musculus,10090
ENSMUSG00000025702,March8,,Mus musculus,10090
ENSMUSG00000025716,Myo3a,,Mus musculus,10090
ENSMUSG00000025722,Wdr73,,Mus musculus,10090
ENSMUSG00000025727,A930017K11Rik,,Mus musculus,10090
ENSMUSG00000025731,Mettl26,,Mus musculus,10090
ENSMUSG00000025737,Wdr24,,Mus musculus,10090
ENSMUSG00000025738,Fbxl16,,Mus musculus,10090
ENSMUSG00000025766,D3Ertd751e,,Mus musculus,10090
ENSMUSG00000025774,Crisp4,,Mus musculus,10090
ENSMUSG00000025782,Taf3,,Mus musculus,10090
ENSMUSG00000025783,4930412O13Rik,,Mus musculus,10090
ENSMUSG00000025787,Tgm4,,Mus musculus,10090
ENSMUSG00000025808,Ccdc7a,,Mus musculus,10090
ENSMUSG00000025815,Dhtkd1,,Mus musculus,10090
ENSMUSG00000025873,Faf2,,Mus musculus,10090
ENSMUSG00000025876,Unc5a,,Mus musculus,10090
ENSMUSG00000025877,Hk3,,Mus musculus,10090
ENSMUSG00000025893,Kbtbd3,,Mus musculus,10090
ENSMUSG00000025894,Aasdhppt,,Mus musculus,10090
ENSMUSG00000025898,Cwf19l2,,Mus musculus,10090
ENSMUSG00000025899,Alkbh8,,Mus musculus,10090
ENSMUSG00000025911,Adhfe1,,Mus musculus,10090
ENSMUSG00000025931,Paqr8,,Mus musculus,10090
ENSMUSG00000025933,Tmem14a,,Mus musculus,10090
ENSMUSG00000025961,4933402D24Rik,,Mus musculus,10090
ENSMUSG00000025963,Mdh1b,,Mus musculus,10090
ENSMUSG00000025981,Coq10b,,Mus musculus,10090
ENSMUSG00000025983,Ccdc150,,Mus musculus,10090
ENSMUSG00000025986,Slc39a10,,Mus musculus,10090
ENSMUSG00000026014,Raph1,,Mus musculus,10090
ENSMUSG00000026018,Ica1l,,Mus musculus,10090
ENSMUSG00000026024,Als2,,Mus musculus,10090
ENSMUSG00000026027,Stradb,,Mus musculus,10090
ENSMUSG00000026028,Trak2,,Mus musculus,10090
ENSMUSG00000026035,Ppil3,,Mus musculus,10090
ENSMUSG00000026039,Sgo2a,,Mus musculus,10090
ENSMUSG00000026049,Tex30,,Mus musculus,10090
ENSMUSG00000026062,Slc9a2,,Mus musculus,10090
ENSMUSG00000026063,Pih1d3,,Mus musculus,10090
ENSMUSG00000026085,Lyg1,,Mus musculus,10090
ENSMUSG00000026090,2010300C02Rik,,Mus musculus,10090
ENSMUSG00000026096,Osgepl1,,Mus musculus,10090
ENSMUSG00000026098,Pms1,,Mus musculus,10090
ENSMUSG00000026103,Gls,,Mus musculus,10090
ENSMUSG00000026110,Mgat4a,,Mus musculus,10090
ENSMUSG00000026121,Sema4c,,Mus musculus,10090
ENSMUSG00000026153,Fam135a,,Mus musculus,10090
ENSMUSG00000026156,B3gat2,,Mus musculus,10090
ENSMUSG00000026163,Sphkap,,Mus musculus,10090
ENSMUSG00000026173,Plcd4,,Mus musculus,10090
ENSMUSG00000026181,Ppm1f,,Mus musculus,10090
ENSMUSG00000026188,Tmem169,,Mus musculus,10090
ENSMUSG00000026192,Atic,,Mus musculus,10090
ENSMUSG00000026220,Slc16a14,,Mus musculus,10090
ENSMUSG00000026224,4933407L21Rik,,Mus musculus,10090
ENSMUSG00000026226,Spata3,,Mus musculus,10090
ENSMUSG00000026283,Ing5,,Mus musculus,10090
ENSMUSG00000026301,Iqca,,Mus musculus,10090
ENSMUSG00000026308,Klhl30,,Mus musculus,10090
ENSMUSG00000026311,Asb1,,Mus musculus,10090
ENSMUSG00000026312,Cdh7,,Mus musculus,10090
ENSMUSG00000026313,Hdac4,,Mus musculus,10090
ENSMUSG00000026319,Relch,,Mus musculus,10090
ENSMUSG00000026331,Slco6c1,,Mus musculus,10090
ENSMUSG00000026333,Gin1,,Mus musculus,10090
ENSMUSG00000026336,Slco6d1,,Mus musculus,10090
ENSMUSG00000026343,Gpr39,,Mus musculus,10090
ENSMUSG00000026387,Sctr,,Mus musculus,10090
ENSMUSG00000026439,Rbbp5,,Mus musculus,10090
ENSMUSG00000026442,Nfasc,,Mus musculus,10090
ENSMUSG00000026443,Lrrn2,,Mus musculus,10090
ENSMUSG00000026450,Chit1,,Mus musculus,10090
ENSMUSG00000026455,Klhl12,,Mus musculus,10090
ENSMUSG00000026463,Atp2b4,,Mus musculus,10090
ENSMUSG00000026494,Kif26b,,Mus musculus,10090
ENSMUSG00000026510,Trp53bp2,,Mus musculus,10090
ENSMUSG00000026523,Wdr64,,Mus musculus,10090
ENSMUSG00000026544,Dusp23,,Mus musculus,10090
ENSMUSG00000026546,Cfap45,,Mus musculus,10090
ENSMUSG00000026564,Dusp27,,Mus musculus,10090
ENSMUSG00000026566,Mpzl1,,Mus musculus,10090
ENSMUSG00000026567,Adcy10,,Mus musculus,10090
ENSMUSG00000026571,Dcaf6,,Mus musculus,10090
ENSMUSG00000026578,Ccdc181,,Mus musculus,10090
ENSMUSG00000026584,Scyl3,,Mus musculus,10090
ENSMUSG00000026592,Tex35,,Mus musculus,10090
ENSMUSG00000026596,Abl2,,Mus musculus,10090
ENSMUSG00000026601,Axdnd1,,Mus musculus,10090
ENSMUSG00000026608,Kctd3,,Mus musculus,10090
ENSMUSG00000026611,Spata17,,Mus musculus,10090
ENSMUSG00000026614,Slc30a10,,Mus musculus,10090
ENSMUSG00000026626,Ppp2r5a,,Mus musculus,10090
ENSMUSG00000026632,Tatdn3,,Mus musculus,10090
ENSMUSG00000026644,Acbd7,,Mus musculus,10090
ENSMUSG00000026648,Dclre1c,,Mus musculus,10090
ENSMUSG00000026649,Cfap126,,Mus musculus,10090
ENSMUSG00000026657,Frmd4a,,Mus musculus,10090
ENSMUSG00000026668,Ucma,,Mus musculus,10090
ENSMUSG00000026672,Optn,,Mus musculus,10090
ENSMUSG00000026676,Ccdc3,,Mus musculus,10090
ENSMUSG00000026679,Enkur,,Mus musculus,10090
ENSMUSG00000026708,Cenpl,,Mus musculus,10090
ENSMUSG00000026709,Dars2,,Mus musculus,10090
ENSMUSG00000026725,Tnn,,Mus musculus,10090
ENSMUSG00000026729,4930562F07Rik,,Mus musculus,10090
ENSMUSG00000026734,4921504E06Rik,,Mus musculus,10090
ENSMUSG00000026736,4930426L09Rik,,Mus musculus,10090
ENSMUSG00000026754,Golga1,,Mus musculus,10090
ENSMUSG00000026765,Lypd6b,,Mus musculus,10090
ENSMUSG00000026771,Spopl,,Mus musculus,10090
ENSMUSG00000026774,Potegl,,Mus musculus,10090
ENSMUSG00000026781,Acbd5,,Mus musculus,10090
ENSMUSG00000026782,Abi2,,Mus musculus,10090
ENSMUSG00000026785,Pkn3,,Mus musculus,10090
ENSMUSG00000026788,Zbtb43,,Mus musculus,10090
ENSMUSG00000026792,Lrsam1,,Mus musculus,10090
ENSMUSG00000026806,Ddx31,,Mus musculus,10090
ENSMUSG00000026807,Ak8,,Mus musculus,10090
ENSMUSG00000026809,Spaca9,,Mus musculus,10090
ENSMUSG00000026830,Ermn,,Mus musculus,10090
ENSMUSG00000026831,1700007K13Rik,,Mus musculus,10090
ENSMUSG00000026835,Fcnb,,Mus musculus,10090
ENSMUSG00000026841,Fibcd1,,Mus musculus,10090
ENSMUSG00000026843,Fubp3,,Mus musculus,10090
ENSMUSG00000026867,Gapvd1,,Mus musculus,10090
ENSMUSG00000026882,4930568D16Rik,,Mus musculus,10090
ENSMUSG00000026885,Ttll11,,Mus musculus,10090
ENSMUSG00000026894,Morn5,,Mus musculus,10090
ENSMUSG00000026922,Agpat2,,Mus musculus,10090
ENSMUSG00000026940,Ccdc183,,Mus musculus,10090
ENSMUSG00000026941,Mamdc4,,Mus musculus,10090
ENSMUSG00000026943,Lcn12,,Mus musculus,10090
ENSMUSG00000026950,Neb,,Mus musculus,10090
ENSMUSG00000026955,Sapcd2,,Mus musculus,10090
ENSMUSG00000026963,Tmem210,,Mus musculus,10090
ENSMUSG00000026979,Psd4,,Mus musculus,10090
ENSMUSG00000026989,Dapl1,,Mus musculus,10090
ENSMUSG00000027010,Slc25a12,,Mus musculus,10090
ENSMUSG00000027016,Zfp385b,,Mus musculus,10090
ENSMUSG00000027035,Cers6,,Mus musculus,10090
ENSMUSG00000027075,Slc43a1,,Mus musculus,10090
ENSMUSG00000027132,Katnbl1,,Mus musculus,10090
ENSMUSG00000027134,Lpcat4,,Mus musculus,10090
ENSMUSG00000027171,Prrg4,,Mus musculus,10090
ENSMUSG00000027185,Nat10,,Mus musculus,10090
ENSMUSG00000027188,Pamr1,,Mus musculus,10090
ENSMUSG00000027196,Alkbh3os1,,Mus musculus,10090
ENSMUSG00000027217,Tspan18,,Mus musculus,10090
ENSMUSG00000027229,Terb2,,Mus musculus,10090
ENSMUSG00000027233,Patl2,,Mus musculus,10090
ENSMUSG00000027242,Wdr76,,Mus musculus,10090
ENSMUSG00000027243,Harbi1,,Mus musculus,10090
ENSMUSG00000027254,Map1a,,Mus musculus,10090
ENSMUSG00000027259,Adal,,Mus musculus,10090
ENSMUSG00000027281,Slx4ip,,Mus musculus,10090
ENSMUSG00000027284,Cdan1,,Mus musculus,10090
ENSMUSG00000027304,Rtf1,,Mus musculus,10090
ENSMUSG00000027309,4930402H24Rik,,Mus musculus,10090
ENSMUSG00000027324,Rpusd2,,Mus musculus,10090
ENSMUSG00000027326,Knl1,,Mus musculus,10090
ENSMUSG00000027345,4921508D12Rik,,Mus musculus,10090
ENSMUSG00000027349,Fam98b,,Mus musculus,10090
ENSMUSG00000027353,Mcm8,,Mus musculus,10090
ENSMUSG00000027357,Crls1,,Mus musculus,10090
ENSMUSG00000027364,Usp50,,Mus musculus,10090
ENSMUSG00000027371,Fahd2a,,Mus musculus,10090
ENSMUSG00000027380,Acoxl,,Mus musculus,10090
ENSMUSG00000027403,Tgm6,,Mus musculus,10090
ENSMUSG00000027409,1700020A23Rik,,Mus musculus,10090
ENSMUSG00000027425,Kat14,,Mus musculus,10090
ENSMUSG00000027431,Scp2d1,,Mus musculus,10090
ENSMUSG00000027439,Gzf1,,Mus musculus,10090
ENSMUSG00000027446,Cstdc2,,Mus musculus,10090
ENSMUSG00000027457,Snph,,Mus musculus,10090
ENSMUSG00000027480,Sun5,,Mus musculus,10090
ENSMUSG00000027482,Bpifa3,,Mus musculus,10090
ENSMUSG00000027484,Bpifa5,,Mus musculus,10090
ENSMUSG00000027505,Fam209,,Mus musculus,10090
ENSMUSG00000027518,1700021F07Rik,,Mus musculus,10090
ENSMUSG00000027520,Zdbf2,,Mus musculus,10090
ENSMUSG00000027522,Stx16,,Mus musculus,10090
ENSMUSG00000027525,Phactr3,,Mus musculus,10090
ENSMUSG00000027530,Fabp12,,Mus musculus,10090
ENSMUSG00000027550,Lrrcc1,,Mus musculus,10090
ENSMUSG00000027564,Cypt12,,Mus musculus,10090
ENSMUSG00000027569,Mrgbp,,Mus musculus,10090
ENSMUSG00000027573,Gid8,,Mus musculus,10090
ENSMUSG00000027652,Ralgapb,,Mus musculus,10090
ENSMUSG00000027654,Fam83d,,Mus musculus,10090
ENSMUSG00000027655,Dhx35,,Mus musculus,10090
ENSMUSG00000027676,Ccdc39,,Mus musculus,10090
ENSMUSG00000027692,Tnik,,Mus musculus,10090
ENSMUSG00000027698,Nceh1,,Mus musculus,10090
ENSMUSG00000027702,Lrrc34,,Mus musculus,10090
ENSMUSG00000027713,1810062G17Rik,,Mus musculus,10090
ENSMUSG00000027744,Stoml3,,Mus musculus,10090
ENSMUSG00000027777,Schip1,,Mus musculus,10090
ENSMUSG00000027784,Ppm1l,,Mus musculus,10090
ENSMUSG00000027794,Sohlh2,,Mus musculus,10090
ENSMUSG00000027806,Tsc22d2,,Mus musculus,10090
ENSMUSG00000027810,Eif2a,,Mus musculus,10090
ENSMUSG00000027811,4930579G24Rik,,Mus musculus,10090
ENSMUSG00000027823,Gmps,,Mus musculus,10090
ENSMUSG00000027831,Veph1,,Mus musculus,10090
ENSMUSG00000027867,Spag17,,Mus musculus,10090
ENSMUSG00000027880,Slc25a54,,Mus musculus,10090
ENSMUSG00000027886,1700013F07Rik,,Mus musculus,10090
ENSMUSG00000027908,Tchhl1,,Mus musculus,10090
ENSMUSG00000027912,Lce1m,,Mus musculus,10090
ENSMUSG00000027927,Lelp1,,Mus musculus,10090
ENSMUSG00000027939,Nup210l,,Mus musculus,10090
ENSMUSG00000027961,Lrrc39,,Mus musculus,10090
ENSMUSG00000027973,1700006A11Rik,,Mus musculus,10090
ENSMUSG00000027983,Cyp2u1,,Mus musculus,10090
ENSMUSG00000028007,Snx7,,Mus musculus,10090
ENSMUSG00000028009,1700061I17Rik,,Mus musculus,10090
ENSMUSG00000028015,Ctso,,Mus musculus,10090
ENSMUSG00000028018,Gstcd,,Mus musculus,10090
ENSMUSG00000028028,Alpk1,,Mus musculus,10090
ENSMUSG00000028030,Tbck,,Mus musculus,10090
ENSMUSG00000028072,Ntrk1,,Mus musculus,10090
ENSMUSG00000028078,Dclk2,,Mus musculus,10090
ENSMUSG00000028100,Nudt17,,Mus musculus,10090
ENSMUSG00000028114,Mettl14,,Mus musculus,10090
ENSMUSG00000028136,Snx27,,Mus musculus,10090
ENSMUSG00000028137,Celf3,,Mus musculus,10090
ENSMUSG00000028139,Riiad1,,Mus musculus,10090
ENSMUSG00000028141,Oaz3,,Mus musculus,10090
ENSMUSG00000028148,Them5,,Mus musculus,10090
ENSMUSG00000028165,Cisd2,,Mus musculus,10090
ENSMUSG00000028167,Bdh2,,Mus musculus,10090
ENSMUSG00000028177,1810013D15Rik,,Mus musculus,10090
ENSMUSG00000028182,Lrriq3,,Mus musculus,10090
ENSMUSG00000028184,Adgrl2,,Mus musculus,10090
ENSMUSG00000028188,Spata1,,Mus musculus,10090
ENSMUSG00000028194,Ddah1,,Mus musculus,10090
ENSMUSG00000028197,Col24a1,,Mus musculus,10090
ENSMUSG00000028236,Sdr16c5,,Mus musculus,10090
ENSMUSG00000028238,Atp6v0d2,,Mus musculus,10090
ENSMUSG00000028246,Faxc,,Mus musculus,10090
ENSMUSG00000028248,Pnisr,,Mus musculus,10090
ENSMUSG00000028251,Tstd3,,Mus musculus,10090
ENSMUSG00000028264,Spaca1,,Mus musculus,10090
ENSMUSG00000028287,1700009N14Rik,,Mus musculus,10090
ENSMUSG00000028294,Cfap206,,Mus musculus,10090
ENSMUSG00000028310,Ppp3r2,,Mus musculus,10090
ENSMUSG00000028322,Exosc3,,Mus musculus,10090
ENSMUSG00000028327,Stra6l,,Mus musculus,10090
ENSMUSG00000028331,Trmo,,Mus musculus,10090
ENSMUSG00000028358,Zfp618,,Mus musculus,10090
ENSMUSG00000028396,2310002L09Rik,,Mus musculus,10090
ENSMUSG00000028403,Zdhhc21,,Mus musculus,10090
ENSMUSG00000028438,Kif24,,Mus musculus,10090
ENSMUSG00000028439,Fam219a,,Mus musculus,10090
ENSMUSG00000028441,1110017D15Rik,,Mus musculus,10090
ENSMUSG00000028445,Enho,,Mus musculus,10090
ENSMUSG00000028468,Rgp1,,Mus musculus,10090
ENSMUSG00000028475,Spaar,,Mus musculus,10090
ENSMUSG00000028487,Bnc2,,Mus musculus,10090
ENSMUSG00000028492,Saxo1,,Mus musculus,10090
ENSMUSG00000028518,Prkaa2,,Mus musculus,10090
ENSMUSG00000028520,4921539E11Rik,,Mus musculus,10090
ENSMUSG00000028522,Mier1,,Mus musculus,10090
ENSMUSG00000028528,Dnajc6,,Mus musculus,10090
ENSMUSG00000028533,Izumo3,,Mus musculus,10090
ENSMUSG00000028545,Bend5,,Mus musculus,10090
ENSMUSG00000028550,Atg4c,,Mus musculus,10090
ENSMUSG00000028555,Ttc39a,,Mus musculus,10090
ENSMUSG00000028572,Hook1,,Mus musculus,10090
ENSMUSG00000028582,Cc2d1b,,Mus musculus,10090
ENSMUSG00000028584,Lrrc38,,Mus musculus,10090
ENSMUSG00000028589,1700012P22Rik,,Mus musculus,10090
ENSMUSG00000028590,Pramef12os,,Mus musculus,10090
ENSMUSG00000028591,Pramef12,,Mus musculus,10090
ENSMUSG00000028600,Podn,,Mus musculus,10090
ENSMUSG00000028612,Lrp8os1,,Mus musculus,10090
ENSMUSG00000028629,Exo5,,Mus musculus,10090
ENSMUSG00000028630,Dyrk2,,Mus musculus,10090
ENSMUSG00000028631,Kcnq4,,Mus musculus,10090
ENSMUSG00000028637,Ccdc30,,Mus musculus,10090
ENSMUSG00000028655,Mfsd2a,,Mus musculus,10090
ENSMUSG00000028683,Eif2b3,,Mus musculus,10090
ENSMUSG00000028698,Pik3r3,,Mus musculus,10090
ENSMUSG00000028701,Lurap1,,Mus musculus,10090
ENSMUSG00000028709,Mob3c,,Mus musculus,10090
ENSMUSG00000028710,Atpaf1,,Mus musculus,10090
ENSMUSG00000028712,Cyp4a31,,Mus musculus,10090
ENSMUSG00000028730,Cfap57,,Mus musculus,10090
ENSMUSG00000028778,Hcrtr1,,Mus musculus,10090
ENSMUSG00000028782,Adgrb2,,Mus musculus,10090
ENSMUSG00000028789,Azin2,,Mus musculus,10090
ENSMUSG00000028795,Ccdc28b,,Mus musculus,10090
ENSMUSG00000028801,Stpg1,,Mus musculus,10090
ENSMUSG00000028803,Nipal3,,Mus musculus,10090
ENSMUSG00000028804,Csmd2,,Mus musculus,10090
ENSMUSG00000028822,Tmem50a,,Mus musculus,10090
ENSMUSG00000028826,Maco1,,Mus musculus,10090
ENSMUSG00000028834,Trim63,,Mus musculus,10090
ENSMUSG00000028841,Cnksr1,,Mus musculus,10090
ENSMUSG00000028842,Ago3,,Mus musculus,10090
ENSMUSG00000028850,Gpatch3,,Mus musculus,10090
ENSMUSG00000028863,Meaf6,,Mus musculus,10090
ENSMUSG00000028865,Cd164l2,,Mus musculus,10090
ENSMUSG00000028873,Cdca8,,Mus musculus,10090
ENSMUSG00000028876,Epha10,,Mus musculus,10090
ENSMUSG00000028898,Trnau1ap,,Mus musculus,10090
ENSMUSG00000028917,Plekhm2,,Mus musculus,10090
ENSMUSG00000028919,Arhgef19,,Mus musculus,10090
ENSMUSG00000028948,Nol9,,Mus musculus,10090
ENSMUSG00000028977,Casz1,,Mus musculus,10090
ENSMUSG00000028990,Lzic,,Mus musculus,10090
ENSMUSG00000028999,Rint1,,Mus musculus,10090
ENSMUSG00000029001,Fbxo44,,Mus musculus,10090
ENSMUSG00000029005,Draxin,,Mus musculus,10090
ENSMUSG00000029028,Lrrc47,,Mus musculus,10090
ENSMUSG00000029033,Acap3,,Mus musculus,10090
ENSMUSG00000029044,4930584F24Rik,,Mus musculus,10090
ENSMUSG00000029047,Pex10,,Mus musculus,10090
ENSMUSG00000029049,Morn1,,Mus musculus,10090
ENSMUSG00000029053,Prkcz,,Mus musculus,10090
ENSMUSG00000029055,Plch2,,Mus musculus,10090
ENSMUSG00000029056,Pank4,,Mus musculus,10090
ENSMUSG00000029074,Ttll10,,Mus musculus,10090
ENSMUSG00000029092,D5Ertd615e,,Mus musculus,10090
ENSMUSG00000029094,Afap1,,Mus musculus,10090
ENSMUSG00000029095,Ablim2,,Mus musculus,10090
ENSMUSG00000029101,Rgs12,,Mus musculus,10090
ENSMUSG00000029120,Ppp2r2c,,Mus musculus,10090
ENSMUSG00000029127,Zbtb49,,Mus musculus,10090
ENSMUSG00000029134,Plb1,,Mus musculus,10090
ENSMUSG00000029138,4930548H24Rik,,Mus musculus,10090
ENSMUSG00000029153,Ociad2,,Mus musculus,10090
ENSMUSG00000029155,Spata18,,Mus musculus,10090
ENSMUSG00000029179,Zcchc4,,Mus musculus,10090
ENSMUSG00000029182,1700001C02Rik,,Mus musculus,10090
ENSMUSG00000029190,D5Ertd579e,,Mus musculus,10090
ENSMUSG00000029205,Chrna9,,Mus musculus,10090
ENSMUSG00000029206,Nsun7,,Mus musculus,10090
ENSMUSG00000029208,Guf1,,Mus musculus,10090
ENSMUSG00000029211,Gabra4,,Mus musculus,10090
ENSMUSG00000029213,Commd8,,Mus musculus,10090
ENSMUSG00000029248,Thegl,,Mus musculus,10090
ENSMUSG00000029263,Pigg,,Mus musculus,10090
ENSMUSG00000029270,Dipk1a,,Mus musculus,10090
ENSMUSG00000029282,Amtn,,Mus musculus,10090
ENSMUSG00000029298,Gbp9,,Mus musculus,10090
ENSMUSG00000029307,Dmp1,,Mus musculus,10090
ENSMUSG00000029312,Klhl8,,Mus musculus,10090
ENSMUSG00000029314,Gpat3,,Mus musculus,10090
ENSMUSG00000029320,1700016H13Rik,,Mus musculus,10090
ENSMUSG00000029330,Cds1,,Mus musculus,10090
ENSMUSG00000029331,4930522N08Rik,,Mus musculus,10090
ENSMUSG00000029348,Asphd2,,Mus musculus,10090
ENSMUSG00000029360,Gm9754,,Mus musculus,10090
ENSMUSG00000029370,Rassf6,,Mus musculus,10090
ENSMUSG00000029376,Mthfd2l,,Mus musculus,10090
ENSMUSG00000029379,Cxcl3,,Mus musculus,10090
ENSMUSG00000029384,2010109A12Rik,,Mus musculus,10090
ENSMUSG00000029389,Ddx55,,Mus musculus,10090
ENSMUSG00000029402,Snrnp35,,Mus musculus,10090
ENSMUSG00000029414,Kntc1,,Mus musculus,10090
ENSMUSG00000029419,Ajm1,,Mus musculus,10090
ENSMUSG00000029420,Rimbp2,,Mus musculus,10090
ENSMUSG00000029434,Vps33a,,Mus musculus,10090
ENSMUSG00000029437,Il31,,Mus musculus,10090
ENSMUSG00000029442,Wdr66,,Mus musculus,10090
ENSMUSG00000029449,Rhof,,Mus musculus,10090
ENSMUSG00000029451,Gm13103,,Mus musculus,10090
ENSMUSG00000029461,Fam168a,,Mus musculus,10090
ENSMUSG00000029480,Dhx37,,Mus musculus,10090
ENSMUSG00000029501,Ankle2,,Mus musculus,10090
ENSMUSG00000029503,P2rx2,,Mus musculus,10090
ENSMUSG00000029517,Ankrd7,,Mus musculus,10090
ENSMUSG00000029518,Rab35,,Mus musculus,10090
ENSMUSG00000029560,Snx8,,Mus musculus,10090
ENSMUSG00000029564,4930519G04Rik,,Mus musculus,10090
ENSMUSG00000029576,Radil,,Mus musculus,10090
ENSMUSG00000029587,Zfp12,,Mus musculus,10090
ENSMUSG00000029592,Usp30,,Mus musculus,10090
ENSMUSG00000029601,Iqcd,,Mus musculus,10090
ENSMUSG00000029629,Phf14,,Mus musculus,10090
ENSMUSG00000029641,Rasl11a,,Mus musculus,10090
ENSMUSG00000029647,Pan3,,Mus musculus,10090
ENSMUSG00000029651,Mtus2,,Mus musculus,10090
ENSMUSG00000029655,N4bp2l2,,Mus musculus,10090
ENSMUSG00000029658,Wdr95,,Mus musculus,10090
ENSMUSG00000029660,Tex26,,Mus musculus,10090
ENSMUSG00000029678,Hyal5,,Mus musculus,10090
ENSMUSG00000029679,Hyal6,,Mus musculus,10090
ENSMUSG00000029680,Hyal4,,Mus musculus,10090
ENSMUSG00000029697,Fezf1,,Mus musculus,10090
ENSMUSG00000029699,Ssc4d,,Mus musculus,10090
ENSMUSG00000029725,Ppp1r35,,Mus musculus,10090
ENSMUSG00000029729,Zkscan1,,Mus musculus,10090
ENSMUSG00000029765,Plxna4,,Mus musculus,10090
ENSMUSG00000029766,1700012A03Rik,,Mus musculus,10090
ENSMUSG00000029775,Klhdc10,,Mus musculus,10090
ENSMUSG00000029784,Ssmem1,,Mus musculus,10090
ENSMUSG00000029804,Herc3,,Mus musculus,10090
ENSMUSG00000029815,Malsu1,,Mus musculus,10090
ENSMUSG00000029822,Osbpl3,,Mus musculus,10090
ENSMUSG00000029826,Zc3hav1,,Mus musculus,10090
ENSMUSG00000029828,4921507P07Rik,,Mus musculus,10090
ENSMUSG00000029829,Tmem213,,Mus musculus,10090
ENSMUSG00000029830,Svopl,,Mus musculus,10090
ENSMUSG00000029837,1700111E14Rik,,Mus musculus,10090
ENSMUSG00000029843,Slc13a4,,Mus musculus,10090
ENSMUSG00000029847,Slc23a4,,Mus musculus,10090
ENSMUSG00000029867,Llcfc1,,Mus musculus,10090
ENSMUSG00000029875,Ccdc184,,Mus musculus,10090
ENSMUSG00000029916,Agk,,Mus musculus,10090
ENSMUSG00000029923,Rab19,,Mus musculus,10090
ENSMUSG00000030020,Prickle2,,Mus musculus,10090
ENSMUSG00000030022,Adamts9,,Mus musculus,10090
ENSMUSG00000030030,1700003E16Rik,,Mus musculus,10090
ENSMUSG00000030031,Kbtbd8,,Mus musculus,10090
ENSMUSG00000030047,Arhgap25,,Mus musculus,10090
ENSMUSG00000030048,Gkn3,,Mus musculus,10090
ENSMUSG00000030055,Rab43,,Mus musculus,10090
ENSMUSG00000030059,Tmf1,,Mus musculus,10090
ENSMUSG00000030074,Gxylt2,,Mus musculus,10090
ENSMUSG00000030098,Grip2,,Mus musculus,10090
ENSMUSG00000030126,Tmcc1,,Mus musculus,10090
ENSMUSG00000030134,Rasgef1a,,Mus musculus,10090
ENSMUSG00000030145,Zfp248,,Mus musculus,10090
ENSMUSG00000030156,Cd69,,Mus musculus,10090
ENSMUSG00000030158,Clec12b,,Mus musculus,10090
ENSMUSG00000030160,Tmem52b,,Mus musculus,10090
ENSMUSG00000030219,Erp27,,Mus musculus,10090
ENSMUSG00000030226,Lmo3,,Mus musculus,10090
ENSMUSG00000030270,Cpne9,,Mus musculus,10090
ENSMUSG00000030279,C2cd5,,Mus musculus,10090
ENSMUSG00000030292,Smco2,,Mus musculus,10090
ENSMUSG00000030303,Far2,,Mus musculus,10090
ENSMUSG00000030306,Tmtc1,,Mus musculus,10090
ENSMUSG00000030307,Slc6a11,,Mus musculus,10090
ENSMUSG00000030313,Dennd5b,,Mus musculus,10090
ENSMUSG00000030319,Cand2,,Mus musculus,10090
ENSMUSG00000030321,Efcab12,,Mus musculus,10090
ENSMUSG00000030329,Pianp,,Mus musculus,10090
ENSMUSG00000030350,Prmt8,,Mus musculus,10090
ENSMUSG00000030351,Tspan11,,Mus musculus,10090
ENSMUSG00000030378,Sult2a8,,Mus musculus,10090
ENSMUSG00000030385,2900092C05Rik,,Mus musculus,10090
ENSMUSG00000030386,Zfp606,,Mus musculus,10090
ENSMUSG00000030402,Ppm1n,,Mus musculus,10090
ENSMUSG00000030406,Gipr,,Mus musculus,10090
ENSMUSG00000030410,Dmwd,,Mus musculus,10090
ENSMUSG00000030411,Nova2,,Mus musculus,10090
ENSMUSG00000030424,Zfp939,,Mus musculus,10090
ENSMUSG00000030431,Tmem238,,Mus musculus,10090
ENSMUSG00000030443,Zfp583,,Mus musculus,10090
ENSMUSG00000030468,Siglecg,,Mus musculus,10090
ENSMUSG00000030469,Zfp719,,Mus musculus,10090
ENSMUSG00000030471,Zdhhc13,,Mus musculus,10090
ENSMUSG00000030472,Ceacam18,,Mus musculus,10090
ENSMUSG00000030484,Lypd5,,Mus musculus,10090
ENSMUSG00000030491,Tdrd12,,Mus musculus,10090
ENSMUSG00000030499,Kctd15,,Mus musculus,10090
ENSMUSG00000030507,Dbx1,,Mus musculus,10090
ENSMUSG00000030510,Cers3,,Mus musculus,10090
ENSMUSG00000030515,Tarsl2,,Mus musculus,10090
ENSMUSG00000030518,Fam189a1,,Mus musculus,10090
ENSMUSG00000030532,Hddc3,,Mus musculus,10090
ENSMUSG00000030546,Plin1,,Mus musculus,10090
ENSMUSG00000030553,Pgpep1l,,Mus musculus,10090
ENSMUSG00000030554,Synm,,Mus musculus,10090
ENSMUSG00000030556,Lrrc28,,Mus musculus,10090
ENSMUSG00000030583,Sipa1l3,,Mus musculus,10090
ENSMUSG00000030587,2200002D01Rik,,Mus musculus,10090
ENSMUSG00000030588,Yif1b,,Mus musculus,10090
ENSMUSG00000030602,Pak4,,Mus musculus,10090
ENSMUSG00000030606,Hapln3,,Mus musculus,10090
ENSMUSG00000030610,Det1,,Mus musculus,10090
ENSMUSG00000030614,Tmem126b,,Mus musculus,10090
ENSMUSG00000030617,Ccdc83,,Mus musculus,10090
ENSMUSG00000030621,Me3,,Mus musculus,10090
ENSMUSG00000030636,1700010L04Rik,,Mus musculus,10090
ENSMUSG00000030641,Ddias,,Mus musculus,10090
ENSMUSG00000030650,Tmc5,,Mus musculus,10090
ENSMUSG00000030657,Xylt1,,Mus musculus,10090
ENSMUSG00000030664,Sox6os,,Mus musculus,10090
ENSMUSG00000030670,Cyp2r1,,Mus musculus,10090
ENSMUSG00000030671,Pde3b,,Mus musculus,10090
ENSMUSG00000030685,Kctd13,,Mus musculus,10090
ENSMUSG00000030691,Fchsd2,,Mus musculus,10090
ENSMUSG00000030706,Mrpl48,,Mus musculus,10090
ENSMUSG00000030729,Pgm2l1,,Mus musculus,10090
ENSMUSG00000030737,Slco2b1,,Mus musculus,10090
ENSMUSG00000030744,Rps3,,Mus musculus,10090
ENSMUSG00000030757,Zkscan2,,Mus musculus,10090
ENSMUSG00000030760,Acer3,,Mus musculus,10090
ENSMUSG00000030768,Disp1,,Mus musculus,10090
ENSMUSG00000030801,Kat8,,Mus musculus,10090
ENSMUSG00000030811,Fbxl19,,Mus musculus,10090
ENSMUSG00000030814,Bcl7c,,Mus musculus,10090
ENSMUSG00000030816,Rnf40,,Mus musculus,10090
ENSMUSG00000030823,9130019O22Rik,,Mus musculus,10090
ENSMUSG00000030825,Hsd17b14,,Mus musculus,10090
ENSMUSG00000030858,Fam24b,,Mus musculus,10090
ENSMUSG00000030865,Chp2,,Mus musculus,10090
ENSMUSG00000030877,Mfsd13b,,Mus musculus,10090
ENSMUSG00000030882,Dnhd1,,Mus musculus,10090
ENSMUSG00000030889,Vwa3a,,Mus musculus,10090
ENSMUSG00000030897,Cnga4,,Mus musculus,10090
ENSMUSG00000030909,Anks4b,,Mus musculus,10090
ENSMUSG00000030924,Rexo5,,Mus musculus,10090
ENSMUSG00000030956,Fam53b,,Mus musculus,10090
ENSMUSG00000030960,Eef1akmt2,,Mus musculus,10090
ENSMUSG00000030965,Abraxas2,,Mus musculus,10090
ENSMUSG00000030968,Pdilt,,Mus musculus,10090
ENSMUSG00000030972,Acsm5,,Mus musculus,10090
ENSMUSG00000030976,Tex36,,Mus musculus,10090
ENSMUSG00000030994,D7Ertd443e,,Mus musculus,10090
ENSMUSG00000031026,Trim66,,Mus musculus,10090
ENSMUSG00000031027,Stk33,,Mus musculus,10090
ENSMUSG00000031068,Glrx3,,Mus musculus,10090
ENSMUSG00000031090,Nadsyn1,,Mus musculus,10090
ENSMUSG00000031093,Dock11,,Mus musculus,10090
ENSMUSG00000031111,Igsf1,,Mus musculus,10090
ENSMUSG00000031118,1700080O16Rik,,Mus musculus,10090
ENSMUSG00000031129,Slc9a9,,Mus musculus,10090
ENSMUSG00000031133,Arhgef6,,Mus musculus,10090
ENSMUSG00000031148,Gpkow,,Mus musculus,10090
ENSMUSG00000031163,Glod5,,Mus musculus,10090
ENSMUSG00000031167,Rbm3,,Mus musculus,10090
ENSMUSG00000031169,Porcn,,Mus musculus,10090
ENSMUSG00000031179,3830417A13Rik,,Mus musculus,10090
ENSMUSG00000031181,Ctag2,,Mus musculus,10090
ENSMUSG00000031182,4930447F04Rik,,Mus musculus,10090
ENSMUSG00000031194,4931400O07Rik,,Mus musculus,10090
ENSMUSG00000031202,Rab39b,,Mus musculus,10090
ENSMUSG00000031210,Gpr165,,Mus musculus,10090
ENSMUSG00000031241,Tbx22,,Mus musculus,10090
ENSMUSG00000031258,Xkrx,,Mus musculus,10090
ENSMUSG00000031262,Cenpi,,Mus musculus,10090
ENSMUSG00000031270,4930513O06Rik,,Mus musculus,10090
ENSMUSG00000031271,Serpina7,,Mus musculus,10090
ENSMUSG00000031286,Glt28d2,,Mus musculus,10090
ENSMUSG00000031290,Lrch2,,Mus musculus,10090
ENSMUSG00000031292,Cdkl5,,Mus musculus,10090
ENSMUSG00000031294,D630029K05Rik,,Mus musculus,10090
ENSMUSG00000031298,Adgrg2,,Mus musculus,10090
ENSMUSG00000031302,Nlgn3,,Mus musculus,10090
ENSMUSG00000031314,Taf1,,Mus musculus,10090
ENSMUSG00000031323,Dmrtc1a,,Mus musculus,10090
ENSMUSG00000031325,4930519F16Rik,,Mus musculus,10090
ENSMUSG00000031330,Zcchc13,,Mus musculus,10090
ENSMUSG00000031379,Pir,,Mus musculus,10090
ENSMUSG00000031399,Fam3a,,Mus musculus,10090
ENSMUSG00000031403,Dkc1,,Mus musculus,10090
ENSMUSG00000031411,Prame,,Mus musculus,10090
ENSMUSG00000031430,Vsig1,,Mus musculus,10090
ENSMUSG00000031433,Rbm41,,Mus musculus,10090
ENSMUSG00000031442,Mcf2l,,Mus musculus,10090
ENSMUSG00000031448,Adprhl1,,Mus musculus,10090
ENSMUSG00000031483,Erlin2,,Mus musculus,10090
ENSMUSG00000031487,Brf2,,Mus musculus,10090
ENSMUSG00000031488,Rab11fip1,,Mus musculus,10090
ENSMUSG00000031510,1700128E19Rik,,Mus musculus,10090
ENSMUSG00000031512,Tex29,,Mus musculus,10090
ENSMUSG00000031521,Aga,,Mus musculus,10090
ENSMUSG00000031529,Tnks,,Mus musculus,10090
ENSMUSG00000031559,4930555F03Rik,,Mus musculus,10090
ENSMUSG00000031562,Dctd,,Mus musculus,10090
ENSMUSG00000031595,Pdgfrl,,Mus musculus,10090
ENSMUSG00000031618,Nr3c2,,Mus musculus,10090
ENSMUSG00000031620,Iqcm,,Mus musculus,10090
ENSMUSG00000031621,Isx,,Mus musculus,10090
ENSMUSG00000031626,Sorbs2,,Mus musculus,10090
ENSMUSG00000031629,Cenpu,,Mus musculus,10090
ENSMUSG00000031637,Lrp2bp,,Mus musculus,10090
ENSMUSG00000031647,Mfap3l,,Mus musculus,10090
ENSMUSG00000031651,Triml1,,Mus musculus,10090
ENSMUSG00000031657,Heatr3,,Mus musculus,10090
ENSMUSG00000031669,Gins3,,Mus musculus,10090
ENSMUSG00000031682,1700011L22Rik,,Mus musculus,10090
ENSMUSG00000031683,Lsm6,,Mus musculus,10090
ENSMUSG00000031684,Slc10a7,,Mus musculus,10090
ENSMUSG00000031688,Pou4f2,,Mus musculus,10090
ENSMUSG00000031698,Mylk3,,Mus musculus,10090
ENSMUSG00000031709,Tbc1d9,,Mus musculus,10090
ENSMUSG00000031723,Txnl4b,,Mus musculus,10090
ENSMUSG00000031732,Phlpp2,,Mus musculus,10090
ENSMUSG00000031736,Crnde,,Mus musculus,10090
ENSMUSG00000031754,Nudt21,,Mus musculus,10090
ENSMUSG00000031758,Cdyl2,,Mus musculus,10090
ENSMUSG00000031809,1700018B08Rik,,Mus musculus,10090
ENSMUSG00000031816,Mthfsd,,Mus musculus,10090
ENSMUSG00000031821,Gins2,,Mus musculus,10090
ENSMUSG00000031822,Gse1,,Mus musculus,10090
ENSMUSG00000031825,Crispld2,,Mus musculus,10090
ENSMUSG00000031847,1700030J22Rik,,Mus musculus,10090
ENSMUSG00000031864,Ints10,,Mus musculus,10090
ENSMUSG00000031901,Dus2,,Mus musculus,10090
ENSMUSG00000031922,Cep57,,Mus musculus,10090
ENSMUSG00000031927,1700012B09Rik,,Mus musculus,10090
ENSMUSG00000031936,Hephl1,,Mus musculus,10090
ENSMUSG00000031937,Vstm5,,Mus musculus,10090
ENSMUSG00000031951,Tmem231,,Mus musculus,10090
ENSMUSG00000031958,Ldhd,,Mus musculus,10090
ENSMUSG00000031959,Wdr59,,Mus musculus,10090
ENSMUSG00000031963,Bmper,,Mus musculus,10090
ENSMUSG00000031966,Glb1l3,,Mus musculus,10090
ENSMUSG00000031976,Urb2,,Mus musculus,10090
ENSMUSG00000031982,Arv1,,Mus musculus,10090
ENSMUSG00000031983,2310022B05Rik,,Mus musculus,10090
ENSMUSG00000031998,1700128F08Rik,,Mus musculus,10090
ENSMUSG00000032020,Ubash3b,,Mus musculus,10090
ENSMUSG00000032023,Jhy,,Mus musculus,10090
ENSMUSG00000032028,Nxpe2,,Mus musculus,10090
ENSMUSG00000032030,Cul5,,Mus musculus,10090
ENSMUSG00000032036,Kirrel3,,Mus musculus,10090
ENSMUSG00000032048,4930510E17Rik,,Mus musculus,10090
ENSMUSG00000032057,4833427G06Rik,,Mus musculus,10090
ENSMUSG00000032128,Robo3,,Mus musculus,10090
ENSMUSG00000032172,Olfm2,,Mus musculus,10090
ENSMUSG00000032258,Lca5,,Mus musculus,10090
ENSMUSG00000032265,Tent5a,,Mus musculus,10090
ENSMUSG00000032267,Usp28,,Mus musculus,10090
ENSMUSG00000032278,Paqr5,,Mus musculus,10090
ENSMUSG00000032289,Thsd4,,Mus musculus,10090
ENSMUSG00000032297,Celf6,,Mus musculus,10090
ENSMUSG00000032298,Neil1,,Mus musculus,10090
ENSMUSG00000032305,Fam219b,,Mus musculus,10090
ENSMUSG00000032307,Ube2q2,,Mus musculus,10090
ENSMUSG00000032333,Stoml1,,Mus musculus,10090
ENSMUSG00000032344,Cgas,,Mus musculus,10090
ENSMUSG00000032346,Ooep,,Mus musculus,10090
ENSMUSG00000032355,Mlip,,Mus musculus,10090
ENSMUSG00000032360,Hcrtr2,,Mus musculus,10090
ENSMUSG00000032375,Aph1b,,Mus musculus,10090
ENSMUSG00000032377,Plscr4,,Mus musculus,10090
ENSMUSG00000032396,Dis3l,,Mus musculus,10090
ENSMUSG00000032403,2300009A05Rik,,Mus musculus,10090
ENSMUSG00000032411,Tfdp2,,Mus musculus,10090
ENSMUSG00000032415,Ube2cbp,,Mus musculus,10090
ENSMUSG00000032417,Rwdd2a,,Mus musculus,10090
ENSMUSG00000032425,Zfp949,,Mus musculus,10090
ENSMUSG00000032443,Zcwpw2,,Mus musculus,10090
ENSMUSG00000032451,Trim42,,Mus musculus,10090
ENSMUSG00000032462,Pik3cb,,Mus musculus,10090
ENSMUSG00000032468,Armc8,,Mus musculus,10090
ENSMUSG00000032491,Nradd,,Mus musculus,10090
ENSMUSG00000032500,Dclk3,,Mus musculus,10090
ENSMUSG00000032507,Fbxl2,,Mus musculus,10090
ENSMUSG00000032514,Ttc21a,,Mus musculus,10090
ENSMUSG00000032515,Csrnp1,,Mus musculus,10090
ENSMUSG00000032534,Cep63,,Mus musculus,10090
ENSMUSG00000032537,Ephb1,,Mus musculus,10090
ENSMUSG00000032556,Bfsp2,,Mus musculus,10090
ENSMUSG00000032564,Cpne4,,Mus musculus,10090
ENSMUSG00000032572,Col6a4,,Mus musculus,10090
ENSMUSG00000032577,Mapkapk3,,Mus musculus,10090
ENSMUSG00000032583,Mon1a,,Mus musculus,10090
ENSMUSG00000032599,Ip6k2,,Mus musculus,10090
ENSMUSG00000032609,Klhdc8b,,Mus musculus,10090
ENSMUSG00000032624,Eml4,,Mus musculus,10090
ENSMUSG00000032625,Thsd7a,,Mus musculus,10090
ENSMUSG00000032637,Atxn2l,,Mus musculus,10090
ENSMUSG00000032640,Chsy1,,Mus musculus,10090
ENSMUSG00000032649,Colgalt2,,Mus musculus,10090
ENSMUSG00000032652,Crebl2,,Mus musculus,10090
ENSMUSG00000032666,1700025G04Rik,,Mus musculus,10090
ENSMUSG00000032673,Prorsd1,,Mus musculus,10090
ENSMUSG00000032680,6820408C15Rik,,Mus musculus,10090
ENSMUSG00000032688,Malt1,,Mus musculus,10090
ENSMUSG00000032702,Kank1,,Mus musculus,10090
ENSMUSG00000032714,Syde1,,Mus musculus,10090
ENSMUSG00000032719,Sbspon,,Mus musculus,10090
ENSMUSG00000032724,Abtb2,,Mus musculus,10090
ENSMUSG00000032727,Mier3,,Mus musculus,10090
ENSMUSG00000032733,Snx33,,Mus musculus,10090
ENSMUSG00000032735,Ablim3,,Mus musculus,10090
ENSMUSG00000032743,D430042O09Rik,,Mus musculus,10090
ENSMUSG00000032763,Ilvbl,,Mus musculus,10090
ENSMUSG00000032769,Trpa1,,Mus musculus,10090
ENSMUSG00000032776,Mctp2,,Mus musculus,10090
ENSMUSG00000032783,Troap,,Mus musculus,10090
ENSMUSG00000032826,Ank2,,Mus musculus,10090
ENSMUSG00000032827,Ppp1r9a,,Mus musculus,10090
ENSMUSG00000032840,2410131K14Rik,,Mus musculus,10090
ENSMUSG00000032841,Prr5l,,Mus musculus,10090
ENSMUSG00000032849,Abcc4,,Mus musculus,10090
ENSMUSG00000032850,Rnft2,,Mus musculus,10090
ENSMUSG00000032852,Rspo4,,Mus musculus,10090
ENSMUSG00000032875,Arhgef17,,Mus musculus,10090
ENSMUSG00000032883,Acsl3,,Mus musculus,10090
ENSMUSG00000032890,Rims3,,Mus musculus,10090
ENSMUSG00000032894,1700031F05Rik,,Mus musculus,10090
ENSMUSG00000032899,Styk1,,Mus musculus,10090
ENSMUSG00000032908,Sgpp2,,Mus musculus,10090
ENSMUSG00000032913,Lrig2,,Mus musculus,10090
ENSMUSG00000032932,Hspa13,,Mus musculus,10090
ENSMUSG00000032940,Rbm11,,Mus musculus,10090
ENSMUSG00000032948,Lipi,,Mus musculus,10090
ENSMUSG00000032985,5730522E02Rik,,Mus musculus,10090
ENSMUSG00000032999,Nlrp4f,,Mus musculus,10090
ENSMUSG00000033007,Asic4,,Mus musculus,10090
ENSMUSG00000033009,Ogfod1,,Mus musculus,10090
ENSMUSG00000033015,4933427E13Rik,,Mus musculus,10090
ENSMUSG00000033032,Afap1l1,,Mus musculus,10090
ENSMUSG00000033039,Micall1,,Mus musculus,10090
ENSMUSG00000033044,Dhrs7c,,Mus musculus,10090
ENSMUSG00000033054,Npat,,Mus musculus,10090
ENSMUSG00000033082,Clec1a,,Mus musculus,10090
ENSMUSG00000033083,Tbc1d4,,Mus musculus,10090
ENSMUSG00000033102,Cdc14b,,Mus musculus,10090
ENSMUSG00000033106,Slc7a6os,,Mus musculus,10090
ENSMUSG00000033114,Slc35d2,,Mus musculus,10090
ENSMUSG00000033126,Ybey,,Mus musculus,10090
ENSMUSG00000033147,Slc22a15,,Mus musculus,10090
ENSMUSG00000033152,Podxl2,,Mus musculus,10090
ENSMUSG00000033182,Kbtbd12,,Mus musculus,10090
ENSMUSG00000033186,Mzt1,,Mus musculus,10090
ENSMUSG00000033192,Lpcat2,,Mus musculus,10090
ENSMUSG00000033207,Mamdc2,,Mus musculus,10090
ENSMUSG00000033213,AA467197,,Mus musculus,10090
ENSMUSG00000033214,Slitrk5,,Mus musculus,10090
ENSMUSG00000033222,Ttf2,,Mus musculus,10090
ENSMUSG00000033233,Trim45,,Mus musculus,10090
ENSMUSG00000033253,Szt2,,Mus musculus,10090
ENSMUSG00000033257,Ttll4,,Mus musculus,10090
ENSMUSG00000033268,Duox1,,Mus musculus,10090
ENSMUSG00000033276,Stk36,,Mus musculus,10090
ENSMUSG00000033285,Wdr3,,Mus musculus,10090
ENSMUSG00000033316,Galnt9,,Mus musculus,10090
ENSMUSG00000033319,Fem1c,,Mus musculus,10090
ENSMUSG00000033326,Kdm4a,,Mus musculus,10090
ENSMUSG00000033342,Plppr5,,Mus musculus,10090
ENSMUSG00000033356,Pus7l,,Mus musculus,10090
ENSMUSG00000033361,Prrg3,,Mus musculus,10090
ENSMUSG00000033364,Usp37,,Mus musculus,10090
ENSMUSG00000033365,Ipo13,,Mus musculus,10090
ENSMUSG00000033382,Trappc8,,Mus musculus,10090
ENSMUSG00000033389,Arhgap44,,Mus musculus,10090
ENSMUSG00000033396,Spg11,,Mus musculus,10090
ENSMUSG00000033405,Nudt15,,Mus musculus,10090
ENSMUSG00000033409,Syce1l,,Mus musculus,10090
ENSMUSG00000033411,Ctdspl2,,Mus musculus,10090
ENSMUSG00000033439,Trmt13,,Mus musculus,10090
ENSMUSG00000033444,Specc1l,,Mus musculus,10090
ENSMUSG00000033446,Lpar6,,Mus musculus,10090
ENSMUSG00000033502,Cdc14a,,Mus musculus,10090
ENSMUSG00000033520,Idi2,,Mus musculus,10090
ENSMUSG00000033526,Ppip5k1,,Mus musculus,10090
ENSMUSG00000033543,Gtf2a2,,Mus musculus,10090
ENSMUSG00000033569,Adgrb3,,Mus musculus,10090
ENSMUSG00000033576,Apol6,,Mus musculus,10090
ENSMUSG00000033589,Reep4,,Mus musculus,10090
ENSMUSG00000033594,Spata2l,,Mus musculus,10090
ENSMUSG00000033595,Lgi3,,Mus musculus,10090
ENSMUSG00000033597,Caskin1,,Mus musculus,10090
ENSMUSG00000033623,Pcgf3,,Mus musculus,10090
ENSMUSG00000033624,Pdpr,,Mus musculus,10090
ENSMUSG00000033633,Clec18a,,Mus musculus,10090
ENSMUSG00000033653,Vps8,,Mus musculus,10090
ENSMUSG00000033703,Fcsk,,Mus musculus,10090
ENSMUSG00000033705,Stard9,,Mus musculus,10090
ENSMUSG00000033707,Lrrc24,,Mus musculus,10090
ENSMUSG00000033713,Foxn3,,Mus musculus,10090
ENSMUSG00000033720,Sfxn5,,Mus musculus,10090
ENSMUSG00000033722,BC034090,,Mus musculus,10090
ENSMUSG00000033726,Emx1,,Mus musculus,10090
ENSMUSG00000033731,3300002A11Rik,,Mus musculus,10090
ENSMUSG00000033737,Fndc3c1,,Mus musculus,10090
ENSMUSG00000033740,St18,,Mus musculus,10090
ENSMUSG00000033763,Mtss2,,Mus musculus,10090
ENSMUSG00000033768,Nrxn2,,Mus musculus,10090
ENSMUSG00000033769,Exoc6b,,Mus musculus,10090
ENSMUSG00000033777,Tlr13,,Mus musculus,10090
ENSMUSG00000033794,Lpcat2b,,Mus musculus,10090
ENSMUSG00000033805,Ephx4,,Mus musculus,10090
ENSMUSG00000033819,Ppp1r16a,,Mus musculus,10090
ENSMUSG00000033847,Pla2g4c,,Mus musculus,10090
ENSMUSG00000033855,Ston1,,Mus musculus,10090
ENSMUSG00000033857,Engase,,Mus musculus,10090
ENSMUSG00000033862,Cdk10,,Mus musculus,10090
ENSMUSG00000033882,Rbm46,,Mus musculus,10090
ENSMUSG00000033883,Zfp267,,Mus musculus,10090
ENSMUSG00000033900,Map9,,Mus musculus,10090
ENSMUSG00000033904,Ccp110,,Mus musculus,10090
ENSMUSG00000033906,Zdhhc15,,Mus musculus,10090
ENSMUSG00000033931,Rbm34,,Mus musculus,10090
ENSMUSG00000033948,Zswim5,,Mus musculus,10090
ENSMUSG00000033949,Trim36,,Mus musculus,10090
ENSMUSG00000033960,Jcad,,Mus musculus,10090
ENSMUSG00000033961,Zfp446,,Mus musculus,10090
ENSMUSG00000033963,Fancd2os,,Mus musculus,10090
ENSMUSG00000033964,Zbtb41,,Mus musculus,10090
ENSMUSG00000033966,Cdkl4,,Mus musculus,10090
ENSMUSG00000033967,Rnf225,,Mus musculus,10090
ENSMUSG00000033972,Zfp944,,Mus musculus,10090
ENSMUSG00000033987,Dnah17,,Mus musculus,10090
ENSMUSG00000033991,Ttc37,,Mus musculus,10090
ENSMUSG00000034007,Scaper,,Mus musculus,10090
ENSMUSG00000034009,Rxfp1,,Mus musculus,10090
ENSMUSG00000034021,Pds5b,,Mus musculus,10090
ENSMUSG00000034023,Fancd2,,Mus musculus,10090
ENSMUSG00000034028,Cd226,,Mus musculus,10090
ENSMUSG00000034031,Ccdc182,,Mus musculus,10090
ENSMUSG00000034035,Ccdc17,,Mus musculus,10090
ENSMUSG00000034037,Fgd5,,Mus musculus,10090
ENSMUSG00000034057,Myrfl,,Mus musculus,10090
ENSMUSG00000034059,Ypel4,,Mus musculus,10090
ENSMUSG00000034071,Zfp551,,Mus musculus,10090
ENSMUSG00000034083,Ccdc174,,Mus musculus,10090
ENSMUSG00000034087,Nlrp4b,,Mus musculus,10090
ENSMUSG00000034098,Fstl5,,Mus musculus,10090
ENSMUSG00000034105,Meak7,,Mus musculus,10090
ENSMUSG00000034110,Kctd7,,Mus musculus,10090
ENSMUSG00000034121,Mks1,,Mus musculus,10090
ENSMUSG00000034135,Sik3,,Mus musculus,10090
ENSMUSG00000034145,Tmem63c,,Mus musculus,10090
ENSMUSG00000034151,Zbbx,,Mus musculus,10090
ENSMUSG00000034152,Exoc3,,Mus musculus,10090
ENSMUSG00000034156,Tspoap1,,Mus musculus,10090
ENSMUSG00000034159,Mab21l4,,Mus musculus,10090
ENSMUSG00000034163,Zfc3h1,,Mus musculus,10090
ENSMUSG00000034168,Irf2bpl,,Mus musculus,10090
ENSMUSG00000034173,Zbed5,,Mus musculus,10090
ENSMUSG00000034185,6430628N08Rik,,Mus musculus,10090
ENSMUSG00000034189,Hsdl1,,Mus musculus,10090
ENSMUSG00000034201,Gas2l1,,Mus musculus,10090
ENSMUSG00000034205,Loxl2,,Mus musculus,10090
ENSMUSG00000034206,Polq,,Mus musculus,10090
ENSMUSG00000034219,Sept14,,Mus musculus,10090
ENSMUSG00000034235,Usp54,,Mus musculus,10090
ENSMUSG00000034239,Gm884,,Mus musculus,10090
ENSMUSG00000034243,Golgb1,,Mus musculus,10090
ENSMUSG00000034247,Plekhm1,,Mus musculus,10090
ENSMUSG00000034269,Setd5,,Mus musculus,10090
ENSMUSG00000034274,Thoc5,,Mus musculus,10090
ENSMUSG00000034275,Igsf9b,,Mus musculus,10090
ENSMUSG00000034292,Traf3ip1,,Mus musculus,10090
ENSMUSG00000034297,Med13,,Mus musculus,10090
ENSMUSG00000034310,Tmem132d,,Mus musculus,10090
ENSMUSG00000034324,Tmem132c,,Mus musculus,10090
ENSMUSG00000034329,Brip1,,Mus musculus,10090
ENSMUSG00000034334,Fam151b,,Mus musculus,10090
ENSMUSG00000034345,Gtf2h5,,Mus musculus,10090
ENSMUSG00000034362,Csta1,,Mus musculus,10090
ENSMUSG00000034379,Wdr5b,,Mus musculus,10090
ENSMUSG00000034384,Barhl2,,Mus musculus,10090
ENSMUSG00000034387,Ssu2,,Mus musculus,10090
ENSMUSG00000034402,Kcnh5,,Mus musculus,10090
ENSMUSG00000034413,Neurl1b,,Mus musculus,10090
ENSMUSG00000034416,Pkd1l2,,Mus musculus,10090
ENSMUSG00000034445,Cyb561a3,,Mus musculus,10090
ENSMUSG00000034453,Polr3b,,Mus musculus,10090
ENSMUSG00000034457,Eda2r,,Mus musculus,10090
ENSMUSG00000034467,Dynlrb2,,Mus musculus,10090
ENSMUSG00000034485,Uaca,,Mus musculus,10090
ENSMUSG00000034487,Poglut3,,Mus musculus,10090
ENSMUSG00000034493,4930556J24Rik,,Mus musculus,10090
ENSMUSG00000034543,Morc2a,,Mus musculus,10090
ENSMUSG00000034552,Zswim2,,Mus musculus,10090
ENSMUSG00000034557,Zfyve9,,Mus musculus,10090
ENSMUSG00000034574,Daam1,,Mus musculus,10090
ENSMUSG00000034575,Tent4a,,Mus musculus,10090
ENSMUSG00000034579,Pla2g3,,Mus musculus,10090
ENSMUSG00000034587,8430429K09Rik,,Mus musculus,10090
ENSMUSG00000034601,2700049A03Rik,,Mus musculus,10090
ENSMUSG00000034602,Mon2,,Mus musculus,10090
ENSMUSG00000034610,Tut4,,Mus musculus,10090
ENSMUSG00000034613,Ppm1h,,Mus musculus,10090
ENSMUSG00000034614,Pik3ip1,,Mus musculus,10090
ENSMUSG00000034616,Ssh3,,Mus musculus,10090
ENSMUSG00000034623,Prss55,,Mus musculus,10090
ENSMUSG00000034639,Setmar,,Mus musculus,10090
ENSMUSG00000034653,Ythdc2,,Mus musculus,10090
ENSMUSG00000034681,Rnps1,,Mus musculus,10090
ENSMUSG00000034683,Ppp1r1c,,Mus musculus,10090
ENSMUSG00000034685,Fam171a2,,Mus musculus,10090
ENSMUSG00000034687,Fras1,,Mus musculus,10090
ENSMUSG00000034706,Dnaic2,,Mus musculus,10090
ENSMUSG00000034723,Tmx4,,Mus musculus,10090
ENSMUSG00000034729,Mrps10,,Mus musculus,10090
ENSMUSG00000034731,Dgkh,,Mus musculus,10090
ENSMUSG00000034732,Pabpc5,,Mus musculus,10090
ENSMUSG00000034738,Nostrin,,Mus musculus,10090
ENSMUSG00000034748,Sirt6,,Mus musculus,10090
ENSMUSG00000034751,Mast4,,Mus musculus,10090
ENSMUSG00000034755,Pcdh11x,,Mus musculus,10090
ENSMUSG00000034764,1700006J14Rik,,Mus musculus,10090
ENSMUSG00000034765,Dusp5,,Mus musculus,10090
ENSMUSG00000034773,BC030867,,Mus musculus,10090
ENSMUSG00000034795,Ccdc122,,Mus musculus,10090
ENSMUSG00000034796,Cpne7,,Mus musculus,10090
ENSMUSG00000034800,Zfp661,,Mus musculus,10090
ENSMUSG00000034818,Celf5,,Mus musculus,10090
ENSMUSG00000034832,Tet3,,Mus musculus,10090
ENSMUSG00000034833,Tespa1,,Mus musculus,10090
ENSMUSG00000034848,Ttc21b,,Mus musculus,10090
ENSMUSG00000034850,Tmem127,,Mus musculus,10090
ENSMUSG00000034854,Mfsd12,,Mus musculus,10090
ENSMUSG00000034858,Fam214a,,Mus musculus,10090
ENSMUSG00000034863,Ano8,,Mus musculus,10090
ENSMUSG00000034889,Cactin,,Mus musculus,10090
ENSMUSG00000034893,Cog3,,Mus musculus,10090
ENSMUSG00000034898,Filip1,,Mus musculus,10090
ENSMUSG00000034903,Cobll1,,Mus musculus,10090
ENSMUSG00000034910,Pygo1,,Mus musculus,10090
ENSMUSG00000034912,Mdga2,,Mus musculus,10090
ENSMUSG00000034918,Cdhr2,,Mus musculus,10090
ENSMUSG00000034919,Ttc22,,Mus musculus,10090
ENSMUSG00000034951,Cog7,,Mus musculus,10090
ENSMUSG00000034973,Dop1a,,Mus musculus,10090
ENSMUSG00000035007,Rundc1,,Mus musculus,10090
ENSMUSG00000035021,Baz1a,,Mus musculus,10090
ENSMUSG00000035024,Ncapd3,,Mus musculus,10090
ENSMUSG00000035032,Nek11,,Mus musculus,10090
ENSMUSG00000035062,Zc4h2,,Mus musculus,10090
ENSMUSG00000035095,Fam167a,,Mus musculus,10090
ENSMUSG00000035109,Shc4,,Mus musculus,10090
ENSMUSG00000035125,Gcfc2,,Mus musculus,10090
ENSMUSG00000035131,Brinp3,,Mus musculus,10090
ENSMUSG00000035139,Secisbp2,,Mus musculus,10090
ENSMUSG00000035151,Elmod2,,Mus musculus,10090
ENSMUSG00000035164,Zc3h12c,,Mus musculus,10090
ENSMUSG00000035181,Heatr5a,,Mus musculus,10090
ENSMUSG00000035184,Fam124a,,Mus musculus,10090
ENSMUSG00000035189,Ano4,,Mus musculus,10090
ENSMUSG00000035202,Lars2,,Mus musculus,10090
ENSMUSG00000035226,Rims4,,Mus musculus,10090
ENSMUSG00000035234,Abraxas1,,Mus musculus,10090
ENSMUSG00000035236,Scai,,Mus musculus,10090
ENSMUSG00000035246,Pcyt1b,,Mus musculus,10090
ENSMUSG00000035273,Hpse,,Mus musculus,10090
ENSMUSG00000035279,Ssc5d,,Mus musculus,10090
ENSMUSG00000035284,Vps13c,,Mus musculus,10090
ENSMUSG00000035285,Nat14,,Mus musculus,10090
ENSMUSG00000035293,G2e3,,Mus musculus,10090
ENSMUSG00000035295,Wdr38,,Mus musculus,10090
ENSMUSG00000035298,Klhl35,,Mus musculus,10090
ENSMUSG00000035299,Mid1,,Mus musculus,10090
ENSMUSG00000035310,Lin54,,Mus musculus,10090
ENSMUSG00000035365,Parpbp,,Mus musculus,10090
ENSMUSG00000035367,Rmi1,,Mus musculus,10090
ENSMUSG00000035376,Hacd2,,Mus musculus,10090
ENSMUSG00000035378,Shq1,,Mus musculus,10090
ENSMUSG00000035383,Pmch,,Mus musculus,10090
ENSMUSG00000035390,Brsk1,,Mus musculus,10090
ENSMUSG00000035394,Cfap53,,Mus musculus,10090
ENSMUSG00000035407,Kank4,,Mus musculus,10090
ENSMUSG00000035420,Fam170a,,Mus musculus,10090
ENSMUSG00000035456,Prdm8,,Mus musculus,10090
ENSMUSG00000035486,Plk5,,Mus musculus,10090
ENSMUSG00000035491,Fthl17a,,Mus musculus,10090
ENSMUSG00000035509,Fbxl21,,Mus musculus,10090
ENSMUSG00000035521,Gnptg,,Mus musculus,10090
ENSMUSG00000035539,Ccdc180,,Mus musculus,10090
ENSMUSG00000035559,Mpv17l2,,Mus musculus,10090
ENSMUSG00000035560,Wdr20rt,,Mus musculus,10090
ENSMUSG00000035566,Pcdh17,,Mus musculus,10090
ENSMUSG00000035569,Ankrd11,,Mus musculus,10090
ENSMUSG00000035572,Dcaf10,,Mus musculus,10090
ENSMUSG00000035578,Iqcg,,Mus musculus,10090
ENSMUSG00000035580,Kcnh8,,Mus musculus,10090
ENSMUSG00000035595,1600002K03Rik,,Mus musculus,10090
ENSMUSG00000035606,Ky,,Mus musculus,10090
ENSMUSG00000035614,Togaram1,,Mus musculus,10090
ENSMUSG00000035615,Frmpd1,,Mus musculus,10090
ENSMUSG00000035620,Ric8b,,Mus musculus,10090
ENSMUSG00000035623,Rsf1,,Mus musculus,10090
ENSMUSG00000035629,Rubcn,,Mus musculus,10090
ENSMUSG00000035632,Cnot3,,Mus musculus,10090
ENSMUSG00000035651,4930480E11Rik,,Mus musculus,10090
ENSMUSG00000035653,Lrfn5,,Mus musculus,10090
ENSMUSG00000035671,Zswim4,,Mus musculus,10090
ENSMUSG00000035673,Sbno2,,Mus musculus,10090
ENSMUSG00000035681,Kcnc2,,Mus musculus,10090
ENSMUSG00000035704,Alg8,,Mus musculus,10090
ENSMUSG00000035735,Dagla,,Mus musculus,10090
ENSMUSG00000035754,Wdr18,,Mus musculus,10090
ENSMUSG00000035757,Selenoo,,Mus musculus,10090
ENSMUSG00000035759,Bbs10,,Mus musculus,10090
ENSMUSG00000035762,Tmem161b,,Mus musculus,10090
ENSMUSG00000035770,Dync1li2,,Mus musculus,10090
ENSMUSG00000035781,R3hdm4,,Mus musculus,10090
ENSMUSG00000035785,Cmtm2b,,Mus musculus,10090
ENSMUSG00000035798,Zdhhc17,,Mus musculus,10090
ENSMUSG00000035811,Ugt2b35,,Mus musculus,10090
ENSMUSG00000035829,Ppp1r26,,Mus musculus,10090
ENSMUSG00000035835,Plppr3,,Mus musculus,10090
ENSMUSG00000035842,Ddx11,,Mus musculus,10090
ENSMUSG00000035849,Krt222,,Mus musculus,10090
ENSMUSG00000035860,Cdhr3,,Mus musculus,10090
ENSMUSG00000035868,Zfp983,,Mus musculus,10090
ENSMUSG00000035877,Zhx3,,Mus musculus,10090
ENSMUSG00000035878,Hykk,,Mus musculus,10090
ENSMUSG00000035898,Uba6,,Mus musculus,10090
ENSMUSG00000035910,Dcdc2a,,Mus musculus,10090
ENSMUSG00000035936,Aldh5a1,,Mus musculus,10090
ENSMUSG00000035944,Ttc38,,Mus musculus,10090
ENSMUSG00000035948,Acss3,,Mus musculus,10090
ENSMUSG00000035953,Pip4p1,,Mus musculus,10090
ENSMUSG00000035954,Dock4,,Mus musculus,10090
ENSMUSG00000035964,Tmem59l,,Mus musculus,10090
ENSMUSG00000035992,Fnip1,,Mus musculus,10090
ENSMUSG00000036009,Mettl25,,Mus musculus,10090
ENSMUSG00000036013,Fam122c,,Mus musculus,10090
ENSMUSG00000036019,Tmtc2,,Mus musculus,10090
ENSMUSG00000036022,Fam122b,,Mus musculus,10090
ENSMUSG00000036027,1810046K07Rik,,Mus musculus,10090
ENSMUSG00000036030,Prtg,,Mus musculus,10090
ENSMUSG00000036040,Adamtsl2,,Mus musculus,10090
ENSMUSG00000036053,Fmnl2,,Mus musculus,10090
ENSMUSG00000036061,Smug1,,Mus musculus,10090
ENSMUSG00000036062,Phf24,,Mus musculus,10090
ENSMUSG00000036067,Slc2a6,,Mus musculus,10090
ENSMUSG00000036086,Zranb3,,Mus musculus,10090
ENSMUSG00000036095,Dgkb,,Mus musculus,10090
ENSMUSG00000036099,Vezt,,Mus musculus,10090
ENSMUSG00000036104,Rab3gap1,,Mus musculus,10090
ENSMUSG00000036123,Slc9a3,,Mus musculus,10090
ENSMUSG00000036162,Fam219aos,,Mus musculus,10090
ENSMUSG00000036167,Pphln1,,Mus musculus,10090
ENSMUSG00000036168,Ccdc38,,Mus musculus,10090
ENSMUSG00000036172,Cd200r3,,Mus musculus,10090
ENSMUSG00000036197,Gxylt1,,Mus musculus,10090
ENSMUSG00000036198,Arhgap36,,Mus musculus,10090
ENSMUSG00000036218,Pdzrn4,,Mus musculus,10090
ENSMUSG00000036244,Tbc1d21,,Mus musculus,10090
ENSMUSG00000036264,Fstl4,,Mus musculus,10090
ENSMUSG00000036281,Snapc4,,Mus musculus,10090
ENSMUSG00000036292,Gramd1c,,Mus musculus,10090
ENSMUSG00000036295,Lrrn3,,Mus musculus,10090
ENSMUSG00000036298,Slc2a13,,Mus musculus,10090
ENSMUSG00000036304,Zdhhc23,,Mus musculus,10090
ENSMUSG00000036306,Lzts1,,Mus musculus,10090
ENSMUSG00000036323,Srp72,,Mus musculus,10090
ENSMUSG00000036327,Qsox2,,Mus musculus,10090
ENSMUSG00000036333,Kidins220,,Mus musculus,10090
ENSMUSG00000036357,Gpr101,,Mus musculus,10090
ENSMUSG00000036362,P2ry13,,Mus musculus,10090
ENSMUSG00000036368,Rmdn2,,Mus musculus,10090
ENSMUSG00000036372,Tmem258,,Mus musculus,10090
ENSMUSG00000036377,C530008M17Rik,,Mus musculus,10090
ENSMUSG00000036391,Sec24a,,Mus musculus,10090
ENSMUSG00000036395,Glb1l2,,Mus musculus,10090
ENSMUSG00000036401,Glt6d1,,Mus musculus,10090
ENSMUSG00000036403,Cep135,,Mus musculus,10090
ENSMUSG00000036411,9530077C05Rik,,Mus musculus,10090
ENSMUSG00000036450,Hif1an,,Mus musculus,10090
ENSMUSG00000036452,Arhgap26,,Mus musculus,10090
ENSMUSG00000036459,Wtip,,Mus musculus,10090
ENSMUSG00000036466,Megf11,,Mus musculus,10090
ENSMUSG00000036469,March1,,Mus musculus,10090
ENSMUSG00000036478,Btg1,,Mus musculus,10090
ENSMUSG00000036480,Prss56,,Mus musculus,10090
ENSMUSG00000036492,Rnf39,,Mus musculus,10090
ENSMUSG00000036501,Fam13b,,Mus musculus,10090
ENSMUSG00000036502,Tmem255a,,Mus musculus,10090
ENSMUSG00000036526,Card11,,Mus musculus,10090
ENSMUSG00000036529,Sbf1,,Mus musculus,10090
ENSMUSG00000036534,Slc38a7,,Mus musculus,10090
ENSMUSG00000036545,Adamts2,,Mus musculus,10090
ENSMUSG00000036550,Cnot1,,Mus musculus,10090
ENSMUSG00000036551,Akap14,,Mus musculus,10090
ENSMUSG00000036552,Ermard,,Mus musculus,10090
ENSMUSG00000036555,Iqce,,Mus musculus,10090
ENSMUSG00000036557,Stpg4,,Mus musculus,10090
ENSMUSG00000036565,Ttyh3,,Mus musculus,10090
ENSMUSG00000036568,Bicral,,Mus musculus,10090
ENSMUSG00000036574,Tex44,,Mus musculus,10090
ENSMUSG00000036586,Grifin,,Mus musculus,10090
ENSMUSG00000036598,Ccdc113,,Mus musculus,10090
ENSMUSG00000036602,Alx1,,Mus musculus,10090
ENSMUSG00000036644,Tbc1d9b,,Mus musculus,10090
ENSMUSG00000036655,Colec11,,Mus musculus,10090
ENSMUSG00000036661,Dennd3,,Mus musculus,10090
ENSMUSG00000036667,Tcaf1,,Mus musculus,10090
ENSMUSG00000036676,Tmtc3,,Mus musculus,10090
ENSMUSG00000036698,Ago2,,Mus musculus,10090
ENSMUSG00000036699,Zcchc12,,Mus musculus,10090
ENSMUSG00000036712,Cyld,,Mus musculus,10090
ENSMUSG00000036718,Micall2,,Mus musculus,10090
ENSMUSG00000036744,Olfr701,,Mus musculus,10090
ENSMUSG00000036745,Ttll7,,Mus musculus,10090
ENSMUSG00000036760,Kcnk9,,Mus musculus,10090
ENSMUSG00000036768,Kif15,,Mus musculus,10090
ENSMUSG00000036769,Wdr44,,Mus musculus,10090
ENSMUSG00000036770,Stpg3,,Mus musculus,10090
ENSMUSG00000036779,Tent4b,,Mus musculus,10090
ENSMUSG00000036790,Slitrk2,,Mus musculus,10090
ENSMUSG00000036792,Mbd5,,Mus musculus,10090
ENSMUSG00000036800,Fam135b,,Mus musculus,10090
ENSMUSG00000036813,Entpd8,,Mus musculus,10090
ENSMUSG00000036815,Dpp10,,Mus musculus,10090
ENSMUSG00000036819,Jmjd4,,Mus musculus,10090
ENSMUSG00000036820,Amdhd2,,Mus musculus,10090
ENSMUSG00000036834,Plch1,,Mus musculus,10090
ENSMUSG00000036854,Hspb6,,Mus musculus,10090
ENSMUSG00000036862,Dchs1,,Mus musculus,10090
ENSMUSG00000036863,Syde2,,Mus musculus,10090
ENSMUSG00000036872,Abcc12,,Mus musculus,10090
ENSMUSG00000036882,Arhgap33,,Mus musculus,10090
ENSMUSG00000036885,Arhgef26,,Mus musculus,10090
ENSMUSG00000036890,Gtdc1,,Mus musculus,10090
ENSMUSG00000036893,Ehmt1,,Mus musculus,10090
ENSMUSG00000036898,Zfp157,,Mus musculus,10090
ENSMUSG00000036902,Neto2,,Mus musculus,10090
ENSMUSG00000036907,C1ql2,,Mus musculus,10090
ENSMUSG00000036912,Piwil4,,Mus musculus,10090
ENSMUSG00000036913,Trim67,,Mus musculus,10090
ENSMUSG00000036918,Ttc7,,Mus musculus,10090
ENSMUSG00000036923,Stox1,,Mus musculus,10090
ENSMUSG00000036924,Cst13,,Mus musculus,10090
ENSMUSG00000036931,Nfkbid,,Mus musculus,10090
ENSMUSG00000036949,Slc39a12,,Mus musculus,10090
ENSMUSG00000036951,Aadacl2fm1,,Mus musculus,10090
ENSMUSG00000036955,Kif1bp,,Mus musculus,10090
ENSMUSG00000036959,Bcorl1,,Mus musculus,10090
ENSMUSG00000036960,Clca2,,Mus musculus,10090
ENSMUSG00000036962,Cfap221,,Mus musculus,10090
ENSMUSG00000036968,Cnpy4,,Mus musculus,10090
ENSMUSG00000036975,Tmem177,,Mus musculus,10090
ENSMUSG00000036977,Anapc10,,Mus musculus,10090
ENSMUSG00000037016,Frem2,,Mus musculus,10090
ENSMUSG00000037075,Rnf139,,Mus musculus,10090
ENSMUSG00000037085,Trmt12,,Mus musculus,10090
ENSMUSG00000037086,Prr32,,Mus musculus,10090
ENSMUSG00000037098,Rab11fip3,,Mus musculus,10090
ENSMUSG00000037101,Ttc29,,Mus musculus,10090
ENSMUSG00000037106,Fer1l6,,Mus musculus,10090
ENSMUSG00000037110,Ralgapa2,,Mus musculus,10090
ENSMUSG00000037112,Sik2,,Mus musculus,10090
ENSMUSG00000037134,Prmt9,,Mus musculus,10090
ENSMUSG00000037138,Aff3,,Mus musculus,10090
ENSMUSG00000037139,Myom3,,Mus musculus,10090
ENSMUSG00000037159,Wee2,,Mus musculus,10090
ENSMUSG00000037188,Grhl3,,Mus musculus,10090
ENSMUSG00000037210,Fam193a,,Mus musculus,10090
ENSMUSG00000037214,Thap1,,Mus musculus,10090
ENSMUSG00000037221,Mospd3,,Mus musculus,10090
ENSMUSG00000037224,Zfyve28,,Mus musculus,10090
ENSMUSG00000037225,Fgf2,,Mus musculus,10090
ENSMUSG00000037234,Hook3,,Mus musculus,10090
ENSMUSG00000037239,Spred3,,Mus musculus,10090
ENSMUSG00000037243,Zfp692,,Mus musculus,10090
ENSMUSG00000037247,Pldi,,Mus musculus,10090
ENSMUSG00000037253,Mex3c,,Mus musculus,10090
ENSMUSG00000037259,Dzank1,,Mus musculus,10090
ENSMUSG00000037263,Aldh3b3,,Mus musculus,10090
ENSMUSG00000037275,Gemin5,,Mus musculus,10090
ENSMUSG00000037306,Man1c1,,Mus musculus,10090
ENSMUSG00000037307,Banf2,,Mus musculus,10090
ENSMUSG00000037315,Jade3,,Mus musculus,10090
ENSMUSG00000037318,Traf3ip3,,Mus musculus,10090
ENSMUSG00000037325,Bbs7,,Mus musculus,10090
ENSMUSG00000037336,Mfsd2b,,Mus musculus,10090
ENSMUSG00000037343,Taf2,,Mus musculus,10090
ENSMUSG00000037355,Uvssa,,Mus musculus,10090
ENSMUSG00000037358,Dipk2b,,Mus musculus,10090
ENSMUSG00000037363,Letm2,,Mus musculus,10090
ENSMUSG00000037376,Trmt6,,Mus musculus,10090
ENSMUSG00000037406,Htra4,,Mus musculus,10090
ENSMUSG00000037408,Cnnm4,,Mus musculus,10090
ENSMUSG00000037410,Tbc1d2b,,Mus musculus,10090
ENSMUSG00000037418,Best1,,Mus musculus,10090
ENSMUSG00000037426,Depdc5,,Mus musculus,10090
ENSMUSG00000037428,Vgf,,Mus musculus,10090
ENSMUSG00000037437,Adam32,,Mus musculus,10090
ENSMUSG00000037455,Slc18b1,,Mus musculus,10090
ENSMUSG00000037463,Fbxo27,,Mus musculus,10090
ENSMUSG00000037486,Asxl2,,Mus musculus,10090
ENSMUSG00000037490,Slc2a12,,Mus musculus,10090
ENSMUSG00000037492,Zmat4,,Mus musculus,10090
ENSMUSG00000037503,Fam168b,,Mus musculus,10090
ENSMUSG00000037509,Arhgef4,,Mus musculus,10090
ENSMUSG00000037514,Pank2,,Mus musculus,10090
ENSMUSG00000037519,Ppfia1,,Mus musculus,10090
ENSMUSG00000037535,1700021A07Rik,,Mus musculus,10090
ENSMUSG00000037536,Fbxo34,,Mus musculus,10090
ENSMUSG00000037553,Zdhhc18,,Mus musculus,10090
ENSMUSG00000037577,Ephx3,,Mus musculus,10090
ENSMUSG00000037578,Pkd2l1,,Mus musculus,10090
ENSMUSG00000037579,Kcnh3,,Mus musculus,10090
ENSMUSG00000037593,Rskr,,Mus musculus,10090
ENSMUSG00000037605,Adgrl3,,Mus musculus,10090
ENSMUSG00000037628,Cdkn3,,Mus musculus,10090
ENSMUSG00000037638,Zbtb42,,Mus musculus,10090
ENSMUSG00000037646,Vps13b,,Mus musculus,10090
ENSMUSG00000037652,Phc3,,Mus musculus,10090
ENSMUSG00000037653,Kctd8,,Mus musculus,10090
ENSMUSG00000037661,Gpr160,,Mus musculus,10090
ENSMUSG00000037674,Rfx7,,Mus musculus,10090
ENSMUSG00000037679,Inf2,,Mus musculus,10090
ENSMUSG00000037683,Armc3,,Mus musculus,10090
ENSMUSG00000037686,Aspg,,Mus musculus,10090
ENSMUSG00000037689,Tmem247,,Mus musculus,10090
ENSMUSG00000037703,Lzts3,,Mus musculus,10090
ENSMUSG00000037708,Spag6,,Mus musculus,10090
ENSMUSG00000037709,Fam13a,,Mus musculus,10090
ENSMUSG00000037716,Ccdc33,,Mus musculus,10090
ENSMUSG00000037735,2810032G03Rik,,Mus musculus,10090
ENSMUSG00000037737,Actrt3,,Mus musculus,10090
ENSMUSG00000037738,Nek5,,Mus musculus,10090
ENSMUSG00000037752,Xkr8,,Mus musculus,10090
ENSMUSG00000037761,Actr5,,Mus musculus,10090
ENSMUSG00000037762,Slc16a9,,Mus musculus,10090
ENSMUSG00000037773,Pced1a,,Mus musculus,10090
ENSMUSG00000037784,Dzip1l,,Mus musculus,10090
ENSMUSG00000037787,Apopt1,,Mus musculus,10090
ENSMUSG00000037795,N4bp2,,Mus musculus,10090
ENSMUSG00000037801,Iqch,,Mus musculus,10090
ENSMUSG00000037816,Fbxw17,,Mus musculus,10090
ENSMUSG00000037826,Ppm1k,,Mus musculus,10090
ENSMUSG00000037833,Sh2d4b,,Mus musculus,10090
ENSMUSG00000037843,Vstm2l,,Mus musculus,10090
ENSMUSG00000037855,Zfp365,,Mus musculus,10090
ENSMUSG00000037857,Nufip2,,Mus musculus,10090
ENSMUSG00000037884,1700017G19Rik,,Mus musculus,10090
ENSMUSG00000037890,Wdr19,,Mus musculus,10090
ENSMUSG00000037904,Ankrd9,,Mus musculus,10090
ENSMUSG00000037905,Bri3bp,,Mus musculus,10090
ENSMUSG00000037907,Ankrd13b,,Mus musculus,10090
ENSMUSG00000037913,Tmem156,,Mus musculus,10090
ENSMUSG00000037922,Bank1,,Mus musculus,10090
ENSMUSG00000037926,Ssh2,,Mus musculus,10090
ENSMUSG00000037940,Inpp4b,,Mus musculus,10090
ENSMUSG00000037953,A4gnt,,Mus musculus,10090
ENSMUSG00000037958,Nsrp1,,Mus musculus,10090
ENSMUSG00000037962,Rflna,,Mus musculus,10090
ENSMUSG00000037972,Snn,,Mus musculus,10090
ENSMUSG00000037977,6430571L13Rik,,Mus musculus,10090
ENSMUSG00000037982,Gm9725,,Mus musculus,10090
ENSMUSG00000037990,Sh3rf3,,Mus musculus,10090
ENSMUSG00000037991,Rmi2,,Mus musculus,10090
ENSMUSG00000037996,Slc24a2,,Mus musculus,10090
ENSMUSG00000037997,Parp11,,Mus musculus,10090
ENSMUSG00000038009,Dnajc22,,Mus musculus,10090
ENSMUSG00000038010,Ccdc138,,Mus musculus,10090
ENSMUSG00000038013,Wipf2,,Mus musculus,10090
ENSMUSG00000038020,Rapgefl1,,Mus musculus,10090
ENSMUSG00000038022,Mindy4,,Mus musculus,10090
ENSMUSG00000038028,Tigar,,Mus musculus,10090
ENSMUSG00000038042,Ptpdc1,,Mus musculus,10090
ENSMUSG00000038044,Cct8l1,,Mus musculus,10090
ENSMUSG00000038045,Sult6b1,,Mus musculus,10090
ENSMUSG00000038058,Nod1,,Mus musculus,10090
ENSMUSG00000038064,Cldn22,,Mus musculus,10090
ENSMUSG00000038069,Cdkn2aip,,Mus musculus,10090
ENSMUSG00000038074,Fkbp14,,Mus musculus,10090
ENSMUSG00000038079,Tmem237,,Mus musculus,10090
ENSMUSG00000038080,Kdm1b,,Mus musculus,10090
ENSMUSG00000038094,Atp13a4,,Mus musculus,10090
ENSMUSG00000038102,Trappc11,,Mus musculus,10090
ENSMUSG00000038112,AW551984,,Mus musculus,10090
ENSMUSG00000038121,Fam210a,,Mus musculus,10090
ENSMUSG00000038122,Tbc1d32,,Mus musculus,10090
ENSMUSG00000038132,Rbm24,,Mus musculus,10090
ENSMUSG00000038143,Stox2,,Mus musculus,10090
ENSMUSG00000038152,5033430I15Rik,,Mus musculus,10090
ENSMUSG00000038165,1700022A21Rik,,Mus musculus,10090
ENSMUSG00000038168,P3h2,,Mus musculus,10090
ENSMUSG00000038173,Enpp6,,Mus musculus,10090
ENSMUSG00000038178,Slc43a2,,Mus musculus,10090
ENSMUSG00000038181,Chpf2,,Mus musculus,10090
ENSMUSG00000038188,Scarf1,,Mus musculus,10090
ENSMUSG00000038195,Rilp,,Mus musculus,10090
ENSMUSG00000038205,Prkab2,,Mus musculus,10090
ENSMUSG00000038208,Pgap3,,Mus musculus,10090
ENSMUSG00000038214,Bend3,,Mus musculus,10090
ENSMUSG00000038215,Cep44,,Mus musculus,10090
ENSMUSG00000038225,Primpol,,Mus musculus,10090
ENSMUSG00000038240,Pdss2,,Mus musculus,10090
ENSMUSG00000038260,Trpm4,,Mus musculus,10090
ENSMUSG00000038276,Asic3,,Mus musculus,10090
ENSMUSG00000038280,Ostm1,,Mus musculus,10090
ENSMUSG00000038291,Snx25,,Mus musculus,10090
ENSMUSG00000038296,Galnt18,,Mus musculus,10090
ENSMUSG00000038311,2410017I17Rik,,Mus musculus,10090
ENSMUSG00000038323,1700066M21Rik,,Mus musculus,10090
ENSMUSG00000038330,C87499,,Mus musculus,10090
ENSMUSG00000038346,Zfp384,,Mus musculus,10090
ENSMUSG00000038349,Plcl1,,Mus musculus,10090
ENSMUSG00000038351,Sgsm2,,Mus musculus,10090
ENSMUSG00000038354,Ankrd35,,Mus musculus,10090
ENSMUSG00000038368,Focad,,Mus musculus,10090
ENSMUSG00000038372,Gmds,,Mus musculus,10090
ENSMUSG00000038384,Setd1b,,Mus musculus,10090
ENSMUSG00000038398,Upf3a,,Mus musculus,10090
ENSMUSG00000038403,Hjv,,Mus musculus,10090
ENSMUSG00000038406,Scaf1,,Mus musculus,10090
ENSMUSG00000038408,1700018A04Rik,,Mus musculus,10090
ENSMUSG00000038446,Cdc40,,Mus musculus,10090
ENSMUSG00000038456,Dennd2a,,Mus musculus,10090
ENSMUSG00000038473,Nos1ap,,Mus musculus,10090
ENSMUSG00000038481,Cdk19,,Mus musculus,10090
ENSMUSG00000038491,Cdk19os,,Mus musculus,10090
ENSMUSG00000038506,Dcun1d2,,Mus musculus,10090
ENSMUSG00000038517,Tbkbp1,,Mus musculus,10090
ENSMUSG00000038523,1700003F12Rik,,Mus musculus,10090
ENSMUSG00000038528,Mfsd4b5,,Mus musculus,10090
ENSMUSG00000038534,Osbpl7,,Mus musculus,10090
ENSMUSG00000038538,Ubn2,,Mus musculus,10090
ENSMUSG00000038544,Inip,,Mus musculus,10090
ENSMUSG00000038550,Ciart,,Mus musculus,10090
ENSMUSG00000038570,Saxo2,,Mus musculus,10090
ENSMUSG00000038578,Susd1,,Mus musculus,10090
ENSMUSG00000038591,Colec10,,Mus musculus,10090
ENSMUSG00000038593,Tctn1,,Mus musculus,10090
ENSMUSG00000038594,Cep85l,,Mus musculus,10090
ENSMUSG00000038602,Slc35f1,,Mus musculus,10090
ENSMUSG00000038608,Dock10,,Mus musculus,10090
ENSMUSG00000038611,Phrf1,,Mus musculus,10090
ENSMUSG00000038658,Ric1,,Mus musculus,10090
ENSMUSG00000038663,Fsd2,,Mus musculus,10090
ENSMUSG00000038665,Dgki,,Mus musculus,10090
ENSMUSG00000038670,Mybpc2,,Mus musculus,10090
ENSMUSG00000038677,Scube3,,Mus musculus,10090
ENSMUSG00000038685,Rtel1,,Mus musculus,10090
ENSMUSG00000038702,Dsel,,Mus musculus,10090
ENSMUSG00000038705,Gmeb2,,Mus musculus,10090
ENSMUSG00000038738,Shank1,,Mus musculus,10090
ENSMUSG00000038756,Ttll6,,Mus musculus,10090
ENSMUSG00000038759,Nup205,,Mus musculus,10090
ENSMUSG00000038764,Ptpn3,,Mus musculus,10090
ENSMUSG00000038766,Gabpb2,,Mus musculus,10090
ENSMUSG00000038768,9130409I23Rik,,Mus musculus,10090
ENSMUSG00000038770,Kpna7,,Mus musculus,10090
ENSMUSG00000038774,Ascc3,,Mus musculus,10090
ENSMUSG00000038780,Smurf1,,Mus musculus,10090
ENSMUSG00000038782,1700028J19Rik,,Mus musculus,10090
ENSMUSG00000038806,Sde2,,Mus musculus,10090
ENSMUSG00000038807,Rap1gap2,,Mus musculus,10090
ENSMUSG00000038811,Gngt2,,Mus musculus,10090
ENSMUSG00000038827,Abitram,,Mus musculus,10090
ENSMUSG00000038831,Ralgps1,,Mus musculus,10090
ENSMUSG00000038838,Vars2,,Mus musculus,10090
ENSMUSG00000038840,Birc7,,Mus musculus,10090
ENSMUSG00000038860,Garnl3,,Mus musculus,10090
ENSMUSG00000038861,Pi4kb,,Mus musculus,10090
ENSMUSG00000038866,Zcchc2,,Mus musculus,10090
ENSMUSG00000038886,Man2a2,,Mus musculus,10090
ENSMUSG00000038895,Zfp653,,Mus musculus,10090
ENSMUSG00000038902,Pogz,,Mus musculus,10090
ENSMUSG00000038903,Ccdc68,,Mus musculus,10090
ENSMUSG00000038916,Soga3,,Mus musculus,10090
ENSMUSG00000038917,3930402G23Rik,,Mus musculus,10090
ENSMUSG00000038949,Cnst,,Mus musculus,10090
ENSMUSG00000038954,Supt3,,Mus musculus,10090
ENSMUSG00000038957,Edc3,,Mus musculus,10090
ENSMUSG00000038963,Slco4a1,,Mus musculus,10090
ENSMUSG00000038970,Lmtk2,,Mus musculus,10090
ENSMUSG00000038973,Cldnd2,,Mus musculus,10090
ENSMUSG00000038984,Tspyl5,,Mus musculus,10090
ENSMUSG00000039001,Rps21,,Mus musculus,10090
ENSMUSG00000039043,Arpin,,Mus musculus,10090
ENSMUSG00000039046,Usp6nl,,Mus musculus,10090
ENSMUSG00000039057,Myo16,,Mus musculus,10090
ENSMUSG00000039065,Atpsckmt,,Mus musculus,10090
ENSMUSG00000039070,Cpa4,,Mus musculus,10090
ENSMUSG00000039086,Ss18l1,,Mus musculus,10090
ENSMUSG00000039089,L3mbtl3,,Mus musculus,10090
ENSMUSG00000039092,Sptlc3,,Mus musculus,10090
ENSMUSG00000039096,Rsad1,,Mus musculus,10090
ENSMUSG00000039103,Nexn,,Mus musculus,10090
ENSMUSG00000039114,Nrn1,,Mus musculus,10090
ENSMUSG00000039116,Adgrg6,,Mus musculus,10090
ENSMUSG00000039126,Prune2,,Mus musculus,10090
ENSMUSG00000039133,9330171B17Rik,,Mus musculus,10090
ENSMUSG00000039137,Whrn,,Mus musculus,10090
ENSMUSG00000039155,Cdh26,,Mus musculus,10090
ENSMUSG00000039156,Stim2,,Mus musculus,10090
ENSMUSG00000039163,Cmc1,,Mus musculus,10090
ENSMUSG00000039164,Naif1,,Mus musculus,10090
ENSMUSG00000039166,Akap7,,Mus musculus,10090
ENSMUSG00000039174,1700003H04Rik,,Mus musculus,10090
ENSMUSG00000039179,Tekt5,,Mus musculus,10090
ENSMUSG00000039198,Ptchd3,,Mus musculus,10090
ENSMUSG00000039201,Tbc1d25,,Mus musculus,10090
ENSMUSG00000039218,Srrm2,,Mus musculus,10090
ENSMUSG00000039220,Ppp1r10,,Mus musculus,10090
ENSMUSG00000039232,Stx11,,Mus musculus,10090
ENSMUSG00000039238,Zfp750,,Mus musculus,10090
ENSMUSG00000039252,Lgi2,,Mus musculus,10090
ENSMUSG00000039262,Prrc2b,,Mus musculus,10090
ENSMUSG00000039269,2300002M23Rik,,Mus musculus,10090
ENSMUSG00000039270,Megf9,,Mus musculus,10090
ENSMUSG00000039286,Fndc3b,,Mus musculus,10090
ENSMUSG00000039296,Spdye4a,,Mus musculus,10090
ENSMUSG00000039313,Minar1,,Mus musculus,10090
ENSMUSG00000039316,Rftn1,,Mus musculus,10090
ENSMUSG00000039328,Rnf122,,Mus musculus,10090
ENSMUSG00000039335,Spata16,,Mus musculus,10090
ENSMUSG00000039339,Mfsd4b2,,Mus musculus,10090
ENSMUSG00000039357,Fut11,,Mus musculus,10090
ENSMUSG00000039372,March4,,Mus musculus,10090
ENSMUSG00000039375,Wdr17,,Mus musculus,10090
ENSMUSG00000039376,Synpo2l,,Mus musculus,10090
ENSMUSG00000039391,Ccdc81,,Mus musculus,10090
ENSMUSG00000039410,Prdm16,,Mus musculus,10090
ENSMUSG00000039414,Heatr5b,,Mus musculus,10090
ENSMUSG00000039449,Prpf18,,Mus musculus,10090
ENSMUSG00000039458,Mtmr12,,Mus musculus,10090
ENSMUSG00000039478,Micu3,,Mus musculus,10090
ENSMUSG00000039480,Nt5dc1,,Mus musculus,10090
ENSMUSG00000039497,Dse,,Mus musculus,10090
ENSMUSG00000039508,Calhm4,,Mus musculus,10090
ENSMUSG00000039529,Atp8b1,,Mus musculus,10090
ENSMUSG00000039540,4921524L21Rik,,Mus musculus,10090
ENSMUSG00000039543,Cfap70,,Mus musculus,10090
ENSMUSG00000039545,Flicr,,Mus musculus,10090
ENSMUSG00000039546,Ajap1,,Mus musculus,10090
ENSMUSG00000039552,Rsph4a,,Mus musculus,10090
ENSMUSG00000039555,Cylc2,,Mus musculus,10090
ENSMUSG00000039563,2210406O10Rik,,Mus musculus,10090
ENSMUSG00000039577,Nphp4,,Mus musculus,10090
ENSMUSG00000039578,Ccser1,,Mus musculus,10090
ENSMUSG00000039579,Grin3a,,Mus musculus,10090
ENSMUSG00000039607,Rbms3,,Mus musculus,10090
ENSMUSG00000039620,Trmt9b,,Mus musculus,10090
ENSMUSG00000039621,Prex1,,Mus musculus,10090
ENSMUSG00000039623,Ap5z1,,Mus musculus,10090
ENSMUSG00000039628,Hs3st6,,Mus musculus,10090
ENSMUSG00000039629,Strip2,,Mus musculus,10090
ENSMUSG00000039632,Ccdc151,,Mus musculus,10090
ENSMUSG00000039633,Lonrf1,,Mus musculus,10090
ENSMUSG00000039637,Coro7,,Mus musculus,10090
ENSMUSG00000039648,Kyat1,,Mus musculus,10090
ENSMUSG00000039676,Capsl,,Mus musculus,10090
ENSMUSG00000039683,Sdk1,,Mus musculus,10090
ENSMUSG00000039686,Zer1,,Mus musculus,10090
ENSMUSG00000039697,Ncoa7,,Mus musculus,10090
ENSMUSG00000039704,Lmbrd2,,Mus musculus,10090
ENSMUSG00000039715,Wdr34,,Mus musculus,10090
ENSMUSG00000039716,Dock3,,Mus musculus,10090
ENSMUSG00000039717,Ralyl,,Mus musculus,10090
ENSMUSG00000039720,Got1l1,,Mus musculus,10090
ENSMUSG00000039735,Fnbp1l,,Mus musculus,10090
ENSMUSG00000039738,Slx4,,Mus musculus,10090
ENSMUSG00000039741,Bahcc1,,Mus musculus,10090
ENSMUSG00000039742,Fam71f1,,Mus musculus,10090
ENSMUSG00000039747,Orai2,,Mus musculus,10090
ENSMUSG00000039753,Fbxl5,,Mus musculus,10090
ENSMUSG00000039759,Thap3,,Mus musculus,10090
ENSMUSG00000039760,Il22ra2,,Mus musculus,10090
ENSMUSG00000039765,Cc2d2a,,Mus musculus,10090
ENSMUSG00000039774,Galnt12,,Mus musculus,10090
ENSMUSG00000039787,Cercam,,Mus musculus,10090
ENSMUSG00000039789,Zfp597,,Mus musculus,10090
ENSMUSG00000039798,2600006K01Rik,,Mus musculus,10090
ENSMUSG00000039801,Cplane1,,Mus musculus,10090
ENSMUSG00000039813,Tbc1d2,,Mus musculus,10090
ENSMUSG00000039814,Xkr5,,Mus musculus,10090
ENSMUSG00000039828,Wdr70,,Mus musculus,10090
ENSMUSG00000039831,Arhgap29,,Mus musculus,10090
ENSMUSG00000039834,Zfp335,,Mus musculus,10090
ENSMUSG00000039840,Epg5,,Mus musculus,10090
ENSMUSG00000039841,Zfp800,,Mus musculus,10090
ENSMUSG00000039842,Mcph1,,Mus musculus,10090
ENSMUSG00000039849,Pcif1,,Mus musculus,10090
ENSMUSG00000039850,Endov,,Mus musculus,10090
ENSMUSG00000039853,Trim14,,Mus musculus,10090
ENSMUSG00000039873,Neurl2,,Mus musculus,10090
ENSMUSG00000039878,Slc39a5,,Mus musculus,10090
ENSMUSG00000039879,Heca,,Mus musculus,10090
ENSMUSG00000039883,Lrrc17,,Mus musculus,10090
ENSMUSG00000039886,Tmem120a,,Mus musculus,10090
ENSMUSG00000039901,Armh3,,Mus musculus,10090
ENSMUSG00000039908,Slc26a11,,Mus musculus,10090
ENSMUSG00000039913,Pak7,,Mus musculus,10090
ENSMUSG00000039929,Urb1,,Mus musculus,10090
ENSMUSG00000039954,Stk32a,,Mus musculus,10090
ENSMUSG00000039963,Ccdc40,,Mus musculus,10090
ENSMUSG00000039976,Tbc1d16,,Mus musculus,10090
ENSMUSG00000039977,Deup1,,Mus musculus,10090
ENSMUSG00000039981,Zc3h12d,,Mus musculus,10090
ENSMUSG00000039982,Dtx4,,Mus musculus,10090
ENSMUSG00000039983,Ccdc32,,Mus musculus,10090
ENSMUSG00000040007,Bahd1,,Mus musculus,10090
ENSMUSG00000040022,Rab11fip2,,Mus musculus,10090
ENSMUSG00000040035,Disp2,,Mus musculus,10090
ENSMUSG00000040037,Negr1,,Mus musculus,10090
ENSMUSG00000040086,Tnni3k,,Mus musculus,10090
ENSMUSG00000040105,Plpp6,,Mus musculus,10090
ENSMUSG00000040111,Gramd1b,,Mus musculus,10090
ENSMUSG00000040113,Mettl11b,,Mus musculus,10090
ENSMUSG00000040124,Gorab,,Mus musculus,10090
ENSMUSG00000040125,Gpr26,,Mus musculus,10090
ENSMUSG00000040127,Sdr9c7,,Mus musculus,10090
ENSMUSG00000040133,Gpr176,,Mus musculus,10090
ENSMUSG00000040139,9430038I01Rik,,Mus musculus,10090
ENSMUSG00000040147,Maob,,Mus musculus,10090
ENSMUSG00000040163,1700034J05Rik,,Mus musculus,10090
ENSMUSG00000040167,Ikzf5,,Mus musculus,10090
ENSMUSG00000040174,Alkbh3,,Mus musculus,10090
ENSMUSG00000040177,2310057M21Rik,,Mus musculus,10090
ENSMUSG00000040195,Nemp1,,Mus musculus,10090
ENSMUSG00000040219,Ttc12,,Mus musculus,10090
ENSMUSG00000040225,Prrc2c,,Mus musculus,10090
ENSMUSG00000040247,Tbc1d10c,,Mus musculus,10090
ENSMUSG00000040254,Sema3d,,Mus musculus,10090
ENSMUSG00000040258,Nxph4,,Mus musculus,10090
ENSMUSG00000040260,Daam2,,Mus musculus,10090
ENSMUSG00000040272,Accs,,Mus musculus,10090
ENSMUSG00000040280,Ndufa4l2,,Mus musculus,10090
ENSMUSG00000040282,BC052040,,Mus musculus,10090
ENSMUSG00000040283,Btnl9,,Mus musculus,10090
ENSMUSG00000040287,Stac3,,Mus musculus,10090
ENSMUSG00000040296,Ddx58,,Mus musculus,10090
ENSMUSG00000040302,Rbm48,,Mus musculus,10090
ENSMUSG00000040312,Cchcr1,,Mus musculus,10090
ENSMUSG00000040321,Zfp770,,Mus musculus,10090
ENSMUSG00000040339,Fam102b,,Mus musculus,10090
ENSMUSG00000040340,Tex45,,Mus musculus,10090
ENSMUSG00000040354,Mars,,Mus musculus,10090
ENSMUSG00000040359,Ufl1,,Mus musculus,10090
ENSMUSG00000040363,Bcor,,Mus musculus,10090
ENSMUSG00000040387,Klhl32,,Mus musculus,10090
ENSMUSG00000040389,Wdr47,,Mus musculus,10090
ENSMUSG00000040390,Map3k10,,Mus musculus,10090
ENSMUSG00000040396,Abhd13,,Mus musculus,10090
ENSMUSG00000040410,Fbxl4,,Mus musculus,10090
ENSMUSG00000040423,Rc3h1,,Mus musculus,10090
ENSMUSG00000040433,Zbtb38,,Mus musculus,10090
ENSMUSG00000040434,Large2,,Mus musculus,10090
ENSMUSG00000040464,Gtpbp10,,Mus musculus,10090
ENSMUSG00000040467,4921522P10Rik,,Mus musculus,10090
ENSMUSG00000040471,Ggt6,,Mus musculus,10090
ENSMUSG00000040473,Cfap69,,Mus musculus,10090
ENSMUSG00000040483,Xaf1,,Mus musculus,10090
ENSMUSG00000040485,Lrrc52,,Mus musculus,10090
ENSMUSG00000040489,Sox30,,Mus musculus,10090
ENSMUSG00000040490,Lrfn2,,Mus musculus,10090
ENSMUSG00000040498,Igsf23,,Mus musculus,10090
ENSMUSG00000040514,Tex47,,Mus musculus,10090
ENSMUSG00000040520,Manea,,Mus musculus,10090
ENSMUSG00000040521,Tsfm,,Mus musculus,10090
ENSMUSG00000040528,Milr1,,Mus musculus,10090
ENSMUSG00000040532,Abhd11,,Mus musculus,10090
ENSMUSG00000040536,Necab1,,Mus musculus,10090
ENSMUSG00000040541,Tmem225,,Mus musculus,10090
ENSMUSG00000040543,Pitpnm3,,Mus musculus,10090
ENSMUSG00000040560,Wdr7,,Mus musculus,10090
ENSMUSG00000040565,Btaf1,,Mus musculus,10090
ENSMUSG00000040570,Rundc3b,,Mus musculus,10090
ENSMUSG00000040576,Tmem270,,Mus musculus,10090
ENSMUSG00000040596,Pogk,,Mus musculus,10090
ENSMUSG00000040601,Nlrp4a,,Mus musculus,10090
ENSMUSG00000040612,Ildr2,,Mus musculus,10090
ENSMUSG00000040614,Nlrp9c,,Mus musculus,10090
ENSMUSG00000040620,Dhx33,,Mus musculus,10090
ENSMUSG00000040624,Plekhg1,,Mus musculus,10090
ENSMUSG00000040629,Mael,,Mus musculus,10090
ENSMUSG00000040640,Erc2,,Mus musculus,10090
ENSMUSG00000040648,Ppip5k2,,Mus musculus,10090
ENSMUSG00000040651,Tasor,,Mus musculus,10090
ENSMUSG00000040657,1700063H04Rik,,Mus musculus,10090
ENSMUSG00000040675,Mthfd1l,,Mus musculus,10090
ENSMUSG00000040693,Slco4c1,,Mus musculus,10090
ENSMUSG00000040697,Dnajc16,,Mus musculus,10090
ENSMUSG00000040705,A930016O22Rik,,Mus musculus,10090
ENSMUSG00000040711,Sh3pxd2b,,Mus musculus,10090
ENSMUSG00000040721,Zfhx2,,Mus musculus,10090
ENSMUSG00000040729,Cep126,,Mus musculus,10090
ENSMUSG00000040734,Ppp1r13l,,Mus musculus,10090
ENSMUSG00000040759,Cmtm5,,Mus musculus,10090
ENSMUSG00000040782,Cop1,,Mus musculus,10090
ENSMUSG00000040797,Iqsec3,,Mus musculus,10090
ENSMUSG00000040811,Eml2,,Mus musculus,10090
ENSMUSG00000040828,Catsperd,,Mus musculus,10090
ENSMUSG00000040829,Zmynd15,,Mus musculus,10090
ENSMUSG00000040836,Gpr161,,Mus musculus,10090
ENSMUSG00000040840,4930579G18Rik,,Mus musculus,10090
ENSMUSG00000040842,Szrd1,,Mus musculus,10090
ENSMUSG00000040855,Reps2,,Mus musculus,10090
ENSMUSG00000040865,Ino80d,,Mus musculus,10090
ENSMUSG00000040877,Wdr25,,Mus musculus,10090
ENSMUSG00000040919,4930505A04Rik,,Mus musculus,10090
ENSMUSG00000040935,Padi6,,Mus musculus,10090
ENSMUSG00000040936,Ulk4,,Mus musculus,10090
ENSMUSG00000040943,Tet2,,Mus musculus,10090
ENSMUSG00000040969,Arhgef38,,Mus musculus,10090
ENSMUSG00000040972,Igsf21,,Mus musculus,10090
ENSMUSG00000040978,Gm11992,,Mus musculus,10090
ENSMUSG00000040985,Sun3,,Mus musculus,10090
ENSMUSG00000041009,Iqcf4,,Mus musculus,10090
ENSMUSG00000041020,Map7d2,,Mus musculus,10090
ENSMUSG00000041037,Irgq,,Mus musculus,10090
ENSMUSG00000041044,Lrit1,,Mus musculus,10090
ENSMUSG00000041064,Pif1,,Mus musculus,10090
ENSMUSG00000041073,Nacad,,Mus musculus,10090
ENSMUSG00000041084,Ostc,,Mus musculus,10090
ENSMUSG00000041096,Tspyl2,,Mus musculus,10090
ENSMUSG00000041115,Iqsec2,,Mus musculus,10090
ENSMUSG00000041117,Ccdc8,,Mus musculus,10090
ENSMUSG00000041138,Nme8,,Mus musculus,10090
ENSMUSG00000041141,Pnmal1,,Mus musculus,10090
ENSMUSG00000041161,Otud3,,Mus musculus,10090
ENSMUSG00000041180,Hectd2,,Mus musculus,10090
ENSMUSG00000041205,Map6d1,,Mus musculus,10090
ENSMUSG00000041215,Yeats2,,Mus musculus,10090
ENSMUSG00000041219,Arhgap11a,,Mus musculus,10090
ENSMUSG00000041245,Wnk3,,Mus musculus,10090
ENSMUSG00000041255,Tmco5b,,Mus musculus,10090
ENSMUSG00000041258,Zfp236,,Mus musculus,10090
ENSMUSG00000041264,Uspl1,,Mus musculus,10090
ENSMUSG00000041268,Dmxl2,,Mus musculus,10090
ENSMUSG00000041297,Cdk13,,Mus musculus,10090
ENSMUSG00000041298,Katnal1,,Mus musculus,10090
ENSMUSG00000041303,Gtf3c3,,Mus musculus,10090
ENSMUSG00000041323,Ak7,,Mus musculus,10090
ENSMUSG00000041343,Ankrd42,,Mus musculus,10090
ENSMUSG00000041353,Tmem29,,Mus musculus,10090
ENSMUSG00000041358,Nutm1,,Mus musculus,10090
ENSMUSG00000041362,Shtn1,,Mus musculus,10090
ENSMUSG00000041399,1700013G24Rik,,Mus musculus,10090
ENSMUSG00000041406,BC055324,,Mus musculus,10090
ENSMUSG00000041408,Wapl,,Mus musculus,10090
ENSMUSG00000041440,Gk5,,Mus musculus,10090
ENSMUSG00000041444,Arhgap32,,Mus musculus,10090
ENSMUSG00000041445,Mmrn2,,Mus musculus,10090
ENSMUSG00000041460,Cacna2d4,,Mus musculus,10090
ENSMUSG00000041471,Shld2,,Mus musculus,10090
ENSMUSG00000041477,Dcp1b,,Mus musculus,10090
ENSMUSG00000041482,Piezo2,,Mus musculus,10090
ENSMUSG00000041491,Cep78,,Mus musculus,10090
ENSMUSG00000041498,Kif14,,Mus musculus,10090
ENSMUSG00000041512,4930569F06Rik,,Mus musculus,10090
ENSMUSG00000041530,Ago1,,Mus musculus,10090
ENSMUSG00000041544,Disp3,,Mus musculus,10090
ENSMUSG00000041570,Camsap2,,Mus musculus,10090
ENSMUSG00000041583,Obox6,,Mus musculus,10090
ENSMUSG00000041592,Sdk2,,Mus musculus,10090
ENSMUSG00000041596,Nlrp5-ps,,Mus musculus,10090
ENSMUSG00000041608,Entpd3,,Mus musculus,10090
ENSMUSG00000041617,Ccdc74a,,Mus musculus,10090
ENSMUSG00000041623,D11Wsu47e,,Mus musculus,10090
ENSMUSG00000041624,Gucy1a2,,Mus musculus,10090
ENSMUSG00000041632,Mrps27,,Mus musculus,10090
ENSMUSG00000041633,Kctd12b,,Mus musculus,10090
ENSMUSG00000041638,Gcn1,,Mus musculus,10090
ENSMUSG00000041644,Slc5a12,,Mus musculus,10090
ENSMUSG00000041670,Rims1,,Mus musculus,10090
ENSMUSG00000041684,Bivm,,Mus musculus,10090
ENSMUSG00000041685,Fcho2,,Mus musculus,10090
ENSMUSG00000041702,Btbd7,,Mus musculus,10090
ENSMUSG00000041703,Zic5,,Mus musculus,10090
ENSMUSG00000041707,Tmem273,,Mus musculus,10090
ENSMUSG00000041708,Mpped1,,Mus musculus,10090
ENSMUSG00000041730,Prrxl1,,Mus musculus,10090
ENSMUSG00000041731,Pgm5,,Mus musculus,10090
ENSMUSG00000041747,Utp15,,Mus musculus,10090
ENSMUSG00000041771,Slc24a4,,Mus musculus,10090
ENSMUSG00000041774,Ydjc,,Mus musculus,10090
ENSMUSG00000041775,Mapk1ip1,,Mus musculus,10090
ENSMUSG00000041789,2700046A07Rik,,Mus musculus,10090
ENSMUSG00000041794,Myrip,,Mus musculus,10090
ENSMUSG00000041797,Abca9,,Mus musculus,10090
ENSMUSG00000041809,Efhc1,,Mus musculus,10090
ENSMUSG00000041849,Card6,,Mus musculus,10090
ENSMUSG00000041872,Il17f,,Mus musculus,10090
ENSMUSG00000041878,8430432A02Rik,,Mus musculus,10090
ENSMUSG00000041886,Macc1,,Mus musculus,10090
ENSMUSG00000041889,Shisa4,,Mus musculus,10090
ENSMUSG00000041912,Tdrkh,,Mus musculus,10090
ENSMUSG00000041923,Nol4,,Mus musculus,10090
ENSMUSG00000041945,Mfsd9,,Mus musculus,10090
ENSMUSG00000041949,Tango6,,Mus musculus,10090
ENSMUSG00000041961,Znrf3,,Mus musculus,10090
ENSMUSG00000041966,Dcaf17,,Mus musculus,10090
ENSMUSG00000041977,Arhgef11,,Mus musculus,10090
ENSMUSG00000041986,Elmod1,,Mus musculus,10090
ENSMUSG00000041992,Rapgef5,,Mus musculus,10090
ENSMUSG00000041997,Tlk1,,Mus musculus,10090
ENSMUSG00000042015,Wdr41,,Mus musculus,10090
ENSMUSG00000042031,Lce3b,,Mus musculus,10090
ENSMUSG00000042035,Igsf3,,Mus musculus,10090
ENSMUSG00000042050,Wdr60,,Mus musculus,10090
ENSMUSG00000042055,Wdr11,,Mus musculus,10090
ENSMUSG00000042064,Myo3b,,Mus musculus,10090
ENSMUSG00000042082,Arsb,,Mus musculus,10090
ENSMUSG00000042087,4933440N22Rik,,Mus musculus,10090
ENSMUSG00000042092,Lce1c,,Mus musculus,10090
ENSMUSG00000042105,Inpp5f,,Mus musculus,10090
ENSMUSG00000042106,Inka1,,Mus musculus,10090
ENSMUSG00000042121,Ssh1,,Mus musculus,10090
ENSMUSG00000042129,Rassf4,,Mus musculus,10090
ENSMUSG00000042148,Cox10,,Mus musculus,10090
ENSMUSG00000042155,Klhl23,,Mus musculus,10090
ENSMUSG00000042182,Bend6,,Mus musculus,10090
ENSMUSG00000042184,1700069L16Rik,,Mus musculus,10090
ENSMUSG00000042185,Nfrkb,,Mus musculus,10090
ENSMUSG00000042189,Tekt3,,Mus musculus,10090
ENSMUSG00000042195,Slc35f2,,Mus musculus,10090
ENSMUSG00000042202,Slc35e2,,Mus musculus,10090
ENSMUSG00000042203,Tbc1d22b,,Mus musculus,10090
ENSMUSG00000042208,0610010F05Rik,,Mus musculus,10090
ENSMUSG00000042213,Zfand4,,Mus musculus,10090
ENSMUSG00000042216,Sgsm1,,Mus musculus,10090
ENSMUSG00000042246,Tmc7,,Mus musculus,10090
ENSMUSG00000042249,Grk3,,Mus musculus,10090
ENSMUSG00000042254,Cilp,,Mus musculus,10090
ENSMUSG00000042256,Ptchd4,,Mus musculus,10090
ENSMUSG00000042271,Nxt2,,Mus musculus,10090
ENSMUSG00000042272,Sestd1,,Mus musculus,10090
ENSMUSG00000042284,Itga1,,Mus musculus,10090
ENSMUSG00000042320,Prox2,,Mus musculus,10090
ENSMUSG00000042345,Ubash3a,,Mus musculus,10090
ENSMUSG00000042348,Arl15,,Mus musculus,10090
ENSMUSG00000042350,Arel1,,Mus musculus,10090
ENSMUSG00000042369,Rbm45,,Mus musculus,10090
ENSMUSG00000042371,Slc5a10,,Mus musculus,10090
ENSMUSG00000042372,Dmrt3,,Mus musculus,10090
ENSMUSG00000042388,Dlgap3,,Mus musculus,10090
ENSMUSG00000042389,Tsen2,,Mus musculus,10090
ENSMUSG00000042410,Agps,,Mus musculus,10090
ENSMUSG00000042414,Prdm14,,Mus musculus,10090
ENSMUSG00000042417,Ccno,,Mus musculus,10090
ENSMUSG00000042425,Frmpd3,,Mus musculus,10090
ENSMUSG00000042426,Dhx29,,Mus musculus,10090
ENSMUSG00000042444,Mindy2,,Mus musculus,10090
ENSMUSG00000042474,Fcmr,,Mus musculus,10090
ENSMUSG00000042477,Tfap2e,,Mus musculus,10090
ENSMUSG00000042487,Leo1,,Mus musculus,10090
ENSMUSG00000042489,Clspn,,Mus musculus,10090
ENSMUSG00000042496,Prdm10,,Mus musculus,10090
ENSMUSG00000042500,Ago4,,Mus musculus,10090
ENSMUSG00000042501,Cpa6,,Mus musculus,10090
ENSMUSG00000042505,Sdhaf3,,Mus musculus,10090
ENSMUSG00000042507,Elmsan1,,Mus musculus,10090
ENSMUSG00000042510,AA986860,,Mus musculus,10090
ENSMUSG00000042514,Klhl14,,Mus musculus,10090
ENSMUSG00000042515,Pwwp3b,,Mus musculus,10090
ENSMUSG00000042523,Dnal1,,Mus musculus,10090
ENSMUSG00000042525,4933428M09Rik,,Mus musculus,10090
ENSMUSG00000042532,Golga7b,,Mus musculus,10090
ENSMUSG00000042564,Fam227a,,Mus musculus,10090
ENSMUSG00000042572,Ube2q1,,Mus musculus,10090
ENSMUSG00000042579,4632404H12Rik,,Mus musculus,10090
ENSMUSG00000042581,Thsd7b,,Mus musculus,10090
ENSMUSG00000042595,Fam199x,,Mus musculus,10090
ENSMUSG00000042606,Hirip3,,Mus musculus,10090
ENSMUSG00000042616,Oscp1,,Mus musculus,10090
ENSMUSG00000042628,Zfyve1,,Mus musculus,10090
ENSMUSG00000042647,Acad12,,Mus musculus,10090
ENSMUSG00000042655,Shisal2b,,Mus musculus,10090
ENSMUSG00000042672,Dcst1,,Mus musculus,10090
ENSMUSG00000042680,Garem1,,Mus musculus,10090
ENSMUSG00000042694,Stn1,,Mus musculus,10090
ENSMUSG00000042700,Sipa1l1,,Mus musculus,10090
ENSMUSG00000042705,Commd10,,Mus musculus,10090
ENSMUSG00000042707,Dnali1,,Mus musculus,10090
ENSMUSG00000042708,Shcbp1l,,Mus musculus,10090
ENSMUSG00000042719,Naa25,,Mus musculus,10090
ENSMUSG00000042724,Map3k9,,Mus musculus,10090
ENSMUSG00000042734,Ttc9,,Mus musculus,10090
ENSMUSG00000042737,Dpm3,,Mus musculus,10090
ENSMUSG00000042742,Bmt2,,Mus musculus,10090
ENSMUSG00000042744,Hectd4,,Mus musculus,10090
ENSMUSG00000042751,Nmnat2,,Mus musculus,10090
ENSMUSG00000042757,Tmem108,,Mus musculus,10090
ENSMUSG00000042761,Mrap2,,Mus musculus,10090
ENSMUSG00000042772,Smg7,,Mus musculus,10090
ENSMUSG00000042787,Exog,,Mus musculus,10090
ENSMUSG00000042797,Aqp11,,Mus musculus,10090
ENSMUSG00000042800,Spata46,,Mus musculus,10090
ENSMUSG00000042807,Hecw2,,Mus musculus,10090
ENSMUSG00000042816,Gpr151,,Mus musculus,10090
ENSMUSG00000042846,Lrrtm3,,Mus musculus,10090
ENSMUSG00000042851,Zc3h6,,Mus musculus,10090
ENSMUSG00000042857,Gm9776,,Mus musculus,10090
ENSMUSG00000042873,Lhfpl4,,Mus musculus,10090
ENSMUSG00000042888,Prr30,,Mus musculus,10090
ENSMUSG00000042895,Abra,,Mus musculus,10090
ENSMUSG00000042918,Mamstr,,Mus musculus,10090
ENSMUSG00000042942,Greb1l,,Mus musculus,10090
ENSMUSG00000042961,Egflam,,Mus musculus,10090
ENSMUSG00000042997,Nhlrc3,,Mus musculus,10090
ENSMUSG00000043003,Rasef,,Mus musculus,10090
ENSMUSG00000043008,Klhl6,,Mus musculus,10090
ENSMUSG00000043015,Nemp2,,Mus musculus,10090
ENSMUSG00000043020,Wdr63,,Mus musculus,10090
ENSMUSG00000043036,Ccdc63,,Mus musculus,10090
ENSMUSG00000043059,Zfp513,,Mus musculus,10090
ENSMUSG00000043061,Tmem18,,Mus musculus,10090
ENSMUSG00000043067,Dpy19l1,,Mus musculus,10090
ENSMUSG00000043090,Zfp866,,Mus musculus,10090
ENSMUSG00000043110,Lrrn4,,Mus musculus,10090
ENSMUSG00000043126,D830039M14Rik,,Mus musculus,10090
ENSMUSG00000043144,Aqp6,,Mus musculus,10090
ENSMUSG00000043153,Crppa,,Mus musculus,10090
ENSMUSG00000043154,Ppp2r3a,,Mus musculus,10090
ENSMUSG00000043155,Hpdl,,Mus musculus,10090
ENSMUSG00000043164,Tmem212,,Mus musculus,10090
ENSMUSG00000043168,4930426D05Rik,,Mus musculus,10090
ENSMUSG00000043190,Rfesd,,Mus musculus,10090
ENSMUSG00000043230,Fam124b,,Mus musculus,10090
ENSMUSG00000043243,Fam129c,,Mus musculus,10090
ENSMUSG00000043251,Exoc3l,,Mus musculus,10090
ENSMUSG00000043252,Tmem64,,Mus musculus,10090
ENSMUSG00000043257,Pigv,,Mus musculus,10090
ENSMUSG00000043279,Trim56,,Mus musculus,10090
ENSMUSG00000043286,Pnpla1,,Mus musculus,10090
ENSMUSG00000043289,Mei4,,Mus musculus,10090
ENSMUSG00000043290,Zfp784,,Mus musculus,10090
ENSMUSG00000043298,Smco3,,Mus musculus,10090
ENSMUSG00000043323,Fbrsl1,,Mus musculus,10090
ENSMUSG00000043333,Rhbdl2,,Mus musculus,10090
ENSMUSG00000043336,Filip1l,,Mus musculus,10090
ENSMUSG00000043340,6530409C15Rik,,Mus musculus,10090
ENSMUSG00000043372,Hexim2,,Mus musculus,10090
ENSMUSG00000043388,Tmem130,,Mus musculus,10090
ENSMUSG00000043398,Gpr135,,Mus musculus,10090
ENSMUSG00000043415,Otud1,,Mus musculus,10090
ENSMUSG00000043418,Lrit2,,Mus musculus,10090
ENSMUSG00000043429,Ccdc185,,Mus musculus,10090
ENSMUSG00000043432,Leng9,,Mus musculus,10090
ENSMUSG00000043441,Gpr149,,Mus musculus,10090
ENSMUSG00000043456,Zfp536,,Mus musculus,10090
ENSMUSG00000043460,Elfn2,,Mus musculus,10090
ENSMUSG00000043463,Rab9b,,Mus musculus,10090
ENSMUSG00000043505,Gimap5,,Mus musculus,10090
ENSMUSG00000043535,Setx,,Mus musculus,10090
ENSMUSG00000043542,Zc2hc1a,,Mus musculus,10090
ENSMUSG00000043549,Fam90a1b,,Mus musculus,10090
ENSMUSG00000043556,Fbxl7,,Mus musculus,10090
ENSMUSG00000043557,Mdga1,,Mus musculus,10090
ENSMUSG00000043569,Cldn34c4,,Mus musculus,10090
ENSMUSG00000043587,Pxylp1,,Mus musculus,10090
ENSMUSG00000043592,Unc5cl,,Mus musculus,10090
ENSMUSG00000043602,Zfp3,,Mus musculus,10090
ENSMUSG00000043614,Vps37d,,Mus musculus,10090
ENSMUSG00000043623,4933412A08Rik,,Mus musculus,10090
ENSMUSG00000043629,1700019D03Rik,,Mus musculus,10090
ENSMUSG00000043631,Ecm2,,Mus musculus,10090
ENSMUSG00000043633,Fam221b,,Mus musculus,10090
ENSMUSG00000043635,Adamts3,,Mus musculus,10090
ENSMUSG00000043639,Rbm20,,Mus musculus,10090
ENSMUSG00000043644,0610009L18Rik,,Mus musculus,10090
ENSMUSG00000043648,Pld6,,Mus musculus,10090
ENSMUSG00000043668,Tox3,,Mus musculus,10090
ENSMUSG00000043671,Dpy19l3,,Mus musculus,10090
ENSMUSG00000043673,Kcns3,,Mus musculus,10090
ENSMUSG00000043681,Fam25c,,Mus musculus,10090
ENSMUSG00000043705,Capn13,,Mus musculus,10090
ENSMUSG00000043740,B430306N03Rik,,Mus musculus,10090
ENSMUSG00000043753,Dmrta1,,Mus musculus,10090
ENSMUSG00000043773,1700048O20Rik,,Mus musculus,10090
ENSMUSG00000043782,Bicdl2,,Mus musculus,10090
ENSMUSG00000043789,Vwce,,Mus musculus,10090
ENSMUSG00000043794,D830025C05Rik,,Mus musculus,10090
ENSMUSG00000043831,Lysmd4,,Mus musculus,10090
ENSMUSG00000043832,Clec4a3,,Mus musculus,10090
ENSMUSG00000043833,2900005J15Rik,,Mus musculus,10090
ENSMUSG00000043850,Clrn1,,Mus musculus,10090
ENSMUSG00000043857,Mgat5b,,Mus musculus,10090
ENSMUSG00000043881,Kbtbd7,,Mus musculus,10090
ENSMUSG00000043885,Slc36a4,,Mus musculus,10090
ENSMUSG00000043895,S1pr2,,Mus musculus,10090
ENSMUSG00000043903,Zfp469,,Mus musculus,10090
ENSMUSG00000043929,Klhl15,,Mus musculus,10090
ENSMUSG00000043945,Adam6a,,Mus musculus,10090
ENSMUSG00000043964,Orai3,,Mus musculus,10090
ENSMUSG00000043969,Emx2,,Mus musculus,10090
ENSMUSG00000043986,Spata31d1d,,Mus musculus,10090
ENSMUSG00000043993,2900052L18Rik,,Mus musculus,10090
ENSMUSG00000043999,Gpr75,,Mus musculus,10090
ENSMUSG00000044005,Gls2,,Mus musculus,10090
ENSMUSG00000044026,Slc35g1,,Mus musculus,10090
ENSMUSG00000044033,Ccdc141,,Mus musculus,10090
ENSMUSG00000044056,Efcab9,,Mus musculus,10090
ENSMUSG00000044062,Plekhd1os,,Mus musculus,10090
ENSMUSG00000044067,Gpr22,,Mus musculus,10090
ENSMUSG00000044071,Tafa2,,Mus musculus,10090
ENSMUSG00000044083,Efcab8,,Mus musculus,10090
ENSMUSG00000044086,Lmod3,,Mus musculus,10090
ENSMUSG00000044092,C130050O18Rik,,Mus musculus,10090
ENSMUSG00000044122,Proca1,,Mus musculus,10090
ENSMUSG00000044134,Pheta1,,Mus musculus,10090
ENSMUSG00000044149,Nkrf,,Mus musculus,10090
ENSMUSG00000044150,Bclaf3,,Mus musculus,10090
ENSMUSG00000044164,Rnf182,,Mus musculus,10090
ENSMUSG00000044172,Ptx4,,Mus musculus,10090
ENSMUSG00000044176,Spink10,,Mus musculus,10090
ENSMUSG00000044177,Wfikkn2,,Mus musculus,10090
ENSMUSG00000044227,Gm9789,,Mus musculus,10090
ENSMUSG00000044229,Nxpe4,,Mus musculus,10090
ENSMUSG00000044231,Nhlrc1,,Mus musculus,10090
ENSMUSG00000044243,Bhlha9,,Mus musculus,10090
ENSMUSG00000044244,Il20rb,,Mus musculus,10090
ENSMUSG00000044249,Defb29,,Mus musculus,10090
ENSMUSG00000044250,Pced1b,,Mus musculus,10090
ENSMUSG00000044254,Pcsk9,,Mus musculus,10090
ENSMUSG00000044276,4933427E11Rik,,Mus musculus,10090
ENSMUSG00000044296,Zfp879,,Mus musculus,10090
ENSMUSG00000044313,Mab21l3,,Mus musculus,10090
ENSMUSG00000044317,Gpr4,,Mus musculus,10090
ENSMUSG00000044339,Alkbh2,,Mus musculus,10090
ENSMUSG00000044350,Lacc1,,Mus musculus,10090
ENSMUSG00000044362,Ccdc89,,Mus musculus,10090
ENSMUSG00000044364,Tmem74b,,Mus musculus,10090
ENSMUSG00000044365,Cxxc4,,Mus musculus,10090
ENSMUSG00000044367,Slc16a13,,Mus musculus,10090
ENSMUSG00000044390,Tigd3,,Mus musculus,10090
ENSMUSG00000044430,Klk12,,Mus musculus,10090
ENSMUSG00000044433,Camsap3,,Mus musculus,10090
ENSMUSG00000044442,N6amt1,,Mus musculus,10090
ENSMUSG00000044452,Zfp507,,Mus musculus,10090
ENSMUSG00000044456,Rin3,,Mus musculus,10090
ENSMUSG00000044499,Hs3st5,,Mus musculus,10090
ENSMUSG00000044502,Bod1,,Mus musculus,10090
ENSMUSG00000044522,A730020M07Rik,,Mus musculus,10090
ENSMUSG00000044544,4921513I03Rik,,Mus musculus,10090
ENSMUSG00000044551,9930012K11Rik,,Mus musculus,10090
ENSMUSG00000044556,Tex38,,Mus musculus,10090
ENSMUSG00000044566,Cage1,,Mus musculus,10090
ENSMUSG00000044576,Garem2,,Mus musculus,10090
ENSMUSG00000044594,Serpinb3a,,Mus musculus,10090
ENSMUSG00000044617,Zbtb39,,Mus musculus,10090
ENSMUSG00000044626,Liph,,Mus musculus,10090
ENSMUSG00000044629,Cnrip1,,Mus musculus,10090
ENSMUSG00000044633,B530045E10Rik,,Mus musculus,10090
ENSMUSG00000044636,Csrnp2,,Mus musculus,10090
ENSMUSG00000044647,Csrnp3,,Mus musculus,10090
ENSMUSG00000044678,Ly6k,,Mus musculus,10090
ENSMUSG00000044681,Cnpy1,,Mus musculus,10090
ENSMUSG00000044694,2010007H06Rik,,Mus musculus,10090
ENSMUSG00000044700,Tmem201,,Mus musculus,10090
ENSMUSG00000044702,Palb2,,Mus musculus,10090
ENSMUSG00000044707,Ccnjl,,Mus musculus,10090
ENSMUSG00000044712,Slc38a6,,Mus musculus,10090
ENSMUSG00000044715,Gskip,,Mus musculus,10090
ENSMUSG00000044716,Dok7,,Mus musculus,10090
ENSMUSG00000044719,E230025N22Rik,,Mus musculus,10090
ENSMUSG00000044724,Gpr152,,Mus musculus,10090
ENSMUSG00000044730,9930104L06Rik,,Mus musculus,10090
ENSMUSG00000044749,Abca6,,Mus musculus,10090
ENSMUSG00000044788,Fads6,,Mus musculus,10090
ENSMUSG00000044791,Setd2,,Mus musculus,10090
ENSMUSG00000044813,Shb,,Mus musculus,10090
ENSMUSG00000044816,D630023F18Rik,,Mus musculus,10090
ENSMUSG00000044819,Oxgr1,,Mus musculus,10090
ENSMUSG00000044835,Ankrd45,,Mus musculus,10090
ENSMUSG00000044847,Lsm11,,Mus musculus,10090
ENSMUSG00000044854,1700056E22Rik,,Mus musculus,10090
ENSMUSG00000044860,Gm1123,,Mus musculus,10090
ENSMUSG00000044864,Ankrd50,,Mus musculus,10090
ENSMUSG00000044881,Coa4,,Mus musculus,10090
ENSMUSG00000044906,4930503L19Rik,,Mus musculus,10090
ENSMUSG00000044912,Syt16,,Mus musculus,10090
ENSMUSG00000044916,1700029I15Rik,,Mus musculus,10090
ENSMUSG00000044934,Zfp367,,Mus musculus,10090
ENSMUSG00000044937,Ttc41,,Mus musculus,10090
ENSMUSG00000044948,Cfap43,,Mus musculus,10090
ENSMUSG00000044950,Pwwp2a,,Mus musculus,10090
ENSMUSG00000044951,Mylk4,,Mus musculus,10090
ENSMUSG00000044952,Kctd21,,Mus musculus,10090
ENSMUSG00000044968,Napepld,,Mus musculus,10090
ENSMUSG00000044982,Sft2d3,,Mus musculus,10090
ENSMUSG00000044988,Ucn3,,Mus musculus,10090
ENSMUSG00000044991,Shld1,,Mus musculus,10090
ENSMUSG00000044997,E130304I02Rik,,Mus musculus,10090
ENSMUSG00000045004,Spata21,,Mus musculus,10090
ENSMUSG00000045008,9030612E09Rik,,Mus musculus,10090
ENSMUSG00000045009,Prrt3,,Mus musculus,10090
ENSMUSG00000045022,1700024P04Rik,,Mus musculus,10090
ENSMUSG00000045031,Cetn4,,Mus musculus,10090
ENSMUSG00000045034,Ankrd34b,,Mus musculus,10090
ENSMUSG00000045036,Tmem232,,Mus musculus,10090
ENSMUSG00000045039,Megf8,,Mus musculus,10090
ENSMUSG00000045045,Lrfn4,,Mus musculus,10090
ENSMUSG00000045071,E130308A19Rik,,Mus musculus,10090
ENSMUSG00000045075,Gm9796,,Mus musculus,10090
ENSMUSG00000045078,Rnf216,,Mus musculus,10090
ENSMUSG00000045083,Lingo2,,Mus musculus,10090
ENSMUSG00000045091,Aqp12,,Mus musculus,10090
ENSMUSG00000045094,Arhgef37,,Mus musculus,10090
ENSMUSG00000045102,Poln,,Mus musculus,10090
ENSMUSG00000045106,Ccdc73,,Mus musculus,10090
ENSMUSG00000045109,Krtap4-7,,Mus musculus,10090
ENSMUSG00000045160,Bola3,,Mus musculus,10090
ENSMUSG00000045165,AI467606,,Mus musculus,10090
ENSMUSG00000045174,Amer3,,Mus musculus,10090
ENSMUSG00000045176,Borcs6,,Mus musculus,10090
ENSMUSG00000045178,4933411O13Rik,,Mus musculus,10090
ENSMUSG00000045180,Shroom2,,Mus musculus,10090
ENSMUSG00000045205,Dpy19l4,,Mus musculus,10090
ENSMUSG00000045210,Vcpip1,,Mus musculus,10090
ENSMUSG00000045211,Nudt18,,Mus musculus,10090
ENSMUSG00000045215,Asxl3,,Mus musculus,10090
ENSMUSG00000045238,A730035I17Rik,,Mus musculus,10090
ENSMUSG00000045246,Kcng4,,Mus musculus,10090
ENSMUSG00000045257,Morn2,,Mus musculus,10090
ENSMUSG00000045268,Zfp691,,Mus musculus,10090
ENSMUSG00000045275,Lca5l,,Mus musculus,10090
ENSMUSG00000045281,Gpr20,,Mus musculus,10090
ENSMUSG00000045284,Dcaf12l1,,Mus musculus,10090
ENSMUSG00000045287,Rtn4rl1,,Mus musculus,10090
ENSMUSG00000045291,E330021D16Rik,,Mus musculus,10090
ENSMUSG00000045294,Insig1,,Mus musculus,10090
ENSMUSG00000045312,Lhfpl2,,Mus musculus,10090
ENSMUSG00000045314,Sowahb,,Mus musculus,10090
ENSMUSG00000045327,6330549D23Rik,,Mus musculus,10090
ENSMUSG00000045330,4933402E13Rik,,Mus musculus,10090
ENSMUSG00000045331,2310079G19Rik,,Mus musculus,10090
ENSMUSG00000045336,Hsfy2,,Mus musculus,10090
ENSMUSG00000045348,Nyap1,,Mus musculus,10090
ENSMUSG00000045349,Sh2d5,,Mus musculus,10090
ENSMUSG00000045350,Fam186a,,Mus musculus,10090
ENSMUSG00000045378,Pxt1,,Mus musculus,10090
ENSMUSG00000045441,Gprin3,,Mus musculus,10090
ENSMUSG00000045466,Zfp956,,Mus musculus,10090
ENSMUSG00000045467,Ttll13,,Mus musculus,10090
ENSMUSG00000045509,Gpr150,,Mus musculus,10090
ENSMUSG00000045519,Zfp560,,Mus musculus,10090
ENSMUSG00000045538,Ddx28,,Mus musculus,10090
ENSMUSG00000045555,Mettl24,,Mus musculus,10090
ENSMUSG00000045589,Frrs1l,,Mus musculus,10090
ENSMUSG00000045608,Dbx2,,Mus musculus,10090
ENSMUSG00000045625,Pigz,,Mus musculus,10090
ENSMUSG00000045629,Sh3tc2,,Mus musculus,10090
ENSMUSG00000045636,Mtus1,,Mus musculus,10090
ENSMUSG00000045639,Zfp629,,Mus musculus,10090
ENSMUSG00000045648,Vwc2l,,Mus musculus,10090
ENSMUSG00000045655,Fam216b,,Mus musculus,10090
ENSMUSG00000045658,Pid1,,Mus musculus,10090
ENSMUSG00000045662,Henmt1,,Mus musculus,10090
ENSMUSG00000045664,Cdc42ep2,,Mus musculus,10090
ENSMUSG00000045667,Smtnl2,,Mus musculus,10090
ENSMUSG00000045672,Col27a1,,Mus musculus,10090
ENSMUSG00000045690,Wdr89,,Mus musculus,10090
ENSMUSG00000045693,Nlrp4e,,Mus musculus,10090
ENSMUSG00000045709,Smkr-ps,,Mus musculus,10090
ENSMUSG00000045733,Sprn,,Mus musculus,10090
ENSMUSG00000045761,Togaram2,,Mus musculus,10090
ENSMUSG00000045775,Slc16a5,,Mus musculus,10090
ENSMUSG00000045776,Lrtm1,,Mus musculus,10090
ENSMUSG00000045790,Ccdc149,,Mus musculus,10090
ENSMUSG00000045794,Lkaaear1,,Mus musculus,10090
ENSMUSG00000045795,Whamm,,Mus musculus,10090
ENSMUSG00000045797,4930402K13Rik,,Mus musculus,10090
ENSMUSG00000045815,1700101I19Rik,,Mus musculus,10090
ENSMUSG00000045822,Zswim3,,Mus musculus,10090
ENSMUSG00000045871,Slitrk6,,Mus musculus,10090
ENSMUSG00000045877,4933415A04Rik,,Mus musculus,10090
ENSMUSG00000045903,Npas4,,Mus musculus,10090
ENSMUSG00000045912,C2cd4c,,Mus musculus,10090
ENSMUSG00000045928,4933440M02Rik,,Mus musculus,10090
ENSMUSG00000045934,Mtmr11,,Mus musculus,10090
ENSMUSG00000045942,BC049762,,Mus musculus,10090
ENSMUSG00000045967,Gpr158,,Mus musculus,10090
ENSMUSG00000045968,Teddm2,,Mus musculus,10090
ENSMUSG00000045980,Tmem104,,Mus musculus,10090
ENSMUSG00000045989,4930451I11Rik,,Mus musculus,10090
ENSMUSG00000045991,Onecut2,,Mus musculus,10090
ENSMUSG00000046031,Calhm6,,Mus musculus,10090
ENSMUSG00000046049,Rp1l1,,Mus musculus,10090
ENSMUSG00000046056,Sbsn,,Mus musculus,10090
ENSMUSG00000046058,Eid2,,Mus musculus,10090
ENSMUSG00000046079,Lrrc8d,,Mus musculus,10090
ENSMUSG00000046082,Tmem174,,Mus musculus,10090
ENSMUSG00000046093,Hpcal4,,Mus musculus,10090
ENSMUSG00000046096,Mosmo,,Mus musculus,10090
ENSMUSG00000046111,Cep295,,Mus musculus,10090
ENSMUSG00000046119,1110008E08Rik,,Mus musculus,10090
ENSMUSG00000046133,C130073F10Rik,,Mus musculus,10090
ENSMUSG00000046139,Patl1,,Mus musculus,10090
ENSMUSG00000046145,1700018M17Rik,,Mus musculus,10090
ENSMUSG00000046169,Adamts6,,Mus musculus,10090
ENSMUSG00000046173,Pabpc6,,Mus musculus,10090
ENSMUSG00000046182,Gsg1l,,Mus musculus,10090
ENSMUSG00000046192,Iqub,,Mus musculus,10090
ENSMUSG00000046204,Pnma2,,Mus musculus,10090
ENSMUSG00000046207,Pik3r6,,Mus musculus,10090
ENSMUSG00000046213,Cym,,Mus musculus,10090
ENSMUSG00000046215,Rprml,,Mus musculus,10090
ENSMUSG00000046230,Vps13a,,Mus musculus,10090
ENSMUSG00000046240,Hepacam,,Mus musculus,10090
ENSMUSG00000046242,Nme9,,Mus musculus,10090
ENSMUSG00000046248,Krtap5-3,,Mus musculus,10090
ENSMUSG00000046262,C87977,,Mus musculus,10090
ENSMUSG00000046275,Trarg1,,Mus musculus,10090
ENSMUSG00000046287,Pnma3,,Mus musculus,10090
ENSMUSG00000046295,Ankle1,,Mus musculus,10090
ENSMUSG00000046318,Ccbe1,,Mus musculus,10090
ENSMUSG00000046321,Hs3st2,,Mus musculus,10090
ENSMUSG00000046337,Fam178b,,Mus musculus,10090
ENSMUSG00000046338,Gpat2,,Mus musculus,10090
ENSMUSG00000046345,Smco1,,Mus musculus,10090
ENSMUSG00000046367,Mgat4e,,Mus musculus,10090
ENSMUSG00000046378,Asphd1,,Mus musculus,10090
ENSMUSG00000046404,Yod1,,Mus musculus,10090
ENSMUSG00000046408,1700067K01Rik,,Mus musculus,10090
ENSMUSG00000046410,Kcnk6,,Mus musculus,10090
ENSMUSG00000046417,Lrrc75a,,Mus musculus,10090
ENSMUSG00000046442,Ppm1e,,Mus musculus,10090
ENSMUSG00000046447,Camk2n1,,Mus musculus,10090
ENSMUSG00000046480,Scn4b,,Mus musculus,10090
ENSMUSG00000046487,Mospd4,,Mus musculus,10090
ENSMUSG00000046490,Rnf222,,Mus musculus,10090
ENSMUSG00000046491,C1qtnf2,,Mus musculus,10090
ENSMUSG00000046500,Tafa4,,Mus musculus,10090
ENSMUSG00000046541,Zfp526,,Mus musculus,10090
ENSMUSG00000046550,Spin2c,,Mus musculus,10090
ENSMUSG00000046561,Arsj,,Mus musculus,10090
ENSMUSG00000046573,Lyrm4,,Mus musculus,10090
ENSMUSG00000046589,Lrrc8e,,Mus musculus,10090
ENSMUSG00000046591,Ticrr,,Mus musculus,10090
ENSMUSG00000046593,Tmem215,,Mus musculus,10090
ENSMUSG00000046603,Tcaim,,Mus musculus,10090
ENSMUSG00000046613,Vwa5b2,,Mus musculus,10090
ENSMUSG00000046618,Olfml2a,,Mus musculus,10090
ENSMUSG00000046634,Pkd1l1,,Mus musculus,10090
ENSMUSG00000046637,Ttc34,,Mus musculus,10090
ENSMUSG00000046667,Rbm12b1,,Mus musculus,10090
ENSMUSG00000046683,0610025J13Rik,,Mus musculus,10090
ENSMUSG00000046694,Tent5b,,Mus musculus,10090
ENSMUSG00000046699,Slitrk4,,Mus musculus,10090
ENSMUSG00000046733,Gprc5a,,Mus musculus,10090
ENSMUSG00000046743,Fat4,,Mus musculus,10090
ENSMUSG00000046748,Tmem45a2,,Mus musculus,10090
ENSMUSG00000046753,Ccdc66,,Mus musculus,10090
ENSMUSG00000046755,Kif2b,,Mus musculus,10090
ENSMUSG00000046764,A530053G22Rik,,Mus musculus,10090
ENSMUSG00000046782,Ttc6,,Mus musculus,10090
ENSMUSG00000046793,Gpr61,,Mus musculus,10090
ENSMUSG00000046794,Ppp1r3b,,Mus musculus,10090
ENSMUSG00000046798,Cldn12,,Mus musculus,10090
ENSMUSG00000046807,Lrrc75b,,Mus musculus,10090
ENSMUSG00000046808,Atp10d,,Mus musculus,10090
ENSMUSG00000046814,Gchfr,,Mus musculus,10090
ENSMUSG00000046826,Fam187b,,Mus musculus,10090
ENSMUSG00000046828,Mettl21e,,Mus musculus,10090
ENSMUSG00000046844,Vat1l,,Mus musculus,10090
ENSMUSG00000046856,Gpr1,,Mus musculus,10090
ENSMUSG00000046862,Pramef8,,Mus musculus,10090
ENSMUSG00000046873,Mbtps2,,Mus musculus,10090
ENSMUSG00000046922,Gpr6,,Mus musculus,10090
ENSMUSG00000046985,Tapt1,,Mus musculus,10090
ENSMUSG00000046991,Wdr27,,Mus musculus,10090
ENSMUSG00000046994,Mars2,,Mus musculus,10090
ENSMUSG00000046995,2610303G11Rik,,Mus musculus,10090
ENSMUSG00000046999,1110032F04Rik,,Mus musculus,10090
ENSMUSG00000047003,Zfp41,,Mus musculus,10090
ENSMUSG00000047013,Fbxo41,,Mus musculus,10090
ENSMUSG00000047021,Cfap65,,Mus musculus,10090
ENSMUSG00000047030,Spata2,,Mus musculus,10090
ENSMUSG00000047037,Nipa1,,Mus musculus,10090
ENSMUSG00000047040,Prr15l,,Mus musculus,10090
ENSMUSG00000047045,Tmem164,,Mus musculus,10090
ENSMUSG00000047046,1700031F10Rik,,Mus musculus,10090
ENSMUSG00000047067,Dusp28,,Mus musculus,10090
ENSMUSG00000047085,Lrrc4b,,Mus musculus,10090
ENSMUSG00000047090,Tmem198b,,Mus musculus,10090
ENSMUSG00000047098,Rnf31,,Mus musculus,10090
ENSMUSG00000047115,Fam221a,,Mus musculus,10090
ENSMUSG00000047123,Ticam1,,Mus musculus,10090
ENSMUSG00000047129,1700113H08Rik,,Mus musculus,10090
ENSMUSG00000047143,Dmrta2,,Mus musculus,10090
ENSMUSG00000047153,Khnyn,,Mus musculus,10090
ENSMUSG00000047155,Cyp4x1,,Mus musculus,10090
ENSMUSG00000047161,Chst9,,Mus musculus,10090
ENSMUSG00000047180,Neurl3,,Mus musculus,10090
ENSMUSG00000047181,Samd14,,Mus musculus,10090
ENSMUSG00000047193,Dync2h1,,Mus musculus,10090
ENSMUSG00000047216,Cdh19,,Mus musculus,10090
ENSMUSG00000047221,Fam185a,,Mus musculus,10090
ENSMUSG00000047227,Gm527,,Mus musculus,10090
ENSMUSG00000047228,A2ml1,,Mus musculus,10090
ENSMUSG00000047237,Fbxw21,,Mus musculus,10090
ENSMUSG00000047242,Taf9b,,Mus musculus,10090
ENSMUSG00000047246,H2bc6,,Mus musculus,10090
ENSMUSG00000047257,Prss45,,Mus musculus,10090
ENSMUSG00000047295,Smgc,,Mus musculus,10090
ENSMUSG00000047298,Kcnv2,,Mus musculus,10090
ENSMUSG00000047324,4931429P17Rik,,Mus musculus,10090
ENSMUSG00000047344,Lancl3,,Mus musculus,10090
ENSMUSG00000047352,Olfr976,,Mus musculus,10090
ENSMUSG00000047363,Cstad,,Mus musculus,10090
ENSMUSG00000047368,Abhd17b,,Mus musculus,10090
ENSMUSG00000047394,Odf3b,,Mus musculus,10090
ENSMUSG00000047414,Flrt2,,Mus musculus,10090
ENSMUSG00000047415,Gpr68,,Mus musculus,10090
ENSMUSG00000047434,Xxylt1,,Mus musculus,10090
ENSMUSG00000047466,8030462N17Rik,,Mus musculus,10090
ENSMUSG00000047495,Dlgap2,,Mus musculus,10090
ENSMUSG00000047496,Rnf152,,Mus musculus,10090
ENSMUSG00000047497,Adamts12,,Mus musculus,10090
ENSMUSG00000047518,Slfnl1,,Mus musculus,10090
ENSMUSG00000047528,Flacc1,,Mus musculus,10090
ENSMUSG00000047583,Tyw3,,Mus musculus,10090
ENSMUSG00000047586,Nccrp1,,Mus musculus,10090
ENSMUSG00000047606,Ankrd34c,,Mus musculus,10090
ENSMUSG00000047617,Paxx,,Mus musculus,10090
ENSMUSG00000047619,Ddi1,,Mus musculus,10090
ENSMUSG00000047632,Fgfbp3,,Mus musculus,10090
ENSMUSG00000047635,2810006K23Rik,,Mus musculus,10090
ENSMUSG00000047648,Fbxo30,,Mus musculus,10090
ENSMUSG00000047649,Cd3eap,,Mus musculus,10090
ENSMUSG00000047661,1600012P17Rik,,Mus musculus,10090
ENSMUSG00000047686,Rtl3,,Mus musculus,10090
ENSMUSG00000047692,4930533K18Rik,,Mus musculus,10090
ENSMUSG00000047694,Yipf6,,Mus musculus,10090
ENSMUSG00000047710,Champ1,,Mus musculus,10090
ENSMUSG00000047712,Ust,,Mus musculus,10090
ENSMUSG00000047735,Samd9l,,Mus musculus,10090
ENSMUSG00000047747,Rnf150,,Mus musculus,10090
ENSMUSG00000047749,Zc3hav1l,,Mus musculus,10090
ENSMUSG00000047757,Fancb,,Mus musculus,10090
ENSMUSG00000047767,Atg16l2,,Mus musculus,10090
ENSMUSG00000047773,Ankfn1,,Mus musculus,10090
ENSMUSG00000047787,Flrt1,,Mus musculus,10090
ENSMUSG00000047789,Slc38a9,,Mus musculus,10090
ENSMUSG00000047793,Sned1,,Mus musculus,10090
ENSMUSG00000047799,Oog4,,Mus musculus,10090
ENSMUSG00000047810,Ccdc88b,,Mus musculus,10090
ENSMUSG00000047841,Fndc11,,Mus musculus,10090
ENSMUSG00000047842,Diras2,,Mus musculus,10090
ENSMUSG00000047897,Ripply2,,Mus musculus,10090
ENSMUSG00000047909,Ankrd16,,Mus musculus,10090
ENSMUSG00000047921,Trappc9,,Mus musculus,10090
ENSMUSG00000047996,Prrg1,,Mus musculus,10090
ENSMUSG00000048004,Tmem196,,Mus musculus,10090
ENSMUSG00000048012,Zfp473,,Mus musculus,10090
ENSMUSG00000048022,Tmem229a,,Mus musculus,10090
ENSMUSG00000048027,Rgmb,,Mus musculus,10090
ENSMUSG00000048029,Eno4,,Mus musculus,10090
ENSMUSG00000048038,Ccdc187,,Mus musculus,10090
ENSMUSG00000048039,Isg20l2,,Mus musculus,10090
ENSMUSG00000048058,Ldlrad3,,Mus musculus,10090
ENSMUSG00000048065,Cyb5r2,,Mus musculus,10090
ENSMUSG00000048070,Pirt,,Mus musculus,10090
ENSMUSG00000048077,H1f7,,Mus musculus,10090
ENSMUSG00000048108,Tmem72,,Mus musculus,10090
ENSMUSG00000048118,Arid4a,,Mus musculus,10090
ENSMUSG00000048142,Nat8l,,Mus musculus,10090
ENSMUSG00000048148,Nwd1,,Mus musculus,10090
ENSMUSG00000048155,H2bfm,,Mus musculus,10090
ENSMUSG00000048174,Tmem81,,Mus musculus,10090
ENSMUSG00000048186,Bend7,,Mus musculus,10090
ENSMUSG00000048215,A630023P12Rik,,Mus musculus,10090
ENSMUSG00000048218,Amigo2,,Mus musculus,10090
ENSMUSG00000048232,Fbxo10,,Mus musculus,10090
ENSMUSG00000048240,Gng7,,Mus musculus,10090
ENSMUSG00000048264,Dip2c,,Mus musculus,10090
ENSMUSG00000048271,Rbm33,,Mus musculus,10090
ENSMUSG00000048280,Zfp738,,Mus musculus,10090
ENSMUSG00000048281,Dleu7,,Mus musculus,10090
ENSMUSG00000048304,Slitrk3,,Mus musculus,10090
ENSMUSG00000048310,Pskh1,,Mus musculus,10090
ENSMUSG00000048327,Ckap2l,,Mus musculus,10090
ENSMUSG00000048330,Ric3,,Mus musculus,10090
ENSMUSG00000048332,Lhfp,,Mus musculus,10090
ENSMUSG00000048349,Pou4f1,,Mus musculus,10090
ENSMUSG00000048371,Pdp2,,Mus musculus,10090
ENSMUSG00000048388,Fam171b,,Mus musculus,10090
ENSMUSG00000048398,Gm5065,,Mus musculus,10090
ENSMUSG00000048399,Tprg,,Mus musculus,10090
ENSMUSG00000048400,Prss54,,Mus musculus,10090
ENSMUSG00000048406,B330016D10Rik,,Mus musculus,10090
ENSMUSG00000048410,Zfp407,,Mus musculus,10090
ENSMUSG00000048424,Ranbp3l,,Mus musculus,10090
ENSMUSG00000048442,Smim5,,Mus musculus,10090
ENSMUSG00000048445,Ccdc57,,Mus musculus,10090
ENSMUSG00000048458,Inka2,,Mus musculus,10090
ENSMUSG00000048478,Spata33,,Mus musculus,10090
ENSMUSG00000048483,Zdhhc22,,Mus musculus,10090
ENSMUSG00000048485,Zbtb8b,,Mus musculus,10090
ENSMUSG00000048486,Fitm2,,Mus musculus,10090
ENSMUSG00000048489,Depp1,,Mus musculus,10090
ENSMUSG00000048503,Tmem136,,Mus musculus,10090
ENSMUSG00000048520,Fbxl13,,Mus musculus,10090
ENSMUSG00000048540,Nhlh2,,Mus musculus,10090
ENSMUSG00000048562,Sp8,,Mus musculus,10090
ENSMUSG00000048572,Tmem252,,Mus musculus,10090
ENSMUSG00000048573,Cypt3,,Mus musculus,10090
ENSMUSG00000048581,E130311K13Rik,,Mus musculus,10090
ENSMUSG00000048602,Morc2b,,Mus musculus,10090
ENSMUSG00000048603,Gm9828,,Mus musculus,10090
ENSMUSG00000048621,Gm6377,,Mus musculus,10090
ENSMUSG00000048628,4930542C16Rik,,Mus musculus,10090
ENSMUSG00000048644,Ctxn1,,Mus musculus,10090
ENSMUSG00000048647,Exd1,,Mus musculus,10090
ENSMUSG00000048655,Ccdc169,,Mus musculus,10090
ENSMUSG00000048661,Lemd3,,Mus musculus,10090
ENSMUSG00000048696,Mex3d,,Mus musculus,10090
ENSMUSG00000048706,Lurap1l,,Mus musculus,10090
ENSMUSG00000048720,Tbc1d12,,Mus musculus,10090
ENSMUSG00000048721,Fndc9,,Mus musculus,10090
ENSMUSG00000048728,Zfp454,,Mus musculus,10090
ENSMUSG00000048731,Ggnbp1,,Mus musculus,10090
ENSMUSG00000048747,E130114P18Rik,,Mus musculus,10090
ENSMUSG00000048752,Prss50,,Mus musculus,10090
ENSMUSG00000048766,Skint10,,Mus musculus,10090
ENSMUSG00000048782,Insc,,Mus musculus,10090
ENSMUSG00000048787,Dcun1d3,,Mus musculus,10090
ENSMUSG00000048796,Cyb561d1,,Mus musculus,10090
ENSMUSG00000048799,Cep120,,Mus musculus,10090
ENSMUSG00000048814,Lonrf2,,Mus musculus,10090
ENSMUSG00000048826,Dact2,,Mus musculus,10090
ENSMUSG00000048865,Arhgap30,,Mus musculus,10090
ENSMUSG00000048897,Zfp710,,Mus musculus,10090
ENSMUSG00000048899,Rimkla,,Mus musculus,10090
ENSMUSG00000048905,4930539E08Rik,,Mus musculus,10090
ENSMUSG00000048911,Rnf24,,Mus musculus,10090
ENSMUSG00000048920,Fkrp,,Mus musculus,10090
ENSMUSG00000048922,Cdca2,,Mus musculus,10090
ENSMUSG00000048924,Ccdc125,,Mus musculus,10090
ENSMUSG00000048939,Atp13a5,,Mus musculus,10090
ENSMUSG00000048960,Prex2,,Mus musculus,10090
ENSMUSG00000048965,Mrgpre,,Mus musculus,10090
ENSMUSG00000048988,Elfn1,,Mus musculus,10090
ENSMUSG00000048994,H2al3,,Mus musculus,10090
ENSMUSG00000048997,Atxn7l2,,Mus musculus,10090
ENSMUSG00000049001,Ndnf,,Mus musculus,10090
ENSMUSG00000049076,Acap2,,Mus musculus,10090
ENSMUSG00000049092,Gpr137c,,Mus musculus,10090
ENSMUSG00000049097,Ankrd34a,,Mus musculus,10090
ENSMUSG00000049109,Themis,,Mus musculus,10090
ENSMUSG00000049112,Oxtr,,Mus musculus,10090
ENSMUSG00000049115,Agtr1a,,Mus musculus,10090
ENSMUSG00000049119,Fam110b,,Mus musculus,10090
ENSMUSG00000049122,Frmd3,,Mus musculus,10090
ENSMUSG00000049123,Catsperg2,,Mus musculus,10090
ENSMUSG00000049148,Plcxd3,,Mus musculus,10090
ENSMUSG00000049154,Fam183b,,Mus musculus,10090
ENSMUSG00000049160,Tex50,,Mus musculus,10090
ENSMUSG00000049164,Zfp518a,,Mus musculus,10090
ENSMUSG00000049191,Rtl5,,Mus musculus,10090
ENSMUSG00000049202,4930515G13Rik,,Mus musculus,10090
ENSMUSG00000049225,Pdp1,,Mus musculus,10090
ENSMUSG00000049232,Tigd2,,Mus musculus,10090
ENSMUSG00000049241,Hcar1,,Mus musculus,10090
ENSMUSG00000049285,Mblac1,,Mus musculus,10090
ENSMUSG00000049287,Iba57,,Mus musculus,10090
ENSMUSG00000049288,Lix1l,,Mus musculus,10090
ENSMUSG00000049314,Fbxw13,,Mus musculus,10090
ENSMUSG00000049323,Smcr8,,Mus musculus,10090
ENSMUSG00000049354,Dcaf7,,Mus musculus,10090
ENSMUSG00000049387,Cox7b2,,Mus musculus,10090
ENSMUSG00000049404,Rarres1,,Mus musculus,10090
ENSMUSG00000049411,Tmem241,,Mus musculus,10090
ENSMUSG00000049420,Tmem200a,,Mus musculus,10090
ENSMUSG00000049436,Upk1b,,Mus musculus,10090
ENSMUSG00000049439,Cyp20a1,,Mus musculus,10090
ENSMUSG00000049476,1700104B16Rik,,Mus musculus,10090
ENSMUSG00000049482,Ctu2,,Mus musculus,10090
ENSMUSG00000049488,Tmem67,,Mus musculus,10090
ENSMUSG00000049491,Slc36a3,,Mus musculus,10090
ENSMUSG00000049502,Dtx3l,,Mus musculus,10090
ENSMUSG00000049516,Spty2d1,,Mus musculus,10090
ENSMUSG00000049526,Tmem202,,Mus musculus,10090
ENSMUSG00000049537,Tecrl,,Mus musculus,10090
ENSMUSG00000049538,Adamts16,,Mus musculus,10090
ENSMUSG00000049555,Tmie,,Mus musculus,10090
ENSMUSG00000049562,Ap5b1,,Mus musculus,10090
ENSMUSG00000049565,Aknad1,,Mus musculus,10090
ENSMUSG00000049571,Cfap46,,Mus musculus,10090
ENSMUSG00000049583,Grm5,,Mus musculus,10090
ENSMUSG00000049588,Ccdc69,,Mus musculus,10090
ENSMUSG00000049598,Vsig8,,Mus musculus,10090
ENSMUSG00000049624,Slc17a5,,Mus musculus,10090
ENSMUSG00000049625,Tifab,,Mus musculus,10090
ENSMUSG00000049641,Vgll2,,Mus musculus,10090
ENSMUSG00000049653,Spatc1,,Mus musculus,10090
ENSMUSG00000049658,Bdp1,,Mus musculus,10090
ENSMUSG00000049680,Urgcp,,Mus musculus,10090
ENSMUSG00000049690,Nckap5,,Mus musculus,10090
ENSMUSG00000049694,BC048671,,Mus musculus,10090
ENSMUSG00000049709,Nlrp10,,Mus musculus,10090
ENSMUSG00000049717,Lig4,,Mus musculus,10090
ENSMUSG00000049719,Prss46,,Mus musculus,10090
ENSMUSG00000049728,Zfp668,,Mus musculus,10090
ENSMUSG00000049739,Zfp646,,Mus musculus,10090
ENSMUSG00000049740,5330417H12Rik,,Mus musculus,10090
ENSMUSG00000049744,Arhgap15,,Mus musculus,10090
ENSMUSG00000049764,Zfp280b,,Mus musculus,10090
ENSMUSG00000049796,Crh,,Mus musculus,10090
ENSMUSG00000049799,Lrrc19,,Mus musculus,10090
ENSMUSG00000049871,Nlrc3,,Mus musculus,10090
ENSMUSG00000049882,Vcpkmt,,Mus musculus,10090
ENSMUSG00000049902,4921517D22Rik,,Mus musculus,10090
ENSMUSG00000049904,Tmem17,,Mus musculus,10090
ENSMUSG00000049946,BC030500,,Mus musculus,10090
ENSMUSG00000049985,Ankrd55,,Mus musculus,10090
ENSMUSG00000049999,Ppp1r3d,,Mus musculus,10090
ENSMUSG00000050010,Shisa3,,Mus musculus,10090
ENSMUSG00000050022,Amz1,,Mus musculus,10090
ENSMUSG00000050050,Ccdc158,,Mus musculus,10090
ENSMUSG00000050074,Spink8,,Mus musculus,10090
ENSMUSG00000050075,Gpr171,,Mus musculus,10090
ENSMUSG00000050087,Cby3,,Mus musculus,10090
ENSMUSG00000050097,Ces2b,,Mus musculus,10090
ENSMUSG00000050103,Agmo,,Mus musculus,10090
ENSMUSG00000050105,Grrp1,,Mus musculus,10090
ENSMUSG00000050106,Tmc8,,Mus musculus,10090
ENSMUSG00000050108,Bpifc,,Mus musculus,10090
ENSMUSG00000050114,Prdx6b,,Mus musculus,10090
ENSMUSG00000050121,Opalin,,Mus musculus,10090
ENSMUSG00000050122,Vwa3b,,Mus musculus,10090
ENSMUSG00000050132,Sarm1,,Mus musculus,10090
ENSMUSG00000050138,Kcnk12,,Mus musculus,10090
ENSMUSG00000050179,A930002I21Rik,,Mus musculus,10090
ENSMUSG00000050192,Eif5a2,,Mus musculus,10090
ENSMUSG00000050197,Rhox13,,Mus musculus,10090
ENSMUSG00000050199,Lgr4,,Mus musculus,10090
ENSMUSG00000050201,Otop2,,Mus musculus,10090
ENSMUSG00000050211,Pla2g4e,,Mus musculus,10090
ENSMUSG00000050212,Eva1b,,Mus musculus,10090
ENSMUSG00000050241,Klre1,,Mus musculus,10090
ENSMUSG00000050248,Evc2,,Mus musculus,10090
ENSMUSG00000050271,Prag1,,Mus musculus,10090
ENSMUSG00000050276,Mrgprg,,Mus musculus,10090
ENSMUSG00000050296,Abca12,,Mus musculus,10090
ENSMUSG00000050312,Nsun3,,Mus musculus,10090
ENSMUSG00000050323,Ndufaf6,,Mus musculus,10090
ENSMUSG00000050332,Amer1,,Mus musculus,10090
ENSMUSG00000050334,C130071C03Rik,,Mus musculus,10090
ENSMUSG00000050350,Gpr18,,Mus musculus,10090
ENSMUSG00000050357,Carmil2,,Mus musculus,10090
ENSMUSG00000050382,Kif7,,Mus musculus,10090
ENSMUSG00000050397,Foxl2,,Mus musculus,10090
ENSMUSG00000050423,Ppp1r3g,,Mus musculus,10090
ENSMUSG00000050424,Pnma5,,Mus musculus,10090
ENSMUSG00000050428,Fbxo46,,Mus musculus,10090
ENSMUSG00000050447,Lypd6,,Mus musculus,10090
ENSMUSG00000050463,Krt78,,Mus musculus,10090
ENSMUSG00000050468,Astl,,Mus musculus,10090
ENSMUSG00000050530,Fam171a1,,Mus musculus,10090
ENSMUSG00000050538,B230217C12Rik,,Mus musculus,10090
ENSMUSG00000050545,Fam228b,,Mus musculus,10090
ENSMUSG00000050549,Fam241a,,Mus musculus,10090
ENSMUSG00000050555,Hyls1,,Mus musculus,10090
ENSMUSG00000050558,Prokr2,,Mus musculus,10090
ENSMUSG00000050587,Lrrc4c,,Mus musculus,10090
ENSMUSG00000050592,Fam78a,,Mus musculus,10090
ENSMUSG00000050612,Txndc2,,Mus musculus,10090
ENSMUSG00000050627,Gpd1l,,Mus musculus,10090
ENSMUSG00000050640,Tmem150c,,Mus musculus,10090
ENSMUSG00000050641,BC048562,,Mus musculus,10090
ENSMUSG00000050645,Defb19,,Mus musculus,10090
ENSMUSG00000050663,Trhde,,Mus musculus,10090
ENSMUSG00000050666,Vstm4,,Mus musculus,10090
ENSMUSG00000050668,Gpatch11,,Mus musculus,10090
ENSMUSG00000050685,Ccdc54,,Mus musculus,10090
ENSMUSG00000050697,Prkaa1,,Mus musculus,10090
ENSMUSG00000050704,2310061N02Rik,,Mus musculus,10090
ENSMUSG00000050714,Zbtb26,,Mus musculus,10090
ENSMUSG00000050730,Arhgap42,,Mus musculus,10090
ENSMUSG00000050751,Pgbd5,,Mus musculus,10090
ENSMUSG00000050762,Prss27,,Mus musculus,10090
ENSMUSG00000050765,Gm5084,,Mus musculus,10090
ENSMUSG00000050786,Ccdc126,,Mus musculus,10090
ENSMUSG00000050810,Oog3,,Mus musculus,10090
ENSMUSG00000050830,Vwc2,,Mus musculus,10090
ENSMUSG00000050844,1700020N01Rik,,Mus musculus,10090
ENSMUSG00000050854,Tmem125,,Mus musculus,10090
ENSMUSG00000050875,Minar2,,Mus musculus,10090
ENSMUSG00000050891,Tatdn1,,Mus musculus,10090
ENSMUSG00000050896,Rtn4rl2,,Mus musculus,10090
ENSMUSG00000050914,Ankrd37,,Mus musculus,10090
ENSMUSG00000050921,P2ry10,,Mus musculus,10090
ENSMUSG00000050930,Map10,,Mus musculus,10090
ENSMUSG00000050931,Sgms2,,Mus musculus,10090
ENSMUSG00000050945,Zfp438,,Mus musculus,10090
ENSMUSG00000050954,Zfp169,,Mus musculus,10090
ENSMUSG00000050967,Creg2,,Mus musculus,10090
ENSMUSG00000050973,Gdpgp1,,Mus musculus,10090
ENSMUSG00000050994,Adgb,,Mus musculus,10090
ENSMUSG00000051000,Fam160a1,,Mus musculus,10090
ENSMUSG00000051007,Gatd1,,Mus musculus,10090
ENSMUSG00000051034,Zfp11,,Mus musculus,10090
ENSMUSG00000051041,Olfml1,,Mus musculus,10090
ENSMUSG00000051048,P4ha3,,Mus musculus,10090
ENSMUSG00000051062,Fbll1,,Mus musculus,10090
ENSMUSG00000051065,Mb21d2,,Mus musculus,10090
ENSMUSG00000051067,Lingo3,,Mus musculus,10090
ENSMUSG00000051074,4930579K19Rik,,Mus musculus,10090
ENSMUSG00000051076,Vtcn1,,Mus musculus,10090
ENSMUSG00000051079,Rgs13,,Mus musculus,10090
ENSMUSG00000051098,Mblac2,,Mus musculus,10090
ENSMUSG00000051111,Sv2c,,Mus musculus,10090
ENSMUSG00000051113,Fam71e1,,Mus musculus,10090
ENSMUSG00000051124,Gimap9,,Mus musculus,10090
ENSMUSG00000051136,Ghsr,,Mus musculus,10090
ENSMUSG00000051146,Camk2n2,,Mus musculus,10090
ENSMUSG00000051154,Commd3,,Mus musculus,10090
ENSMUSG00000051169,Rpusd3,,Mus musculus,10090
ENSMUSG00000051198,4930548G14Rik,,Mus musculus,10090
ENSMUSG00000051212,Gpr183,,Mus musculus,10090
ENSMUSG00000051224,Tceanc,,Mus musculus,10090
ENSMUSG00000051228,Nyx,,Mus musculus,10090
ENSMUSG00000051235,Gen1,,Mus musculus,10090
ENSMUSG00000051236,Msrb3,,Mus musculus,10090
ENSMUSG00000051237,9230109A22Rik,,Mus musculus,10090
ENSMUSG00000051243,Islr2,,Mus musculus,10090
ENSMUSG00000051262,Nat8f3,,Mus musculus,10090
ENSMUSG00000051278,Zgrf1,,Mus musculus,10090
ENSMUSG00000051297,2410124H12Rik,,Mus musculus,10090
ENSMUSG00000051306,Usp42,,Mus musculus,10090
ENSMUSG00000051319,Mtln,,Mus musculus,10090
ENSMUSG00000051323,Pcdh19,,Mus musculus,10090
ENSMUSG00000051335,Gfod1,,Mus musculus,10090
ENSMUSG00000051339,2900026A02Rik,,Mus musculus,10090
ENSMUSG00000051343,Rab11fip5,,Mus musculus,10090
ENSMUSG00000051344,Plekhm3,,Mus musculus,10090
ENSMUSG00000051361,6030498E09Rik,,Mus musculus,10090
ENSMUSG00000051378,Kif18b,,Mus musculus,10090
ENSMUSG00000051379,Flrt3,,Mus musculus,10090
ENSMUSG00000051396,Gm45902,,Mus musculus,10090
ENSMUSG00000051401,Kctd16,,Mus musculus,10090
ENSMUSG00000051427,Ccdc157,,Mus musculus,10090
ENSMUSG00000051435,Fhad1,,Mus musculus,10090
ENSMUSG00000051437,Ubqlnl,,Mus musculus,10090
ENSMUSG00000051444,Bbs12,,Mus musculus,10090
ENSMUSG00000051455,Meioc,,Mus musculus,10090
ENSMUSG00000051495,Irf2bp2,,Mus musculus,10090
ENSMUSG00000051497,Kcnj16,,Mus musculus,10090
ENSMUSG00000051499,Zfp786,,Mus musculus,10090
ENSMUSG00000051504,Siglech,,Mus musculus,10090
ENSMUSG00000051506,Wdfy4,,Mus musculus,10090
ENSMUSG00000051517,Arhgef39,,Mus musculus,10090
ENSMUSG00000051518,Rps19bp1,,Mus musculus,10090
ENSMUSG00000051537,Gm5124,,Mus musculus,10090
ENSMUSG00000051550,Zfp579,,Mus musculus,10090
ENSMUSG00000051586,Mical3,,Mus musculus,10090
ENSMUSG00000051596,Otop1,,Mus musculus,10090
ENSMUSG00000051606,2010001K21Rik,,Mus musculus,10090
ENSMUSG00000051611,Olfr112,,Mus musculus,10090
ENSMUSG00000051618,Ubqln3,,Mus musculus,10090
ENSMUSG00000051652,Lrrc3,,Mus musculus,10090
ENSMUSG00000051674,Dcun1d4,,Mus musculus,10090
ENSMUSG00000051682,Treml4,,Mus musculus,10090
ENSMUSG00000051703,Tmem198,,Mus musculus,10090
ENSMUSG00000051705,Senp8,,Mus musculus,10090
ENSMUSG00000051721,Wdcp,,Mus musculus,10090
ENSMUSG00000051726,Kcnf1,,Mus musculus,10090
ENSMUSG00000051728,Fam243,,Mus musculus,10090
ENSMUSG00000051735,Rinl,,Mus musculus,10090
ENSMUSG00000051736,Fam229b,,Mus musculus,10090
ENSMUSG00000051758,4930544M13Rik,,Mus musculus,10090
ENSMUSG00000051769,Wfdc15a,,Mus musculus,10090
ENSMUSG00000051786,Tubgcp6,,Mus musculus,10090
ENSMUSG00000051788,4930564D02Rik,,Mus musculus,10090
ENSMUSG00000051804,Adam6b,,Mus musculus,10090
ENSMUSG00000051832,E230016K23Rik,,Mus musculus,10090
ENSMUSG00000051860,Samd7,,Mus musculus,10090
ENSMUSG00000051890,Klhdc1,,Mus musculus,10090
ENSMUSG00000051896,Tex37,,Mus musculus,10090
ENSMUSG00000051900,Abca16,,Mus musculus,10090
ENSMUSG00000051950,B3glct,,Mus musculus,10090
ENSMUSG00000051956,Rnf133,,Mus musculus,10090
ENSMUSG00000051998,Lax1,,Mus musculus,10090
ENSMUSG00000052013,Btla,,Mus musculus,10090
ENSMUSG00000052025,Ppp1r2-ps7,,Mus musculus,10090
ENSMUSG00000052026,Slc6a7,,Mus musculus,10090
ENSMUSG00000052033,Pfdn4,,Mus musculus,10090
ENSMUSG00000052056,Zfp217,,Mus musculus,10090
ENSMUSG00000052099,Prss51,,Mus musculus,10090
ENSMUSG00000052105,Mtcl1,,Mus musculus,10090
ENSMUSG00000052117,D630039A03Rik,,Mus musculus,10090
ENSMUSG00000052137,Rbm12b2,,Mus musculus,10090
ENSMUSG00000052154,Gm9870,,Mus musculus,10090
ENSMUSG00000052188,Gm14964,,Mus musculus,10090
ENSMUSG00000052221,Ppp1r36,,Mus musculus,10090
ENSMUSG00000052229,Gpr17,,Mus musculus,10090
ENSMUSG00000052241,A930035D04Rik,,Mus musculus,10090
ENSMUSG00000052291,5330438D12Rik,,Mus musculus,10090
ENSMUSG00000052296,Ppp6r1,,Mus musculus,10090
ENSMUSG00000052302,Tbc1d30,,Mus musculus,10090
ENSMUSG00000052316,Lrrc15,,Mus musculus,10090
ENSMUSG00000052363,Zdhhc19,,Mus musculus,10090
ENSMUSG00000052364,B630019K06Rik,,Mus musculus,10090
ENSMUSG00000052371,Hoxd3os1,,Mus musculus,10090
ENSMUSG00000052372,Il1rapl1,,Mus musculus,10090
ENSMUSG00000052376,4921508M14Rik,,Mus musculus,10090
ENSMUSG00000052387,Trpm3,,Mus musculus,10090
ENSMUSG00000052407,Ccdc171,,Mus musculus,10090
ENSMUSG00000052446,Zfp961,,Mus musculus,10090
ENSMUSG00000052479,A330008L17Rik,,Mus musculus,10090
ENSMUSG00000052485,Tmem171,,Mus musculus,10090
ENSMUSG00000052516,Robo2,,Mus musculus,10090
ENSMUSG00000052525,Spdya,,Mus musculus,10090
ENSMUSG00000052549,Arl13a,,Mus musculus,10090
ENSMUSG00000052557,Gan,,Mus musculus,10090
ENSMUSG00000052560,Cpne8,,Mus musculus,10090
ENSMUSG00000052563,D930048N14Rik,,Mus musculus,10090
ENSMUSG00000052581,Lrrtm4,,Mus musculus,10090
ENSMUSG00000052584,Serp2,,Mus musculus,10090
ENSMUSG00000052595,A1cf,,Mus musculus,10090
ENSMUSG00000052609,Plekhg3,,Mus musculus,10090
ENSMUSG00000052616,Terb1,,Mus musculus,10090
ENSMUSG00000052631,Sh2d6,,Mus musculus,10090
ENSMUSG00000052632,Asap2,,Mus musculus,10090
ENSMUSG00000052642,Lypd9,,Mus musculus,10090
ENSMUSG00000052658,5830454E08Rik,,Mus musculus,10090
ENSMUSG00000052676,Zmat1,,Mus musculus,10090
ENSMUSG00000052698,Tln2,,Mus musculus,10090
ENSMUSG00000052713,Zfp608,,Mus musculus,10090
ENSMUSG00000052726,Kcnt2,,Mus musculus,10090
ENSMUSG00000052748,Swt1,,Mus musculus,10090
ENSMUSG00000052749,Trim30b,,Mus musculus,10090
ENSMUSG00000052759,Gpr25,,Mus musculus,10090
ENSMUSG00000052760,A630001G21Rik,,Mus musculus,10090
ENSMUSG00000052848,C130026L21Rik,,Mus musculus,10090
ENSMUSG00000052861,Dnah6,,Mus musculus,10090
ENSMUSG00000052917,Senp7,,Mus musculus,10090
ENSMUSG00000052921,Arhgef15,,Mus musculus,10090
ENSMUSG00000052926,Rnaseh2a,,Mus musculus,10090
ENSMUSG00000052928,Ctif,,Mus musculus,10090
ENSMUSG00000052942,Glis3,,Mus musculus,10090
ENSMUSG00000052951,C130021I20Rik,,Mus musculus,10090
ENSMUSG00000052955,Cpvl,,Mus musculus,10090
ENSMUSG00000052981,Ube2ql1,,Mus musculus,10090
ENSMUSG00000053007,Creb5,,Mus musculus,10090
ENSMUSG00000053025,Sv2b,,Mus musculus,10090
ENSMUSG00000053030,Spink2,,Mus musculus,10090
ENSMUSG00000053046,Brsk2,,Mus musculus,10090
ENSMUSG00000053054,Adh6a,,Mus musculus,10090
ENSMUSG00000053070,Cfap300,,Mus musculus,10090
ENSMUSG00000053080,2700081O15Rik,,Mus musculus,10090
ENSMUSG00000053091,Lins1,,Mus musculus,10090
ENSMUSG00000053094,Tmem248,,Mus musculus,10090
ENSMUSG00000053117,E330013P04Rik,,Mus musculus,10090
ENSMUSG00000053121,Gm5129,,Mus musculus,10090
ENSMUSG00000053134,Supt7l,,Mus musculus,10090
ENSMUSG00000053153,Spag16,,Mus musculus,10090
ENSMUSG00000053161,Daw1,,Mus musculus,10090
ENSMUSG00000053168,9030619P08Rik,,Mus musculus,10090
ENSMUSG00000053181,A830005F24Rik,,Mus musculus,10090
ENSMUSG00000053184,Spaca3,,Mus musculus,10090
ENSMUSG00000053185,Gm9898,,Mus musculus,10090
ENSMUSG00000053194,Cib4,,Mus musculus,10090
ENSMUSG00000053214,Gm9899,,Mus musculus,10090
ENSMUSG00000053226,Dand5,,Mus musculus,10090
ENSMUSG00000053297,AI854703,,Mus musculus,10090
ENSMUSG00000053333,Dis3l2,,Mus musculus,10090
ENSMUSG00000053353,2310001K24Rik,,Mus musculus,10090
ENSMUSG00000053367,Epp13,,Mus musculus,10090
ENSMUSG00000053390,Zfp952,,Mus musculus,10090
ENSMUSG00000053395,Cacng8,,Mus musculus,10090
ENSMUSG00000053399,Adamts18,,Mus musculus,10090
ENSMUSG00000053420,Gm4792,,Mus musculus,10090
ENSMUSG00000053441,Adamts19,,Mus musculus,10090
ENSMUSG00000053461,Hhipl2,,Mus musculus,10090
ENSMUSG00000053528,A530021J07Rik,,Mus musculus,10090
ENSMUSG00000053550,Shisa7,,Mus musculus,10090
ENSMUSG00000053552,Ebf4,,Mus musculus,10090
ENSMUSG00000053553,3110082I17Rik,,Mus musculus,10090
ENSMUSG00000053574,4930563E22Rik,,Mus musculus,10090
ENSMUSG00000053580,Tanc2,,Mus musculus,10090
ENSMUSG00000053603,4930442H23Rik,,Mus musculus,10090
ENSMUSG00000053641,Dennd4a,,Mus musculus,10090
ENSMUSG00000053646,Plxnb1,,Mus musculus,10090
ENSMUSG00000053647,Gper1,,Mus musculus,10090
ENSMUSG00000053654,Krt42,,Mus musculus,10090
ENSMUSG00000053675,Tgm5,,Mus musculus,10090
ENSMUSG00000053729,Spinkl,,Mus musculus,10090
ENSMUSG00000053730,Tmem39b,,Mus musculus,10090
ENSMUSG00000053765,Oas1f,,Mus musculus,10090
ENSMUSG00000053774,Ubxn7,,Mus musculus,10090
ENSMUSG00000053783,1700016K19Rik,,Mus musculus,10090
ENSMUSG00000053825,Ppfia2,,Mus musculus,10090
ENSMUSG00000053841,Txlna,,Mus musculus,10090
ENSMUSG00000053856,Dnajc5g,,Mus musculus,10090
ENSMUSG00000053862,Slc51b,,Mus musculus,10090
ENSMUSG00000053868,Gm5142,,Mus musculus,10090
ENSMUSG00000053870,Fpgt,,Mus musculus,10090
ENSMUSG00000053877,Srcap,,Mus musculus,10090
ENSMUSG00000053886,Sh2d4a,,Mus musculus,10090
ENSMUSG00000053914,Kdm4d,,Mus musculus,10090
ENSMUSG00000053930,Shisa6,,Mus musculus,10090
ENSMUSG00000053963,Stum,,Mus musculus,10090
ENSMUSG00000053965,Pde5a,,Mus musculus,10090
ENSMUSG00000053980,Gm9930,,Mus musculus,10090
ENSMUSG00000054000,Tusc1,,Mus musculus,10090
ENSMUSG00000054003,Tdrd9,,Mus musculus,10090
ENSMUSG00000054013,Tmem179,,Mus musculus,10090
ENSMUSG00000054021,Sirt5,,Mus musculus,10090
ENSMUSG00000054046,Klk13,,Mus musculus,10090
ENSMUSG00000054051,Ercc6,,Mus musculus,10090
ENSMUSG00000054057,A930004D18Rik,,Mus musculus,10090
ENSMUSG00000054099,Slc25a40,,Mus musculus,10090
ENSMUSG00000054102,Nlrp9a,,Mus musculus,10090
ENSMUSG00000054116,E130116L18Rik,,Mus musculus,10090
ENSMUSG00000054134,Umodl1,,Mus musculus,10090
ENSMUSG00000054136,Adm2,,Mus musculus,10090
ENSMUSG00000054150,Syne3,,Mus musculus,10090
ENSMUSG00000054161,Fam83e,,Mus musculus,10090
ENSMUSG00000054196,Cthrc1,,Mus musculus,10090
ENSMUSG00000054200,Ffar4,,Mus musculus,10090
ENSMUSG00000054237,Fra10ac1,,Mus musculus,10090
ENSMUSG00000054247,Gm9939,,Mus musculus,10090
ENSMUSG00000054258,Gm5082,,Mus musculus,10090
ENSMUSG00000054280,Prr14l,,Mus musculus,10090
ENSMUSG00000054293,P2ry10b,,Mus musculus,10090
ENSMUSG00000054320,Lrrc36,,Mus musculus,10090
ENSMUSG00000054321,Taf4b,,Mus musculus,10090
ENSMUSG00000054351,4930553M12Rik,,Mus musculus,10090
ENSMUSG00000054379,2410024N13Rik,,Mus musculus,10090
ENSMUSG00000054391,4930517O19Rik,,Mus musculus,10090
ENSMUSG00000054404,Slfn5,,Mus musculus,10090
ENSMUSG00000054409,Tmem74,,Mus musculus,10090
ENSMUSG00000054412,Gm4793,,Mus musculus,10090
ENSMUSG00000054418,2900041M22Rik,,Mus musculus,10090
ENSMUSG00000054426,A930005H10Rik,,Mus musculus,10090
ENSMUSG00000054457,9430021M05Rik,,Mus musculus,10090
ENSMUSG00000054488,Gm9946,,Mus musculus,10090
ENSMUSG00000054493,Gm9947,,Mus musculus,10090
ENSMUSG00000054517,Trim65,,Mus musculus,10090
ENSMUSG00000054519,Zfp867,,Mus musculus,10090
ENSMUSG00000054537,Tmprss11e,,Mus musculus,10090
ENSMUSG00000054556,Gm4876,,Mus musculus,10090
ENSMUSG00000054582,Pabpc1l,,Mus musculus,10090
ENSMUSG00000054611,Kdm2a,,Mus musculus,10090
ENSMUSG00000054622,D730045B01Rik,,Mus musculus,10090
ENSMUSG00000054641,Mmrn1,,Mus musculus,10090
ENSMUSG00000054662,Ano9,,Mus musculus,10090
ENSMUSG00000054672,5830411N06Rik,,Mus musculus,10090
ENSMUSG00000054679,Srsf12,,Mus musculus,10090
ENSMUSG00000054702,Ap1s3,,Mus musculus,10090
ENSMUSG00000054717,Hmgb2,,Mus musculus,10090
ENSMUSG00000054723,Vmac,,Mus musculus,10090
ENSMUSG00000054727,1700013H16Rik,,Mus musculus,10090
ENSMUSG00000054737,Zfp182,,Mus musculus,10090
ENSMUSG00000054753,AU018091,,Mus musculus,10090
ENSMUSG00000054763,Defb42,,Mus musculus,10090
ENSMUSG00000054770,Kctd18,,Mus musculus,10090
ENSMUSG00000054779,Fgf2os,,Mus musculus,10090
ENSMUSG00000054792,Klhl18,,Mus musculus,10090
ENSMUSG00000054814,Usp46,,Mus musculus,10090
ENSMUSG00000054823,Nsd3,,Mus musculus,10090
ENSMUSG00000054836,Elp6,,Mus musculus,10090
ENSMUSG00000054843,Atrnl1,,Mus musculus,10090
ENSMUSG00000054850,Smim10l2a,,Mus musculus,10090
ENSMUSG00000054855,Rnd1,,Mus musculus,10090
ENSMUSG00000054885,4930578G10Rik,,Mus musculus,10090
ENSMUSG00000054893,Zfp667,,Mus musculus,10090
ENSMUSG00000054901,Arhgef33,,Mus musculus,10090
ENSMUSG00000054910,4931415C17Rik,,Mus musculus,10090
ENSMUSG00000054931,Zkscan4,,Mus musculus,10090
ENSMUSG00000054942,Miga1,,Mus musculus,10090
ENSMUSG00000054945,Gm9958,,Mus musculus,10090
ENSMUSG00000054951,9130008F23Rik,,Mus musculus,10090
ENSMUSG00000054966,Lmntd1,,Mus musculus,10090
ENSMUSG00000054967,Zfp647,,Mus musculus,10090
ENSMUSG00000054978,Kbtbd13,,Mus musculus,10090
ENSMUSG00000054988,Agtr1b,,Mus musculus,10090
ENSMUSG00000054999,Naaladl1,,Mus musculus,10090
ENSMUSG00000055003,Lrtm2,,Mus musculus,10090
ENSMUSG00000055024,Ep300,,Mus musculus,10090
ENSMUSG00000055045,Gm11190,,Mus musculus,10090
ENSMUSG00000055061,4931431C16Rik,,Mus musculus,10090
ENSMUSG00000055067,Smyd3,,Mus musculus,10090
ENSMUSG00000055069,Rab39,,Mus musculus,10090
ENSMUSG00000055078,Gabra5,,Mus musculus,10090
ENSMUSG00000055102,Zfp819,,Mus musculus,10090
ENSMUSG00000055110,A630012P03Rik,,Mus musculus,10090
ENSMUSG00000055128,Cgrrf1,,Mus musculus,10090
ENSMUSG00000055134,9130017K11Rik,,Mus musculus,10090
ENSMUSG00000055150,Zfp78,,Mus musculus,10090
ENSMUSG00000055184,Fam72a,,Mus musculus,10090
ENSMUSG00000055188,Rbm3os,,Mus musculus,10090
ENSMUSG00000055202,Zfp811,,Mus musculus,10090
ENSMUSG00000055271,9330161L09Rik,,Mus musculus,10090
ENSMUSG00000055305,Zfp93,,Mus musculus,10090
ENSMUSG00000055312,Them7,,Mus musculus,10090
ENSMUSG00000055313,Pgbd1,,Mus musculus,10090
ENSMUSG00000055333,Fat2,,Mus musculus,10090
ENSMUSG00000055334,Snupn,,Mus musculus,10090
ENSMUSG00000055341,Zfp457,,Mus musculus,10090
ENSMUSG00000055403,4933427D06Rik,,Mus musculus,10090
ENSMUSG00000055409,Nell1,,Mus musculus,10090
ENSMUSG00000055415,Atp10b,,Mus musculus,10090
ENSMUSG00000055421,Pcdh9,,Mus musculus,10090
ENSMUSG00000055480,Zfp458,,Mus musculus,10090
ENSMUSG00000055485,Soga1,,Mus musculus,10090
ENSMUSG00000055494,Gm14168,,Mus musculus,10090
ENSMUSG00000055523,Gucy2g,,Mus musculus,10090
ENSMUSG00000055531,Cpsf6,,Mus musculus,10090
ENSMUSG00000055538,Zcchc24,,Mus musculus,10090
ENSMUSG00000055546,Timd4,,Mus musculus,10090
ENSMUSG00000055547,Apobec4,,Mus musculus,10090
ENSMUSG00000055553,Kxd1,,Mus musculus,10090
ENSMUSG00000055555,4930502E18Rik,,Mus musculus,10090
ENSMUSG00000055561,Spink5,,Mus musculus,10090
ENSMUSG00000055567,Unc80,,Mus musculus,10090
ENSMUSG00000055594,5530400C23Rik,,Mus musculus,10090
ENSMUSG00000055629,B4galnt4,,Mus musculus,10090
ENSMUSG00000055633,Zfp580,,Mus musculus,10090
ENSMUSG00000055643,Ubqln5,,Mus musculus,10090
ENSMUSG00000055660,Mettl4,,Mus musculus,10090
ENSMUSG00000055670,Zzef1,,Mus musculus,10090
ENSMUSG00000055675,Kbtbd11,,Mus musculus,10090
ENSMUSG00000055700,4933401B06Rik,,Mus musculus,10090
ENSMUSG00000055748,Gsdmc4,,Mus musculus,10090
ENSMUSG00000055833,1700034H15Rik,,Mus musculus,10090
ENSMUSG00000055862,Izumo4,,Mus musculus,10090
ENSMUSG00000055865,Tafa3,,Mus musculus,10090
ENSMUSG00000055895,Oosp2,,Mus musculus,10090
ENSMUSG00000055897,Ppp4r1l-ps,,Mus musculus,10090
ENSMUSG00000055900,Tmem69,,Mus musculus,10090
ENSMUSG00000055923,Aasdh,,Mus musculus,10090
ENSMUSG00000055926,Gm14137,,Mus musculus,10090
ENSMUSG00000055933,Oosp3,,Mus musculus,10090
ENSMUSG00000055937,Krt28,,Mus musculus,10090
ENSMUSG00000055945,Prr18,,Mus musculus,10090
ENSMUSG00000055963,Triqk,,Mus musculus,10090
ENSMUSG00000056004,9330182L06Rik,,Mus musculus,10090
ENSMUSG00000056014,A430033K04Rik,,Mus musculus,10090
ENSMUSG00000056023,Gm9989,,Mus musculus,10090
ENSMUSG00000056043,Rgs9bp,,Mus musculus,10090
ENSMUSG00000056061,Gata5os,,Mus musculus,10090
ENSMUSG00000056078,Lipm,,Mus musculus,10090
ENSMUSG00000056131,Pgm3,,Mus musculus,10090
ENSMUSG00000056145,AI504432,,Mus musculus,10090
ENSMUSG00000056162,Cndp1,,Mus musculus,10090
ENSMUSG00000056167,Cnot10,,Mus musculus,10090
ENSMUSG00000056174,Col8a2,,Mus musculus,10090
ENSMUSG00000056185,Snx32,,Mus musculus,10090
ENSMUSG00000056215,Lrguk,,Mus musculus,10090
ENSMUSG00000056228,Cars2,,Mus musculus,10090
ENSMUSG00000056258,Kcnq3,,Mus musculus,10090
ENSMUSG00000056260,Lrif1,,Mus musculus,10090
ENSMUSG00000056270,Prr9,,Mus musculus,10090
ENSMUSG00000056293,Gsdmc2,,Mus musculus,10090
ENSMUSG00000056306,Sertm1,,Mus musculus,10090
ENSMUSG00000056329,1810010K12Rik,,Mus musculus,10090
ENSMUSG00000056367,Actr3b,,Mus musculus,10090
ENSMUSG00000056383,AI987944,,Mus musculus,10090
ENSMUSG00000056411,Gm12500,,Mus musculus,10090
ENSMUSG00000056413,Adap1,,Mus musculus,10090
ENSMUSG00000056445,Hoxaas2,,Mus musculus,10090
ENSMUSG00000056492,Adgrf5,,Mus musculus,10090
ENSMUSG00000056498,Tmem154,,Mus musculus,10090
ENSMUSG00000056509,Gm9999,,Mus musculus,10090
ENSMUSG00000056531,Ccdc18,,Mus musculus,10090
ENSMUSG00000056544,Defb21,,Mus musculus,10090
ENSMUSG00000056592,Zfp658,,Mus musculus,10090
ENSMUSG00000056596,Trnp1,,Mus musculus,10090
ENSMUSG00000056602,Fry,,Mus musculus,10090
ENSMUSG00000056608,Chd9,,Mus musculus,10090
ENSMUSG00000056617,4931429L15Rik,,Mus musculus,10090
ENSMUSG00000056632,Dsg3,,Mus musculus,10090
ENSMUSG00000056643,Chst13,,Mus musculus,10090
ENSMUSG00000056656,Apol8,,Mus musculus,10090
ENSMUSG00000056665,Them6,,Mus musculus,10090
ENSMUSG00000056671,Prelid2,,Mus musculus,10090
ENSMUSG00000056679,Gpr173,,Mus musculus,10090
ENSMUSG00000056682,4930465K10Rik,,Mus musculus,10090
ENSMUSG00000056687,Gm11696,,Mus musculus,10090
ENSMUSG00000056706,Krtap7-1,,Mus musculus,10090
ENSMUSG00000056735,A930024E05Rik,,Mus musculus,10090
ENSMUSG00000056752,Dnah9,,Mus musculus,10090
ENSMUSG00000056755,Grm7,,Mus musculus,10090
ENSMUSG00000056771,Gm10010,,Mus musculus,10090
ENSMUSG00000056821,1700028I16Rik,,Mus musculus,10090
ENSMUSG00000056832,Ttc26,,Mus musculus,10090
ENSMUSG00000056856,Jakmip3,,Mus musculus,10090
ENSMUSG00000056870,Gulp1,,Mus musculus,10090
ENSMUSG00000056880,Gadl1,,Mus musculus,10090
ENSMUSG00000056912,1700017N19Rik,,Mus musculus,10090
ENSMUSG00000056919,Cep162,,Mus musculus,10090
ENSMUSG00000056938,Acbd4,,Mus musculus,10090
ENSMUSG00000056952,Tatdn2,,Mus musculus,10090
ENSMUSG00000056959,Olfr315,,Mus musculus,10090
ENSMUSG00000056987,Fam71d,,Mus musculus,10090
ENSMUSG00000057000,Nxf3,,Mus musculus,10090
ENSMUSG00000057047,1700010B08Rik,,Mus musculus,10090
ENSMUSG00000057058,Skap1,,Mus musculus,10090
ENSMUSG00000057068,Fam47e,,Mus musculus,10090
ENSMUSG00000057093,Zfp607b,,Mus musculus,10090
ENSMUSG00000057101,Zfp180,,Mus musculus,10090
ENSMUSG00000057134,Ado,,Mus musculus,10090
ENSMUSG00000057143,Trim12c,,Mus musculus,10090
ENSMUSG00000057156,Homez,,Mus musculus,10090
ENSMUSG00000057173,Rfx8,,Mus musculus,10090
ENSMUSG00000057176,Ccdc189,,Mus musculus,10090
ENSMUSG00000057181,5730455P16Rik,,Mus musculus,10090
ENSMUSG00000057191,AB124611,,Mus musculus,10090
ENSMUSG00000057195,Ceacam13,,Mus musculus,10090
ENSMUSG00000057234,Mettl15,,Mus musculus,10090
ENSMUSG00000057240,Ms4a13,,Mus musculus,10090
ENSMUSG00000057246,BC051142,,Mus musculus,10090
ENSMUSG00000057265,Bbof1,,Mus musculus,10090
ENSMUSG00000057335,Cep170,,Mus musculus,10090
ENSMUSG00000057359,Gm17494,,Mus musculus,10090
ENSMUSG00000057406,Nsd2,,Mus musculus,10090
ENSMUSG00000057534,Elobl,,Mus musculus,10090
ENSMUSG00000057551,Zfp317,,Mus musculus,10090
ENSMUSG00000057615,Ldoc1,,Mus musculus,10090
ENSMUSG00000057637,Prdm2,,Mus musculus,10090
ENSMUSG00000057649,Brd9,,Mus musculus,10090
ENSMUSG00000057706,Mex3b,,Mus musculus,10090
ENSMUSG00000057715,A830018L16Rik,,Mus musculus,10090
ENSMUSG00000057716,Tmem178b,,Mus musculus,10090
ENSMUSG00000057719,Sh3rf2,,Mus musculus,10090
ENSMUSG00000057751,Megf6,,Mus musculus,10090
ENSMUSG00000057766,Ankrd29,,Mus musculus,10090
ENSMUSG00000057778,Cyb5d2,,Mus musculus,10090
ENSMUSG00000057816,Cfap299,,Mus musculus,10090
ENSMUSG00000057818,1600029O15Rik,,Mus musculus,10090
ENSMUSG00000057842,Zfp595,,Mus musculus,10090
ENSMUSG00000057858,Fam204a,,Mus musculus,10090
ENSMUSG00000057948,Unc13d,,Mus musculus,10090
ENSMUSG00000057982,Zfp809,,Mus musculus,10090
ENSMUSG00000058019,Ces5a,,Mus musculus,10090
ENSMUSG00000058046,4933430I17Rik,,Mus musculus,10090
ENSMUSG00000058070,Eml1,,Mus musculus,10090
ENSMUSG00000058093,Zfp729b,,Mus musculus,10090
ENSMUSG00000058101,1700084J12Rik,,Mus musculus,10090
ENSMUSG00000058152,Chsy3,,Mus musculus,10090
ENSMUSG00000058174,Gm5148,,Mus musculus,10090
ENSMUSG00000058192,Zfp846,,Mus musculus,10090
ENSMUSG00000058246,Gm10037,,Mus musculus,10090
ENSMUSG00000058252,Tcp11x2,,Mus musculus,10090
ENSMUSG00000058260,Serpina9,,Mus musculus,10090
ENSMUSG00000058290,Espl1,,Mus musculus,10090
ENSMUSG00000058351,Smim4,,Mus musculus,10090
ENSMUSG00000058400,Qrfpr,,Mus musculus,10090
ENSMUSG00000058402,Zfp420,,Mus musculus,10090
ENSMUSG00000058407,Txndc9,,Mus musculus,10090
ENSMUSG00000058441,Panx2,,Mus musculus,10090
ENSMUSG00000058470,Gm8369,,Mus musculus,10090
ENSMUSG00000058486,Wdr91,,Mus musculus,10090
ENSMUSG00000058589,Anks1b,,Mus musculus,10090
ENSMUSG00000058626,Capn11,,Mus musculus,10090
ENSMUSG00000058656,Samd12,,Mus musculus,10090
ENSMUSG00000058706,0610030E20Rik,,Mus musculus,10090
ENSMUSG00000058740,Kcnt1,,Mus musculus,10090
ENSMUSG00000058755,Osm,,Mus musculus,10090
ENSMUSG00000058761,Rnf169,,Mus musculus,10090
ENSMUSG00000058812,0610039K10Rik,,Mus musculus,10090
ENSMUSG00000058881,Zfp516,,Mus musculus,10090
ENSMUSG00000058925,Ccdc192,,Mus musculus,10090
ENSMUSG00000058935,Tex48,,Mus musculus,10090
ENSMUSG00000058966,Fam57b,,Mus musculus,10090
ENSMUSG00000059003,Grin2a,,Mus musculus,10090
ENSMUSG00000059022,Kcp,,Mus musculus,10090
ENSMUSG00000059027,9630013D21Rik,,Mus musculus,10090
ENSMUSG00000059049,Frem1,,Mus musculus,10090
ENSMUSG00000059114,Lrrc74a,,Mus musculus,10090
ENSMUSG00000059142,Zfp945,,Mus musculus,10090
ENSMUSG00000059187,Tafa1,,Mus musculus,10090
ENSMUSG00000059213,Ddn,,Mus musculus,10090
ENSMUSG00000059244,Gm10062,,Mus musculus,10090
ENSMUSG00000059273,Zc3h4,,Mus musculus,10090
ENSMUSG00000059323,Tonsl,,Mus musculus,10090
ENSMUSG00000059361,Nrsn2,,Mus musculus,10090
ENSMUSG00000059447,Hadhb,,Mus musculus,10090
ENSMUSG00000059455,Plac8l1,,Mus musculus,10090
ENSMUSG00000059625,Sohlh1,,Mus musculus,10090
ENSMUSG00000059631,1500035N22Rik,,Mus musculus,10090
ENSMUSG00000059657,Stfa2l1,,Mus musculus,10090
ENSMUSG00000059689,Zfp637,,Mus musculus,10090
ENSMUSG00000059695,1700019M22Rik,,Mus musculus,10090
ENSMUSG00000059820,Nkapd1,,Mus musculus,10090
ENSMUSG00000059832,Kprp,,Mus musculus,10090
ENSMUSG00000059839,Zfp874b,,Mus musculus,10090
ENSMUSG00000059842,Zfp341,,Mus musculus,10090
ENSMUSG00000059852,Kcng2,,Mus musculus,10090
ENSMUSG00000059854,Hydin,,Mus musculus,10090
ENSMUSG00000059898,Dsc3,,Mus musculus,10090
ENSMUSG00000059956,Serpinb12,,Mus musculus,10090
ENSMUSG00000059975,Zfp74,,Mus musculus,10090
ENSMUSG00000059981,Taok2,,Mus musculus,10090
ENSMUSG00000060012,Kif13b,,Mus musculus,10090
ENSMUSG00000060029,4930473A02Rik,,Mus musculus,10090
ENSMUSG00000060044,Tmem26,,Mus musculus,10090
ENSMUSG00000060073,Psma3,,Mus musculus,10090
ENSMUSG00000060131,Atp8b4,,Mus musculus,10090
ENSMUSG00000060161,Klk1b7-ps,,Mus musculus,10090
ENSMUSG00000060176,Kif27,,Mus musculus,10090
ENSMUSG00000060181,Slc35e3,,Mus musculus,10090
ENSMUSG00000060206,Zfp462,,Mus musculus,10090
ENSMUSG00000060212,Pcnx2,,Mus musculus,10090
ENSMUSG00000060224,Pyroxd2,,Mus musculus,10090
ENSMUSG00000060227,Casc4,,Mus musculus,10090
ENSMUSG00000060257,Scrt2,,Mus musculus,10090
ENSMUSG00000060260,Pwwp2b,,Mus musculus,10090
ENSMUSG00000060275,Nrg2,,Mus musculus,10090
ENSMUSG00000060301,2610008E11Rik,,Mus musculus,10090
ENSMUSG00000060314,Zfp941,,Mus musculus,10090
ENSMUSG00000060375,3110018I06Rik,,Mus musculus,10090
ENSMUSG00000060380,C030014I23Rik,,Mus musculus,10090
ENSMUSG00000060397,Zfp128,,Mus musculus,10090
ENSMUSG00000060402,Chst8,,Mus musculus,10090
ENSMUSG00000060416,Gm839,,Mus musculus,10090
ENSMUSG00000060424,Pantr1,,Mus musculus,10090
ENSMUSG00000060445,Sycp2,,Mus musculus,10090
ENSMUSG00000060487,Samd5,,Mus musculus,10090
ENSMUSG00000060491,4930522H14Rik,,Mus musculus,10090
ENSMUSG00000060508,Nlrp9b,,Mus musculus,10090
ENSMUSG00000060510,Zfp266,,Mus musculus,10090
ENSMUSG00000060530,A930017M01Rik,,Mus musculus,10090
ENSMUSG00000060568,Fam78b,,Mus musculus,10090
ENSMUSG00000060594,Layn,,Mus musculus,10090
ENSMUSG00000060615,Ang4,,Mus musculus,10090
ENSMUSG00000060621,Nkpd1,,Mus musculus,10090
ENSMUSG00000060630,Zfp735,,Mus musculus,10090
ENSMUSG00000060657,Marf1,,Mus musculus,10090
ENSMUSG00000060681,Slc9a6,,Mus musculus,10090
ENSMUSG00000060715,1700019A02Rik,,Mus musculus,10090
ENSMUSG00000060726,Tmsb15a,,Mus musculus,10090
ENSMUSG00000060727,Gm12571,,Mus musculus,10090
ENSMUSG00000060733,Ipmk,,Mus musculus,10090
ENSMUSG00000060756,Krtap2-4,,Mus musculus,10090
ENSMUSG00000060771,Tsga10,,Mus musculus,10090
ENSMUSG00000060794,Tssk5,,Mus musculus,10090
ENSMUSG00000060798,Intu,,Mus musculus,10090
ENSMUSG00000060808,B9d1os,,Mus musculus,10090
ENSMUSG00000060843,Ctnna3,,Mus musculus,10090
ENSMUSG00000060862,Zbtb40,,Mus musculus,10090
ENSMUSG00000060950,Trmt61a,,Mus musculus,10090
ENSMUSG00000060985,Tdrd5,,Mus musculus,10090
ENSMUSG00000060988,Galnt13,,Mus musculus,10090
ENSMUSG00000061013,Mkx,,Mus musculus,10090
ENSMUSG00000061046,Haghl,,Mus musculus,10090
ENSMUSG00000061080,Lsamp,,Mus musculus,10090
ENSMUSG00000061126,Cyp4f39,,Mus musculus,10090
ENSMUSG00000061144,Spink12,,Mus musculus,10090
ENSMUSG00000061175,Fnip2,,Mus musculus,10090
ENSMUSG00000061244,Exoc5,,Mus musculus,10090
ENSMUSG00000061273,Mmgt1,,Mus musculus,10090
ENSMUSG00000061298,Agbl4,,Mus musculus,10090
ENSMUSG00000061322,Dnaic1,,Mus musculus,10090
ENSMUSG00000061371,Zfp873,,Mus musculus,10090
ENSMUSG00000061411,Nol4l,,Mus musculus,10090
ENSMUSG00000061451,Tmem151a,,Mus musculus,10090
ENSMUSG00000061458,Nol10,,Mus musculus,10090
ENSMUSG00000061461,Smim20,,Mus musculus,10090
ENSMUSG00000061462,Obscn,,Mus musculus,10090
ENSMUSG00000061531,Tmem236,,Mus musculus,10090
ENSMUSG00000061533,Cep128,,Mus musculus,10090
ENSMUSG00000061535,C1qtnf7,,Mus musculus,10090
ENSMUSG00000061536,Sec22c,,Mus musculus,10090
ENSMUSG00000061544,Zfp229,,Mus musculus,10090
ENSMUSG00000061577,Adgrg5,,Mus musculus,10090
ENSMUSG00000061578,Ksr2,,Mus musculus,10090
ENSMUSG00000061584,Lyg2,,Mus musculus,10090
ENSMUSG00000061589,Dot1l,,Mus musculus,10090
ENSMUSG00000061603,Akap6,,Mus musculus,10090
ENSMUSG00000061607,Mdc1,,Mus musculus,10090
ENSMUSG00000061702,Tmem91,,Mus musculus,10090
ENSMUSG00000061707,Gm4871,,Mus musculus,10090
ENSMUSG00000061802,Armc4,,Mus musculus,10090
ENSMUSG00000061877,BC048679,,Mus musculus,10090
ENSMUSG00000061882,Ccdc62,,Mus musculus,10090
ENSMUSG00000061894,Zscan20,,Mus musculus,10090
ENSMUSG00000061898,Rbak,,Mus musculus,10090
ENSMUSG00000062007,Hsh2d,,Mus musculus,10090
ENSMUSG00000062012,Zfp13,,Mus musculus,10090
ENSMUSG00000062017,Abca14,,Mus musculus,10090
ENSMUSG00000062028,Irgc1,,Mus musculus,10090
ENSMUSG00000062040,Zfp27,,Mus musculus,10090
ENSMUSG00000062044,Lmtk3,,Mus musculus,10090
ENSMUSG00000062046,5730460C07Rik,,Mus musculus,10090
ENSMUSG00000062082,Cd200r4,,Mus musculus,10090
ENSMUSG00000062101,Zfp119b,,Mus musculus,10090
ENSMUSG00000062110,Scfd2,,Mus musculus,10090
ENSMUSG00000062124,Defb45,,Mus musculus,10090
ENSMUSG00000062151,Unc13c,,Mus musculus,10090
ENSMUSG00000062154,Tex33,,Mus musculus,10090
ENSMUSG00000062157,Ifnlr1,,Mus musculus,10090
ENSMUSG00000062202,Btbd9,,Mus musculus,10090
ENSMUSG00000062232,Rapgef2,,Mus musculus,10090
ENSMUSG00000062252,Lhfpl5,,Mus musculus,10090
ENSMUSG00000062257,Opcml,,Mus musculus,10090
ENSMUSG00000062275,Fbxw24,,Mus musculus,10090
ENSMUSG00000062296,Trank1,,Mus musculus,10090
ENSMUSG00000062329,Cytl1,,Mus musculus,10090
ENSMUSG00000062373,Tmem65,,Mus musculus,10090
ENSMUSG00000062391,4932435O22Rik,,Mus musculus,10090
ENSMUSG00000062393,Dgkk,,Mus musculus,10090
ENSMUSG00000062496,4930431F12Rik,,Mus musculus,10090
ENSMUSG00000062510,Nsl1,,Mus musculus,10090
ENSMUSG00000062511,4930512M02Rik,,Mus musculus,10090
ENSMUSG00000062526,Mppe1,,Mus musculus,10090
ENSMUSG00000062543,Gsdmcl1,,Mus musculus,10090
ENSMUSG00000062545,Tlr12,,Mus musculus,10090
ENSMUSG00000062590,Armc9,,Mus musculus,10090
ENSMUSG00000062627,Mysm1,,Mus musculus,10090
ENSMUSG00000062687,Cks1brt,,Mus musculus,10090
ENSMUSG00000062704,9430002A10Rik,,Mus musculus,10090
ENSMUSG00000062732,Lypd4,,Mus musculus,10090
ENSMUSG00000062743,Zfp677,,Mus musculus,10090
ENSMUSG00000062760,Shisal1,,Mus musculus,10090
ENSMUSG00000062761,Zfp512,,Mus musculus,10090
ENSMUSG00000062794,Zfp599,,Mus musculus,10090
ENSMUSG00000062826,Ces2f,,Mus musculus,10090
ENSMUSG00000062861,Zfp28,,Mus musculus,10090
ENSMUSG00000062906,Hdac10,,Mus musculus,10090
ENSMUSG00000062931,Zfp938,,Mus musculus,10090
ENSMUSG00000062944,9130023H24Rik,,Mus musculus,10090
ENSMUSG00000062961,Ccdc177,,Mus musculus,10090
ENSMUSG00000062980,Cped1,,Mus musculus,10090
ENSMUSG00000062991,Nrg1,,Mus musculus,10090
ENSMUSG00000063087,Gm10125,,Mus musculus,10090
ENSMUSG00000063109,Dgkeos,,Mus musculus,10090
ENSMUSG00000063145,Bbs5,,Mus musculus,10090
ENSMUSG00000063193,Cd300lb,,Mus musculus,10090
ENSMUSG00000063232,Serpina11,,Mus musculus,10090
ENSMUSG00000063239,Grm4,,Mus musculus,10090
ENSMUSG00000063251,Krtap4-1,,Mus musculus,10090
ENSMUSG00000063296,Tmem117,,Mus musculus,10090
ENSMUSG00000063317,Usp31,,Mus musculus,10090
ENSMUSG00000063362,Alg11,,Mus musculus,10090
ENSMUSG00000063364,3300002I08Rik,,Mus musculus,10090
ENSMUSG00000063415,Cyp26b1,,Mus musculus,10090
ENSMUSG00000063430,Wscd2,,Mus musculus,10090
ENSMUSG00000063445,Nmral1,,Mus musculus,10090
ENSMUSG00000063446,Plppr1,,Mus musculus,10090
ENSMUSG00000063455,D630045J12Rik,,Mus musculus,10090
ENSMUSG00000063458,Lrmda,,Mus musculus,10090
ENSMUSG00000063488,Zkscan7,,Mus musculus,10090
ENSMUSG00000063506,Arhgap22,,Mus musculus,10090
ENSMUSG00000063529,Stmnd1,,Mus musculus,10090
ENSMUSG00000063535,Zfp773,,Mus musculus,10090
ENSMUSG00000063564,Col23a1,,Mus musculus,10090
ENSMUSG00000063568,Jazf1,,Mus musculus,10090
ENSMUSG00000063594,Gng8,,Mus musculus,10090
ENSMUSG00000063600,Egfem1,,Mus musculus,10090
ENSMUSG00000063626,Unc5d,,Mus musculus,10090
ENSMUSG00000063646,Jakmip1,,Mus musculus,10090
ENSMUSG00000063651,Cnfn,,Mus musculus,10090
ENSMUSG00000063661,Krt73,,Mus musculus,10090
ENSMUSG00000063672,Nkx6-3,,Mus musculus,10090
ENSMUSG00000063694,Cycs,,Mus musculus,10090
ENSMUSG00000063704,Mapk15,,Mus musculus,10090
ENSMUSG00000063760,Rnf217,,Mus musculus,10090
ENSMUSG00000063765,Chadl,,Mus musculus,10090
ENSMUSG00000063785,Utp14a,,Mus musculus,10090
ENSMUSG00000063804,Lin28b,,Mus musculus,10090
ENSMUSG00000063887,Nlgn1,,Mus musculus,10090
ENSMUSG00000063894,Zkscan8,,Mus musculus,10090
ENSMUSG00000063935,Zar1,,Mus musculus,10090
ENSMUSG00000063952,Brpf3,,Mus musculus,10090
ENSMUSG00000064030,Pym1,,Mus musculus,10090
ENSMUSG00000064036,Mro,,Mus musculus,10090
ENSMUSG00000064043,Trerf1,,Mus musculus,10090
ENSMUSG00000064061,Dzip3,,Mus musculus,10090
ENSMUSG00000064063,BC048507,,Mus musculus,10090
ENSMUSG00000064065,Ipcef1,,Mus musculus,10090
ENSMUSG00000064115,Cadm2,,Mus musculus,10090
ENSMUSG00000064125,Prr36,,Mus musculus,10090
ENSMUSG00000064128,Cenpj,,Mus musculus,10090
ENSMUSG00000064138,Fam172a,,Mus musculus,10090
ENSMUSG00000064141,Zfp69,,Mus musculus,10090
ENSMUSG00000064147,Rab44,,Mus musculus,10090
ENSMUSG00000064158,Izumo1,,Mus musculus,10090
ENSMUSG00000064202,4430402I18Rik,,Mus musculus,10090
ENSMUSG00000064210,Ano6,,Mus musculus,10090
ENSMUSG00000064215,Ifi27,,Mus musculus,10090
ENSMUSG00000064225,Paqr9,,Mus musculus,10090
ENSMUSG00000064247,Plcxd1,,Mus musculus,10090
ENSMUSG00000064262,Gimap8,,Mus musculus,10090
ENSMUSG00000064280,Ccdc146,,Mus musculus,10090
ENSMUSG00000064299,4921528I07Rik,,Mus musculus,10090
ENSMUSG00000064308,2410137M14Rik,,Mus musculus,10090
ENSMUSG00000064722,Gm25857,,Mus musculus,10090
ENSMUSG00000064867,Gm25039,,Mus musculus,10090
ENSMUSG00000065126,Snord104,,Mus musculus,10090
ENSMUSG00000065589,Mir301,,Mus musculus,10090
ENSMUSG00000065715,Snord7,,Mus musculus,10090
ENSMUSG00000065954,Tacc1,,Mus musculus,10090
ENSMUSG00000065968,Ifitm7,,Mus musculus,10090
ENSMUSG00000066000,Zfp979,,Mus musculus,10090
ENSMUSG00000066037,Hnrnpr,,Mus musculus,10090
ENSMUSG00000066042,Med18,,Mus musculus,10090
ENSMUSG00000066043,Phactr4,,Mus musculus,10090
ENSMUSG00000066097,Cyp2j11,,Mus musculus,10090
ENSMUSG00000066113,Adamtsl1,,Mus musculus,10090
ENSMUSG00000066129,Kndc1,,Mus musculus,10090
ENSMUSG00000066137,Gm11487,,Mus musculus,10090
ENSMUSG00000066148,Prpf4,,Mus musculus,10090
ENSMUSG00000066175,2510046G10Rik,,Mus musculus,10090
ENSMUSG00000066178,6030445D17Rik,,Mus musculus,10090
ENSMUSG00000066196,Spag8,,Mus musculus,10090
ENSMUSG00000066197,Gpr139,,Mus musculus,10090
ENSMUSG00000066235,Pomgnt2,,Mus musculus,10090
ENSMUSG00000066382,Iqcf5,,Mus musculus,10090
ENSMUSG00000066383,Iqcf1,,Mus musculus,10090
ENSMUSG00000066392,Nrxn3,,Mus musculus,10090
ENSMUSG00000066406,Akap13,,Mus musculus,10090
ENSMUSG00000066438,Plekhd1,,Mus musculus,10090
ENSMUSG00000066477,Gm16551,,Mus musculus,10090
ENSMUSG00000066500,Izumo2,,Mus musculus,10090
ENSMUSG00000066568,Lsm14a,,Mus musculus,10090
ENSMUSG00000066571,4931406P16Rik,,Mus musculus,10090
ENSMUSG00000066637,Ttc32,,Mus musculus,10090
ENSMUSG00000066640,Fbxl18,,Mus musculus,10090
ENSMUSG00000066643,Wdr35,,Mus musculus,10090
ENSMUSG00000066647,Gm5113,,Mus musculus,10090
ENSMUSG00000066652,Lefty2,,Mus musculus,10090
ENSMUSG00000066721,Zfp575,,Mus musculus,10090
ENSMUSG00000066735,Vkorc1l1,,Mus musculus,10090
ENSMUSG00000066798,Zbtb6,,Mus musculus,10090
ENSMUSG00000066842,Hmcn1,,Mus musculus,10090
ENSMUSG00000066894,Vsig10,,Mus musculus,10090
ENSMUSG00000067101,1700010H22Rik,,Mus musculus,10090
ENSMUSG00000067103,AY702103,,Mus musculus,10090
ENSMUSG00000067206,Lrrc66,,Mus musculus,10090
ENSMUSG00000067219,Nipal1,,Mus musculus,10090
ENSMUSG00000067242,Lgi1,,Mus musculus,10090
ENSMUSG00000067297,Ifit1bl2,,Mus musculus,10090
ENSMUSG00000067341,H2-Eb2,,Mus musculus,10090
ENSMUSG00000067369,Trmt2b,,Mus musculus,10090
ENSMUSG00000067424,Zfp563,,Mus musculus,10090
ENSMUSG00000067430,Zfp763,,Mus musculus,10090
ENSMUSG00000067455,H4c11,,Mus musculus,10090
ENSMUSG00000067567,Hdac8,,Mus musculus,10090
ENSMUSG00000067571,Ms4a15,,Mus musculus,10090
ENSMUSG00000067577,A430093F15Rik,,Mus musculus,10090
ENSMUSG00000067578,Cbln4,,Mus musculus,10090
ENSMUSG00000067629,Syngap1,,Mus musculus,10090
ENSMUSG00000067724,Gbx1,,Mus musculus,10090
ENSMUSG00000067773,Defb41,,Mus musculus,10090
ENSMUSG00000067795,4930444P10Rik,,Mus musculus,10090
ENSMUSG00000067872,Ccdc87,,Mus musculus,10090
ENSMUSG00000067879,Vxn,,Mus musculus,10090
ENSMUSG00000067928,Zfp760,,Mus musculus,10090
ENSMUSG00000068008,Bpifb3,,Mus musculus,10090
ENSMUSG00000068011,Mkrn2os,,Mus musculus,10090
ENSMUSG00000068015,Lrch1,,Mus musculus,10090
ENSMUSG00000068036,Afdn,,Mus musculus,10090
ENSMUSG00000068083,Cyp2d40,,Mus musculus,10090
ENSMUSG00000068099,1500009C09Rik,,Mus musculus,10090
ENSMUSG00000068114,Ccdc134,,Mus musculus,10090
ENSMUSG00000068115,Ninl,,Mus musculus,10090
ENSMUSG00000068117,Mei1,,Mus musculus,10090
ENSMUSG00000068180,AY512915,,Mus musculus,10090
ENSMUSG00000068184,Ndufaf2,,Mus musculus,10090
ENSMUSG00000068250,Amn1,,Mus musculus,10090
ENSMUSG00000068270,Shroom4,,Mus musculus,10090
ENSMUSG00000068284,Usf3,,Mus musculus,10090
ENSMUSG00000068373,D430041D05Rik,,Mus musculus,10090
ENSMUSG00000068547,Clca4a,,Mus musculus,10090
ENSMUSG00000068587,Mgam,,Mus musculus,10090
ENSMUSG00000068617,Efcab1,,Mus musculus,10090
ENSMUSG00000068732,Tmem167b,,Mus musculus,10090
ENSMUSG00000068735,Trp53i11,,Mus musculus,10090
ENSMUSG00000068745,Mybphl,,Mus musculus,10090
ENSMUSG00000068854,H2bc21,,Mus musculus,10090
ENSMUSG00000068860,Gm128,,Mus musculus,10090
ENSMUSG00000068876,Cgn,,Mus musculus,10090
ENSMUSG00000068885,Lce3f,,Mus musculus,10090
ENSMUSG00000068957,4930589L23Rik,,Mus musculus,10090
ENSMUSG00000068959,Zfp619,,Mus musculus,10090
ENSMUSG00000068966,Zbtb34,,Mus musculus,10090
ENSMUSG00000069041,Slc25a31,,Mus musculus,10090
ENSMUSG00000069072,Slc7a14,,Mus musculus,10090
ENSMUSG00000069080,Lcn11,,Mus musculus,10090
ENSMUSG00000069114,Zbtb10,,Mus musculus,10090
ENSMUSG00000069118,1700008P02Rik,,Mus musculus,10090
ENSMUSG00000069132,Nxph2,,Mus musculus,10090
ENSMUSG00000069135,Fgfr1op,,Mus musculus,10090
ENSMUSG00000069189,Zdhhc11,,Mus musculus,10090
ENSMUSG00000069206,Zfp874a,,Mus musculus,10090
ENSMUSG00000069372,Ctxn3,,Mus musculus,10090
ENSMUSG00000069378,Prdm6,,Mus musculus,10090
ENSMUSG00000069441,Dsg1a,,Mus musculus,10090
ENSMUSG00000069476,Zfp616,,Mus musculus,10090
ENSMUSG00000069495,Epc2,,Mus musculus,10090
ENSMUSG00000069539,Scyl2,,Mus musculus,10090
ENSMUSG00000069633,Pex11g,,Mus musculus,10090
ENSMUSG00000069670,Nkain2,,Mus musculus,10090
ENSMUSG00000069713,4933406P04Rik,,Mus musculus,10090
ENSMUSG00000069718,Gm11563,,Mus musculus,10090
ENSMUSG00000069721,Krtap3-2,,Mus musculus,10090
ENSMUSG00000069729,Arid1b,,Mus musculus,10090
ENSMUSG00000069733,Ube2u,,Mus musculus,10090
ENSMUSG00000069792,Wfdc17,,Mus musculus,10090
ENSMUSG00000069793,Slfn9,,Mus musculus,10090
ENSMUSG00000069808,Fam57a,,Mus musculus,10090
ENSMUSG00000069814,Ccdc92b,,Mus musculus,10090
ENSMUSG00000069835,Sat2,,Mus musculus,10090
ENSMUSG00000069844,Sco1,,Mus musculus,10090
ENSMUSG00000069873,4930438A08Rik,,Mus musculus,10090
ENSMUSG00000069895,Atxn1l,,Mus musculus,10090
ENSMUSG00000069911,Insyn2b,,Mus musculus,10090
ENSMUSG00000069971,4933402J07Rik,,Mus musculus,10090
ENSMUSG00000070044,Fam149a,,Mus musculus,10090
ENSMUSG00000070047,Fat1,,Mus musculus,10090
ENSMUSG00000070072,Mir433,,Mus musculus,10090
ENSMUSG00000070280,Slc22a14,,Mus musculus,10090
ENSMUSG00000070282,3000002C10Rik,,Mus musculus,10090
ENSMUSG00000070291,Ddx43,,Mus musculus,10090
ENSMUSG00000070304,Scn2b,,Mus musculus,10090
ENSMUSG00000070305,Mpzl3,,Mus musculus,10090
ENSMUSG00000070306,Ccdc153,,Mus musculus,10090
ENSMUSG00000070315,4930581F22Rik,,Mus musculus,10090
ENSMUSG00000070324,Fbxw22,,Mus musculus,10090
ENSMUSG00000070327,Rnf213,,Mus musculus,10090
ENSMUSG00000070331,Qrich2,,Mus musculus,10090
ENSMUSG00000070332,Trim80,,Mus musculus,10090
ENSMUSG00000070334,Krtap31-1,,Mus musculus,10090
ENSMUSG00000070337,Gpr179,,Mus musculus,10090
ENSMUSG00000070345,Hsf5,,Mus musculus,10090
ENSMUSG00000070368,Prok1,,Mus musculus,10090
ENSMUSG00000070371,Prss36,,Mus musculus,10090
ENSMUSG00000070394,Tmem256,,Mus musculus,10090
ENSMUSG00000070421,Olfr658,,Mus musculus,10090
ENSMUSG00000070423,Olfr558,,Mus musculus,10090
ENSMUSG00000070461,9230112E08Rik,,Mus musculus,10090
ENSMUSG00000070469,Adamtsl3,,Mus musculus,10090
ENSMUSG00000070471,Erich6,,Mus musculus,10090
ENSMUSG00000070476,Fam217b,,Mus musculus,10090
ENSMUSG00000070489,4930527J03Rik,,Mus musculus,10090
ENSMUSG00000070509,Rgma,,Mus musculus,10090
ENSMUSG00000070547,Mrgprb1,,Mus musculus,10090
ENSMUSG00000070563,Spaca4,,Mus musculus,10090
ENSMUSG00000070564,Ntn5,,Mus musculus,10090
ENSMUSG00000070568,Slc6a21,,Mus musculus,10090
ENSMUSG00000070570,Slc17a7,,Mus musculus,10090
ENSMUSG00000070574,2310016G11Rik,,Mus musculus,10090
ENSMUSG00000070576,Mn1,,Mus musculus,10090
ENSMUSG00000070604,Vsig10l,,Mus musculus,10090
ENSMUSG00000070639,Lrrc8b,,Mus musculus,10090
ENSMUSG00000070644,Etnk2,,Mus musculus,10090
ENSMUSG00000070683,Lactbl1,,Mus musculus,10090
ENSMUSG00000070690,Albfm1,,Mus musculus,10090
ENSMUSG00000070695,Cntnap5a,,Mus musculus,10090
ENSMUSG00000070704,Ugt2b36,,Mus musculus,10090
ENSMUSG00000070709,Zfp974,,Mus musculus,10090
ENSMUSG00000070719,Pla2g4d,,Mus musculus,10090
ENSMUSG00000070732,Rbm44,,Mus musculus,10090
ENSMUSG00000070737,Tmem35b,,Mus musculus,10090
ENSMUSG00000070738,Dgkd,,Mus musculus,10090
ENSMUSG00000070777,Ceacam20,,Mus musculus,10090
ENSMUSG00000070796,Psg21,,Mus musculus,10090
ENSMUSG00000070802,Pnmal2,,Mus musculus,10090
ENSMUSG00000070806,Zmynd12,,Mus musculus,10090
ENSMUSG00000070808,Bicra,,Mus musculus,10090
ENSMUSG00000070822,Zscan18,,Mus musculus,10090
ENSMUSG00000070858,Gm1673,,Mus musculus,10090
ENSMUSG00000070866,Zfp804a,,Mus musculus,10090
ENSMUSG00000070867,Trabd2b,,Mus musculus,10090
ENSMUSG00000070871,Ccnyl1,,Mus musculus,10090
ENSMUSG00000070883,Ccdc173,,Mus musculus,10090
ENSMUSG00000070891,Gm12689,,Mus musculus,10090
ENSMUSG00000070939,Tgfbrap1,,Mus musculus,10090
ENSMUSG00000070972,Dnajc25,,Mus musculus,10090
ENSMUSG00000070999,Ccin,,Mus musculus,10090
ENSMUSG00000071001,Hrct1,,Mus musculus,10090
ENSMUSG00000071019,Sdr16c6,,Mus musculus,10090
ENSMUSG00000071036,Gm10309,,Mus musculus,10090
ENSMUSG00000071037,Camkmt,,Mus musculus,10090
ENSMUSG00000071042,Rasgrp3,,Mus musculus,10090
ENSMUSG00000071064,Zfp827,,Mus musculus,10090
ENSMUSG00000071068,Treml2,,Mus musculus,10090
ENSMUSG00000071073,Lrrc73,,Mus musculus,10090
ENSMUSG00000071089,Trim75,,Mus musculus,10090
ENSMUSG00000071103,1700029J07Rik,,Mus musculus,10090
ENSMUSG00000071104,Ccdc110,,Mus musculus,10090
ENSMUSG00000071112,Spx,,Mus musculus,10090
ENSMUSG00000071113,Mboat4,,Mus musculus,10090
ENSMUSG00000071138,Tex24,,Mus musculus,10090
ENSMUSG00000071180,Smim15,,Mus musculus,10090
ENSMUSG00000071181,3830408C21Rik,,Mus musculus,10090
ENSMUSG00000071226,Cecr2,,Mus musculus,10090
ENSMUSG00000071234,Syndig1l,,Mus musculus,10090
ENSMUSG00000071235,Vrtn,,Mus musculus,10090
ENSMUSG00000071252,2210408I21Rik,,Mus musculus,10090
ENSMUSG00000071253,Slc25a16,,Mus musculus,10090
ENSMUSG00000071262,Zfp957,,Mus musculus,10090
ENSMUSG00000071265,1700086L19Rik,,Mus musculus,10090
ENSMUSG00000071266,Zfp946,,Mus musculus,10090
ENSMUSG00000071302,2610044O15Rik8,,Mus musculus,10090
ENSMUSG00000071324,Armc2,,Mus musculus,10090
ENSMUSG00000071347,C1qtnf9,,Mus musculus,10090
ENSMUSG00000071350,Setdb2,,Mus musculus,10090
ENSMUSG00000071398,2410004P03Rik,,Mus musculus,10090
ENSMUSG00000071456,1110002L01Rik,,Mus musculus,10090
ENSMUSG00000071471,Krtap26-1,,Mus musculus,10090
ENSMUSG00000071506,Tmem139,,Mus musculus,10090
ENSMUSG00000071531,Gprin2,,Mus musculus,10090
ENSMUSG00000071537,Klrg2,,Mus musculus,10090
ENSMUSG00000071551,Akr1c19,,Mus musculus,10090
ENSMUSG00000071573,Rnls,,Mus musculus,10090
ENSMUSG00000071586,Gm10337,,Mus musculus,10090
ENSMUSG00000071604,Fam189a2,,Mus musculus,10090
ENSMUSG00000071636,Rimbp3,,Mus musculus,10090
ENSMUSG00000071644,Eef1g,,Mus musculus,10090
ENSMUSG00000071656,Lrrn4cl,,Mus musculus,10090
ENSMUSG00000071660,Ttc9c,,Mus musculus,10090
ENSMUSG00000071686,Tex13a,,Mus musculus,10090
ENSMUSG00000071749,4933412E24Rik,,Mus musculus,10090
ENSMUSG00000071757,Zhx2,,Mus musculus,10090
ENSMUSG00000071763,4933416I08Rik,,Mus musculus,10090
ENSMUSG00000071793,2610005L07Rik,,Mus musculus,10090
ENSMUSG00000071818,4930417O22Rik,,Mus musculus,10090
ENSMUSG00000071855,Ccdc112,,Mus musculus,10090
ENSMUSG00000071856,Mcc,,Mus musculus,10090
ENSMUSG00000071858,Gm94,,Mus musculus,10090
ENSMUSG00000071890,Mroh9,,Mus musculus,10090
ENSMUSG00000072066,6720489N17Rik,,Mus musculus,10090
ENSMUSG00000072295,C2cd6,,Mus musculus,10090
ENSMUSG00000072423,Psmb11,,Mus musculus,10090
ENSMUSG00000072494,Ppp1r3e,,Mus musculus,10090
ENSMUSG00000072568,Lratd2,,Mus musculus,10090
ENSMUSG00000072572,Slc39a2,,Mus musculus,10090
ENSMUSG00000072591,Fzd10os,,Mus musculus,10090
ENSMUSG00000072595,4930503E14Rik,,Mus musculus,10090
ENSMUSG00000072621,Slfn10-ps,,Mus musculus,10090
ENSMUSG00000072623,Zfp9,,Mus musculus,10090
ENSMUSG00000072640,Lyrm9,,Mus musculus,10090
ENSMUSG00000072653,Zfp783,,Mus musculus,10090
ENSMUSG00000072663,Spef2,,Mus musculus,10090
ENSMUSG00000072673,Gm10392,,Mus musculus,10090
ENSMUSG00000072679,D6Ertd474e,,Mus musculus,10090
ENSMUSG00000072688,Gm10399,,Mus musculus,10090
ENSMUSG00000072720,Myo18b,,Mus musculus,10090
ENSMUSG00000072723,Gm10044,,Mus musculus,10090
ENSMUSG00000072754,Lrcol1,,Mus musculus,10090
ENSMUSG00000072769,Gm10419,,Mus musculus,10090
ENSMUSG00000072812,Ahnak2,,Mus musculus,10090
ENSMUSG00000072825,Cep170b,,Mus musculus,10090
ENSMUSG00000072845,Tmprss11a,,Mus musculus,10090
ENSMUSG00000072847,A530017D24Rik,,Mus musculus,10090
ENSMUSG00000072852,2310040G07Rik,,Mus musculus,10090
ENSMUSG00000072872,Rybp,,Mus musculus,10090
ENSMUSG00000072878,1700123L14Rik,,Mus musculus,10090
ENSMUSG00000072893,4933439C10Rik,,Mus musculus,10090
ENSMUSG00000072898,Gm10434,,Mus musculus,10090
ENSMUSG00000072919,Noxred1,,Mus musculus,10090
ENSMUSG00000072964,Bhlhb9,,Mus musculus,10090
ENSMUSG00000072966,Gprasp2,,Mus musculus,10090
ENSMUSG00000072974,Gm4787,,Mus musculus,10090
ENSMUSG00000072980,Oip5,,Mus musculus,10090
ENSMUSG00000072983,4933414I15Rik,,Mus musculus,10090
ENSMUSG00000073000,Gm10451,,Mus musculus,10090
ENSMUSG00000073006,Gm732,,Mus musculus,10090
ENSMUSG00000073008,Gpr174,,Mus musculus,10090
ENSMUSG00000073018,Gm1070,,Mus musculus,10090
ENSMUSG00000073052,D130052B06Rik,,Mus musculus,10090
ENSMUSG00000073062,Zxdb,,Mus musculus,10090
ENSMUSG00000073067,9130019P16Rik,,Mus musculus,10090
ENSMUSG00000073079,Srp54a,,Mus musculus,10090
ENSMUSG00000073147,5031425E22Rik,,Mus musculus,10090
ENSMUSG00000073164,2410018L13Rik,,Mus musculus,10090
ENSMUSG00000073176,Zfp449,,Mus musculus,10090
ENSMUSG00000073207,Ccdc160,,Mus musculus,10090
ENSMUSG00000073209,Klf14,,Mus musculus,10090
ENSMUSG00000073226,Gm10482,,Mus musculus,10090
ENSMUSG00000073236,2500004C02Rik,,Mus musculus,10090
ENSMUSG00000073293,Nudt10,,Mus musculus,10090
ENSMUSG00000073294,AU022751,,Mus musculus,10090
ENSMUSG00000073374,C030034I22Rik,,Mus musculus,10090
ENSMUSG00000073380,Arrdc5,,Mus musculus,10090
ENSMUSG00000073399,Trim40,,Mus musculus,10090
ENSMUSG00000073423,Zfp414,,Mus musculus,10090
ENSMUSG00000073427,Gm4924,,Mus musculus,10090
ENSMUSG00000073430,Gm10505,,Mus musculus,10090
ENSMUSG00000073460,Pnldc1,,Mus musculus,10090
ENSMUSG00000073490,Ifi207,,Mus musculus,10090
ENSMUSG00000073491,Ifi213,,Mus musculus,10090
ENSMUSG00000073530,Pappa2,,Mus musculus,10090
ENSMUSG00000073542,Cep76,,Mus musculus,10090
ENSMUSG00000073557,Ppp1r12b,,Mus musculus,10090
ENSMUSG00000073563,Csnk1g3,,Mus musculus,10090
ENSMUSG00000073565,Prr16,,Mus musculus,10090
ENSMUSG00000073590,3222401L13Rik,,Mus musculus,10090
ENSMUSG00000073598,1700066B19Rik,,Mus musculus,10090
ENSMUSG00000073599,Ecscr,,Mus musculus,10090
ENSMUSG00000073600,Prob1,,Mus musculus,10090
ENSMUSG00000073608,Gal3st2c,,Mus musculus,10090
ENSMUSG00000073609,D2hgdh,,Mus musculus,10090
ENSMUSG00000073664,Nbeal1,,Mus musculus,10090
ENSMUSG00000073678,Pgap1,,Mus musculus,10090
ENSMUSG00000073679,Mxra8os,,Mus musculus,10090
ENSMUSG00000073680,Tmem88b,,Mus musculus,10090
ENSMUSG00000073705,Cenps,,Mus musculus,10090
ENSMUSG00000073731,AI507597,,Mus musculus,10090
ENSMUSG00000073755,5730409E04Rik,,Mus musculus,10090
ENSMUSG00000073758,Sh3d21,,Mus musculus,10090
ENSMUSG00000073764,Gm12888,,Mus musculus,10090
ENSMUSG00000073765,Gm12863,,Mus musculus,10090
ENSMUSG00000073771,Btbd19,,Mus musculus,10090
ENSMUSG00000073785,Krtap5-5,,Mus musculus,10090
ENSMUSG00000073787,Gm10575,,Mus musculus,10090
ENSMUSG00000073792,Alg6,,Mus musculus,10090
ENSMUSG00000073795,Spef1l,,Mus musculus,10090
ENSMUSG00000073803,4930544L04Rik,,Mus musculus,10090
ENSMUSG00000073805,Insyn2a,,Mus musculus,10090
ENSMUSG00000073821,8030451A03Rik,,Mus musculus,10090
ENSMUSG00000073856,Iqck,,Mus musculus,10090
ENSMUSG00000073860,Gm829,,Mus musculus,10090
ENSMUSG00000073862,Gm5600,,Mus musculus,10090
ENSMUSG00000073894,Rbmxl2,,Mus musculus,10090
ENSMUSG00000073968,Trim68,,Mus musculus,10090
ENSMUSG00000073976,1700026J12Rik,,Mus musculus,10090
ENSMUSG00000074001,Klhl40,,Mus musculus,10090
ENSMUSG00000074004,B3gnt6,,Mus musculus,10090
ENSMUSG00000074024,4632427E13Rik,,Mus musculus,10090
ENSMUSG00000074059,Fbxw18,,Mus musculus,10090
ENSMUSG00000074061,Fbxw19,,Mus musculus,10090
ENSMUSG00000074062,Fbxw16,,Mus musculus,10090
ENSMUSG00000074071,Fam169b,,Mus musculus,10090
ENSMUSG00000074093,Svip,,Mus musculus,10090
ENSMUSG00000074121,Ntf5,,Mus musculus,10090
ENSMUSG00000074136,4930513N10Rik,,Mus musculus,10090
ENSMUSG00000074139,1700057G04Rik,,Mus musculus,10090
ENSMUSG00000074151,Nlrc5,,Mus musculus,10090
ENSMUSG00000074155,Klk5,,Mus musculus,10090
ENSMUSG00000074156,Ces1h,,Mus musculus,10090
ENSMUSG00000074164,Vmn2r-ps54,,Mus musculus,10090
ENSMUSG00000074165,Zfp788,,Mus musculus,10090
ENSMUSG00000074171,Gm6658,,Mus musculus,10090
ENSMUSG00000074178,Gm10638,,Mus musculus,10090
ENSMUSG00000074182,Znhit6,,Mus musculus,10090
ENSMUSG00000074195,Clca4b,,Mus musculus,10090
ENSMUSG00000074196,Clca4c-ps,,Mus musculus,10090
ENSMUSG00000074206,Adh6b,,Mus musculus,10090
ENSMUSG00000074212,Dnajb14,,Mus musculus,10090
ENSMUSG00000074215,Gm10643,,Mus musculus,10090
ENSMUSG00000074224,4932431P20Rik,,Mus musculus,10090
ENSMUSG00000074240,Cib3,,Mus musculus,10090
ENSMUSG00000074269,Rec114,,Mus musculus,10090
ENSMUSG00000074274,D930028M14Rik,,Mus musculus,10090
ENSMUSG00000074284,Gm10658,,Mus musculus,10090
ENSMUSG00000074300,Smim31,,Mus musculus,10090
ENSMUSG00000074342,I830077J02Rik,,Mus musculus,10090
ENSMUSG00000074354,Arhgap20os,,Mus musculus,10090
ENSMUSG00000074357,AA386476,,Mus musculus,10090
ENSMUSG00000074358,Ccdc61,,Mus musculus,10090
ENSMUSG00000074366,Obox5,,Mus musculus,10090
ENSMUSG00000074384,AI429214,,Mus musculus,10090
ENSMUSG00000074388,Gm5544,,Mus musculus,10090
ENSMUSG00000074415,Mir100hg,,Mus musculus,10090
ENSMUSG00000074461,Gm10699,,Mus musculus,10090
ENSMUSG00000074466,Gm15417,,Mus musculus,10090
ENSMUSG00000074467,Gm10702,,Mus musculus,10090
ENSMUSG00000074476,Spc24,,Mus musculus,10090
ENSMUSG00000074480,Mex3a,,Mus musculus,10090
ENSMUSG00000074500,Zfp558,,Mus musculus,10090
ENSMUSG00000074502,Ubtfl1,,Mus musculus,10090
ENSMUSG00000074505,Fat3,,Mus musculus,10090
ENSMUSG00000074517,Gm10710,,Mus musculus,10090
ENSMUSG00000074569,Gcnt7,,Mus musculus,10090
ENSMUSG00000074570,Cass4,,Mus musculus,10090
ENSMUSG00000074575,Kcng1,,Mus musculus,10090
ENSMUSG00000074576,Mocs3,,Mus musculus,10090
ENSMUSG00000074577,Ripor3,,Mus musculus,10090
ENSMUSG00000074579,Lekr1,,Mus musculus,10090
ENSMUSG00000074582,Arfgef2,,Mus musculus,10090
ENSMUSG00000074589,4930449A18Rik,,Mus musculus,10090
ENSMUSG00000074591,Ankub1,,Mus musculus,10090
ENSMUSG00000074607,Tox2,,Mus musculus,10090
ENSMUSG00000074629,4930518I15Rik,,Mus musculus,10090
ENSMUSG00000074652,Myh7b,,Mus musculus,10090
ENSMUSG00000074653,Lrrc31,,Mus musculus,10090
ENSMUSG00000074671,Tspyl3,,Mus musculus,10090
ENSMUSG00000074676,Foxs1,,Mus musculus,10090
ENSMUSG00000074734,Taf7l2,,Mus musculus,10090
ENSMUSG00000074736,Syndig1,,Mus musculus,10090
ENSMUSG00000074737,C530025M09Rik,,Mus musculus,10090
ENSMUSG00000074746,Pdzd8,,Mus musculus,10090
ENSMUSG00000074749,Kiz,,Mus musculus,10090
ENSMUSG00000074766,Ism1,,Mus musculus,10090
ENSMUSG00000074781,Ube2n,,Mus musculus,10090
ENSMUSG00000074782,4833422C13Rik,,Mus musculus,10090
ENSMUSG00000074794,Arrdc3,,Mus musculus,10090
ENSMUSG00000074796,Slc4a11,,Mus musculus,10090
ENSMUSG00000074802,Gas2l3,,Mus musculus,10090
ENSMUSG00000074804,AU015228,,Mus musculus,10090
ENSMUSG00000074805,Il1bos,,Mus musculus,10090
ENSMUSG00000074811,Hps6,,Mus musculus,10090
ENSMUSG00000074813,Morrbid,,Mus musculus,10090
ENSMUSG00000074825,Itpripl1,,Mus musculus,10090
ENSMUSG00000074829,2010315B03Rik,,Mus musculus,10090
ENSMUSG00000074852,Hpse2,,Mus musculus,10090
ENSMUSG00000074862,BC025920,,Mus musculus,10090
ENSMUSG00000074872,Ctxn2,,Mus musculus,10090
ENSMUSG00000074909,Ranbp6,,Mus musculus,10090
ENSMUSG00000074923,Pak6,,Mus musculus,10090
ENSMUSG00000074925,Ptar1,,Mus musculus,10090
ENSMUSG00000074968,Ano3,,Mus musculus,10090
ENSMUSG00000074987,Wt1os,,Mus musculus,10090
ENSMUSG00000075020,Mir670hg,,Mus musculus,10090
ENSMUSG00000075023,Accsl,,Mus musculus,10090
ENSMUSG00000075025,Gm10804,,Mus musculus,10090
ENSMUSG00000075028,Prdm11,,Mus musculus,10090
ENSMUSG00000075029,4930558J22Rik,,Mus musculus,10090
ENSMUSG00000075033,Nxpe3,,Mus musculus,10090
ENSMUSG00000075040,Zfp408,,Mus musculus,10090
ENSMUSG00000075045,Gm4981,,Mus musculus,10090
ENSMUSG00000075070,4932412D23Rik,,Mus musculus,10090
ENSMUSG00000075217,Fads2b,,Mus musculus,10090
ENSMUSG00000075225,Ccdc162,,Mus musculus,10090
ENSMUSG00000075254,Heg1,,Mus musculus,10090
ENSMUSG00000075256,Cerkl,,Mus musculus,10090
ENSMUSG00000075266,Cenpw,,Mus musculus,10090
ENSMUSG00000075272,Ttc30a2,,Mus musculus,10090
ENSMUSG00000075296,Aldh3b2,,Mus musculus,10090
ENSMUSG00000075302,Erich2,,Mus musculus,10090
ENSMUSG00000075307,Klhl41,,Mus musculus,10090
ENSMUSG00000075330,A930003A15Rik,,Mus musculus,10090
ENSMUSG00000075402,Krt76,,Mus musculus,10090
ENSMUSG00000075410,Prcd,,Mus musculus,10090
ENSMUSG00000075420,Smim6,,Mus musculus,10090
ENSMUSG00000075431,Gm11691,,Mus musculus,10090
ENSMUSG00000075437,Gm11681,,Mus musculus,10090
ENSMUSG00000075470,Alg10b,,Mus musculus,10090
ENSMUSG00000075502,Kbtbd6,,Mus musculus,10090
ENSMUSG00000075511,1700001L05Rik,,Mus musculus,10090
ENSMUSG00000075524,4930407I10Rik,,Mus musculus,10090
ENSMUSG00000075534,Gm13262,,Mus musculus,10090
ENSMUSG00000075566,Krtap4-6,,Mus musculus,10090
ENSMUSG00000075569,Rsph10b,,Mus musculus,10090
ENSMUSG00000075570,Krt26,,Mus musculus,10090
ENSMUSG00000075576,Gm12359,,Mus musculus,10090
ENSMUSG00000075585,6330403L08Rik,,Mus musculus,10090
ENSMUSG00000075595,Zfp652,,Mus musculus,10090
ENSMUSG00000075604,Cyp11b1,,Mus musculus,10090
ENSMUSG00000075703,Selenoi,,Mus musculus,10090
ENSMUSG00000076434,Wfdc3,,Mus musculus,10090
ENSMUSG00000076881,Traj50,,Mus musculus,10090
ENSMUSG00000076937,Iglc2,,Mus musculus,10090
ENSMUSG00000077227,Gm22272,,Mus musculus,10090
ENSMUSG00000077350,n-R5s31,,Mus musculus,10090
ENSMUSG00000077450,Rab11b,,Mus musculus,10090
ENSMUSG00000077704,Snord89,,Mus musculus,10090
ENSMUSG00000078127,Fam170b,,Mus musculus,10090
ENSMUSG00000078129,Actl10,,Mus musculus,10090
ENSMUSG00000078137,Ankrd63,,Mus musculus,10090
ENSMUSG00000078144,Capns2,,Mus musculus,10090
ENSMUSG00000078179,Rnf148,,Mus musculus,10090
ENSMUSG00000078234,Klhdc7a,,Mus musculus,10090
ENSMUSG00000078252,Krtap17-1,,Mus musculus,10090
ENSMUSG00000078307,AI593442,,Mus musculus,10090
ENSMUSG00000078315,Fam47c,,Mus musculus,10090
ENSMUSG00000078349,AW011738,,Mus musculus,10090
ENSMUSG00000078350,Smim1,,Mus musculus,10090
ENSMUSG00000078435,AU041133,,Mus musculus,10090
ENSMUSG00000078442,Ccdc105,,Mus musculus,10090
ENSMUSG00000078444,Gm10941,,Mus musculus,10090
ENSMUSG00000078451,Ppil6,,Mus musculus,10090
ENSMUSG00000078486,Perm1,,Mus musculus,10090
ENSMUSG00000078504,Aadacl4fm5,,Mus musculus,10090
ENSMUSG00000078515,Ddi2,,Mus musculus,10090
ENSMUSG00000078517,Emc1,,Mus musculus,10090
ENSMUSG00000078521,Aunip,,Mus musculus,10090
ENSMUSG00000078554,Fam229a,,Mus musculus,10090
ENSMUSG00000078570,1110065P20Rik,,Mus musculus,10090
ENSMUSG00000078572,Ndufaf8,,Mus musculus,10090
ENSMUSG00000078577,Tmco2,,Mus musculus,10090
ENSMUSG00000078584,AU022252,,Mus musculus,10090
ENSMUSG00000078591,Hs3st4,,Mus musculus,10090
ENSMUSG00000078607,1810010H24Rik,,Mus musculus,10090
ENSMUSG00000078618,4930456L15Rik,,Mus musculus,10090
ENSMUSG00000078625,Gm12789,,Mus musculus,10090
ENSMUSG00000078627,March10,,Mus musculus,10090
ENSMUSG00000078635,1700028N14Rik,,Mus musculus,10090
ENSMUSG00000078640,Gm11627,,Mus musculus,10090
ENSMUSG00000078671,Chd2,,Mus musculus,10090
ENSMUSG00000078716,Tmem8b,,Mus musculus,10090
ENSMUSG00000078773,Rad54b,,Mus musculus,10090
ENSMUSG00000078784,Rbis,,Mus musculus,10090
ENSMUSG00000078786,BC024978,,Mus musculus,10090
ENSMUSG00000078794,Dact3,,Mus musculus,10090
ENSMUSG00000078795,Ceacam15,,Mus musculus,10090
ENSMUSG00000078796,Zfp541,,Mus musculus,10090
ENSMUSG00000078810,Gp6,,Mus musculus,10090
ENSMUSG00000078817,Nlrp12,,Mus musculus,10090
ENSMUSG00000078908,Mon1b,,Mus musculus,10090
ENSMUSG00000078924,Gm12169,,Mus musculus,10090
ENSMUSG00000078925,D030018L15Rik,,Mus musculus,10090
ENSMUSG00000078938,Syce3,,Mus musculus,10090
ENSMUSG00000078952,Lncenc1,,Mus musculus,10090
ENSMUSG00000078963,Hsbp1l1,,Mus musculus,10090
ENSMUSG00000078970,Wdr92,,Mus musculus,10090
ENSMUSG00000078994,Zfp429,,Mus musculus,10090
ENSMUSG00000079003,Samd1,,Mus musculus,10090
ENSMUSG00000079014,Serpina3i,,Mus musculus,10090
ENSMUSG00000079020,Slc45a4,,Mus musculus,10090
ENSMUSG00000079034,Gm8300,,Mus musculus,10090
ENSMUSG00000079036,Alkbh1,,Mus musculus,10090
ENSMUSG00000079042,Apela,,Mus musculus,10090
ENSMUSG00000079045,Prox1os,,Mus musculus,10090
ENSMUSG00000079051,Vinac1,,Mus musculus,10090
ENSMUSG00000079112,Fam90a1a,,Mus musculus,10090
ENSMUSG00000079144,A130010J15Rik,,Mus musculus,10090
ENSMUSG00000079157,Fam155a,,Mus musculus,10090
ENSMUSG00000079177,Fam228a,,Mus musculus,10090
ENSMUSG00000079179,Rab10os,,Mus musculus,10090
ENSMUSG00000079183,C030005K15Rik,,Mus musculus,10090
ENSMUSG00000079215,Zfp664,,Mus musculus,10090
ENSMUSG00000079235,Ccdc13,,Mus musculus,10090
ENSMUSG00000079259,Trim71,,Mus musculus,10090
ENSMUSG00000079283,2310009B15Rik,,Mus musculus,10090
ENSMUSG00000079304,Tex52,,Mus musculus,10090
ENSMUSG00000079324,4932414N04Rik,,Mus musculus,10090
ENSMUSG00000079330,Lemd1,,Mus musculus,10090
ENSMUSG00000079339,Ifit1bl1,,Mus musculus,10090
ENSMUSG00000079346,1700013D24Rik,,Mus musculus,10090
ENSMUSG00000079356,Mettl4-ps1,,Mus musculus,10090
ENSMUSG00000079414,Gm11110,,Mus musculus,10090
ENSMUSG00000079421,4930402F06Rik,,Mus musculus,10090
ENSMUSG00000079428,Tceal7,,Mus musculus,10090
ENSMUSG00000079429,Mroh2a,,Mus musculus,10090
ENSMUSG00000079436,Kcnj13,,Mus musculus,10090
ENSMUSG00000079440,Alpi,,Mus musculus,10090
ENSMUSG00000079445,B3gnt7,,Mus musculus,10090
ENSMUSG00000079450,Cldn34c1,,Mus musculus,10090
ENSMUSG00000079451,Tmprss11g,,Mus musculus,10090
ENSMUSG00000079455,Gm16026,,Mus musculus,10090
ENSMUSG00000079460,4933403O08Rik,,Mus musculus,10090
ENSMUSG00000079470,Utp14b,,Mus musculus,10090
ENSMUSG00000079471,Mymx,,Mus musculus,10090
ENSMUSG00000079476,1700011M02Rik,,Mus musculus,10090
ENSMUSG00000079499,6530402F18Rik,,Mus musculus,10090
ENSMUSG00000079525,Cldn34d,,Mus musculus,10090
ENSMUSG00000079528,Clnkos,,Mus musculus,10090
ENSMUSG00000079564,Gm11149,,Mus musculus,10090
ENSMUSG00000079580,Tmem217,,Mus musculus,10090
ENSMUSG00000079584,Gm364,,Mus musculus,10090
ENSMUSG00000079588,Tmem182,,Mus musculus,10090
ENSMUSG00000079598,Clec2l,,Mus musculus,10090
ENSMUSG00000079610,Ankrd39,,Mus musculus,10090
ENSMUSG00000079654,Prrt4,,Mus musculus,10090
ENSMUSG00000079657,Rab26,,Mus musculus,10090
ENSMUSG00000079666,1700015F17Rik,,Mus musculus,10090
ENSMUSG00000079669,Gm17396,,Mus musculus,10090
ENSMUSG00000079671,2610203C22Rik,,Mus musculus,10090
ENSMUSG00000079737,3110001I22Rik,,Mus musculus,10090
ENSMUSG00000080316,Spaca6,,Mus musculus,10090
ENSMUSG00000080717,B230307C23Rik,,Mus musculus,10090
ENSMUSG00000080907,4930455H04Rik,,Mus musculus,10090
ENSMUSG00000080980,1700071K01Rik,,Mus musculus,10090
ENSMUSG00000081044,AU015836,,Mus musculus,10090
ENSMUSG00000081219,Bambi-ps1,,Mus musculus,10090
ENSMUSG00000081512,Gm15821,,Mus musculus,10090
ENSMUSG00000081586,Gm11544,,Mus musculus,10090
ENSMUSG00000081618,5033423K11Rik,,Mus musculus,10090
ENSMUSG00000081683,Fzd10,,Mus musculus,10090
ENSMUSG00000081793,5730416F02Rik,,Mus musculus,10090
ENSMUSG00000081944,Gm12276,,Mus musculus,10090
ENSMUSG00000081998,Gm13245,,Mus musculus,10090
ENSMUSG00000082226,Gm715,,Mus musculus,10090
ENSMUSG00000082396,Zfp389,,Mus musculus,10090
ENSMUSG00000082843,4930448K20Rik,,Mus musculus,10090
ENSMUSG00000083246,Gm11839,,Mus musculus,10090
ENSMUSG00000083307,AA414768,,Mus musculus,10090
ENSMUSG00000083844,Ube2d-ps,,Mus musculus,10090
ENSMUSG00000084048,Gm12042,,Mus musculus,10090
ENSMUSG00000084135,Pom121l12,,Mus musculus,10090
ENSMUSG00000084234,4933405O20Rik,,Mus musculus,10090
ENSMUSG00000084362,2610024D14Rik,,Mus musculus,10090
ENSMUSG00000084399,Gm15666,,Mus musculus,10090
ENSMUSG00000084462,n-R5s154,,Mus musculus,10090
ENSMUSG00000084760,Gm15472,,Mus musculus,10090
ENSMUSG00000084773,Gm12159,,Mus musculus,10090
ENSMUSG00000084788,Gm11342,,Mus musculus,10090
ENSMUSG00000084797,Gm14321,,Mus musculus,10090
ENSMUSG00000084798,4930533B01Rik,,Mus musculus,10090
ENSMUSG00000084799,Ino80dos,,Mus musculus,10090
ENSMUSG00000084803,5830444B04Rik,,Mus musculus,10090
ENSMUSG00000084808,9430091E24Rik,,Mus musculus,10090
ENSMUSG00000084811,1700092E19Rik,,Mus musculus,10090
ENSMUSG00000084826,AI847159,,Mus musculus,10090
ENSMUSG00000084834,4930565N06Rik,,Mus musculus,10090
ENSMUSG00000084836,Gm16274,,Mus musculus,10090
ENSMUSG00000084844,Hoxb3os,,Mus musculus,10090
ENSMUSG00000084846,A730011C13Rik,,Mus musculus,10090
ENSMUSG00000084847,Gm15507,,Mus musculus,10090
ENSMUSG00000084848,4933408N05Rik,,Mus musculus,10090
ENSMUSG00000084851,Gm11267,,Mus musculus,10090
ENSMUSG00000084859,1700080N15Rik,,Mus musculus,10090
ENSMUSG00000084866,A930006K02Rik,,Mus musculus,10090
ENSMUSG00000084873,C030047K22Rik,,Mus musculus,10090
ENSMUSG00000084876,Gm14965,,Mus musculus,10090
ENSMUSG00000084883,Ccdc85c,,Mus musculus,10090
ENSMUSG00000084885,3010001F23Rik,,Mus musculus,10090
ENSMUSG00000084897,Gm14226,,Mus musculus,10090
ENSMUSG00000084898,Gm12371,,Mus musculus,10090
ENSMUSG00000084908,C79798,,Mus musculus,10090
ENSMUSG00000084909,4930528G23Rik,,Mus musculus,10090
ENSMUSG00000084910,C630043F03Rik,,Mus musculus,10090
ENSMUSG00000084915,C230037L18Rik,,Mus musculus,10090
ENSMUSG00000084919,Ptprtos,,Mus musculus,10090
ENSMUSG00000084925,1810062O18Rik,,Mus musculus,10090
ENSMUSG00000084938,BB557941,,Mus musculus,10090
ENSMUSG00000084941,Gm11944,,Mus musculus,10090
ENSMUSG00000084957,Bbip1,,Mus musculus,10090
ENSMUSG00000084959,4933407I08Rik,,Mus musculus,10090
ENSMUSG00000084966,2810471M01Rik,,Mus musculus,10090
ENSMUSG00000084970,1700060J05Rik,,Mus musculus,10090
ENSMUSG00000084980,Slc36a1os,,Mus musculus,10090
ENSMUSG00000084997,Gm15471,,Mus musculus,10090
ENSMUSG00000085003,Pip5k1bos,,Mus musculus,10090
ENSMUSG00000085004,5430427M07Rik,,Mus musculus,10090
ENSMUSG00000085016,Gm11335,,Mus musculus,10090
ENSMUSG00000085024,C230035I16Rik,,Mus musculus,10090
ENSMUSG00000085026,Srrm3os,,Mus musculus,10090
ENSMUSG00000085028,Slc2a4rg-ps,,Mus musculus,10090
ENSMUSG00000085037,4933421O10Rik,,Mus musculus,10090
ENSMUSG00000085041,BB031773,,Mus musculus,10090
ENSMUSG00000085043,Gm13184,,Mus musculus,10090
ENSMUSG00000085054,Gm15834,,Mus musculus,10090
ENSMUSG00000085055,Gm15958,,Mus musculus,10090
ENSMUSG00000085058,8030453O22Rik,,Mus musculus,10090
ENSMUSG00000085067,Gm15631,,Mus musculus,10090
ENSMUSG00000085069,Prdm16os,,Mus musculus,10090
ENSMUSG00000085078,C030013C21Rik,,Mus musculus,10090
ENSMUSG00000085081,Rptoros,,Mus musculus,10090
ENSMUSG00000085083,Gm11615,,Mus musculus,10090
ENSMUSG00000085084,4930570G19Rik,,Mus musculus,10090
ENSMUSG00000085085,1700086P04Rik,,Mus musculus,10090
ENSMUSG00000085088,4931413K12Rik,,Mus musculus,10090
ENSMUSG00000085095,Gm15635,,Mus musculus,10090
ENSMUSG00000085105,Gm12758,,Mus musculus,10090
ENSMUSG00000085114,1600025M17Rik,,Mus musculus,10090
ENSMUSG00000085122,4933404K08Rik,,Mus musculus,10090
ENSMUSG00000085127,4930444E06Rik,,Mus musculus,10090
ENSMUSG00000085133,B930095G15Rik,,Mus musculus,10090
ENSMUSG00000085148,Mir22hg,,Mus musculus,10090
ENSMUSG00000085169,Gm10785,,Mus musculus,10090
ENSMUSG00000085171,D830026I12Rik,,Mus musculus,10090
ENSMUSG00000085180,AI838599,,Mus musculus,10090
ENSMUSG00000085198,4933416E03Rik,,Mus musculus,10090
ENSMUSG00000085236,2610206C17Rik,,Mus musculus,10090
ENSMUSG00000085247,4930545L23Rik,,Mus musculus,10090
ENSMUSG00000085250,Gm15234,,Mus musculus,10090
ENSMUSG00000085252,8430437L04Rik,,Mus musculus,10090
ENSMUSG00000085260,Med9os,,Mus musculus,10090
ENSMUSG00000085282,Gm15663,,Mus musculus,10090
ENSMUSG00000085287,4833418N02Rik,,Mus musculus,10090
ENSMUSG00000085297,Gm11651,,Mus musculus,10090
ENSMUSG00000085316,D330050G23Rik,,Mus musculus,10090
ENSMUSG00000085321,4930412F09Rik,,Mus musculus,10090
ENSMUSG00000085323,9130410C08Rik,,Mus musculus,10090
ENSMUSG00000085329,2810404F17Rik,,Mus musculus,10090
ENSMUSG00000085338,2410004I01Rik,,Mus musculus,10090
ENSMUSG00000085350,4930529I22Rik,,Mus musculus,10090
ENSMUSG00000085385,Snhg17,,Mus musculus,10090
ENSMUSG00000085396,Firre,,Mus musculus,10090
ENSMUSG00000085407,1700095J03Rik,,Mus musculus,10090
ENSMUSG00000085408,C530005A16Rik,,Mus musculus,10090
ENSMUSG00000085418,Grip1os1,,Mus musculus,10090
ENSMUSG00000085420,4930453O03Rik,,Mus musculus,10090
ENSMUSG00000085421,4732490B19Rik,,Mus musculus,10090
ENSMUSG00000085427,6430710C18Rik,,Mus musculus,10090
ENSMUSG00000085443,Gm15416,,Mus musculus,10090
ENSMUSG00000085452,4930554G24Rik,,Mus musculus,10090
ENSMUSG00000085457,1110046J04Rik,,Mus musculus,10090
ENSMUSG00000085471,4933423P22Rik,,Mus musculus,10090
ENSMUSG00000085483,Gm14198,,Mus musculus,10090
ENSMUSG00000085492,Trmt61b,,Mus musculus,10090
ENSMUSG00000085496,4930517E11Rik,,Mus musculus,10090
ENSMUSG00000085501,Gm11772,,Mus musculus,10090
ENSMUSG00000085511,Gm11738,,Mus musculus,10090
ENSMUSG00000085527,Gm15535,,Mus musculus,10090
ENSMUSG00000085532,B430319H21Rik,,Mus musculus,10090
ENSMUSG00000085555,2610035F20Rik,,Mus musculus,10090
ENSMUSG00000085558,4930412C18Rik,,Mus musculus,10090
ENSMUSG00000085562,2610028E06Rik,,Mus musculus,10090
ENSMUSG00000085576,Dpy19l2,,Mus musculus,10090
ENSMUSG00000085580,1700061F12Rik,,Mus musculus,10090
ENSMUSG00000085582,3110099E03Rik,,Mus musculus,10090
ENSMUSG00000085593,4930589P08Rik,,Mus musculus,10090
ENSMUSG00000085596,Gm11476,,Mus musculus,10090
ENSMUSG00000085600,E330012B07Rik,,Mus musculus,10090
ENSMUSG00000085603,Gm11346,,Mus musculus,10090
ENSMUSG00000085631,9630028H03Rik,,Mus musculus,10090
ENSMUSG00000085637,1700048M11Rik,,Mus musculus,10090
ENSMUSG00000085641,4930465M20Rik,,Mus musculus,10090
ENSMUSG00000085645,Hoxb5os,,Mus musculus,10090
ENSMUSG00000085664,Atxn7l1os2,,Mus musculus,10090
ENSMUSG00000085667,Gm12992,,Mus musculus,10090
ENSMUSG00000085683,Tmem238l,,Mus musculus,10090
ENSMUSG00000085684,4930469K13Rik,,Mus musculus,10090
ENSMUSG00000085704,4921531C22Rik,,Mus musculus,10090
ENSMUSG00000085720,Gm7854,,Mus musculus,10090
ENSMUSG00000085735,Mettl5os,,Mus musculus,10090
ENSMUSG00000085743,8430419K02Rik,,Mus musculus,10090
ENSMUSG00000085749,Gm12843,,Mus musculus,10090
ENSMUSG00000085754,Gm15886,,Mus musculus,10090
ENSMUSG00000085759,1700061E18Rik,,Mus musculus,10090
ENSMUSG00000085762,Lrrc75aos2,,Mus musculus,10090
ENSMUSG00000085763,Smc2os,,Mus musculus,10090
ENSMUSG00000085766,2810430I11Rik,,Mus musculus,10090
ENSMUSG00000085772,D630024D03Rik,,Mus musculus,10090
ENSMUSG00000085773,Gm16233,,Mus musculus,10090
ENSMUSG00000085779,Atcayos,,Mus musculus,10090
ENSMUSG00000085793,Lin52,,Mus musculus,10090
ENSMUSG00000085794,Vax2os,,Mus musculus,10090
ENSMUSG00000085819,Ube4bos1,,Mus musculus,10090
ENSMUSG00000085820,4933406K04Rik,,Mus musculus,10090
ENSMUSG00000085823,Gm13012,,Mus musculus,10090
ENSMUSG00000085829,Gm4285,,Mus musculus,10090
ENSMUSG00000085834,Gm15622,,Mus musculus,10090
ENSMUSG00000085837,Kcnmb4os2,,Mus musculus,10090
ENSMUSG00000085842,Pard3bos1,,Mus musculus,10090
ENSMUSG00000085851,4921518K17Rik,,Mus musculus,10090
ENSMUSG00000085861,Armh2,,Mus musculus,10090
ENSMUSG00000085862,Gm13483,,Mus musculus,10090
ENSMUSG00000085878,Gm12823,,Mus musculus,10090
ENSMUSG00000085882,2610507I01Rik,,Mus musculus,10090
ENSMUSG00000085890,Tnfsf13os,,Mus musculus,10090
ENSMUSG00000085891,Gm14634,,Mus musculus,10090
ENSMUSG00000085918,Gm13032,,Mus musculus,10090
ENSMUSG00000085928,4933427I22Rik,,Mus musculus,10090
ENSMUSG00000085933,Tmem61,,Mus musculus,10090
ENSMUSG00000085936,2610307P16Rik,,Mus musculus,10090
ENSMUSG00000085937,Ccdc42os,,Mus musculus,10090
ENSMUSG00000085944,1700003D09Rik,,Mus musculus,10090
ENSMUSG00000085945,2310014F06Rik,,Mus musculus,10090
ENSMUSG00000085950,Gm13589,,Mus musculus,10090
ENSMUSG00000085953,Gm15496,,Mus musculus,10090
ENSMUSG00000085956,4930481B07Rik,,Mus musculus,10090
ENSMUSG00000085984,1700001G11Rik,,Mus musculus,10090
ENSMUSG00000085995,Gm2788,,Mus musculus,10090
ENSMUSG00000086007,1700057H21Rik,,Mus musculus,10090
ENSMUSG00000086013,Gm15706,,Mus musculus,10090
ENSMUSG00000086015,4833417C18Rik,,Mus musculus,10090
ENSMUSG00000086016,1700084C06Rik,,Mus musculus,10090
ENSMUSG00000086025,4933406G16Rik,,Mus musculus,10090
ENSMUSG00000086034,Gm15201,,Mus musculus,10090
ENSMUSG00000086037,Gm16085,,Mus musculus,10090
ENSMUSG00000086040,Wipf3,,Mus musculus,10090
ENSMUSG00000086046,1700095A21Rik,,Mus musculus,10090
ENSMUSG00000086047,9530046B11Rik,,Mus musculus,10090
ENSMUSG00000086058,Unc45bos,,Mus musculus,10090
ENSMUSG00000086061,Gm13075,,Mus musculus,10090
ENSMUSG00000086066,4930423M02Rik,,Mus musculus,10090
ENSMUSG00000086070,8430436N08Rik,,Mus musculus,10090
ENSMUSG00000086075,Gm15728,,Mus musculus,10090
ENSMUSG00000086083,Gm15829,,Mus musculus,10090
ENSMUSG00000086096,Gm12688,,Mus musculus,10090
ENSMUSG00000086108,Gm5602,,Mus musculus,10090
ENSMUSG00000086118,Gm14169,,Mus musculus,10090
ENSMUSG00000086126,Evx1os,,Mus musculus,10090
ENSMUSG00000086135,1700001J04Rik,,Mus musculus,10090
ENSMUSG00000086141,9030622O22Rik,,Mus musculus,10090
ENSMUSG00000086155,9430041J12Rik,,Mus musculus,10090
ENSMUSG00000086158,Ccpg1os,,Mus musculus,10090
ENSMUSG00000086160,4933438A12Rik,,Mus musculus,10090
ENSMUSG00000086172,2700068H02Rik,,Mus musculus,10090
ENSMUSG00000086173,Kis2,,Mus musculus,10090
ENSMUSG00000086191,Zfp652os,,Mus musculus,10090
ENSMUSG00000086193,Gm11508,,Mus musculus,10090
ENSMUSG00000086209,4933405E24Rik,,Mus musculus,10090
ENSMUSG00000086212,Mkln1os,,Mus musculus,10090
ENSMUSG00000086221,4930412B13Rik,,Mus musculus,10090
ENSMUSG00000086234,Usp46os2,,Mus musculus,10090
ENSMUSG00000086241,4930483K19Rik,,Mus musculus,10090
ENSMUSG00000086258,Gm15239,,Mus musculus,10090
ENSMUSG00000086259,Tmem150cos,,Mus musculus,10090
ENSMUSG00000086263,4930519D14Rik,,Mus musculus,10090
ENSMUSG00000086273,Rbm46os,,Mus musculus,10090
ENSMUSG00000086277,4930558K02Rik,,Mus musculus,10090
ENSMUSG00000086283,2810433D01Rik,,Mus musculus,10090
ENSMUSG00000086287,Gm15972,,Mus musculus,10090
ENSMUSG00000086290,Snhg12,,Mus musculus,10090
ENSMUSG00000086291,Gm15513,,Mus musculus,10090
ENSMUSG00000086293,Gm11269,,Mus musculus,10090
ENSMUSG00000086296,D030055H07Rik,,Mus musculus,10090
ENSMUSG00000086298,Gm11716,,Mus musculus,10090
ENSMUSG00000086306,Gm11754,,Mus musculus,10090
ENSMUSG00000086316,Nbdy,,Mus musculus,10090
ENSMUSG00000086322,E130218I03Rik,,Mus musculus,10090
ENSMUSG00000086327,Slfn5os,,Mus musculus,10090
ENSMUSG00000086330,1700007J10Rik,,Mus musculus,10090
ENSMUSG00000086332,4930480G23Rik,,Mus musculus,10090
ENSMUSG00000086339,Gm11916,,Mus musculus,10090
ENSMUSG00000086356,Gm13441,,Mus musculus,10090
ENSMUSG00000086359,9630013K17Rik,,Mus musculus,10090
ENSMUSG00000086363,A330102I10Rik,,Mus musculus,10090
ENSMUSG00000086369,E330017L17Rik,,Mus musculus,10090
ENSMUSG00000086370,Ftx,,Mus musculus,10090
ENSMUSG00000086386,Gm12108,,Mus musculus,10090
ENSMUSG00000086390,1810019D21Rik,,Mus musculus,10090
ENSMUSG00000086391,1700042O10Rik,,Mus musculus,10090
ENSMUSG00000086395,A630014C17Rik,,Mus musculus,10090
ENSMUSG00000086396,4930555B11Rik,,Mus musculus,10090
ENSMUSG00000086405,9330198N18Rik,,Mus musculus,10090
ENSMUSG00000086430,4930551O13Rik,,Mus musculus,10090
ENSMUSG00000086443,4933421A08Rik,,Mus musculus,10090
ENSMUSG00000086446,Prkag2os1,,Mus musculus,10090
ENSMUSG00000086451,4933431K23Rik,,Mus musculus,10090
ENSMUSG00000086477,Gm15506,,Mus musculus,10090
ENSMUSG00000086484,Nron,,Mus musculus,10090
ENSMUSG00000086486,Ift88os,,Mus musculus,10090
ENSMUSG00000086495,Gm13778,,Mus musculus,10090
ENSMUSG00000086496,Gm14204,,Mus musculus,10090
ENSMUSG00000086552,Dlx4os,,Mus musculus,10090
ENSMUSG00000086555,Gm13446,,Mus musculus,10090
ENSMUSG00000086557,Gm15999,,Mus musculus,10090
ENSMUSG00000086594,Nudt12os,,Mus musculus,10090
ENSMUSG00000086596,Susd5,,Mus musculus,10090
ENSMUSG00000086598,Btbd18,,Mus musculus,10090
ENSMUSG00000086606,Gm13205,,Mus musculus,10090
ENSMUSG00000086608,4930562D21Rik,,Mus musculus,10090
ENSMUSG00000086610,Gm15408,,Mus musculus,10090
ENSMUSG00000086629,2810403D21Rik,,Mus musculus,10090
ENSMUSG00000086645,Gm15743,,Mus musculus,10090
ENSMUSG00000086657,Stamos,,Mus musculus,10090
ENSMUSG00000086695,Gm15247,,Mus musculus,10090
ENSMUSG00000086703,4930507D10Rik,,Mus musculus,10090
ENSMUSG00000086706,Gm15848,,Mus musculus,10090
ENSMUSG00000086708,Gm15577,,Mus musculus,10090
ENSMUSG00000086725,A630052C17Rik,,Mus musculus,10090
ENSMUSG00000086727,4931428L18Rik,,Mus musculus,10090
ENSMUSG00000086742,Gm16201,,Mus musculus,10090
ENSMUSG00000086748,Gm13261,,Mus musculus,10090
ENSMUSG00000086763,Plxna4os1,,Mus musculus,10090
ENSMUSG00000086765,Gm11827,,Mus musculus,10090
ENSMUSG00000086774,Gm11915,,Mus musculus,10090
ENSMUSG00000086788,1700029M20Rik,,Mus musculus,10090
ENSMUSG00000086796,4932702P03Rik,,Mus musculus,10090
ENSMUSG00000086800,4930556L07Rik,,Mus musculus,10090
ENSMUSG00000086805,4932443L11Rik,,Mus musculus,10090
ENSMUSG00000086824,4930448D08Rik,,Mus musculus,10090
ENSMUSG00000086827,4930461C15Rik,,Mus musculus,10090
ENSMUSG00000086833,Gm12440,,Mus musculus,10090
ENSMUSG00000086843,E030013I19Rik,,Mus musculus,10090
ENSMUSG00000086851,A430108G06Rik,,Mus musculus,10090
ENSMUSG00000086866,4930512H18Rik,,Mus musculus,10090
ENSMUSG00000086877,A230072C01Rik,,Mus musculus,10090
ENSMUSG00000086881,Gm13594,,Mus musculus,10090
ENSMUSG00000086894,Gm15708,,Mus musculus,10090
ENSMUSG00000086909,Gm4926,,Mus musculus,10090
ENSMUSG00000086912,4930505O20Rik,,Mus musculus,10090
ENSMUSG00000086918,4930429F24Rik,,Mus musculus,10090
ENSMUSG00000086923,4930406D18Rik,,Mus musculus,10090
ENSMUSG00000086930,Frs3os,,Mus musculus,10090
ENSMUSG00000086933,4933426K07Rik,,Mus musculus,10090
ENSMUSG00000086938,4930481A15Rik,,Mus musculus,10090
ENSMUSG00000086942,Gm15489,,Mus musculus,10090
ENSMUSG00000086945,4930562A09Rik,,Mus musculus,10090
ENSMUSG00000086951,1700051A21Rik,,Mus musculus,10090
ENSMUSG00000086953,Aknaos,,Mus musculus,10090
ENSMUSG00000086969,4930443O20Rik,,Mus musculus,10090
ENSMUSG00000086992,Gm15941,,Mus musculus,10090
ENSMUSG00000086996,4933416E14Rik,,Mus musculus,10090
ENSMUSG00000086999,Bcas1os2,,Mus musculus,10090
ENSMUSG00000087009,Nphs1os,,Mus musculus,10090
ENSMUSG00000087013,2610027K06Rik,,Mus musculus,10090
ENSMUSG00000087014,Gm16364,,Mus musculus,10090
ENSMUSG00000087017,4930417H01Rik,,Mus musculus,10090
ENSMUSG00000087022,9130024F11Rik,,Mus musculus,10090
ENSMUSG00000087029,Gm14133,,Mus musculus,10090
ENSMUSG00000087037,4930432L08Rik,,Mus musculus,10090
ENSMUSG00000087038,2900079G21Rik,,Mus musculus,10090
ENSMUSG00000087047,1700110K17Rik,,Mus musculus,10090
ENSMUSG00000087060,Eldr,,Mus musculus,10090
ENSMUSG00000087064,Sap30bpos,,Mus musculus,10090
ENSMUSG00000087066,Gm15518,,Mus musculus,10090
ENSMUSG00000087075,Lbhd2,,Mus musculus,10090
ENSMUSG00000087095,Emx2os,,Mus musculus,10090
ENSMUSG00000087103,Gm13344,,Mus musculus,10090
ENSMUSG00000087107,AI662270,,Mus musculus,10090
ENSMUSG00000087122,4930403D09Rik,,Mus musculus,10090
ENSMUSG00000087129,Gm16316,,Mus musculus,10090
ENSMUSG00000087137,4930509K18Rik,,Mus musculus,10090
ENSMUSG00000087138,Gm15545,,Mus musculus,10090
ENSMUSG00000087141,Plcxd2,,Mus musculus,10090
ENSMUSG00000087143,A830082K12Rik,,Mus musculus,10090
ENSMUSG00000087150,BC064078,,Mus musculus,10090
ENSMUSG00000087165,2010001A14Rik,,Mus musculus,10090
ENSMUSG00000087166,L1td1,,Mus musculus,10090
ENSMUSG00000087174,5530601H04Rik,,Mus musculus,10090
ENSMUSG00000087177,E130307A14Rik,,Mus musculus,10090
ENSMUSG00000087178,A230056P14Rik,,Mus musculus,10090
ENSMUSG00000087185,Gm13872,,Mus musculus,10090
ENSMUSG00000087192,4930412L05Rik,,Mus musculus,10090
ENSMUSG00000087204,1700073E17Rik,,Mus musculus,10090
ENSMUSG00000087207,Gm13147,,Mus musculus,10090
ENSMUSG00000087211,Lhx1os,,Mus musculus,10090
ENSMUSG00000087213,2810408I11Rik,,Mus musculus,10090
ENSMUSG00000087221,BC037032,,Mus musculus,10090
ENSMUSG00000087222,E030042O20Rik,,Mus musculus,10090
ENSMUSG00000087230,Mroh3,,Mus musculus,10090
ENSMUSG00000087231,E230016M11Rik,,Mus musculus,10090
ENSMUSG00000087254,2310005A03Rik,,Mus musculus,10090
ENSMUSG00000087259,2610035D17Rik,,Mus musculus,10090
ENSMUSG00000087264,Gad1os,,Mus musculus,10090
ENSMUSG00000087267,4933427J07Rik,,Mus musculus,10090
ENSMUSG00000087289,4933424M12Rik,,Mus musculus,10090
ENSMUSG00000087290,Gm15866,,Mus musculus,10090
ENSMUSG00000087301,Gm13629,,Mus musculus,10090
ENSMUSG00000087302,Sox5os1,,Mus musculus,10090
ENSMUSG00000087305,A430035B10Rik,,Mus musculus,10090
ENSMUSG00000087317,4930466I24Rik,,Mus musculus,10090
ENSMUSG00000087334,AW495222,,Mus musculus,10090
ENSMUSG00000087335,4930526F13Rik,,Mus musculus,10090
ENSMUSG00000087341,0610040F04Rik,,Mus musculus,10090
ENSMUSG00000087355,Gm13187,,Mus musculus,10090
ENSMUSG00000087356,Gm13856,,Mus musculus,10090
ENSMUSG00000087358,4930453H23Rik,,Mus musculus,10090
ENSMUSG00000087364,Gm13398,,Mus musculus,10090
ENSMUSG00000087366,Junos,,Mus musculus,10090
ENSMUSG00000087370,Tmem170b,,Mus musculus,10090
ENSMUSG00000087377,AV099323,,Mus musculus,10090
ENSMUSG00000087382,Ctcflos,,Mus musculus,10090
ENSMUSG00000087383,Gm12446,,Mus musculus,10090
ENSMUSG00000087385,Frg2f1,,Mus musculus,10090
ENSMUSG00000087396,4933407K13Rik,,Mus musculus,10090
ENSMUSG00000087403,Kantr,,Mus musculus,10090
ENSMUSG00000087406,E130215H24Rik,,Mus musculus,10090
ENSMUSG00000087410,2310065F04Rik,,Mus musculus,10090
ENSMUSG00000087413,Gm11266,,Mus musculus,10090
ENSMUSG00000087434,Rab11fip4os1,,Mus musculus,10090
ENSMUSG00000087437,Gm13112,,Mus musculus,10090
ENSMUSG00000087440,4930577N17Rik,,Mus musculus,10090
ENSMUSG00000087443,Ppp1r18os,,Mus musculus,10090
ENSMUSG00000087455,5330411J11Rik,,Mus musculus,10090
ENSMUSG00000087459,Csmd2os,,Mus musculus,10090
ENSMUSG00000087461,C230014O12Rik,,Mus musculus,10090
ENSMUSG00000087476,Rap1gapos,,Mus musculus,10090
ENSMUSG00000087478,4930506C21Rik,,Mus musculus,10090
ENSMUSG00000087487,Ppp2r2cos,,Mus musculus,10090
ENSMUSG00000087495,Gm14152,,Mus musculus,10090
ENSMUSG00000087497,2810001G20Rik,,Mus musculus,10090
ENSMUSG00000087512,Ccdc201,,Mus musculus,10090
ENSMUSG00000087519,AV039307,,Mus musculus,10090
ENSMUSG00000087530,Gm15533,,Mus musculus,10090
ENSMUSG00000087532,Gm15938,,Mus musculus,10090
ENSMUSG00000087553,5730412P04Rik,,Mus musculus,10090
ENSMUSG00000087579,Hectd2os,,Mus musculus,10090
ENSMUSG00000087589,D430040D24Rik,,Mus musculus,10090
ENSMUSG00000087604,Cdrt4os1,,Mus musculus,10090
ENSMUSG00000087606,Gm16121,,Mus musculus,10090
ENSMUSG00000087611,4930458D05Rik,,Mus musculus,10090
ENSMUSG00000087613,Gm13855,,Mus musculus,10090
ENSMUSG00000087620,5330434G04Rik,,Mus musculus,10090
ENSMUSG00000087621,1700003G18Rik,,Mus musculus,10090
ENSMUSG00000087625,4930419G24Rik,,Mus musculus,10090
ENSMUSG00000087626,Gm15050,,Mus musculus,10090
ENSMUSG00000087648,E130018N17Rik,,Mus musculus,10090
ENSMUSG00000087651,1500009L16Rik,,Mus musculus,10090
ENSMUSG00000087652,Gm15918,,Mus musculus,10090
ENSMUSG00000087670,9530036M11Rik,,Mus musculus,10090
ENSMUSG00000087672,Gm15122,,Mus musculus,10090
ENSMUSG00000087674,4930447M23Rik,,Mus musculus,10090
ENSMUSG00000087684,1200007C13Rik,,Mus musculus,10090
ENSMUSG00000087938,Gm26049,,Mus musculus,10090
ENSMUSG00000088139,Gm27343,,Mus musculus,10090
ENSMUSG00000088181,Gm22217,,Mus musculus,10090
ENSMUSG00000088442,Gm23553,,Mus musculus,10090
ENSMUSG00000088493,Gm24401,,Mus musculus,10090
ENSMUSG00000089214,Mir1931,,Mus musculus,10090
ENSMUSG00000089417,Gm22009,,Mus musculus,10090
ENSMUSG00000089633,A230009B12Rik,,Mus musculus,10090
ENSMUSG00000089665,Fcor,,Mus musculus,10090
ENSMUSG00000089678,Agxt2,,Mus musculus,10090
ENSMUSG00000089706,B230216N24Rik,,Mus musculus,10090
ENSMUSG00000089707,Slain1os,,Mus musculus,10090
ENSMUSG00000089708,5330439A09Rik,,Mus musculus,10090
ENSMUSG00000089712,Gm15889,,Mus musculus,10090
ENSMUSG00000089717,Olfr275,,Mus musculus,10090
ENSMUSG00000089726,Mir17hg,,Mus musculus,10090
ENSMUSG00000089743,Gm16226,,Mus musculus,10090
ENSMUSG00000089745,1810008B01Rik,,Mus musculus,10090
ENSMUSG00000089759,3632454L22Rik,,Mus musculus,10090
ENSMUSG00000089809,Rasgef1b,,Mus musculus,10090
ENSMUSG00000089812,Gm15867,,Mus musculus,10090
ENSMUSG00000089815,Gm5083,,Mus musculus,10090
ENSMUSG00000089827,1700023H06Rik,,Mus musculus,10090
ENSMUSG00000089840,Gm4491,,Mus musculus,10090
ENSMUSG00000089857,Zfp882,,Mus musculus,10090
ENSMUSG00000089862,Umad1,,Mus musculus,10090
ENSMUSG00000089876,Tmem102,,Mus musculus,10090
ENSMUSG00000089887,4930428N03Rik,,Mus musculus,10090
ENSMUSG00000089889,0610040B10Rik,,Mus musculus,10090
ENSMUSG00000089890,Gm16055,,Mus musculus,10090
ENSMUSG00000089900,Tbc1d22bos,,Mus musculus,10090
ENSMUSG00000089940,Gm4117,,Mus musculus,10090
ENSMUSG00000089952,4933413C19Rik,,Mus musculus,10090
ENSMUSG00000089968,Nckap5los,,Mus musculus,10090
ENSMUSG00000089983,2010320O07Rik,,Mus musculus,10090
ENSMUSG00000089984,Fbxo24,,Mus musculus,10090
ENSMUSG00000090031,4732440D04Rik,,Mus musculus,10090
ENSMUSG00000090053,Pakap,,Mus musculus,10090
ENSMUSG00000090061,Nwd2,,Mus musculus,10090
ENSMUSG00000090063,Dlx6os1,,Mus musculus,10090
ENSMUSG00000090066,1110002E22Rik,,Mus musculus,10090
ENSMUSG00000090069,E430024P14Rik,,Mus musculus,10090
ENSMUSG00000090086,AI480526,,Mus musculus,10090
ENSMUSG00000090100,Ttbk2,,Mus musculus,10090
ENSMUSG00000090146,4930405H06Rik,,Mus musculus,10090
ENSMUSG00000090160,4930480K15Rik,,Mus musculus,10090
ENSMUSG00000090164,BC035044,,Mus musculus,10090
ENSMUSG00000090173,Fbxw10,,Mus musculus,10090
ENSMUSG00000090185,Gm15523,,Mus musculus,10090
ENSMUSG00000090202,4930503B20Rik,,Mus musculus,10090
ENSMUSG00000090203,AU015336,,Mus musculus,10090
ENSMUSG00000090206,Tepp,,Mus musculus,10090
ENSMUSG00000090207,4930524O07Rik,,Mus musculus,10090
ENSMUSG00000090210,Itga10,,Mus musculus,10090
ENSMUSG00000090220,Pitpnm2os1,,Mus musculus,10090
ENSMUSG00000090225,Gm11559,,Mus musculus,10090
ENSMUSG00000090254,Gm1965,,Mus musculus,10090
ENSMUSG00000090255,4921534H16Rik,,Mus musculus,10090
ENSMUSG00000090258,Churc1,,Mus musculus,10090
ENSMUSG00000090263,D730045A05Rik,,Mus musculus,10090
ENSMUSG00000090273,Prr22,,Mus musculus,10090
ENSMUSG00000090291,Lrrc10b,,Mus musculus,10090
ENSMUSG00000090306,Adh6-ps1,,Mus musculus,10090
ENSMUSG00000090386,Mir99ahg,,Mus musculus,10090
ENSMUSG00000090394,4930523C07Rik,,Mus musculus,10090
ENSMUSG00000090439,Gm17455,,Mus musculus,10090
ENSMUSG00000090457,4930571K23Rik,,Mus musculus,10090
ENSMUSG00000090470,Prr23a3,,Mus musculus,10090
ENSMUSG00000090622,A930033H14Rik,,Mus musculus,10090
ENSMUSG00000090629,Olfr180,,Mus musculus,10090
ENSMUSG00000090641,Zfp712,,Mus musculus,10090
ENSMUSG00000090667,Gm765,,Mus musculus,10090
ENSMUSG00000090698,Apold1,,Mus musculus,10090
ENSMUSG00000090779,Gm17110,,Mus musculus,10090
ENSMUSG00000090799,Klhl33,,Mus musculus,10090
ENSMUSG00000090863,A530084C06Rik,,Mus musculus,10090
ENSMUSG00000090891,D6Ertd527e,,Mus musculus,10090
ENSMUSG00000090919,Pabpc4l,,Mus musculus,10090
ENSMUSG00000090925,1810064F22Rik,,Mus musculus,10090
ENSMUSG00000091002,Tcerg1l,,Mus musculus,10090
ENSMUSG00000091017,Fam71a,,Mus musculus,10090
ENSMUSG00000091037,Gm17661,,Mus musculus,10090
ENSMUSG00000091061,4930445B16Rik,,Mus musculus,10090
ENSMUSG00000091133,Gm17108,,Mus musculus,10090
ENSMUSG00000091154,Proscos,,Mus musculus,10090
ENSMUSG00000091175,S100a7l2,,Mus musculus,10090
ENSMUSG00000091183,Gm5141,,Mus musculus,10090
ENSMUSG00000091199,Gm2619,,Mus musculus,10090
ENSMUSG00000091212,Krtap11-1,,Mus musculus,10090
ENSMUSG00000091243,Vgll3,,Mus musculus,10090
ENSMUSG00000091264,Smim13,,Mus musculus,10090
ENSMUSG00000091304,Speer6-ps1,,Mus musculus,10090
ENSMUSG00000091358,Speer5-ps1,,Mus musculus,10090
ENSMUSG00000091396,Spanxn4,,Mus musculus,10090
ENSMUSG00000091474,2610021A01Rik,,Mus musculus,10090
ENSMUSG00000091475,Cerox1,,Mus musculus,10090
ENSMUSG00000091476,Catspere2,,Mus musculus,10090
ENSMUSG00000091523,AU040972,,Mus musculus,10090
ENSMUSG00000091558,Gm17227,,Mus musculus,10090
ENSMUSG00000091618,H60c,,Mus musculus,10090
ENSMUSG00000091636,Akain1,,Mus musculus,10090
ENSMUSG00000091679,Vmn2r96,,Mus musculus,10090
ENSMUSG00000091694,Apol11b,,Mus musculus,10090
ENSMUSG00000091709,Gm17189,,Mus musculus,10090
ENSMUSG00000091712,Sec14l5,,Mus musculus,10090
ENSMUSG00000091735,Gpr62,,Mus musculus,10090
ENSMUSG00000091811,Inafm1,,Mus musculus,10090
ENSMUSG00000091906,1700099I09Rik,,Mus musculus,10090
ENSMUSG00000091947,6530401F13Rik,,Mus musculus,10090
ENSMUSG00000091972,Tmem207,,Mus musculus,10090
ENSMUSG00000091994,E130317F20Rik,,Mus musculus,10090
ENSMUSG00000092051,Gm17229,,Mus musculus,10090
ENSMUSG00000092060,Bend4,,Mus musculus,10090
ENSMUSG00000092066,1700121N20Rik,,Mus musculus,10090
ENSMUSG00000092075,Serpina4-ps1,,Mus musculus,10090
ENSMUSG00000092171,4833427F10Rik,,Mus musculus,10090
ENSMUSG00000092183,4930515G01Rik,,Mus musculus,10090
ENSMUSG00000092210,A930009A15Rik,,Mus musculus,10090
ENSMUSG00000092216,Gm19345,,Mus musculus,10090
ENSMUSG00000092225,Gm2381,,Mus musculus,10090
ENSMUSG00000092242,Gm20515,,Mus musculus,10090
ENSMUSG00000092276,1700116B05Rik,,Mus musculus,10090
ENSMUSG00000092300,Cdk3,,Mus musculus,10090
ENSMUSG00000092305,Prps1l1,,Mus musculus,10090
ENSMUSG00000092354,Gm20548,,Mus musculus,10090
ENSMUSG00000092397,C130080G10Rik,,Mus musculus,10090
ENSMUSG00000092399,4930556N13Rik,,Mus musculus,10090
ENSMUSG00000092416,Zfp141,,Mus musculus,10090
ENSMUSG00000092469,Gm20395,,Mus musculus,10090
ENSMUSG00000092492,B230208B08Rik,,Mus musculus,10090
ENSMUSG00000092503,Gm20484,,Mus musculus,10090
ENSMUSG00000092515,C87198,,Mus musculus,10090
ENSMUSG00000092519,Actl9,,Mus musculus,10090
ENSMUSG00000092522,Gm20389,,Mus musculus,10090
ENSMUSG00000092545,Gm20319,,Mus musculus,10090
ENSMUSG00000092570,Plut,,Mus musculus,10090
ENSMUSG00000092578,4930488B22Rik,,Mus musculus,10090
ENSMUSG00000092618,Btnl6,,Mus musculus,10090
ENSMUSG00000092622,Khdc3,,Mus musculus,10090
ENSMUSG00000092626,9130230N09Rik,,Mus musculus,10090
ENSMUSG00000092876,Gm25641,,Mus musculus,10090
ENSMUSG00000092928,Gm24563,,Mus musculus,10090
ENSMUSG00000093124,Gm24366,,Mus musculus,10090
ENSMUSG00000093383,Gm20642,,Mus musculus,10090
ENSMUSG00000093452,Zfhx2os,,Mus musculus,10090
ENSMUSG00000093460,Six3os1,,Mus musculus,10090
ENSMUSG00000093536,Smim17,,Mus musculus,10090
ENSMUSG00000093540,4930505M18Rik,,Mus musculus,10090
ENSMUSG00000093568,Gm20611,,Mus musculus,10090
ENSMUSG00000093577,Gm20632,,Mus musculus,10090
ENSMUSG00000093606,B130034C11Rik,,Mus musculus,10090
ENSMUSG00000093617,4933438K21Rik,,Mus musculus,10090
ENSMUSG00000093628,Gm20616,,Mus musculus,10090
ENSMUSG00000093668,Pou5f2,,Mus musculus,10090
ENSMUSG00000093726,Gm20667,,Mus musculus,10090
ENSMUSG00000093738,AI606473,,Mus musculus,10090
ENSMUSG00000093789,Methig1,,Mus musculus,10090
ENSMUSG00000093858,Gm19967,,Mus musculus,10090
ENSMUSG00000093867,Gsdmcl2,,Mus musculus,10090
ENSMUSG00000093910,Zfp853,,Mus musculus,10090
ENSMUSG00000093989,Rnasek,,Mus musculus,10090
ENSMUSG00000094002,Gm9866,,Mus musculus,10090
ENSMUSG00000094152,Slc6a16,,Mus musculus,10090
ENSMUSG00000094220,Trav6-3,,Mus musculus,10090
ENSMUSG00000094311,Rfpl4b,,Mus musculus,10090
ENSMUSG00000094447,9430069I07Rik,,Mus musculus,10090
ENSMUSG00000094584,Ms4a18,,Mus musculus,10090
ENSMUSG00000094690,1600014C23Rik,,Mus musculus,10090
ENSMUSG00000094724,Rnaset2b,,Mus musculus,10090
ENSMUSG00000094928,1700122O11Rik,,Mus musculus,10090
ENSMUSG00000094942,Gm3604,,Mus musculus,10090
ENSMUSG00000094958,3110021N24Rik,,Mus musculus,10090
ENSMUSG00000095026,Gm3336,,Mus musculus,10090
ENSMUSG00000095098,Ccdc85b,,Mus musculus,10090
ENSMUSG00000095115,Itpripl2,,Mus musculus,10090
ENSMUSG00000095127,Ighv1-82,,Mus musculus,10090
ENSMUSG00000095253,Zfp799,,Mus musculus,10090
ENSMUSG00000095325,Zfp870,,Mus musculus,10090
ENSMUSG00000095385,D630033O11Rik,,Mus musculus,10090
ENSMUSG00000095407,Tmem200c,,Mus musculus,10090
ENSMUSG00000095432,Zfp748,,Mus musculus,10090
ENSMUSG00000095493,A630023A22Rik,,Mus musculus,10090
ENSMUSG00000095789,Nupr1l,,Mus musculus,10090
ENSMUSG00000095798,Gm26298,,Mus musculus,10090
ENSMUSG00000095930,Nim1k,,Mus musculus,10090
ENSMUSG00000095956,1700036A12Rik,,Mus musculus,10090
ENSMUSG00000095992,Krtap22-2,,Mus musculus,10090
ENSMUSG00000096014,Sox1,,Mus musculus,10090
ENSMUSG00000096140,Ankrd66,,Mus musculus,10090
ENSMUSG00000096141,Dnah7a,,Mus musculus,10090
ENSMUSG00000096188,Cmtm4,,Mus musculus,10090
ENSMUSG00000096221,1500002C15Rik,,Mus musculus,10090
ENSMUSG00000096370,Gm21992,,Mus musculus,10090
ENSMUSG00000096405,4930474N05Rik,,Mus musculus,10090
ENSMUSG00000096433,Zfp994,,Mus musculus,10090
ENSMUSG00000096537,Fam240b,,Mus musculus,10090
ENSMUSG00000096546,Smlr1,,Mus musculus,10090
ENSMUSG00000096573,1700009J07Rik,,Mus musculus,10090
ENSMUSG00000096606,Tpbgl,,Mus musculus,10090
ENSMUSG00000096655,1700065D16Rik,,Mus musculus,10090
ENSMUSG00000096687,Mfsd4b4,,Mus musculus,10090
ENSMUSG00000096740,Lbhd1,,Mus musculus,10090
ENSMUSG00000096751,Gm28373,,Mus musculus,10090
ENSMUSG00000096753,Fam181a,,Mus musculus,10090
ENSMUSG00000096796,1700021P04Rik,,Mus musculus,10090
ENSMUSG00000096883,Shisa8,,Mus musculus,10090
ENSMUSG00000096914,Galntl6,,Mus musculus,10090
ENSMUSG00000096916,Zfp850,,Mus musculus,10090
ENSMUSG00000096922,Gm17308,,Mus musculus,10090
ENSMUSG00000096932,5033403F01Rik,,Mus musculus,10090
ENSMUSG00000096953,Gm26571,,Mus musculus,10090
ENSMUSG00000096957,E230013L22Rik,,Mus musculus,10090
ENSMUSG00000096959,4930509G22Rik,,Mus musculus,10090
ENSMUSG00000096981,Gm16845,,Mus musculus,10090
ENSMUSG00000096982,Redrum,,Mus musculus,10090
ENSMUSG00000096986,4930509E16Rik,,Mus musculus,10090
ENSMUSG00000096995,2810029C07Rik,,Mus musculus,10090
ENSMUSG00000097006,9530082P21Rik,,Mus musculus,10090
ENSMUSG00000097007,4930432B10Rik,,Mus musculus,10090
ENSMUSG00000097021,4933433G15Rik,,Mus musculus,10090
ENSMUSG00000097023,Mir9-3hg,,Mus musculus,10090
ENSMUSG00000097032,4930539J05Rik,,Mus musculus,10090
ENSMUSG00000097035,Gm26692,,Mus musculus,10090
ENSMUSG00000097040,2610316D01Rik,,Mus musculus,10090
ENSMUSG00000097042,Gm17491,,Mus musculus,10090
ENSMUSG00000097044,4933433F19Rik,,Mus musculus,10090
ENSMUSG00000097047,1110020A21Rik,,Mus musculus,10090
ENSMUSG00000097048,1600020E01Rik,,Mus musculus,10090
ENSMUSG00000097049,6530411M01Rik,,Mus musculus,10090
ENSMUSG00000097050,Gm9918,,Mus musculus,10090
ENSMUSG00000097057,Gm17638,,Mus musculus,10090
ENSMUSG00000097061,9330151L19Rik,,Mus musculus,10090
ENSMUSG00000097072,Foxl2os,,Mus musculus,10090
ENSMUSG00000097073,9430037G07Rik,,Mus musculus,10090
ENSMUSG00000097074,4833428L15Rik,,Mus musculus,10090
ENSMUSG00000097080,1700086O06Rik,,Mus musculus,10090
ENSMUSG00000097082,4933440J02Rik,,Mus musculus,10090
ENSMUSG00000097089,Gm26879,,Mus musculus,10090
ENSMUSG00000097091,4930526L06Rik,,Mus musculus,10090
ENSMUSG00000097098,9330111N05Rik,,Mus musculus,10090
ENSMUSG00000097101,1810034E14Rik,,Mus musculus,10090
ENSMUSG00000097115,1810019N24Rik,,Mus musculus,10090
ENSMUSG00000097121,D130020L05Rik,,Mus musculus,10090
ENSMUSG00000097124,A530020G20Rik,,Mus musculus,10090
ENSMUSG00000097145,9230114K14Rik,,Mus musculus,10090
ENSMUSG00000097156,Gm3764,,Mus musculus,10090
ENSMUSG00000097164,Cep83os,,Mus musculus,10090
ENSMUSG00000097166,9330179D12Rik,,Mus musculus,10090
ENSMUSG00000097167,Gm16740,,Mus musculus,10090
ENSMUSG00000097170,Gm16982,,Mus musculus,10090
ENSMUSG00000097177,9330159M07Rik,,Mus musculus,10090
ENSMUSG00000097180,2700038G22Rik,,Mus musculus,10090
ENSMUSG00000097181,4930594M17Rik,,Mus musculus,10090
ENSMUSG00000097183,Gm17501,,Mus musculus,10090
ENSMUSG00000097191,Mm2pr,,Mus musculus,10090
ENSMUSG00000097194,9330175E14Rik,,Mus musculus,10090
ENSMUSG00000097204,Gm17690,,Mus musculus,10090
ENSMUSG00000097217,Gm26549,,Mus musculus,10090
ENSMUSG00000097229,Platr23,,Mus musculus,10090
ENSMUSG00000097237,Gm26519,,Mus musculus,10090
ENSMUSG00000097248,Gm2694,,Mus musculus,10090
ENSMUSG00000097251,5033417F24Rik,,Mus musculus,10090
ENSMUSG00000097254,C430042M11Rik,,Mus musculus,10090
ENSMUSG00000097267,1700109K24Rik,,Mus musculus,10090
ENSMUSG00000097268,Gm26805,,Mus musculus,10090
ENSMUSG00000097275,Gm26648,,Mus musculus,10090
ENSMUSG00000097282,5031415H12Rik,,Mus musculus,10090
ENSMUSG00000097287,D130017N08Rik,,Mus musculus,10090
ENSMUSG00000097290,1300002E11Rik,,Mus musculus,10090
ENSMUSG00000097292,A230107N01Rik,,Mus musculus,10090
ENSMUSG00000097309,Gm17249,,Mus musculus,10090
ENSMUSG00000097311,Gm26871,,Mus musculus,10090
ENSMUSG00000097318,1700007L15Rik,,Mus musculus,10090
ENSMUSG00000097321,1700028E10Rik,,Mus musculus,10090
ENSMUSG00000097322,A530083I20Rik,,Mus musculus,10090
ENSMUSG00000097323,4930426I24Rik,,Mus musculus,10090
ENSMUSG00000097326,A330048O09Rik,,Mus musculus,10090
ENSMUSG00000097327,E030030I06Rik,,Mus musculus,10090
ENSMUSG00000097336,Fendrr,,Mus musculus,10090
ENSMUSG00000097343,9030407P20Rik,,Mus musculus,10090
ENSMUSG00000097350,4732491K20Rik,,Mus musculus,10090
ENSMUSG00000097352,C920009B18Rik,,Mus musculus,10090
ENSMUSG00000097354,2310001H17Rik,,Mus musculus,10090
ENSMUSG00000097360,9430065F17Rik,,Mus musculus,10090
ENSMUSG00000097361,4930550C17Rik,,Mus musculus,10090
ENSMUSG00000097387,4930563E18Rik,,Mus musculus,10090
ENSMUSG00000097399,Gm26555,,Mus musculus,10090
ENSMUSG00000097401,Gm26744,,Mus musculus,10090
ENSMUSG00000097402,Gm17399,,Mus musculus,10090
ENSMUSG00000097403,9230116N13Rik,,Mus musculus,10090
ENSMUSG00000097407,4933408J17Rik,,Mus musculus,10090
ENSMUSG00000097408,Gm26831,,Mus musculus,10090
ENSMUSG00000097409,Gm26832,,Mus musculus,10090
ENSMUSG00000097412,1810014B01Rik,,Mus musculus,10090
ENSMUSG00000097413,A830052D11Rik,,Mus musculus,10090
ENSMUSG00000097428,AW047730,,Mus musculus,10090
ENSMUSG00000097431,Gm26782,,Mus musculus,10090
ENSMUSG00000097448,Platr22,,Mus musculus,10090
ENSMUSG00000097452,Gm2824,,Mus musculus,10090
ENSMUSG00000097456,Gm16958,,Mus musculus,10090
ENSMUSG00000097462,9530026P05Rik,,Mus musculus,10090
ENSMUSG00000097463,4930448E22Rik,,Mus musculus,10090
ENSMUSG00000097471,5830432E09Rik,,Mus musculus,10090
ENSMUSG00000097486,Gm17733,,Mus musculus,10090
ENSMUSG00000097487,Ptges3l,,Mus musculus,10090
ENSMUSG00000097494,4933406C10Rik,,Mus musculus,10090
ENSMUSG00000097502,4930528D03Rik,,Mus musculus,10090
ENSMUSG00000097503,3110045C21Rik,,Mus musculus,10090
ENSMUSG00000097504,4930516B21Rik,,Mus musculus,10090
ENSMUSG00000097515,1700040D17Rik,,Mus musculus,10090
ENSMUSG00000097516,4930467D21Rik,,Mus musculus,10090
ENSMUSG00000097519,4930558J18Rik,,Mus musculus,10090
ENSMUSG00000097520,4930488L21Rik,,Mus musculus,10090
ENSMUSG00000097522,Gm26844,,Mus musculus,10090
ENSMUSG00000097532,Gm4349,,Mus musculus,10090
ENSMUSG00000097536,2610037D02Rik,,Mus musculus,10090
ENSMUSG00000097537,2610020C07Rik,,Mus musculus,10090
ENSMUSG00000097545,Mir124a-1hg,,Mus musculus,10090
ENSMUSG00000097547,B230110C06Rik,,Mus musculus,10090
ENSMUSG00000097558,Gm26902,,Mus musculus,10090
ENSMUSG00000097559,D430018E03Rik,,Mus musculus,10090
ENSMUSG00000097561,4632411P08Rik,,Mus musculus,10090
ENSMUSG00000097571,Jpx,,Mus musculus,10090
ENSMUSG00000097574,C920006O11Rik,,Mus musculus,10090
ENSMUSG00000097577,6230400D17Rik,,Mus musculus,10090
ENSMUSG00000097583,6430590A07Rik,,Mus musculus,10090
ENSMUSG00000097587,4930578M01Rik,,Mus musculus,10090
ENSMUSG00000097596,Gm26673,,Mus musculus,10090
ENSMUSG00000097597,Gm26674,,Mus musculus,10090
ENSMUSG00000097602,4930519P11Rik,,Mus musculus,10090
ENSMUSG00000097603,A430010J10Rik,,Mus musculus,10090
ENSMUSG00000097613,Gm17597,,Mus musculus,10090
ENSMUSG00000097616,1110019D14Rik,,Mus musculus,10090
ENSMUSG00000097622,A330033J07Rik,,Mus musculus,10090
ENSMUSG00000097627,4930519A11Rik,,Mus musculus,10090
ENSMUSG00000097636,Mirt1,,Mus musculus,10090
ENSMUSG00000097638,Carlr,,Mus musculus,10090
ENSMUSG00000097639,Platr4,,Mus musculus,10090
ENSMUSG00000097640,Gm20033,,Mus musculus,10090
ENSMUSG00000097648,9330185C12Rik,,Mus musculus,10090
ENSMUSG00000097650,4921507G05Rik,,Mus musculus,10090
ENSMUSG00000097654,Gm26714,,Mus musculus,10090
ENSMUSG00000097666,A330094K24Rik,,Mus musculus,10090
ENSMUSG00000097677,Gm26611,,Mus musculus,10090
ENSMUSG00000097682,4930554H23Rik,,Mus musculus,10090
ENSMUSG00000097684,Gm26645,,Mus musculus,10090
ENSMUSG00000097690,4930505N22Rik,,Mus musculus,10090
ENSMUSG00000097693,4930471M09Rik,,Mus musculus,10090
ENSMUSG00000097694,G730013B05Rik,,Mus musculus,10090
ENSMUSG00000097699,5430400D12Rik,,Mus musculus,10090
ENSMUSG00000097701,Gm17508,,Mus musculus,10090
ENSMUSG00000097705,Gm26740,,Mus musculus,10090
ENSMUSG00000097710,2310026I22Rik,,Mus musculus,10090
ENSMUSG00000097717,1700066J03Rik,,Mus musculus,10090
ENSMUSG00000097725,4930593A02Rik,,Mus musculus,10090
ENSMUSG00000097729,2310015A10Rik,,Mus musculus,10090
ENSMUSG00000097736,9530059O14Rik,,Mus musculus,10090
ENSMUSG00000097738,4930445N18Rik,,Mus musculus,10090
ENSMUSG00000097746,Gm6225,,Mus musculus,10090
ENSMUSG00000097752,Gm26688,,Mus musculus,10090
ENSMUSG00000097756,A730056A06Rik,,Mus musculus,10090
ENSMUSG00000097760,6030442K20Rik,,Mus musculus,10090
ENSMUSG00000097761,4930534D22Rik,,Mus musculus,10090
ENSMUSG00000097766,5730420D15Rik,,Mus musculus,10090
ENSMUSG00000097767,Miat,,Mus musculus,10090
ENSMUSG00000097768,2310043M15Rik,,Mus musculus,10090
ENSMUSG00000097772,5430416N02Rik,,Mus musculus,10090
ENSMUSG00000097777,Gm16794,,Mus musculus,10090
ENSMUSG00000097779,4833407H14Rik,,Mus musculus,10090
ENSMUSG00000097784,A430105J06Rik,,Mus musculus,10090
ENSMUSG00000097785,B230217O12Rik,,Mus musculus,10090
ENSMUSG00000097787,2700046G09Rik,,Mus musculus,10090
ENSMUSG00000097789,Gm2115,,Mus musculus,10090
ENSMUSG00000097794,Gm2990,,Mus musculus,10090
ENSMUSG00000097806,Gm6556,,Mus musculus,10090
ENSMUSG00000097814,Panct2,,Mus musculus,10090
ENSMUSG00000097820,E530011L22Rik,,Mus musculus,10090
ENSMUSG00000097825,9630001P10Rik,,Mus musculus,10090
ENSMUSG00000097827,5330439K02Rik,,Mus musculus,10090
ENSMUSG00000097828,6430562O15Rik,,Mus musculus,10090
ENSMUSG00000097831,4930540M05Rik,,Mus musculus,10090
ENSMUSG00000097834,Gm26911,,Mus musculus,10090
ENSMUSG00000097835,Gm26910,,Mus musculus,10090
ENSMUSG00000097841,4930511A02Rik,,Mus musculus,10090
ENSMUSG00000097852,4933405D12Rik,,Mus musculus,10090
ENSMUSG00000097855,A930007I19Rik,,Mus musculus,10090
ENSMUSG00000097863,1010001B22Rik,,Mus musculus,10090
ENSMUSG00000097874,C030010L15Rik,,Mus musculus,10090
ENSMUSG00000097875,Gm26704,,Mus musculus,10090
ENSMUSG00000097881,Celrr,,Mus musculus,10090
ENSMUSG00000097882,0610038B21Rik,,Mus musculus,10090
ENSMUSG00000097885,5031434O11Rik,,Mus musculus,10090
ENSMUSG00000097892,Gm26801,,Mus musculus,10090
ENSMUSG00000097893,1700034P13Rik,,Mus musculus,10090
ENSMUSG00000097908,4933404O12Rik,,Mus musculus,10090
ENSMUSG00000097915,A330009N23Rik,,Mus musculus,10090
ENSMUSG00000097929,Tunar,,Mus musculus,10090
ENSMUSG00000097932,C430039J16Rik,,Mus musculus,10090
ENSMUSG00000097934,6720483E21Rik,,Mus musculus,10090
ENSMUSG00000097944,A130014A01Rik,,Mus musculus,10090
ENSMUSG00000097962,1700034G24Rik,,Mus musculus,10090
ENSMUSG00000097986,Gm26953,,Mus musculus,10090
ENSMUSG00000097992,Gm27016,,Mus musculus,10090
ENSMUSG00000098008,A930001A20Rik,,Mus musculus,10090
ENSMUSG00000098022,Zfp82,,Mus musculus,10090
ENSMUSG00000098087,Gm17750,,Mus musculus,10090
ENSMUSG00000098098,Bvht,,Mus musculus,10090
ENSMUSG00000098120,Gm5914,,Mus musculus,10090
ENSMUSG00000098129,Gm27040,,Mus musculus,10090
ENSMUSG00000098132,Rassf10,,Mus musculus,10090
ENSMUSG00000098134,Rnf113a2,,Mus musculus,10090
ENSMUSG00000098137,Gm33962,,Mus musculus,10090
ENSMUSG00000098145,Gm26936,,Mus musculus,10090
ENSMUSG00000098150,4921515E04Rik,,Mus musculus,10090
ENSMUSG00000098202,B830012L14Rik,,Mus musculus,10090
ENSMUSG00000098207,Arl14,,Mus musculus,10090
ENSMUSG00000098221,Gm27030,,Mus musculus,10090
ENSMUSG00000098318,Lockd,,Mus musculus,10090
ENSMUSG00000098322,5830468F06Rik,,Mus musculus,10090
ENSMUSG00000098332,2310009A05Rik,,Mus musculus,10090
ENSMUSG00000098419,Mir6963,,Mus musculus,10090
ENSMUSG00000098429,Gm27226,,Mus musculus,10090
ENSMUSG00000098431,Mir7666,,Mus musculus,10090
ENSMUSG00000098499,Mir6975,,Mus musculus,10090
ENSMUSG00000098528,Zfp572,,Mus musculus,10090
ENSMUSG00000098609,Anxa11os,,Mus musculus,10090
ENSMUSG00000098627,4930524O08Rik,,Mus musculus,10090
ENSMUSG00000098659,1110015O18Rik,,Mus musculus,10090
ENSMUSG00000098702,1500015A07Rik,,Mus musculus,10090
ENSMUSG00000098758,7630403G23Rik,,Mus musculus,10090
ENSMUSG00000098905,Zfp953,,Mus musculus,10090
ENSMUSG00000098919,Mir8102,,Mus musculus,10090
ENSMUSG00000098959,Gm27230,,Mus musculus,10090
ENSMUSG00000099032,Tcf24,,Mus musculus,10090
ENSMUSG00000099034,2810039B14Rik,,Mus musculus,10090
ENSMUSG00000099094,Gm19569,,Mus musculus,10090
ENSMUSG00000099139,1110028F18Rik,,Mus musculus,10090
ENSMUSG00000099170,5730403I07Rik,,Mus musculus,10090
ENSMUSG00000099310,Gm19427,,Mus musculus,10090
ENSMUSG00000099338,2810030D12Rik,,Mus musculus,10090
ENSMUSG00000099364,5730419F03Rik,,Mus musculus,10090
ENSMUSG00000099370,Platr10,,Mus musculus,10090
ENSMUSG00000099391,1700003C15Rik,,Mus musculus,10090
ENSMUSG00000099411,2310015D24Rik,,Mus musculus,10090
ENSMUSG00000099413,Gm17767,,Mus musculus,10090
ENSMUSG00000099435,1700065I16Rik,,Mus musculus,10090
ENSMUSG00000099446,2310005E17Rik,,Mus musculus,10090
ENSMUSG00000099528,2410012E07Rik,,Mus musculus,10090
ENSMUSG00000099552,9830004L10Rik,,Mus musculus,10090
ENSMUSG00000099553,Gm29538,,Mus musculus,10090
ENSMUSG00000099590,C330022C24Rik,,Mus musculus,10090
ENSMUSG00000099608,4933411E06Rik,,Mus musculus,10090
ENSMUSG00000099632,2900093K20Rik,,Mus musculus,10090
ENSMUSG00000099639,1700084F23Rik,,Mus musculus,10090
ENSMUSG00000099655,2310034G01Rik,,Mus musculus,10090
ENSMUSG00000099681,1700052K11Rik,,Mus musculus,10090
ENSMUSG00000099689,Zfp383,,Mus musculus,10090
ENSMUSG00000099696,2900052N01Rik,,Mus musculus,10090
ENSMUSG00000099718,Gm2087,,Mus musculus,10090
ENSMUSG00000099724,4930554C24Rik,,Mus musculus,10090
ENSMUSG00000099751,1700022A22Rik,,Mus musculus,10090
ENSMUSG00000099784,Dalir,,Mus musculus,10090
ENSMUSG00000099808,1700019P21Rik,,Mus musculus,10090
ENSMUSG00000099825,1810012K16Rik,,Mus musculus,10090
ENSMUSG00000099863,1700031L13Rik,,Mus musculus,10090
ENSMUSG00000099876,Gm29650,,Mus musculus,10090
ENSMUSG00000099881,2810013P06Rik,,Mus musculus,10090
ENSMUSG00000099906,Gm28653,,Mus musculus,10090
ENSMUSG00000099907,Gm10421,,Mus musculus,10090
ENSMUSG00000099923,1700105P06Rik,,Mus musculus,10090
ENSMUSG00000099945,1700126A01Rik,,Mus musculus,10090
ENSMUSG00000099957,2610027F03Rik,,Mus musculus,10090
ENSMUSG00000099958,1700010B13Rik,,Mus musculus,10090
ENSMUSG00000099964,Gm29514,,Mus musculus,10090
ENSMUSG00000100000,1700023F02Rik,,Mus musculus,10090
ENSMUSG00000100001,1810007D17Rik,,Mus musculus,10090
ENSMUSG00000100009,Gm7967,,Mus musculus,10090
ENSMUSG00000100014,Gm29290,,Mus musculus,10090
ENSMUSG00000100017,2410022M11Rik,,Mus musculus,10090
ENSMUSG00000100075,1700018L02Rik,,Mus musculus,10090
ENSMUSG00000100084,2310068J16Rik,,Mus musculus,10090
ENSMUSG00000100094,1810008I18Rik,,Mus musculus,10090
ENSMUSG00000100119,2700089I24Rik,,Mus musculus,10090
ENSMUSG00000100127,Gsdmcl-ps,,Mus musculus,10090
ENSMUSG00000100147,1700047M11Rik,,Mus musculus,10090
ENSMUSG00000100157,2310034O05Rik,,Mus musculus,10090
ENSMUSG00000100164,2610306M01Rik,,Mus musculus,10090
ENSMUSG00000100182,1810006J02Rik,,Mus musculus,10090
ENSMUSG00000100199,Gm20324,,Mus musculus,10090
ENSMUSG00000100205,Gm4850,,Mus musculus,10090
ENSMUSG00000100219,1700054K19Rik,,Mus musculus,10090
ENSMUSG00000100235,Gm28557,,Mus musculus,10090
ENSMUSG00000100252,Mir124-2hg,,Mus musculus,10090
ENSMUSG00000100274,1700006F04Rik,,Mus musculus,10090
ENSMUSG00000100277,1810053B23Rik,,Mus musculus,10090
ENSMUSG00000100291,2310069B03Rik,,Mus musculus,10090
ENSMUSG00000100301,6030407O03Rik,,Mus musculus,10090
ENSMUSG00000100303,2600014E21Rik,,Mus musculus,10090
ENSMUSG00000100394,Gm28791,,Mus musculus,10090
ENSMUSG00000100430,1700095A13Rik,,Mus musculus,10090
ENSMUSG00000100455,Gm29170,,Mus musculus,10090
ENSMUSG00000100510,Hand2os1,,Mus musculus,10090
ENSMUSG00000100511,1700111N16Rik,,Mus musculus,10090
ENSMUSG00000100518,4930440C22Rik,,Mus musculus,10090
ENSMUSG00000100573,1700081H04Rik,,Mus musculus,10090
ENSMUSG00000100580,4933436I20Rik,,Mus musculus,10090
ENSMUSG00000100594,2810414N06Rik,,Mus musculus,10090
ENSMUSG00000100599,1700120C14Rik,,Mus musculus,10090
ENSMUSG00000100666,1700007F19Rik,,Mus musculus,10090
ENSMUSG00000100691,2010320M18Rik,,Mus musculus,10090
ENSMUSG00000100707,Gm28523,,Mus musculus,10090
ENSMUSG00000100714,2010308F09Rik,,Mus musculus,10090
ENSMUSG00000100727,1700003P14Rik,,Mus musculus,10090
ENSMUSG00000100733,4932411K12Rik,,Mus musculus,10090
ENSMUSG00000100763,Gm28777,,Mus musculus,10090
ENSMUSG00000100783,2310047D07Rik,,Mus musculus,10090
ENSMUSG00000100798,Gm19589,,Mus musculus,10090
ENSMUSG00000100837,1700063D05Rik,,Mus musculus,10090
ENSMUSG00000100850,4930434B07Rik,,Mus musculus,10090
ENSMUSG00000100876,2810454H06Rik,,Mus musculus,10090
ENSMUSG00000100890,1700085C21Rik,,Mus musculus,10090
ENSMUSG00000100891,2810049E08Rik,,Mus musculus,10090
ENSMUSG00000100980,Gm29100,,Mus musculus,10090
ENSMUSG00000101009,1700108F19Rik,,Mus musculus,10090
ENSMUSG00000101012,1700008K24Rik,,Mus musculus,10090
ENSMUSG00000101026,Ly6g6g,,Mus musculus,10090
ENSMUSG00000101088,1810018F18Rik,,Mus musculus,10090
ENSMUSG00000101144,Gm29054,,Mus musculus,10090
ENSMUSG00000101153,4933404I11Rik,,Mus musculus,10090
ENSMUSG00000101189,1700029M03Rik,,Mus musculus,10090
ENSMUSG00000101225,1700008J07Rik,,Mus musculus,10090
ENSMUSG00000101234,1700007E05Rik,,Mus musculus,10090
ENSMUSG00000101257,2310015K22Rik,,Mus musculus,10090
ENSMUSG00000101275,1700012E03Rik,,Mus musculus,10090
ENSMUSG00000101304,Plet1os,,Mus musculus,10090
ENSMUSG00000101320,Gm28529,,Mus musculus,10090
ENSMUSG00000101356,Gm28876,,Mus musculus,10090
ENSMUSG00000101360,4933417O13Rik,,Mus musculus,10090
ENSMUSG00000101365,Gm19325,,Mus musculus,10090
ENSMUSG00000101411,Gm28111,,Mus musculus,10090
ENSMUSG00000101481,1700123O21Rik,,Mus musculus,10090
ENSMUSG00000101493,2810405F17Rik,,Mus musculus,10090
ENSMUSG00000101555,Gm28731,,Mus musculus,10090
ENSMUSG00000101568,1700040F17Rik,,Mus musculus,10090
ENSMUSG00000101581,C430002N11Rik,,Mus musculus,10090
ENSMUSG00000101585,1600010M07Rik,,Mus musculus,10090
ENSMUSG00000101599,Gm20342,,Mus musculus,10090
ENSMUSG00000101609,Kcnq1ot1,,Mus musculus,10090
ENSMUSG00000101636,4930579H20Rik,,Mus musculus,10090
ENSMUSG00000101655,2310040G24Rik,,Mus musculus,10090
ENSMUSG00000101674,4930444A19Rik,,Mus musculus,10090
ENSMUSG00000101693,Gm19461,,Mus musculus,10090
ENSMUSG00000101746,2310043L19Rik,,Mus musculus,10090
ENSMUSG00000101791,2210011K15Rik,,Mus musculus,10090
ENSMUSG00000101810,1700066C05Rik,,Mus musculus,10090
ENSMUSG00000101848,4933417E11Rik,,Mus musculus,10090
ENSMUSG00000101856,1700096K18Rik,,Mus musculus,10090
ENSMUSG00000101888,1700025H01Rik,,Mus musculus,10090
ENSMUSG00000101894,1700016P04Rik,,Mus musculus,10090
ENSMUSG00000101912,1700052I22Rik,,Mus musculus,10090
ENSMUSG00000101959,Ldhal6b,,Mus musculus,10090
ENSMUSG00000101970,1810026B05Rik,,Mus musculus,10090
ENSMUSG00000101972,H3c11,,Mus musculus,10090
ENSMUSG00000102004,4933402C06Rik,,Mus musculus,10090
ENSMUSG00000102009,4933400F21Rik,,Mus musculus,10090
ENSMUSG00000102014,2900009J06Rik,,Mus musculus,10090
ENSMUSG00000102046,2810404M03Rik,,Mus musculus,10090
ENSMUSG00000102069,1700012I11Rik,,Mus musculus,10090
ENSMUSG00000102098,2310016D03Rik,,Mus musculus,10090
ENSMUSG00000102099,1700011B04Rik,,Mus musculus,10090
ENSMUSG00000102139,Gm37109,,Mus musculus,10090
ENSMUSG00000102140,Gm38058,,Mus musculus,10090
ENSMUSG00000102157,Gm37470,,Mus musculus,10090
ENSMUSG00000102184,Gm37192,,Mus musculus,10090
ENSMUSG00000102185,5033404E19Rik,,Mus musculus,10090
ENSMUSG00000102205,9430092D12Rik,,Mus musculus,10090
ENSMUSG00000102212,C230085N15Rik,,Mus musculus,10090
ENSMUSG00000102224,4930447F24Rik,,Mus musculus,10090
ENSMUSG00000102249,4930423C22Rik,,Mus musculus,10090
ENSMUSG00000102267,9530003O04Rik,,Mus musculus,10090
ENSMUSG00000102271,C630050I24Rik,,Mus musculus,10090
ENSMUSG00000102276,2900069G24Rik,,Mus musculus,10090
ENSMUSG00000102302,Gm38190,,Mus musculus,10090
ENSMUSG00000102308,2310046K23Rik,,Mus musculus,10090
ENSMUSG00000102322,4930566N20Rik,,Mus musculus,10090
ENSMUSG00000102326,Gm37788,,Mus musculus,10090
ENSMUSG00000102330,Gm37234,,Mus musculus,10090
ENSMUSG00000102336,Gm37233,,Mus musculus,10090
ENSMUSG00000102344,9430053O09Rik,,Mus musculus,10090
ENSMUSG00000102353,Gm38345,,Mus musculus,10090
ENSMUSG00000102362,4930509J09Rik,,Mus musculus,10090
ENSMUSG00000102375,A930036K24Rik,,Mus musculus,10090
ENSMUSG00000102386,2900022M07Rik,,Mus musculus,10090
ENSMUSG00000102404,5530400K19Rik,,Mus musculus,10090
ENSMUSG00000102408,4930568G15Rik,,Mus musculus,10090
ENSMUSG00000102416,4933424G06Rik,,Mus musculus,10090
ENSMUSG00000102423,Gm37465,,Mus musculus,10090
ENSMUSG00000102424,Paupar,,Mus musculus,10090
ENSMUSG00000102448,Gm37101,,Mus musculus,10090
ENSMUSG00000102469,Gm38201,,Mus musculus,10090
ENSMUSG00000102474,2610012C04Rik,,Mus musculus,10090
ENSMUSG00000102523,Gm37783,,Mus musculus,10090
ENSMUSG00000102556,Gm37569,,Mus musculus,10090
ENSMUSG00000102602,A930004J17Rik,,Mus musculus,10090
ENSMUSG00000102615,Gm37844,,Mus musculus,10090
ENSMUSG00000102621,Gm37674,,Mus musculus,10090
ENSMUSG00000102644,Thap6,,Mus musculus,10090
ENSMUSG00000102649,Gm38021,,Mus musculus,10090
ENSMUSG00000102674,8030442B05Rik,,Mus musculus,10090
ENSMUSG00000102687,Gm37219,,Mus musculus,10090
ENSMUSG00000102693,4933401J01Rik,,Mus musculus,10090
ENSMUSG00000102721,A630081D01Rik,,Mus musculus,10090
ENSMUSG00000102723,Gm37936,,Mus musculus,10090
ENSMUSG00000102729,Gm32444,,Mus musculus,10090
ENSMUSG00000102737,1700016A09Rik,,Mus musculus,10090
ENSMUSG00000102749,Gm37598,,Mus musculus,10090
ENSMUSG00000102752,Gm7694,,Mus musculus,10090
ENSMUSG00000102758,Naaladl2,,Mus musculus,10090
ENSMUSG00000102786,Gm38252,,Mus musculus,10090
ENSMUSG00000102801,Gm37478,,Mus musculus,10090
ENSMUSG00000102808,5430420F09Rik,,Mus musculus,10090
ENSMUSG00000102813,Gm37795,,Mus musculus,10090
ENSMUSG00000102840,Gm38037,,Mus musculus,10090
ENSMUSG00000102861,Gm37637,,Mus musculus,10090
ENSMUSG00000102880,4930517J16Rik,,Mus musculus,10090
ENSMUSG00000102887,Gm10857,,Mus musculus,10090
ENSMUSG00000102895,5830415G21Rik,,Mus musculus,10090
ENSMUSG00000102902,Gm38263,,Mus musculus,10090
ENSMUSG00000102909,Gm2453,,Mus musculus,10090
ENSMUSG00000102930,Gm38115,,Mus musculus,10090
ENSMUSG00000102937,Gm38116,,Mus musculus,10090
ENSMUSG00000102950,Gm37018,,Mus musculus,10090
ENSMUSG00000102959,Gm37015,,Mus musculus,10090
ENSMUSG00000102964,9430034N14Rik,,Mus musculus,10090
ENSMUSG00000102971,A730062M13Rik,,Mus musculus,10090
ENSMUSG00000102973,E430014B02Rik,,Mus musculus,10090
ENSMUSG00000102985,4930456G14Rik,,Mus musculus,10090
ENSMUSG00000102997,Gm17244,,Mus musculus,10090
ENSMUSG00000103001,A930005N03Rik,,Mus musculus,10090
ENSMUSG00000103006,4933417C20Rik,,Mus musculus,10090
ENSMUSG00000103038,Gm37124,,Mus musculus,10090
ENSMUSG00000103041,Gm37305,,Mus musculus,10090
ENSMUSG00000103079,Gm36307,,Mus musculus,10090
ENSMUSG00000103082,Gm38124,,Mus musculus,10090
ENSMUSG00000103108,Rncr4,,Mus musculus,10090
ENSMUSG00000103136,Gm37980,,Mus musculus,10090
ENSMUSG00000103149,AA914427,,Mus musculus,10090
ENSMUSG00000103164,Gm38150,,Mus musculus,10090
ENSMUSG00000103178,Fgfr3-ps,,Mus musculus,10090
ENSMUSG00000103192,Gm37645,,Mus musculus,10090
ENSMUSG00000103200,Gm37328,,Mus musculus,10090
ENSMUSG00000103259,2610105M22Rik,,Mus musculus,10090
ENSMUSG00000103284,3110080O07Rik,,Mus musculus,10090
ENSMUSG00000103287,1700034J04Rik,,Mus musculus,10090
ENSMUSG00000103291,Gm38235,,Mus musculus,10090
ENSMUSG00000103303,Gm37802,,Mus musculus,10090
ENSMUSG00000103309,BC037039,,Mus musculus,10090
ENSMUSG00000103317,Gm38359,,Mus musculus,10090
ENSMUSG00000103321,4933403L11Rik,,Mus musculus,10090
ENSMUSG00000103331,Gm37995,,Mus musculus,10090
ENSMUSG00000103334,Gm29771,,Mus musculus,10090
ENSMUSG00000103366,C630004L07Rik,,Mus musculus,10090
ENSMUSG00000103373,Gm37238,,Mus musculus,10090
ENSMUSG00000103378,Gm37176,,Mus musculus,10090
ENSMUSG00000103407,4930540E01Rik,,Mus musculus,10090
ENSMUSG00000103427,Gm37534,,Mus musculus,10090
ENSMUSG00000103428,Gm20754,,Mus musculus,10090
ENSMUSG00000103454,Gm38098,,Mus musculus,10090
ENSMUSG00000103477,5930409G06Rik,,Mus musculus,10090
ENSMUSG00000103497,Gm37407,,Mus musculus,10090
ENSMUSG00000103502,9330121J05Rik,,Mus musculus,10090
ENSMUSG00000103503,1700023G09Rik,,Mus musculus,10090
ENSMUSG00000103522,9430087J23Rik,,Mus musculus,10090
ENSMUSG00000103529,A730089K16Rik,,Mus musculus,10090
ENSMUSG00000103563,8030445P17Rik,,Mus musculus,10090
ENSMUSG00000103572,Gm37115,,Mus musculus,10090
ENSMUSG00000103608,4930442P19Rik,,Mus musculus,10090
ENSMUSG00000103614,Gm37949,,Mus musculus,10090
ENSMUSG00000103616,1700018A14Rik,,Mus musculus,10090
ENSMUSG00000103622,Gm38391,,Mus musculus,10090
ENSMUSG00000103634,3110062G12Rik,,Mus musculus,10090
ENSMUSG00000103695,A830029E22Rik,,Mus musculus,10090
ENSMUSG00000103697,Gm38020,,Mus musculus,10090
ENSMUSG00000103705,4930518J20Rik,,Mus musculus,10090
ENSMUSG00000103706,6820402A03Rik,,Mus musculus,10090
ENSMUSG00000103713,Gm2136,,Mus musculus,10090
ENSMUSG00000103715,4933431K14Rik,,Mus musculus,10090
ENSMUSG00000103722,2700078F05Rik,,Mus musculus,10090
ENSMUSG00000103755,Gm37805,,Mus musculus,10090
ENSMUSG00000103821,D430013B06Rik,,Mus musculus,10090
ENSMUSG00000103822,6030460B20Rik,,Mus musculus,10090
ENSMUSG00000103831,Gm37608,,Mus musculus,10090
ENSMUSG00000103835,Gm37612,,Mus musculus,10090
ENSMUSG00000103839,Gm37607,,Mus musculus,10090
ENSMUSG00000103843,Gm31266,,Mus musculus,10090
ENSMUSG00000103844,4933436E23Rik,,Mus musculus,10090
ENSMUSG00000103898,Gm30238,,Mus musculus,10090
ENSMUSG00000103928,Gm37893,,Mus musculus,10090
ENSMUSG00000103932,Gm36963,,Mus musculus,10090
ENSMUSG00000103935,AY702102,,Mus musculus,10090
ENSMUSG00000103965,Gm30173,,Mus musculus,10090
ENSMUSG00000103983,Gm20045,,Mus musculus,10090
ENSMUSG00000103995,5730488B01Rik,,Mus musculus,10090
ENSMUSG00000104004,4930565D16Rik,,Mus musculus,10090
ENSMUSG00000104018,4833412K13Rik,,Mus musculus,10090
ENSMUSG00000104027,Gm37211,,Mus musculus,10090
ENSMUSG00000104030,5330406M23Rik,,Mus musculus,10090
ENSMUSG00000104034,2900092N22Rik,,Mus musculus,10090
ENSMUSG00000104044,Gm37566,,Mus musculus,10090
ENSMUSG00000104069,Gm37198,,Mus musculus,10090
ENSMUSG00000104086,1700039M15Rik,,Mus musculus,10090
ENSMUSG00000104107,Gm37879,,Mus musculus,10090
ENSMUSG00000104114,Gm37297,,Mus musculus,10090
ENSMUSG00000104116,Gm37296,,Mus musculus,10090
ENSMUSG00000104156,Gm38102,,Mus musculus,10090
ENSMUSG00000104158,Gm38100,,Mus musculus,10090
ENSMUSG00000104167,A030012G06Rik,,Mus musculus,10090
ENSMUSG00000104186,Gm37819,,Mus musculus,10090
ENSMUSG00000104212,Gm37986,,Mus musculus,10090
ENSMUSG00000104220,4930578I07Rik,,Mus musculus,10090
ENSMUSG00000104234,5330439B14Rik,,Mus musculus,10090
ENSMUSG00000104236,4930533L02Rik,,Mus musculus,10090
ENSMUSG00000104244,2900018N21Rik,,Mus musculus,10090
ENSMUSG00000104262,Gm37747,,Mus musculus,10090
ENSMUSG00000104266,Gm37748,,Mus musculus,10090
ENSMUSG00000104271,Gm37891,,Mus musculus,10090
ENSMUSG00000104273,A530064N14Rik,,Mus musculus,10090
ENSMUSG00000104277,Gm38299,,Mus musculus,10090
ENSMUSG00000104291,A130071D04Rik,,Mus musculus,10090
ENSMUSG00000104342,Gm36401,,Mus musculus,10090
ENSMUSG00000104343,5730408A14Rik,,Mus musculus,10090
ENSMUSG00000104365,4930470B04Rik,,Mus musculus,10090
ENSMUSG00000104366,4933409D19Rik,,Mus musculus,10090
ENSMUSG00000104380,4933436F18Rik,,Mus musculus,10090
ENSMUSG00000104394,Gm37254,,Mus musculus,10090
ENSMUSG00000104415,Gm37069,,Mus musculus,10090
ENSMUSG00000104436,Gm37423,,Mus musculus,10090
ENSMUSG00000104443,4932442E05Rik,,Mus musculus,10090
ENSMUSG00000104484,Gm33142,,Mus musculus,10090
ENSMUSG00000104507,A430027H14Rik,,Mus musculus,10090
ENSMUSG00000104520,Gm37336,,Mus musculus,10090
ENSMUSG00000104526,1700045I11Rik,,Mus musculus,10090
ENSMUSG00000104529,Rbakdn,,Mus musculus,10090
ENSMUSG00000104571,Gm43010,,Mus musculus,10090
ENSMUSG00000104579,5830437K03Rik,,Mus musculus,10090
ENSMUSG00000104585,4921511C10Rik,,Mus musculus,10090
ENSMUSG00000104586,4921539H07Rik,,Mus musculus,10090
ENSMUSG00000104597,B230334C09Rik,,Mus musculus,10090
ENSMUSG00000104614,Fbxw27,,Mus musculus,10090
ENSMUSG00000104638,4930568A13Rik,,Mus musculus,10090
ENSMUSG00000104667,Gm4961,,Mus musculus,10090
ENSMUSG00000104682,Gm42636,,Mus musculus,10090
ENSMUSG00000104693,Gm42941,,Mus musculus,10090
ENSMUSG00000104703,4921521D15Rik,,Mus musculus,10090
ENSMUSG00000104704,Gm43133,,Mus musculus,10090
ENSMUSG00000104705,4930405N21Rik,,Mus musculus,10090
ENSMUSG00000104719,4933437G19Rik,,Mus musculus,10090
ENSMUSG00000104724,Gm43162,,Mus musculus,10090
ENSMUSG00000104727,Gm42500,,Mus musculus,10090
ENSMUSG00000104735,C130075A20Rik,,Mus musculus,10090
ENSMUSG00000104781,Gm43303,,Mus musculus,10090
ENSMUSG00000104795,Gm42783,,Mus musculus,10090
ENSMUSG00000104814,Gm42979,,Mus musculus,10090
ENSMUSG00000104833,Gm42489,,Mus musculus,10090
ENSMUSG00000104835,Gm5547,,Mus musculus,10090
ENSMUSG00000104852,Gm43201,,Mus musculus,10090
ENSMUSG00000104861,3110039M20Rik,,Mus musculus,10090
ENSMUSG00000104868,Gm9954,,Mus musculus,10090
ENSMUSG00000104888,1500005C15Rik,,Mus musculus,10090
ENSMUSG00000104891,2510017J16Rik,,Mus musculus,10090
ENSMUSG00000104904,9330198I05Rik,,Mus musculus,10090
ENSMUSG00000104912,Gm43023,,Mus musculus,10090
ENSMUSG00000104917,Gm43289,,Mus musculus,10090
ENSMUSG00000104936,2610011E03Rik,,Mus musculus,10090
ENSMUSG00000104943,Gm42868,,Mus musculus,10090
ENSMUSG00000104950,4833413G10Rik,,Mus musculus,10090
ENSMUSG00000104951,Gm43413,,Mus musculus,10090
ENSMUSG00000104956,4930429D17Rik,,Mus musculus,10090
ENSMUSG00000104963,Gm42974,,Mus musculus,10090
ENSMUSG00000104964,4930597L12Rik,,Mus musculus,10090
ENSMUSG00000104969,Gm43445,,Mus musculus,10090
ENSMUSG00000104971,9430087B13Rik,,Mus musculus,10090
ENSMUSG00000104986,1600023N17Rik,,Mus musculus,10090
ENSMUSG00000104999,4930477O15Rik,,Mus musculus,10090
ENSMUSG00000105006,Gm9484,,Mus musculus,10090
ENSMUSG00000105019,Gm43547,,Mus musculus,10090
ENSMUSG00000105059,Gm42498,,Mus musculus,10090
ENSMUSG00000105071,Gm43336,,Mus musculus,10090
ENSMUSG00000105137,Gm42869,,Mus musculus,10090
ENSMUSG00000105160,A530030E21Rik,,Mus musculus,10090
ENSMUSG00000105184,Gm42537,,Mus musculus,10090
ENSMUSG00000105185,4930519H02Rik,,Mus musculus,10090
ENSMUSG00000105203,4933428P19Rik,,Mus musculus,10090
ENSMUSG00000105226,A930028O11Rik,,Mus musculus,10090
ENSMUSG00000105229,Gm43149,,Mus musculus,10090
ENSMUSG00000105265,Sox2ot,,Mus musculus,10090
ENSMUSG00000105274,1700048F04Rik,,Mus musculus,10090
ENSMUSG00000105290,Gm43528,,Mus musculus,10090
ENSMUSG00000105300,Gm30613,,Mus musculus,10090
ENSMUSG00000105326,6030400A10Rik,,Mus musculus,10090
ENSMUSG00000105345,BC030343,,Mus musculus,10090
ENSMUSG00000105350,4930537H20Rik,,Mus musculus,10090
ENSMUSG00000105368,Gm43759,,Mus musculus,10090
ENSMUSG00000105447,Gm43653,,Mus musculus,10090
ENSMUSG00000105449,Gm43379,,Mus musculus,10090
ENSMUSG00000105457,Gm43200,,Mus musculus,10090
ENSMUSG00000105459,4930449I04Rik,,Mus musculus,10090
ENSMUSG00000105469,A930036I15Rik,,Mus musculus,10090
ENSMUSG00000105481,6430500D05Rik,,Mus musculus,10090
ENSMUSG00000105490,4933438B17Rik,,Mus musculus,10090
ENSMUSG00000105501,5330426L24Rik,,Mus musculus,10090
ENSMUSG00000105502,Gm42536,,Mus musculus,10090
ENSMUSG00000105509,C130013H08Rik,,Mus musculus,10090
ENSMUSG00000105527,4933424H11Rik,,Mus musculus,10090
ENSMUSG00000105545,4930599N24Rik,,Mus musculus,10090
ENSMUSG00000105565,Gm43566,,Mus musculus,10090
ENSMUSG00000105572,Gm43300,,Mus musculus,10090
ENSMUSG00000105586,Gm43009,,Mus musculus,10090
ENSMUSG00000105594,Gm43398,,Mus musculus,10090
ENSMUSG00000105597,4633401B06Rik,,Mus musculus,10090
ENSMUSG00000105607,Gm43513,,Mus musculus,10090
ENSMUSG00000105619,9530034A14Rik,,Mus musculus,10090
ENSMUSG00000105638,4930408K08Rik,,Mus musculus,10090
ENSMUSG00000105652,4930519L02Rik,,Mus musculus,10090
ENSMUSG00000105655,Gm42659,,Mus musculus,10090
ENSMUSG00000105692,Gm43737,,Mus musculus,10090
ENSMUSG00000105695,Gm43327,,Mus musculus,10090
ENSMUSG00000105698,Gm31881,,Mus musculus,10090
ENSMUSG00000105707,Gm43753,,Mus musculus,10090
ENSMUSG00000105720,Gm42440,,Mus musculus,10090
ENSMUSG00000105729,5330425B07Rik,,Mus musculus,10090
ENSMUSG00000105735,4933415J04Rik,,Mus musculus,10090
ENSMUSG00000105741,C79130,,Mus musculus,10090
ENSMUSG00000105771,2900064K03Rik,,Mus musculus,10090
ENSMUSG00000105834,4930592C13Rik,,Mus musculus,10090
ENSMUSG00000105838,4930425O10Rik,,Mus musculus,10090
ENSMUSG00000105843,Gm19439,,Mus musculus,10090
ENSMUSG00000105851,9130604C24Rik,,Mus musculus,10090
ENSMUSG00000105867,Gm42517,,Mus musculus,10090
ENSMUSG00000105881,4932422M17Rik,,Mus musculus,10090
ENSMUSG00000105890,Gm42780,,Mus musculus,10090
ENSMUSG00000105891,A230001M10Rik,,Mus musculus,10090
ENSMUSG00000105896,Gm43311,,Mus musculus,10090
ENSMUSG00000105929,Gm43693,,Mus musculus,10090
ENSMUSG00000105935,Gm43628,,Mus musculus,10090
ENSMUSG00000105945,Gm43570,,Mus musculus,10090
ENSMUSG00000105957,Gm43254,,Mus musculus,10090
ENSMUSG00000105959,D530037P16Rik,,Mus musculus,10090
ENSMUSG00000105962,Gm42432,,Mus musculus,10090
ENSMUSG00000105981,2810428J06Rik,,Mus musculus,10090
ENSMUSG00000105987,AI506816,,Mus musculus,10090
ENSMUSG00000106002,5430434I15Rik,,Mus musculus,10090
ENSMUSG00000106019,Gm43672,,Mus musculus,10090
ENSMUSG00000106035,Gm43545,,Mus musculus,10090
ENSMUSG00000106087,Gm43609,,Mus musculus,10090
ENSMUSG00000106092,Gm43072,,Mus musculus,10090
ENSMUSG00000106115,Gm43420,,Mus musculus,10090
ENSMUSG00000106120,Gm42697,,Mus musculus,10090
ENSMUSG00000106130,Gm44361,,Mus musculus,10090
ENSMUSG00000106150,4921527H02Rik,,Mus musculus,10090
ENSMUSG00000106164,9430085M18Rik,,Mus musculus,10090
ENSMUSG00000106202,Gm43727,,Mus musculus,10090
ENSMUSG00000106205,C230096K16Rik,,Mus musculus,10090
ENSMUSG00000106219,5830416I19Rik,,Mus musculus,10090
ENSMUSG00000106230,Gm29811,,Mus musculus,10090
ENSMUSG00000106255,Gm36793,,Mus musculus,10090
ENSMUSG00000106270,C820005J03Rik,,Mus musculus,10090
ENSMUSG00000106296,4632404M16Rik,,Mus musculus,10090
ENSMUSG00000106304,Gm42518,,Mus musculus,10090
ENSMUSG00000106306,4933401H06Rik,,Mus musculus,10090
ENSMUSG00000106321,Gm43674,,Mus musculus,10090
ENSMUSG00000106333,4930428O21Rik,,Mus musculus,10090
ENSMUSG00000106371,9530097N15Rik,,Mus musculus,10090
ENSMUSG00000106379,Lhfpl3,,Mus musculus,10090
ENSMUSG00000106438,Gm32051,,Mus musculus,10090
ENSMUSG00000106450,Gm43018,,Mus musculus,10090
ENSMUSG00000106475,Gm43011,,Mus musculus,10090
ENSMUSG00000106485,3830422I06Rik,,Mus musculus,10090
ENSMUSG00000106508,4933425M03Rik,,Mus musculus,10090
ENSMUSG00000106547,B230303O12Rik,,Mus musculus,10090
ENSMUSG00000106553,6720482G16Rik,,Mus musculus,10090
ENSMUSG00000106557,Gm42442,,Mus musculus,10090
ENSMUSG00000106572,4933417G07Rik,,Mus musculus,10090
ENSMUSG00000106583,4930447N08Rik,,Mus musculus,10090
ENSMUSG00000106594,4930432H08Rik,,Mus musculus,10090
ENSMUSG00000106621,Gm42752,,Mus musculus,10090
ENSMUSG00000106662,Gm43034,,Mus musculus,10090
ENSMUSG00000106665,Gm43389,,Mus musculus,10090
ENSMUSG00000106683,Gm43263,,Mus musculus,10090
ENSMUSG00000106691,2700029L08Rik,,Mus musculus,10090
ENSMUSG00000106718,Gm20052,,Mus musculus,10090
ENSMUSG00000106746,2900064F13Rik,,Mus musculus,10090
ENSMUSG00000106749,Gm43281,,Mus musculus,10090
ENSMUSG00000106751,Gm42467,,Mus musculus,10090
ENSMUSG00000106757,Gm43482,,Mus musculus,10090
ENSMUSG00000106762,4930478P22Rik,,Mus musculus,10090
ENSMUSG00000106766,4933424N20Rik,,Mus musculus,10090
ENSMUSG00000106791,4930553P18Rik,,Mus musculus,10090
ENSMUSG00000106851,4930421C12Rik,,Mus musculus,10090
ENSMUSG00000106860,1700008H02Rik,,Mus musculus,10090
ENSMUSG00000106865,4930519E07Rik,,Mus musculus,10090
ENSMUSG00000106866,Gm43659,,Mus musculus,10090
ENSMUSG00000106870,Gm43681,,Mus musculus,10090
ENSMUSG00000106887,A930005G22Rik,,Mus musculus,10090
ENSMUSG00000106902,4930557J02Rik,,Mus musculus,10090
ENSMUSG00000106944,Gm43843,,Mus musculus,10090
ENSMUSG00000106950,4930478M09Rik,,Mus musculus,10090
ENSMUSG00000106951,5930430L01Rik,,Mus musculus,10090
ENSMUSG00000106981,Gm45495,,Mus musculus,10090
ENSMUSG00000106990,Gm42547,,Mus musculus,10090
ENSMUSG00000107005,9030607J07Rik,,Mus musculus,10090
ENSMUSG00000107008,Gm2762,,Mus musculus,10090
ENSMUSG00000107009,6720475M21Rik,,Mus musculus,10090
ENSMUSG00000107019,Gm43682,,Mus musculus,10090
ENSMUSG00000107042,4921513H07Rik,,Mus musculus,10090
ENSMUSG00000107049,Gm43771,,Mus musculus,10090
ENSMUSG00000107081,Gm43701,,Mus musculus,10090
ENSMUSG00000107086,Gm43808,,Mus musculus,10090
ENSMUSG00000107134,Gm42528,,Mus musculus,10090
ENSMUSG00000107142,4930566F21Rik,,Mus musculus,10090
ENSMUSG00000107144,4930413E15Rik,,Mus musculus,10090
ENSMUSG00000107155,Gm43793,,Mus musculus,10090
ENSMUSG00000107164,4933425D22Rik,,Mus musculus,10090
ENSMUSG00000107172,4933430H06Rik,,Mus musculus,10090
ENSMUSG00000107182,Gm43268,,Mus musculus,10090
ENSMUSG00000107198,Gm19619,,Mus musculus,10090
ENSMUSG00000107214,4930500F04Rik,,Mus musculus,10090
ENSMUSG00000107217,4930524B17Rik,,Mus musculus,10090
ENSMUSG00000107232,1700017L05Rik,,Mus musculus,10090
ENSMUSG00000107256,Gm13821,,Mus musculus,10090
ENSMUSG00000107271,BC028471,,Mus musculus,10090
ENSMUSG00000107277,Gm10461,,Mus musculus,10090
ENSMUSG00000107278,Gm42600,,Mus musculus,10090
ENSMUSG00000107284,Gm43280,,Mus musculus,10090
ENSMUSG00000107286,Gm43788,,Mus musculus,10090
ENSMUSG00000107305,Gm43262,,Mus musculus,10090
ENSMUSG00000107317,Gm19719,,Mus musculus,10090
ENSMUSG00000107318,Gm30003,,Mus musculus,10090
ENSMUSG00000107353,4930430O22Rik,,Mus musculus,10090
ENSMUSG00000107355,AI839979,,Mus musculus,10090
ENSMUSG00000107370,Gm43588,,Mus musculus,10090
ENSMUSG00000107375,Gm43084,,Mus musculus,10090
ENSMUSG00000107385,C330024D21Rik,,Mus musculus,10090
ENSMUSG00000107387,5430435K18Rik,,Mus musculus,10090
ENSMUSG00000107397,4930402H05Rik,,Mus musculus,10090
ENSMUSG00000107402,4732416N19Rik,,Mus musculus,10090
ENSMUSG00000107412,Gm20383,,Mus musculus,10090
ENSMUSG00000107414,6330419E04Rik,,Mus musculus,10090
ENSMUSG00000107434,Gm4640,,Mus musculus,10090
ENSMUSG00000107446,Gm43906,,Mus musculus,10090
ENSMUSG00000107451,Gm44421,,Mus musculus,10090
ENSMUSG00000107468,5730507A11Rik,,Mus musculus,10090
ENSMUSG00000107476,Zfp862-ps,,Mus musculus,10090
ENSMUSG00000107479,2610300M13Rik,,Mus musculus,10090
ENSMUSG00000107481,4833403J16Rik,,Mus musculus,10090
ENSMUSG00000107496,4933431M02Rik,,Mus musculus,10090
ENSMUSG00000107526,1700003I16Rik,,Mus musculus,10090
ENSMUSG00000107553,Gm44266,,Mus musculus,10090
ENSMUSG00000107567,4930480K02Rik,,Mus musculus,10090
ENSMUSG00000107585,3300002P13Rik,,Mus musculus,10090
ENSMUSG00000107598,Gm35216,,Mus musculus,10090
ENSMUSG00000107614,Gm44196,,Mus musculus,10090
ENSMUSG00000107655,Gm44220,,Mus musculus,10090
ENSMUSG00000107666,4933406J09Rik,,Mus musculus,10090
ENSMUSG00000107667,C530044C16Rik,,Mus musculus,10090
ENSMUSG00000107689,Gm44386,,Mus musculus,10090
ENSMUSG00000107726,Gm44037,,Mus musculus,10090
ENSMUSG00000107728,Gm38910,,Mus musculus,10090
ENSMUSG00000107729,B230112I24Rik,,Mus musculus,10090
ENSMUSG00000107737,1700027F06Rik,,Mus musculus,10090
ENSMUSG00000107741,Gm2011,,Mus musculus,10090
ENSMUSG00000107742,9530085L11Rik,,Mus musculus,10090
ENSMUSG00000107793,4933406L23Rik,,Mus musculus,10090
ENSMUSG00000107823,Gm44436,,Mus musculus,10090
ENSMUSG00000107830,4933439N06Rik,,Mus musculus,10090
ENSMUSG00000107838,Gm45769,,Mus musculus,10090
ENSMUSG00000107868,Gm5112,,Mus musculus,10090
ENSMUSG00000107875,Gm44696,,Mus musculus,10090
ENSMUSG00000107879,9330102E08Rik,,Mus musculus,10090
ENSMUSG00000107881,Gm44250,,Mus musculus,10090
ENSMUSG00000107893,Gm44192,,Mus musculus,10090
ENSMUSG00000107937,Gm44200,,Mus musculus,10090
ENSMUSG00000107970,Gm49058,,Mus musculus,10090
ENSMUSG00000107997,Gm44243,,Mus musculus,10090
ENSMUSG00000108035,Gm44021,,Mus musculus,10090
ENSMUSG00000108049,Gm44168,,Mus musculus,10090
ENSMUSG00000108077,6330415B21Rik,,Mus musculus,10090
ENSMUSG00000108108,Gm44270,,Mus musculus,10090
ENSMUSG00000108113,Zim2,,Mus musculus,10090
ENSMUSG00000108122,Gm44116,,Mus musculus,10090
ENSMUSG00000108128,4922502N22Rik,,Mus musculus,10090
ENSMUSG00000108132,Gm44175,,Mus musculus,10090
ENSMUSG00000108137,Gm44053,,Mus musculus,10090
ENSMUSG00000108147,4930443G03Rik,,Mus musculus,10090
ENSMUSG00000108175,Gm16499,,Mus musculus,10090
ENSMUSG00000108181,C030015A19Rik,,Mus musculus,10090
ENSMUSG00000108187,4930511E03Rik,,Mus musculus,10090
ENSMUSG00000108194,1700097M23Rik,,Mus musculus,10090
ENSMUSG00000108195,Gm44415,,Mus musculus,10090
ENSMUSG00000108207,1810059H22Rik,,Mus musculus,10090
ENSMUSG00000108227,4933412L11Rik,,Mus musculus,10090
ENSMUSG00000108232,Gm43916,,Mus musculus,10090
ENSMUSG00000108236,0610033M10Rik,,Mus musculus,10090
ENSMUSG00000108238,Gm43984,,Mus musculus,10090
ENSMUSG00000108239,Gm19434,,Mus musculus,10090
ENSMUSG00000108242,9330118I20Rik,,Mus musculus,10090
ENSMUSG00000108345,4933435G04Rik,,Mus musculus,10090
ENSMUSG00000108348,Gm42372,,Mus musculus,10090
ENSMUSG00000108354,4931431B13Rik,,Mus musculus,10090
ENSMUSG00000108358,Gm44509,,Mus musculus,10090
ENSMUSG00000108379,A730082K24Rik,,Mus musculus,10090
ENSMUSG00000108382,4930448A20Rik,,Mus musculus,10090
ENSMUSG00000108393,Gm32633,,Mus musculus,10090
ENSMUSG00000108402,9430064I24Rik,,Mus musculus,10090
ENSMUSG00000108452,4930413G21Rik,,Mus musculus,10090
ENSMUSG00000108456,4732496C06Rik,,Mus musculus,10090
ENSMUSG00000108477,Gm44878,,Mus musculus,10090
ENSMUSG00000108481,Gm33248,,Mus musculus,10090
ENSMUSG00000108494,Gm45203,,Mus musculus,10090
ENSMUSG00000108519,4833421K07Rik,,Mus musculus,10090
ENSMUSG00000108523,4933430L12Rik,,Mus musculus,10090
ENSMUSG00000108524,Gm44876,,Mus musculus,10090
ENSMUSG00000108557,Gm44835,,Mus musculus,10090
ENSMUSG00000108576,Gm44778,,Mus musculus,10090
ENSMUSG00000108591,Particl,,Mus musculus,10090
ENSMUSG00000108603,5330411O13Rik,,Mus musculus,10090
ENSMUSG00000108624,Gm45091,,Mus musculus,10090
ENSMUSG00000108645,Gm44722,,Mus musculus,10090
ENSMUSG00000108652,0610006L08Rik,,Mus musculus,10090
ENSMUSG00000108671,2700080J24Rik,,Mus musculus,10090
ENSMUSG00000108688,Gm44985,,Mus musculus,10090
ENSMUSG00000108701,Gm44616,,Mus musculus,10090
ENSMUSG00000108709,4933431G14Rik,,Mus musculus,10090
ENSMUSG00000108723,Gm44837,,Mus musculus,10090
ENSMUSG00000108752,Gm45191,,Mus musculus,10090
ENSMUSG00000108778,Gm20083,,Mus musculus,10090
ENSMUSG00000108780,5430434F05Rik,,Mus musculus,10090
ENSMUSG00000108784,4930517G19Rik,,Mus musculus,10090
ENSMUSG00000108788,4921513I08Rik,,Mus musculus,10090
ENSMUSG00000108801,Gm39090,,Mus musculus,10090
ENSMUSG00000108811,4933432K03Rik,,Mus musculus,10090
ENSMUSG00000108821,4933423L19Rik,,Mus musculus,10090
ENSMUSG00000108826,4931412I15Rik,,Mus musculus,10090
ENSMUSG00000108830,Gm44661,,Mus musculus,10090
ENSMUSG00000108841,Frmpd2,,Mus musculus,10090
ENSMUSG00000108848,4933430N04Rik,,Mus musculus,10090
ENSMUSG00000108854,D830036C21Rik,,Mus musculus,10090
ENSMUSG00000108885,4930402F11Rik,,Mus musculus,10090
ENSMUSG00000108923,4933431C10Rik,,Mus musculus,10090
ENSMUSG00000108924,4933436H12Rik,,Mus musculus,10090
ENSMUSG00000108929,Cc2d2b,,Mus musculus,10090
ENSMUSG00000108935,4930588G17Rik,,Mus musculus,10090
ENSMUSG00000108941,D530014G21Rik,,Mus musculus,10090
ENSMUSG00000108950,9130015G15Rik,,Mus musculus,10090
ENSMUSG00000108985,A930030B08Rik,,Mus musculus,10090
ENSMUSG00000109015,Gm31024,,Mus musculus,10090
ENSMUSG00000109032,Gm7972,,Mus musculus,10090
ENSMUSG00000109089,4833411C07Rik,,Mus musculus,10090
ENSMUSG00000109093,Gm19950,,Mus musculus,10090
ENSMUSG00000109106,4933430H16Rik,,Mus musculus,10090
ENSMUSG00000109118,Gm32031,,Mus musculus,10090
ENSMUSG00000109122,A230103L15Rik,,Mus musculus,10090
ENSMUSG00000109147,4930431P19Rik,,Mus musculus,10090
ENSMUSG00000109162,2900027M19Rik,,Mus musculus,10090
ENSMUSG00000109190,Gm44621,,Mus musculus,10090
ENSMUSG00000109197,4933402C05Rik,,Mus musculus,10090
ENSMUSG00000109215,4930453L07Rik,,Mus musculus,10090
ENSMUSG00000109216,Gm44907,,Mus musculus,10090
ENSMUSG00000109225,4930513N20Rik,,Mus musculus,10090
ENSMUSG00000109237,9130214F15Rik,,Mus musculus,10090
ENSMUSG00000109242,A930002H02Rik,,Mus musculus,10090
ENSMUSG00000109251,E230032D23Rik,,Mus musculus,10090
ENSMUSG00000109277,Gm39121,,Mus musculus,10090
ENSMUSG00000109279,Gm45220,,Mus musculus,10090
ENSMUSG00000109284,B230311B06Rik,,Mus musculus,10090
ENSMUSG00000109286,Gm44541,,Mus musculus,10090
ENSMUSG00000109305,Smim38,,Mus musculus,10090
ENSMUSG00000109321,A330076H08Rik,,Mus musculus,10090
ENSMUSG00000109334,Gm44925,,Mus musculus,10090
ENSMUSG00000109341,Gm30873,,Mus musculus,10090
ENSMUSG00000109359,Gm44797,,Mus musculus,10090
ENSMUSG00000109367,Gm18782,,Mus musculus,10090
ENSMUSG00000109382,4930567K12Rik,,Mus musculus,10090
ENSMUSG00000109394,A230057D06Rik,,Mus musculus,10090
ENSMUSG00000109401,Cpeb1os1,,Mus musculus,10090
ENSMUSG00000109408,A930037H05Rik,,Mus musculus,10090
ENSMUSG00000109429,Gm45223,,Mus musculus,10090
ENSMUSG00000109438,Gm45073,,Mus musculus,10090
ENSMUSG00000109445,4930560O18Rik,,Mus musculus,10090
ENSMUSG00000109446,Gm9195,,Mus musculus,10090
ENSMUSG00000109453,4930405G09Rik,,Mus musculus,10090
ENSMUSG00000109481,Gm45130,,Mus musculus,10090
ENSMUSG00000109536,9330162G02Rik,,Mus musculus,10090
ENSMUSG00000109551,4930435N07Rik,,Mus musculus,10090
ENSMUSG00000109561,Ankrd31,,Mus musculus,10090
ENSMUSG00000109564,Muc16,,Mus musculus,10090
ENSMUSG00000109568,Gm45074,,Mus musculus,10090
ENSMUSG00000109582,4933439N14Rik,,Mus musculus,10090
ENSMUSG00000109625,3110080E11Rik,,Mus musculus,10090
ENSMUSG00000109708,Gm45809,,Mus musculus,10090
ENSMUSG00000109715,Gm45606,,Mus musculus,10090
ENSMUSG00000109718,Trim61,,Mus musculus,10090
ENSMUSG00000109745,1700018G05Rik,,Mus musculus,10090
ENSMUSG00000109764,Klkb1,,Mus musculus,10090
ENSMUSG00000109808,5430402P08Rik,,Mus musculus,10090
ENSMUSG00000109814,Gm45847,,Mus musculus,10090
ENSMUSG00000109816,4930483O08Rik,,Mus musculus,10090
ENSMUSG00000109864,Eid3,,Mus musculus,10090
ENSMUSG00000109877,Gm45609,,Mus musculus,10090
ENSMUSG00000109890,AU023762,,Mus musculus,10090
ENSMUSG00000109915,7420700N18Rik,,Mus musculus,10090
ENSMUSG00000109927,Gm45264,,Mus musculus,10090
ENSMUSG00000109936,Gm45889,,Mus musculus,10090
ENSMUSG00000109946,Brd3os,,Mus musculus,10090
ENSMUSG00000109953,5430430B14Rik,,Mus musculus,10090
ENSMUSG00000109998,Gm45437,,Mus musculus,10090
ENSMUSG00000110009,4930543E12Rik,,Mus musculus,10090
ENSMUSG00000110018,5430437J10Rik,,Mus musculus,10090
ENSMUSG00000110037,4930543N07Rik,,Mus musculus,10090
ENSMUSG00000110038,Gm45570,,Mus musculus,10090
ENSMUSG00000110052,1700020G03Rik,,Mus musculus,10090
ENSMUSG00000110067,6330411D24Rik,,Mus musculus,10090
ENSMUSG00000110116,4933430A20Rik,,Mus musculus,10090
ENSMUSG00000110120,Gm45251,,Mus musculus,10090
ENSMUSG00000110127,6430710M23Rik,,Mus musculus,10090
ENSMUSG00000110140,5430421F17Rik,,Mus musculus,10090
ENSMUSG00000110145,Gm45683,,Mus musculus,10090
ENSMUSG00000110148,5830408C22Rik,,Mus musculus,10090
ENSMUSG00000110162,Gm45356,,Mus musculus,10090
ENSMUSG00000110185,Igip,,Mus musculus,10090
ENSMUSG00000110243,Gm45631,,Mus musculus,10090
ENSMUSG00000110249,9330121K16Rik,,Mus musculus,10090
ENSMUSG00000110256,Gm45412,,Mus musculus,10090
ENSMUSG00000110316,Gm45311,,Mus musculus,10090
ENSMUSG00000110317,Gm45250,,Mus musculus,10090
ENSMUSG00000110332,Gm19935,,Mus musculus,10090
ENSMUSG00000110344,Gm45716,,Mus musculus,10090
ENSMUSG00000110357,A030001D20Rik,,Mus musculus,10090
ENSMUSG00000110358,A730009L09Rik,,Mus musculus,10090
ENSMUSG00000110410,4933421D24Rik,,Mus musculus,10090
ENSMUSG00000110419,AW046200,,Mus musculus,10090
ENSMUSG00000110424,1700012D14Rik,,Mus musculus,10090
ENSMUSG00000110427,4933406B17Rik,,Mus musculus,10090
ENSMUSG00000110444,Gm10033,,Mus musculus,10090
ENSMUSG00000110445,Gm45747,,Mus musculus,10090
ENSMUSG00000110464,1700061N14Rik,,Mus musculus,10090
ENSMUSG00000110476,4930422C21Rik,,Mus musculus,10090
ENSMUSG00000110497,9230110F11Rik,,Mus musculus,10090
ENSMUSG00000110523,C230057M02Rik,,Mus musculus,10090
ENSMUSG00000110573,Gm5485,,Mus musculus,10090
ENSMUSG00000110592,4930488N15Rik,,Mus musculus,10090
ENSMUSG00000110615,Gm45890,,Mus musculus,10090
ENSMUSG00000110631,Gm42047,,Mus musculus,10090
ENSMUSG00000110697,Gm31718,,Mus musculus,10090
ENSMUSG00000110709,1700018P08Rik,,Mus musculus,10090
ENSMUSG00000110737,4930444F02Rik,,Mus musculus,10090
ENSMUSG00000110738,Gm47092,,Mus musculus,10090
ENSMUSG00000110851,Gm48902,,Mus musculus,10090
ENSMUSG00000110876,4933411E02Rik,,Mus musculus,10090
ENSMUSG00000110877,Gm47427,,Mus musculus,10090
ENSMUSG00000110945,Gm9856,,Mus musculus,10090
ENSMUSG00000110958,Gm33332,,Mus musculus,10090
ENSMUSG00000110972,5830462O15Rik,,Mus musculus,10090
ENSMUSG00000110997,2610028D06Rik,,Mus musculus,10090
ENSMUSG00000111008,Gm31562,,Mus musculus,10090
ENSMUSG00000111030,Gm47234,,Mus musculus,10090
ENSMUSG00000111067,Gm48714,,Mus musculus,10090
ENSMUSG00000111080,Gm20300,,Mus musculus,10090
ENSMUSG00000111131,9930024M15Rik,,Mus musculus,10090
ENSMUSG00000111246,4930517E14Rik,,Mus musculus,10090
ENSMUSG00000111278,Gm32743,,Mus musculus,10090
ENSMUSG00000111342,4933404K13Rik,,Mus musculus,10090
ENSMUSG00000111345,Gm48562,,Mus musculus,10090
ENSMUSG00000111358,2900078I11Rik,,Mus musculus,10090
ENSMUSG00000111369,Gm47043,,Mus musculus,10090
ENSMUSG00000111375,Btbd8,,Mus musculus,10090
ENSMUSG00000111390,Gm48796,,Mus musculus,10090
ENSMUSG00000111422,1700027J07Rik,,Mus musculus,10090
ENSMUSG00000111444,Gm47923,,Mus musculus,10090
ENSMUSG00000111468,5033425B01Rik,,Mus musculus,10090
ENSMUSG00000111474,Gm32926,,Mus musculus,10090
ENSMUSG00000111481,Gm47652,,Mus musculus,10090
ENSMUSG00000111487,1700092E16Rik,,Mus musculus,10090
ENSMUSG00000111531,Gm32688,,Mus musculus,10090
ENSMUSG00000111547,Gm48069,,Mus musculus,10090
ENSMUSG00000111605,4632418H02Rik,,Mus musculus,10090
ENSMUSG00000111629,4930442G15Rik,,Mus musculus,10090
ENSMUSG00000111639,1700019L13Rik,,Mus musculus,10090
ENSMUSG00000111690,Gm48720,,Mus musculus,10090
ENSMUSG00000111729,Gm48038,,Mus musculus,10090
ENSMUSG00000111746,4933422A05Rik,,Mus musculus,10090
ENSMUSG00000111761,9230112J17Rik,,Mus musculus,10090
ENSMUSG00000111807,4933433G08Rik,,Mus musculus,10090
ENSMUSG00000111836,4933407I05Rik,,Mus musculus,10090
ENSMUSG00000111856,6530413G14Rik,,Mus musculus,10090
ENSMUSG00000111866,E130101E03Rik,,Mus musculus,10090
ENSMUSG00000111901,Gm6150,,Mus musculus,10090
ENSMUSG00000111903,4930458K08Rik,,Mus musculus,10090
ENSMUSG00000111905,Gm48045,,Mus musculus,10090
ENSMUSG00000111924,4930556N09Rik,,Mus musculus,10090
ENSMUSG00000111938,2900045O20Rik,,Mus musculus,10090
ENSMUSG00000111977,Gm47163,,Mus musculus,10090
ENSMUSG00000111990,Gm47033,,Mus musculus,10090
ENSMUSG00000111994,A330049N07Rik,,Mus musculus,10090
ENSMUSG00000112041,9530020I12Rik,,Mus musculus,10090
ENSMUSG00000112067,Gm48015,,Mus musculus,10090
ENSMUSG00000112071,5430401H09Rik,,Mus musculus,10090
ENSMUSG00000112096,A430103D13Rik,,Mus musculus,10090
ENSMUSG00000112103,Gm47018,,Mus musculus,10090
ENSMUSG00000112117,Rmst,,Mus musculus,10090
ENSMUSG00000112121,C230072F16Rik,,Mus musculus,10090
ENSMUSG00000112141,4930563J15Rik,,Mus musculus,10090
ENSMUSG00000112157,4930545H06Rik,,Mus musculus,10090
ENSMUSG00000112164,Gm19990,,Mus musculus,10090
ENSMUSG00000112201,4930532I03Rik,,Mus musculus,10090
ENSMUSG00000112213,4930555G07Rik,,Mus musculus,10090
ENSMUSG00000112243,Gm47342,,Mus musculus,10090
ENSMUSG00000112248,Gm47910,,Mus musculus,10090
ENSMUSG00000112275,Gm47078,,Mus musculus,10090
ENSMUSG00000112280,A830082N09Rik,,Mus musculus,10090
ENSMUSG00000112287,Gm47024,,Mus musculus,10090
ENSMUSG00000112289,1110019B22Rik,,Mus musculus,10090
ENSMUSG00000112294,Gm4129,,Mus musculus,10090
ENSMUSG00000112302,Gm48226,,Mus musculus,10090
ENSMUSG00000112332,4930466K18Rik,,Mus musculus,10090
ENSMUSG00000112347,Gm47257,,Mus musculus,10090
ENSMUSG00000112364,4930503E24Rik,,Mus musculus,10090
ENSMUSG00000112366,C730027H18Rik,,Mus musculus,10090
ENSMUSG00000112388,AI463170,,Mus musculus,10090
ENSMUSG00000112398,9230102K24Rik,,Mus musculus,10090
ENSMUSG00000112406,4921515L22Rik,,Mus musculus,10090
ENSMUSG00000112417,A430028G04Rik,,Mus musculus,10090
ENSMUSG00000112421,4933406B15Rik,,Mus musculus,10090
ENSMUSG00000112482,1700025K04Rik,,Mus musculus,10090
ENSMUSG00000112484,4930473O22Rik,,Mus musculus,10090
ENSMUSG00000112494,4930444K16Rik,,Mus musculus,10090
ENSMUSG00000112500,4933411E08Rik,,Mus musculus,10090
ENSMUSG00000112513,4930422I22Rik,,Mus musculus,10090
ENSMUSG00000112623,4933436P19Rik,,Mus musculus,10090
ENSMUSG00000112627,4933412E12Rik,,Mus musculus,10090
ENSMUSG00000112654,4930455C13Rik,,Mus musculus,10090
ENSMUSG00000112709,Gm19395,,Mus musculus,10090
ENSMUSG00000112716,4930471E19Rik,,Mus musculus,10090
ENSMUSG00000112734,Gm47644,,Mus musculus,10090
ENSMUSG00000112762,4930459C07Rik,,Mus musculus,10090
ENSMUSG00000112765,9430078K24Rik,,Mus musculus,10090
ENSMUSG00000112785,Gm47645,,Mus musculus,10090
ENSMUSG00000112822,A130012E19Rik,,Mus musculus,10090
ENSMUSG00000112828,Gm48495,,Mus musculus,10090
ENSMUSG00000112832,4930484H19Rik,,Mus musculus,10090
ENSMUSG00000112846,4930432O09Rik,,Mus musculus,10090
ENSMUSG00000112854,Gm38403,,Mus musculus,10090
ENSMUSG00000112873,Gm48877,,Mus musculus,10090
ENSMUSG00000112913,Gm30853,,Mus musculus,10090
ENSMUSG00000112922,Gm47572,,Mus musculus,10090
ENSMUSG00000112924,4930579P08Rik,,Mus musculus,10090
ENSMUSG00000112940,4930511J24Rik,,Mus musculus,10090
ENSMUSG00000112980,D430020J02Rik,,Mus musculus,10090
ENSMUSG00000113009,3732407C23Rik,,Mus musculus,10090
ENSMUSG00000113029,Gm40578,,Mus musculus,10090
ENSMUSG00000113035,5830428M24Rik,,Mus musculus,10090
ENSMUSG00000113052,Gm31513,,Mus musculus,10090
ENSMUSG00000113056,6030440G07Rik,,Mus musculus,10090
ENSMUSG00000113087,4930473H19Rik,,Mus musculus,10090
ENSMUSG00000113106,Gm47139,,Mus musculus,10090
ENSMUSG00000113121,Gm35161,,Mus musculus,10090
ENSMUSG00000113128,Gm47813,,Mus musculus,10090
ENSMUSG00000113170,Gm36839,,Mus musculus,10090
ENSMUSG00000113184,Gm49654,,Mus musculus,10090
ENSMUSG00000113204,Gm46430,,Mus musculus,10090
ENSMUSG00000113210,4930474N09Rik,,Mus musculus,10090
ENSMUSG00000113211,4921525O09Rik,,Mus musculus,10090
ENSMUSG00000113218,4933409F18Rik,,Mus musculus,10090
ENSMUSG00000113227,4933433N18Rik,,Mus musculus,10090
ENSMUSG00000113302,Gm32219,,Mus musculus,10090
ENSMUSG00000113303,4930423D22Rik,,Mus musculus,10090
ENSMUSG00000113326,Gm47586,,Mus musculus,10090
ENSMUSG00000113331,3110009F21Rik,,Mus musculus,10090
ENSMUSG00000113334,D030007L05Rik,,Mus musculus,10090
ENSMUSG00000113346,Eprn,,Mus musculus,10090
ENSMUSG00000113361,B930059L03Rik,,Mus musculus,10090
ENSMUSG00000113425,Gm48653,,Mus musculus,10090
ENSMUSG00000113427,Gm46378,,Mus musculus,10090
ENSMUSG00000113432,8430406P12Rik,,Mus musculus,10090
ENSMUSG00000113434,3200001D21Rik,,Mus musculus,10090
ENSMUSG00000113440,Gm46404,,Mus musculus,10090
ENSMUSG00000113441,Gm40438,,Mus musculus,10090
ENSMUSG00000113449,Gm48073,,Mus musculus,10090
ENSMUSG00000113470,4930448F12Rik,,Mus musculus,10090
ENSMUSG00000113527,Gm48079,,Mus musculus,10090
ENSMUSG00000113535,AU015791,,Mus musculus,10090
ENSMUSG00000113540,Gm47206,,Mus musculus,10090
ENSMUSG00000113544,4833405L11Rik,,Mus musculus,10090
ENSMUSG00000113575,A930023M06Rik,,Mus musculus,10090
ENSMUSG00000113581,Dio3os,,Mus musculus,10090
ENSMUSG00000113585,Gm19605,,Mus musculus,10090
ENSMUSG00000113589,Gm48374,,Mus musculus,10090
ENSMUSG00000113605,4930425K24Rik,,Mus musculus,10090
ENSMUSG00000113621,2900060N12Rik,,Mus musculus,10090
ENSMUSG00000113623,Gm48691,,Mus musculus,10090
ENSMUSG00000113647,Gm47210,,Mus musculus,10090
ENSMUSG00000113652,4930518P08Rik,,Mus musculus,10090
ENSMUSG00000113669,Gm36723,,Mus musculus,10090
ENSMUSG00000113695,9330159N22Rik,,Mus musculus,10090
ENSMUSG00000113696,1700015C15Rik,,Mus musculus,10090
ENSMUSG00000113701,B230303A05Rik,,Mus musculus,10090
ENSMUSG00000113722,Snhg10,,Mus musculus,10090
ENSMUSG00000113761,Gm4263,,Mus musculus,10090
ENSMUSG00000113769,5033406O09Rik,,Mus musculus,10090
ENSMUSG00000113771,Gm36529,,Mus musculus,10090
ENSMUSG00000113791,Gm47216,,Mus musculus,10090
ENSMUSG00000113800,2210039B01Rik,,Mus musculus,10090
ENSMUSG00000113802,4933416O17Rik,,Mus musculus,10090
ENSMUSG00000113925,Gm7544,,Mus musculus,10090
ENSMUSG00000113927,5330409N07Rik,,Mus musculus,10090
ENSMUSG00000113960,4933412O06Rik,,Mus musculus,10090
ENSMUSG00000113965,A730091E23Rik,,Mus musculus,10090
ENSMUSG00000113973,A030014E15Rik,,Mus musculus,10090
ENSMUSG00000113974,4930442G10Rik,,Mus musculus,10090
ENSMUSG00000113985,9130015A21Rik,,Mus musculus,10090
ENSMUSG00000114010,Gm47432,,Mus musculus,10090
ENSMUSG00000114019,Gm47155,,Mus musculus,10090
ENSMUSG00000114028,9630002D21Rik,,Mus musculus,10090
ENSMUSG00000114045,Gm34220,,Mus musculus,10090
ENSMUSG00000114048,4930549C15Rik,,Mus musculus,10090
ENSMUSG00000114069,E130119H09Rik,,Mus musculus,10090
ENSMUSG00000114104,Gm47585,,Mus musculus,10090
ENSMUSG00000114136,4921511I17Rik,,Mus musculus,10090
ENSMUSG00000114143,Gm48548,,Mus musculus,10090
ENSMUSG00000114190,4930556H04Rik,,Mus musculus,10090
ENSMUSG00000114210,A330084C13Rik,,Mus musculus,10090
ENSMUSG00000114256,Gm29844,,Mus musculus,10090
ENSMUSG00000114282,5330431K02Rik,,Mus musculus,10090
ENSMUSG00000114284,9630015K15Rik,,Mus musculus,10090
ENSMUSG00000114290,4930435F18Rik,,Mus musculus,10090
ENSMUSG00000114303,Gm4022,,Mus musculus,10090
ENSMUSG00000114306,Gm3227,,Mus musculus,10090
ENSMUSG00000114307,4930526H09Rik,,Mus musculus,10090
ENSMUSG00000114337,Gm48704,,Mus musculus,10090
ENSMUSG00000114342,4921520N01Rik,,Mus musculus,10090
ENSMUSG00000114352,4931407E12Rik,,Mus musculus,10090
ENSMUSG00000114362,4933433G19Rik,,Mus musculus,10090
ENSMUSG00000114372,2310067P03Rik,,Mus musculus,10090
ENSMUSG00000114382,Gm4814,,Mus musculus,10090
ENSMUSG00000114384,4930455J16Rik,,Mus musculus,10090
ENSMUSG00000114388,Gm48510,,Mus musculus,10090
ENSMUSG00000114511,0710001A04Rik,,Mus musculus,10090
ENSMUSG00000114518,Gm48208,,Mus musculus,10090
ENSMUSG00000114598,D130062J10Rik,,Mus musculus,10090
ENSMUSG00000114605,C130051F05Rik,,Mus musculus,10090
ENSMUSG00000114621,Gm31107,,Mus musculus,10090
ENSMUSG00000114655,4631422I05Rik,,Mus musculus,10090
ENSMUSG00000114656,2810403G07Rik,,Mus musculus,10090
ENSMUSG00000114680,Gm47202,,Mus musculus,10090
ENSMUSG00000114693,Gm41177,,Mus musculus,10090
ENSMUSG00000114710,Gm40923,,Mus musculus,10090
ENSMUSG00000114746,4933436N17Rik,,Mus musculus,10090
ENSMUSG00000114751,5430425E15Rik,,Mus musculus,10090
ENSMUSG00000114771,Gm49064,,Mus musculus,10090
ENSMUSG00000114787,4930455M05Rik,,Mus musculus,10090
ENSMUSG00000114790,4921509O07Rik,,Mus musculus,10090
ENSMUSG00000114837,Gm48090,,Mus musculus,10090
ENSMUSG00000114882,Gm48581,,Mus musculus,10090
ENSMUSG00000114892,Gm5463,,Mus musculus,10090
ENSMUSG00000114907,Gm47794,,Mus musculus,10090
ENSMUSG00000114922,Ppifos,,Mus musculus,10090
ENSMUSG00000114980,4933432I03Rik,,Mus musculus,10090
ENSMUSG00000114985,1810028F09Rik,,Mus musculus,10090
ENSMUSG00000115001,4930474H20Rik,,Mus musculus,10090
ENSMUSG00000115007,5830448L01Rik,,Mus musculus,10090
ENSMUSG00000115008,4933429O19Rik,,Mus musculus,10090
ENSMUSG00000115044,Gm48978,,Mus musculus,10090
ENSMUSG00000115062,4930544F09Rik,,Mus musculus,10090
ENSMUSG00000115095,Gm49311,,Mus musculus,10090
ENSMUSG00000115109,Gm49032,,Mus musculus,10090
ENSMUSG00000115118,Gm36617,,Mus musculus,10090
ENSMUSG00000115124,Gm49201,,Mus musculus,10090
ENSMUSG00000115139,Gm4251,,Mus musculus,10090
ENSMUSG00000115161,Gm20555,,Mus musculus,10090
ENSMUSG00000115177,4930523O13Rik,,Mus musculus,10090
ENSMUSG00000115222,Gm49747,,Mus musculus,10090
ENSMUSG00000115231,4930402D18Rik,,Mus musculus,10090
ENSMUSG00000115263,Gm5089,,Mus musculus,10090
ENSMUSG00000115270,5430430K15Rik,,Mus musculus,10090
ENSMUSG00000115271,4930529K09Rik,,Mus musculus,10090
ENSMUSG00000115275,9630050E16Rik,,Mus musculus,10090
ENSMUSG00000115276,9930017N22Rik,,Mus musculus,10090
ENSMUSG00000115304,4930434J06Rik,,Mus musculus,10090
ENSMUSG00000115311,Gm35823,,Mus musculus,10090
ENSMUSG00000115317,Gm32618,,Mus musculus,10090
ENSMUSG00000115320,4930524C18Rik,,Mus musculus,10090
ENSMUSG00000115337,4930570B17Rik,,Mus musculus,10090
ENSMUSG00000115355,4930445E18Rik,,Mus musculus,10090
ENSMUSG00000115372,1700100I10Rik,,Mus musculus,10090
ENSMUSG00000115410,2810457G06Rik,,Mus musculus,10090
ENSMUSG00000115422,4930452G13Rik,,Mus musculus,10090
ENSMUSG00000115480,Gm49249,,Mus musculus,10090
ENSMUSG00000115518,Gm10791,,Mus musculus,10090
ENSMUSG00000115520,Gm41335,,Mus musculus,10090
ENSMUSG00000115526,4930413F20Rik,,Mus musculus,10090
ENSMUSG00000115529,9630013A20Rik,,Mus musculus,10090
ENSMUSG00000115540,4930597G03Rik,,Mus musculus,10090
ENSMUSG00000115548,5430440P10Rik,,Mus musculus,10090
ENSMUSG00000115596,Gm48969,,Mus musculus,10090
ENSMUSG00000115665,4933425B07Rik,,Mus musculus,10090
ENSMUSG00000115676,4930449C09Rik,,Mus musculus,10090
ENSMUSG00000115689,4930435M08Rik,,Mus musculus,10090
ENSMUSG00000115725,4930572G02Rik,,Mus musculus,10090
ENSMUSG00000115727,4930432J09Rik,,Mus musculus,10090
ENSMUSG00000115774,4933431J24Rik,,Mus musculus,10090
ENSMUSG00000115779,4930592A05Rik,,Mus musculus,10090
ENSMUSG00000115790,9530086P17Rik,,Mus musculus,10090
ENSMUSG00000115810,Gm49066,,Mus musculus,10090
ENSMUSG00000115821,6330576A10Rik,,Mus musculus,10090
ENSMUSG00000115829,Gm48960,,Mus musculus,10090
ENSMUSG00000115837,9130002K18Rik,,Mus musculus,10090
ENSMUSG00000115845,4933402J15Rik,,Mus musculus,10090
ENSMUSG00000115858,4930588J15Rik,,Mus musculus,10090
ENSMUSG00000115867,Gm17753,,Mus musculus,10090
ENSMUSG00000115924,Gm19277,,Mus musculus,10090
ENSMUSG00000115935,4930573C08Rik,,Mus musculus,10090
ENSMUSG00000115969,Gm46519,,Mus musculus,10090
ENSMUSG00000115970,8430426J06Rik,,Mus musculus,10090
ENSMUSG00000115976,Gm31462,,Mus musculus,10090
ENSMUSG00000115988,Gm49441,,Mus musculus,10090
ENSMUSG00000116004,Gm49539,,Mus musculus,10090
ENSMUSG00000116066,Gm49477,,Mus musculus,10090
ENSMUSG00000116096,4933404G15Rik,,Mus musculus,10090
ENSMUSG00000116145,5730521K06Rik,,Mus musculus,10090
ENSMUSG00000116167,4930504C09Rik,,Mus musculus,10090
ENSMUSG00000116298,4833412C15Rik,,Mus musculus,10090
ENSMUSG00000116360,9430014N10Rik,,Mus musculus,10090
ENSMUSG00000116396,Gm20556,,Mus musculus,10090
ENSMUSG00000116397,Gm49525,,Mus musculus,10090
ENSMUSG00000116506,5730414N17Rik,,Mus musculus,10090
ENSMUSG00000116508,Gm49463,,Mus musculus,10090
ENSMUSG00000116520,4930414F18Rik,,Mus musculus,10090
ENSMUSG00000116537,Gm49698,,Mus musculus,10090
ENSMUSG00000116554,4930563N14Rik,,Mus musculus,10090
ENSMUSG00000116557,4933432I09Rik,,Mus musculus,10090
ENSMUSG00000116607,4930534H18Rik,,Mus musculus,10090
ENSMUSG00000116624,Gm49706,,Mus musculus,10090
ENSMUSG00000116628,4930478L05Rik,,Mus musculus,10090
ENSMUSG00000116632,Magef1,,Mus musculus,10090
ENSMUSG00000116644,4933426B08Rik,,Mus musculus,10090
ENSMUSG00000116652,B830017H08Rik,,Mus musculus,10090
ENSMUSG00000116657,Gm49774,,Mus musculus,10090
ENSMUSG00000116660,9030404E10Rik,,Mus musculus,10090
ENSMUSG00000116689,4930405D01Rik,,Mus musculus,10090
ENSMUSG00000116693,Gm29805,,Mus musculus,10090
ENSMUSG00000116730,4930403O18Rik,,Mus musculus,10090
ENSMUSG00000116755,6430553K19Rik,,Mus musculus,10090
ENSMUSG00000116786,4930570E03Rik,,Mus musculus,10090
ENSMUSG00000116789,Gm49579,,Mus musculus,10090
ENSMUSG00000116795,Gm49600,,Mus musculus,10090
ENSMUSG00000116813,4930579D07Rik,,Mus musculus,10090
ENSMUSG00000116832,Gm49658,,Mus musculus,10090
ENSMUSG00000116848,4930542D17Rik,,Mus musculus,10090
ENSMUSG00000116877,4921517D16Rik,,Mus musculus,10090
ENSMUSG00000116885,4930420G21Rik,,Mus musculus,10090
ENSMUSG00000116898,Gm49785,,Mus musculus,10090
ENSMUSG00000116922,4833419O12Rik,,Mus musculus,10090
ENSMUSG00000116924,4933401D09Rik,,Mus musculus,10090
ENSMUSG00000116975,4930470H14Rik,,Mus musculus,10090
ENSMUSG00000116993,Gm32461,,Mus musculus,10090
ENSMUSG00000117000,Gm32509,,Mus musculus,10090
ENSMUSG00000117013,Gm30531,,Mus musculus,10090
ENSMUSG00000117026,C87487,,Mus musculus,10090
ENSMUSG00000117050,1700023B13Rik,,Mus musculus,10090
ENSMUSG00000117080,1700063J08Rik,,Mus musculus,10090
ENSMUSG00000117093,Gm49949,,Mus musculus,10090
ENSMUSG00000117113,Gm49883,,Mus musculus,10090
ENSMUSG00000117146,Fut4-ps1,,Mus musculus,10090
ENSMUSG00000117172,A230051N06Rik,,Mus musculus,10090
ENSMUSG00000117235,Gm49938,,Mus musculus,10090
ENSMUSG00000117286,Gm1043,,Mus musculus,10090
ENSMUSG00000117289,1700093J21Rik,,Mus musculus,10090
ENSMUSG00000117314,C030013G03Rik,,Mus musculus,10090
ENSMUSG00000117315,1600022D10Rik,,Mus musculus,10090
ENSMUSG00000117322,6330415G19Rik,,Mus musculus,10090
ENSMUSG00000117326,4930564C03Rik,,Mus musculus,10090
ENSMUSG00000117333,Gm16386,,Mus musculus,10090
ENSMUSG00000117383,4930415O11Rik,,Mus musculus,10090
ENSMUSG00000117391,4930500A05Rik,,Mus musculus,10090
ENSMUSG00000117437,Gm33727,,Mus musculus,10090
ENSMUSG00000117442,1810073O08Rik,,Mus musculus,10090
ENSMUSG00000117450,4933424G05Rik,,Mus musculus,10090
ENSMUSG00000117475,Gm7788,,Mus musculus,10090
ENSMUSG00000117485,Gm19696,,Mus musculus,10090
ENSMUSG00000117534,Gm20161,,Mus musculus,10090
ENSMUSG00000117571,4933433H22Rik,,Mus musculus,10090
ENSMUSG00000117592,Gm46603,,Mus musculus,10090
ENSMUSG00000117600,Gm50094,,Mus musculus,10090
ENSMUSG00000117613,Gm2629,,Mus musculus,10090
ENSMUSG00000117619,Gm50079,,Mus musculus,10090
ENSMUSG00000117628,Gm50012,,Mus musculus,10090
ENSMUSG00000117633,8430422H06Rik,,Mus musculus,10090
ENSMUSG00000117634,Gm50069,,Mus musculus,10090
ENSMUSG00000117650,4933435E02Rik,,Mus musculus,10090
ENSMUSG00000117655,6720468P15Rik,,Mus musculus,10090
ENSMUSG00000117661,4931439C15Rik,,Mus musculus,10090
ENSMUSG00000117662,Gm4013,,Mus musculus,10090
ENSMUSG00000117666,Gm550,,Mus musculus,10090
ENSMUSG00000117692,Gm50114,,Mus musculus,10090
ENSMUSG00000117698,BC037704,,Mus musculus,10090
ENSMUSG00000117725,Gm50240,,Mus musculus,10090
ENSMUSG00000117763,9830166K06Rik,,Mus musculus,10090
ENSMUSG00000117768,8030456M14Rik,,Mus musculus,10090
ENSMUSG00000117775,Gm50462,,Mus musculus,10090
ENSMUSG00000117786,Gm10503,,Mus musculus,10090
ENSMUSG00000117792,4930588A03Rik,,Mus musculus,10090
ENSMUSG00000117797,2900057B20Rik,,Mus musculus,10090
ENSMUSG00000117800,1700122C19Rik,,Mus musculus,10090
ENSMUSG00000117811,Gm29677,,Mus musculus,10090
ENSMUSG00000117814,Gm50431,,Mus musculus,10090
ENSMUSG00000117827,D730002M21Rik,,Mus musculus,10090
ENSMUSG00000117852,4930471G03Rik,,Mus musculus,10090
ENSMUSG00000117861,1810058N15Rik,,Mus musculus,10090
ENSMUSG00000117864,Gm19500,,Mus musculus,10090
ENSMUSG00000117872,A530088E08Rik,,Mus musculus,10090
ENSMUSG00000117926,C030004G16Rik,,Mus musculus,10090
ENSMUSG00000117975,Itprip,,Mus musculus,10090
ENSMUSG00000118004,BC026513,,Mus musculus,10090
ENSMUSG00000118014,4930535F04Rik,,Mus musculus,10090
ENSMUSG00000118018,AC156546.1,,Mus musculus,10090
ENSMUSG00000118029,AC132288.1,,Mus musculus,10090
ENSMUSG00000118038,Gm9895,,Mus musculus,10090
ENSMUSG00000118049,Gm50103,,Mus musculus,10090
ENSMUSG00000118060,4933401L05Rik,,Mus musculus,10090
ENSMUSG00000118084,AA388235,,Mus musculus,10090
ENSMUSG00000118087,4833438C02Rik,,Mus musculus,10090
ENSMUSG00000118094,AC142100.1,,Mus musculus,10090
ENSMUSG00000118103,4933434P08Rik,,Mus musculus,10090
ENSMUSG00000118106,AC115752.1,,Mus musculus,10090
ENSMUSG00000118138,Gm50322,,Mus musculus,10090
ENSMUSG00000118202,C030017B01Rik,,Mus musculus,10090
ENSMUSG00000118204,4930414N06Rik,,Mus musculus,10090
ENSMUSG00000118216,Gm19784,,Mus musculus,10090
ENSMUSG00000118219,Gm29695,,Mus musculus,10090
ENSMUSG00000118239,Gm50107,,Mus musculus,10090
ENSMUSG00000118267,G630055G22Rik,,Mus musculus,10090
ENSMUSG00000118310,Gm50268,,Mus musculus,10090
ENSMUSG00000118322,2210409D07Rik,,Mus musculus,10090
ENSMUSG00000118326,Gm8887,,Mus musculus,10090
ENSMUSG00000118333,4921531P14Rik,,Mus musculus,10090
ENSMUSG00000118339,4930592I03Rik,,Mus musculus,10090
ENSMUSG00000118365,Gm41724,,Mus musculus,10090
ENSMUSG00000118366,9130016M20Rik,,Mus musculus,10090
ENSMUSG00000118384,9030625G05Rik,,Mus musculus,10090
ENSMUSG00000118423,Lrrc70,,Mus musculus,10090
