Gene ID	Gene Name	Design Element	g5_g7.p-value	g5_g7.t-statistic	g5_g7.log2foldchange	g6_g8.p-value	g6_g8.t-statistic	g6_g8.log2foldchange
ENSMUSG00000000037	Scml2	1456984_at	NA	0.845391056844077	0.1	NA	1.46824342831786	0.1
ENSMUSG00000000078	Klf6	1447448_s_at	NA	-0.649791234963856	-0.1	0.324343080679195	1.27734913901036	0.2
ENSMUSG00000000085	Scmh1	1439554_at	NA	0.0864810392968776	0	NA	-0.685339437980716	-0.1
ENSMUSG00000000094	Tbx4	1456033_at	NA	-0.720691959678308	-0.1	NA	1.52587902320822	0.1
ENSMUSG00000000126	Wnt9a	1436978_at	0.0522785368374971	-3.34023392004111	-0.5	0.0172217820286594	-3.83244719044018	-0.3
ENSMUSG00000000134	Tfe3	1434318_a_at	NA	1.93537818344365	0.2	NA	0.643447454590041	0.1
ENSMUSG00000000157	Itgb2l	1433053_at	NA	0.76091250791105	0.1	NA	-1.24930776938414	-0.1
ENSMUSG00000000167	Pih1d2	1429936_at	NA	-0.323833467317754	0	NA	0.871520428786619	0.1
ENSMUSG00000000194	Gpr107	1434086_at	NA	-0.434143012255495	-0.1	NA	0.218036676868616	0
ENSMUSG00000000197	Nalcn	1448083_at	NA	0.243714533561602	0	NA	-0.721149411283406	-0.1
ENSMUSG00000000223	Drp2	1440452_at	NA	1.19543036990886	0.2	NA	-1.22543861991216	-0.1
ENSMUSG00000000244	Tspan32	1431289_at	NA	-0.311282465773168	0	NA	-0.218304239271146	0
ENSMUSG00000000263	Glra1	1437139_at	NA	-0.728369949917375	-0.1	NA	2.13426934817163	0.2
ENSMUSG00000000276	Dgke	1438078_at	NA	2.69649026891417	0.4	NA	-0.775554249616665	-0.1
ENSMUSG00000000305	Cdh4	1456397_at	NA	-1.21454787651767	-0.2	NA	0.149783299550645	0
ENSMUSG00000000365	Rnf17	1459275_at	NA	0.502208301944229	0.1	NA	-0.29603645945123	0
ENSMUSG00000000384	Tbrg4	1442793_s_at	NA	-1.19247056329338	-0.2	0.000801574578615643	-7.05891871711896	-0.7
ENSMUSG00000000385	Tmprss2	1459510_at	NA	1.71523607556223	0.2	NA	-0.00361035883501336	0
ENSMUSG00000000416	Cttnbp2	1435435_at	NA	-1.16526047854858	-0.1	NA	-0.581720581767015	0
ENSMUSG00000000530	Acvrl1	1435825_at	NA	-1.62878526730134	-0.2	NA	-0.260414954599212	0
ENSMUSG00000000531	Grasp	1441894_s_at	0.141888007932711	2.3234915271672	0.5	NA	1.61410982225462	0.1
ENSMUSG00000000538	Tom1l2	1434385_at	NA	0.586792559345094	0.1	NA	0.170550869381668	0
ENSMUSG00000000560	Gabra2	1443865_at	NA	-0.804196798416935	-0.1	NA	-0.423784859555839	0
ENSMUSG00000000562	Adora3	1430482_at	NA	-0.897999853440767	-0.1	NA	-0.325360140779216	0
ENSMUSG00000000568	Hnrnpd	1457568_at	0.236312198366426	1.81028457880936	0.3	NA	-1.63801268830242	-0.1
ENSMUSG00000000594	Gm2a	1442203_at	NA	3.38811439609564	0.4	0.000807777312098573	7.0387563008562	0.6
ENSMUSG00000000600	Krit1	1428729_at	NA	1.26428793932852	0.1	NA	1.88595442020966	0.1
ENSMUSG00000000627	Sema4f	1439768_x_at	NA	-1.34696144051267	-0.2	NA	-0.892245664035967	-0.1
ENSMUSG00000000686	Abhd15	1445506_at	NA	0.393241236869346	0.1	NA	-0.297388406461616	0
ENSMUSG00000000711	Rab5b	1437446_at	NA	1.514520071034	0.2	NA	0.515727710015391	0
ENSMUSG00000000766	Oprm1	1459402_at	NA	-1.08240295981296	-0.1	NA	-0.760797406151366	-0.1
ENSMUSG00000000792	Slc5a5	1436239_at	0.0770212293261281	2.94634962785759	0.5	NA	-1.47621585338966	-0.1
ENSMUSG00000000804	Usp32	1436159_at	0.355053956401797	1.33084679662908	0.3	0.593927756912568	0.711331981398621	0.1
ENSMUSG00000000823	Zfp512b	1436184_at	NA	1.1362926842738	0.1	NA	0.877802159288055	0.1
ENSMUSG00000000861	Bcl11a	1457072_at	NA	0.0501258506559817	0	NA	-2.633023386913	-0.2
ENSMUSG00000000876	Pxmp4	1455438_at	NA	2.48683542657524	0.3	NA	1.71447297669497	0.1
ENSMUSG00000000916	Nsun5	1434289_at	NA	-0.846868875595085	-0.1	NA	-1.4091721172192	-0.1
ENSMUSG00000000958	Slc7a7	1447181_s_at	NA	-1.0084526541594	-0.1	NA	0.916658085076783	0.1
ENSMUSG00000000959	Oxa1l	1456845_at	NA	0.748878459954781	0.1	NA	0.845699439866403	0.1
ENSMUSG00000000976	Heatr6	1439601_at	NA	0.704634168669798	0.1	NA	0.272951741299768	0
ENSMUSG00000001018	Snapin	1415756_a_at	NA	-0.986467778326131	-0.1	0.00137930144198861	6.40932369415546	0.9
ENSMUSG00000001036	Epn2	1433915_s_at	0.283961318534098	1.5967018437305	0.4	NA	-1.10401264443357	-0.1
ENSMUSG00000001065	Zfp276	1444934_at	NA	-0.230521203137689	0	NA	-1.8350906898137	-0.1
ENSMUSG00000001103	Sebox	1457946_at	NA	-0.264420268085808	0	NA	1.28125557395423	0.1
ENSMUSG00000001127	Araf	1435566_s_at	NA	-0.569470547705391	-0.1	0.768331457144244	0.399307334401227	0
ENSMUSG00000001143	Lman2l	1435475_at	0.0245191925946531	-4.18055263594726	-0.7	NA	0.0407221571653016	0
ENSMUSG00000001151	Pcnt	1454749_at	NA	-0.892581029115998	-0.1	NA	-1.38305802253877	-0.1
ENSMUSG00000001156	Mxd1	1434830_at	NA	0.155388025269234	0	NA	0.944128784067625	0.1
ENSMUSG00000001157	Gmcl1	1454292_at	NA	-0.684829388343033	-0.1	NA	-0.318056415298552	0
ENSMUSG00000001173	Ocrl	1438396_at	NA	1.42954780591196	0.2	NA	0.138320794687564	0
ENSMUSG00000001175	Calm1	1433592_at	NA	0.796654082387077	0.1	0.0321344050201182	3.24438621415212	0.3
ENSMUSG00000001211	Agpat3	1433817_at	NA	-0.234911786118556	0	NA	0.105172198685606	0
ENSMUSG00000001225	Slc26a3	1429467_s_at	NA	1.13465736246978	0.1	NA	0.205257493404559	0
ENSMUSG00000001228	Uhrf1	1439227_at	NA	0.739748011991544	0.1	NA	-0.565422441547184	0
ENSMUSG00000001229	Dpp9	1455884_at	0.0474331260503934	3.44805557143002	0.6	0.995961604361867	0.0063757387065306	0
ENSMUSG00000001280	Sp1	1454852_at	0.153685988304405	2.239149777642	0.4	NA	-0.113722030810022	0
ENSMUSG00000001285	Myg1	1430729_at	NA	-1.0729236839792	-0.1	NA	-0.954372889860087	-0.1
ENSMUSG00000001289	Pfdn5	1415736_at	NA	-0.0639435501607307	0	0.324278444270142	1.27900906989706	0.1
ENSMUSG00000001334	Fndc5	1453135_at	NA	-2.20464950183726	-0.3	NA	-1.33121615814559	-0.1
ENSMUSG00000001376	Vps50	1430035_at	NA	-0.127200957646786	0	NA	-1.26734842572997	-0.1
ENSMUSG00000001416	Cct3	1439679_at	NA	1.32205663937062	0.2	NA	0.269191784763516	0
ENSMUSG00000001419	Mef2d	1437300_at	NA	1.41624883218405	0.2	NA	0.137691617592819	0
ENSMUSG00000001441	Npepps	1445463_at	NA	1.06423035001628	0.2	NA	-0.232543722300453	0
ENSMUSG00000001497	Pax9	1442229_at	NA	0.174241926133649	0	NA	-0.896998813670987	-0.1
ENSMUSG00000001520	Nrip2	1433792_at	NA	-0.351241152455654	-0.1	NA	-0.431787447670909	0
ENSMUSG00000001521	Tulp3	1453082_at	NA	0.859644878905691	0.1	NA	-2.3959160305503	-0.2
ENSMUSG00000001542	Ell2	1458569_at	NA	1.06936700830214	0.2	0.0335829910647804	-3.2125328159397	-0.3
ENSMUSG00000001588	Acap1	1437117_at	NA	0.705237189911679	0.1	NA	-0.000803439232722322	0
ENSMUSG00000001630	Stk38l	1435878_at	NA	1.36223240462594	0.2	NA	0.77608216563703	0.1
ENSMUSG00000001672	Marveld3	1453264_at	NA	-0.504470433666168	-0.1	NA	-0.0984443897071053	0
ENSMUSG00000001707	Eef1e1	1444757_at	NA	0.192576883488242	0	0.725453120650701	-0.475394938922215	-0.1
ENSMUSG00000001729	Akt1	1440950_at	NA	0.622355594972498	0.1	NA	-0.15576267012023	0
ENSMUSG00000001741	Il16	1443796_at	NA	-1.53822709160415	-0.2	NA	-0.362181856448899	0
ENSMUSG00000001755	Coasy	1443829_x_at	NA	0.156363244614317	0	0.156093544535734	-1.91857417253561	-0.2
ENSMUSG00000001761	Smo	1442215_at	NA	-0.468223915702199	-0.1	NA	-0.203606323375725	0
ENSMUSG00000001774	Chordc1	1435574_at	NA	-1.43332992400085	-0.2	NA	-0.328351941555755	0
ENSMUSG00000001783	Rtcb	1439097_at	NA	1.10789645598067	0.1	NA	1.09718877524414	0.1
ENSMUSG00000001786	Fbxo7	1452739_at	NA	1.40706767468764	0.2	NA	0.622032300844159	0
ENSMUSG00000001802	Lrp3	1436083_at	0.371231818676434	-1.27167762541213	-0.4	NA	0.311396791361084	0
ENSMUSG00000001819	Hoxd13	1440626_at	NA	-2.0562876121287	-0.4	NA	0.547491870124805	0
ENSMUSG00000001833	Sept7	1438911_at	NA	1.39176467167553	0.2	NA	-1.28336527382405	-0.1
ENSMUSG00000001855	Nup214	1434351_at	NA	1.65461441597953	0.2	NA	-1.52764108917081	-0.1
ENSMUSG00000001870	Ltbp1	1446232_at	NA	-0.721603686898103	-0.1	NA	-1.08497225624343	-0.1
ENSMUSG00000001924	Uba1	1442767_s_at	NA	-0.298879275039293	0	0.0488914471324831	-2.88870195016807	-0.3
ENSMUSG00000001985	Grik3	1440177_at	NA	-0.158454909731336	0	NA	-0.134221311023946	0
ENSMUSG00000001986	Gria3	1434728_at	NA	-0.14807296302885	0	NA	0.386323597200297	0
ENSMUSG00000001998	Ap4e1	1440261_at	NA	1.93411666884353	0.3	NA	-0.377659638065952	0
ENSMUSG00000002006	Pdzd4	1435457_at	NA	1.29013052873813	0.2	0.362612868192005	1.18052677888497	0.1
ENSMUSG00000002007	Srpk3	1447806_s_at	0.0496078190107701	-3.39099011642806	-0.5	0.608923668080934	-0.682343914792451	-0.1
ENSMUSG00000002032	Tmem25	1452962_at	NA	-0.248670411454655	0	NA	-0.0637552209691656	0
ENSMUSG00000002043	Trappc6a	1460054_at	NA	0.124577885276029	0	NA	-1.56223364487914	-0.1
ENSMUSG00000002057	Foxn1	1456815_at	NA	0.156093387966029	0	NA	0.203063115342103	0
ENSMUSG00000002068	Ccne1	1441910_x_at	NA	0.846336249201081	0.1	NA	-2.04842356531369	-0.2
ENSMUSG00000002076	Hsf2bp	1428641_at	NA	0.0608919088602934	0	NA	-1.43023662624617	-0.1
ENSMUSG00000002107	Celf2	1444152_at	NA	-0.161676121998537	0	NA	-1.26730610849413	-0.1
ENSMUSG00000002190	Clgn	1457829_at	NA	-0.0588941781266011	0	NA	-0.175193043124523	0
ENSMUSG00000002204	Napsa	1430744_at	NA	-1.39531940592942	-0.2	NA	-1.46120248973322	-0.1
ENSMUSG00000002210	Smg9	1460435_at	NA	1.34227846323786	0.2	NA	-0.0739017493095935	0
ENSMUSG00000002222	Rmnd5a	1431068_at	NA	1.1331507834991	0.2	NA	-0.740175197437725	-0.1
ENSMUSG00000002227	Mov10	1447376_at	NA	-0.488378681722084	-0.1	NA	0.0552157852166588	0
ENSMUSG00000002228	Ppm1j	1453127_at	NA	-0.315226574185384	0	NA	-1.4571985295369	-0.1
ENSMUSG00000002240	Prr27	1431447_at	NA	-1.12155789620523	-0.1	NA	-1.00671741317452	-0.1
ENSMUSG00000002250	Ppard	1439797_at	0.254361812544979	1.73118479973186	0.3	0.108146611767021	2.23997360019075	0.3
ENSMUSG00000002257	Def6	1452796_at	0.449249932172976	1.03701820155476	0.3	NA	0.830131434096355	0.1
ENSMUSG00000002266	Zim1	1460487_at	NA	1.15137473953616	0.2	NA	-0.831501512109012	-0.1
ENSMUSG00000002320	Tm9sf1	1442908_at	NA	0.711522302344338	0.1	NA	1.91030565014718	0.1
ENSMUSG00000002326	Gmpr2	1429180_at	NA	0.780066914746662	0.1	NA	-2.33401102825972	-0.2
ENSMUSG00000002332	Dhrs1	1415677_at	NA	0.92704993349733	0.1	0.0259313789521936	3.44677736114094	0.3
ENSMUSG00000002342	Tmem161a	1455705_at	NA	-0.858838169106519	-0.1	NA	-1.01036387426328	-0.1
ENSMUSG00000002345	Borcs8	1429079_a_at	NA	0.889586369629325	0.1	0.00686749249571742	4.66150419562916	0.4
ENSMUSG00000002346	Slc25a42	1443637_at	NA	0.282501046183104	0	NA	-1.28474846372958	-0.1
ENSMUSG00000002372	Ranbp3	1457711_at	NA	1.0292741122937	0.1	NA	0.630393061476381	0
ENSMUSG00000002384	Bmp8b	1440706_at	NA	1.10069150938261	0.1	NA	-0.659418582344907	0
ENSMUSG00000002395	Use1	1453430_at	NA	1.71312009045846	0.2	NA	0.602731447660913	0
ENSMUSG00000002413	Braf	1435434_at	NA	1.85149297185343	0.2	NA	0.066091936568236	0
ENSMUSG00000002416	Ndufb2	1442658_at	NA	-0.950066477502386	-0.1	NA	-0.274359904426931	0
ENSMUSG00000002459	Rgs20	1446199_at	NA	0.665241612226913	0.1	0.139862190800776	-2.0095114078511	-0.2
ENSMUSG00000002486	Tchp	1438293_at	NA	-0.157394326252748	0	NA	0.111234582125039	0
ENSMUSG00000002489	Tiam1	1444373_at	NA	-1.02485960004742	-0.1	NA	-1.55728973870702	-0.1
ENSMUSG00000002524	Puf60	1430705_at	NA	1.48373134678842	0.1	NA	-0.300990973576216	0
ENSMUSG00000002578	Ikzf4	1457342_at	NA	0.6678784657711	0.1	NA	-0.746408870489513	-0.1
ENSMUSG00000002603	Tgfb1	1445360_at	NA	1.63630326795103	0.3	NA	0.36025376148156	0
ENSMUSG00000002633	Shh	1436869_at	0.857966435108942	-0.239364078542716	-0.1	NA	-1.78525867924041	-0.1
ENSMUSG00000002661	Alkbh7	1428516_a_at	NA	-2.64079774661953	-0.4	NA	-0.143712710022604	0
ENSMUSG00000002668	Dennd1c	1437121_at	NA	-0.752819003365649	-0.1	NA	-1.14266882726978	-0.1
ENSMUSG00000002688	Prkd1	1447623_s_at	0.366816299241462	-1.2885391511187	-0.3	0.767329556238626	0.401130409179956	0
ENSMUSG00000002771	Grin2d	1442328_at	NA	0.439204438415353	0.1	NA	0.114498962267234	0
ENSMUSG00000002781	Tmem143	1453973_s_at	NA	-2.36981731127423	-0.3	NA	-0.0203136012064647	0
ENSMUSG00000002797	Ggct	1445855_at	NA	-0.354253345539323	0	NA	-1.52690107375924	-0.1
ENSMUSG00000002803	Btbd6	1435153_at	0.0255165523202536	4.13875984685177	0.7	NA	-0.0347666921586991	0
ENSMUSG00000002820	Atg4d	1439130_at	NA	-1.51369751246267	-0.2	NA	-2.02483746793363	-0.2
ENSMUSG00000002845	Tmem39a	1441490_at	NA	1.11437555391791	0.2	NA	-1.5001050446907	-0.1
ENSMUSG00000002900	Lamb1	1446180_at	NA	-0.136112422321476	0	NA	-0.45807508210929	0
ENSMUSG00000002910	Arrdc2	1428352_at	NA	0.450730953988657	0.1	0.0228396042015039	3.57645478072599	0.4
ENSMUSG00000002968	Med25	1453197_at	NA	1.82489071550173	0.2	NA	1.11829902578957	0.1
ENSMUSG00000002981	Clptm1	1441083_at	NA	1.45851958610405	0.1	NA	0.03472229921481	0
ENSMUSG00000002996	Hbp1	1446269_at	NA	0.678168819164565	0.1	NA	0.293867440650867	0
ENSMUSG00000002997	Prkar2b	1456475_s_at	0.0938748820399458	2.72853842280981	0.6	NA	-0.936665030428895	-0.1
ENSMUSG00000003033	Ap1m1	1459832_s_at	NA	1.85461625863401	0.2	0.0588040974817464	-2.74136360353123	-0.2
ENSMUSG00000003037	Rab8a	1440620_at	NA	-0.141194270128222	0	NA	-0.455267176280408	0
ENSMUSG00000003070	Efna2	1444606_at	NA	1.00650389513327	0.1	0.302631306960969	1.34156285109522	0.1
ENSMUSG00000003119	Cdk12	1440858_at	NA	1.79384415344898	0.2	NA	0.321165133010282	0
ENSMUSG00000003123	Lipe	1432180_at	NA	0.177707783292095	0	NA	-0.241681116964623	0
ENSMUSG00000003131	Pafah1b2	1439868_at	NA	0.508500887275835	0.1	0.134442825195836	-2.04787541526233	-0.2
ENSMUSG00000003135	Cnot11	1428533_at	NA	0.748754525060069	0.1	0.720902443931171	0.483280327067989	0.1
ENSMUSG00000003161	Sri	1453457_at	NA	1.08378922247308	0.1	NA	-0.868060135424907	-0.1
ENSMUSG00000003190	Bcl2l12	1428865_at	NA	3.51579862362834	0.4	NA	0.182239347479032	0
ENSMUSG00000003208	Yju2	1429733_at	NA	2.18721475599165	0.3	NA	0.386339864889857	0
ENSMUSG00000003226	Ranbp2	1445883_at	NA	0.376528045584857	0	NA	0.545777188557571	0
ENSMUSG00000003228	Grk5	1436672_at	NA	0.822559767329645	0.1	NA	-1.36533707155486	-0.1
ENSMUSG00000003279	Dlgap1	1440639_at	NA	-0.870363566012819	-0.1	NA	-0.911830596826383	-0.1
ENSMUSG00000003282	Plag1	1443943_at	NA	-0.85625100985419	-0.1	NA	-1.42265348513338	-0.1
ENSMUSG00000003341	Atp8b3	1438604_at	NA	0.952281627968866	0.1	NA	-0.290949566378734	0
ENSMUSG00000003346	Abhd17a	1415753_at	NA	3.14613573390982	0.4	0.649836363539029	0.608311280365235	0.1
ENSMUSG00000003348	Mob3a	1434388_at	NA	1.83048474530456	0.2	NA	-0.505542996888312	0
ENSMUSG00000003360	Ddx23	1439952_at	NA	1.68269270570179	0.2	NA	0.0712351641269765	0
ENSMUSG00000003382	Etv3	1456358_at	NA	0.987224989749361	0.1	NA	-1.01363066850624	-0.1
ENSMUSG00000003418	St8sia6	1456147_at	NA	0.786397475312704	0.1	0.252543067039578	-1.50812007952729	-0.2
ENSMUSG00000003452	Bicd1	1438701_at	NA	1.16842111529381	0.1	NA	0.779373745960385	0.1
ENSMUSG00000003464	Pex19	1455208_at	NA	-1.35451573896046	-0.1	NA	2.53058864541874	0.2
ENSMUSG00000003469	Phyhip	1455463_at	NA	0.801005967630825	0.1	NA	-0.551989158410224	0
ENSMUSG00000003484	Cyp4f18	1433389_at	NA	-0.779779975313684	-0.1	0.00510324003289512	-4.97355453028021	-0.4
ENSMUSG00000003518	Dusp3	1456769_at	NA	-1.84984481618748	-0.2	0.00206927347400291	-5.98584991627284	-0.4
ENSMUSG00000003528	Slc25a1	1428190_at	0.0080212453914409	5.75005445458304	1	0.0488170433151479	2.89130269336347	0.3
ENSMUSG00000003549	Ercc1	1437447_s_at	NA	-1.68441271465385	-0.2	0.00389038663583148	-5.19217512633497	-0.4
ENSMUSG00000003575	Crtc1	1434476_at	NA	2.2388002876625	0.3	NA	1.38515434582584	0.1
ENSMUSG00000003581	Rnf215	1452756_at	NA	-0.201857227401498	0	NA	1.7551151234866	0.1
ENSMUSG00000003604	Aven	1452996_a_at	NA	2.2072832244945	0.3	0.0495372615407539	-2.87444050717669	-0.3
ENSMUSG00000003617	Cp	1441326_at	NA	1.16170325897679	0.2	NA	-0.686678115154879	-0.1
ENSMUSG00000003660	Snrnp200	1460552_at	0.14689023992981	2.28929089704744	0.4	NA	-1.01956798168525	-0.1
ENSMUSG00000003752	Itpkc	1454755_at	NA	-1.04090023707211	-0.1	NA	-0.582716689756822	-0.1
ENSMUSG00000003778	Brd8	1429526_at	NA	0.288362133983205	0	0.0193351568641133	3.71888191163768	0.3
ENSMUSG00000003808	Farsa	1445003_at	NA	0.45312084192858	0	NA	-1.06629115564261	-0.1
ENSMUSG00000003812	Dnase2a	1430135_at	NA	-0.119853081638157	0	NA	-0.677997981738225	-0.1
ENSMUSG00000003813	Rad23a	1455391_at	0.024051333842082	-4.21215554127666	-0.5	NA	1.12749500874816	0.1
ENSMUSG00000003847	Nfat5	1439805_at	NA	1.27945328286356	0.1	NA	0.462548005771595	0
ENSMUSG00000003848	Nob1	1454957_at	NA	-1.10187481228518	-0.2	NA	-1.63320364993303	-0.1
ENSMUSG00000003863	Ppfia3	1431046_at	NA	1.32413410003693	0.2	NA	-1.89989745978951	-0.2
ENSMUSG00000003923	Tfam	1456215_at	NA	-1.77915824482746	-0.2	NA	-1.17219810010334	-0.1
ENSMUSG00000003929	Zfp81	1444076_at	0.83504634123281	-0.277749230959838	-0.1	NA	1.36244085664817	0.1
ENSMUSG00000003974	Grm3	1430136_at	NA	-0.153738865792955	0	0.854719087832108	0.257446961071716	0
ENSMUSG00000003992	Ssbp2	1429951_at	NA	0.541076674122732	0.1	0.773569958590959	-0.391661897905642	-0.1
ENSMUSG00000004018	Fancl	1432337_at	NA	-1.3402315937759	-0.2	NA	2.0409793277826	0.2
ENSMUSG00000004031	Brinp2	1438706_at	NA	-0.789792254301726	-0.1	NA	0.0348141936703418	0
ENSMUSG00000004056	Akt2	1455703_at	NA	1.73445915763402	0.3	NA	-2.69401362628713	-0.2
ENSMUSG00000004071	Cdip1	1447951_at	NA	1.54716977486253	0.2	NA	3.32696730389939	0.2
ENSMUSG00000004085	Map3k20	1435029_at	0.388862711848465	1.21093233789562	0.3	0.684390541743804	0.546774840817719	0.1
ENSMUSG00000004105	Angptl2	1446534_at	NA	0.0316172976283581	0	0.223134246996621	-1.6167895871006	-0.2
ENSMUSG00000004110	Cacna1e	1436260_at	NA	-2.38616720276722	-0.3	NA	-0.107253888051518	0
ENSMUSG00000004113	Cacna1b	1439612_at	NA	0.0564172869067652	0	NA	-0.234349165236303	0
ENSMUSG00000004127	Trmt10a	1447781_s_at	0.552394714910163	0.776909971584913	0.2	NA	-2.29686289397789	-0.2
ENSMUSG00000004151	Etv1	1445314_at	NA	-0.730053290906781	-0.1	NA	0.481896045429369	0
ENSMUSG00000004207	Psap	1415687_a_at	NA	2.08140538065865	0.3	0.0139123391472066	4.04879175431567	0.4
ENSMUSG00000004221	Ikbkg	1435647_at	NA	-0.53374172133592	-0.1	0.0196548747458251	3.70640741833249	0.3
ENSMUSG00000004233	Wars2	1435273_at	NA	0.177600886047817	0	NA	1.69559105491289	0.1
ENSMUSG00000004264	Phb2	1460035_at	NA	0.816294762294732	0.1	NA	0.614215210111244	0
ENSMUSG00000004319	Clcn3	1441248_at	NA	-0.331651441262325	0	NA	-0.558227411113472	0
ENSMUSG00000004328	Hif3a	1459052_at	0.213293052757529	1.918078159683	0.4	NA	-1.47546633583178	-0.1
ENSMUSG00000004347	Pde1c	1444067_at	NA	1.28734695151326	0.2	NA	-0.493134960150358	0
ENSMUSG00000004360	9330159F19Rik	1438720_at	NA	-0.47199361698973	-0.1	NA	1.23695070439418	0.1
ENSMUSG00000004364	Cul3	1434718_at	NA	1.02335437808497	0.2	NA	0.0230924885172826	0
ENSMUSG00000004415	Col26a1	1458189_at	NA	-0.30303198041115	0	NA	-0.730912351567504	-0.1
ENSMUSG00000004462	Tbccd1	1436752_at	NA	0.949264183090523	0.2	0.0393400297800359	3.07273691283951	0.3
ENSMUSG00000004500	Zfp324	1437959_at	NA	2.45381807262851	0.3	0.123644271966696	2.12036971199676	0.2
ENSMUSG00000004508	Gab2	1419829_a_at	0.509657824792446	-0.875666324258096	-0.2	NA	2.03834687507561	0.1
ENSMUSG00000004535	Tax1bp1	1442901_at	NA	0.151244379157639	0	NA	2.48474774063941	0.2
ENSMUSG00000004561	Mettl17	1456157_at	NA	-0.818007720613959	-0.1	NA	-0.356397425001447	0
ENSMUSG00000004567	Mcoln1	1431305_at	NA	0.597475964928544	0.1	NA	-1.18855671172427	-0.1
ENSMUSG00000004568	Arhgef18	1440700_a_at	NA	-0.866669402701403	-0.1	NA	0.100795808312508	0
ENSMUSG00000004591	Pkn2	1437295_at	0.297180479858321	1.53660855527665	0.4	0.381383199421682	1.13748659024745	0.1
ENSMUSG00000004609	Cd33	1456893_at	NA	0.863143664862622	0.1	NA	0.126154095428871	0
ENSMUSG00000004637	Wwox	1438517_at	NA	0.881853537001645	0.1	NA	0.974744883848501	0.1
ENSMUSG00000004642	Slbp	1430058_at	NA	0.829415988432949	0.1	0.548323161631131	0.79273955821253	0.1
ENSMUSG00000004668	Abca13	1440370_at	NA	0.0946726275765439	0	NA	-0.0702448473708096	0
ENSMUSG00000004698	Hdac9	1434572_at	NA	2.12191689072392	0.3	NA	-1.10264159128068	-0.1
ENSMUSG00000004768	Rab23	1454876_at	0.200629173655331	1.9748972357458	0.5	0.0138543248402275	4.05325969509593	0.4
ENSMUSG00000004789	Dlst	1437775_at	0.299828905176153	1.52457464298679	0.3	0.972704573361692	0.0537557854832539	0
ENSMUSG00000004837	Grap	1429387_at	NA	-1.91121852984316	-0.2	NA	0.344368042214797	0
ENSMUSG00000004843	Chmp2b	1428253_at	0.949479746735171	0.0844474001845368	0	0.0301995492376051	3.30084196916654	0.4
ENSMUSG00000004865	Srpk1	1455107_at	NA	1.12243063672828	0.2	NA	-0.879656339660783	-0.1
ENSMUSG00000004872	Pax3	1441743_at	NA	-1.65493047524431	-0.2	NA	-0.847494685710008	-0.1
ENSMUSG00000004894	Hapln2	1435629_at	NA	2.04158230934602	0.2	NA	-1.86453562555159	-0.2
ENSMUSG00000004902	Slc25a18	1428964_at	NA	0.15563547118798	0	NA	-1.19631442213615	-0.1
ENSMUSG00000004934	Pias4	1455394_at	NA	2.98998440449904	0.4	0.285140664110633	1.40153333407883	0.2
ENSMUSG00000004939	Nmrk2	1453898_at	0.0153903906637753	4.80341587541003	0.6	NA	-0.415498463823636	0
ENSMUSG00000004945	Tmem242	1430282_at	0.353119684394257	-1.34793805518163	-0.3	NA	-0.673022667229656	0
ENSMUSG00000004952	Rasa4	1441458_at	NA	1.0481726388616	0.1	NA	-1.32939330615315	-0.1
ENSMUSG00000005034	Prkacb	1457197_at	NA	0.946292590338856	0.1	0.484176476241687	0.915028118285274	0.1
ENSMUSG00000005045	Chd5	1436095_at	NA	0.568396813170644	0.1	NA	-0.791523621085171	-0.1
ENSMUSG00000005078	Jkamp	1441959_s_at	NA	-0.763062056000452	-0.1	0.0606998784397033	2.71805373259571	0.3
ENSMUSG00000005087	Cd44	1434376_at	0.0563766022364288	3.2489361068909	0.5	NA	-1.03663591758843	-0.1
ENSMUSG00000005089	Slc1a2	1438194_at	NA	-0.483674605282297	-0.1	NA	0.382361256508779	0
ENSMUSG00000005107	Slc2a9	1440873_at	NA	-0.126821671315385	0	NA	-2.25904756454582	-0.2
ENSMUSG00000005131	4930550C14Rik	1429824_at	NA	-0.103166290510867	0	NA	-1.05632039669672	-0.1
ENSMUSG00000005225	Plekha8	1454819_at	0.232248247578327	1.83261058116787	0.4	NA	1.82266998134236	0.2
ENSMUSG00000005237	Dnah2	1438763_at	0.121641856666698	-2.46032688263037	-0.6	NA	-0.955834174666674	-0.1
ENSMUSG00000005267	Zfp287	1436220_at	NA	1.48533919209462	0.2	NA	3.17108487449978	0.2
ENSMUSG00000005268	Prlr	1437397_at	NA	-0.547746737210286	-0.1	NA	0.999584020494282	0.1
ENSMUSG00000005360	Slc1a3	1439072_at	NA	-0.508383285094554	-0.1	NA	2.95894779093946	0.2
ENSMUSG00000005374	Tbl2	1436603_at	NA	1.85628966959786	0.2	NA	2.31162034842395	0.2
ENSMUSG00000005397	Nid1	1441519_at	NA	0.228127696903897	0	NA	1.09375153109192	0.1
ENSMUSG00000005410	Mcm5	1436808_x_at	0.00688808090689431	6.11133345516218	1.4	0.00029337736596003	-8.87156917136682	-0.7
ENSMUSG00000005417	Mprip	1456763_at	0.0474331260503934	3.44940681184453	0.5	0.00551410721121014	4.86887013056386	0.4
ENSMUSG00000005501	Usp40	1435901_at	NA	0.318178050942999	0	0.0254124386991805	3.46389592510089	0.4
ENSMUSG00000005533	Igf1r	1452982_at	NA	1.5873022410113	0.2	NA	1.01059749922534	0.1
ENSMUSG00000005534	Insr	1434446_at	0.913556053883267	-0.148976614949424	0	0.29458897036704	1.36820759666356	0.1
ENSMUSG00000005566	Trim28	1456308_x_at	0.0340904164301543	3.81043398914526	0.6	0.0157600528828096	-3.91065932872106	-0.3
ENSMUSG00000005609	Ctr9	1442240_at	NA	0.81146776786172	0.1	NA	1.8565192115413	0.1
ENSMUSG00000005610	Eif4g2	1458431_at	NA	-1.21375146494559	-0.2	NA	-2.69066220510645	-0.2
ENSMUSG00000005611	Mrvi1	1459665_s_at	NA	-1.30919721586201	-0.1	NA	-1.26350256974677	-0.1
ENSMUSG00000005621	Zfp592	1434160_at	NA	0.266730734159924	0	NA	0.174186415456916	0
ENSMUSG00000005656	Snx6	1447234_s_at	0.0980738688080987	2.6849490479639	0.7	0.156047553023697	1.91927918177433	0.3
ENSMUSG00000005674	Tomm40l	1455614_at	NA	1.67453062359514	0.3	0.00102616852778243	-6.71959196908913	-0.6
ENSMUSG00000005804	Bloc1s6	1457088_at	NA	-1.15161074823764	-0.1	0.116352009287118	2.18168426460411	0.2
ENSMUSG00000005871	Apc	1435543_at	0.192013345778544	2.01692716177191	0.5	NA	0.570628570780974	0.1
ENSMUSG00000005882	Uqcc1	1453859_at	NA	-0.962846313968875	-0.1	NA	-0.0973937622766499	0
ENSMUSG00000005886	Ncoa2	1446827_at	NA	0.113718076339357	0	NA	0.00847810836424014	0
ENSMUSG00000005893	Nr2c2	1446955_at	NA	0.267084555392425	0.1	NA	-2.50022939783985	-0.2
ENSMUSG00000005897	Nr2c1	1439490_at	NA	-0.201476482553541	0	NA	2.38589020263265	0.2
ENSMUSG00000005907	Pex1	1428716_at	NA	-1.12956566909186	-0.2	NA	2.04066280618993	0.2
ENSMUSG00000005917	Otx1	1437601_at	NA	-1.210468180044	-0.1	NA	0.148661814510543	0
ENSMUSG00000005947	Itgae	1447541_s_at	NA	0.780539091829389	0.1	NA	0.719813597920051	0.1
ENSMUSG00000005951	Shpk	1452853_at	NA	0.244719084344871	0	NA	-0.201242396506193	0
ENSMUSG00000005952	Trpv1	1443392_at	NA	1.55546915087962	0.2	NA	-0.604738969878647	-0.1
ENSMUSG00000005982	Naa60	1415721_a_at	NA	1.59260619191776	0.2	NA	0.760051312802349	0.1
ENSMUSG00000005983	1700037C18Rik	1430188_at	NA	0.195289584893107	0	NA	-0.548264171615236	-0.1
ENSMUSG00000005986	Ankrd13d	1447738_s_at	NA	-2.23213664883932	-0.3	NA	-0.924115824177357	-0.1
ENSMUSG00000006019	Dhx34	1431561_a_at	NA	-0.49390582894392	0	NA	-1.64932644679017	-0.1
ENSMUSG00000006021	Kptn	1440025_at	NA	0.438984266797006	0.1	NA	-0.70971960314513	-0.1
ENSMUSG00000006057	Atp5g1	1444874_at	NA	0.860434157870202	0.1	NA	-1.2967666134043	-0.1
ENSMUSG00000006143	Upk3bl	1429844_at	NA	-1.56315941753339	-0.2	NA	-0.363639327429702	0
ENSMUSG00000006191	Cdkal1	1430039_at	NA	0.566098673835403	0.1	NA	-1.04319599619919	-0.1
ENSMUSG00000006204	Cdcp3	1430014_at	NA	0.49410455679484	0	NA	-2.68135686477837	-0.2
ENSMUSG00000006215	Zbtb17	1443041_at	NA	-0.30446686162459	0	NA	-0.480848196539246	0
ENSMUSG00000006218	Fam131c	1457076_at	NA	-0.562649748314486	-0.1	NA	0.968469820771402	0.1
ENSMUSG00000006262	Mob1b	1430564_at	NA	0.503782997579063	0.1	NA	-0.0585638518317661	0
ENSMUSG00000006276	Eps15l1	1446683_at	NA	0.114256429262228	0	NA	-1.20802497488584	-0.1
ENSMUSG00000006289	Osgep	1444592_at	NA	0.235182449593495	0	NA	-0.092553074784241	0
ENSMUSG00000006307	Kmt2b	1452916_at	NA	3.03362886252405	0.5	NA	0.407261047772948	0
ENSMUSG00000006310	Zbtb32	1447330_at	NA	-0.633562782104778	-0.1	NA	-0.422614598941831	0
ENSMUSG00000006369	Fbln1	1439688_at	NA	1.52112299961651	0.2	0.45834609390818	-0.971917901687256	-0.1
ENSMUSG00000006392	Med8	1442417_at	NA	-0.778050146863773	-0.1	NA	-0.353564740645058	0
ENSMUSG00000006412	Pfdn2	1435620_at	NA	-0.750944249136778	-0.1	0.0162033724310998	-3.8855156549202	-0.3
ENSMUSG00000006435	Neurl1a	1456854_at	NA	-0.896642970291133	-0.2	0.00340048059351878	-5.40003181946408	-0.4
ENSMUSG00000006463	Zdhhc24	1428278_at	NA	-3.02991010539308	-0.4	NA	1.09661880317838	0.1
ENSMUSG00000006464	Bbs1	1437310_at	NA	0.545104012207957	0.1	0.25575980732525	1.49496761805015	0.2
ENSMUSG00000006469	Slc34a3	1439519_at	NA	0.269590120487457	0	NA	0.588468267178239	0
ENSMUSG00000006471	Ndor1	1428292_at	NA	0.252974675795989	0	NA	1.66974688748107	0.1
ENSMUSG00000006488	Prl7a1	1441874_x_at	NA	0.427012785883505	0	NA	1.18968452838294	0.1
ENSMUSG00000006494	Pdk1	1435836_at	0.0547575609230439	3.28566398051032	0.6	0.00029337736596003	8.68949033524805	0.9
ENSMUSG00000006526	Stimate	1438693_at	NA	1.64588621934996	0.2	NA	1.73705973542697	0.1
ENSMUSG00000006527	Sfmbt1	1429749_at	0.33197486608021	1.41521936914531	0.4	0.324278444270142	1.27816101349983	0.2
ENSMUSG00000006542	Prkag3	1444480_at	0.00751353509352712	-5.95686469492032	-0.8	NA	-0.949404809119156	-0.1
ENSMUSG00000006567	Atp7b	1436481_at	NA	0.14040266146189	0	NA	-0.512753762114296	0
ENSMUSG00000006576	Slc4a3	1453687_at	NA	1.57727966019202	0.3	NA	0.393639588724575	0
ENSMUSG00000006586	Runx1t1	1440310_at	NA	-1.08514625593182	-0.1	NA	-0.375146632250516	0
ENSMUSG00000006587	Snai3	1456796_at	0.0164733564854804	4.71189894501823	0.9	NA	-1.71373630375292	-0.1
ENSMUSG00000006675	P4htm	1459807_x_at	NA	1.2479286744534	0.1	NA	0.638080917537698	0.1
ENSMUSG00000006676	Usp19	1453190_at	NA	0.172144161104833	0	NA	0.032277010739292	0
ENSMUSG00000006699	Cdc42	1415724_a_at	0.850819947488061	0.251820512324517	0.1	0.40472074242038	1.08629946706476	0.1
ENSMUSG00000006705	Pknox1	1437470_at	NA	0.778264009180949	0.1	NA	-0.65186611513405	-0.1
ENSMUSG00000006711	D130043K22Rik	1443327_at	NA	0.346112722474202	0	0.976904821615357	0.0464172276083463	0
ENSMUSG00000006720	Zfp184	1441997_at	NA	0.451204666626935	0.1	NA	-1.58328478661852	-0.1
ENSMUSG00000006732	Mettl1	1439155_at	NA	-0.229731413852514	0	NA	-0.414814950386115	0
ENSMUSG00000006740	Kif5b	1453524_at	NA	1.24432213332729	0.2	NA	-1.49455892777386	-0.1
ENSMUSG00000006764	Tph2	1435314_at	NA	-0.511219911647715	-0.1	NA	1.04287336710057	0.1
ENSMUSG00000006784	Ttc25	1429130_at	NA	-0.962645584399392	-0.2	NA	-0.204634726706589	0
ENSMUSG00000006800	Sulf2	1447602_x_at	0.000900393274279833	10.9614567984397	1.2	0.000208852838574322	9.64693794367935	0.9
ENSMUSG00000006818	Sod2	1454976_at	0.355053956401797	1.33046209660625	0.3	0.100251297352772	2.30966491620341	0.2
ENSMUSG00000006850	Tmco6	1459587_at	NA	1.30185978687764	0.2	NA	-0.788147734141823	-0.1
ENSMUSG00000006920	Ezh1	1429630_at	NA	-2.35609149314207	-0.3	NA	-0.461365889075534	0
ENSMUSG00000006998	Psmd2	1443477_at	NA	1.23849059268396	0.2	NA	-0.204183581850839	0
ENSMUSG00000007036	Abhd16a	1415732_at	NA	-0.23291366930188	0	NA	-0.663419613664595	-0.1
ENSMUSG00000007041	Clic1	1458665_at	NA	0.524310034177483	0.1	NA	1.64675270614775	0.1
ENSMUSG00000007097	Atp1a2	1443823_s_at	0.0111315576844808	-5.21140548399332	-1.4	NA	0.909161191483191	0.1
ENSMUSG00000007107	Atp1a4	1437321_at	NA	-0.850995206827825	-0.1	NA	-0.459057733242911	0
ENSMUSG00000007216	Zfp775	1454873_at	NA	0.108598225868555	0	0.517983791664822	0.848908482685633	0.1
ENSMUSG00000007379	Dennd2c	1456891_at	NA	1.46901669995233	0.2	NA	-1.91306287076404	-0.2
ENSMUSG00000007480	Mc5r	1457102_at	0.426945595031746	1.09933536503875	0.3	NA	-1.07150021629949	-0.1
ENSMUSG00000007570	Fance	1453689_at	NA	-0.339941494493293	0	0.87745955994764	-0.21539911907272	0
ENSMUSG00000007589	Tinf2	1437166_at	NA	1.41259509291317	0.1	NA	0.363676652450742	0
ENSMUSG00000007591	Tssk4	1432101_a_at	NA	0.907295689478746	0.1	NA	-1.88996123349058	-0.2
ENSMUSG00000007594	Hapln4	1435650_at	NA	-1.40643186192271	-0.2	NA	-0.523078867882986	0
ENSMUSG00000007603	Dus3l	1459805_x_at	NA	0.924558781403591	0.2	0.381218757545835	-1.13823485468206	-0.1
ENSMUSG00000007610	Gtpbp3	1457975_at	NA	1.4807345012427	0.3	NA	0.0833726218968127	0
ENSMUSG00000007617	Homer1	1437363_at	0.157715043236361	2.20417033802764	0.5	NA	0.616205469227375	0.1
ENSMUSG00000007670	Khsrp	1428174_x_at	NA	4.27053822936688	0.5	0.234374234617772	-1.57289485168448	-0.2
ENSMUSG00000007721	Ccdc124	1428605_at	NA	1.95534579470126	0.3	0.149459864753038	-1.95474988716305	-0.2
ENSMUSG00000007739	Cct4	1442569_at	NA	1.40294135160363	0.2	NA	-2.35670489253034	-0.2
ENSMUSG00000007783	Cpt1c	1435281_at	NA	4.92582248978068	0.5	0.00121536011352229	6.5814609064835	0.9
ENSMUSG00000007812	Zfp655	1429217_at	0.00790065891114882	-5.81379380364019	-0.7	NA	2.00195403315417	0.2
ENSMUSG00000007815	Rhoa	1443768_at	NA	0.237303727544288	0	NA	0.313222404931841	0
ENSMUSG00000007817	Zmiz1	1435740_at	NA	2.39100954559166	0.3	0.0255408483729102	3.45917790034365	0.3
ENSMUSG00000007827	Ankrd26	1438703_at	NA	1.82459875275216	0.2	NA	-0.87539306799384	-0.1
ENSMUSG00000007833	Aldh16a1	1447372_at	NA	1.87583139290302	0.3	0.227440952540468	-1.60159796357201	-0.2
ENSMUSG00000007836	Hnrnpa0	1428407_at	NA	1.1127164223254	0.2	NA	1.06884776862873	0.1
ENSMUSG00000007867	Ift43	1432494_a_at	NA	-0.679977023485559	-0.1	0.00252029109368238	5.77236520432945	0.6
ENSMUSG00000007907	Cabs1	1429744_at	NA	-0.755798692192418	-0.1	NA	-1.26146736966219	-0.1
ENSMUSG00000007908	Hmgcll1	1434913_at	NA	1.25464884488139	0.2	NA	-3.29981996405559	-0.3
ENSMUSG00000007944	Ttc9b	1429416_at	NA	-1.21015482716934	-0.1	NA	-1.76987382919658	-0.1
ENSMUSG00000007987	Ift22	1439851_at	NA	-0.0920372134061127	0	NA	-0.778164945516562	-0.1
ENSMUSG00000007989	Fzd3	1434788_at	0.218292129471078	1.8935166164323	0.5	0.00679339358688527	-4.67732546502066	-0.3
ENSMUSG00000008028	1700008O03Rik	1454009_at	NA	-0.917401589476769	-0.1	NA	-0.47049719594224	0
ENSMUSG00000008090	Fgfrl1	1447878_s_at	0.0212725331238687	-4.34951074493518	-0.9	NA	0.72587401508672	0.1
ENSMUSG00000008129	4930432K21Rik	1453194_at	NA	-2.1976909317528	-0.3	NA	0.21404291976879	0
ENSMUSG00000008307	1700109H08Rik	1453447_at	NA	0.660431560376233	0.1	NA	-1.76531617280276	-0.1
ENSMUSG00000008450	Nutf2	1447440_at	NA	-1.71702928316655	-0.2	NA	0.523382519218104	0.1
ENSMUSG00000008496	Pou2f2	1443885_at	NA	-0.752932409249834	-0.1	NA	-1.56592326305679	-0.1
ENSMUSG00000008575	Nfib	1454834_at	0.000900393274279833	10.7099749546124	1.5	0.0837898966269674	2.45999746964135	0.3
ENSMUSG00000008658	Rbfox1	1438217_at	NA	0.127557571451409	0	NA	-0.100185315473139	0
ENSMUSG00000008683	Rps15a	1457726_at	NA	1.1869025402265	0.1	NA	-0.466997255711941	0
ENSMUSG00000008763	Man1a2	1434395_at	NA	1.64763661858654	0.3	0.332296166458847	1.25775442848493	0.1
ENSMUSG00000008855	Hdac5	1415743_at	0.0212725331238687	4.35221750639908	0.6	NA	-0.854575328895165	-0.1
ENSMUSG00000008932	Slc1a7	1456971_at	NA	-0.789592193504598	-0.1	NA	-0.334397721345131	0
ENSMUSG00000009013	Dynll1	1440278_at	0.150274797842555	2.26689422321344	0.4	0.871454098211424	-0.225599633912762	0
ENSMUSG00000009070	Rsph14	1431601_at	NA	-1.69411992046641	-0.2	NA	-0.80222865506791	-0.1
ENSMUSG00000009075	Cabp7	1436141_at	NA	-0.18600331582276	0	NA	-1.62417041348883	-0.1
ENSMUSG00000009092	Derl3	1456938_at	NA	0.226056940630403	0	NA	-0.122625221218367	0
ENSMUSG00000009093	Gstt4	1428815_at	NA	-0.203870763734469	0	0.367349143402626	-1.16886878641353	-0.1
ENSMUSG00000009112	Bcl2l13	1429539_at	NA	0.869654329346682	0.2	NA	0.765453720553772	0.1
ENSMUSG00000009114	2610028H24Rik	1453919_at	NA	-0.457424389597083	-0.1	NA	0.842260598859008	0.1
ENSMUSG00000009115	Spatc1l	1432333_a_at	NA	2.41105321000828	0.3	NA	0.235405709565336	0
ENSMUSG00000009207	Lnpk	1453035_at	0.937884072280267	0.108278431589144	0	0.674899976525834	0.566469107565972	0.1
ENSMUSG00000009210	Prr29	1432280_at	NA	-0.346386419440258	0	NA	-0.22220642865985	0
ENSMUSG00000009216	Fam163b	1457437_at	NA	-0.290466843424152	0	NA	-0.710364268286337	-0.1
ENSMUSG00000009246	Trpm5	1443413_s_at	NA	-0.195709699493175	0	NA	1.12052368957309	0.1
ENSMUSG00000009292	Trpm2	1436225_at	NA	0.741769618594266	0.1	NA	1.04457073077175	0.1
ENSMUSG00000009376	Met	1434447_at	0.110226467725073	2.559681912891	0.6	0.159001196502047	-1.90612106311129	-0.2
ENSMUSG00000009378	Slc16a12	1434188_at	NA	0.8505008361767	0.1	NA	0.219937195230261	0
ENSMUSG00000009394	Syn2	1435511_at	NA	-0.698642738198077	-0.1	NA	-0.644523157683492	-0.1
ENSMUSG00000009406	Elk1	1446390_at	NA	0.405467372311316	0.1	NA	-2.06541332608364	-0.1
ENSMUSG00000009418	Nav1	1436907_at	NA	3.8078341264356	0.5	NA	0.601829102782566	0.1
ENSMUSG00000009535	Rnmt	1436328_at	NA	0.365505295255482	0.1	NA	0.22890189235428	0
ENSMUSG00000009551	6330409D20Rik	1447773_x_at	NA	0.839792102582826	0.1	NA	2.20802030723587	0.2
ENSMUSG00000009555	Cdk9	1457240_at	NA	1.84877106905394	0.2	NA	-0.724813326298964	-0.1
ENSMUSG00000009569	Mrtfb	1435547_at	0.157267980706848	2.21075057606724	0.4	0.257613584027208	1.48745872109789	0.2
ENSMUSG00000009580	Odam	1430186_at	NA	-0.472887560483999	0	NA	-1.21156625762779	-0.1
ENSMUSG00000009621	Vav2	1435244_at	NA	-0.129604044144168	0	0.110290872630073	2.22199128749667	0.3
ENSMUSG00000009647	Mcu	1453166_at	0.0167863865593075	-4.65963303339166	-0.9	NA	-2.34316028020456	-0.2
ENSMUSG00000009681	Bcr	1455564_at	0.0340904164301543	3.81106862548994	0.7	NA	-0.407979611584257	0
ENSMUSG00000009731	Kcnd1	1455514_at	0.3163205390302	1.45523558027307	0.4	NA	-0.206948298863904	0
ENSMUSG00000009734	Pou6f2	1458473_at	NA	1.16497465679576	0.1	NA	0.461751369277525	0
ENSMUSG00000009772	Nuak2	1429049_at	0.529046035710215	0.831207019715002	0.2	0.914436561553114	-0.151035106931625	0
ENSMUSG00000009828	Ick	1457165_at	0.118741913130023	2.48314552762321	0.4	NA	-1.69366329397451	-0.2
ENSMUSG00000009905	Kdsr	1428559_at	0.461549313950817	1.00377794772991	0.2	0.117742400118213	2.16704995809051	0.2
ENSMUSG00000009907	Vps4b	1457067_at	0.0900976914462035	2.78161832318368	0.4	NA	-1.05330066067508	-0.1
ENSMUSG00000009995	Taz	1453785_at	NA	0.64281336172399	0.1	NA	1.34569460214586	0.1
ENSMUSG00000010064	Slc38a3	1446013_at	NA	-0.0588623649382062	0	NA	-0.0980059588406393	0
ENSMUSG00000010067	Rassf1	1441737_s_at	NA	-1.5606146308038	-0.2	NA	2.15500387699867	0.2
ENSMUSG00000010097	Nxf1	1439092_at	NA	0.272235518940401	0	NA	0.555819483051048	0
ENSMUSG00000010136	Pifo	1453320_at	NA	0.70783157219558	0.1	0.133563884060528	-2.05493781324603	-0.2
ENSMUSG00000010175	Prox1	1457432_at	NA	0.757003298226134	0.1	NA	1.67376667021839	0.2
ENSMUSG00000010307	Tmem86a	1428758_at	NA	-0.251973959698217	0	NA	1.35413501506977	0.1
ENSMUSG00000010358	Ifi35	1445897_s_at	NA	2.06990610736589	0.3	NA	0.970325220939784	0.1
ENSMUSG00000010406	Mrpl52	1415762_x_at	NA	0.930757548426724	0.1	0.186194679347498	1.77287241125553	0.2
ENSMUSG00000010435	Spaca7	1429757_at	NA	-1.83561578276639	-0.3	NA	0.17464942310225	0
ENSMUSG00000010453	Kansl3	1438400_at	NA	-1.26375002159839	-0.2	0.324278444270142	1.278529135554	0.1
ENSMUSG00000010461	Eya4	1442542_at	0.188613033284648	2.03556789285328	0.6	0.0372577861463098	3.12715613995509	0.5
ENSMUSG00000010529	Gm266	1436115_at	NA	0.255085198381704	0	0.329600853191487	1.265017140525	0.1
ENSMUSG00000010538	Tsacc	1429961_at	NA	-1.544543878614	-0.3	0.399762584696455	1.09861964653166	0.1
ENSMUSG00000010554	Mettl16	1453983_a_at	NA	0.533942381630604	0.1	NA	0.500826410174689	0
ENSMUSG00000010601	Apol7a	1453080_at	NA	-0.248991247960856	0	NA	-0.429893856268014	0
ENSMUSG00000010608	Rbm25	1437862_at	NA	1.41853310848447	0.2	NA	1.35708955151588	0.1
ENSMUSG00000010663	Fads1	1440444_at	0.268141699557516	1.66203897056605	0.4	NA	-0.204539557980461	0
ENSMUSG00000010721	Lmbr1	1442371_at	NA	0.638301458077224	0.1	NA	-1.01062945987449	-0.1
ENSMUSG00000010803	Gabra1	1455766_at	NA	0.826388830603153	0.1	NA	0.411216070680118	0
ENSMUSG00000010841	Cfap97d1	1430121_at	0.33197486608021	-1.41548418417231	-0.3	NA	-0.905599847088228	-0.1
ENSMUSG00000010914	Pdhx	1456090_at	0.0194917487454632	-4.46919743685847	-0.6	NA	-0.541559058475644	-0.1
ENSMUSG00000011096	Akt1s1	1428158_at	NA	1.01463223347707	0.2	0.957174384798719	-0.079911396117235	0
ENSMUSG00000011118	Panx3	1432860_at	NA	0.0585393796820603	0	NA	-0.705025722742499	-0.1
ENSMUSG00000011154	Cfap161	1429074_at	NA	0.0723902189620972	0	0.305770688312996	1.33230324911003	0.2
ENSMUSG00000011158	Brf1	1453209_at	NA	0.902024173095823	0.2	0.957174384798719	0.0789406901901544	0
ENSMUSG00000011254	Thg1l	1432393_a_at	NA	0.602163198696085	0.1	NA	0.0947262166211692	0
ENSMUSG00000011263	Exoc3l2	1428867_at	NA	-0.364304088956099	0	NA	-0.568174535600006	0
ENSMUSG00000011305	Plin5	1441915_s_at	NA	1.10758354584375	0.2	NA	-0.326200613511055	0
ENSMUSG00000011306	Sugp1	1444699_at	NA	0.883252600007	0.2	NA	0.0581074527902983	0
ENSMUSG00000011349	Dmrtc2	1453872_at	NA	0.450120721329536	0	NA	0.342458178061037	0
ENSMUSG00000011382	Dhdh	1457791_at	NA	0.716135485543784	0.1	NA	-1.23671454340791	-0.1
ENSMUSG00000011486	Slc25a41	1439756_at	NA	-2.87179648197463	-0.4	NA	-2.03547048433599	-0.2
ENSMUSG00000011589	Fsd1	1435421_at	NA	0.158219209602051	0	NA	0.518814330801077	0
ENSMUSG00000011658	Fuz	1431025_at	NA	0.591422124103774	0.1	NA	-1.31742682826448	-0.1
ENSMUSG00000011832	Evi5l	1452921_at	NA	-0.109761350850166	0	NA	2.45595686229286	0.2
ENSMUSG00000011960	Ccnt1	1456477_at	NA	0.130343136461141	0	0.0433076483057877	2.99223096356332	0.3
ENSMUSG00000012017	Scarf2	1434740_at	NA	0.659695781658967	0.1	0.0175598144711142	3.80782484533684	0.5
ENSMUSG00000012042	4930579F01Rik	1453272_at	NA	-0.370924622385705	0	NA	-0.885953990858545	-0.1
ENSMUSG00000012076	Brms1l	1452850_s_at	0.24696268432397	1.76079085763609	0.4	0.0040047952542318	5.16958361907161	0.4
ENSMUSG00000012114	Med15	1441617_at	NA	0.213945339178034	0	NA	-1.97112456121616	-0.1
ENSMUSG00000012123	Crybg2	1437813_at	NA	-0.572133381272363	-0.1	NA	-0.428403308885796	0
ENSMUSG00000012126	Ubxn11	1458085_at	NA	0.855022735718058	0.1	NA	-0.89968330133931	-0.1
ENSMUSG00000012211	Tex22	1429548_at	0.256611890350523	-1.72336194483512	-0.4	NA	-1.05921309523541	-0.1
ENSMUSG00000012422	Tmem167	1454151_at	NA	0.558479254285856	0.1	NA	0.266264624568505	0
ENSMUSG00000012429	Mplkip	1428921_at	NA	-0.456002987323069	-0.1	NA	-0.00202156862252041	0
ENSMUSG00000012519	Mlkl	1429570_at	NA	1.28949514095683	0.2	NA	1.9106462198648	0.2
ENSMUSG00000012520	Phox2b	1455907_x_at	NA	-0.128684442255835	0	NA	-0.813319925569025	-0.1
ENSMUSG00000012609	Ttll5	1431279_s_at	NA	1.08490132231442	0.1	NA	2.8787866261008	0.2
ENSMUSG00000012640	Zfp715	1434461_at	NA	-0.874324962895702	-0.1	NA	1.15961897883367	0.1
ENSMUSG00000013076	Amotl1	1428785_at	NA	-2.53677490591491	-0.4	0.27994629267724	-1.41776653823404	-0.2
ENSMUSG00000013083	2200002J24Rik	1460478_at	NA	0.82254318598438	0.1	NA	-2.21873603075859	-0.2
ENSMUSG00000013089	Etv5	1428142_at	0.238723321223134	1.79858865378062	0.4	NA	-0.683688047046615	0
ENSMUSG00000013091	Tmem190	1432550_at	NA	-1.07734259313823	-0.1	NA	-1.2511599383186	-0.1
ENSMUSG00000013158	4933405L10Rik	1453521_at	NA	0.898466195668028	0.1	NA	1.11489714010137	0.1
ENSMUSG00000013160	Atp6v0d1	1415671_at	NA	2.69342149724483	0.4	0.0085513881220347	4.45484406125912	0.4
ENSMUSG00000013236	Ptprs	1436855_at	NA	-0.334411930981464	0	NA	0.567317669073136	0
ENSMUSG00000013275	Slc41a1	1444511_at	NA	1.05217868338452	0.1	NA	-0.570972710551048	-0.1
ENSMUSG00000013338	Fer1l4	1453794_at	NA	-0.898299355883544	-0.1	NA	-0.584928092928751	0
ENSMUSG00000013353	4931406B18Rik	1453610_at	NA	-1.52268284001604	-0.2	NA	-0.992860433338184	-0.1
ENSMUSG00000013367	Iglon5	1458997_at	NA	-0.393432692075775	-0.1	NA	-0.371170901465486	0
ENSMUSG00000013415	Igf2bp1	1455223_at	NA	-0.800471801330479	-0.1	NA	0.461152705128084	0
ENSMUSG00000013419	Zfp651	1439542_at	NA	-0.110892250312656	0	NA	1.57261833267101	0.1
ENSMUSG00000013495	Tmem175	1435109_at	NA	1.055911475836	0.2	0.00808094323605806	4.50483561109089	0.3
ENSMUSG00000013523	Bcas1	1428792_at	NA	1.20045208484714	0.2	NA	-1.82813436762323	-0.1
ENSMUSG00000013539	Tango2	1446626_at	NA	1.2744878551212	0.2	0.198963782164087	1.71962350015158	0.2
ENSMUSG00000013562	4833413E03Rik	1430115_at	NA	1.0498889148554	0.1	NA	-2.30732918687753	-0.2
ENSMUSG00000013611	Snx31	1453177_at	NA	0.0521734628290373	0	NA	1.12877719556683	0.1
ENSMUSG00000013629	Cad	1440857_at	NA	-1.49027983886665	-0.2	NA	1.23840948331912	0.1
ENSMUSG00000013662	Atad1	1446838_at	NA	0.762661010428263	0.1	NA	-2.06698734096908	-0.2
ENSMUSG00000013663	Pten	1455728_at	0.0503786016467732	3.37422411613069	0.8	0.586867733868522	0.723975501636885	0.1
ENSMUSG00000013668	4933402N03Rik	1430146_at	NA	1.1429856944073	0.1	NA	0.875708740531113	0.1
ENSMUSG00000013707	Tnfaip8l2	1452948_at	NA	-1.79070964162031	-0.2	NA	-1.45449154095926	-0.1
ENSMUSG00000013766	Ly6g6e	1429833_at	NA	-1.99168813402442	-0.3	NA	-1.25223624640842	-0.1
ENSMUSG00000013878	Rnf170	1434956_at	0.862038122068919	0.229502924734667	0.1	NA	0.319261587449713	0
ENSMUSG00000013921	Clip3	1435256_at	NA	3.06351295666754	0.4	0.0176693774504228	3.80259471356664	0.3
ENSMUSG00000013974	Mcemp1	1430612_at	NA	-0.725229908381384	-0.1	NA	-0.79929224222684	-0.1
ENSMUSG00000014030	Pax5	1458978_at	NA	2.26023345798885	0.3	NA	-0.871596268716969	-0.1
ENSMUSG00000014039	Prdm15	1455459_at	0.658738256354945	0.561574695867744	0.2	NA	2.03216951220983	0.2
ENSMUSG00000014074	Rnf168	1455585_at	0.035434633649892	3.75734951100752	0.5	0.797821586637521	0.352421093879793	0
ENSMUSG00000014075	Tctex1d2	1428973_s_at	0.086473664544205	2.82843275364347	0.6	0.000501099863054038	7.60987892005819	0.8
ENSMUSG00000014177	Tvp23b	1452953_at	0.738978209579437	0.431621798167484	0.1	0.0250004500781091	3.49381441122751	0.6
ENSMUSG00000014198	Zfp385c	1438340_at	NA	-0.368241873038619	0	NA	-1.11126013499358	-0.1
ENSMUSG00000014329	Bicc1	1436029_at	0.0191421257148696	4.48807610551096	0.8	0.000604830367597902	7.40291494329411	0.7
ENSMUSG00000014349	Ube2z	1436635_at	NA	-0.247856853632977	0	NA	-0.78014300820608	-0.1
ENSMUSG00000014353	Tmem87b	1433740_at	0.285658296040968	1.58990199337852	0.4	0.148169800772562	1.96306099605373	0.2
ENSMUSG00000014355	Anapc1	1415680_at	NA	3.45159757729664	0.4	NA	-1.08503172056848	-0.1
ENSMUSG00000014418	Hps5	1434677_at	NA	0.662619450770168	0.1	0.221016503937694	1.62654102598421	0.3
ENSMUSG00000014426	Map3k4	1459800_s_at	0.252056538214017	1.73818512121596	0.4	0.23393665366304	1.5750119253969	0.2
ENSMUSG00000014444	Piezo1	1455157_a_at	0.192013345778544	2.01298615425137	0.4	0.0976590677786439	2.32773884783559	0.2
ENSMUSG00000014496	Ankrd28	1434630_at	0.598902461225755	0.677432670323302	0.2	NA	0.904331042395909	0.1
ENSMUSG00000014498	Ankrd52	1442832_at	NA	-0.192803596750325	0	NA	-0.409179440602098	0
ENSMUSG00000014529	Tmbim7	1432401_a_at	NA	-0.051663334159902	0	NA	0.46399540545809	0
ENSMUSG00000014550	Rbsn	1435093_at	NA	1.6950911747973	0.2	0.0882685900275575	2.41730803263974	0.3
ENSMUSG00000014592	Camta1	1433972_at	NA	-0.699858485135752	-0.1	NA	-0.22353703863096	0
ENSMUSG00000014601	Strip1	1454644_at	NA	-0.348199781960054	0	NA	0.966079594523081	0.1
ENSMUSG00000014603	Alx3	1459790_x_at	NA	-0.00256702195344791	0	NA	-0.324880299195003	0
ENSMUSG00000014668	Chfr	1442922_at	NA	-2.19496938046106	-0.3	NA	-0.907562036869926	-0.1
ENSMUSG00000014763	Fam120b	1435668_at	0.386719553777739	1.21832164967255	0.4	NA	1.96592948032522	0.2
ENSMUSG00000014776	Nol3	1444786_at	NA	1.21940954669192	0.2	0.0295897186434584	3.31801544530617	0.4
ENSMUSG00000014778	Fhod1	1435557_at	0.0362435906593454	3.73084013455291	0.5	0.174650246130841	1.82957553527872	0.2
ENSMUSG00000014782	Plekhg4	1457145_at	NA	-0.886741096838162	-0.1	0.000146158510210944	10.2518616605538	1
ENSMUSG00000014786	Slc9a5	1420070_a_at	NA	1.41802792528684	0.2	NA	-0.719140754967209	-0.1
ENSMUSG00000014837	4931428F04Rik	1435024_at	NA	1.39783325803677	0.3	NA	1.14637179446916	0.1
ENSMUSG00000014850	Msh3	1446511_at	NA	0.503209657852098	0.1	NA	1.8159208349097	0.2
ENSMUSG00000014932	Yes1	1456843_at	NA	0.906528747351217	0.1	NA	0.544495327742693	0
ENSMUSG00000015120	Ube2i	1453189_at	NA	3.45858147780307	0.4	NA	0.673769127294145	0.1
ENSMUSG00000015127	Unkl	1428565_at	NA	1.13079318042048	0.2	NA	2.02809265095153	0.2
ENSMUSG00000015165	Hnrnpl	1445594_at	NA	0.699942290808594	0.1	NA	-0.289707888877429	0
ENSMUSG00000015202	Cnksr3	1433983_at	0.357169791348829	1.31801745706066	0.3	0.0241822185705996	3.52318773436655	0.3
ENSMUSG00000015222	Map2	1434194_at	0.859855787491542	-0.234927031150343	-0.1	NA	-0.00367925598546025	0
ENSMUSG00000015242	Nipsnap3a	1453236_at	NA	1.34475136307341	0.2	NA	-0.490693433473973	0
ENSMUSG00000015314	Slamf6	1457773_at	NA	0.597785832115351	0.1	NA	0.362376604869915	0
ENSMUSG00000015340	Cybb	1436779_at	NA	0.0274361981695658	0	NA	-0.11817154005108	0
ENSMUSG00000015341	Golga7	1415672_at	NA	0.036944635742674	0	0.17891766922106	1.80386894544049	0.2
ENSMUSG00000015363	Trabd	1441215_at	NA	0.060747833278944	0	NA	-1.25381248525746	-0.1
ENSMUSG00000015377	Dennd6b	1436140_at	NA	0.272692877413372	0	NA	0.409128063694267	0
ENSMUSG00000015452	Ager	1441958_s_at	0.29594016676849	-1.54033369986548	-0.3	0.154070739237568	-1.93103605818622	-0.2
ENSMUSG00000015484	Fam163a	1457112_at	NA	-0.858426037146801	-0.1	0.0847721281560572	-2.4521993614597	-0.2
ENSMUSG00000015522	Arnt	1419996_s_at	0.461549313950817	1.00432585058414	0.3	NA	1.30593223668868	0.1
ENSMUSG00000015533	Itga2	1442350_at	NA	-0.587875205305503	-0.1	NA	-0.61238922067983	-0.1
ENSMUSG00000015597	Zfp318	1430558_at	NA	0.101722073557769	0	NA	1.24396572483201	0.1
ENSMUSG00000015599	Ttbk1	1443528_at	NA	1.01180745793943	0.1	NA	-0.282299693484286	0
ENSMUSG00000015653	Steap2	1428636_at	0.591798995894063	0.695732033325495	0.2	0.176349050711612	1.8181331307744	0.2
ENSMUSG00000015672	Mrpl32	1440697_at	NA	1.83081717499689	0.3	0.949845265512594	0.0913043765737352	0
ENSMUSG00000015709	Arnt2	1434028_at	0.0167863865593075	4.65485752861623	0.7	NA	0.575418795991943	0
ENSMUSG00000015829	Tnr	1436148_at	NA	0.585459696113735	0.1	0.37486017223126	-1.1503881389607	-0.1
ENSMUSG00000015837	Sqstm1	1442726_s_at	NA	-0.211157728867679	0	NA	-0.90974307080733	-0.1
ENSMUSG00000015839	Nfe2l2	1457117_at	NA	-1.74282335251532	-0.2	NA	-0.977685446038915	-0.1
ENSMUSG00000015879	Fam184b	1440200_at	NA	1.0118165880555	0.1	0.309376824995223	-1.3206535551164	-0.2
ENSMUSG00000015882	Lcorl	1455686_at	NA	0.157970120605549	0	NA	0.95390852142216	0.1
ENSMUSG00000015890	Amdhd1	1447380_at	NA	1.50555339658961	0.2	NA	0.139405099296052	0
ENSMUSG00000015944	Castor2	1443925_at	NA	0.14751557779113	0	NA	-1.01457574074829	-0.1
ENSMUSG00000015947	Fcgr1	1436625_at	NA	-1.36659183482815	-0.1	NA	-0.227490595048666	0
ENSMUSG00000015950	Ncf1	1456772_at	NA	0.216900968118092	0	NA	-1.58280350435674	-0.1
ENSMUSG00000015962	1700016C15Rik	1430674_at	NA	-0.529425534366797	-0.1	NA	0.0554775601536976	0
ENSMUSG00000015980	Lrrc27	1452865_at	NA	1.12272566302406	0.1	NA	1.74371769028046	0.1
ENSMUSG00000015994	Fnta	1447904_s_at	NA	0.639262784206154	0.1	0.0818566972671333	2.47874005121062	0.2
ENSMUSG00000016018	Mtrex	1447517_at	NA	0.610309069986307	0.1	0.0495372615407539	2.87565366418386	0.3
ENSMUSG00000016024	Lbp	1447520_at	NA	1.6242466910347	0.3	NA	-0.180578480102136	0
ENSMUSG00000016150	Tenm1	1458842_at	NA	0.329404530471652	0	NA	-0.710194993910733	-0.1
ENSMUSG00000016181	Utp25	1458448_at	NA	0.810470172318126	0.2	NA	-0.358009258632783	0
ENSMUSG00000016200	Syt14	1460595_at	NA	1.00377923453802	0.1	0.860643961287316	-0.245125221765869	0
ENSMUSG00000016239	Lonrf3	1429863_at	NA	1.11840706726465	0.2	NA	1.04536452895502	0.1
ENSMUSG00000016262	Sertad4	1454877_at	0.0123626215875933	5.07776131275698	1	0.022350522222997	3.59733897800044	0.4
ENSMUSG00000016346	Kcnq2	1440141_at	NA	1.18733796801132	0.2	NA	-0.515095489047253	-0.1
ENSMUSG00000016356	Col20a1	1430855_at	NA	-0.939730271810791	-0.2	NA	-1.41779441486307	-0.1
ENSMUSG00000016386	Mpped2	1431751_a_at	0.364181031160914	-1.29814440371772	-0.3	NA	1.06145767888532	0.1
ENSMUSG00000016409	Nkap	1435662_at	NA	1.19554759222951	0.1	0.103423873374723	2.2770494101426	0.2
ENSMUSG00000016477	E2f3	1434564_at	0.102217305253891	2.64496947003732	0.5	0.120229178670155	2.14851771932389	0.2
ENSMUSG00000016481	Cr1l	1430131_at	NA	-0.313156963379416	0	0.433687073093497	1.02639123932698	0.1
ENSMUSG00000016487	Ppfibp1	1452759_s_at	0.961714493871493	0.0633052789116404	0	0.0250591028922397	3.48276383777166	0.4
ENSMUSG00000016510	Mtif3	1429160_at	NA	-0.670314211106306	-0.1	NA	-1.46965771097953	-0.1
ENSMUSG00000016552	Foxred2	1434414_at	NA	1.93097265373607	0.3	0.00033197372274026	8.46725009388691	1
ENSMUSG00000016624	Phf21b	1454999_at	0.666364298541921	-0.548852232229017	-0.1	NA	0.144217519035735	0
ENSMUSG00000016626	Nlrp14	1429409_at	NA	-2.49788297199492	-0.3	NA	-2.32731758122396	-0.2
ENSMUSG00000016756	Cmah	1436039_at	NA	0.441609488390396	0.1	NA	0.480322195165238	0
ENSMUSG00000016757	Ttll12	1437242_at	NA	1.26154752059641	0.2	0.0257093307103966	-3.4529047341332	-0.3
ENSMUSG00000016918	Sulf1	1438200_at	0.0396145143940422	3.65015380669701	0.8	0.0387103428515392	3.09145599590602	0.4
ENSMUSG00000016921	Srsf6	1447898_s_at	0.20541868389446	1.9539723166949	0.5	0.301740285647928	-1.34479052281298	-0.2
ENSMUSG00000016933	Plcg1	1435149_at	NA	2.88406361004064	0.4	NA	0.982990312526387	0.1
ENSMUSG00000016940	Kctd2	1443506_at	NA	0.855323737007043	0.1	NA	-0.246821622988641	0
ENSMUSG00000016942	Tmprss6	1428676_at	NA	1.35337522259926	0.2	NA	-0.164902873681437	0
ENSMUSG00000016982	Pom121l2	1436975_at	NA	0.183678991196318	0	NA	0.0431553142835723	0
ENSMUSG00000016984	Etaa1	1457882_at	NA	-1.18467187738618	-0.1	NA	1.62646527294149	0.1
ENSMUSG00000017132	Cyth1	1447786_at	NA	0.280536129012414	0	NA	0.890231291142892	0.1
ENSMUSG00000017195	Zpbp2	1429512_at	NA	-0.53948101437525	-0.1	NA	-1.39080853558017	-0.1
ENSMUSG00000017204	Gsdma	1457777_at	NA	0.556706336743681	0.1	NA	0.651074195991775	0.1
ENSMUSG00000017211	Gsdma2	1432140_at	NA	2.46504477779305	0.2	NA	-2.00371957869028	-0.2
ENSMUSG00000017291	Taok1	1455432_at	NA	0.509885435565211	0.1	NA	-1.2750041537598	-0.1
ENSMUSG00000017309	Cd300lg	1453131_at	NA	0.264144855604128	0.1	NA	0.487076625568545	0
ENSMUSG00000017310	Spint4	1431444_at	NA	-1.62992801026844	-0.3	NA	-0.645700979651525	-0.1
ENSMUSG00000017376	Nlk	1456467_s_at	NA	0.715127530162046	0.1	NA	0.0580449813464445	0
ENSMUSG00000017405	Nek8	1458157_at	NA	-0.626608405024705	-0.1	NA	-0.250296090849793	0
ENSMUSG00000017412	Cacnb4	1428928_at	NA	0.576421765377486	0.1	NA	-0.688121835011394	-0.1
ENSMUSG00000017418	Arl5b	1455166_at	0.356058329674371	1.32641264132769	0.3	0.885479693022059	-0.2026709381106	0
ENSMUSG00000017550	Atad5	1435597_at	NA	3.47521920034741	0.5	NA	-0.483855781298482	-0.1
ENSMUSG00000017607	Tns4	1439347_at	NA	-1.25756960623603	-0.2	NA	-0.559431423242677	0
ENSMUSG00000017639	Rab11fip4	1434156_at	NA	0.389956717418748	0.1	NA	-1.80308745917711	-0.1
ENSMUSG00000017652	Cd40	1439221_s_at	NA	-0.543206117644903	-0.1	0.0348681791861595	3.17992057711141	0.3
ENSMUSG00000017670	Elmo2	1436011_at	NA	0.384173454273082	0	NA	1.50588718632945	0.1
ENSMUSG00000017679	Ttpal	1428457_at	NA	1.17650397988005	0.2	NA	-1.02919786895571	-0.1
ENSMUSG00000017686	Rhot1	1440853_at	NA	0.717144458141281	0.1	NA	0.359001368679425	0
ENSMUSG00000017707	Serinc3	1434548_at	NA	0.724296804864602	0.1	0.231989379651689	1.58259834277444	0.2
ENSMUSG00000017720	Trp53tg5	1430106_at	NA	-0.118092791319796	0	NA	0.276408391503866	0
ENSMUSG00000017721	Pigt	1447382_at	NA	2.96154301034428	0.3	NA	-2.15569915362301	-0.2
ENSMUSG00000017724	Etv4	1443381_at	NA	-0.44473356065069	-0.1	NA	-1.68285362270677	-0.1
ENSMUSG00000017734	Dbndd2	1456943_a_at	NA	1.0082272232045	0.1	0.17669731315759	-1.81541632742765	-0.2
ENSMUSG00000017760	Ctsa	1458466_at	NA	1.09393808268331	0.1	NA	0.0193773127583679	0
ENSMUSG00000017767	Spata25	1432498_at	NA	-0.204566483175391	0	NA	-0.168346250709283	0
ENSMUSG00000017817	Jph2	1455404_at	NA	-1.84537694746181	-0.3	0.528393732167441	-0.832496602934366	-0.1
ENSMUSG00000017832	Hspb9	1452842_at	NA	-0.111517805486069	0	NA	-1.36379696362246	-0.1
ENSMUSG00000017843	Ppp2r5c	1455520_at	NA	2.22407946101918	0.4	0.0314161077343871	3.26298257357508	0.3
ENSMUSG00000017858	Ift52	1434696_at	NA	1.23491418886216	0.2	0.0882685900275575	2.41684964975315	0.2
ENSMUSG00000017929	B4galt5	1433617_s_at	NA	0.510983084602157	0.1	0.0182412942142458	3.76802115277893	0.4
ENSMUSG00000017943	Gdap1l1	1455443_at	NA	-1.36666777212954	-0.2	NA	-0.0748165087447863	0
ENSMUSG00000018001	Cyth3	1446268_at	NA	-0.890085917417104	-0.1	NA	-1.62162150556902	-0.1
ENSMUSG00000018008	Cyth4	1460437_at	NA	0.496689901241881	0.1	NA	-1.19677319339157	-0.1
ENSMUSG00000018040	Rrp7a	1444383_at	NA	1.02513651160431	0.1	NA	0.576653131705093	0
ENSMUSG00000018068	Ints2	1429461_at	0.366816299241462	1.28755816493679	0.4	NA	0.588842754438801	0.1
ENSMUSG00000018076	Med13l	1434603_at	NA	0.588314532656006	0.1	0.42155329408093	1.04978177602544	0.1
ENSMUSG00000018168	Ikzf3	1441088_at	NA	1.15716581077194	0.1	NA	-0.330897254669748	0
ENSMUSG00000018199	Ro60	1436534_at	0.0774273176346188	2.93891012257356	0.5	0.101332346097741	-2.30103442293565	-0.3
ENSMUSG00000018209	Stk4	1434159_at	NA	1.2684162211094	0.3	NA	1.38870300475297	0.1
ENSMUSG00000018363	Smurf2	1454894_at	NA	1.51327283906603	0.3	0.016694024254302	3.85549815285449	0.4
ENSMUSG00000018372	Cep95	1440280_at	NA	0.0830216089812852	0	NA	-0.00207186341630376	0
ENSMUSG00000018377	Vezf1	1429085_at	0.223119209145184	1.87370141596713	0.4	0.128740970692069	2.08357174737219	0.2
ENSMUSG00000018378	Cuedc1	1453808_at	NA	1.10304750934609	0.1	NA	0.3764907661777	0
ENSMUSG00000018379	Srsf1	1457136_at	NA	-0.564142754558294	-0.1	NA	-1.20111668200999	-0.1
ENSMUSG00000018381	Abi3	1452928_at	NA	-0.305244540207427	0	NA	-0.112396768205825	0
ENSMUSG00000018398	Sept8	1456885_at	NA	0.708741312782317	0.1	0.0884353216556027	2.41510196793562	0.2
ENSMUSG00000018401	Mtmr4	1459874_s_at	0.186763660256801	2.04692127687487	0.7	0.125655636823585	-2.10790796716035	-0.3
ENSMUSG00000018411	Mapt	1455028_at	NA	-0.652984544053177	-0.1	NA	-1.50068949709943	-0.1
ENSMUSG00000018412	Kansl1	1447569_at	NA	0.75769368027645	0.1	NA	-0.696350635290347	-0.1
ENSMUSG00000018417	Myo1b	1459679_s_at	NA	3.78061172684508	0.5	0.528855933321474	0.830436845825256	0.2
ENSMUSG00000018427	Ypel2	1434277_a_at	NA	-0.185634250729773	0	0.0687145650230127	2.60570254750634	0.3
ENSMUSG00000018433	Nol11	1439166_at	NA	-0.6151261638169	-0.1	NA	1.07392340322921	0.1
ENSMUSG00000018449	Rpain	1428828_at	NA	1.02394196613765	0.2	NA	0.92614317969389	0.1
ENSMUSG00000018474	Chd3	1428466_at	NA	-1.42095695415767	-0.2	NA	1.96524133806437	0.2
ENSMUSG00000018476	Kdm6b	1447612_x_at	NA	-1.03110274843616	-0.1	NA	2.3482380772292	0.2
ENSMUSG00000018479	1700125H20Rik	1429873_at	NA	0.774931531706496	0.1	NA	0.776892403649804	0.1
ENSMUSG00000018481	Appbp2	1434041_at	NA	0.0233756543801395	0	NA	0.470958247718969	0
ENSMUSG00000018486	Wnt9b	1443197_at	NA	-0.751386875761237	-0.1	NA	-0.599156962334441	0
ENSMUSG00000018500	Adora2b	1434430_s_at	NA	0.281447881595587	0	NA	1.38908927921479	0.1
ENSMUSG00000018501	Ncor1	1435914_at	0.354453765129014	1.33749234847453	0.3	NA	1.65859426877209	0.1
ENSMUSG00000018541	Cwc25	1428759_s_at	NA	1.44566161585657	0.3	NA	-0.490369477396256	0
ENSMUSG00000018543	1700001P01Rik	1430091_at	NA	-0.981345856096315	-0.2	NA	-1.82302386676636	-0.2
ENSMUSG00000018547	Pip4k2b	1435068_at	NA	1.63823334166968	0.2	NA	0.418522993436878	0
ENSMUSG00000018548	Trim37	1435604_at	NA	2.40040357395799	0.3	NA	1.64049211800688	0.1
ENSMUSG00000018565	Elp5	1444136_at	NA	0.677458641648143	0.1	NA	-2.41885496128002	-0.2
ENSMUSG00000018570	2810408A11Rik	1430178_at	NA	0.36839852220316	0	NA	-1.57875281155522	-0.1
ENSMUSG00000018585	Atox1	1415760_s_at	NA	2.96019853117836	0.4	NA	0.224685766901553	0
ENSMUSG00000018589	Glra2	1434098_at	NA	1.00158350575796	0.1	NA	-0.850866027726773	-0.1
ENSMUSG00000018599	Mief2	1434072_at	0.0787090469190134	-2.91633853163088	-0.7	NA	-1.76936871073301	-0.1
ENSMUSG00000018604	Tbx3	1445757_at	NA	-0.422065932576536	-0.1	NA	0.769404148602478	0.1
ENSMUSG00000018654	Ikzf1	1436312_at	NA	-0.783613074943674	-0.1	NA	-0.0162407750433083	0
ENSMUSG00000018750	Zbtb4	1429722_at	0.353119684394257	1.34687862739519	0.4	0.0250591028922397	3.48617517607644	0.4
ENSMUSG00000018800	Abca5	1434474_at	0.170878995447863	2.12988723230777	0.5	0.780465353221666	0.378379428789215	0
ENSMUSG00000018809	Smyd4	1460053_at	0.00889304978086934	5.56766729573856	1	0.00338440533637463	5.41825938205886	0.7
ENSMUSG00000018820	Zfyve27	1460026_s_at	NA	0.969276356603242	0.2	NA	-0.050693662959115	0
ENSMUSG00000018822	Sfrp5	1436075_at	NA	-0.736058122322337	-0.1	NA	-3.30393962799712	-0.3
ENSMUSG00000018841	Rad51d	1443891_at	NA	1.22526374004213	0.1	NA	-1.50885492202919	-0.1
ENSMUSG00000018844	Fndc8	1430915_at	NA	-1.88076017346585	-0.3	NA	-1.48525888442671	-0.1
ENSMUSG00000018845	Unc45b	1436939_at	0.105124515227721	-2.61874814458177	-0.7	NA	1.56938232220872	0.2
ENSMUSG00000018858	Mrpl58	1444276_at	NA	0.424416342273885	0	NA	-0.973916528056869	-0.1
ENSMUSG00000018862	Otop3	1429036_at	NA	-0.177992732713073	0	NA	-0.175180530741486	0
ENSMUSG00000018865	Sult4a1	1433714_at	NA	-1.58149699727588	-0.2	NA	-0.466232764911454	0
ENSMUSG00000018868	Pnpla5	1430693_at	NA	0.126073883514832	0	NA	0.0890828820864393	0
ENSMUSG00000018983	E2f2	1436434_at	NA	-0.0514555321384767	0	3.03618882849029e-05	-13.6000452183238	-1.1
ENSMUSG00000018995	Nars2	1433839_at	0.913481280029564	0.149953997014561	0	NA	1.09198629329315	0.1
ENSMUSG00000019027	Dnah1	1434594_at	NA	0.550255562988763	0.1	NA	-1.28333407301323	-0.1
ENSMUSG00000019124	Scrn1	1428717_at	NA	3.21209411071042	0.4	NA	0.177054125382939	0
ENSMUSG00000019146	Cacng2	1453363_at	NA	-0.252508954495896	0	NA	0.01702917020302	0
ENSMUSG00000019188	H13	1438456_at	NA	-1.02087663919565	-0.1	NA	1.58979093457998	0.2
ENSMUSG00000019189	Rnf145	1443435_at	NA	0.0539133992580843	0	NA	0.114762336308933	0
ENSMUSG00000019210	Atp6v1e1	1457049_at	NA	-0.708796056659156	-0.1	NA	1.01900363398026	0.1
ENSMUSG00000019230	Lhx9	1429905_at	NA	0.859598969886852	0.1	0.301740285647928	1.34502069431336	0.2
ENSMUSG00000019232	Etnppl	1452975_at	NA	-1.28827767149007	-0.2	NA	-0.260172422686314	0
ENSMUSG00000019254	Ppp1r12c	1454848_at	NA	2.61661817089296	0.3	NA	0.513838819398772	0.1
ENSMUSG00000019295	Tmem129	1415715_at	0.0773116627898916	2.94188687573737	0.5	NA	1.39694188277358	0.1
ENSMUSG00000019303	Psmc3ip	1442058_s_at	NA	0.842150384224215	0.1	0.0748203543686368	2.54814203437053	0.3
ENSMUSG00000019338	Zfp687	1428687_at	NA	2.07475425473445	0.3	NA	0.732535492662507	0.1
ENSMUSG00000019373	Cops3	1441156_at	NA	0.862747612645004	0.1	NA	-1.17031346109666	-0.1
ENSMUSG00000019464	Ptger1	1445445_s_at	NA	-1.19399723345791	-0.2	0.476130334171192	0.930989618310744	0.1
ENSMUSG00000019528	Gyg	1459522_s_at	0.0182517073447109	-4.54013185024328	-1	0.643721981530669	0.618329715116552	0.1
ENSMUSG00000019647	Sema6a	1436458_at	0.831008364571849	-0.285386497803961	-0.1	NA	-0.385717565820879	0
ENSMUSG00000019699	Akt3	1435879_at	NA	0.588041007603257	0.1	NA	2.13107226197835	0.2
ENSMUSG00000019715	Gle1	1445482_at	NA	-0.551187580003403	-0.1	NA	-0.725493903921311	-0.1
ENSMUSG00000019732	Calr3	1453232_at	NA	1.73009349105589	0.2	NA	-0.323672841153846	0
ENSMUSG00000019756	Prl8a1	1432455_a_at	NA	-0.611839155933278	-0.1	NA	0.00584737260452537	0
ENSMUSG00000019768	Esr1	1460591_at	0.353119684394257	1.34609199991056	0.3	0.172353202302068	1.83875582547095	0.2
ENSMUSG00000019773	Fbxo5	1429499_at	0.00561075622374505	6.54337433098213	0.9	NA	1.3170615667649	0.1
ENSMUSG00000019774	Mtrf1l	1438025_at	NA	1.1051281488002	0.2	0.131582313261282	2.06754953131093	0.3
ENSMUSG00000019775	Rgs17	1439779_at	NA	-0.258132950942148	0	NA	-0.543698408050305	0
ENSMUSG00000019777	Hdac2	1445684_s_at	0.460449469474447	1.0101172009181	0.3	0.0673206227167697	2.62675402118534	0.3
ENSMUSG00000019779	Frk	1436413_at	NA	-0.271229428729969	0	NA	1.4753273373794	0.1
ENSMUSG00000019782	Rwdd1	1454241_at	NA	0.398571370383092	0	NA	1.61143795033423	0.1
ENSMUSG00000019785	Clvs2	1443063_at	NA	0.817821382152906	0.1	NA	-0.329821488746806	0
ENSMUSG00000019790	Stxbp5	1435398_at	NA	2.28586917289349	0.3	NA	-1.15558474951541	-0.1
ENSMUSG00000019792	Trmt11	1428551_at	0.448849967667185	1.03995814397817	0.2	NA	0.545783356219362	0
ENSMUSG00000019796	Lrp11	1433536_at	NA	0.555884380673141	0.1	0.0135080759755964	4.07808822482106	0.4
ENSMUSG00000019802	Sec63	1452854_at	0.789325479115167	-0.354376091454882	-0.1	0.023880244279701	3.5330398551407	0.5
ENSMUSG00000019803	Nr2e1	1457289_at	NA	-1.01331508632355	-0.1	NA	-0.80663069886247	-0.1
ENSMUSG00000019810	Fuca2	1440313_at	NA	-0.033535690330261	0	NA	0.307873078967439	0
ENSMUSG00000019813	Cep57l1	1441563_at	NA	0.00146220618403234	0	NA	-1.10889416324577	-0.1
ENSMUSG00000019815	Zc2hc1b	1454181_at	NA	-1.06995989930299	-0.2	NA	-0.779839597738417	-0.1
ENSMUSG00000019826	Zbtb24	1438218_at	0.541010148629571	0.804948694699912	0.2	NA	1.90212565828689	0.2
ENSMUSG00000019828	Grm1	1440545_at	NA	0.698725008075338	0.1	NA	-0.276335073069571	0
ENSMUSG00000019834	Slc22a16	1429804_at	NA	3.03591210246815	0.3	NA	2.10266141085159	0.2
ENSMUSG00000019837	Gtf3c6	1434568_at	NA	-0.0921318168968087	0	NA	2.08967643831537	0.2
ENSMUSG00000019838	Slc16a10	1436368_at	NA	0.868665887421489	0.1	NA	0.780948959531099	0.1
ENSMUSG00000019845	Tube1	1443481_at	NA	3.41679032263291	0.5	NA	-0.141394988122341	0
ENSMUSG00000019849	Prep	1439942_at	NA	1.44539467967781	0.2	0.197839713083728	-1.72471915690064	-0.2
ENSMUSG00000019850	Tnfaip3	1433699_at	NA	-0.863574414119905	-0.2	NA	0.822844096865735	0.1
ENSMUSG00000019852	Arfgef3	1455995_at	NA	1.36352090792136	0.1	NA	1.42791919253868	0.1
ENSMUSG00000019853	Hebp2	1446415_at	NA	0.627653482944445	0.1	NA	0.766294937687089	0.1
ENSMUSG00000019854	Reps1	1440822_x_at	0.983308448291404	0.0243955911305637	0	0.534763314996049	0.819892248370611	0.1
ENSMUSG00000019856	Fam184a	1430066_at	NA	2.11601102266852	0.2	NA	-2.54858358053327	-0.2
ENSMUSG00000019861	Gopc	1453221_at	NA	1.35993594925228	0.2	NA	0.96729247686963	0.1
ENSMUSG00000019867	Gje1	1430110_at	NA	0.641837011428142	0.1	NA	-0.571487170128294	0
ENSMUSG00000019868	Vta1	1415722_a_at	NA	-0.997525544905884	-0.1	0.0521304118909775	2.83727813411777	0.3
ENSMUSG00000019873	Reep3	1433976_at	0.086907969049623	2.81774438407764	0.5	0.0823055039775542	2.47413146664451	0.3
ENSMUSG00000019878	Hsf2	1444436_at	NA	1.0205678178572	0.1	NA	1.20355534648149	0.1
ENSMUSG00000019880	Rspo3	1443187_at	NA	0.0698208562775005	0	NA	0.780083874303952	0.1
ENSMUSG00000019889	Ptprk	1441277_s_at	NA	0.11563751626213	0	0.835732321975624	-0.288470893380938	0
ENSMUSG00000019906	Lin7a	1438450_at	0.583247497154372	-0.71030067477761	-0.2	NA	-1.23427030075302	-0.1
ENSMUSG00000019907	Ppp1r12a	1429487_at	NA	1.2909908312637	0.3	0.370643060344103	1.15957298212676	0.1
ENSMUSG00000019909	Fam162b	1453496_at	NA	0.235143278533205	0	NA	-2.37318260030148	-0.2
ENSMUSG00000019917	Sept10	1438804_at	NA	0.0781566420746263	0	NA	0.969406343156373	0.1
ENSMUSG00000019923	Zwint	1460483_at	NA	1.31407267828371	0.2	NA	0.673296882146844	0.1
ENSMUSG00000019929	Dcn	1441506_at	NA	1.19314585583109	0.1	NA	-1.49932582852276	-0.1
ENSMUSG00000019933	Mrln	1430036_at	0.293783981172149	-1.5518928871978	-0.3	0.0148489491187743	3.9862410328715	0.5
ENSMUSG00000019943	Atp2b1	1452969_at	NA	2.05866206088218	0.3	NA	-0.565706346153323	0
ENSMUSG00000019944	Rhobtb1	1429206_at	NA	0.854446857631376	0.2	0.0353253286901588	3.16623566360607	0.3
ENSMUSG00000019945	Cabcoco1	1428812_at	NA	-1.22939339987088	-0.2	0.00666452782141828	-4.70686024211247	-0.4
ENSMUSG00000019947	Arid5b	1434283_at	NA	4.16103903117138	0.4	0.0106136977155407	4.27571109890657	0.4
ENSMUSG00000019952	Poc1b	1453110_at	0.0423622577264991	3.58525646263982	0.5	NA	-0.00770992436788623	0
ENSMUSG00000019961	Tmpo	1428976_at	0.0167863865593075	4.6617082226931	1.1	0.285140664110633	1.4021333355672	0.2
ENSMUSG00000019975	Ikbip	1429065_at	0.505319703927855	0.886842176241891	0.2	0.0095287507417723	4.35550086802024	0.7
ENSMUSG00000019978	Epb41l2	1459619_at	NA	1.78387511411265	0.2	NA	0.557510026235482	0
ENSMUSG00000019996	Map7	1432983_at	NA	0.715137866912449	0.1	0.197274405661287	-1.72695162973065	-0.2
ENSMUSG00000020007	Il20ra	1446498_at	NA	0.478543071451351	0	NA	0.717849831078376	0.1
ENSMUSG00000020014	Cfap54	1440502_at	NA	1.14891093330131	0.1	NA	-0.918259872202663	-0.1
ENSMUSG00000020015	Cdk17	1434082_at	NA	0.486975022699629	0.1	NA	3.03553715003864	0.2
ENSMUSG00000020019	Ntn4	1439794_at	0.0199959925582962	4.43964071919633	0.7	NA	0.213405144250627	0
ENSMUSG00000020020	Usp44	1456690_at	NA	-0.840688816180841	-0.1	NA	0.164920339129581	0
ENSMUSG00000020021	Fgd6	1435467_at	NA	1.3880814404941	0.1	NA	-0.847296373198981	-0.1
ENSMUSG00000020023	Tmcc3	1454889_x_at	0.260235469414206	-1.69710472137225	-0.4	0.91352980865512	0.155518283902977	0
ENSMUSG00000020024	Cep83	1430303_at	0.074619772551419	-2.98185921113649	-0.5	NA	0.420490000220368	0
ENSMUSG00000020027	Socs2	1438470_at	0.51469429103395	-0.863707003119794	-0.2	0.07746644642331	2.51964000556705	0.4
ENSMUSG00000020032	Nuak1	1438684_at	NA	-0.661938656809529	-0.1	0.0531828047779576	2.81873111881723	0.4
ENSMUSG00000020033	4930463O16Rik	1431870_at	NA	0.151061847817546	0	0.122948757575312	-2.12769786487455	-0.2
ENSMUSG00000020034	Tcp11l2	1454646_at	NA	-2.93404889981688	-0.4	0.00290151094281741	5.62655687833373	0.5
ENSMUSG00000020037	Rfx4	1432053_at	NA	0.0945790642784432	0	NA	-0.722244827432098	-0.1
ENSMUSG00000020042	Btbd11	1428377_at	NA	0.131276310518738	0	0.000217373299463471	-9.43243557454343	-0.7
ENSMUSG00000020052	Ascl1	1437086_at	NA	0.763765837819634	0.1	NA	1.98591463791215	0.1
ENSMUSG00000020053	Igf1	1434413_at	0.0886959582327268	2.79794748972244	0.7	0.0152917668653954	3.94302918579562	0.8
ENSMUSG00000020056	Washc3	1457628_at	NA	0.193363213764003	0	NA	0.471802049717522	0
ENSMUSG00000020061	Mybpc1	1455645_at	0.0304937207481406	-3.93556048034798	-0.6	NA	0.0671071129249996	0
ENSMUSG00000020064	Herc4	1438814_at	NA	1.4326470821033	0.2	NA	1.01987755968014	0.1
ENSMUSG00000020067	Mypn	1435813_at	0.00561075622374505	-6.5073100611855	-0.9	0.11233501021674	-2.20906565522544	-0.3
ENSMUSG00000020070	Rufy2	1434346_at	NA	0.17990662165666	0	NA	-0.389082305004714	0
ENSMUSG00000020074	Ccar1	1436156_at	0.739405070523044	0.429444618983866	0.1	0.0348681791861595	3.17979015037507	0.3
ENSMUSG00000020076	Ddx50	1439082_at	NA	-0.455130832284582	-0.1	NA	1.64959148567026	0.1
ENSMUSG00000020080	Hkdc1	1459421_at	NA	0.632681557082975	0.1	0.388667687962785	-1.12336325909388	-0.1
ENSMUSG00000020085	Aifm2	1431143_x_at	NA	1.0828944243486	0.2	NA	-0.595873222390797	-0.1
ENSMUSG00000020088	Sar1a	1415696_at	NA	2.45243599238007	0.3	NA	1.97375796676051	0.2
ENSMUSG00000020099	Unc5b	1453269_at	NA	0.16988627824743	0	0.0398617035401347	3.06314602835696	0.3
ENSMUSG00000020102	Slc16a7	1440840_at	NA	0.552204858393082	0.1	NA	-2.06060559046362	-0.1
ENSMUSG00000020105	Lrig3	1430555_s_at	NA	-0.358697883482043	-0.1	NA	1.83155342203317	0.2
ENSMUSG00000020111	Micu1	1439501_at	NA	-0.399718250596241	-0.1	0.0694075687387531	2.59935466025582	0.2
ENSMUSG00000020114	Cand1	1435781_at	NA	2.79167672850286	0.3	0.196460841497523	1.73046540862782	0.3
ENSMUSG00000020115	Tbk1	1445571_at	NA	1.51560649930013	0.2	NA	0.985856412159081	0.1
ENSMUSG00000020121	Srgap1	1442175_at	NA	1.02961789052281	0.2	NA	1.34852904893422	0.1
ENSMUSG00000020122	Egfr	1435888_at	0.016885828050311	4.63286827268672	1	0.0201598226601823	3.6791810575598	0.4
ENSMUSG00000020124	Usp15	1442307_at	NA	-0.518372372144392	-0.1	NA	-1.44827784401867	-0.1
ENSMUSG00000020134	Peli1	1431061_s_at	NA	0.373301632579107	0	NA	1.26428681853038	0.1
ENSMUSG00000020137	Thap2	1455336_at	0.552394714910163	0.777587402702287	0.2	0.175326167942192	1.82262882828863	0.2
ENSMUSG00000020140	Lgr5	1444519_at	NA	0.0627525903830747	0	NA	-0.0334973144496601	0
ENSMUSG00000020143	Dock2	1444741_at	NA	-0.727169263759568	-0.1	NA	-0.883564943370704	-0.1
ENSMUSG00000020152	Actr2	1441660_at	NA	-2.04727749652143	-0.2	NA	-0.293663372614194	0
ENSMUSG00000020154	Ptprb	1436367_at	NA	0.744563831243518	0.1	NA	-0.305983956229413	0
ENSMUSG00000020160	Meis1	1459423_at	NA	0.443505589765136	0	NA	0.340010638445592	0
ENSMUSG00000020164	Kcnmb4os1	1453449_at	0.39338021479427	-1.19824910654179	-0.4	NA	-1.20377040892507	-0.1
ENSMUSG00000020170	Frs2	1437891_at	0.127071781696523	2.42365526520184	0.6	0.0427023939236459	3.01250486100879	0.4
ENSMUSG00000020173	Cobl	1442076_at	NA	-1.83517621612072	-0.3	NA	-0.592224311740354	-0.1
ENSMUSG00000020175	Rab36	1455064_at	NA	1.08833743673507	0.1	NA	1.85874700019842	0.2
ENSMUSG00000020177	9530003J23Rik	1429829_at	NA	-0.0680065209009584	0	NA	0.881660528710936	0.1
ENSMUSG00000020181	Nav3	1456144_at	NA	2.53306873901119	0.4	NA	-0.594314643090267	-0.1
ENSMUSG00000020182	Ddc	1430591_at	NA	0.114681574421672	0	NA	0.418199490296827	0
ENSMUSG00000020183	Cpm	1429413_at	NA	0.845442583066705	0.1	0.0019652760200836	6.06938478581887	0.4
ENSMUSG00000020185	E2f7	1437187_at	0.00606939247000456	6.3717163767873	1	0.0317165708289565	-3.25434119328317	-0.3
ENSMUSG00000020189	Osbpl8	1437069_at	NA	0.409405592579382	0.1	NA	3.13772863306215	0.2
ENSMUSG00000020191	Spata48	1430044_at	NA	-0.548987548660129	-0.1	NA	-0.829246327083044	-0.1
ENSMUSG00000020196	Cabin1	1433686_at	NA	0.598992950482025	0.1	0.976904821615357	-0.0447466349967041	0
ENSMUSG00000020198	Ap3d1	1445280_at	NA	-2.45989428225066	-0.3	NA	-0.815182431539826	-0.1
ENSMUSG00000020212	Mdm1	1445709_at	NA	0.192542572250473	0	NA	-0.725940569580939	-0.1
ENSMUSG00000020213	Glipr1l1	1430281_at	NA	-0.418760675380594	0	NA	2.64745828369283	0.2
ENSMUSG00000020216	Jsrp1	1432289_a_at	0.0161426520663466	-4.74023746492364	-0.6	0.718284539341266	-0.488172366612748	-0.1
ENSMUSG00000020220	Vps13d	1439187_at	NA	-0.80118713658445	-0.1	NA	1.30782838515654	0.1
ENSMUSG00000020227	Irak3	1435040_at	NA	1.1919725481481	0.1	NA	1.64471125891496	0.1
ENSMUSG00000020231	Dip2a	1428770_at	NA	0.856408457493218	0.1	NA	-2.27456088608881	-0.2
ENSMUSG00000020234	4930404N11Rik	1432131_at	NA	-1.5524411796082	-0.3	NA	-0.521282505366846	0
ENSMUSG00000020246	Hcfc2	1428617_at	NA	0.192155010819116	0	0.000341587439642499	8.20835441146021	0.7
ENSMUSG00000020251	Glt8d2	1429403_x_at	NA	3.02359355906423	0.3	NA	1.79740512777319	0.2
ENSMUSG00000020255	D10Wsu102e	1431005_at	NA	0.412085660774107	0	NA	0.948080362087531	0.1
ENSMUSG00000020256	Aldh1l2	1436119_at	0.0284539288429029	-4.01942791680132	-0.6	0.00522393731595507	4.94828991863397	0.6
ENSMUSG00000020261	Slc36a1	1428793_at	NA	1.21564981344543	0.2	0.0463831612836278	2.93566297737581	0.3
ENSMUSG00000020262	Adarb1	1443968_at	NA	0.720732725936096	0.1	NA	-0.201356378733152	0
ENSMUSG00000020263	Appl2	1447426_at	NA	0.692730165378296	0.1	NA	0.234259840285745	0
ENSMUSG00000020264	Slc36a2	1436521_at	NA	0.475598727745989	0.1	NA	-0.419321610631136	0
ENSMUSG00000020268	Lyrm7	1430821_at	NA	-1.44707947606523	-0.2	NA	-0.903025217714498	-0.1
ENSMUSG00000020270	Smim23	1429989_at	NA	0.722470942953893	0.1	NA	0.250399173731478	0
ENSMUSG00000020275	Rel	1436196_at	NA	0.968421238854855	0.1	NA	1.55938290665001	0.1
ENSMUSG00000020277	Pfkl	1453541_at	NA	-0.368752768247945	0	NA	1.03881303256032	0.1
ENSMUSG00000020287	Mpg	1442302_at	NA	-1.06012854207555	-0.2	NA	-0.151524184719324	0
ENSMUSG00000020297	Nsg2	1456685_at	NA	0.11845081462447	0	NA	-1.54842519138025	-0.1
ENSMUSG00000020303	Stc2	1445186_at	0.5015447721206	-0.89496432690147	-0.2	NA	0.672346464021261	0.1
ENSMUSG00000020305	Asb3	1457790_at	NA	0.641134061128596	0.1	NA	-1.40785912043766	-0.1
ENSMUSG00000020312	Shc2	1441356_at	NA	1.17697100606237	0.1	0.0031869114485417	5.5389816224134	0.5
ENSMUSG00000020315	Sptbn1	1444089_at	NA	1.40933764812416	0.2	0.00552615241373259	4.86417449426428	0.6
ENSMUSG00000020330	Hmmr	1429871_at	NA	0.672736679088418	0.1	0.99558046772843	0.00806268197301903	0
ENSMUSG00000020332	Meikin	1454111_at	NA	-0.109486410281478	0	NA	-0.545780061617664	-0.1
ENSMUSG00000020340	Cyfip2	1428347_at	NA	-0.635277038982326	-0.1	NA	-0.241575156802422	0
ENSMUSG00000020361	Hspa4	1440575_at	NA	1.13048544020834	0.2	NA	-0.498072688970003	0
ENSMUSG00000020368	Canx	1415692_s_at	0.552336171324322	0.779192219848704	0.2	0.891412316594051	0.19257732176323	0
ENSMUSG00000020372	Rack1	1440120_at	NA	-0.525826407159988	-0.1	NA	-1.46328310899778	-0.1
ENSMUSG00000020374	Rasgef1c	1453093_at	NA	0.145745878799867	0	NA	0.736702281671193	0.1
ENSMUSG00000020381	Mrnip	1446800_at	NA	0.38544487099303	0.1	0.505314987938505	-0.872586040234405	-0.1
ENSMUSG00000020387	Jade2	1455345_at	NA	0.24905620402348	0	NA	-1.58508938101029	-0.1
ENSMUSG00000020389	Cdkl3	1456052_at	NA	-0.933538836919303	-0.1	NA	0.590923686308634	0.1
ENSMUSG00000020392	Cdkn2aipnl	1440715_s_at	0.76493544454187	0.389818181721805	0.1	0.0641413007236764	-2.669963610014	-0.3
ENSMUSG00000020393	Kremen1	1435472_at	NA	1.57783993792904	0.3	0.000341587439642499	8.16395116846055	0.6
ENSMUSG00000020395	Itk	1456836_at	NA	-1.00595780704067	-0.2	NA	1.52546161332859	0.1
ENSMUSG00000020401	Fam71b	1437602_at	NA	0.245306702135964	0	NA	0.195227691703614	0
ENSMUSG00000020409	Slu7	1447805_s_at	NA	0.497312388925836	0.1	0.534817597485116	0.819353059700708	0.1
ENSMUSG00000020411	Nipal4	1441909_s_at	NA	-0.0682983878737593	0	NA	0.733574767931618	0.1
ENSMUSG00000020419	Hormad2	1454052_at	NA	-1.85334798645543	-0.2	NA	0.122385627423956	0
ENSMUSG00000020422	Tns3	1455333_at	0.0313316260630772	3.90894919576314	0.6	NA	0.859150137474792	0.1
ENSMUSG00000020424	Castor1	1452847_at	NA	0.750327577924703	0.1	NA	0.631145219997569	0
ENSMUSG00000020427	Igfbp3	1458268_s_at	0.000463604907658615	13.263797685569	1.4	0.000305881631246833	8.60942762439232	1.3
ENSMUSG00000020431	Adcy1	1456487_at	NA	-1.32738972814958	-0.1	NA	-2.10321467652005	-0.2
ENSMUSG00000020432	Tcn2	1447800_x_at	NA	1.72126453105722	0.3	0.00728622689578626	4.60913350790399	0.5
ENSMUSG00000020435	Osbp2	1428355_at	NA	0.500469674997854	0.1	NA	-1.06025664960335	-0.1
ENSMUSG00000020436	Gabrg2	1437147_at	NA	-0.505458389936217	-0.1	NA	1.19530522600343	0.1
ENSMUSG00000020447	Npc1l1	1438514_at	NA	1.06771477208109	0.1	NA	-0.263381193387762	0
ENSMUSG00000020453	Patz1	1434495_at	NA	2.46388216730774	0.3	NA	0.626473492161675	0.1
ENSMUSG00000020458	Rtn4	1437224_at	0.615853915393741	-0.645185537027384	-0.2	NA	-0.0351900821871379	0
ENSMUSG00000020459	Mtif2	1415685_at	NA	1.65818762478721	0.2	NA	2.43306839887536	0.2
ENSMUSG00000020461	Clhc1	1453882_at	NA	0.453521254945464	0.1	NA	1.75546051365875	0.1
ENSMUSG00000020463	Ppp4r3b	1459953_at	NA	0.570837275424539	0.1	NA	1.23949999190737	0.1
ENSMUSG00000020472	Zkscan17	1434088_at	NA	3.02609268109456	0.4	NA	-0.20540841876492	0
ENSMUSG00000020481	Ankrd36	1429919_at	NA	1.10401848390934	0.2	NA	-1.20533861521273	-0.1
ENSMUSG00000020491	2810021J22Rik	1453747_at	NA	1.88845230609869	0.2	0.0177153139558819	3.79780395094134	0.4
ENSMUSG00000020493	Prr11	1442134_at	NA	1.75638785737603	0.2	0.0405151220681942	-3.04660122421762	-0.3
ENSMUSG00000020516	Rps6kb1	1454956_at	0.644966570062623	0.586589252809308	0.2	0.557836251240546	0.774857955130159	0.1
ENSMUSG00000020519	Sap30l	1415718_at	NA	2.53131920221156	0.4	0.0345944620944098	3.18647183195108	0.3
ENSMUSG00000020520	Galnt10	1440493_at	NA	0.151462570330394	0	0.0670787580598129	-2.63173016927095	-0.3
ENSMUSG00000020521	Rnft1	1456294_at	NA	-0.710994274009691	-0.1	NA	-0.991553146999433	-0.1
ENSMUSG00000020522	Mfap3	1434562_at	NA	0.287429011432055	0	NA	2.09129801649557	0.1
ENSMUSG00000020525	Ppm1d	1434142_at	0.47863586571348	0.958597303278642	0.2	NA	0.187939113946868	0
ENSMUSG00000020527	Myo19	1459265_at	NA	-0.625103536919341	-0.1	NA	-0.564431783941495	0
ENSMUSG00000020530	Ggnbp2	1440929_at	NA	-0.273743262915722	0	NA	0.255226263195839	0
ENSMUSG00000020532	Acaca	1434185_at	0.00751353509352712	5.9265397988297	0.8	NA	-2.02945729730778	-0.2
ENSMUSG00000020541	Tom1l1	1439337_at	NA	0.689883738226854	0.1	NA	2.63721271603139	0.2
ENSMUSG00000020544	Cox11	1429188_at	NA	1.17357152281025	0.2	0.880854255556845	0.210357410856651	0
ENSMUSG00000020545	Lrrc72	1432527_at	NA	-1.0540588172184	-0.2	NA	-1.215950583156	-0.1
ENSMUSG00000020546	Stxbp4	1442267_at	NA	-0.181658157833996	0	NA	-1.8463387971727	-0.1
ENSMUSG00000020547	Bzw2	1443227_at	NA	-0.516514411656838	-0.1	NA	-0.892510067767154	-0.1
ENSMUSG00000020548	1700086D15Rik	1432307_at	NA	1.85609104537685	0.2	NA	-2.48852295093017	-0.2
ENSMUSG00000020561	Twistnb	1428634_at	NA	-0.976543780909139	-0.2	0.307068334986075	-1.32798878877317	-0.2
ENSMUSG00000020562	Efcab10	1453558_at	NA	-0.760123720380742	-0.1	NA	-2.71421707263378	-0.2
ENSMUSG00000020564	Atxn7l1	1442432_x_at	0.444299460582019	-1.05063530984865	-0.2	NA	-0.992421008867965	-0.1
ENSMUSG00000020570	Sypl	1435081_at	NA	1.35970451549912	0.2	NA	-0.898336910611152	-0.1
ENSMUSG00000020572	Nampt	1455320_at	NA	1.2049396987159	0.2	NA	2.17991092567516	0.2
ENSMUSG00000020576	Nbas	1436143_at	NA	0.251987239307991	0	NA	2.70386736033218	0.2
ENSMUSG00000020583	Matn3	1455948_x_at	NA	-0.0236804768377048	0	0.150800762740157	1.94823373040178	0.2
ENSMUSG00000020589	Fam49a	1431045_at	NA	0.221327563732604	0	NA	-1.65155970634508	-0.1
ENSMUSG00000020590	Snx13	1454938_at	0.549966062772504	0.784925064039753	0.3	NA	1.21070274141907	0.1
ENSMUSG00000020598	Nrcam	1458833_at	NA	0.474517087334026	0.1	NA	-1.44666561923571	-0.1
ENSMUSG00000020599	Rgs9	1439635_at	NA	-0.911029989692237	-0.2	NA	0.217880593000973	0
ENSMUSG00000020600	Slc7a15	1453875_at	NA	1.23905385925248	0.2	NA	-0.0240696246418735	0
ENSMUSG00000020608	Smc6	1460069_at	NA	-0.572728273325413	-0.1	NA	1.39949817695941	0.1
ENSMUSG00000020609	Apob	1457554_at	NA	1.96103911100593	0.3	0.371159757043419	-1.15816228642791	-0.1
ENSMUSG00000020611	Gna13	1433749_at	0.232088049207073	1.83720422323131	0.4	0.0380164231924894	3.1077613084988	0.3
ENSMUSG00000020614	Fam20a	1433653_at	0.11295580048421	2.54079237043729	0.6	0.199636555561573	-1.7158081187285	-0.2
ENSMUSG00000020617	1700012B07Rik	1428703_at	NA	-0.0550165933919222	0	NA	1.53103325422108	0.1
ENSMUSG00000020624	4933434M16Rik	1431895_at	NA	-1.07956805258165	-0.1	0.604632182365014	-0.690425442396202	-0.1
ENSMUSG00000020627	Klhl29	1434639_at	NA	-0.590448224273372	-0.1	NA	-1.20931494465545	-0.1
ENSMUSG00000020628	Trappc12	1441528_at	NA	1.53664833142316	0.2	NA	0.290638273058998	0
ENSMUSG00000020633	Dcdc2c	1453383_at	NA	-0.533632772885251	-0.1	0.174716433614012	1.82604595950598	0.2
ENSMUSG00000020639	Pfn4	1428665_at	NA	-0.15538265046487	0	NA	-0.616955791084169	0
ENSMUSG00000020640	Itsn2	1445375_at	NA	-0.276722740787286	0	NA	-1.95749079792339	-0.2
ENSMUSG00000020642	Rnf144a	1438404_at	NA	-0.388845448453036	0	NA	0.0737886428430959	0
ENSMUSG00000020646	Mboat2	1456908_at	NA	-0.973135369649234	-0.1	NA	0.325804986748903	0
ENSMUSG00000020647	Ncoa1	1443397_at	NA	0.299375045280105	0	NA	0.21052087598802	0
ENSMUSG00000020648	Dus4l	1453252_at	0.0697003060182744	-3.0533695548893	-0.6	0.43714591878732	1.01597385037532	0.1
ENSMUSG00000020650	Bcap29	1446936_at	NA	1.16273171257438	0.1	NA	-0.144228564488098	0
ENSMUSG00000020652	Cenpo	1459119_at	NA	-0.03452568767342	0	NA	-0.967279666009687	-0.1
ENSMUSG00000020653	Klf11	1437241_at	NA	0.441135590116721	0.1	NA	0.223225093394035	0
ENSMUSG00000020658	Efr3b	1440580_at	NA	2.08280333092176	0.3	NA	-1.06301640934248	-0.1
ENSMUSG00000020668	Kif3c	1434947_at	NA	0.623763584984639	0.1	NA	-1.06880333845168	-0.1
ENSMUSG00000020674	Pxdn	1428259_at	0.0423622577264991	3.58302295483037	0.6	NA	1.43558683984982	0.1
ENSMUSG00000020680	Taf15	1453504_at	NA	-1.21282992939739	-0.2	NA	-0.129341229870643	0
ENSMUSG00000020684	Rasl10b	1433566_at	NA	0.894380766182791	0.1	NA	-0.463956244505741	0
ENSMUSG00000020686	Gas2l2	1443582_at	NA	-2.58037898642723	-0.3	NA	0.262724403686325	0
ENSMUSG00000020687	Cdc27	1454739_at	0.799250101419016	0.338474663630946	0.1	0.357868532395878	-1.19221766843699	-0.1
ENSMUSG00000020689	Itgb3	1455257_at	NA	1.2961749682502	0.2	0.0293222681069904	3.32890307494576	0.4
ENSMUSG00000020691	Mettl2	1456118_at	NA	0.140496078295371	0	0.086113737970528	2.4390391421908	0.2
ENSMUSG00000020694	Tlk2	1457357_at	NA	1.73216530387533	0.3	NA	-1.52842714172008	-0.1
ENSMUSG00000020701	Tmem132e	1437569_at	NA	0.148946011807272	0	NA	-1.24619631476602	-0.1
ENSMUSG00000020703	5530401A14Rik	1430922_at	NA	-0.439120903771656	0	NA	-0.636869878987293	-0.1
ENSMUSG00000020705	Ddx42	1443719_x_at	NA	-0.187134631046578	0	NA	0.456144588131369	0
ENSMUSG00000020708	Psmc5	1415740_at	NA	-0.607062776653468	-0.1	0.301525812556993	-1.34661654389398	-0.1
ENSMUSG00000020712	Tcam1	1435410_at	NA	-0.0486043395060412	0	NA	-1.6657175289863	-0.1
ENSMUSG00000020715	Ern1	1437119_at	NA	-2.01689368847808	-0.3	NA	1.68894246682058	0.2
ENSMUSG00000020716	Nf1	1441523_at	NA	0.661453927204926	0.1	NA	-1.64631875905975	-0.1
ENSMUSG00000020721	Helz	1442293_at	NA	0.882426450510462	0.1	NA	1.29508753365697	0.1
ENSMUSG00000020723	Cacng4	1455230_at	NA	0.311981969768037	0	NA	0.559634113694141	0
ENSMUSG00000020728	Cep112	1432522_s_at	NA	-0.937680415095847	-0.1	NA	-0.491260260537706	0
ENSMUSG00000020732	Rab37	1433947_at	NA	-0.990518503259545	-0.1	NA	1.67138224996921	0.1
ENSMUSG00000020740	Gga3	1438008_at	NA	0.795078156883742	0.1	NA	-1.04873615016473	-0.1
ENSMUSG00000020743	Mif4gd	1440494_at	NA	-0.481774460040899	0	NA	-1.34347704985265	-0.1
ENSMUSG00000020752	Recql5	1441537_at	NA	0.718891571254679	0.1	NA	0.440940866438034	0
ENSMUSG00000020775	Mrpl38	1444217_at	NA	-0.655390224602353	-0.1	NA	-0.789689617796069	-0.1
ENSMUSG00000020781	Tsen54	1429529_at	NA	0.735061895095006	0.1	NA	1.53764919981926	0.1
ENSMUSG00000020783	Ncbp3	1439363_at	NA	0.711402852038659	0.1	NA	0.52059543346161	0
ENSMUSG00000020790	Ankfy1	1443654_at	NA	-1.16710567249092	-0.2	NA	-1.3964442621868	-0.1
ENSMUSG00000020794	Ube2g1	1415688_at	0.668460009296256	-0.545231903162248	-0.1	0.0548648829313021	2.79721377887504	0.3
ENSMUSG00000020798	Spns3	1429140_at	NA	-0.541090861343261	-0.1	NA	-0.669433656288054	-0.1
ENSMUSG00000020805	Slc13a5	1435936_at	NA	0.806975471690449	0.1	NA	-0.00182159331146077	0
ENSMUSG00000020806	Rhbdf2	1434774_at	NA	-0.286609249620393	0	NA	-1.65733464676966	-0.1
ENSMUSG00000020811	Wscd1	1439320_at	NA	-0.370706277783507	0	NA	-0.941959116451634	-0.1
ENSMUSG00000020812	Snhg16	1453344_at	NA	-2.33146392861295	-0.3	0.00323225204869538	5.49678761142476	0.6
ENSMUSG00000020814	Mxra7	1430539_at	0.153685988304405	2.24097611920004	0.5	0.727813194136613	0.46995671880356	0.1
ENSMUSG00000020818	Mfsd11	1455487_at	NA	0.594019718685075	0.1	NA	1.6019415325776	0.1
ENSMUSG00000020821	Kif1c	1436224_at	NA	0.589796399953755	0.1	NA	0.993288819377665	0.1
ENSMUSG00000020834	Dhrs13	1452902_at	NA	-0.533537305055717	-0.1	0.109467737292606	-2.22749020941008	-0.2
ENSMUSG00000020841	Cpd	1447392_s_at	NA	-1.23360148168609	-0.2	0.886273346340411	0.201135090117566	0
ENSMUSG00000020846	Rflnb	1429764_at	NA	3.43395285232707	0.4	NA	1.39212158426165	0.1
ENSMUSG00000020847	Rph3al	1431695_at	NA	-0.757613078831227	-0.1	NA	-3.02232061562265	-0.2
ENSMUSG00000020859	Spag9	1433648_at	0.256958601701174	1.71666696544206	0.5	0.055094403579967	2.79405672786829	0.4
ENSMUSG00000020863	Luc7l3	1437570_at	NA	-0.145543009747331	0	0.0465999061741808	-2.92960447924749	-0.3
ENSMUSG00000020871	Dlx4	1443591_at	NA	-0.324653257788366	0	NA	-1.34741214235793	-0.1
ENSMUSG00000020882	Cacnb1	1440940_at	0.0169699201304272	-4.61766945001303	-0.6	0.189494851984719	-1.7587716152957	-0.2
ENSMUSG00000020883	Fbxl20	1456378_s_at	0.545524577917833	0.795234100127239	0.2	NA	0.0974528848846352	0
ENSMUSG00000020886	Dlg4	1459105_at	NA	1.2577427714012	0.1	NA	0.234156324686853	0
ENSMUSG00000020895	Tmem107	1429058_at	0.00546506209319574	6.87427667455471	1.3	0.0403300863064374	3.05108437117611	0.3
ENSMUSG00000020899	Pfas	1455496_at	0.557598176752554	0.760982210852716	0.2	0.0673225027024709	-2.62421233570567	-0.3
ENSMUSG00000020900	Myh10	1452740_at	0.00561075622374505	6.6408048869253	0.8	NA	0.341617183827648	0
ENSMUSG00000020901	Pik3r5	1434980_at	NA	1.29374430004795	0.2	NA	-0.270829199906398	0
ENSMUSG00000020904	Cfap52	1432217_a_at	0.000463604907658615	-13.1261379686911	-2.3	0.916556309912683	0.146709356506543	0
ENSMUSG00000020913	Krt24	1453327_at	NA	-1.07525474306745	-0.2	NA	-1.53191154137406	-0.2
ENSMUSG00000020922	Lsm12	1429509_at	NA	2.73641977944055	0.4	0.835732321975624	-0.288306491872348	0
ENSMUSG00000020926	Adam11	1455270_at	NA	0.340801253353494	0	NA	-0.0707450558714155	0
ENSMUSG00000020930	Ccdc103	1453274_at	NA	-0.979646527559659	-0.2	NA	1.24739194972049	0.1
ENSMUSG00000020932	Gfap	1440142_s_at	NA	-0.290825207627766	-0.1	0.223845395487581	-1.61337767139243	-0.2
ENSMUSG00000020936	Nmt1	1415683_at	NA	-0.856281444136085	-0.1	NA	1.62631071056659	0.2
ENSMUSG00000020937	Plcd3	1431892_a_at	NA	3.84255178727941	0.5	0.00340048059351878	5.39550350727084	0.6
ENSMUSG00000020945	Lyzl6	1455920_x_at	NA	-0.225214035493466	0	NA	0.288519901853068	0
ENSMUSG00000020948	Klhl28	1428721_at	0.739405070523044	0.430199721652826	0.1	NA	-0.0705545586193078	0
ENSMUSG00000020954	Strn3	1441266_at	NA	0.410879309948558	0	NA	0.714680398205198	0.1
ENSMUSG00000020956	Dtd2	1453522_at	NA	-1.66487402355797	-0.3	NA	1.63424362849762	0.1
ENSMUSG00000020961	Ston2	1435657_at	NA	1.69554113745779	0.2	NA	-0.849042417950508	-0.1
ENSMUSG00000020963	Tshr	1442300_at	NA	1.11604047586425	0.1	NA	0.262623910847041	0
ENSMUSG00000020964	Sel1l	1436774_at	0.123989276698927	-2.44663502303012	-0.4	0.10310116032439	2.28157813673328	0.2
ENSMUSG00000020974	Pole2	1431440_at	NA	-2.22811714430142	-0.3	NA	0.695331704256059	0.1
ENSMUSG00000020978	Klhdc2	1442596_at	NA	-0.785905368131023	-0.1	NA	-0.43635725986623	0
ENSMUSG00000020982	Nemf	1429446_at	0.463733096749824	0.993156607819368	0.3	0.528522832525624	0.831846810330375	0.1
ENSMUSG00000020990	Cdkl1	1429664_at	NA	1.17287581691383	0.1	NA	-1.86972241467396	-0.2
ENSMUSG00000020992	4930512B01Rik	1431370_at	NA	-0.684661056543959	-0.1	NA	-0.951113354563122	-0.1
ENSMUSG00000021007	Spata7	1437464_at	NA	-1.81969939796348	-0.3	NA	1.01530731869066	0.1
ENSMUSG00000021010	Npas3	1438060_at	NA	-1.13569239107321	-0.2	NA	0.124977003568601	0
ENSMUSG00000021023	Prorp	1428775_at	NA	-0.239937428750202	0	NA	-1.52745700416618	-0.1
ENSMUSG00000021025	Nfkbia	1438157_s_at	NA	2.65532811767306	0.4	0.0285214893634025	3.35503856505924	0.3
ENSMUSG00000021027	Ralgapa1	1428594_at	0.273321367418448	1.6355895125271	0.3	NA	0.314628759115736	0
ENSMUSG00000021036	Sptlc2	1435937_at	NA	0.510158584975696	0.1	NA	-0.282271281710657	0
ENSMUSG00000021037	Ahsa1	1444500_at	NA	-1.06212154356154	-0.1	NA	1.39734567830238	0.1
ENSMUSG00000021039	Snw1	1459026_at	NA	-0.431653884952261	0	NA	0.0896923657159858	0
ENSMUSG00000021048	Mthfd1	1440554_at	NA	1.19752608840522	0.1	NA	0.159909168103698	0
ENSMUSG00000021051	Ppp2r5e	1428461_at	NA	0.972326014180133	0.1	0.324443255653944	1.27647813820405	0.2
ENSMUSG00000021057	Akap5	1447301_at	NA	0.646243261541517	0.1	NA	0.244178353473958	0
ENSMUSG00000021061	Sptb	1455226_at	NA	-0.211220551514558	0	NA	0.18811852667639	0
ENSMUSG00000021065	Fut8	1456367_at	NA	-0.111239027215788	0	NA	0.843354690778198	0.1
ENSMUSG00000021066	Atl1	1452711_at	NA	-0.467223554204888	-0.1	NA	0.125827597297574	0
ENSMUSG00000021068	Nin	1428600_at	NA	3.68168723236742	0.5	NA	0.886431223633827	0.1
ENSMUSG00000021070	Bdkrb2	1442187_at	NA	-2.63659071176006	-0.3	0.00330096586327896	-5.44537942288156	-0.4
ENSMUSG00000021071	Trim9	1434595_at	NA	0.465891903667011	0	NA	-1.42944465830647	-0.1
ENSMUSG00000021078	Tomm20l	1431466_at	NA	0.184473432804114	0	NA	-0.469985601223058	0
ENSMUSG00000021081	Serpina1f	1453085_at	NA	0.465321997250327	0	NA	1.69310935626618	0.1
ENSMUSG00000021090	Lrrc9	1454024_at	NA	1.54919673485952	0.2	0.102768276038046	-2.2840486695101	-0.2
ENSMUSG00000021094	Dhrs7	1432892_at	NA	0.967603115366447	0.2	NA	0.506949232868796	0
ENSMUSG00000021096	Ppm1a	1415678_at	NA	-1.84801100770449	-0.3	NA	0.569107029264317	0
ENSMUSG00000021097	Clmn	1457985_at	NA	1.34992767347958	0.2	NA	0.639774900911633	0.1
ENSMUSG00000021098	4930447C04Rik	1431393_at	NA	-0.134297663595605	0	NA	-0.433565180633327	0
ENSMUSG00000021101	4930408O17Rik	1432541_at	NA	1.36325416574456	0.2	NA	0.986741564894334	0.1
ENSMUSG00000021102	Glrx5	1428553_at	NA	0.423575786687516	0.1	0.0754613658821961	-2.53938423388832	-0.2
ENSMUSG00000021108	Prkch	1434248_at	NA	0.689531540539502	0.1	NA	0.458633772905875	0
ENSMUSG00000021113	Snapc1	1458400_at	NA	-0.352444657890858	0	NA	-0.130537586353887	0
ENSMUSG00000021115	Vrk1	1458951_at	0.739405070523044	0.428715599865989	0.1	NA	0.25935089609396	0
ENSMUSG00000021120	Pigh	1430589_at	NA	0.107001370553612	0	NA	-0.345253028527037	0
ENSMUSG00000021131	Erh	1443325_at	NA	-0.0036919093402446	0	NA	0.85836327577983	0.1
ENSMUSG00000021143	Pacs2	1434255_at	0.0837337444803034	2.858743250987	0.6	0.0280014154845693	3.37282257916457	0.3
ENSMUSG00000021147	Wdr37	1432615_at	0.541010148629571	-0.805067807602983	-0.2	NA	-1.39890308944396	-0.1
ENSMUSG00000021156	Zmynd11	1444461_at	NA	2.65982204738441	0.3	NA	0.234552356077903	0
ENSMUSG00000021171	Esyt2	1428408_a_at	NA	1.87803328297351	0.3	0.299167756286836	1.3540324006117	0.2
ENSMUSG00000021176	Efcab11	1431667_s_at	NA	1.99067282227923	0.4	0.00169040529173807	6.20906565088838	0.6
ENSMUSG00000021180	Rps6ka5	1440343_at	0.269999065691178	1.64928953282115	0.4	NA	-0.13229688263456	0
ENSMUSG00000021182	Ccdc88c	1453330_at	NA	-0.903609499925254	-0.1	NA	-2.4102698317547	-0.2
ENSMUSG00000021186	Fbln5	1446377_at	NA	1.6932524355303	0.2	NA	-1.71491173220877	-0.1
ENSMUSG00000021187	Tc2n	1443933_at	NA	0.888062649135013	0.1	NA	0.829756874507522	0.1
ENSMUSG00000021188	Trip11	1444042_at	NA	0.697487998151721	0.1	NA	0.228094743276661	0
ENSMUSG00000021189	Atxn3	1440855_at	NA	1.30908431079251	0.2	NA	-0.337713107718029	0
ENSMUSG00000021196	Pfkp	1437759_at	NA	-1.21728139323039	-0.2	NA	-0.793086540255167	-0.1
ENSMUSG00000021200	Asb2	1428444_at	NA	1.16213383567989	0.2	NA	0.83535226565785	0.1
ENSMUSG00000021209	Ppp4r4	1443851_at	NA	0.857316973095834	0.2	NA	0.774695806845559	0.1
ENSMUSG00000021217	Tshz3	1435337_at	0.0153652014109146	4.81138755422545	0.7	0.0203340796742558	3.66876716652731	0.4
ENSMUSG00000021218	Gdi2	1457398_at	NA	-1.09568579724491	-0.2	0.787828406940549	0.368067986455483	0
ENSMUSG00000021226	Acot2	1439478_at	0.00546506209319574	-6.94005903335789	-1.4	NA	2.26813147063735	0.2
ENSMUSG00000021228	Acot3	1443147_at	NA	-0.0497873615533565	0	NA	-0.158250742845753	0
ENSMUSG00000021236	Entpd5	1433763_at	NA	0.63860817499423	0.1	0.0282732442919335	3.36352652273704	0.3
ENSMUSG00000021242	Npc2	1455768_at	0.0472490424401779	3.45896422052937	0.7	0.0199703983829996	3.68810978824304	0.4
ENSMUSG00000021244	Ylpm1	1443773_at	NA	-0.788592709736977	-0.1	NA	0.0544593101441869	0
ENSMUSG00000021254	Gpatch2l	1436052_at	0.823229057654925	0.296139051192758	0.1	NA	2.06773447051259	0.2
ENSMUSG00000021260	Hhipl1	1430062_at	NA	-0.0777294768368867	0	NA	1.20799599020255	0.1
ENSMUSG00000021266	Wars	1415694_at	0.0596998998706538	-3.19580713943369	-0.5	NA	-0.644267997490742	-0.1
ENSMUSG00000021268	Meg3	1429257_at	NA	-0.603815236620941	-0.1	NA	-1.44434461121671	-0.1
ENSMUSG00000021271	Zfp839	1456886_at	NA	0.397418997307944	0.1	NA	2.32640194982512	0.2
ENSMUSG00000021275	Tecpr2	1439502_at	NA	-0.642789022169427	-0.1	NA	1.11078255747919	0.1
ENSMUSG00000021276	Cinp	1454253_at	NA	-0.776413931793076	-0.1	NA	-0.743983667034097	-0.1
ENSMUSG00000021279	Cdc42bpb	1434652_at	NA	3.03719906356905	0.3	0.763806343568094	0.408069625201869	0
ENSMUSG00000021280	Exoc3l4	1428420_a_at	NA	3.5634228408623	0.5	NA	-0.915141630096736	-0.1
ENSMUSG00000021282	Eif5	1415723_at	0.0265726376695512	4.08050555695188	1.1	NA	-0.853167194067475	-0.1
ENSMUSG00000021285	Ppp1r13b	1434895_s_at	NA	0.272446660054454	0	NA	0.672349022005512	0.1
ENSMUSG00000021287	Xrcc3	1452748_at	NA	0.825172959576016	0.1	NA	2.32653973355057	0.2
ENSMUSG00000021294	Kif26a	1447933_at	NA	1.64940764794951	0.2	NA	-2.32236368906807	-0.2
ENSMUSG00000021298	Gpr132	1444233_at	NA	1.37457407802363	0.2	NA	-1.71631131958279	-0.2
ENSMUSG00000021301	Hecw1	1440656_at	NA	0.596025647037466	0.1	0.0170437558787036	-3.8401315686565	-0.3
ENSMUSG00000021303	Gng4	1447669_s_at	0.642272113485967	0.592565951756509	0.2	0.005326303211075	4.91441579639056	0.4
ENSMUSG00000021311	Mtr	1439811_at	NA	1.05389102843413	0.2	NA	-2.1860267034285	-0.2
ENSMUSG00000021318	Gli3	1456067_at	0.0254338261007595	4.1453625240148	0.6	NA	1.45896600606874	0.1
ENSMUSG00000021322	Aoah	1431989_at	NA	-0.946653327912253	-0.2	NA	0.374255006378947	0
ENSMUSG00000021326	Trim27	1441051_at	NA	0.468505842965738	0.1	NA	0.565090574491016	0
ENSMUSG00000021327	Zkscan3	1415689_s_at	NA	1.69167314149708	0.3	0.0190709625676989	3.73617368218499	0.4
ENSMUSG00000021339	Mrs2	1435548_at	NA	-0.564467309502768	-0.1	NA	2.50767274864139	0.2
ENSMUSG00000021347	Prl7b1	1429826_at	NA	0.245964050613775	0	NA	-0.511539897805857	-0.1
ENSMUSG00000021357	Exoc2	1428470_at	NA	1.38980597312363	0.3	0.0173338985977278	3.82688375417635	0.4
ENSMUSG00000021368	Tbc1d7	1428598_at	NA	-0.991651831160947	-0.2	NA	0.971233699461623	0.1
ENSMUSG00000021371	Mcur1	1438024_at	NA	1.69917452968981	0.3	NA	1.70811093221166	0.2
ENSMUSG00000021374	Nup153	1441733_s_at	NA	-2.525924588807	-0.3	0.545035165155998	0.79889644659934	0.1
ENSMUSG00000021375	Kif13a	1455746_at	0.390109007682648	-1.20784446881635	-0.3	0.0869065824964911	2.43227910533386	0.4
ENSMUSG00000021376	Tpmt	1456273_x_at	NA	2.14867483133747	0.3	NA	1.1209059916097	0.1
ENSMUSG00000021384	Susd3	1453648_at	NA	1.16466762882865	0.2	0.223816260071168	-1.61394030466738	-0.2
ENSMUSG00000021391	Cenpp	1429095_at	0.00965915713811418	5.41855061030307	0.7	0.00029337736596003	8.87211421292115	1
ENSMUSG00000021392	Nol8	1428951_at	0.600572636151117	-0.672106959468353	-0.2	NA	0.324041722803846	0
ENSMUSG00000021396	Nxnl2	1429133_at	NA	0.708552040862011	0.1	NA	1.15015072883016	0.1
ENSMUSG00000021411	Pxdc1	1428851_at	NA	0.235841528612157	0	NA	1.45737155139273	0.1
ENSMUSG00000021414	Fam217a	1429450_at	NA	1.07827019866195	0.1	NA	0.440912991125854	0
ENSMUSG00000021418	Rpp40	1443750_s_at	NA	-0.841564478660393	-0.1	NA	-0.119616261862906	0
ENSMUSG00000021427	Ssr1	1441327_a_at	0.132886119341855	2.38500743832362	0.4	NA	1.87748376550609	0.1
ENSMUSG00000021428	Riok1	1440893_at	NA	1.26930879689572	0.2	NA	-0.657563372574432	-0.1
ENSMUSG00000021457	Syk	1457239_at	NA	-0.0928583852516708	0	NA	-1.23755819481025	-0.1
ENSMUSG00000021458	Aopep	1430861_at	NA	-0.801962009882032	-0.1	NA	-0.468671170367068	0
ENSMUSG00000021460	Auh	1458436_at	NA	-1.33238171004674	-0.2	NA	1.01375352171597	0.1
ENSMUSG00000021461	Fancc	1442265_at	NA	1.06256334917608	0.1	NA	1.10973812355362	0.1
ENSMUSG00000021466	Ptch1	1439663_at	NA	1.01930304355656	0.1	NA	-0.0684451115719699	0
ENSMUSG00000021476	Habp4	1444908_at	NA	-1.66857223410646	-0.2	NA	0.33866252839833	0
ENSMUSG00000021477	Ctsl	1457724_at	NA	1.16332630765188	0.2	NA	-0.43416056554886	0
ENSMUSG00000021478	Drd1	1455629_at	NA	0.587777640850539	0.1	NA	-0.568055941854625	0
ENSMUSG00000021482	Prxl2c	1434441_at	NA	1.52154037429869	0.3	0.100767198577193	2.30611020436178	0.3
ENSMUSG00000021488	Nsd1	1435088_at	NA	-0.39873376738001	-0.1	NA	1.42482731501142	0.1
ENSMUSG00000021497	Txndc15	1428256_at	0.461549313950817	1.00223126921883	0.2	0.00533077315793051	4.9069488841269	0.6
ENSMUSG00000021499	Catsper3	1432146_at	NA	0.399336144502654	0.1	NA	0.203720091148409	0
ENSMUSG00000021500	Ddx46	1455103_at	0.15269267008475	2.25486491853465	0.4	NA	-2.35225756087121	-0.2
ENSMUSG00000021509	Slc25a48	1440199_at	NA	0.954068157642592	0.1	NA	-1.2716585728168	-0.1
ENSMUSG00000021510	Zfp729a	1442654_at	NA	0.521115230893968	0.1	NA	0.0317571940469903	0
ENSMUSG00000021514	Zfp369	1455681_at	NA	-1.01207072297728	-0.1	NA	-0.942027902320731	-0.1
ENSMUSG00000021519	Mterf3	1459262_at	NA	-0.0303177515311248	0	NA	-0.540659186638061	0
ENSMUSG00000021532	Fastkd3	1452797_at	NA	0.4879178202188	0.1	NA	0.814755393294683	0.1
ENSMUSG00000021534	1700001L19Rik	1453643_at	NA	-0.389407031033839	0	NA	-1.44746791656994	-0.1
ENSMUSG00000021540	Smad5	1433641_at	0.0446460441075032	3.52317646597709	0.5	0.725453120650701	0.475592170768218	0.1
ENSMUSG00000021553	Slc28a3	1445528_at	NA	-0.4866959115966	-0.1	NA	-0.285854416829523	0
ENSMUSG00000021555	Naa35	1429720_at	NA	0.447351781326122	0.1	NA	0.430859506968573	0
ENSMUSG00000021556	Golm1	1415698_at	0.0288981548911088	3.99661590243771	0.7	0.0536081303792461	2.81262012741987	0.3
ENSMUSG00000021557	Agtpbp1	1429933_at	NA	0.888354073764938	0.1	NA	-1.15919066865327	-0.1
ENSMUSG00000021565	Slc6a19	1455442_at	NA	-1.27437735366628	-0.1	NA	-0.134363563330322	0
ENSMUSG00000021566	Slc6a19os	1431267_at	NA	-0.0797483112045632	0	NA	0.212264231520544	0
ENSMUSG00000021567	Nkd2	1434275_at	NA	1.07637098560704	0.1	0.0166202426618328	3.86391840149539	0.3
ENSMUSG00000021569	Trip13	1446760_at	NA	-1.11954339709477	-0.2	NA	-1.87207604636611	-0.2
ENSMUSG00000021572	Cep72	1429346_a_at	NA	-1.15347089482583	-0.2	NA	-1.30289949806939	-0.1
ENSMUSG00000021573	Tppp	1452766_at	NA	1.12922359082388	0.1	NA	-2.14990259996727	-0.2
ENSMUSG00000021577	Sdha	1445317_at	NA	0.126055559658822	0	NA	-0.0315478011012555	0
ENSMUSG00000021578	Ccdc127	1455248_at	NA	2.2353544750588	0.4	NA	0.707185142612299	0.1
ENSMUSG00000021583	Erap1	1439068_at	NA	0.803706175497612	0.1	0.554166359092551	0.782447743693929	0.1
ENSMUSG00000021585	Cast	1435972_at	0.11008262655636	2.57559999853006	0.7	0.267665254600558	1.45348309043978	0.2
ENSMUSG00000021589	Rhobtb3	1433647_s_at	0.0627561447828651	3.1558399084835	0.8	0.58695778514481	-0.723382605108713	-0.1
ENSMUSG00000021590	Spata9	1454237_at	NA	1.06480235255728	0.1	NA	-0.00315531874333217	0
ENSMUSG00000021592	Arsk	1453108_at	NA	1.25152760495185	0.1	NA	0.35410866485484	0
ENSMUSG00000021594	Srd5a1	1438699_at	NA	0.952411191036701	0.1	NA	0.70761793776174	0.1
ENSMUSG00000021596	Mctp1	1430439_at	NA	0.877337516515134	0.1	NA	-0.417294371692184	0
ENSMUSG00000021597	Slf1	1430047_at	NA	0.78797136708932	0.1	NA	-2.16189113111145	-0.2
ENSMUSG00000021600	8030423J24Rik	1432450_at	NA	-0.935507610508347	-0.1	NA	0.713724561940882	0.1
ENSMUSG00000021611	Tert	1456941_at	NA	-0.863890936456884	-0.1	NA	0.485612774106884	0
ENSMUSG00000021613	Hapln1	1438020_at	NA	-0.743347290105442	-0.1	NA	0.790590517708821	0.1
ENSMUSG00000021638	Ocln	1440220_at	NA	0.300014594627353	0	NA	-1.04313569108443	-0.1
ENSMUSG00000021645	Smn1	1438489_at	NA	-0.0528229325342092	0	NA	1.7631734171216	0.1
ENSMUSG00000021646	Mccc2	1454840_at	NA	-0.22993974600533	0	0.163006975033847	1.88880039891355	0.2
ENSMUSG00000021661	Ankra2	1441935_at	NA	0.0832574382806417	0	NA	-0.754528305182528	-0.1
ENSMUSG00000021669	Col4a3bp	1452867_at	0.94996502985888	0.0820076028894532	0	0.433050638980348	-1.02796236909347	-0.1
ENSMUSG00000021671	Poc5	1436401_at	NA	0.569653690781065	0.1	NA	-0.0281277038983673	0
ENSMUSG00000021675	F2rl2	1445680_x_at	0.371231818676434	-1.26765171653638	-0.6	NA	-0.751340939246035	-0.1
ENSMUSG00000021676	Iqgap2	1433885_at	NA	-0.484108451221716	-0.1	NA	0.17949469837823	0
ENSMUSG00000021680	Crhbp	1436127_at	NA	0.494354554125183	0.1	NA	0.125776288315192	0
ENSMUSG00000021684	Pde8b	1435741_at	NA	1.57944354090751	0.2	NA	1.1901773202126	0.1
ENSMUSG00000021685	Otp	1444286_at	NA	1.33968525899174	0.2	NA	-1.67709908201468	-0.1
ENSMUSG00000021687	Scamp1	1453054_at	NA	-1.38540483611758	-0.2	0.117000011432584	2.17548178205312	0.2
ENSMUSG00000021690	Jmy	1460577_at	NA	0.654137609405601	0.1	0.213831838532367	1.65512173827926	0.2
ENSMUSG00000021696	Elovl7	1440312_at	NA	-0.00396362622249885	0	NA	2.41952301857232	0.2
ENSMUSG00000021697	Depdc1b	1434789_at	0.00262162354228267	8.68683242359175	0.8	NA	-1.92655183243534	-0.2
ENSMUSG00000021700	Rab3c	1435047_at	NA	3.2609313115366	0.3	NA	-1.06501643170969	-0.1
ENSMUSG00000021703	Serinc5	1433571_at	0.176427271348232	2.10121547861735	0.6	0.00557281641357988	4.85562587574881	0.5
ENSMUSG00000021704	Mtx3	1434807_s_at	NA	1.98882553175462	0.3	0.115634937291314	2.18731519073654	0.2
ENSMUSG00000021707	Dhfr	1430750_at	NA	0.664683451817377	0.1	NA	-0.895909553809531	-0.1
ENSMUSG00000021708	Rasgrf2	1440849_at	NA	0.264794834643759	0.1	NA	-0.529748613258631	-0.1
ENSMUSG00000021711	Trappc13	1435377_at	0.94996502985888	0.0828974458008327	0	NA	0.618987159036346	0.1
ENSMUSG00000021712	Trim23	1429998_at	NA	1.38608501198873	0.2	0.103479916161357	-2.27506245361244	-0.2
ENSMUSG00000021713	Ppwd1	1456359_at	0.177549257169659	2.09350611054836	0.4	0.656562966768879	0.596480550564649	0.1
ENSMUSG00000021716	Srek1ip1	1435696_s_at	NA	0.809374052908212	0.1	NA	-0.900886222226593	-0.1
ENSMUSG00000021719	Rgs7bp	1436876_at	0.387136933653359	-1.21570512174222	-0.3	NA	-0.966292307355074	-0.1
ENSMUSG00000021720	Rnf180	1438306_at	NA	-0.780898940143844	-0.1	NA	-0.0383181761415384	0
ENSMUSG00000021730	Hcn1	1453807_at	NA	-0.131723365541217	0	NA	0.209476855280395	0
ENSMUSG00000021733	Slc4a7	1455876_at	0.580073536222706	0.720780450245055	0.2	0.516556858270821	0.851960641325251	0.1
ENSMUSG00000021738	Atxn7	1436175_at	NA	0.8000240234561	0.1	0.187712141923471	1.76597191874654	0.2
ENSMUSG00000021745	Ptprg	1434360_s_at	0.557598176752554	-0.760405040506987	-0.2	0.0138543248402275	4.05380757877126	0.4
ENSMUSG00000021747	4930452B06Rik	1438228_at	NA	0.0970187238008302	0	NA	0.424344416164854	0
ENSMUSG00000021750	Fam107a	1434203_at	NA	3.79598520966456	0.5	0.0280014154845693	3.37255673027046	0.3
ENSMUSG00000021752	Kctd6	1428186_at	NA	-0.394687585528424	-0.1	0.473190646234355	0.938714701007918	0.1
ENSMUSG00000021754	Map3k1	1443540_at	NA	0.976850934553029	0.1	NA	-0.836452610245586	-0.1
ENSMUSG00000021756	Il6st	1437303_at	0.117282042541304	-2.49703120705002	-0.4	0.001899247931109	6.10153977882914	0.6
ENSMUSG00000021764	Ndufs4	1459760_at	NA	-0.177059589181407	0	0.209712131777563	1.6729079216775	0.2
ENSMUSG00000021765	Fst	1434458_at	0.0547575609230439	3.28425832719116	0.7	0.00101221042491603	6.75291598978323	1.1
ENSMUSG00000021767	Kat6b	1446189_at	0.557598176752554	-0.762080956544628	-0.2	0.901585032454681	-0.176538194162596	0
ENSMUSG00000021770	Samd8	1453730_at	NA	-0.28237140991401	0	NA	-1.19801556283168	-0.1
ENSMUSG00000021774	Ube2e1	1445933_at	NA	0.0046732879972089	0	0.742273797772405	-0.442444490449	-0.1
ENSMUSG00000021775	Nr1d2	1457250_x_at	NA	0.87077080187924	0.1	NA	-0.0666200789827368	0
ENSMUSG00000021782	Dlg5	1431187_s_at	NA	0.227042669283001	0	NA	-1.29930845251401	-0.1
ENSMUSG00000021786	Oxsm	1429699_at	NA	-0.19521808208228	0	NA	2.09741131237055	0.2
ENSMUSG00000021790	Dydc1	1453205_at	NA	-2.93703702135332	-0.3	NA	1.27048783804656	0.1
ENSMUSG00000021791	Dydc2	1453400_at	NA	-1.01090729734672	-0.2	NA	-1.08765264100498	-0.1
ENSMUSG00000021797	9230112D13Rik	1431657_at	NA	0.441335887006786	0	NA	-0.108315244340882	0
ENSMUSG00000021799	Opn4	1445121_at	NA	-2.0346256785407	-0.2	NA	-2.35813906537687	-0.2
ENSMUSG00000021809	Nudt13	1454075_s_at	NA	-0.653579144330962	-0.1	0.0670787580598129	2.63103199575612	0.3
ENSMUSG00000021815	Mss51	1432001_at	0.00763845542417725	5.87000157188509	1.2	NA	-0.489411172059596	0
ENSMUSG00000021816	Ppp3cb	1428473_at	NA	-0.349494166542982	-0.1	0.610694702386195	0.678799327749387	0.1
ENSMUSG00000021819	Zswim8	1428383_a_at	0.287304418699081	1.57978311468467	0.3	0.110842574131225	2.21853292153795	0.2
ENSMUSG00000021838	Samd4	1436356_at	NA	0.646053217624746	0.1	NA	0.17374110912316	0
ENSMUSG00000021840	Mapk1ip1l	1433879_a_at	0.580441329655345	-0.71951151077477	-0.2	0.0031869114485417	-5.51526537652816	-0.6
ENSMUSG00000021843	Ktn1	1446702_at	NA	1.38534135232833	0.2	NA	-1.26231864986685	-0.1
ENSMUSG00000021846	Peli2	1437181_at	0.0681039980836114	3.0883476425608	0.7	0.0360585545405537	3.14764201701755	0.5
ENSMUSG00000021852	Slc35f4	1432142_at	NA	-0.180305025571626	0	NA	1.50998448173778	0.1
ENSMUSG00000021872	Rnase10	1453215_at	NA	2.3061116630539	0.3	0.023104156407716	3.56421011671007	0.3
ENSMUSG00000021874	4933413J09Rik	1432441_at	NA	-1.20947059278342	-0.2	0.43714591878732	-1.01617138460473	-0.1
ENSMUSG00000021879	Dnah12	1446424_at	NA	0.614383766645612	0.1	NA	-1.06236584624301	-0.1
ENSMUSG00000021880	Rnase6	1430534_at	NA	-1.56921230952762	-0.2	NA	-0.753165217490653	-0.1
ENSMUSG00000021890	Eaf1	1431065_at	NA	-0.63674903363847	-0.1	0.0193351568641133	3.72283934322968	0.3
ENSMUSG00000021891	Mettl6	1444145_at	NA	1.90705201982592	0.2	NA	-1.30756524212208	-0.1
ENSMUSG00000021902	Phf7	1428659_at	NA	0.482613193623713	0	NA	-0.410162663019875	0
ENSMUSG00000021903	Galnt15	1429235_at	NA	1.05108065993301	0.2	NA	-0.474425254683827	0
ENSMUSG00000021904	Sema3g	1435361_at	NA	1.55722743258206	0.2	0.420683012568812	-1.05240272230205	-0.1
ENSMUSG00000021905	Dph3	1433921_s_at	NA	-0.986711064649808	-0.1	0.98598549960229	-0.0262779116931018	0
ENSMUSG00000021910	Nisch	1430151_at	0.213293052757529	1.91813046711805	0.4	NA	0.933932178003238	0.1
ENSMUSG00000021916	Glt8d1	1428270_at	0.0809841368133815	2.88808500456657	0.5	0.000341587439642499	8.39110280212931	0.8
ENSMUSG00000021919	Chat	1440070_at	NA	0.415453052921874	0	NA	-1.08705064130374	-0.1
ENSMUSG00000021928	Ebpl	1458177_at	NA	-0.406352794772402	-0.1	NA	0.055378485894209	0
ENSMUSG00000021932	Rnaseh2b	1453001_at	0.0449869054194322	3.51204929636548	0.5	0.0142655117993409	4.02613630337356	0.4
ENSMUSG00000021936	Mapk8	1440856_at	NA	-1.09027216484185	-0.2	NA	-0.614018236210351	-0.1
ENSMUSG00000021939	Ctsb	1444987_at	NA	-1.70174365986508	-0.2	NA	2.23389936568336	0.2
ENSMUSG00000021945	Zmym2	1452970_at	0.183910441311425	2.06367843681426	0.4	NA	1.04400287893408	0.1
ENSMUSG00000021947	Cryl1	1447112_s_at	NA	0.712413237959676	0.1	NA	1.05519915396469	0.1
ENSMUSG00000021948	Prkcd	1442256_at	NA	0.600213401244201	0.1	NA	2.32280459791649	0.2
ENSMUSG00000021952	Xpo4	1456396_at	NA	1.04788672424644	0.2	NA	-0.490744454622431	0
ENSMUSG00000021957	Tkt	1436605_at	NA	1.26719626044883	0.1	NA	0.0524642691228697	0
ENSMUSG00000021961	4930578I06Rik	1429547_at	NA	0.347566601582015	0	NA	-1.30023927293341	-0.1
ENSMUSG00000021965	Ska3	1454744_at	NA	1.48018687513997	0.2	0.337149024758082	1.24401337744508	0.1
ENSMUSG00000021966	Prss52	1429578_at	NA	0.360130961331123	0	NA	-1.37942424774006	-0.1
ENSMUSG00000021969	Zdhhc20	1434236_at	NA	2.74904530004065	0.4	NA	1.2343071200702	0.1
ENSMUSG00000021972	Hmbox1	1443020_at	NA	1.18334072211945	0.2	NA	-0.89990248499069	-0.1
ENSMUSG00000021973	Micu2	1454808_at	NA	-1.0647743506791	-0.1	0.0453834268828742	2.95515734482323	0.4
ENSMUSG00000021974	Fgf9	1438718_at	NA	-2.25502283968762	-0.2	NA	-1.01338706236823	-0.1
ENSMUSG00000021982	Cdadc1	1458339_at	0.674283460220226	0.534267587633025	0.1	0.529340079457186	0.828804040995254	0.1
ENSMUSG00000021983	Atp8a2	1440627_at	NA	0.843612455455844	0.1	0.516901723715643	-0.850987018497771	-0.1
ENSMUSG00000021986	Amer2	1454051_at	NA	1.58795995260805	0.2	NA	-0.703063964897725	-0.1
ENSMUSG00000021990	Spata13	1437865_at	NA	1.71248166800829	0.2	NA	-0.749737614079051	-0.1
ENSMUSG00000021993	Mipep	1428290_at	NA	-1.09683870259191	-0.2	NA	-0.64258260913384	-0.1
ENSMUSG00000021994	Wnt5a	1437673_at	NA	0.829062353581943	0.1	NA	-0.574021387448814	0
ENSMUSG00000021996	Esd	1441604_at	NA	-0.34538094566682	-0.1	NA	0.178397453106989	0
ENSMUSG00000021997	Lrrc63	1429973_at	NA	0.458278996515676	0.1	NA	2.65568476376397	0.2
ENSMUSG00000022000	Zc3h13	1434894_at	NA	1.87271818989148	0.2	0.616704146506874	0.667747268173217	0.1
ENSMUSG00000022002	Erich6b	1432449_at	NA	-1.50533254721111	-0.2	NA	-1.13799101453368	-0.1
ENSMUSG00000022003	Slc25a30	1437073_x_at	0.17508896298564	2.10731817890946	0.5	0.599571609080669	0.701166106091563	0.1
ENSMUSG00000022010	Tsc22d1	1435952_at	NA	1.51739194217023	0.3	NA	2.43959376617356	0.2
ENSMUSG00000022012	Enox1	1436799_at	NA	2.02429504414443	0.3	NA	0.810357296049141	0.1
ENSMUSG00000022013	Dnajc15	1453306_at	NA	0.40249234804488	0.1	NA	-0.0887998324539204	0
ENSMUSG00000022016	Akap11	1434764_at	0.300290418960669	1.51965946046435	0.3	NA	1.70866207555248	0.2
ENSMUSG00000022019	Tdrd3	1441496_at	NA	0.296116743415925	0.1	NA	0.486200054056858	0
ENSMUSG00000022020	Naa16	1429056_at	NA	0.0517951723706364	0	NA	-0.331482204857184	0
ENSMUSG00000022026	Olfm4	1437060_at	NA	0.659174991801574	0.1	NA	-0.0399095596761024	0
ENSMUSG00000022034	Esco2	1428304_at	NA	1.4537274195308	0.2	NA	1.50036922990685	0.1
ENSMUSG00000022043	Trim35	1454650_at	NA	-1.83612067263138	-0.3	NA	0.155577339618416	0
ENSMUSG00000022048	Dpysl2	1433770_at	0.000900393274279833	10.5854244380981	1.9	0.17823441552267	1.80783941023222	0.2
ENSMUSG00000022055	Nefl	1454672_at	NA	1.23867544590253	0.2	NA	0.373719424035547	0
ENSMUSG00000022064	Pibf1	1431618_a_at	NA	0.268727409224532	0	NA	-0.375965819670109	0
ENSMUSG00000022070	Bora	1429478_at	NA	2.27977005996012	0.3	NA	1.24776506581321	0.1
ENSMUSG00000022075	Rhobtb2	1435674_at	NA	1.08141873373915	0.2	NA	-1.96840881836591	-0.1
ENSMUSG00000022076	Klhl1	1436465_at	NA	0.382233337175587	0	NA	-0.727011697754269	-0.1
ENSMUSG00000022085	Pebp4	1453484_at	NA	-0.847121680036898	-0.1	0.407395788085304	-1.08072315448197	-0.1
ENSMUSG00000022094	Slc39a14	1438490_at	0.458005724530303	-1.01567755105718	-0.2	NA	-0.731707050520991	-0.1
ENSMUSG00000022095	Fam160b2	1457246_at	NA	0.653015745972055	0.1	0.859626173845271	-0.248724642857817	0
ENSMUSG00000022099	Dmtn	1445439_at	NA	0.264112665573653	0	NA	-0.274277627089985	0
ENSMUSG00000022100	Xpo7	1415682_at	NA	1.03464318390779	0.2	0.0537718576684165	2.81008601222439	0.2
ENSMUSG00000022103	Gfra2	1433716_x_at	NA	0.381246236654633	0.1	NA	0.382047693024072	0
ENSMUSG00000022105	Rb1	1444400_at	NA	0.19120976585203	0	NA	-2.08362384272764	-0.2
ENSMUSG00000022106	Rcbtb2	1429742_at	NA	-1.20682149047455	-0.2	NA	-0.250968417550122	0
ENSMUSG00000022110	Sucla2	1430402_at	NA	-0.169195374192549	0	NA	-0.526253211882239	-0.1
ENSMUSG00000022112	Gpc5	1457536_at	NA	0.0959582166333939	0	NA	1.07804258324463	0.1
ENSMUSG00000022116	4930449E01Rik	1432544_at	0.594340410747324	-0.690604494822015	-0.2	NA	-1.59236023307528	-0.1
ENSMUSG00000022119	Rbm26	1442038_at	NA	1.432419357315	0.2	NA	-1.52261154462065	-0.1
ENSMUSG00000022120	Rnf219	1428498_at	NA	1.95301075712649	0.3	NA	-0.534735143475561	-0.1
ENSMUSG00000022122	Ednrb	1437347_at	NA	-1.24201636383881	-0.2	NA	-0.101718795360478	0
ENSMUSG00000022139	Mbnl2	1455827_at	0.944541125272173	-0.0946466464687754	0	0.865157299588437	-0.235078490668375	0
ENSMUSG00000022141	Nipbl	1430309_at	0.259285107505214	1.70148212589355	0.4	0.0113477036105782	4.22394842352982	0.3
ENSMUSG00000022142	Nup155	1444342_at	NA	2.07248003310327	0.2	NA	1.12318032989668	0.1
ENSMUSG00000022146	Osmr	1459217_at	NA	0.836592195667538	0.2	NA	0.562119497090985	0
ENSMUSG00000022150	Dab2	1429693_at	NA	-0.515539443908258	-0.1	NA	-1.71614447261032	-0.1
ENSMUSG00000022155	Mroh2b	1432128_at	NA	-0.7327887352459	-0.1	0.297304498460482	-1.35993867612529	-0.1
ENSMUSG00000022179	4931414P19Rik	1429420_at	NA	-1.7641985491849	-0.2	NA	0.014652606294976	0
ENSMUSG00000022191	Drosha	1428656_at	NA	-0.29666326502344	-0.1	NA	-1.57068126629494	-0.2
ENSMUSG00000022195	6030458C11Rik	1457987_at	NA	1.66273372669981	0.2	NA	1.90781950960099	0.1
ENSMUSG00000022197	Pdzd2	1453896_at	NA	-0.382643027717285	0	NA	1.82621256551719	0.1
ENSMUSG00000022208	Jph4	1439031_at	NA	0.152506837185569	0	0.744929643359202	-0.437118119645984	0
ENSMUSG00000022211	Carmil3	1436010_at	NA	0.159157493809947	0	NA	-1.65983919525595	-0.1
ENSMUSG00000022223	Sdr39u1	1428695_at	NA	-1.03347580536263	-0.1	NA	0.268444153172832	0
ENSMUSG00000022231	Sema5a	1437422_at	NA	1.70163401762475	0.3	0.00350631075333573	-5.34189482781911	-0.6
ENSMUSG00000022237	Ankrd33b	1431308_at	NA	-0.105333445712071	0	NA	0.162446201729116	0
ENSMUSG00000022240	Ctnnd2	1438891_at	NA	0.833839631924664	0.1	0.143925128301914	1.98546129521733	0.2
ENSMUSG00000022245	Skor1	1437880_at	NA	-1.22479733076588	-0.1	NA	-0.0793502845572903	0
ENSMUSG00000022246	Rai14	1441030_at	NA	2.08816669491197	0.2	0.0431431598306035	3.00490954006689	0.3
ENSMUSG00000022249	Ttc23l	1431902_at	NA	0.77976228093093	0.1	NA	-2.26073950533959	-0.2
ENSMUSG00000022253	Nadk2	1437287_at	0.232248247578327	1.83150180600595	0.5	0.0665684263019963	2.63999564059301	0.3
ENSMUSG00000022255	Mtdh	1458638_at	NA	0.314195957381378	0	NA	-0.956426042849605	-0.1
ENSMUSG00000022263	Trio	1442751_at	NA	-0.527488951086771	-0.1	NA	-0.0728856375926534	0
ENSMUSG00000022269	March11	1455947_at	NA	-0.135808476676411	0	NA	0.116465588802588	0
ENSMUSG00000022272	Myo10	1454731_at	NA	-1.79002529115015	-0.2	0.0609949908431232	2.71375204160395	0.4
ENSMUSG00000022288	4930447A16Rik	1431671_at	NA	-0.696543969226896	-0.1	NA	-1.12018661591484	-0.1
ENSMUSG00000022292	Rrm2b	1437476_at	0.482806234742608	-0.940198510258093	-0.2	NA	0.564226809151404	0
ENSMUSG00000022296	Baalc	1436878_at	NA	0.0627723308905665	0	NA	-0.58069703406996	0
ENSMUSG00000022299	Slc25a32	1453149_at	0.170878995447863	2.1290472452226	0.5	0.00808094323605806	4.50445642392694	0.5
ENSMUSG00000022303	Dcstamp	1431970_at	NA	0.917144318791985	0.1	NA	-0.831058202836021	-0.1
ENSMUSG00000022305	Lrp12	1433864_at	0.218784471630709	1.89082370478146	0.5	0.00679339358688527	4.67699205172123	0.5
ENSMUSG00000022309	Angpt1	1439066_at	0.00623518491390244	6.28938238250551	1.4	0.367349143402626	1.16899672714766	0.2
ENSMUSG00000022311	Csmd3	1454245_at	NA	-0.920981169905323	-0.1	NA	0.0801914005386272	0
ENSMUSG00000022313	Utp23	1435806_at	NA	1.40463703283485	0.2	NA	1.59508386125344	0.1
ENSMUSG00000022315	Slc30a8	1444027_at	NA	-0.307268546198471	0	NA	-0.536033848202192	0
ENSMUSG00000022325	Pop1	1428458_at	NA	0.25117947234002	0	0.229838815382391	1.59029530365578	0.2
ENSMUSG00000022330	Osr2	1430950_at	0.933838308327338	0.115219475093437	0	NA	1.4939934043008	0.1
ENSMUSG00000022335	Zfat	1441676_at	NA	0.729825916101745	0.1	NA	-0.605950047422428	0
ENSMUSG00000022338	Eny2	1457758_at	NA	-1.85364414196751	-0.3	NA	-0.479916414447261	0
ENSMUSG00000022340	Sybu	1438667_at	NA	0.512556612313939	0.1	NA	-1.99078095369096	-0.2
ENSMUSG00000022342	Kcnv1	1453273_at	NA	0.772554616932936	0.1	NA	0.148850520289235	0
ENSMUSG00000022350	Washc5	1434132_at	0.0586126701463978	3.21032555672701	0.6	NA	1.9678823691998	0.2
ENSMUSG00000022353	Mtss1	1440847_at	NA	2.51776707951519	0.3	0.0380766346250934	3.10586859256669	0.3
ENSMUSG00000022358	Fbxo32	1435265_at	0.353119684394257	1.34832505648399	0.3	0.151127641412679	-1.94502569117404	-0.2
ENSMUSG00000022359	Wdyhv1	1434144_s_at	0.233090740507194	1.82474457175961	0.4	0.00174078577884096	6.17964433770787	0.7
ENSMUSG00000022360	Atad2	1436174_at	0.0135121215631844	4.99884225909149	1.2	0.0418131342872097	-3.02734597232784	-0.4
ENSMUSG00000022364	Tbc1d31	1458158_at	NA	-0.347882522518944	0	NA	-0.250117564394415	0
ENSMUSG00000022370	Mrpl13	1459856_at	NA	0.600493981103	0.1	NA	-1.40819449793386	-0.1
ENSMUSG00000022371	Col14a1	1453931_at	NA	-1.20483170794328	-0.1	NA	0.399460649604079	0
ENSMUSG00000022377	Asap1	1435059_at	0.0996347598337106	2.67141930050299	0.7	0.0175293814035885	3.81382485132853	0.7
ENSMUSG00000022378	Fam49b	1436088_at	0.127428775469961	2.42041646386372	0.8	0.618990661000946	0.663683513069698	0.1
ENSMUSG00000022386	Trmu	1452786_at	NA	-4.15296158232166	-0.4	NA	-0.451110333275521	0
ENSMUSG00000022387	Brd1	1438771_at	NA	-0.172730296572877	0	NA	1.78068103632704	0.1
ENSMUSG00000022390	Zc3h7b	1455547_at	NA	2.6913447396644	0.3	NA	-1.90876125189867	-0.1
ENSMUSG00000022394	L3mbtl2	1433777_at	NA	0.287135689556579	0	NA	-2.08792352675178	-0.2
ENSMUSG00000022400	Rbx1	1440061_at	NA	-0.102933153191195	0	NA	0.720180563572781	0.1
ENSMUSG00000022401	Xpnpep3	1437926_at	NA	1.87064241518624	0.3	0.0345944620944098	3.18631147081199	0.3
ENSMUSG00000022403	St13	1436113_a_at	NA	1.06541837226446	0.2	0.239242619363839	1.55531514685031	0.2
ENSMUSG00000022412	Mief1	1434712_at	NA	0.96156475429722	0.1	NA	-0.56651178386342	0
ENSMUSG00000022419	Deptor	1428622_at	NA	0.737454585982233	0.1	0.0626335066743193	2.69015496868676	0.3
ENSMUSG00000022421	Nptxr	1434270_at	0.00546506209319574	6.83782720427861	1	NA	0.0752496787719699	0
ENSMUSG00000022422	Dscc1	1436583_at	NA	-0.683838980418315	-0.1	NA	0.984969362417925	0.1
ENSMUSG00000022425	Enpp2	1443224_at	NA	0.0603484985036654	0	NA	-0.0230626994949748	0
ENSMUSG00000022433	Csnk1e	1435373_at	NA	0.00286472968509826	0	NA	-0.140544796618424	0
ENSMUSG00000022437	Samm50	1440496_at	NA	-0.471729544997399	-0.1	NA	-2.21122032325148	-0.2
ENSMUSG00000022438	Parvb	1438672_at	0.0324932734136483	3.87230753058275	0.8	NA	0.367727276786669	0
ENSMUSG00000022441	Efcab6	1453766_a_at	NA	0.624815570508763	0.1	NA	-1.54778380087357	-0.1
ENSMUSG00000022442	Ttll1	1443193_at	NA	1.49812038130631	0.2	NA	0.195773114082445	0
ENSMUSG00000022443	Myh9	1440708_at	NA	2.01320956075201	0.3	NA	-0.0741773908113615	0
ENSMUSG00000022449	Adamts20	1456901_at	NA	-0.183257960742543	0	NA	-0.382602132862343	0
ENSMUSG00000022455	Wbp2nl	1431578_at	NA	-0.978619132678533	-0.1	NA	0.0224409315420164	0
ENSMUSG00000022456	Sept3	1439833_at	NA	-1.32063931925884	-0.2	NA	0.181368730457807	0
ENSMUSG00000022462	Slc38a2	1429593_at	NA	0.526548740480067	0.1	0.00728622689578626	4.59199498524756	0.4
ENSMUSG00000022469	Rapgef3	1438590_at	NA	-1.90360332252776	-0.3	NA	-1.14172370178234	-0.1
ENSMUSG00000022484	Hoxc10	1439798_at	0.0147192600442378	4.88559452236095	0.6	0.143296145264609	1.98855951643299	0.2
ENSMUSG00000022485	Hoxc5	1456301_at	NA	-0.814359686201481	-0.1	NA	-0.610972143836435	0
ENSMUSG00000022487	Gtsf1	1441836_x_at	NA	0.684625254416816	0.1	NA	-1.5928188626711	-0.1
ENSMUSG00000022494	Shisa9	1453428_at	NA	-0.378028944704093	-0.1	NA	-2.03425036950113	-0.2
ENSMUSG00000022498	Txndc11	1453763_at	NA	-0.135198128699621	0	NA	0.0304013894610598	0
ENSMUSG00000022500	Litaf	1439916_at	NA	-0.747422098790543	-0.1	NA	0.631242181767419	0
ENSMUSG00000022503	Nubp1	1457055_at	NA	0.485417453742646	0.1	0.199636555561573	-1.71574399244466	-0.2
ENSMUSG00000022504	Ciita	1447075_at	NA	1.47194114170853	0.2	NA	-0.887549491392954	-0.1
ENSMUSG00000022507	1810013L24Rik	1435546_a_at	0.410938378668863	-1.14104045191269	-0.3	0.0677982072377279	2.61842309385549	0.3
ENSMUSG00000022510	Trp63	1459581_at	NA	-0.514125541207769	-0.1	0.43714591878732	-1.01566201628665	-0.1
ENSMUSG00000022514	Il1rap	1442614_at	NA	0.02203469106593	0	NA	0.731720598577638	0.1
ENSMUSG00000022517	Mgrn1	1454645_at	NA	3.02895365637641	0.3	NA	3.33430868766479	0.3
ENSMUSG00000022518	4930562C15Rik	1446662_at	NA	0.21733257710688	0	NA	-1.27477984212906	-0.1
ENSMUSG00000022519	Srl	1436867_at	NA	-1.50228298700357	-0.3	0.171014301158213	-1.84675656733575	-0.2
ENSMUSG00000022521	Crebbp	1435224_at	0.129179406452121	2.41025101446261	0.5	0.0661613853837617	2.64418334504437	0.4
ENSMUSG00000022523	Fgf12	1440270_at	NA	1.01262390111191	0.1	NA	-1.20729503616733	-0.1
ENSMUSG00000022525	Plaat1	1428991_at	NA	1.02907391047061	0.1	NA	-0.117957100934527	0
ENSMUSG00000022526	Zfp251	1453034_at	NA	2.92088655241593	0.3	0.101809417712888	2.29447678725749	0.2
ENSMUSG00000022529	Zfp263	1453105_at	NA	-0.343334878006039	0	NA	-1.38578501599967	-0.1
ENSMUSG00000022533	Atp13a3	1443868_at	NA	-1.5971848821652	-0.2	NA	0.323029097740032	0
ENSMUSG00000022537	Tmem44	1455044_at	NA	1.48900166959506	0.3	NA	2.40232768491156	0.2
ENSMUSG00000022542	Sept12	1438298_a_at	NA	-0.913460627218577	-0.1	NA	0.291665920613162	0
ENSMUSG00000022543	4930451G09Rik	1453594_at	NA	-0.617411636471235	-0.1	NA	-1.32612482505982	-0.1
ENSMUSG00000022545	Ercc4	1441003_at	NA	-0.12146312605689	0	NA	-1.17600283278457	-0.1
ENSMUSG00000022546	Gpt	1453216_at	NA	-0.0641871914479613	0	NA	1.43625052038559	0.1
ENSMUSG00000022548	Apod	1444564_at	0.913481280029564	0.150200603964543	0	NA	0.513612845139189	0
ENSMUSG00000022550	Adck5	1436753_at	NA	2.12303237595655	0.3	NA	1.05044715217296	0.1
ENSMUSG00000022554	Hgh1	1456738_s_at	NA	1.36804298120442	0.2	NA	0.103946151886935	0
ENSMUSG00000022556	Hsf1	1443293_at	NA	-0.205916686032998	0	0.240752813822254	1.54995769526404	0.2
ENSMUSG00000022558	Mroh1	1459218_at	NA	0.122220050465147	0	NA	0.726427157674581	0.1
ENSMUSG00000022560	Slc52a2	1437315_at	NA	-0.264278813114866	0	NA	-0.228377101240192	0
ENSMUSG00000022565	Plec	1437554_at	NA	-0.94740556716848	-0.1	0.99295047918559	-0.0142377765919105	0
ENSMUSG00000022574	Naprt	1454748_at	NA	-0.565633496871075	-0.1	NA	-0.611991042001146	-0.1
ENSMUSG00000022575	Gsdmd	1428767_at	NA	1.66663795755439	0.3	NA	1.70089355880148	0.1
ENSMUSG00000022579	Gpihbp1	1453022_at	NA	1.39749908789813	0.2	NA	-0.272406350167236	0
ENSMUSG00000022587	Ly6e	1439773_at	NA	1.6270279321558	0.2	NA	2.07311470965244	0.2
ENSMUSG00000022595	Lypd2	1453509_at	NA	0.425534014355505	0.1	0.623505864788364	-0.65486404464847	-0.1
ENSMUSG00000022601	Zbtb11	1454826_at	NA	-0.740497480054975	-0.1	NA	1.65876498995367	0.1
ENSMUSG00000022603	Mroh4	1429365_at	NA	-0.698549984119977	-0.1	NA	-0.923059391008244	-0.1
ENSMUSG00000022604	Cep97	1429670_a_at	NA	0.806201226564857	0.1	NA	0.631448718501104	0
ENSMUSG00000022614	Lmf2	1454619_at	NA	3.17728125780292	0.4	NA	-0.453896323862291	0
ENSMUSG00000022619	Mapk8ip2	1435045_s_at	NA	0.466819991945679	0.1	NA	-0.685375185721891	0
ENSMUSG00000022621	Rabl2	1431931_a_at	NA	4.85445345074214	0.5	0.29458897036704	1.36882077488465	0.1
ENSMUSG00000022629	Kif21a	1455029_at	0.408872663759409	1.14648388565542	0.3	NA	0.126986123855338	0
ENSMUSG00000022635	Zcrb1	1428489_at	NA	-0.184018015934122	0	0.00063612663975333	7.32015454381354	0.7
ENSMUSG00000022636	Alcam	1437466_at	NA	-0.356192691543879	0	0.00695335175735547	-4.64808766345888	-0.5
ENSMUSG00000022637	Cblb	1437304_at	0.306671481427948	1.49101382418578	0.3	NA	-1.22180916841258	-0.1
ENSMUSG00000022639	Dubr	1430030_at	0.0707978122928575	3.03454425628128	0.5	NA	1.38883667666995	0.1
ENSMUSG00000022641	Bbx	1428796_at	0.0496078190107701	3.39323825206708	0.5	0.139232192126023	2.01595037379886	0.3
ENSMUSG00000022656	Nectin3	1457257_x_at	NA	0.763747231419484	0.1	NA	-0.973820191366724	-0.1
ENSMUSG00000022659	Gcsam	1442582_at	NA	-0.905636468840356	-0.1	NA	0.940615342862461	0.1
ENSMUSG00000022667	Cd200r1	1439703_at	NA	0.278505428128578	0	NA	0.168164747922319	0
ENSMUSG00000022668	Gtpbp8	1431041_at	NA	0.920273703958501	0.1	NA	-1.06377571390625	-0.1
ENSMUSG00000022674	Ube2v2	1429131_at	NA	0.951307340035307	0.1	0.126086891978178	2.10535622893839	0.2
ENSMUSG00000022676	Snai2	1447643_x_at	0.28392461990213	1.59873223481046	0.4	0.00064575479430479	7.28657214709623	1.1
ENSMUSG00000022682	Rrn3	1415725_at	0.556007002673927	-0.76641661601133	-0.2	NA	0.992926794998756	0.1
ENSMUSG00000022698	Naa50	1428409_at	0.668485478747036	0.544088169859928	0.2	0.307341957545171	-1.32591134481097	-0.2
ENSMUSG00000022701	Ccdc191	1453971_at	NA	-0.224550803792357	0	NA	0.294584499954407	0
ENSMUSG00000022708	Zbtb20	1439128_at	0.0953290710087036	2.71066958862133	0.5	0.817809868924772	0.31700549251401	0
ENSMUSG00000022710	Usp7	1434371_x_at	0.133144515113876	2.38119370375722	0.5	0.471568814443982	-0.942187284968593	-0.1
ENSMUSG00000022711	Pmm2	1439953_at	NA	0.289405296359865	0	NA	0.619588317411087	0.1
ENSMUSG00000022718	Dgcr8	1455311_at	NA	-0.106335840418456	0	NA	-1.13076048788162	-0.1
ENSMUSG00000022721	Trmt2a	1457620_at	NA	-0.445906827387372	0	NA	0.495557499838356	0
ENSMUSG00000022738	Gsc2	1454263_at	NA	0.465189649118696	0.1	NA	1.20077142013115	0.1
ENSMUSG00000022742	Cpox	1440747_at	NA	-0.581970949596849	-0.1	NA	-0.521540629699191	0
ENSMUSG00000022747	St3gal6	1454246_at	NA	-0.395573226901252	0	NA	-0.58799767972263	0
ENSMUSG00000022748	Cmss1	1430423_s_at	NA	-0.408758334850934	0	0.16365135914711	-1.88277203755995	-0.2
ENSMUSG00000022749	Tbc1d23	1439090_at	NA	1.3822179689675	0.2	NA	0.00397859631542124	0
ENSMUSG00000022752	Tomm70a	1457353_at	NA	0.275294490077231	0	NA	-0.283077505034276	0
ENSMUSG00000022753	Tmem30c	1431455_at	NA	-0.0627154112809438	0	NA	-0.970360568743551	-0.1
ENSMUSG00000022758	P2rx6	1456925_at	NA	2.85690377716887	0.3	0.0103878139216534	4.29466713236587	0.3
ENSMUSG00000022759	Lrrc74b	1430714_at	NA	-2.43964135464364	-0.2	NA	0.697333735499286	0.1
ENSMUSG00000022763	Aifm3	1431923_at	NA	-0.305286473562231	0	NA	-1.12729689252033	-0.1
ENSMUSG00000022768	Ccdc116	1430076_at	NA	1.72866302843977	0.2	NA	-1.32443237954549	-0.1
ENSMUSG00000022770	Dlg1	1415691_at	0.162331385471818	2.17684374857455	0.5	0.0127690155244169	4.12384850190324	0.5
ENSMUSG00000022771	Ppil2	1442660_at	NA	0.969470218472465	0.1	NA	-0.0731275701229899	0
ENSMUSG00000022772	Senp5	1428831_at	NA	1.22412066299977	0.2	0.14843890289065	1.96083448449106	0.2
ENSMUSG00000022787	Wdr53	1428839_at	0.371231818676434	1.26509857937391	0.3	NA	1.86157474876191	0.2
ENSMUSG00000022788	Fgd4	1455337_at	NA	1.75188251757088	0.2	NA	-0.121377017113442	0
ENSMUSG00000022790	Igsf11	1460607_at	NA	1.92739189930202	0.3	NA	0.905064263739706	0.1
ENSMUSG00000022792	Yars2	1430134_a_at	NA	-2.45016209650444	-0.3	0.0575102941986902	2.75699850952369	0.3
ENSMUSG00000022797	Tfrc	AFFX-TransRecMur/X57349_3_at	NA	0.344794988994425	0	NA	-0.881300018208932	-0.1
ENSMUSG00000022798	Tex55	1457928_at	NA	-0.213387318052138	0	0.734839441708477	-0.457718412773644	-0.1
ENSMUSG00000022799	Arhgap31	1455164_at	0.039330376484521	3.65826061927906	0.7	NA	3.2466819047085	0.2
ENSMUSG00000022800	Fyttd1	1431465_s_at	NA	-1.69337793104038	-0.2	NA	0.476749397808824	0
ENSMUSG00000022801	Lrch3	1454756_at	0.233090740507194	1.82567220319935	0.4	0.087240440922947	2.42895487231899	0.2
ENSMUSG00000022802	Lmln	1457247_at	NA	0.562536667842952	0.1	NA	-0.767298278325302	-0.1
ENSMUSG00000022805	Maats1	1456711_at	0.299828905176153	-1.5228452200424	-0.3	NA	-0.797645406986822	-0.1
ENSMUSG00000022811	Zfp148	1436217_at	NA	-0.871247663732459	-0.1	NA	0.488020435487225	0
ENSMUSG00000022812	Gsk3b	1437001_at	NA	1.60091427163359	0.3	NA	2.76264357645022	0.2
ENSMUSG00000022820	Ndufb4	1432427_at	NA	-0.651426773143921	-0.1	0.985812859415745	-0.0276853565355411	0
ENSMUSG00000022821	Hgd	1458049_at	NA	0.341417541934012	0	0.0201598226601823	-3.67641435968674	-0.3
ENSMUSG00000022822	Abcc5	1447384_at	NA	0.515184590089853	0.1	NA	-0.38847321244862	0
ENSMUSG00000022828	Gtf2e1	1428124_at	0.403978125214753	-1.16225299336719	-0.3	0.647579705871191	-0.612280950561614	-0.1
ENSMUSG00000022833	Ccdc14	1435654_at	NA	2.83545485789412	0.3	NA	0.429020174815452	0
ENSMUSG00000022837	Iqcb1	1434770_at	0.334525711513228	1.40743262051695	0.3	NA	1.07248732272718	0.1
ENSMUSG00000022840	Adcy5	1455296_at	NA	-0.747846341301683	-0.1	NA	-1.76806004686912	-0.1
ENSMUSG00000022848	Slc49a4	1454654_at	0.356058329674371	1.32619664291531	0.3	0.220187735148698	1.62933968595117	0.3
ENSMUSG00000022849	Hspbap1	1428566_at	NA	0.164077881681811	0	NA	0.378862589964087	0
ENSMUSG00000022855	Senp2	1455327_at	NA	1.13589544211033	0.2	NA	0.833271361233511	0.1
ENSMUSG00000022858	Tra2b	1446496_at	NA	-0.462826184350142	-0.1	NA	-0.159871607154716	0
ENSMUSG00000022864	D16Ertd472e	1436125_at	0.371231818676434	1.26830888247726	0.3	NA	0.286854657662554	0
ENSMUSG00000022865	Cxadr	1453282_at	NA	-0.055535517176522	0	NA	-1.16964783289411	-0.1
ENSMUSG00000022883	Robo1	1457407_at	NA	-0.564653841864511	-0.1	NA	-0.680019810407575	-0.1
ENSMUSG00000022892	App	1440153_at	NA	2.0217093375648	0.2	NA	1.1694293994066	0.1
ENSMUSG00000022894	Adamts5	1456404_at	0.853938123305289	0.246172502540176	0.1	0.00678227206975632	4.68397227076628	0.8
ENSMUSG00000022898	Vps26c	1415745_a_at	NA	0.643462905035678	0.1	NA	1.88793124477832	0.2
ENSMUSG00000022899	Slc15a2	1447808_s_at	0.181486295477563	-2.0770108262456	-0.4	0.0671581799189853	-2.62898913525318	-0.3
ENSMUSG00000022911	Arl13b	1437021_at	NA	1.41587397257567	0.2	0.112014285896443	2.21192387018073	0.2
ENSMUSG00000022914	Brwd1	1433955_at	NA	0.198935242827652	0	NA	2.13466134957586	0.2
ENSMUSG00000022935	Grik1	1439987_at	NA	0.996718200293296	0.1	0.484668629638871	0.912545105069729	0.1
ENSMUSG00000022945	Chaf1b	1431275_at	NA	-0.0825143914005139	0	NA	0.3293972544938	0
ENSMUSG00000022949	Clic6	1434165_at	NA	-1.32485190646007	-0.1	NA	-1.59724648152251	-0.2
ENSMUSG00000022952	Runx1	1440878_at	0.0424339591901669	-3.56942173687103	-0.5	0.50619685655765	0.870336497432063	0.1
ENSMUSG00000022957	Itsn1	1459621_at	NA	-0.0645432861582637	0	NA	-1.59910745351648	-0.1
ENSMUSG00000022961	Son	1455634_at	0.192013345778544	2.01982151126378	0.5	0.332484898385952	1.25680752550607	0.2
ENSMUSG00000022967	Ifnar1	1442222_at	NA	0.701670886928527	0.1	NA	1.26004410199588	0.1
ENSMUSG00000022971	Ifnar2	1440169_x_at	0.655960075556892	0.566958384745578	0.2	0.250447704658305	1.51478427628288	0.3
ENSMUSG00000022973	Synj1	1454961_at	0.235272985535421	1.81657525223939	0.4	0.123644271966696	2.1204654952035	0.2
ENSMUSG00000022982	Sod1	1459976_s_at	0.183089406877855	2.06895367918446	0.7	0.144498319657488	-1.98205440286841	-0.2
ENSMUSG00000022992	Kansl2	1440486_at	NA	0.636496213660427	0.1	NA	-1.16242536017738	-0.1
ENSMUSG00000022993	4930415O20Rik	1430211_at	NA	-0.830470388134141	-0.1	NA	-0.691868273764094	-0.1
ENSMUSG00000022995	Enah	1455375_at	NA	-1.5324715533414	-0.2	NA	-2.26487529342272	-0.2
ENSMUSG00000023011	Faim2	1429518_at	NA	1.49372151089398	0.2	NA	-0.834390971248903	-0.1
ENSMUSG00000023017	Asic1	1455328_at	NA	1.680342684006	0.2	NA	-0.831655358437002	-0.1
ENSMUSG00000023021	Cers5	1447308_at	NA	-0.538478291202807	-0.1	NA	1.11619343079245	0.1
ENSMUSG00000023022	Lima1	1435727_s_at	NA	1.04643681229437	0.2	0.0250591028922397	3.48436543504613	0.4
ENSMUSG00000023025	Larp4	1439010_at	0.399936506761967	1.17732120777977	0.4	0.75398353039669	-0.421567424449959	-0.1
ENSMUSG00000023030	Slc11a2	1447333_at	NA	1.25892488710683	0.2	NA	-0.616640309962796	-0.1
ENSMUSG00000023032	Slc4a8	1441700_at	NA	0.303763829703857	0	NA	0.0116127220993149	0
ENSMUSG00000023033	Scn8a	1439889_at	NA	-0.499594861225328	-0.1	NA	0.340221893648792	0
ENSMUSG00000023036	Pcdhgc4	1438103_at	NA	2.035009508508	0.3	0.0156152218697927	3.9223190779792	0.3
ENSMUSG00000023047	Amhr2	1438967_x_at	NA	1.35720603088106	0.2	NA	2.05795474020721	0.1
ENSMUSG00000023055	Calcoco1	1428513_at	NA	-0.178263197527638	0	0.0133575113769862	4.09252573161691	0.5
ENSMUSG00000023066	Rttn	1431919_at	NA	1.93520765926242	0.3	NA	0.387872113726769	0
ENSMUSG00000023068	Nus1	1434304_s_at	0.117333413106102	2.49511852968009	0.6	0.011560162690568	4.19743940560386	0.5
ENSMUSG00000023073	Slc10a2	1446368_at	NA	0.640944533628911	0.1	NA	-0.877748594139844	-0.1
ENSMUSG00000023084	Lrrc71	1453786_at	NA	-0.383215891304428	0	0.313938202429903	-1.30512129827563	-0.1
ENSMUSG00000023092	Fhl1	1459003_at	NA	-0.406553418497357	-0.1	NA	-1.07617089676829	-0.1
ENSMUSG00000023104	Rfc2	1443040_x_at	NA	0.165217456391913	0	NA	0.0971470811371679	0
ENSMUSG00000023106	Denr	1446948_at	NA	-0.155300666318483	0	NA	-0.26320763361451	0
ENSMUSG00000023118	Sympk	1428673_at	NA	1.33053147863809	0.2	0.745890429497521	-0.43489455504845	-0.1
ENSMUSG00000023143	Nagpa	1454718_at	NA	2.00525774695273	0.2	NA	1.13905057822888	0.1
ENSMUSG00000023147	Wrb	1460446_at	NA	2.41950096428884	0.4	0.0260787641543063	-3.43739546779414	-0.3
ENSMUSG00000023151	Lrrc69	1453536_at	NA	-0.447451772228835	-0.1	NA	-0.143544409512746	0
ENSMUSG00000023153	Tmem52	1460451_at	NA	1.28712817072676	0.1	NA	-0.112318822022452	0
ENSMUSG00000023169	Slc38a1	1454764_s_at	NA	0.00499470082179172	0	0.664632663198247	-0.581940948277984	-0.1
ENSMUSG00000023192	Grm2	1435607_at	NA	0.556939572551759	0.1	NA	0.974149643614576	0.1
ENSMUSG00000023210	Lcn9	1432468_at	NA	0.290633629686568	0	NA	-0.827123373454097	-0.1
ENSMUSG00000023232	Serinc2	1434382_at	0.127031078785531	2.42530840949147	0.4	0.146021369295726	1.97267786144283	0.2
ENSMUSG00000023235	Ccl25	1458277_at	NA	0.590203854399156	0.1	NA	-0.078383614101662	0
ENSMUSG00000023279	Bmp15	1420005_s_at	NA	-0.677035409042998	-0.1	NA	0.440921513435669	0
ENSMUSG00000023345	Poc1a	1432202_a_at	NA	1.53097466654019	0.3	NA	0.580484751519218	0.1
ENSMUSG00000023350	Phf8-ps	1453292_at	NA	-0.495976249052652	-0.1	NA	-0.323899973588489	0
ENSMUSG00000023387	Kcnk16	1429913_at	NA	-0.307788395792321	-0.1	NA	0.408605961892615	0
ENSMUSG00000023393	Slc17a9	1432023_a_at	NA	-0.279237562148254	0	NA	0.652923943772879	0.1
ENSMUSG00000023460	Rab12	1457783_at	NA	-0.636434679250873	-0.1	0.4743425283566	0.936055962681911	0.1
ENSMUSG00000023755	Rhebl1	1447818_x_at	NA	0.505548870856463	0.1	NA	0.526856809421661	0
ENSMUSG00000023764	Sfi1	1428778_at	NA	0.739056904469648	0.1	NA	0.530475347943335	0
ENSMUSG00000023795	Pisd-ps2	1454566_at	NA	0.232005890175398	0	NA	-1.89362890398017	-0.2
ENSMUSG00000023806	Rsph3b	1432579_at	0.323159098901313	1.43888080755184	0.5	0.137036406626206	-2.0294069541123	-0.2
ENSMUSG00000023809	Rps6ka2	1441311_at	NA	-0.316004952152413	0	0.189958908957212	1.7562903981223	0.2
ENSMUSG00000023827	Agpat4	1436640_x_at	NA	1.46078362841658	0.2	NA	-1.54876748058447	-0.1
ENSMUSG00000023845	Lnpep	1433747_at	0.144209883277118	2.31036282565654	0.6	0.122948757575312	2.12740462083037	0.3
ENSMUSG00000023852	Chd1	1457473_at	NA	0.26284123764442	0	NA	-0.394432298156915	0
ENSMUSG00000023868	Pde10a	1458499_at	NA	-0.335347009261117	0	NA	-0.635969836154819	0
ENSMUSG00000023883	Phf10	1435774_at	0.219544064193552	-1.88657452567663	-0.7	NA	-0.82790565431762	-0.1
ENSMUSG00000023902	Zscan10	1438787_at	NA	-0.291932484504172	0	NA	0.116761567061455	0
ENSMUSG00000023912	Slc25a27	1440090_at	NA	0.963186275937544	0.1	NA	1.11072724489328	0.1
ENSMUSG00000023914	Mep1a	1447252_s_at	NA	2.02925330120294	0.3	0.417216510093142	-1.06013467578347	-0.1
ENSMUSG00000023918	Adgrf4	1429460_at	NA	0.842648901942974	0.1	NA	-1.03148429008987	-0.1
ENSMUSG00000023923	Tbc1d5	1443896_at	NA	1.1791990012362	0.1	NA	0.246001653602464	0
ENSMUSG00000023927	Satb1	1439315_at	NA	0.000380192773758459	0	NA	-0.42970596750643	0
ENSMUSG00000023935	Spats1	1443710_s_at	NA	-0.803908258430939	-0.1	NA	0.372268454651935	0
ENSMUSG00000023938	Aars2	1436017_at	NA	1.12229139380001	0.1	NA	-1.79080791626916	-0.1
ENSMUSG00000023940	Sgo1	1439510_at	NA	1.85677291598563	0.3	NA	-0.538540319708614	0
ENSMUSG00000023947	Nfkbie	1458299_s_at	NA	1.3335116160553	0.2	0.617973149216958	0.665543197354058	0.1
ENSMUSG00000023952	Gtpbp2	1442305_at	NA	-0.366118779540298	0	NA	0.677283470830408	0.1
ENSMUSG00000023953	Polh	1459539_at	NA	1.61774052220829	0.2	NA	-1.42239772128611	-0.1
ENSMUSG00000023959	Clic5	1458381_at	NA	-2.7688329211661	-0.3	NA	-1.06407661678546	-0.1
ENSMUSG00000023961	Enpp4	1434580_at	0.912042231541403	-0.154423540227172	0	0.4743425283566	-0.935537322796528	-0.2
ENSMUSG00000023965	Fbxl17	1452860_at	NA	1.7989897958925	0.3	0.0803845775637192	2.49104789670508	0.3
ENSMUSG00000023977	Ubr2	1429515_at	NA	-1.12098982928261	-0.1	0.911306005414337	0.161080353491018	0
ENSMUSG00000023991	Foxp4	1431437_at	NA	-0.421612262261449	0	NA	-0.196626802837491	0
ENSMUSG00000023999	Kif6	1441377_at	NA	-1.53175789834914	-0.3	NA	-0.681650984848109	-0.1
ENSMUSG00000024006	Stk38	1431303_at	NA	0.313715176596677	0	NA	-0.489838018753402	0
ENSMUSG00000024007	Ppil1	1428892_at	0.023492875822045	4.25199517937345	0.8	0.257320399119529	1.48934678958623	0.2
ENSMUSG00000024008	Cpne5	1442166_at	NA	0.567693197837137	0.1	NA	-1.09452942707771	-0.1
ENSMUSG00000024018	Ccdc167	1444550_at	NA	0.326571924723375	0	NA	2.02766198846431	0.2
ENSMUSG00000024026	Glo1	1436070_at	0.334525711513228	-1.4073609390355	-0.3	NA	0.936588340260458	0.1
ENSMUSG00000024027	Glp1r	1430642_at	NA	-1.39971386708351	-0.2	NA	0.411026440836677	0
ENSMUSG00000024030	Abcg1	1455221_at	NA	1.17820016968725	0.1	NA	0.0109219342566964	0
ENSMUSG00000024037	Wdr4	1434522_at	NA	0.305505585972495	0.1	0.0059200200887925	-4.79864707534635	-0.4
ENSMUSG00000024043	Arhgap28	1434809_at	NA	-0.364792883679445	-0.1	0.00381510620035394	5.22535110316614	0.5
ENSMUSG00000024044	Epb41l3	1440595_at	0.434275013576344	-1.0781396037656	-0.2	NA	0.528821882165559	0
ENSMUSG00000024050	Wiz	1456657_at	NA	-1.41739438241076	-0.2	NA	-0.886982351795193	-0.1
ENSMUSG00000024052	Lpin2	1446316_at	NA	-0.943277268378696	-0.1	NA	1.23263497866372	0.1
ENSMUSG00000024053	Emilin2	1435264_at	0.250555552659268	1.74327889460951	0.3	0.000146158510210944	10.2167166228753	1.3
ENSMUSG00000024054	Smchd1	1442497_at	NA	0.0379261980834644	0	NA	0.353359829029529	0
ENSMUSG00000024059	Clip4	1437092_at	NA	1.71774789231133	0.2	NA	0.499669934474128	0
ENSMUSG00000024063	Lbh	1429088_at	0.183481647860309	2.06637744295704	0.6	0.703205603029349	-0.514479263743769	-0.1
ENSMUSG00000024064	Galnt14	1453630_at	NA	-0.622571032730024	-0.1	NA	0.138604419381978	0
ENSMUSG00000024070	Prkd3	1444691_at	NA	-0.33272825004265	0	NA	-0.879868873572592	-0.1
ENSMUSG00000024073	Birc6	1437789_at	NA	-0.715490014849331	-0.1	NA	-1.65121408550923	-0.1
ENSMUSG00000024077	Strn	1455022_at	0.11008262655636	2.56843910151149	0.5	0.114818310439275	2.19230676796943	0.2
ENSMUSG00000024079	Eif2ak2	1440866_at	NA	1.57067949171755	0.2	0.0847721281560572	2.45120798177997	0.2
ENSMUSG00000024083	Pja2	1434383_at	0.885686842523234	0.191770022189162	0.1	0.260265534825632	1.47644371384208	0.2
ENSMUSG00000024088	4930583I09Rik	1431669_at	NA	-0.751212758133791	-0.1	NA	-0.46213357768205	0
ENSMUSG00000024105	Themis3	1458619_at	0.583247497154372	-0.71124256845129	-0.2	NA	-1.79477643459952	-0.2
ENSMUSG00000024109	Nrxn1	1428240_at	NA	-1.95582926069071	-0.3	NA	0.193318411226833	0
ENSMUSG00000024114	Prss41	1446287_at	NA	-0.190706582402994	0	NA	-1.39447901273527	-0.1
ENSMUSG00000024118	Tedc2	1428832_at	NA	1.05409217681134	0.1	0.305550635018703	1.33337349096894	0.1
ENSMUSG00000024122	Pdpk1	1415729_at	0.326424327943361	1.4293916035488	0.3	0.108201265695217	2.23844376274917	0.3
ENSMUSG00000024127	Prepl	1442060_at	NA	0.216974379239588	0	NA	0.163223876532059	0
ENSMUSG00000024135	Srbd1	1436375_at	NA	-1.65885816668311	-0.2	NA	0.659853328916413	0.1
ENSMUSG00000024137	E4f1	1431485_at	NA	1.56352346540465	0.2	NA	-1.15121714158694	-0.1
ENSMUSG00000024140	Epas1	1435436_at	NA	0.133558548736149	0	NA	1.35698918111344	0.1
ENSMUSG00000024155	Meiob	1431648_at	NA	-0.780070791256152	-0.1	NA	-2.67966115481576	-0.2
ENSMUSG00000024163	Mapk8ip3	1436676_at	NA	0.986891085981921	0.1	NA	-0.370435034723714	0
ENSMUSG00000024165	Jpt2	1433696_at	0.0138938809123682	4.96153321600725	0.9	0.0381342874332962	-3.10401659543679	-0.4
ENSMUSG00000024168	Tmem204	1434621_at	NA	1.91476968420147	0.3	NA	1.29066428981466	0.1
ENSMUSG00000024172	St6gal2	1434819_at	NA	-1.21020389080837	-0.1	NA	-1.26279040120069	-0.1
ENSMUSG00000024174	Pot1b	1430399_at	NA	-0.234013074166753	0	NA	0.458260743756176	0
ENSMUSG00000024175	Tekt4	1453121_at	NA	-1.54735115866745	-0.2	NA	-1.60744632136431	-0.1
ENSMUSG00000024176	Sox8	1435438_at	0.0933557712812546	2.74436782802666	0.7	0.635525426219937	-0.631538227778087	-0.1
ENSMUSG00000024184	Pdia2	1428952_at	NA	0.139372270716568	0	NA	-1.1723420841141	-0.1
ENSMUSG00000024187	Fam234a	1434387_at	NA	1.8108467464744	0.3	0.0292107353660449	3.33220826787523	0.3
ENSMUSG00000024188	Luc7l	1455261_at	NA	1.16162065700187	0.2	0.542500494833636	-0.804196599252128	-0.1
ENSMUSG00000024190	Dusp1	1454277_at	NA	-1.21672276703569	-0.1	NA	-1.11937816279841	-0.1
ENSMUSG00000024206	Rfx2	1442578_at	NA	-0.821615633253785	-0.1	NA	0.204588118305535	0
ENSMUSG00000024207	Acsbg2	1439000_at	NA	-0.543556915703163	-0.1	NA	0.710011952131226	0.1
ENSMUSG00000024209	Acsbg3	1430846_at	NA	0.0445504362586554	0	NA	-0.645200749341348	-0.1
ENSMUSG00000024217	Snrpc	1444655_at	NA	-1.10474836874356	-0.2	NA	-0.682497385905519	-0.1
ENSMUSG00000024220	Zfp523	1434085_at	NA	-0.752821628015308	-0.1	NA	1.30524541564333	0.1
ENSMUSG00000024222	Fkbp5	1458089_at	NA	0.0179868474871954	0	NA	0.110943904501598	0
ENSMUSG00000024228	Nudt12	1453139_at	NA	0.0689625811905199	0	NA	0.672347336240049	0
ENSMUSG00000024234	Mtpap	1452749_at	NA	0.482018121750686	0.1	0.101776142386929	2.29594712882637	0.2
ENSMUSG00000024238	Zeb1	1443005_at	NA	-0.00282820349438092	0	NA	0.222205583848547	0
ENSMUSG00000024241	Sos1	1434389_at	0.247444428185424	1.75634514922568	0.4	0.943695944796213	-0.102231872157115	0
ENSMUSG00000024245	Tmem178	1429175_at	NA	-0.109943300732068	0	NA	-0.894276103990593	-0.1
ENSMUSG00000024246	Thumpd2	1428726_at	NA	-0.427237540026221	-0.1	NA	0.597805098152606	0
ENSMUSG00000024251	Thada	1457106_at	NA	-1.22340709810381	-0.1	NA	-0.522779209861068	0
ENSMUSG00000024253	Dync2li1	1428446_at	NA	1.20523287766083	0.2	0.00364920995796684	5.30198665918443	0.7
ENSMUSG00000024256	Adcyap1	1441778_at	NA	1.14641304637115	0.1	NA	-1.26951405808189	-0.1
ENSMUSG00000024260	Sap130	1428857_at	0.0169699201304272	4.61895531874762	0.6	0.289121471968469	1.38862700923373	0.2
ENSMUSG00000024266	Adad2	1431898_at	NA	1.01566034825258	0.1	NA	-0.479016415851661	0
ENSMUSG00000024269	Tpgs2	1453079_at	NA	0.93666446476908	0.1	NA	-2.09360915191549	-0.2
ENSMUSG00000024276	Zfp397	1435664_at	NA	0.326384543385281	0.1	0.343846686571201	1.22573128092624	0.1
ENSMUSG00000024283	Wac	1444241_at	NA	0.165952463760227	0	NA	-0.910093946061991	-0.1
ENSMUSG00000024286	Ccny	1428971_at	0.368926841324502	1.2772366212559	0.3	0.0166202426618328	3.85977288018564	0.5
ENSMUSG00000024287	Thoc1	1431044_at	NA	-0.612620549683845	-0.1	NA	1.45327981731023	0.1
ENSMUSG00000024290	Rock1	1441162_at	NA	0.205655832187966	0	NA	1.54391487445244	0.1
ENSMUSG00000024294	Mib1	1454740_at	0.267104032415861	1.66708694336109	0.6	0.245989553325196	-1.53173807099256	-0.2
ENSMUSG00000024295	Cyp4f41-ps	1430116_at	NA	-0.711379318471967	-0.1	NA	-1.1421696108863	-0.1
ENSMUSG00000024298	Zfp871	1453140_at	0.301410853976513	1.5149281456895	0.3	NA	0.569556150445473	0.1
ENSMUSG00000024299	Adamts10	1441309_at	NA	-0.236025542091259	0	0.742273797772405	0.441014104367867	0.1
ENSMUSG00000024300	Myo1f	1429525_s_at	NA	-0.796336296690427	-0.1	NA	0.187667167780529	0
ENSMUSG00000024304	Cdh2	1439307_at	NA	-0.56227417571008	-0.1	NA	0.744872160616529	0.1
ENSMUSG00000024309	Pfdn6	1415744_at	NA	-0.979254481636679	-0.2	0.0552058282255756	-2.79210026190498	-0.3
ENSMUSG00000024312	Wdr46	1437828_s_at	0.608765190491296	0.658197015223288	0.1	NA	-1.02659454757242	-0.1
ENSMUSG00000024340	Btnl2	1442199_at	NA	-0.130131127057735	0	NA	-0.200713280057298	0
ENSMUSG00000024347	Psd2	1428268_at	NA	0.832514063153809	0.1	NA	-0.102813627302786	0
ENSMUSG00000024349	Tmem173	1447621_s_at	0.0446460441075032	3.52300078492167	0.5	0.00728622689578626	-4.60423641383403	-0.5
ENSMUSG00000024350	Dnajc18	1434863_at	NA	1.13827775798294	0.2	0.178521709437494	1.80570297012494	0.2
ENSMUSG00000024352	Spata24	1429580_x_at	0.272293563442761	1.642481702366	0.4	NA	0.289079146121967	0
ENSMUSG00000024370	Cdc23	1443087_at	NA	0.175252953438479	0	NA	1.40960058958313	0.1
ENSMUSG00000024378	Stard4	1455011_at	0.00482069958664527	7.34260689378808	1	0.0686338318653612	2.60710243422139	0.3
ENSMUSG00000024381	Bin1	1444120_at	NA	1.50775792664396	0.2	NA	-1.72264882346083	-0.1
ENSMUSG00000024383	Map3k2	1455597_at	0.461549313950817	1.0045686814487	0.2	0.924552846776619	-0.131633104135992	0
ENSMUSG00000024384	Iws1	1453010_at	NA	0.360342067945292	0.1	0.306763680593481	1.32940798328563	0.1
ENSMUSG00000024393	Prrc2a	1442802_x_at	NA	-2.10704640197049	-0.3	NA	-1.17628042892683	-0.1
ENSMUSG00000024400	Wdr33	1453322_at	NA	-0.88506179216414	-0.1	NA	0.27982098229432	0
ENSMUSG00000024404	Riok3	1415747_s_at	0.478796334681948	-0.954147018490957	-0.3	0.0433076483057877	2.99229882803958	0.3
ENSMUSG00000024411	Aqp4	1447745_at	NA	-0.395707599610066	0	NA	-0.0304789276405819	0
ENSMUSG00000024420	Zfp521	1439909_at	NA	1.38604708536917	0.2	NA	-1.79350306150203	-0.1
ENSMUSG00000024423	Impact	1446751_s_at	NA	1.13276293437098	0.1	NA	-0.646026853062998	-0.1
ENSMUSG00000024424	Ttc39c	1441380_at	NA	-0.152569045174627	0	NA	0.14895003626165	0
ENSMUSG00000024426	Atat1	1452979_at	NA	1.27650758172951	0.1	NA	2.03250081893399	0.2
ENSMUSG00000024427	Spry4	1440867_at	NA	0.458699127503063	0.1	NA	-1.17626657754092	-0.1
ENSMUSG00000024431	Nr3c1	1453860_s_at	NA	0.785141479678698	0.1	NA	0.355977445870048	0
ENSMUSG00000024440	Pcdh12	1440023_at	NA	-0.292006265556186	0	NA	-1.03707063624599	-0.1
ENSMUSG00000024451	Arap3	1447407_at	NA	-0.518021216203965	-0.1	NA	-0.608472762561973	-0.1
ENSMUSG00000024456	Diaph1	1445391_at	NA	-0.377308964207162	-0.1	NA	-1.64825877289533	-0.2
ENSMUSG00000024472	Dcp2	1455070_at	NA	0.922644950748765	0.1	0.691516756187522	0.535523619524527	0.1
ENSMUSG00000024477	Pggt1b	1438229_at	0.4268294430533	1.10042430836036	0.3	NA	-1.12632619657443	-0.1
ENSMUSG00000024481	Lvrn	1454038_at	NA	0.64102167694078	0.1	NA	-1.6269780166386	-0.1
ENSMUSG00000024483	Ankhd1	1436597_at	0.211096150708198	1.92844743387973	0.4	NA	-1.7423572354108	-0.2
ENSMUSG00000024485	Slc4a9	1439137_at	NA	-0.455742515245864	0	NA	-0.581153758506437	0
ENSMUSG00000024487	Yipf5	1444289_at	NA	-0.0449552566044178	0	0.654459361498869	-0.600668960550393	-0.1
ENSMUSG00000024491	Rbm27	1456058_at	0.153685988304405	2.23881586304492	0.6	NA	-1.02054468946933	-0.1
ENSMUSG00000024500	Ppp2r2b	1446036_at	NA	2.53241508342362	0.3	NA	-1.45021551145082	-0.1
ENSMUSG00000024502	Jakmip2	1436552_at	NA	-0.430395542863694	-0.1	NA	0.242691650233065	0
ENSMUSG00000024505	Dtwd2	1428901_at	NA	0.319063071868775	0.1	NA	-0.22093351992071	0
ENSMUSG00000024511	Rab27b	1439610_at	NA	1.89824026727946	0.3	NA	-2.41627490254513	-0.2
ENSMUSG00000024512	Dynap	1453275_at	0.00116451268682138	10.0715120637754	1	0.00829185944245233	-4.47851770061318	-0.4
ENSMUSG00000024516	Sec11c	1440378_at	NA	0.337399302280178	0	NA	-1.93107752261577	-0.1
ENSMUSG00000024524	Gnal	1439957_at	NA	-0.266435145490001	0	NA	-0.437057824842154	0
ENSMUSG00000024527	Afg3l2	1454003_at	NA	-2.39461753992949	-0.3	NA	-0.65783774055227	-0.1
ENSMUSG00000024532	1700034E13Rik	1429611_at	NA	-0.348304336910546	0	NA	0.7620145280181	0.1
ENSMUSG00000024533	Spire1	1454962_at	NA	1.35572914369054	0.3	NA	0.504895671928549	0
ENSMUSG00000024535	Snx24	1428822_a_at	NA	3.37925680426382	0.4	0.057441482969242	2.76144037129784	0.3
ENSMUSG00000024537	Psmg2	1444264_at	NA	-1.91380086488565	-0.3	NA	-0.483137448802075	0
ENSMUSG00000024542	Cep192	1428727_at	0.026311394479147	4.10816869042505	0.5	0.984443297926011	-0.0319809693605259	0
ENSMUSG00000024546	4930546C10Rik	1431846_at	NA	-1.39223535283397	-0.1	NA	-1.10573065293276	-0.1
ENSMUSG00000024553	Galr1	1441329_at	NA	0.447406784752029	0	NA	0.159557732911076	0
ENSMUSG00000024556	Me2	1458172_at	NA	-1.46268318172209	-0.3	NA	-0.341471991029566	0
ENSMUSG00000024558	Mapk4	1435367_at	NA	0.769072465386206	0.1	NA	-1.67605182664115	-0.1
ENSMUSG00000024565	Sall3	1441186_at	NA	-0.953272976434825	-0.1	NA	-2.37815160281639	-0.2
ENSMUSG00000024566	Atp9b	1440558_at	NA	-0.900044822075849	-0.1	NA	0.358265450266655	0
ENSMUSG00000024570	Rbfa	1428520_at	NA	0.4932558770717	0	NA	-1.81833316673113	-0.1
ENSMUSG00000024576	Csnk1a1	1437923_at	NA	0.962945912718789	0.2	NA	1.53287853992962	0.1
ENSMUSG00000024579	Pcyox1l	1455380_at	NA	-0.541280363742435	-0.1	NA	1.04035623174982	0.1
ENSMUSG00000024580	Grpel2	1436256_at	NA	0.79822876637664	0.1	NA	0.612098637692529	0.1
ENSMUSG00000024581	Napg	1443366_at	NA	1.44167995077923	0.2	NA	0.308898925644331	0
ENSMUSG00000024589	Nedd4l	1456044_at	NA	-2.71027610033189	-0.3	NA	0.563548492718988	0
ENSMUSG00000024592	C330018D20Rik	1453738_at	NA	-1.07812842019332	-0.1	NA	1.32912899790432	0.1
ENSMUSG00000024593	Megf10	1429841_at	0.0144897608918972	4.91350134225545	1.2	0.148598284803879	-1.95921067499331	-0.2
ENSMUSG00000024594	Prrc1	1429652_at	0.223730634880946	1.86984984865177	0.4	0.00713745128173044	4.62637915944237	0.5
ENSMUSG00000024597	Slc12a2	1443332_at	NA	-0.0537768199831577	0	NA	-0.343036078938054	0
ENSMUSG00000024598	Fbn2	1454830_at	0.438547834069201	-1.06492936295034	-0.3	NA	-1.682179638872	-0.1
ENSMUSG00000024603	Dctn4	1458541_at	NA	0.652876745896215	0.1	0.0780547243937366	2.51324596603864	0.4
ENSMUSG00000024614	Tmx3	1419925_s_at	0.755641468690927	0.403510195571711	0.1	0.578100157066407	0.738145667049423	0.1
ENSMUSG00000024617	Camk2a	1441734_at	NA	0.769952772251405	0.1	NA	-1.01651228320475	-0.1
ENSMUSG00000024622	Hmgxb3	1443950_at	NA	1.61377557548404	0.2	NA	-1.08207428222286	-0.1
ENSMUSG00000024639	Gnaq	1429559_at	0.0105950509074445	5.29536352094111	0.7	0.0280014154845693	3.37334900602748	0.4
ENSMUSG00000024642	Tle4	1430384_at	NA	2.24317479453809	0.2	NA	0.711243077075561	0.1
ENSMUSG00000024647	Cbln2	1434779_at	NA	0.804118939660735	0.1	NA	-0.613456653711031	-0.1
ENSMUSG00000024654	Asrgl1	1443960_at	NA	0.0775253804092842	0	0.628234042593367	0.645921866639323	0.1
ENSMUSG00000024660	Incenp	1439252_at	NA	0.329443294995677	0	NA	0.669633542904025	0.1
ENSMUSG00000024663	Rab3il1	1428391_at	NA	3.86844866279774	0.5	0.0644412980679478	2.6665848865169	0.3
ENSMUSG00000024664	Fads3	1435910_at	0.0900976914462035	-2.78281181079119	-0.4	NA	-0.194214572277873	0
ENSMUSG00000024666	Tmem138	1452978_at	NA	2.90580228735208	0.4	NA	0.9077319609066	0.1
ENSMUSG00000024672	Ms4a7	1445365_at	NA	-0.787394511093048	-0.1	NA	0.534489058249366	0.1
ENSMUSG00000024677	Ms4a6b	1439956_at	NA	0.143848337488476	0	NA	-2.05850528002834	-0.2
ENSMUSG00000024680	Ms4a2	1443264_at	NA	0.208911341164969	0	NA	0.314237681920029	0
ENSMUSG00000024695	Zfp91	1459444_at	NA	-0.0822890512988754	0	NA	-0.0965877427370094	0
ENSMUSG00000024697	Gna14	1447791_s_at	NA	-0.736043999395423	-0.1	NA	-0.091272590675451	0
ENSMUSG00000024712	Rfk	1415737_at	NA	-0.468050549121547	-0.1	0.566030604044054	0.760357497421602	0.1
ENSMUSG00000024713	Pcsk5	1437339_s_at	NA	1.13236311800288	0.2	NA	-0.588380713849629	0
ENSMUSG00000024725	Ostf1	1446023_at	NA	-0.618891825311006	-0.1	NA	0.202036281222499	0
ENSMUSG00000024727	Trpm6	1438877_at	NA	0.619984339592818	0.1	NA	0.926507914218837	0.1
ENSMUSG00000024728	Ms4a19	1429640_at	NA	0.279888961278695	0	NA	-1.52868076157579	-0.1
ENSMUSG00000024729	Ms4a20	1432214_at	NA	-2.02813230376518	-0.2	NA	-0.179989881291681	0
ENSMUSG00000024732	Ccdc86	1441578_at	0.0236632324680467	-4.22860137432903	-0.5	NA	-1.42784775392077	-0.1
ENSMUSG00000024735	Prpf19	1444939_at	NA	2.77495261475104	0.3	NA	-1.12353696282247	-0.1
ENSMUSG00000024740	Ddb1	1415735_at	NA	-0.370173655547089	-0.1	NA	-1.95401741171024	-0.2
ENSMUSG00000024743	Syt7	1439633_at	NA	-0.131891623086612	0	NA	-1.51755973523669	-0.1
ENSMUSG00000024750	Zfand5	1453224_at	NA	-1.91665757952597	-0.3	0.24882533149049	1.52170120585774	0.2
ENSMUSG00000024759	Atl3	1436389_at	0.0933557712812546	2.74597074300731	0.5	0.675127116693355	-0.56472816608026	-0.1
ENSMUSG00000024764	Naa40	1458576_at	NA	0.662851163396362	0.1	NA	0.0844961884639877	0
ENSMUSG00000024766	Lipo3	1431151_at	NA	-1.59295361002678	-0.2	NA	-0.8769088984423	-0.1
ENSMUSG00000024769	Cdc42bpg	1436197_at	0.228969864177124	1.85033818915412	0.4	0.0173338985977278	3.82532145487542	0.3
ENSMUSG00000024770	Lipn	1431492_at	NA	-0.806321569823022	-0.1	NA	-1.32927078859826	-0.1
ENSMUSG00000024771	Lipk	1443914_at	NA	-0.895976202800245	-0.1	NA	2.11257383439395	0.2
ENSMUSG00000024780	Cdc37l1	1440886_at	NA	0.401324387484268	0.1	NA	1.04843409146492	0.1
ENSMUSG00000024786	Majin	1453942_at	NA	-0.688927046665238	-0.1	NA	0.352449342618341	0
ENSMUSG00000024795	Kif20b	1439695_a_at	0.0564015832987127	3.24528283436864	0.6	NA	1.04518415155025	0.1
ENSMUSG00000024797	Vps51	1438205_at	NA	-2.68970473386358	-0.3	NA	2.15076097982912	0.2
ENSMUSG00000024798	Htr7	1435332_at	NA	1.6535275838762	0.2	NA	0.455640484351837	0
ENSMUSG00000024805	Pcgf5	1429564_at	NA	0.912408285864718	0.1	NA	0.56655897535011	0
ENSMUSG00000024806	Mlana	1430635_at	NA	-0.150311346551069	0	NA	0.328169638681618	0
ENSMUSG00000024807	Syvn1	1443609_s_at	NA	0.216617489845385	0	0.0283302951193554	3.36000724130041	0.4
ENSMUSG00000024811	Tnks2	1447522_s_at	0.299828905176153	1.52336176142821	0.6	0.924552846776619	-0.131673601498151	0
ENSMUSG00000024817	Uhrf2	1454920_at	NA	4.15736964454181	0.4	0.037486171445934	3.11988632316473	0.3
ENSMUSG00000024826	Dpf2	1429903_at	NA	0.739984390482348	0.1	0.396120088524775	1.10732436840862	0.1
ENSMUSG00000024829	Mrpl21	1437795_at	NA	1.78723006874686	0.3	NA	-0.804880479810658	-0.1
ENSMUSG00000024833	Pola2	1456713_at	NA	-0.992018699306942	-0.1	NA	-0.550879088195356	0
ENSMUSG00000024841	Eif1ad	1428542_at	0.045699802187643	-3.49081402794378	-0.5	NA	-1.87930023168589	-0.2
ENSMUSG00000024843	Chka	1453582_at	NA	-1.03148060667709	-0.1	NA	3.61583189011708	0.3
ENSMUSG00000024853	Sf3b2	1429362_a_at	NA	1.355786793095	0.2	0.333464016398729	1.25315639274765	0.1
ENSMUSG00000024856	Cdk2ap2	1456490_at	NA	0.533207740745927	0.1	NA	-1.29597105168867	-0.1
ENSMUSG00000024868	Dkk1	1458232_at	NA	0.0213554755201232	0	0.0292107353660449	-3.33319921252421	-0.3
ENSMUSG00000024887	Asah2	1458849_at	NA	1.73885101534758	0.2	NA	-0.473098412247674	0
ENSMUSG00000024892	Pcx	AFFX-PyruCarbMur/L09192_3_at	NA	0.112804973245292	0	NA	2.7507173413001	0.2
ENSMUSG00000024897	Apba1	1455369_at	0.215953864093039	-1.90701255759917	-0.4	NA	1.00194636192246	0.1
ENSMUSG00000024905	Tesmin	1431709_at	NA	1.16557781842207	0.2	NA	-0.188501633899524	0
ENSMUSG00000024908	Ppp6r3	1439161_at	NA	1.95832759420919	0.2	NA	0.00836485110478088	0
ENSMUSG00000024924	Vldlr	1438258_at	NA	-1.4612636394556	-0.3	NA	0.0356889079154757	0
ENSMUSG00000024926	Kat5	1433981_s_at	NA	1.17886767136917	0.2	NA	-0.290015173114923	0
ENSMUSG00000024940	Ltbp3	1456189_x_at	NA	1.65191042610481	0.2	NA	0.393362195449533	0
ENSMUSG00000024944	Arl2	1458565_at	0.147223741235239	-2.28488998941141	-0.4	NA	-0.453646751891009	0
ENSMUSG00000024948	Map4k2	1434833_at	NA	0.740198346729717	0.1	NA	0.15319736793235	0
ENSMUSG00000024949	Sf1	1459765_s_at	NA	1.89570130974989	0.3	0.0523366708854738	-2.83187242079889	-0.2
ENSMUSG00000024958	Gpr137	1436377_at	NA	1.75598531207472	0.2	0.220187735148698	1.63029599484095	0.2
ENSMUSG00000024965	Fermt3	1443641_at	NA	-1.46271470764577	-0.2	NA	0.598523525250621	0
ENSMUSG00000024970	Spindoc	1438270_at	NA	0.755348025110214	0.1	NA	-0.202434825776284	0
ENSMUSG00000024973	Plaat5	1458606_at	NA	0.624879725225526	0.1	NA	-1.51514969204034	-0.1
ENSMUSG00000024982	Zdhhc6	1441763_at	NA	-0.204347883789812	0	NA	-2.15997602769961	-0.2
ENSMUSG00000024983	Vti1a	1439876_at	0.552519336197496	-0.775262846497044	-0.3	NA	1.05812893110598	0.1
ENSMUSG00000024999	Noc3l	1437500_at	NA	-0.598655532578244	-0.1	NA	0.826568883013528	0.1
ENSMUSG00000025001	Hells	1430139_at	NA	0.933105649097317	0.1	NA	0.618653033538621	0.1
ENSMUSG00000025006	Sorbs1	1440311_at	NA	0.375744428484741	0	0.311183097379213	-1.31410460548405	-0.1
ENSMUSG00000025016	Tm9sf3	1428412_at	0.340124384187534	1.39247097590702	0.3	NA	-1.02968186786906	-0.1
ENSMUSG00000025017	Pik3ap1	1429831_at	NA	0.242113366988746	0	NA	-0.487025460966039	0
ENSMUSG00000025019	Lcor	1429633_at	0.971979677779149	0.0445866565785393	0	NA	0.314313537503236	0
ENSMUSG00000025024	Smndc1	1443396_at	NA	-0.0915601994170572	0	NA	0.322479881253739	0
ENSMUSG00000025036	Sfxn2	1439966_x_at	NA	-0.112941171844997	0	0.011560162690568	4.19973599785429	0.3
ENSMUSG00000025037	Maoa	1442676_at	0.18593841698908	2.05304572363561	0.4	0.252867429429734	1.50590212269415	0.2
ENSMUSG00000025038	Efhc2	1428638_at	NA	-0.344671650275442	0	NA	-0.357897823855951	0
ENSMUSG00000025041	Nt5c2	1457949_at	NA	1.95985253743272	0.3	NA	-0.971077484342568	-0.1
ENSMUSG00000025043	Dusp21	1432469_at	NA	0.076756284825233	0	NA	-1.97981114424252	-0.1
ENSMUSG00000025047	Pdcd11	1428688_at	NA	0.389669222874973	0.1	NA	-1.66893875552266	-0.2
ENSMUSG00000025049	Taf5	1435474_at	NA	1.81022202905443	0.3	NA	-0.484914390426114	-0.1
ENSMUSG00000025058	5430427O19Rik	1430373_at	NA	1.08043909367019	0.1	NA	-0.804243751972659	-0.1
ENSMUSG00000025059	Gk	1445242_at	NA	0.620140967752114	0.1	NA	-1.35643178886545	-0.1
ENSMUSG00000025069	Gsto2	1453708_a_at	NA	-2.21311617692785	-0.4	NA	1.31582498330641	0.1
ENSMUSG00000025077	Dclre1a	1442329_at	NA	0.908480967014064	0.1	NA	1.41040590138504	0.1
ENSMUSG00000025078	Nhlrc2	1453048_at	NA	0.206866920908008	0	0.0295228223443536	3.3232396112751	0.4
ENSMUSG00000025082	Vwa2	1438567_at	NA	0.827936855014066	0.1	NA	-0.721299819447022	-0.1
ENSMUSG00000025083	Afap1l2	1455833_at	NA	1.36596081075318	0.2	NA	0.52219575908983	0
ENSMUSG00000025085	Ablim1	1453103_at	NA	-0.232778684089326	0	NA	1.21537559747776	0.1
ENSMUSG00000025086	Trub1	1432019_at	NA	-1.99511629199647	-0.3	NA	-0.335798705385327	0
ENSMUSG00000025089	Gfra1	1439015_at	NA	2.70955423581865	0.4	0.0661613853837617	2.64474888339893	0.3
ENSMUSG00000025090	Ccdc172	1432458_at	NA	-1.20780018257744	-0.1	NA	0.165020065617277	0
ENSMUSG00000025092	Hspa12a	1436961_at	NA	0.432741769100871	0	NA	-1.30624264642438	-0.1
ENSMUSG00000025094	Slc18a2	1437079_at	NA	-0.500746912783458	0	NA	-1.60468130151952	-0.1
ENSMUSG00000025129	Ppp1r27	1431281_at	NA	-0.239988147585624	0	NA	-0.685045773118539	-0.1
ENSMUSG00000025134	Alyref	1436211_at	NA	-0.283197112603312	0	NA	0.513483636601807	0
ENSMUSG00000025135	Anapc11	1459212_at	NA	-0.0597035027634063	0	NA	0.0410467516719251	0
ENSMUSG00000025141	Myadml2	1430885_at	NA	0.920115848297816	0.1	NA	-1.88132738035741	-0.1
ENSMUSG00000025145	Lrrc45	1437471_at	NA	3.13907376325706	0.4	0.237510854230963	1.56080154258266	0.2
ENSMUSG00000025154	Arhgap19	1434911_s_at	NA	1.34571552330185	0.2	NA	0.0531617546277219	0
ENSMUSG00000025175	Fn3k	1442436_at	NA	-1.57646551421587	-0.2	NA	-0.332603569265856	0
ENSMUSG00000025184	R3hcc1l	1444200_at	NA	0.828677205844524	0.1	NA	-1.28188664468018	-0.1
ENSMUSG00000025188	Hps1	1459827_x_at	NA	0.0476408470620174	0	NA	-0.436642540317662	0
ENSMUSG00000025189	Cnnm1	1443170_at	NA	0.428007169984748	0.1	NA	-0.394378435894302	0
ENSMUSG00000025192	Entpd7	1431179_at	NA	2.43102883583964	0.4	NA	2.12312158448974	0.2
ENSMUSG00000025195	Dnmbp	1431244_s_at	0.30723022147992	-1.48643667094359	-0.4	NA	0.604670790945151	0.1
ENSMUSG00000025196	Cpn1	1440576_at	NA	-0.553582576021893	-0.1	NA	0.267659962791599	0
ENSMUSG00000025199	Chuk	1428210_s_at	0.802967998068482	0.329930303469246	0.1	NA	1.33130029255629	0.1
ENSMUSG00000025200	Cwf19l1	1434065_at	NA	0.500824728171076	0.1	NA	-1.05708103201337	-0.1
ENSMUSG00000025204	Ndufb8	1458404_at	NA	1.23968489018763	0.2	0.00703993218769978	4.63764363022817	0.4
ENSMUSG00000025208	Mrpl43	1415681_at	NA	-0.109768899039486	0	NA	0.932413828882125	0.1
ENSMUSG00000025209	Twnk	1434168_at	NA	-0.530814875071689	-0.1	NA	-0.844042680056532	-0.1
ENSMUSG00000025217	Btrc	1443142_at	NA	0.618635765383922	0.1	NA	0.679761447095285	0.1
ENSMUSG00000025220	Oga	1437129_at	NA	-0.379466315748772	-0.1	NA	0.00366787276932637	0
ENSMUSG00000025221	Kcnip2	1436275_at	NA	-2.4321664585615	-0.3	NA	-0.963498986833643	-0.1
ENSMUSG00000025224	Gbf1	1415757_at	NA	2.33143385505044	0.3	NA	1.62146058307379	0.1
ENSMUSG00000025227	Mfsd13a	1428139_at	NA	-1.63948299313018	-0.2	NA	0.194717009613052	0
ENSMUSG00000025231	Sufu	1431713_at	NA	0.573924066315606	0.1	NA	-0.154098982993311	0
ENSMUSG00000025234	Arih1	1441022_at	NA	0.138791839629241	0	NA	-0.530364095618545	0
ENSMUSG00000025235	Bbs4	1455823_at	NA	0.15892149526586	0	NA	0.506720459719306	0
ENSMUSG00000025237	Parp6	1454012_a_at	NA	-1.98578161066436	-0.3	NA	-0.430222912299475	0
ENSMUSG00000025241	Fyco1	1453424_at	0.461549313950817	1.00117991620223	0.3	NA	-1.36876065185922	-0.1
ENSMUSG00000025243	Slc6a20b	1436667_at	NA	-0.0915970785743274	0	NA	-2.21784836151984	-0.2
ENSMUSG00000025245	Lztfl1	1435514_at	NA	-0.907278462363237	-0.2	NA	-1.0466356045035	-0.1
ENSMUSG00000025255	Zfhx4	1437556_at	0.116807321651466	2.50414129584544	0.6	0.368980809200181	1.16536008145203	0.2
ENSMUSG00000025261	Huwe1	1415703_at	NA	2.42544292903284	0.4	0.0818566972671333	2.47877952252162	0.2
ENSMUSG00000025262	Fam120c	1441123_at	NA	-0.151087735003215	0	NA	-0.555932846370069	0
ENSMUSG00000025266	Gnl3l	1439009_at	NA	-0.63838322946059	-0.1	0.120154022807883	2.15020105100535	0.2
ENSMUSG00000025278	Flnb	1458226_at	NA	-2.07156688053012	-0.3	NA	-2.08106129357223	-0.2
ENSMUSG00000025289	Prdx4	1431269_at	NA	1.45652516333504	0.2	NA	1.92310499847268	0.1
ENSMUSG00000025318	Jph3	1443724_at	NA	0.96361113165771	0.1	NA	-0.101884582937002	0
ENSMUSG00000025321	Itgb8	1436223_at	NA	0.714431736427405	0.1	0.222777245633694	-1.61947926463673	-0.2
ENSMUSG00000025324	Atp10a	1447272_s_at	0.355053956401797	1.33266787955631	0.4	NA	-0.889658103291239	-0.1
ENSMUSG00000025326	Ube3a	1431224_at	NA	0.117765102352827	0	NA	-0.0905774929667696	0
ENSMUSG00000025332	Kdm5c	1444157_a_at	NA	0.182819458978842	0	NA	1.08545777089663	0.1
ENSMUSG00000025366	Esyt1	1446311_at	NA	-1.70995903597974	-0.2	NA	0.483775471224569	0
ENSMUSG00000025369	Smarcc2	1428382_at	NA	1.30970540614151	0.2	NA	1.08205111907202	0.1
ENSMUSG00000025373	Rnf41	1455763_at	NA	2.39519956442673	0.2	NA	1.46178508050407	0.1
ENSMUSG00000025380	Fscn2	1440605_at	NA	-3.77223279809583	-0.4	NA	-0.917343121302748	-0.1
ENSMUSG00000025384	Faap100	1455850_at	0.152911877783466	2.25056008076555	0.4	0.270333936607065	-1.44482676350511	-0.2
ENSMUSG00000025401	Myo1a	1429805_at	0.583247497154372	-0.710977669282865	-0.2	NA	-0.263461199817089	0
ENSMUSG00000025404	R3hdm2	1452727_at	NA	-0.551744055300586	-0.1	0.0270222503984352	3.40355850959871	0.4
ENSMUSG00000025420	Katnal2	1429663_at	NA	-0.94825945504832	-0.1	NA	-1.7618825491304	-0.1
ENSMUSG00000025421	Hdhd2	1441208_at	NA	-0.322749656759245	0	NA	-0.797306836628164	-0.1
ENSMUSG00000025427	Rnf165	1438829_at	NA	-1.3606515699915	-0.1	NA	-0.118417604139502	0
ENSMUSG00000025436	Atp23	1453380_a_at	0.139097719102817	2.33756679645796	0.4	0.10826857311903	2.23623114606807	0.2
ENSMUSG00000025439	Clns1a	1458906_at	NA	-0.385707771042124	0	NA	0.134041662267453	0
ENSMUSG00000025451	Paip1	1441955_s_at	NA	0.147332949662076	0	0.0970133521230199	2.33354136415701	0.4
ENSMUSG00000025453	Nnt	1432608_at	NA	1.27312937308705	0.1	NA	-1.33414220826073	-0.1
ENSMUSG00000025461	Cd163l1	1455527_at	0.0907618721599523	2.77506446658416	0.4	NA	-1.34056541475923	-0.1
ENSMUSG00000025468	Caly	1428813_a_at	NA	-1.2254802000478	-0.1	NA	0.170988260771331	0
ENSMUSG00000025470	Zfp511	1429610_a_at	NA	1.42517266194516	0.2	NA	0.839766262840288	0.1
ENSMUSG00000025475	Adgra1	1436529_at	NA	-0.717768861278172	-0.1	NA	-0.773594572141146	-0.1
ENSMUSG00000025480	Syce1	1428685_at	NA	0.479794253341596	0	NA	-0.510325408394325	0
ENSMUSG00000025481	Urah	1455186_a_at	NA	0.621653417264509	0.1	NA	-0.47976732619447	0
ENSMUSG00000025482	Odf3	1441916_s_at	NA	-1.28997797946025	-0.2	NA	1.99796910908324	0.2
ENSMUSG00000025486	Sirt3	1445729_at	NA	-0.472569155782572	-0.1	NA	1.66545867286736	0.1
ENSMUSG00000025489	Ifitm5	1440216_at	NA	1.41466648659389	0.2	NA	-1.69295795852552	-0.1
ENSMUSG00000025495	Ptdss2	1458387_at	NA	0.354455698349121	0	NA	-1.16213920452598	-0.1
ENSMUSG00000025500	Lmntd2	1430017_at	0.365787026945863	-1.29223201625162	-0.3	NA	-1.04083421500995	-0.1
ENSMUSG00000025515	Muc2	1428435_at	NA	1.52729999677242	0.2	NA	-1.01536904169386	-0.1
ENSMUSG00000025519	Tktl2	1430434_at	NA	0.596909078516488	0.1	NA	-0.691143589328546	-0.1
ENSMUSG00000025521	Tmem192	1453052_at	NA	0.587830803622072	0.1	NA	1.01421581485765	0.1
ENSMUSG00000025525	Apool	1446580_at	NA	0.141076887496987	0	NA	-0.200930963136167	0
ENSMUSG00000025527	Satl1	1431573_at	NA	-0.296822450727161	0	NA	-1.6186531194321	-0.1
ENSMUSG00000025529	Zfp711	1432750_at	NA	0.686287948395683	0.1	0.174716433614012	-1.82573376218822	-0.2
ENSMUSG00000025531	Chm	1439824_at	NA	1.26984099635942	0.3	0.545294958179553	0.798058347472521	0.1
ENSMUSG00000025538	Sumf2	1429713_at	NA	1.44695093542932	0.2	NA	-0.602009468488029	-0.1
ENSMUSG00000025573	6030468B19Rik	1431194_at	NA	-0.0090539085005834	0	NA	-1.00888452564447	-0.1
ENSMUSG00000025576	Rbfox3	1456149_at	NA	-0.487351431265824	-0.1	NA	0.053009248210727	0
ENSMUSG00000025583	Rptor	1434619_at	NA	1.02910766509726	0.1	NA	-0.880376218364595	-0.1
ENSMUSG00000025591	Tma16	1441400_at	NA	0.919254218861149	0.1	NA	0.80824036350267	0.1
ENSMUSG00000025592	Dach2	1458012_at	NA	0.492750392191578	0.1	NA	1.17041232970501	0.1
ENSMUSG00000025597	Klhl4	1439078_at	NA	0.402456058335928	0	NA	-1.25897571880949	-0.1
ENSMUSG00000025609	Mkln1	1436096_at	NA	0.652426070560153	0.1	NA	0.389199391263174	0
ENSMUSG00000025616	Usp16	1430203_at	NA	-0.871449997441917	-0.1	NA	-0.861413138589496	-0.1
ENSMUSG00000025626	Phf6	1453761_at	NA	0.926096354512919	0.2	NA	-0.181535145760408	0
ENSMUSG00000025645	Ccdc51	1452891_at	NA	-0.434223119057149	-0.1	NA	-1.62693328476589	-0.1
ENSMUSG00000025646	Atrip	1434321_at	NA	1.07109671510915	0.2	NA	0.455535645317051	0
ENSMUSG00000025648	Pfkfb4	1456888_at	NA	-0.42827796193891	-0.1	0.184716216257311	1.77917771330229	0.2
ENSMUSG00000025652	Tmem89	1432552_at	NA	0.52706955213347	0.1	NA	-1.97149414929893	-0.2
ENSMUSG00000025656	Arhgef9	1436577_at	NA	1.00325624560396	0.1	NA	-0.245682166310451	0
ENSMUSG00000025658	Cnksr2	1444513_at	NA	-1.14317748248964	-0.1	NA	-0.470472461852201	0
ENSMUSG00000025665	Rps6ka6	1429759_at	NA	1.10318599614883	0.1	0.548840885229017	-0.791398874922547	-0.1
ENSMUSG00000025701	Alox5	1441962_at	NA	2.82862934811995	0.4	0.0182595006934916	-3.76584647650538	-0.4
ENSMUSG00000025702	March8	1428385_at	0.269775302194621	1.65326823123845	0.4	0.232889195496074	1.57971406246051	0.2
ENSMUSG00000025716	Myo3a	1431983_at	NA	-2.43431829567087	-0.3	NA	-0.741637599057532	-0.1
ENSMUSG00000025722	Wdr73	1428677_at	NA	-0.75966868770427	-0.1	NA	0.713524530644787	0.1
ENSMUSG00000025727	A930017K11Rik	1457531_a_at	NA	0.688526505929087	0.1	NA	0.362447634973847	0
ENSMUSG00000025731	Mettl26	1431126_a_at	NA	0.856678375904918	0.1	NA	2.31107049861879	0.2
ENSMUSG00000025737	Wdr24	1455212_at	NA	1.47624579678561	0.3	NA	0.6940348439188	0.1
ENSMUSG00000025738	Fbxl16	1440286_at	NA	-0.125196796392248	0	NA	-1.70958244512931	-0.1
ENSMUSG00000025742	Prps2	1454843_at	NA	5.11041622333951	0.5	NA	1.54386530573072	0.1
ENSMUSG00000025747	Tyms	1442192_at	0.434275013576344	1.07754677197795	0.2	0.0064320321124921	-4.74111413937977	-0.4
ENSMUSG00000025757	Hspa4l	1429106_at	0.153984426269339	2.2284666925626	0.5	0.215130282747195	-1.64848165579018	-0.2
ENSMUSG00000025759	Mfsd8	1438497_at	NA	0.00305894535241062	0	NA	-1.22767514918186	-0.1
ENSMUSG00000025762	Larp1b	1432353_at	NA	-0.247175733653371	0	NA	-0.339792513574572	0
ENSMUSG00000025764	Jade1	1438412_at	NA	2.03738324428395	0.3	NA	-0.886903692633428	-0.1
ENSMUSG00000025766	D3Ertd751e	1434631_at	NA	-0.506202979360521	-0.1	NA	1.21146943955484	0.1
ENSMUSG00000025774	Crisp4	1431468_at	NA	-0.358081867244414	0	NA	-0.537641647513574	0
ENSMUSG00000025780	Itih5	1436755_at	NA	-0.919998670591556	-0.1	0.914436561553114	0.153279532629959	0
ENSMUSG00000025782	Taf3	1440187_at	NA	-0.641206891536135	-0.1	NA	-1.39398854750691	-0.1
ENSMUSG00000025783	4930412O13Rik	1430872_at	NA	-3.5933110530658	-0.4	NA	-1.18406250759472	-0.1
ENSMUSG00000025786	Zdhhc3	1455368_at	NA	2.2673529071449	0.3	0.290568574096156	1.37989451095398	0.2
ENSMUSG00000025787	Tgm4	1438341_at	0.598902461225755	0.675970433945803	0.2	NA	-1.74410887762502	-0.1
ENSMUSG00000025808	Ccdc7a	1431587_at	NA	-0.0662132650671533	0	NA	1.251592537903	0.1
ENSMUSG00000025810	Nrp1	1457198_at	NA	1.7137786410138	0.3	0.342914845703068	-1.22891154955233	-0.1
ENSMUSG00000025812	Pard3	1436764_at	NA	0.821579505307789	0.1	NA	2.24011152005361	0.2
ENSMUSG00000025813	Homer2	1436110_at	NA	0.0625971371468224	0	NA	-0.539698073349576	0
ENSMUSG00000025815	Dhtkd1	1457027_at	NA	1.90229832516763	0.3	NA	1.7845866705537	0.1
ENSMUSG00000025817	Nudt5	1430341_at	NA	2.06855721003315	0.2	NA	0.248782553100396	0
ENSMUSG00000025855	Prkar1b	1440132_s_at	NA	1.63873505234404	0.3	NA	-0.0520033086231775	0
ENSMUSG00000025860	Xiap	1453385_at	NA	-0.540967739045267	-0.1	0.60769954693014	0.684987643994159	0.1
ENSMUSG00000025867	Cplx2	1455672_s_at	NA	2.22006407508017	0.3	NA	-0.661163530855039	0
ENSMUSG00000025873	Faf2	1428422_at	NA	1.90748520800238	0.3	NA	1.14024145570455	0.1
ENSMUSG00000025876	Unc5a	1434095_at	NA	-0.103987686026924	0	NA	0.207253826235667	0
ENSMUSG00000025877	Hk3	1435490_at	NA	1.77380492849695	0.2	NA	-2.13343718127148	-0.2
ENSMUSG00000025880	Smad7	1443771_x_at	NA	-0.193399011346934	0	NA	0.652755916861896	0.1
ENSMUSG00000025885	Myo5b	1441104_at	NA	-0.519729748019888	-0.1	NA	-0.588628162084884	-0.1
ENSMUSG00000025892	Gria4	1435722_at	NA	0.87657883985205	0.1	0.860800559852694	-0.242580235470132	0
ENSMUSG00000025893	Kbtbd3	1439062_at	NA	-0.0829518347681892	0	NA	1.88002131570473	0.2
ENSMUSG00000025894	Aasdhppt	1428756_at	0.986164258355529	-0.0188286231109839	0	0.292264521134512	1.37565033120853	0.2
ENSMUSG00000025898	Cwf19l2	1456019_at	0.853911938579651	0.247048718983005	0.1	NA	-0.630550676426495	-0.1
ENSMUSG00000025899	Alkbh8	1453539_at	NA	0.586009488993397	0.1	NA	0.163676157611282	0
ENSMUSG00000025903	Lypla1	1431607_at	NA	0.249871753138642	0	NA	0.0652572737724997	0
ENSMUSG00000025905	Oprk1	1446394_at	NA	0.747103639561862	0.1	0.574354383160313	0.744525949849509	0.1
ENSMUSG00000025907	Rb1cc1	1431605_at	NA	-1.00930728661103	-0.1	NA	-2.48932564783163	-0.2
ENSMUSG00000025909	Sntg1	1440598_at	NA	0.239967169483566	0	NA	-0.408556733670362	0
ENSMUSG00000025911	Adhfe1	1444193_at	NA	-0.262332989377865	0	NA	-0.513106243701879	0
ENSMUSG00000025912	Mybl1	1456951_at	NA	0.485216179624007	0.1	0.269353219575835	1.44853886114587	0.2
ENSMUSG00000025916	Ppp1r42	1432425_at	NA	0.710438220008604	0.1	NA	0.399684164874535	0
ENSMUSG00000025921	Rdh10	1460632_at	NA	0.431994476395226	0.1	NA	2.1682318240515	0.2
ENSMUSG00000025925	Terf1	1443527_at	NA	2.10427039356585	0.4	NA	0.749139345005323	0.1
ENSMUSG00000025927	Tfap2b	1435670_at	NA	0.330077371056597	0	NA	0.753083958078315	0.1
ENSMUSG00000025931	Paqr8	1435246_at	NA	0.249050814845786	0	NA	0.532673870562392	0.1
ENSMUSG00000025932	Eya1	1457424_at	NA	2.59009167158873	0.4	0.000875196862306941	6.92370032205779	0.5
ENSMUSG00000025933	Tmem14a	1428447_at	NA	2.37164838995545	0.4	NA	1.65921741808983	0.1
ENSMUSG00000025938	Slco5a1	1439588_at	NA	0.302681609208419	0	NA	0.389069578412889	0
ENSMUSG00000025939	Ube2w	1457544_at	NA	2.3168942700899	0.2	NA	-1.63458850501694	-0.2
ENSMUSG00000025949	Pikfyve	1452994_at	0.087366575056221	2.81249036179789	0.6	0.0748203543686368	2.54677090944267	0.2
ENSMUSG00000025955	Akr1cl	1456165_at	NA	0.182832622488132	0	NA	-0.345161703445938	0
ENSMUSG00000025958	Creb1	1452901_at	0.367125120795608	1.28557266046503	0.4	0.140435081120625	-2.00467723330137	-0.2
ENSMUSG00000025961	4933402D24Rik	1454062_at	NA	0.873390580537412	0.1	NA	-2.05899254669932	-0.2
ENSMUSG00000025962	Fastkd2	1443246_at	NA	-1.09911348271486	-0.2	NA	-0.38742065820759	0
ENSMUSG00000025963	Mdh1b	1429842_at	NA	0.23594541058186	0	NA	-0.971727836174746	-0.1
ENSMUSG00000025964	Adam23	1447946_at	NA	1.58253915376137	0.2	0.0464312574612466	2.93342141399717	0.3
ENSMUSG00000025969	Nrp2	1435349_at	NA	0.21729152472744	0	0.0304401832932093	3.29298311572214	0.5
ENSMUSG00000025971	Maip1	1437818_at	NA	-0.879491453007772	-0.1	NA	0.272102133349204	0
ENSMUSG00000025977	Boll	1432529_at	NA	-0.378152626038621	0	NA	-0.615986762512507	-0.1
ENSMUSG00000025979	Mob4	1453032_at	0.91821726054596	-0.141295078104682	0	0.623505864788364	-0.654703554397206	-0.1
ENSMUSG00000025981	Coq10b	1460510_a_at	NA	0.280494911358689	0.1	NA	0.392266157020107	0
ENSMUSG00000025982	Sf3b1	1440818_s_at	0.356058329674371	1.32599291396605	0.4	0.875650026629969	-0.21819989730562	0
ENSMUSG00000025983	Ccdc150	1430754_at	NA	1.12205812562925	0.1	NA	-1.07511234601545	-0.1
ENSMUSG00000025986	Slc39a10	1433751_at	0.022787376736299	4.28368521996225	0.8	0.992391467278279	-0.0157281960661828	0
ENSMUSG00000025997	Ikzf2	1437542_at	NA	1.12013966893085	0.2	NA	1.13994463174161	0.1
ENSMUSG00000026004	Kansl1l	1458128_at	NA	2.6771420619904	0.3	NA	0.351508424143089	0
ENSMUSG00000026009	Icos	1436598_at	0.11008262655636	2.56207690024362	0.5	NA	-1.70814658831487	-0.1
ENSMUSG00000026014	Raph1	1434303_at	0.47863586571348	0.957107633001029	0.2	NA	-1.04742855726671	-0.1
ENSMUSG00000026017	Carf	1460588_at	NA	2.27092775568427	0.3	NA	-1.56298063608397	-0.1
ENSMUSG00000026018	Ica1l	1431049_at	NA	0.445028358265844	0.1	NA	-0.225785479545201	0
ENSMUSG00000026024	Als2	1446183_at	NA	-0.0954497489270254	0	NA	-0.547974275664217	0
ENSMUSG00000026027	Stradb	1433544_at	0.562499390345916	-0.752405854982494	-0.2	0.353866288912618	-1.20259678087222	-0.2
ENSMUSG00000026028	Trak2	1435016_at	NA	0.199637637764533	0	NA	0.314686004320623	0
ENSMUSG00000026031	Cflar	1453482_at	NA	-0.513530415392252	-0.1	NA	0.923555966772152	0.1
ENSMUSG00000026035	Ppil3	1429627_at	NA	1.46233392432547	0.2	0.0260954562044894	3.43488245091668	0.4
ENSMUSG00000026036	Nif3l1	1438728_at	NA	-0.00426619532993189	0	NA	1.34883163105106	0.1
ENSMUSG00000026039	Sgo2a	1437370_at	0.00801393943176229	5.77569582955528	1.1	0.0622283640712966	-2.69782410937034	-0.3
ENSMUSG00000026043	Col3a1	1442977_at	NA	2.66153283785585	0.3	NA	0.801264463618293	0.1
ENSMUSG00000026048	Ercc5	1457713_at	NA	-0.27129943959227	0	NA	-1.82787698980704	-0.1
ENSMUSG00000026049	Tex30	1428593_at	0.0702674119840561	3.04461575318628	0.7	0.117640415445079	2.16814549831704	0.2
ENSMUSG00000026051	Ecrg4	1460049_s_at	NA	1.06055092395229	0.1	NA	-0.0698481630961863	0
ENSMUSG00000026062	Slc9a2	1437259_at	NA	-0.0301758933164408	0	NA	-2.28292930127544	-0.2
ENSMUSG00000026063	Pih1d3	1430400_at	NA	-0.459779930926221	-0.1	NA	0.857054988478529	0.1
ENSMUSG00000026068	Il18rap	1456545_at	NA	1.31946209981776	0.2	NA	-1.7860071133538	-0.1
ENSMUSG00000026085	Lyg1	1429334_at	NA	0.892067221870808	0.1	NA	-0.306249473578803	0
ENSMUSG00000026090	2010300C02Rik	1452861_at	NA	0.271842229856037	0	NA	-1.52256687267643	-0.1
ENSMUSG00000026094	Stk17b	1430165_at	NA	1.31193037639036	0.3	NA	-1.50872954363715	-0.1
ENSMUSG00000026096	Osgepl1	1435127_a_at	NA	0.326607378819187	0	0.158880708785671	1.9070986227024	0.3
ENSMUSG00000026098	Pms1	1438071_at	NA	1.31329411355501	0.2	NA	0.461241962792334	0
ENSMUSG00000026102	Inpp1	1442073_at	NA	0.938438594413894	0.1	NA	1.47762031025007	0.1
ENSMUSG00000026103	Gls	1434657_at	NA	2.22425000448985	0.3	0.0393311263350823	-3.07672458428524	-0.2
ENSMUSG00000026107	Nabp1	1430623_s_at	NA	-0.381235648469931	-0.1	NA	-0.823629697796581	-0.1
ENSMUSG00000026109	Tmeff2	1441598_at	NA	-0.120226095902822	0	NA	1.23928981619023	0.1
ENSMUSG00000026110	Mgat4a	1444347_at	NA	0.530201373698715	0.1	NA	-1.63550011416676	-0.1
ENSMUSG00000026121	Sema4c	1433920_at	0.465232718751728	0.988758609902575	0.2	NA	-1.48133904759053	-0.1
ENSMUSG00000026127	Imp4	1455723_at	NA	0.549190194550561	0.1	NA	0.682929084207855	0.1
ENSMUSG00000026131	Dst	1439340_at	NA	-2.70295568402149	-0.4	NA	-1.32400714982353	-0.1
ENSMUSG00000026134	Prim2	1445474_at	NA	0.757850147571722	0.1	NA	0.907554514348966	0.1
ENSMUSG00000026135	Zfp142	1459048_s_at	NA	2.72052129851884	0.4	0.221548655862852	1.62457444734855	0.3
ENSMUSG00000026142	Rhbdd1	1446589_at	NA	-0.148124009577398	0	NA	-1.14518157502626	-0.1
ENSMUSG00000026150	Mff	1457371_at	NA	1.12864746459914	0.1	NA	-1.52579773425052	-0.1
ENSMUSG00000026153	Fam135a	1453122_at	0.782817083111426	0.365880561694501	0.1	0.285218488649764	1.40065107045585	0.2
ENSMUSG00000026156	B3gat2	1442991_at	NA	1.41236280536238	0.2	NA	-1.78055034065235	-0.1
ENSMUSG00000026159	Agfg1	1442489_at	NA	0.299233006470238	0	NA	1.72151310249782	0.1
ENSMUSG00000026162	Nhej1	1429098_s_at	NA	-0.509507249505807	-0.1	0.460586499047301	-0.966501651369906	-0.1
ENSMUSG00000026163	Sphkap	1454926_at	NA	1.2655927724091	0.2	NA	-1.26756530678075	-0.1
ENSMUSG00000026173	Plcd4	1437030_at	NA	-0.73295124745533	-0.1	NA	-0.212277295670801	0
ENSMUSG00000026181	Ppm1f	1454934_at	0.166433806903246	2.14963710942124	0.4	NA	1.61391661305718	0.1
ENSMUSG00000026188	Tmem169	1437083_at	NA	1.69532255422144	0.2	NA	0.598483549319576	0.1
ENSMUSG00000026192	Atic	1428506_at	NA	-1.81746154648228	-0.3	0.0117045155098919	-4.187937966988	-0.4
ENSMUSG00000026211	Obsl1	1436414_at	NA	0.991282786355669	0.2	NA	-1.0217142154911	-0.1
ENSMUSG00000026219	Trip12	1443125_at	NA	-0.105859259796503	0	NA	-1.62594888286857	-0.1
ENSMUSG00000026220	Slc16a14	1439661_at	NA	0.820439873814668	0.2	NA	-0.493648630509232	0
ENSMUSG00000026222	Sp100	1434457_at	NA	-1.7979202763744	-0.2	NA	0.887319568122551	0.1
ENSMUSG00000026224	4933407L21Rik	1430206_at	NA	0.364199824970599	0	NA	-0.186239414441697	0
ENSMUSG00000026226	Spata3	1453335_a_at	NA	-0.531801060880831	-0.1	NA	-2.26739793190708	-0.2
ENSMUSG00000026235	Epha4	1439757_s_at	NA	-1.28700964581103	-0.2	NA	-0.930135464544494	-0.1
ENSMUSG00000026248	Mrpl44	1430990_s_at	NA	-0.0750116033224803	0	0.716658220282176	0.49169851006958	0.1
ENSMUSG00000026254	Eif4e2	1455108_at	NA	-0.340089820656159	0	NA	1.53119748107907	0.1
ENSMUSG00000026269	Rnpepl1	1457926_at	NA	-1.29224186911834	-0.1	NA	0.0207703350261916	0
ENSMUSG00000026279	Thap4	1458185_at	NA	-0.0407611081847899	0	NA	1.43803221260262	0.1
ENSMUSG00000026280	Atg4b	1440512_at	NA	1.4696907592009	0.2	NA	0.0620446633555179	0
ENSMUSG00000026283	Ing5	1436069_at	NA	1.27260025485187	0.2	NA	-1.25466965227622	-0.1
ENSMUSG00000026301	Iqca	1432060_at	NA	0.518103997437656	0.1	NA	0.684604561847575	0.1
ENSMUSG00000026307	Scly	1441192_at	NA	-0.258053886466089	0	NA	-0.574501562907982	0
ENSMUSG00000026308	Klhl30	1452707_at	NA	-2.29312021995068	-0.4	1.26201134642275e-07	-24.1500240672529	-2.3
ENSMUSG00000026311	Asb1	1436208_at	NA	1.33567141764358	0.2	NA	2.51883737490127	0.2
ENSMUSG00000026312	Cdh7	1456970_at	NA	-0.420075756043362	-0.1	0.535266276412329	0.817316271276686	0.1
ENSMUSG00000026313	Hdac4	1454693_at	NA	0.222128809858379	0	NA	0.811632124674312	0.1
ENSMUSG00000026315	Serpinb8	1458882_at	NA	0.923607452425204	0.1	0.226218390550401	1.60589648990283	0.2
ENSMUSG00000026317	Cln8	1455745_at	NA	-2.16711691068782	-0.2	NA	-0.609606867954477	0
ENSMUSG00000026319	Relch	1433726_at	NA	0.70279694080869	0.1	NA	2.11333780260784	0.2
ENSMUSG00000026322	Htr4	1443365_at	NA	-0.395171099103507	0	NA	-1.41024602497077	-0.1
ENSMUSG00000026331	Slco6c1	1429406_at	NA	0.463409138954951	0.1	NA	-1.80014643998956	-0.1
ENSMUSG00000026333	Gin1	1429118_a_at	NA	-1.43593527315847	-0.2	NA	2.96230609433193	0.2
ENSMUSG00000026336	Slco6d1	1431449_at	NA	-0.46806851343577	-0.1	NA	0.695337489015751	0.1
ENSMUSG00000026339	Ccdc93	1453798_at	NA	0.675062478477398	0.1	NA	-1.15473777038608	-0.1
ENSMUSG00000026343	Gpr39	1432260_at	NA	0.475963448620438	0.1	NA	-1.64587553816831	-0.1
ENSMUSG00000026344	Lypd1	1442887_at	0.238302860826284	1.80079109833537	0.4	NA	-0.252823269119118	0
ENSMUSG00000026349	Ccnt2	1453399_at	NA	1.25554723083315	0.2	0.101809417712888	2.29468398668216	0.2
ENSMUSG00000026360	Rgs2	1443250_at	NA	-0.364464593525598	0	NA	-0.027275580628293	0
ENSMUSG00000026361	Cdc73	1429940_at	0.555092696565543	0.768507266950373	0.3	0.083577015133689	-2.46283125066403	-0.2
ENSMUSG00000026383	Epb41l5	1455861_at	NA	0.5745056671385	0.1	NA	0.218217727819798	0
ENSMUSG00000026384	Ptpn4	1434671_at	0.0304937207481406	3.93692584062998	0.9	0.839779412318822	0.279560803689985	0
ENSMUSG00000026387	Sctr	1443454_at	NA	0.674474858490128	0.1	NA	-0.729596986203469	-0.1
ENSMUSG00000026390	Marco	1458297_s_at	NA	-0.108733412735175	0	NA	0.0775431100070347	0
ENSMUSG00000026393	Nek7	1444753_at	NA	0.141339608917309	0	NA	-2.7044004447968	-0.2
ENSMUSG00000026395	Ptprc	1440165_at	NA	-0.521708973327862	-0.1	NA	0.108822362214385	0
ENSMUSG00000026399	Cd55	1443906_at	NA	-0.53807540108436	-0.1	NA	-0.204611639544359	0
ENSMUSG00000026409	Pfkfb2	1429486_at	NA	-0.418685290582716	0	NA	2.12739513966668	0.2
ENSMUSG00000026414	Tnnt2	1440424_at	0.368064799689156	1.28132576089139	0.3	0.394283225667377	1.11149528626072	0.1
ENSMUSG00000026418	Tnni1	1441664_at	NA	1.06428080951368	0.1	NA	-0.156869087378801	0
ENSMUSG00000026425	Srgap2	1434406_at	NA	1.79907679247587	0.2	NA	-0.321818836681533	0
ENSMUSG00000026427	Eif2d	1437720_at	NA	0.262707839282781	0	NA	0.229069715791177	0
ENSMUSG00000026429	Ube2t	1442398_at	NA	-0.693480470434108	-0.1	NA	-0.382921828125331	0
ENSMUSG00000026434	Nucks1	1434668_at	NA	2.17485211019721	0.3	NA	1.18045222176959	0.1
ENSMUSG00000026436	Elk4	1447571_at	NA	1.69892799770867	0.2	NA	-0.815870086239067	-0.1
ENSMUSG00000026439	Rbbp5	1428886_at	NA	0.385887312514753	0.1	NA	-0.0503187379043139	0
ENSMUSG00000026442	Nfasc	1456068_at	NA	-0.250481772386989	0	0.0166202426618328	-3.86064780713972	-0.3
ENSMUSG00000026443	Lrrn2	1433469_at	NA	-0.779085058448436	-0.2	NA	-2.3576764160923	-0.2
ENSMUSG00000026450	Chit1	1453844_at	NA	-0.595838719846161	-0.1	NA	-0.423651373811373	0
ENSMUSG00000026455	Klhl12	1435786_at	NA	0.647974574182269	0.1	NA	0.505405941502067	0
ENSMUSG00000026463	Atp2b4	1445701_at	NA	1.01488742718688	0.1	NA	-0.202100742313257	0
ENSMUSG00000026466	Tor1aip1	1458364_s_at	0.0148444893188396	4.8451066607439	0.6	0.0151898681444609	3.94991817812405	0.5
ENSMUSG00000026468	Lhx4	1439905_at	NA	1.13220430466772	0.1	NA	-1.44526946086028	-0.1
ENSMUSG00000026469	Xpr1	1444168_at	NA	0.42989627545931	0.1	NA	0.492892238893963	0
ENSMUSG00000026470	Stx6	1441133_at	NA	-0.481292501420826	-0.1	NA	-0.761166049789897	-0.1
ENSMUSG00000026483	Fam129a	1454942_at	NA	-0.785751321030091	-0.1	0.0199703983829996	3.68884817164367	0.3
ENSMUSG00000026490	Cdc42bpa	1436380_at	NA	0.14952715651278	0	0.184423083715817	1.78267199958964	0.2
ENSMUSG00000026491	Ahctf1	1446472_at	NA	0.807534835104119	0.1	0.262935051273719	1.467171463352	0.1
ENSMUSG00000026494	Kif26b	1440990_at	0.0423622577264991	3.57755847344553	0.8	0.0197325691682138	3.7026091053755	0.4
ENSMUSG00000026496	Parp1	1443573_at	NA	0.956192806411122	0.1	NA	1.58796568825069	0.1
ENSMUSG00000026499	Acbd3	1428668_at	0.712064464977801	0.471906966454161	0.1	0.0575102941986902	2.75815040009957	0.4
ENSMUSG00000026504	Sdccag8	1456538_at	0.196133952803811	1.99294702245791	0.4	NA	1.88358990858149	0.2
ENSMUSG00000026510	Trp53bp2	1433937_at	NA	0.0644999113992842	0	NA	-0.0169394382571704	0
ENSMUSG00000026523	Wdr64	1430082_at	NA	-0.24834425731313	0	0.230054077688083	-1.58923556335621	-0.2
ENSMUSG00000026535	Ifi202b	1457666_s_at	0.0538984737450939	3.30468842949001	1	0.0143085662823766	4.02238979987816	0.8
ENSMUSG00000026544	Dusp23	1453074_at	NA	-0.23218654443316	0	NA	-0.31258429610054	0
ENSMUSG00000026546	Cfap45	1429930_at	NA	-1.05975380742538	-0.1	NA	0.511421677624824	0
ENSMUSG00000026553	Copa	1415706_at	NA	0.771533267092866	0.1	NA	1.88226235016782	0.2
ENSMUSG00000026554	Dcaf8	1453662_at	NA	0.33961002389017	0	NA	-0.548950656719336	0
ENSMUSG00000026556	Vangl2	1436118_at	0.294041764526731	1.54739472085868	0.4	NA	-0.726346400964413	-0.1
ENSMUSG00000026558	Uck2	1439740_s_at	NA	-2.21604987816549	-0.4	0.000925064613000744	-6.84411826738943	-0.7
ENSMUSG00000026563	Tada1	1459380_at	NA	-0.348084019175296	0	NA	-1.54754904889998	-0.1
ENSMUSG00000026564	Dusp27	1458716_at	NA	-1.95800778483497	-0.3	0.28127069979242	1.41333973986988	0.2
ENSMUSG00000026565	Pou2f1	1435555_at	NA	0.917950651192394	0.1	NA	-1.80121948728093	-0.1
ENSMUSG00000026566	Mpzl1	1428168_at	NA	5.07214347571644	0.5	0.0193351568641133	3.71936581794171	0.4
ENSMUSG00000026567	Adcy10	1439613_at	NA	-1.94296149493548	-0.3	NA	0.421033132990401	0
ENSMUSG00000026568	Mpc2	1430071_at	NA	1.5401191760295	0.2	NA	0.0236617824923666	0
ENSMUSG00000026571	Dcaf6	1453312_at	0.18844143872072	2.03733223873035	0.4	0.00364920995796684	5.29376482563755	0.8
ENSMUSG00000026575	Nme7	1438874_at	NA	0.509757218747826	0.1	NA	2.84878172082346	0.2
ENSMUSG00000026577	Blzf1	1442164_at	NA	0.54085646834676	0.1	NA	0.365672550145403	0
ENSMUSG00000026578	Ccdc181	1435052_at	NA	-0.402293230006228	-0.1	0.0626335066743193	2.68826447445549	0.2
ENSMUSG00000026584	Scyl3	1428918_at	0.79510958998999	0.345227296867669	0.1	0.324108692494329	1.2803050151772	0.1
ENSMUSG00000026586	Prrx1	1439774_at	0.0530585138847628	3.31769034499303	1.2	0.000341587439642499	8.31752326864709	1.3
ENSMUSG00000026592	Tex35	1430072_at	0.435101512433866	-1.07537093235346	-0.3	0.106732845909307	-2.24808023942855	-0.2
ENSMUSG00000026596	Abl2	1455495_at	NA	-0.126600704452198	0	NA	-0.273955140843051	0
ENSMUSG00000026600	Soat1	1434362_at	NA	0.23968633523298	0	NA	-0.146546124299562	0
ENSMUSG00000026601	Axdnd1	1445187_at	NA	-0.701143972145921	-0.1	NA	0.531701593124743	0
ENSMUSG00000026602	Nphs2	1437605_at	NA	-0.0187957705661544	0	0.924552846776619	-0.132279634102169	0
ENSMUSG00000026604	Ptpn14	1455359_at	0.0770212293261281	2.94800307927899	0.6	NA	1.80094705379583	0.2
ENSMUSG00000026605	Cenpf	1458447_at	NA	-2.29491694243889	-0.3	NA	1.85390420014215	0.2
ENSMUSG00000026608	Kctd3	1455816_a_at	0.790889641590249	0.351458736398078	0.1	NA	-0.754052853951797	-0.1
ENSMUSG00000026610	Esrrg	1455267_at	NA	1.56756789187751	0.2	NA	-0.659382396689027	-0.1
ENSMUSG00000026611	Spata17	1431729_at	NA	-1.07342335064824	-0.1	NA	0.56873091070178	0
ENSMUSG00000026614	Slc30a10	1439934_at	NA	0.345255748375825	0.1	NA	-0.688616369929003	-0.1
ENSMUSG00000026615	Eprs	1430370_at	NA	-0.53495214592185	-0.1	NA	-1.53380528702796	-0.1
ENSMUSG00000026621	Marc1	1446074_at	NA	0.723705613439736	0.1	NA	-0.456968493656613	0
ENSMUSG00000026622	Nek2	1437580_s_at	0.00367261020694459	7.73008455787121	1.4	NA	-0.927213556459439	-0.1
ENSMUSG00000026623	Lpgat1	1457961_at	NA	-0.630559281718191	-0.1	NA	0.912658627302708	0.1
ENSMUSG00000026626	Ppp2r5a	1440189_at	NA	-1.40657711179873	-0.2	NA	-1.01926250016918	-0.1
ENSMUSG00000026632	Tatdn3	1428769_at	NA	-0.35689252919158	0	NA	3.34291293671857	0.3
ENSMUSG00000026634	Angel2	1415731_at	NA	-0.988948829027998	-0.1	0.0393311263350823	3.07754997916803	0.3
ENSMUSG00000026640	Plxna2	1453286_at	0.0368377258703584	3.71631428078018	0.6	0.00286156792274119	5.66079914682425	0.5
ENSMUSG00000026643	Nmt2	1454919_at	NA	2.24831339398176	0.3	0.128665466675098	2.08448152314108	0.3
ENSMUSG00000026644	Acbd7	1430107_at	NA	-1.03116552022012	-0.1	NA	1.67308468727361	0.1
ENSMUSG00000026646	Suv39h2	1433996_at	NA	0.96394838452076	0.1	NA	-0.29447853431667	0
ENSMUSG00000026648	Dclre1c	1458361_at	NA	0.597816024440304	0.1	NA	0.194174014924699	0
ENSMUSG00000026649	Cfap126	1429181_at	NA	-0.621180048633364	-0.1	NA	-0.985776296419144	-0.1
ENSMUSG00000026656	Fcgr2b	1442118_at	NA	0.17704925449519	0	NA	-0.918925806442933	-0.1
ENSMUSG00000026657	Frmd4a	1434285_at	0.802967998068482	-0.329639819271677	-0.1	0.528855933321474	0.830866220675503	0.1
ENSMUSG00000026659	Dusp12	1441436_at	NA	-0.192586467455089	0	NA	1.11945814911067	0.1
ENSMUSG00000026662	Sephs1	1454792_s_at	NA	1.91328295147685	0.3	NA	-0.923540290528932	-0.1
ENSMUSG00000026663	Atf6	1456021_at	NA	-3.43561264129414	-0.4	NA	-0.166538019657944	0
ENSMUSG00000026668	Ucma	1428993_at	NA	-0.622350665003239	-0.1	NA	1.16918742275237	0.1
ENSMUSG00000026669	Mcm10	1454244_at	NA	0.943215664037112	0.2	NA	0.848605820317456	0.1
ENSMUSG00000026672	Optn	1429778_at	0.148518367330218	-2.27788125406788	-0.5	0.00939208592446746	4.37259973748055	0.6
ENSMUSG00000026674	Ddr2	1455688_at	0.866576551208393	0.221632546344583	0	0.832096760664283	0.294425570167996	0
ENSMUSG00000026675	Hsd17b7	1457248_x_at	0.00989472740064207	5.37948413602642	0.6	0.0250611413646357	3.47895238391821	0.4
ENSMUSG00000026676	Ccdc3	1428549_at	NA	-1.43953345761972	-0.2	NA	-0.679328541187297	-0.1
ENSMUSG00000026679	Enkur	1428960_at	NA	-1.60054317331038	-0.2	NA	-0.425434827866205	0
ENSMUSG00000026694	Eef1aknmt	1460050_x_at	NA	-0.272498744714132	0	NA	-1.29141417752771	-0.1
ENSMUSG00000026701	Prdx6	1442878_at	NA	-1.24308646669082	-0.1	NA	-0.433399265895127	0
ENSMUSG00000026705	Klhl20	1454994_at	0.490022689408137	0.924968385598456	0.2	NA	0.726887139743551	0.1
ENSMUSG00000026708	Cenpl	1429326_at	NA	0.377235973795592	0.1	0.212799190453943	1.65955459427991	0.2
ENSMUSG00000026709	Dars2	1433838_at	NA	-0.725601938878776	-0.1	NA	0.751293982976336	0.1
ENSMUSG00000026718	Stam	1459427_at	0.481825996759004	-0.943955586641346	-0.3	NA	-0.679389987127949	-0.1
ENSMUSG00000026721	Rabgap1l	1429197_s_at	0.16712058027187	2.14576351524755	0.5	0.288377764716684	1.39075731803623	0.2
ENSMUSG00000026725	Tnn	1442140_at	NA	0.830207596484368	0.1	NA	0.319680698005275	0
ENSMUSG00000026729	4930562F07Rik	1453557_at	NA	0.0969950565755143	0	NA	-1.15116292018875	-0.1
ENSMUSG00000026734	4921504E06Rik	1430905_at	NA	-0.103110380811177	0	0.313370749818695	-1.30811617792727	-0.2
ENSMUSG00000026736	4930426L09Rik	1429915_at	NA	-0.578711525210735	-0.1	0.290426479324107	1.38182395147033	0.2
ENSMUSG00000026740	Dnajc1	1453372_at	0.0557581151823776	3.26730616257778	0.5	0.045570718979123	2.9492529269462	0.4
ENSMUSG00000026748	Plxdc2	1431110_at	NA	-0.332640648937042	0	NA	-0.784156569506363	-0.1
ENSMUSG00000026754	Golga1	1435027_at	NA	0.211500503068553	0	NA	0.948675225460542	0.1
ENSMUSG00000026755	Arpc5l	1441190_at	NA	0.561513375397103	0.1	NA	-2.43138931382082	-0.2
ENSMUSG00000026761	Orc4	1431172_at	NA	0.399159516873577	0	NA	1.16941049207891	0.1
ENSMUSG00000026764	Kif5c	1455266_at	0.342074506705067	1.38497171554077	0.3	NA	1.98834935957868	0.2
ENSMUSG00000026765	Lypd6b	1429274_at	NA	0.150693288436932	0	NA	0.781899622855453	0.1
ENSMUSG00000026767	Mindy3	1430460_at	NA	-0.218887651818072	0	NA	0.0299075756422784	0
ENSMUSG00000026768	Itga8	1454966_at	NA	0.984848859237905	0.1	NA	-0.698443502795517	-0.1
ENSMUSG00000026771	Spopl	1435274_at	0.985172326766693	0.02105044820238	0	NA	0.0101330620591166	0
ENSMUSG00000026774	Potegl	1431911_at	0.628994526687769	-0.617794791440289	-0.3	0.322113578611768	-1.28487649916278	-0.1
ENSMUSG00000026775	Yme1l1	1437822_at	NA	0.328872293009022	0	NA	-0.536382289367903	0
ENSMUSG00000026779	Mastl	1444725_at	NA	1.74164160216227	0.2	NA	0.0842236854777937	0
ENSMUSG00000026781	Acbd5	1446433_at	NA	0.557761924880794	0.1	NA	1.60830507797648	0.1
ENSMUSG00000026782	Abi2	1436984_at	0.216379280636742	1.90351515753794	0.5	0.298944320669631	-1.35543041621884	-0.2
ENSMUSG00000026785	Pkn3	1434525_at	NA	1.10371445535061	0.1	NA	-0.766240284764065	-0.1
ENSMUSG00000026787	Gad2	1429589_at	NA	0.732434339250613	0.1	NA	-0.632935258841051	-0.1
ENSMUSG00000026788	Zbtb43	1435900_at	NA	0.621182009252351	0.1	0.0477057716781087	2.91118797048744	0.3
ENSMUSG00000026790	Odf2	1439918_at	NA	0.147210977176186	0	NA	-0.428423413108377	0
ENSMUSG00000026792	Lrsam1	1429176_at	0.293783981172149	1.55072367381252	0.3	0.0398617035401347	3.05971200132479	0.3
ENSMUSG00000026806	Ddx31	1434182_at	NA	1.98168066409438	0.2	NA	-0.137341095969736	0
ENSMUSG00000026807	Ak8	1428628_at	NA	0.602092294481326	0.1	0.683598862860535	-0.548779457051076	-0.1
ENSMUSG00000026809	Spaca9	1452904_at	NA	-0.344400732998537	-0.1	NA	2.09987000842418	0.2
ENSMUSG00000026810	Dpm2	1415675_at	NA	0.543364595831018	0.1	NA	0.932465603126732	0.1
ENSMUSG00000026812	Tsc1	1439989_at	NA	-1.6891106111403	-0.3	NA	-0.547202573854528	0
ENSMUSG00000026814	Eng	1443682_at	NA	-0.395725320420089	0	NA	-0.125546477754721	0
ENSMUSG00000026824	Kcnj3	1444025_at	NA	0.121202770783206	0	0.0568158989115209	2.76948400880473	0.2
ENSMUSG00000026826	Nr4a2	1447863_s_at	0.133356501525922	-2.37707977659706	-0.5	0.269978327854597	1.44613127117114	0.1
ENSMUSG00000026827	Gpd2	1428323_at	0.104171529976835	2.62918847792168	0.5	0.0443135621482702	2.97364874766306	0.3
ENSMUSG00000026830	Ermn	1436578_at	NA	-0.086021196291994	0	NA	-0.33129743513243	0
ENSMUSG00000026831	1700007K13Rik	1428705_at	NA	-0.797419367531812	-0.1	0.608923668080934	-0.682171332200696	-0.1
ENSMUSG00000026832	Cytip	1443928_at	0.192013345778544	2.01239124493069	0.4	NA	-2.46502943940826	-0.2
ENSMUSG00000026834	Acvr1c	1443225_at	NA	0.775072515184333	0.1	NA	0.757257239215679	0.1
ENSMUSG00000026835	Fcnb	1430080_at	NA	-0.591057442228133	-0.1	NA	-0.601205807377601	-0.1
ENSMUSG00000026839	Upp2	1460059_at	0.266268381767693	-1.67209217155487	-0.3	NA	-0.491062307689468	0
ENSMUSG00000026841	Fibcd1	1435482_at	0.284731482297683	-1.59301257426996	-0.5	0.654693509214512	-0.599446474750502	-0.1
ENSMUSG00000026842	Abl1	1444134_at	NA	2.41886895042542	0.2	NA	-1.77282963387178	-0.2
ENSMUSG00000026843	Fubp3	1433679_at	0.153984426269339	2.22978880398871	0.4	0.839779412318822	0.279726417045206	0
ENSMUSG00000026854	Usp20	1442943_at	NA	0.847038358916686	0.1	NA	-1.00328961221882	-0.1
ENSMUSG00000026866	Kynu	1430570_at	NA	0.892685860828308	0.1	0.127425072642365	-2.09121115534402	-0.2
ENSMUSG00000026867	Gapvd1	1429454_at	NA	1.15270386578373	0.2	0.186800666050663	-1.77041456517227	-0.2
ENSMUSG00000026869	Psmd5	1443890_at	NA	0.773697242190084	0.1	NA	-2.02326951608313	-0.2
ENSMUSG00000026870	Cutal	1430688_s_at	NA	-0.769119144730061	-0.1	NA	-0.168334335558819	0
ENSMUSG00000026872	Zeb2	1456389_at	0.257066146795579	1.71132902674359	0.3	NA	2.07779318948586	0.2
ENSMUSG00000026875	Traf1	1445452_at	NA	1.96924706815112	0.2	NA	-0.523994148104837	-0.1
ENSMUSG00000026878	Rab14	1415686_at	NA	-1.13293950601956	-0.2	0.0910025677635334	2.38812720777579	0.2
ENSMUSG00000026882	4930568D16Rik	1432199_at	NA	-0.726260447600171	-0.1	NA	-1.72327481343715	-0.1
ENSMUSG00000026883	Dab2ip	1441170_a_at	NA	0.805361428954892	0.1	NA	0.556945986788219	0
ENSMUSG00000026885	Ttll11	1452964_at	NA	-2.91262959303021	-0.4	NA	-0.835945954530284	-0.1
ENSMUSG00000026888	Grb14	1457526_at	NA	0.436323259837994	0.1	NA	-0.636615664583418	0
ENSMUSG00000026889	Rbm18	1458182_at	NA	-0.637274295814495	-0.1	NA	-0.284402656271586	0
ENSMUSG00000026894	Morn5	1452804_at	NA	-0.759009706450457	-0.1	NA	1.20401486749725	0.1
ENSMUSG00000026915	Strbp	1442465_s_at	NA	0.341799539627341	0	NA	0.389366129641836	0
ENSMUSG00000026918	Brd3	1436960_at	NA	0.934732292563696	0.2	NA	0.504448345379233	0
ENSMUSG00000026922	Agpat2	1428821_at	NA	-1.58004528902826	-0.2	NA	0.177803904391407	0
ENSMUSG00000026933	Camsap1	1456930_at	NA	-1.00601451903472	-0.2	NA	1.17509490177867	0.1
ENSMUSG00000026940	Ccdc183	1431533_at	NA	0.0130149233064299	0	NA	1.43454092331666	0.1
ENSMUSG00000026941	Mamdc4	1440333_at	NA	0.825535127272066	0.1	NA	-0.108651560538	0
ENSMUSG00000026943	Lcn12	1429935_at	NA	-1.19225801456956	-0.1	NA	-0.897933447995368	-0.1
ENSMUSG00000026950	Neb	1435355_at	0.0938748820399458	-2.7302710451308	-0.8	0.238671430611341	-1.55728324523331	-0.2
ENSMUSG00000026955	Sapcd2	1429404_at	0.0784331868601936	2.9225576594641	0.5	0.620272873164822	-0.660992230793109	-0.1
ENSMUSG00000026956	Uap1l1	1443841_x_at	NA	0.819061408405747	0.1	0.810029775823212	-0.329356809568014	0
ENSMUSG00000026963	Tmem210	1454274_at	NA	0.814972003087737	0.1	NA	-0.396465811579754	0
ENSMUSG00000026965	Anapc2	1415707_at	NA	1.46962647796018	0.2	NA	0.356318200298021	0
ENSMUSG00000026974	Zmynd19	1440205_at	0.544241356819961	0.799358441702705	0.2	NA	-2.39553184049827	-0.2
ENSMUSG00000026976	Pax8	1446561_at	NA	0.976279073411614	0.1	NA	1.54496675037149	0.1
ENSMUSG00000026977	March7	1458690_at	NA	-0.616042531359372	-0.1	NA	0.865266224129317	0.1
ENSMUSG00000026979	Psd4	1455067_at	NA	0.474147400982059	0.1	NA	-1.14726186799583	-0.1
ENSMUSG00000026987	Baz2b	1448007_at	NA	-1.24810051978851	-0.1	NA	0.0789809871330573	0
ENSMUSG00000026989	Dapl1	1453568_at	NA	0.968574752606659	0.1	NA	0.094584516843873	0
ENSMUSG00000027009	Itga4	1436037_at	NA	-0.676630042209331	-0.1	NA	0.828203519301995	0.1
ENSMUSG00000027010	Slc25a12	1428440_at	NA	0.486411947962058	0.1	0.0484919509128637	2.89942873060039	0.3
ENSMUSG00000027015	Cybrd1	1460604_at	NA	0.600290445756884	0.1	0.101519221703264	2.29807706634875	0.2
ENSMUSG00000027016	Zfp385b	1457704_at	NA	0.295506265955106	0	NA	-1.32153315147055	-0.1
ENSMUSG00000027035	Cers6	1434418_at	0.859855787491542	0.234424761374795	0.1	0.00947834786785991	4.36346046513597	0.5
ENSMUSG00000027075	Slc43a1	1453255_at	NA	0.8838820594455	0.1	NA	-0.838718174683844	-0.1
ENSMUSG00000027082	Tfpi	1438530_at	0.625184951690621	0.626124286761576	0.2	0.118321660265832	2.16304299834269	0.2
ENSMUSG00000027086	Fastkd1	1442034_at	0.531338058363807	-0.82471613258666	-0.2	NA	-0.548873859611765	0
ENSMUSG00000027088	Phospho2	1453797_at	NA	-0.396530996755167	-0.1	NA	-0.5500489488161	0
ENSMUSG00000027102	Hoxd8	1433638_s_at	NA	-0.735526329187672	-0.1	NA	-1.50029757792201	-0.1
ENSMUSG00000027104	Atf2	1437777_at	0.644309137722553	-0.588246473415082	-0.2	NA	-1.34966974838217	-0.1
ENSMUSG00000027115	Kif18a	1457895_at	NA	0.184130414834436	0	NA	1.32687754781502	0.1
ENSMUSG00000027132	Katnbl1	1433872_at	0.188329298586461	2.03981242079956	0.4	0.142968678823051	-1.99043822614729	-0.3
ENSMUSG00000027134	Lpcat4	1440207_at	NA	0.574076556681345	0.1	NA	0.0284860523818975	0
ENSMUSG00000027164	Traf6	1446940_at	NA	-0.481086932764481	-0.1	NA	-1.00556059385494	-0.1
ENSMUSG00000027165	B230118H07Rik	1443236_at	0.353531880215482	1.3401474362084	0.3	0.0250004500781091	-3.49990055111801	-0.3
ENSMUSG00000027171	Prrg4	1444084_at	0.520569988568236	0.850344218524103	0.2	NA	-1.14118099077984	-0.1
ENSMUSG00000027176	Cstf3	1443909_at	NA	1.64121792215974	0.2	NA	-0.453801433190372	0
ENSMUSG00000027180	Fbxo3	1441019_at	NA	1.06448557881794	0.1	NA	0.627851544086158	0.1
ENSMUSG00000027185	Nat10	1433692_at	NA	-0.743956632053767	-0.1	0.183756853836323	-1.78535051669345	-0.2
ENSMUSG00000027188	Pamr1	1433529_at	NA	1.2483402289643	0.2	0.304254141841585	-1.33662412788909	-0.1
ENSMUSG00000027189	Trim44	1431932_s_at	NA	-2.28976936990973	-0.2	NA	0.487684729116847	0
ENSMUSG00000027196	Alkbh3os1	1431458_at	NA	-0.215992131478624	0	NA	-1.63528367902559	-0.1
ENSMUSG00000027198	Ext2	1447319_at	0.162881707603831	-2.17342052490581	-0.5	NA	0.355226851621769	0
ENSMUSG00000027200	Sema6d	1459318_at	NA	-0.48337066980387	-0.1	0.0993208955683771	-2.31689125610338	-0.2
ENSMUSG00000027208	Fgf7	1438405_at	NA	-2.13584931013507	-0.4	0.00728622689578626	4.59288400228436	0.8
ENSMUSG00000027209	Fam227b	1430919_at	NA	-0.212394762105615	0	NA	-1.39303741641156	-0.1
ENSMUSG00000027210	Meis2	1457632_s_at	0.188329298586461	2.03889610369421	0.6	0.146021369295726	1.97319196171573	0.2
ENSMUSG00000027217	Tspan18	1442174_at	NA	-0.562320187631956	-0.1	NA	-1.16233082653411	-0.1
ENSMUSG00000027220	Syt13	1434470_at	8.90204915486486e-05	18.6637540677657	1.9	NA	-0.619697778355872	-0.1
ENSMUSG00000027223	Mapk8ip1	1440619_at	NA	0.212860820313756	0	NA	-0.558139281746566	-0.1
ENSMUSG00000027229	Terb2	1430433_at	0.312172772061976	1.470329974853	0.3	NA	-0.926393984306842	-0.1
ENSMUSG00000027233	Patl2	1430735_at	NA	0.135105072751486	0	NA	1.12352969360519	0.1
ENSMUSG00000027238	Frmd5	1435956_at	NA	-0.47185177732939	-0.1	NA	0.47422097061271	0
ENSMUSG00000027242	Wdr76	1455674_at	NA	0.499773273909774	0.1	NA	-0.441200256124085	0
ENSMUSG00000027243	Harbi1	1456872_a_at	NA	1.63473757407561	0.2	NA	1.17153860803675	0.1
ENSMUSG00000027248	Pdia3	1445330_at	NA	-0.155179882923936	0	NA	-0.460323537616442	0
ENSMUSG00000027254	Map1a	1460566_at	NA	3.00306239288622	0.3	NA	0.794026108304439	0.1
ENSMUSG00000027257	Pacsin3	1437834_s_at	0.00546506209319574	-6.83838285017379	-0.9	NA	0.513119534065181	0
ENSMUSG00000027259	Adal	1428198_at	NA	0.031463582193176	0	0.126884467394812	2.09480704111216	0.2
ENSMUSG00000027263	Tubgcp4	1429345_at	NA	-0.229221196310225	0	NA	-0.20303256883604	0
ENSMUSG00000027276	Jag1	1434070_at	0.501398350390728	0.896665325741019	0.4	0.0035036211423983	5.36332137146889	0.5
ENSMUSG00000027281	Slx4ip	1431831_at	NA	-0.0988882397604098	0	NA	-0.236796286291517	0
ENSMUSG00000027282	Mtch2	1430969_at	NA	0.844287551269178	0.1	NA	1.24197463069026	0.1
ENSMUSG00000027284	Cdan1	1428166_at	NA	1.43113598580783	0.2	0.777098616660007	0.385172752121635	0
ENSMUSG00000027285	Haus2	1430577_at	NA	0.431886999974334	0.1	0.0506013958602518	2.85659345112871	0.3
ENSMUSG00000027286	Lrrc57	1430057_s_at	NA	-1.83748097580986	-0.2	0.507236287685512	0.868303448862749	0.1
ENSMUSG00000027300	Ubox5	1457242_at	NA	0.549274497190494	0.1	NA	-0.250357126959235	0
ENSMUSG00000027303	Ptpra	1447467_at	NA	-1.21434333681731	-0.1	NA	-0.154041452205985	0
ENSMUSG00000027304	Rtf1	1429047_at	0.368926841324502	1.27858947280382	0.3	NA	0.871849403215362	0.1
ENSMUSG00000027309	4930402H24Rik	1434126_at	NA	0.217346205727002	0	0.00813242358238371	4.49280372848183	0.4
ENSMUSG00000027312	Atrn	1434197_at	NA	0.549967795202705	0.1	NA	1.51972402006294	0.1
ENSMUSG00000027318	Adam33	1444628_at	NA	-0.570780685732774	-0.1	NA	-0.809796941706566	-0.1
ENSMUSG00000027324	Rpusd2	1429442_at	NA	1.09364238340893	0.1	NA	-1.00278101157269	-0.1
ENSMUSG00000027326	Knl1	1430193_at	NA	1.66860774790532	0.3	NA	-0.793219224264653	-0.1
ENSMUSG00000027327	1700037H04Rik	1457684_at	NA	-1.38654978982781	-0.2	NA	-1.47538860164978	-0.1
ENSMUSG00000027329	Spef1	1444397_at	NA	0.490955967856224	0.1	NA	-1.70044086165979	-0.1
ENSMUSG00000027331	Knstrn	1420081_s_at	NA	2.53582570076513	0.3	0.115929802882901	2.18497678536685	0.3
ENSMUSG00000027339	Rassf2	1443998_at	NA	1.5017942910689	0.2	NA	-1.06989615310366	-0.1
ENSMUSG00000027345	4921508D12Rik	1454188_at	NA	-2.40489462162321	-0.3	NA	-0.214064341957629	0
ENSMUSG00000027346	Gpcpd1	1429639_at	NA	0.0742677164069433	0	0.313469026873316	1.30745922201635	0.1
ENSMUSG00000027347	Rasgrp1	1434295_at	NA	-0.0592814508806766	0	NA	1.76044764622125	0.1
ENSMUSG00000027349	Fam98b	1460037_at	NA	2.15846791320976	0.3	0.688390489723064	0.540089495068158	0.1
ENSMUSG00000027351	Spred1	1428777_at	NA	1.99718636467525	0.2	NA	1.34483120749441	0.1
ENSMUSG00000027353	Mcm8	1429557_at	NA	-0.639381123854675	-0.1	0.460137787641013	0.968127770925251	0.1
ENSMUSG00000027357	Crls1	1429737_a_at	0.11295580048421	-2.53980647558467	-0.5	0.0170372665936666	3.84206132916467	0.4
ENSMUSG00000027364	Usp50	1430760_a_at	NA	-0.839102217172096	-0.1	NA	0.280031586589033	0
ENSMUSG00000027365	Trpm7	1431355_s_at	0.261613286091662	1.69063189776621	0.3	0.0970133521230199	2.33279421118593	0.2
ENSMUSG00000027367	Stard7	1445024_at	NA	0.825211847567089	0.1	NA	-1.3501274579305	-0.1
ENSMUSG00000027371	Fahd2a	1453795_at	NA	-1.11749392270114	-0.1	NA	2.83555651273066	0.2
ENSMUSG00000027374	Mrps5	1459439_at	NA	-0.0455335649971773	0	0.172216645607093	-1.83999529989371	-0.2
ENSMUSG00000027377	Mall	1435693_at	NA	-1.0656754345208	-0.1	NA	-1.41121136223851	-0.1
ENSMUSG00000027380	Acoxl	1460470_at	NA	-0.0798699514749752	0	NA	-2.5694457533133	-0.2
ENSMUSG00000027394	Ttl	1460484_at	NA	-0.431366858283362	0	NA	-0.322143537872651	0
ENSMUSG00000027397	Slc20a1	1446441_at	NA	0.692618539478467	0.1	NA	0.245475273573397	0
ENSMUSG00000027401	Tgm3	1440150_at	NA	-0.792093765368965	-0.1	NA	-1.57619315547257	-0.1
ENSMUSG00000027403	Tgm6	1437702_at	NA	-0.538643338212212	-0.1	NA	-1.99403446612333	-0.1
ENSMUSG00000027409	1700020A23Rik	1430422_at	NA	0.081294956625503	0	NA	-0.443062979767299	0
ENSMUSG00000027419	Pcsk2	1428305_at	NA	-0.267869199705912	0	NA	-0.217771880401923	0
ENSMUSG00000027422	Rrbp1	1436660_at	NA	1.59003927736475	0.2	NA	1.60100959982585	0.1
ENSMUSG00000027425	Kat14	1459476_s_at	NA	3.05747208721306	0.3	0.999920740631831	-0.000101594745391396	0
ENSMUSG00000027427	Polr3f	1429686_at	NA	1.03722085380631	0.2	NA	0.791981345531168	0.1
ENSMUSG00000027431	Scp2d1	1429465_at	NA	-0.897993953140775	-0.1	NA	-1.50198584283586	-0.1
ENSMUSG00000027435	Cd93	1441907_s_at	NA	-0.902207618955241	-0.1	0.808304592747032	0.332040019103672	0
ENSMUSG00000027439	Gzf1	1428348_at	NA	1.05484608633694	0.2	NA	0.985265653542188	0.1
ENSMUSG00000027446	Cstdc2	1432531_at	NA	1.72628731477279	0.2	NA	-1.03509747128869	-0.1
ENSMUSG00000027457	Snph	1435210_s_at	NA	-2.101196992288	-0.2	NA	-0.0785756019918569	0
ENSMUSG00000027460	Angpt4	1455427_at	NA	1.01255016000807	0.1	0.000341587439642499	8.26165942792672	0.9
ENSMUSG00000027474	Ccm2l	1435600_s_at	NA	0.520352530308261	0.1	NA	0.0940211089750066	0
ENSMUSG00000027478	Dnmt3b	1442655_at	NA	-1.34348362544378	-0.2	NA	-0.785231114616801	-0.1
ENSMUSG00000027480	Sun5	1429912_at	NA	0.658033380919305	0.1	NA	-0.426107015625696	0
ENSMUSG00000027482	Bpifa3	1432308_at	NA	0.147598028740964	0	NA	1.4910576126851	0.1
ENSMUSG00000027484	Bpifa5	1429342_s_at	NA	-0.04802264001545	0	NA	1.17664445589386	0.1
ENSMUSG00000027505	Fam209	1429544_at	NA	1.1179156737512	0.2	NA	-1.11040730104531	-0.1
ENSMUSG00000027506	Tpd52	1458668_at	NA	-0.832621132087113	-0.2	0.0785552650748677	-2.50823123732199	-0.3
ENSMUSG00000027508	Pag1	1443319_at	NA	-0.966290198544015	-0.1	0.738708948180938	-0.449549197104315	-0.1
ENSMUSG00000027513	Pck1	1439617_s_at	NA	-2.0695323154296	-0.3	0.246129466571082	1.5309086300384	0.2
ENSMUSG00000027518	1700021F07Rik	1429803_at	NA	0.0280564366496141	0	NA	-0.56855778863342	0
ENSMUSG00000027519	Rab22a	1454988_s_at	NA	2.005623369153	0.3	0.00808094323605806	4.51504680480004	0.4
ENSMUSG00000027520	Zdbf2	1456783_at	NA	-0.10184728541874	0	NA	-1.22961678130433	-0.1
ENSMUSG00000027522	Stx16	1429237_at	NA	-0.506584174996251	-0.1	NA	1.80058135651	0.2
ENSMUSG00000027524	Edn3	1441923_s_at	NA	0.601350895964827	0.1	NA	0.224387086489925	0
ENSMUSG00000027525	Phactr3	1429651_at	NA	-0.217621572233832	0	0.860800559852694	-0.243146523695698	0
ENSMUSG00000027530	Fabp12	1431788_at	NA	0.33032546631529	0	0.318749287658727	-1.29232318333093	-0.1
ENSMUSG00000027534	Snx16	1438803_s_at	0.511541565140213	0.871269128627692	0.2	NA	0.402752750874737	0
ENSMUSG00000027536	Chmp4c	1446320_at	0.356740468104309	1.32300392854249	0.3	NA	0.749659457614632	0.1
ENSMUSG00000027544	Nfatc2	1439205_at	NA	-1.48393678027272	-0.2	NA	0.947511540360985	0.1
ENSMUSG00000027550	Lrrcc1	1435186_s_at	0.315816757673969	1.45806152794235	0.4	NA	-0.00831901715548376	0
ENSMUSG00000027551	Zfp64	1440251_s_at	0.400511766807325	-1.17549818795096	-0.3	NA	0.619326920156531	0.1
ENSMUSG00000027555	Car13	1439620_at	NA	2.89257717419753	0.3	0.00452668249172754	5.06803347221164	0.5
ENSMUSG00000027559	Car3	1430584_s_at	NA	1.01412546356883	0.1	NA	2.07616366988864	0.2
ENSMUSG00000027564	Cypt12	1429374_at	NA	-1.07003447173213	-0.1	NA	-0.089205566741849	0
ENSMUSG00000027569	Mrgbp	1428366_at	NA	0.727587619616561	0.1	NA	0.965911944721417	0.1
ENSMUSG00000027573	Gid8	1428824_at	NA	-0.3265978186044	0	NA	-0.366766605961359	0
ENSMUSG00000027575	Arfgap1	1445067_at	NA	1.2408133991044	0.2	NA	-0.605451808913962	0
ENSMUSG00000027583	Zbtb46	1440489_at	NA	0.422498883984385	0	NA	0.328881238046821	0
ENSMUSG00000027593	Raly	1430465_at	NA	-0.826298721277	-0.1	NA	-0.231239915965969	0
ENSMUSG00000027598	Itch	1415769_at	NA	1.18229028244544	0.2	0.337473803268205	1.24276182341236	0.2
ENSMUSG00000027599	Armc1	1415719_s_at	0.0789576953021959	2.91232852912107	0.5	0.037486171445934	3.11965691421843	0.3
ENSMUSG00000027605	Acss2	1457460_at	NA	0.922142995274125	0.1	NA	-0.431835507979526	0
ENSMUSG00000027612	Mmp24	1442921_at	NA	-0.440906028646221	0	0.848405485263427	-0.267201634679505	0
ENSMUSG00000027613	Eif6	1431582_at	NA	1.35735725390997	0.2	NA	-0.123290768482794	0
ENSMUSG00000027618	Nfs1	1442017_at	0.289805334270333	1.56622845013338	0.4	0.748987127965014	-0.428944101767256	-0.1
ENSMUSG00000027620	Rbm39	1438420_at	0.361370826683255	1.3065208216252	0.3	0.00899915521663491	4.41661471179331	0.4
ENSMUSG00000027628	Aar2	1459456_at	NA	0.300140886339875	0	NA	-0.480199170922098	0
ENSMUSG00000027630	Tbl1xr1	1442312_at	NA	0.672357626988684	0.1	NA	1.37458760824666	0.1
ENSMUSG00000027636	Sla2	1437504_at	NA	0.0681665369575776	0	NA	-1.39989504554754	-0.1
ENSMUSG00000027639	Samhd1	1444064_at	0.435668150765652	-1.07287960955493	-0.3	NA	1.66667069580557	0.1
ENSMUSG00000027641	Rbl1	1454293_at	NA	-1.03286105405544	-0.1	NA	1.35289719686185	0.1
ENSMUSG00000027651	Rprd1b	1441005_at	NA	1.95462483902241	0.2	0.0151898681444609	-3.9538079739911	-0.3
ENSMUSG00000027652	Ralgapb	1434656_at	NA	1.29137744708137	0.2	NA	-0.0116202052323028	0
ENSMUSG00000027654	Fam83d	1452924_at	0.0107338410147121	5.25747590624413	0.7	0.732677387786879	0.462231929357026	0.1
ENSMUSG00000027655	Dhx35	1452693_at	0.0612986672308625	3.17584243425778	0.7	NA	2.01383541770663	0.2
ENSMUSG00000027665	Pik3ca	1440054_at	NA	0.404302119723248	0	NA	-2.11095518257264	-0.2
ENSMUSG00000027669	Gnb4	1439632_at	NA	-1.27040715071338	-0.1	NA	1.32145053055807	0.1
ENSMUSG00000027671	Actl6a	1429883_at	NA	1.15555267946385	0.2	NA	1.94628297844658	0.2
ENSMUSG00000027674	Pex5l	1438399_at	NA	1.02547813521727	0.2	NA	0.34854515848993	0
ENSMUSG00000027676	Ccdc39	1440504_at	NA	-0.26349271377052	0	NA	0.994290770938921	0.1
ENSMUSG00000027677	Ttc14	1452926_at	NA	-0.967513910537857	-0.2	0.178486204044553	-1.80633252305302	-0.2
ENSMUSG00000027678	Ncoa3	1448027_at	NA	0.40587224299108	0	NA	1.16428351819668	0.1
ENSMUSG00000027679	Dnajc19	1442182_at	NA	1.61086484227327	0.2	NA	-0.423616227094287	0
ENSMUSG00000027684	Mecom	1438325_at	NA	1.16806701288748	0.2	NA	0.377195399446775	0
ENSMUSG00000027692	Tnik	1429870_at	NA	-1.33020160065296	-0.2	NA	-1.21326084075598	-0.1
ENSMUSG00000027698	Nceh1	1435135_at	NA	-2.48160484517768	-0.4	0.0152917668653954	3.94174129648462	0.4
ENSMUSG00000027702	Lrrc34	1429366_at	NA	-0.314422521408154	0	NA	-0.0969649560631758	0
ENSMUSG00000027708	Dcun1d1	1445260_at	NA	0.803718923656197	0.2	NA	-1.69441664143146	-0.1
ENSMUSG00000027709	Mccc1	1458208_s_at	NA	-0.0820792667612489	0	NA	-0.125280905453607	0
ENSMUSG00000027713	1810062G17Rik	1430280_at	NA	-0.362170346538979	0	NA	1.18168378933428	0.1
ENSMUSG00000027737	Slc7a11	1443536_at	NA	-0.639427587775856	-0.1	NA	-1.38546573617415	-0.1
ENSMUSG00000027744	Stoml3	1441036_at	NA	1.72771619218138	0.2	0.0219843478779085	-3.61107485597088	-0.3
ENSMUSG00000027746	Ufm1	1458168_at	NA	-0.27976514400366	0	NA	0.594243156233256	0
ENSMUSG00000027748	Trpc4	1446366_at	NA	-1.28431824564816	-0.1	0.733761218076639	0.460184063867392	0.1
ENSMUSG00000027751	Supt20	1443747_at	NA	-0.661786223886932	-0.1	NA	-1.55956995992369	-0.1
ENSMUSG00000027752	Exosc8	1428291_at	0.284731482297683	1.59369686983755	0.3	NA	-1.20287278707036	-0.1
ENSMUSG00000027763	Mbnl1	1457924_at	NA	-0.461456066344173	-0.1	NA	0.181239966437229	0
ENSMUSG00000027770	Dhx36	1437550_at	NA	0.587305883614133	0.1	NA	-0.487038683719997	0
ENSMUSG00000027777	Schip1	1437700_at	NA	1.70105080897998	0.3	NA	-3.11865508432885	-0.2
ENSMUSG00000027782	Kpna4	1455680_at	0.410938378668863	1.1402999793077	0.2	NA	-0.89836189896068	-0.1
ENSMUSG00000027784	Ppm1l	1435787_at	0.47181409117115	-0.97353581840245	-0.2	NA	-0.884542271234911	-0.1
ENSMUSG00000027787	Nmd3	1440385_at	NA	1.21626880807497	0.2	NA	0.0915326059240022	0
ENSMUSG00000027792	Bche	1436098_at	0.94908774062896	-0.0858575585067679	0	NA	-0.150880615650559	0
ENSMUSG00000027794	Sohlh2	1429817_at	0.812004775787266	-0.316242401105449	-0.1	NA	1.32759613506483	0.1
ENSMUSG00000027797	Dclk1	1436659_at	0.304717316399795	-1.5017253284629	-0.3	0.0683695238700938	2.61149293485793	0.4
ENSMUSG00000027799	Nbea	1440860_at	NA	2.20425878133069	0.2	NA	-0.788240893891582	-0.1
ENSMUSG00000027800	Tm4sf1	1439925_at	NA	1.16324374721494	0.1	NA	0.344082018094742	0
ENSMUSG00000027806	Tsc22d2	1430535_at	0.340124384187534	-1.39320702989945	-0.4	0.00808964273044662	4.49858087256523	0.6
ENSMUSG00000027809	Etfdh	1458152_at	NA	-0.479138588164548	-0.1	0.296640083667165	-1.36185607455055	-0.1
ENSMUSG00000027810	Eif2a	1460575_at	NA	1.10654844491454	0.2	NA	0.253753824108359	0
ENSMUSG00000027811	4930579G24Rik	1429364_at	0.00763845542417725	5.87259905743884	1.5	0.0924730579240674	2.37398888970353	0.4
ENSMUSG00000027823	Gmps	1433567_at	NA	-0.230918396243902	0	NA	-0.449094388855482	0
ENSMUSG00000027828	Ssr3	1415700_a_at	0.126547510466908	2.43065381916299	0.5	0.0177153139558819	3.79856207358075	0.4
ENSMUSG00000027831	Veph1	1432088_at	NA	-0.0705185358752987	0	NA	-0.677856905894243	-0.1
ENSMUSG00000027833	Shox2	1438042_at	NA	0.662129776385774	0.1	0.00378849098946703	5.2454508670175	0.6
ENSMUSG00000027834	Serpini1	1443756_at	0.506192114832833	-0.883274538509435	-0.2	0.875650026629969	0.218303416743885	0
ENSMUSG00000027835	Pdcd10	1458938_at	NA	0.869336430963146	0.1	NA	0.867013195101445	0.1
ENSMUSG00000027845	Dclre1b	1440667_at	NA	1.65878042371839	0.2	NA	0.224474383305227	0
ENSMUSG00000027854	Sike1	1443226_at	NA	0.83769630832509	0.2	NA	-2.05633748304668	-0.2
ENSMUSG00000027860	Vangl1	1441097_at	NA	1.10170389297006	0.1	0.117204123331906	2.17332373008044	0.2
ENSMUSG00000027864	Ptgfrn	1434891_at	0.0202170458379908	4.41769486207208	0.7	0.0182412942142458	3.76935244447543	0.5
ENSMUSG00000027867	Spag17	1459142_at	NA	1.82870577429489	0.2	0.602144871095124	-0.695264594787258	-0.1
ENSMUSG00000027879	Sec22b	1415766_at	0.250130899170168	1.74672026299134	0.5	0.00206927347400291	5.99594883676995	0.6
ENSMUSG00000027880	Slc25a54	1431974_at	NA	0.240868602323426	0	NA	-1.42576984502836	-0.1
ENSMUSG00000027881	Prpf38b	1455016_at	NA	-1.71882003511664	-0.3	NA	-1.33798719023002	-0.1
ENSMUSG00000027886	1700013F07Rik	1428962_at	NA	-0.278688651959001	0	NA	-1.57979263689387	-0.1
ENSMUSG00000027894	Slc6a17	1458441_at	NA	0.905249958680894	0.1	NA	0.610984878185661	0
ENSMUSG00000027900	Dram2	1445545_at	NA	0.402385832435415	0	0.599764681209995	-0.700429987354267	-0.1
ENSMUSG00000027908	Tchhl1	1429944_at	NA	-0.379769459397423	0	NA	-0.547574473703461	-0.1
ENSMUSG00000027912	Lce1m	1429565_s_at	NA	-0.196574720672966	0	NA	-0.73896368361526	-0.1
ENSMUSG00000027927	Lelp1	1453235_at	NA	-0.205954649001116	0	NA	-0.81578147645385	-0.1
ENSMUSG00000027936	Crtc2	1429373_x_at	0.269999065691178	1.64964574955354	0.4	0.123047200091064	2.12579456407684	0.3
ENSMUSG00000027939	Nup210l	1430909_at	NA	1.56811274818796	0.2	NA	-1.05605168293453	-0.1
ENSMUSG00000027950	Chrnb2	1436428_at	NA	0.299328079130493	0	NA	1.46748586973571	0.1
ENSMUSG00000027951	Adar	1434268_at	NA	1.34380537835493	0.2	NA	0.602129288731413	0.1
ENSMUSG00000027955	Gask1b	1429637_at	NA	0.304304706894602	0	0.260265534825632	-1.47688562620295	-0.2
ENSMUSG00000027957	Slc35a3	1429648_at	0.410938378668863	1.1381736576603	0.3	0.0367268283018464	3.13619515396503	0.5
ENSMUSG00000027959	Sass6	1453490_at	NA	-1.30208286768902	-0.2	NA	0.178686420826798	0
ENSMUSG00000027961	Lrrc39	1453592_at	NA	-0.730002981235949	-0.1	NA	0.116851783799316	0
ENSMUSG00000027962	Vcam1	1436003_at	NA	1.01456803777759	0.1	NA	-0.695211913018409	-0.1
ENSMUSG00000027971	Ndst4	1431452_at	NA	-0.807150580932569	-0.1	NA	0.434289243150179	0
ENSMUSG00000027973	1700006A11Rik	1431967_at	NA	-0.680851042448616	-0.1	NA	1.09242766516323	0.1
ENSMUSG00000027977	Ndst3	1443277_at	NA	0.468332979763861	0.1	NA	-0.376694665424489	0
ENSMUSG00000027983	Cyp2u1	1453500_at	NA	0.0246032015998206	0	NA	0.393621276089828	0
ENSMUSG00000027985	Lef1	1454734_at	NA	2.26989426670563	0.3	NA	0.216819021481739	0
ENSMUSG00000027993	Trim2	1459860_x_at	0.254892723446263	1.72879822754759	0.7	0.0151898681444609	3.94930569255855	1
ENSMUSG00000027997	Casp6	1458715_at	NA	-1.29859627288227	-0.1	NA	1.50706752096966	0.1
ENSMUSG00000028003	Lrat	1444487_at	NA	-1.2070450428443	-0.1	NA	-1.95847619032395	-0.1
ENSMUSG00000028007	Snx7	1428527_at	NA	0.323242067227581	0.1	0.00252029109368238	5.77811300772819	0.7
ENSMUSG00000028009	1700061I17Rik	1430405_at	0.52978427780126	-0.827814357851126	-0.2	NA	0.112900252016915	0
ENSMUSG00000028011	Tdo2	1455770_at	NA	0.64428112941779	0.1	NA	0.28542243802217	0
ENSMUSG00000028015	Ctso	1433501_at	0.0547575609230439	3.2864368286321	0.7	0.00533077315793051	4.90992337689173	0.4
ENSMUSG00000028016	Ints12	1428985_at	0.267486692347574	-1.66516438911176	-0.4	0.802757278451489	0.341589145082188	0
ENSMUSG00000028018	Gstcd	1429395_at	NA	0.745026809410631	0.1	0.303296325739797	1.33922971657622	0.2
ENSMUSG00000028020	Glrb	1459850_x_at	NA	3.15824283493423	0.4	0.0432089907419586	3.00212660167914	0.3
ENSMUSG00000028028	Alpk1	1431733_at	NA	-1.34053779326537	-0.2	NA	-1.06457452062078	-0.1
ENSMUSG00000028030	Tbck	1441980_at	NA	1.17857514575927	0.2	0.116282510055267	2.18263291943216	0.2
ENSMUSG00000028033	Kcnq5	1457587_at	NA	-1.1136931649429	-0.1	NA	0.198572337386066	0
ENSMUSG00000028034	Fubp1	1442109_at	NA	1.2406661758541	0.2	NA	-0.326750504759997	0
ENSMUSG00000028035	Dnajb4	1439524_at	NA	1.20124149051983	0.1	NA	0.426070936114916	0
ENSMUSG00000028036	Ptgfr	1446331_at	NA	1.33689066668378	0.2	NA	0.287499559415202	0
ENSMUSG00000028039	Efna3	1455344_at	NA	1.24318120485293	0.2	NA	-0.682033237198076	-0.1
ENSMUSG00000028060	Khdc4	1440854_at	NA	-0.709242712813459	-0.1	NA	0.137242045930571	0
ENSMUSG00000028063	Lmna	1457670_s_at	0.0330130844748512	3.85579592390253	0.8	0.168005739522018	-1.85989188597905	-0.2
ENSMUSG00000028068	Iqgap3	1459405_at	NA	1.00087950878545	0.1	NA	0.796408708157517	0.1
ENSMUSG00000028070	Naxe	1415727_at	NA	1.69091762120768	0.3	0.103177795320981	2.28045827012774	0.3
ENSMUSG00000028072	Ntrk1	1443990_at	NA	-1.56648486662548	-0.2	NA	-2.67801619852856	-0.2
ENSMUSG00000028073	Pear1	1445223_at	NA	-0.525522665817283	-0.1	NA	-1.90341674219868	-0.2
ENSMUSG00000028078	Dclk2	1458488_at	NA	0.809426741329326	0.1	NA	-0.319264092883512	0
ENSMUSG00000028088	Fmo5	1440899_at	0.018993900121803	4.50461275319667	0.6	NA	-0.315292593981836	0
ENSMUSG00000028100	Nudt17	1452995_at	NA	-1.81818888441813	-0.3	NA	-0.493009783805801	0
ENSMUSG00000028106	Rprd2	1438028_at	0.250555552659268	1.74312585091353	0.4	NA	0.403455702866439	0
ENSMUSG00000028114	Mettl14	1454751_at	NA	-0.452671349025955	0	0.472540331780287	-0.940196062160649	-0.1
ENSMUSG00000028121	Bcar3	1431564_at	NA	0.768890372840817	0.1	NA	-0.57238609771802	0
ENSMUSG00000028124	Gclm	1439050_at	NA	0.546644423008602	0.1	NA	-1.81964436152554	-0.1
ENSMUSG00000028127	Abcd3	1443046_at	NA	1.44950792880818	0.2	NA	-0.850323611110975	-0.1
ENSMUSG00000028132	Tmem56	1431404_at	NA	-2.38438804627494	-0.3	NA	0.0144695051750076	0
ENSMUSG00000028136	Snx27	1433614_at	NA	1.82420159966268	0.3	0.239540069847859	1.55406402010147	0.2
ENSMUSG00000028137	Celf3	1452851_at	NA	2.31063172345223	0.3	NA	0.698040614412525	0.1
ENSMUSG00000028138	Adh5	1443380_at	NA	-1.82434201305321	-0.2	NA	0.0133877442457203	0
ENSMUSG00000028139	Riiad1	1429419_at	NA	0.934672995851352	0.1	NA	-0.323451945160293	0
ENSMUSG00000028140	Mrpl9	1437749_s_at	NA	-0.0334259196222098	0	0.204153989027311	1.69619188747247	0.2
ENSMUSG00000028141	Oaz3	1437011_x_at	NA	-1.31743984605355	-0.2	NA	-0.80447539063807	-0.1
ENSMUSG00000028145	Them4	1431140_at	NA	1.07469071877783	0.2	NA	1.04937154979391	0.1
ENSMUSG00000028148	Them5	1431211_s_at	NA	-0.724993901663921	-0.1	NA	1.2314646394954	0.1
ENSMUSG00000028152	Tspan5	1447245_at	NA	-0.322029208260883	0	NA	-1.70631259062326	-0.1
ENSMUSG00000028158	Mttp	1443951_at	NA	0.69634345181168	0.1	NA	0.957921279127766	0.1
ENSMUSG00000028165	Cisd2	1428441_at	NA	1.39752658460973	0.2	NA	-0.69102756203833	-0.1
ENSMUSG00000028167	Bdh2	1453011_at	NA	0.566908412870334	0.1	0.00063612663975333	7.31444494480778	0.8
ENSMUSG00000028172	Tacr3	1440803_x_at	NA	0.0805676678796799	0	NA	-1.14676227629914	-0.1
ENSMUSG00000028177	1810013D15Rik	1454271_at	NA	-0.617849456406378	-0.1	NA	0.139412766083238	0
ENSMUSG00000028182	Lrriq3	1432122_at	NA	1.2129687243479	0.1	NA	-0.262392875949826	0
ENSMUSG00000028184	Adgrl2	1434111_at	0.012298509686752	5.08979754234505	0.8	0.00029337736596003	8.81635532247901	1
ENSMUSG00000028187	Rpf1	1459573_at	NA	0.738360048225832	0.1	NA	0.0479645801556478	0
ENSMUSG00000028188	Spata1	1429662_at	NA	0.684997844420048	0.1	NA	0.811356039859002	0.1
ENSMUSG00000028189	Ctbs	1429943_at	NA	1.11147052435536	0.1	0.280464237236444	1.41611371422723	0.2
ENSMUSG00000028194	Ddah1	1454995_at	0.0474556480516993	3.44499981880443	0.7	0.00735487276431332	-4.5801902831956	-0.5
ENSMUSG00000028197	Col24a1	1453418_at	NA	1.13245177402474	0.1	NA	-0.745022660347114	-0.1
ENSMUSG00000028207	Asph	1436455_at	NA	-0.802467136030002	-0.1	NA	-0.670728413872211	-0.1
ENSMUSG00000028218	Fam92a	1441212_at	NA	1.71901248754498	0.3	0.941604542976875	-0.106248799578534	0
ENSMUSG00000028222	Calb1	1456934_at	NA	0.144653282663455	0	NA	2.03149259878812	0.2
ENSMUSG00000028226	Mmp16	1440161_at	NA	0.473005512927181	0	NA	-0.501727630072499	0
ENSMUSG00000028228	Cpne3	1428514_at	NA	2.74685974925869	0.4	NA	1.45264820010669	0.1
ENSMUSG00000028229	Rmdn1	1460155_at	NA	-0.850922157746286	-0.1	NA	0.0668411340327804	0
ENSMUSG00000028236	Sdr16c5	1440523_at	NA	-1.352430195622	-0.2	NA	0.662247784395728	0.1
ENSMUSG00000028238	Atp6v0d2	1434798_at	NA	0.133559860910818	0	NA	-0.981763326585363	-0.1
ENSMUSG00000028243	Ubxn2b	1439932_at	NA	2.64918059153384	0.3	0.183071120908476	1.78810002359912	0.2
ENSMUSG00000028246	Faxc	1431257_at	NA	-0.298564434806588	0	NA	0.0627025089315394	0
ENSMUSG00000028248	Pnisr	1429537_at	NA	0.23389107156077	0	NA	-1.14173371056133	-0.1
ENSMUSG00000028249	Sdcbp	1430528_at	NA	0.56636518735209	0.1	NA	-1.92419050075802	-0.1
ENSMUSG00000028251	Tstd3	1428897_at	0.0893349051858158	2.79074636507499	0.6	0.00728622689578626	4.5887845991896	0.7
ENSMUSG00000028262	Clca3a2	1437578_at	NA	-0.273972737955463	0	NA	-0.270873907437026	0
ENSMUSG00000028264	Spaca1	1429571_a_at	NA	0.424245078582299	0	NA	0.134196892017056	0
ENSMUSG00000028271	Gtf2b	1438066_at	NA	0.266947280360702	0	NA	0.264745536850538	0
ENSMUSG00000028278	Rragd	1434909_at	0.47863586571348	0.956098985274757	0.2	0.0686338318653612	2.60743589983391	0.4
ENSMUSG00000028284	Map3k7	1458787_at	NA	0.58258906798545	0.1	NA	-0.782034762139862	-0.1
ENSMUSG00000028287	1700009N14Rik	1429747_at	NA	-0.144319776021315	0	NA	-0.672021177855108	-0.1
ENSMUSG00000028289	Epha7	1443485_at	NA	1.35749193897307	0.1	NA	0.20114605094897	0
ENSMUSG00000028294	Cfap206	1429851_at	NA	-0.284099222586632	0	NA	-1.15335691636804	-0.1
ENSMUSG00000028309	Rnf20	1444146_at	NA	1.65752446873887	0.2	NA	0.257467012967816	0
ENSMUSG00000028310	Ppp3r2	1437535_at	NA	-1.97990014987551	-0.2	NA	0.305340911177178	0
ENSMUSG00000028312	Smc2	1429659_at	NA	1.11710311905168	0.1	NA	0.955059654492677	0.1
ENSMUSG00000028322	Exosc3	1431502_a_at	0.353119684394257	1.34778922882538	0.3	NA	-1.25075343273083	-0.1
ENSMUSG00000028327	Stra6l	1453234_at	NA	0.670836982006976	0.1	NA	-1.77474369466713	-0.1
ENSMUSG00000028331	Trmo	1452873_at	NA	-1.0988748848662	-0.1	NA	-2.05414100311906	-0.2
ENSMUSG00000028341	Nr4a3	1438796_at	0.0808221292664032	-2.8913177760406	-0.5	0.4777738305744	-0.927716181780891	-0.1
ENSMUSG00000028344	Invs	1444709_at	NA	-0.323212123197572	0	NA	-1.37061819597355	-0.1
ENSMUSG00000028357	Kif12	1453193_s_at	NA	-1.73641573481728	-0.2	NA	-0.957039818961958	-0.1
ENSMUSG00000028358	Zfp618	1454087_at	NA	-1.35416783698288	-0.2	NA	-1.19722155584736	-0.1
ENSMUSG00000028370	Pappa	1432591_at	NA	1.3966873230505	0.2	NA	-0.773141883915534	-0.1
ENSMUSG00000028385	Snx30	1456479_at	NA	0.790960730591418	0.1	NA	0.514876026408028	0
ENSMUSG00000028386	Slc46a2	1456297_at	NA	-1.16520683360516	-0.1	NA	-0.388395815361247	0
ENSMUSG00000028391	Wdr31	1459664_at	NA	1.06633553061974	0.2	NA	0.672837729867923	0.1
ENSMUSG00000028396	2310002L09Rik	1432420_a_at	NA	-0.540954382320172	-0.1	NA	-1.39262224376952	-0.1
ENSMUSG00000028399	Ptprd	1459173_at	NA	-0.984235192577062	-0.2	NA	-0.568061475825293	-0.1
ENSMUSG00000028402	Mpdz	1442978_at	NA	0.733525046746701	0.1	NA	-0.470493669984992	0
ENSMUSG00000028403	Zdhhc21	1435104_at	NA	2.80803208379954	0.4	NA	-2.34008389848688	-0.2
ENSMUSG00000028414	Fktn	1435801_at	NA	1.17527810123237	0.2	0.243067105245761	1.54254659113432	0.2
ENSMUSG00000028423	Nfx1	1442397_at	NA	-1.11013125819361	-0.1	NA	-0.529086414296701	0
ENSMUSG00000028426	Rad23b	1455420_at	NA	0.311408572128509	0	NA	-0.298064830241914	0
ENSMUSG00000028434	Epb41l4b	1456570_at	NA	0.272987849205329	0	NA	-1.03828447542974	-0.1
ENSMUSG00000028436	Dcaf12	1429392_at	NA	0.863992312804499	0.2	NA	0.884210182543856	0.1
ENSMUSG00000028438	Kif24	1431937_at	NA	0.792248776247411	0.1	NA	-2.04887868892473	-0.2
ENSMUSG00000028439	Fam219a	1436150_at	NA	2.66707236926096	0.3	NA	1.53939790134857	0.1
ENSMUSG00000028441	1110017D15Rik	1429471_at	NA	-2.3555950269575	-0.3	NA	-1.79276857617042	-0.2
ENSMUSG00000028445	Enho	1452893_s_at	0.0014041076313761	9.68591350604008	1.2	0.0438565523862257	2.98187005397655	0.3
ENSMUSG00000028456	Unc13b	1443308_at	NA	-0.250660260973615	0	NA	-1.92652964737399	-0.2
ENSMUSG00000028465	Tln1	1457782_at	NA	-0.469320523220015	-0.1	0.228640062408028	1.59449650193653	0.2
ENSMUSG00000028468	Rgp1	1434338_at	NA	1.44832574100293	0.3	0.117204123331906	2.17207372635604	0.2
ENSMUSG00000028475	Spaar	1452993_at	NA	0.550216177222447	0.1	NA	-0.916929173612238	-0.1
ENSMUSG00000028479	Gne	1455583_at	NA	0.585107643942955	0.1	NA	-0.131999161174635	0
ENSMUSG00000028483	Snapc3	1457731_at	NA	0.761491609234707	0.1	NA	0.164873494052108	0
ENSMUSG00000028487	Bnc2	1438861_at	NA	1.9877060664806	0.3	0.0199585934677064	-3.6924757994774	-0.3
ENSMUSG00000028492	Saxo1	1453506_at	NA	-0.20118257917221	0	NA	1.20638229246157	0.1
ENSMUSG00000028496	Mllt3	1429205_at	0.11008262655636	2.56625112913636	0.4	NA	-0.420619641073198	0
ENSMUSG00000028514	Usp24	1452868_at	0.608269887402004	0.659638537124691	0.2	NA	-0.762272766716718	-0.1
ENSMUSG00000028518	Prkaa2	1429463_at	NA	1.85251555446541	0.2	NA	-0.615059189325078	-0.1
ENSMUSG00000028520	4921539E11Rik	1453440_at	NA	-0.865538680848644	-0.1	0.0622283640712966	-2.69843329791942	-0.3
ENSMUSG00000028521	Slc35d1	1445629_at	NA	1.41997102963204	0.2	NA	1.38627653470397	0.1
ENSMUSG00000028522	Mier1	1433755_at	NA	1.80974163365377	0.2	0.719634360834177	0.485897316304332	0.1
ENSMUSG00000028524	Sgip1	1431300_at	NA	0.789467858290961	0.1	NA	1.18288998136238	0.1
ENSMUSG00000028525	Pde4b	1444731_at	NA	0.593894720108297	0.1	NA	-1.41276659917307	-0.1
ENSMUSG00000028528	Dnajc6	1433596_at	NA	1.27242639784936	0.2	NA	-1.36298274550015	-0.1
ENSMUSG00000028533	Izumo3	1429807_at	NA	-0.0946375512930615	0	0.237052458009638	-1.56248209435314	-0.2
ENSMUSG00000028544	Slc5a9	1440779_s_at	0.470734346486386	-0.977529049100712	-0.4	NA	-0.55978535504628	0
ENSMUSG00000028545	Bend5	1435351_at	NA	-0.499961973513535	-0.1	NA	-1.0382608603915	-0.1
ENSMUSG00000028549	Itgb3bp	1459472_at	NA	0.535152626279114	0.1	NA	-0.927685298331477	-0.1
ENSMUSG00000028550	Atg4c	1434014_at	NA	1.12216336066113	0.2	NA	1.14303146652209	0.1
ENSMUSG00000028552	Eps15	1440729_at	NA	-0.077452310322379	0	NA	-0.813697484069762	-0.1
ENSMUSG00000028555	Ttc39a	1455162_at	NA	0.170667981134523	0	NA	1.45989152164755	0.1
ENSMUSG00000028557	Rnf11	1442048_at	NA	-0.539073240868872	-0.1	NA	-0.931939221905813	-0.1
ENSMUSG00000028559	Osbpl9	1445627_at	NA	-2.36689360682109	-0.3	0.443065975932809	-1.00360408675133	-0.1
ENSMUSG00000028565	Nfia	1456087_at	NA	-0.979513564952023	-0.2	NA	0.68640296219474	0
ENSMUSG00000028567	Txndc12	1415738_at	NA	0.727749376295668	0.1	0.0453834268828742	2.95341256662243	0.3
ENSMUSG00000028572	Hook1	1438018_at	NA	2.13352213276161	0.3	0.984800713564187	0.0301599371438359	0
ENSMUSG00000028575	Eqtn	1454192_at	NA	-0.676774972867826	-0.1	NA	-0.452922993892319	0
ENSMUSG00000028577	Plaa	1435001_at	0.353119684394257	1.34895396729469	0.4	0.205305088474675	-1.69029615639167	-0.2
ENSMUSG00000028582	Cc2d1b	1433861_at	NA	-0.362268813556398	0	0.329919028475463	1.26392148306486	0.1
ENSMUSG00000028584	Lrrc38	1439491_at	NA	-0.728709512770621	-0.1	NA	0.294197198065556	0
ENSMUSG00000028587	Orc1	1443172_at	NA	0.0395072391353175	0	NA	-0.155135062993619	0
ENSMUSG00000028589	1700012P22Rik	1453333_at	NA	0.901963011078749	0.1	NA	-1.11535516517635	-0.1
ENSMUSG00000028590	Pramef12os	1454249_at	NA	0.630320383030911	0.1	NA	-0.481232775721265	0
ENSMUSG00000028591	Pramef12	1428459_at	NA	-0.013910778300606	0	NA	-0.135167548788066	0
ENSMUSG00000028600	Podn	1435180_at	NA	1.16753050427499	0.2	NA	-0.460960773893506	0
ENSMUSG00000028608	Czib	1429879_at	NA	1.47821587092418	0.2	NA	0.998923296689237	0.1
ENSMUSG00000028612	Lrp8os1	1432518_at	NA	-1.42304620829252	-0.3	NA	-2.010795382004	-0.1
ENSMUSG00000028613	Lrp8	1440882_at	NA	2.57800003040792	0.3	NA	-1.22914376522584	-0.1
ENSMUSG00000028614	Ndc1	1433813_at	NA	1.70029839802071	0.2	NA	-1.39825050960743	-0.1
ENSMUSG00000028619	Tceanc2	1431067_at	NA	-0.823624070086145	-0.1	NA	0.620574977563065	0.1
ENSMUSG00000028629	Exo5	1428903_at	0.0057769782894976	6.43796350051515	0.7	0.0138257738787862	4.05854573575554	0.4
ENSMUSG00000028630	Dyrk2	1428637_at	0.941395424707568	-0.101476783507614	0	0.850229690936772	-0.264395159492873	0
ENSMUSG00000028631	Kcnq4	1435721_at	0.905484664881062	0.163606544232857	0	0.80792986768649	-0.33354386208	0
ENSMUSG00000028634	Hivep3	1439660_at	NA	0.263272234528135	0	NA	0.106016642314106	0
ENSMUSG00000028637	Ccdc30	1430190_at	NA	-0.509519582126724	-0.1	NA	0.955869214030651	0.1
ENSMUSG00000028646	Rragc	1415749_a_at	NA	1.9171366464923	0.3	0.00576084790865456	4.82194789301219	0.4
ENSMUSG00000028655	Mfsd2a	1428223_at	0.0830099081828223	2.86819518256476	0.6	0.0424859781409883	-3.01629169905542	-0.4
ENSMUSG00000028677	Rnf220	1415717_at	NA	-0.0131222314196255	0	NA	1.47675632514119	0.1
ENSMUSG00000028681	Ptch2	1457256_x_at	NA	0.767119041467726	0.1	NA	1.04337604474725	0.1
ENSMUSG00000028683	Eif2b3	1434524_at	NA	-2.20751054845995	-0.4	NA	-0.19241394525555	0
ENSMUSG00000028684	Urod	1443849_x_at	NA	0.57747643866491	0.1	0.0211572089077957	-3.63727162244275	-0.3
ENSMUSG00000028689	Ccdc163	1453639_s_at	NA	1.76614875347281	0.2	0.603155828593776	0.69340003535708	0.1
ENSMUSG00000028693	Nasp	1457113_at	NA	0.0405318808260313	0	NA	0.266845089110951	0
ENSMUSG00000028698	Pik3r3	1456482_at	0.0240917599822383	4.20514252770272	0.7	0.00728622689578626	4.58969444942998	0.5
ENSMUSG00000028700	Pomgnt1	1443679_at	NA	-0.478586571658428	-0.1	NA	-0.857700444294626	-0.1
ENSMUSG00000028701	Lurap1	1430613_at	NA	1.93602689523502	0.2	NA	-1.55678736534125	-0.1
ENSMUSG00000028702	Rad54l	1453926_at	NA	2.17394070153993	0.3	NA	-1.74578712205726	-0.1
ENSMUSG00000028703	Lrrc41	1459446_at	NA	0.393117457855172	0.1	NA	0.80570583425239	0.1
ENSMUSG00000028706	Nsun4	1445570_at	NA	-0.0989207222849721	0	NA	2.67849941150531	0.2
ENSMUSG00000028709	Mob3c	1440919_at	NA	1.90773838647249	0.3	NA	-0.576706105327705	0
ENSMUSG00000028710	Atpaf1	1436358_at	NA	0.711236535335443	0.1	NA	0.370526719058332	0
ENSMUSG00000028712	Cyp4a31	1440134_at	NA	-0.860155880966195	-0.1	NA	0.432805972231678	0
ENSMUSG00000028719	Cmpk1	1440308_at	NA	2.15526283624712	0.4	NA	0.405016502420794	0
ENSMUSG00000028730	Cfap57	1429808_at	NA	0.29387015250564	0	NA	-0.646990631132984	-0.1
ENSMUSG00000028736	Pax7	1444596_at	0.00482069958664527	7.35814124764048	1	NA	0.0313146974184443	0
ENSMUSG00000028743	Akr7a5	1458300_at	NA	-0.375066892819026	0	NA	-0.926967064005144	-0.1
ENSMUSG00000028756	Pink1	1441937_s_at	0.262376870008229	-1.68671218307851	-0.4	NA	0.727314805102971	0.1
ENSMUSG00000028759	Hp1bp3	1415751_at	NA	1.60614395691108	0.2	NA	1.77443735992416	0.2
ENSMUSG00000028760	Eif4g3	1446145_at	NA	0.905114174236732	0.1	NA	-1.13975115856288	-0.1
ENSMUSG00000028772	Zcchc17	1446066_at	NA	1.22677542100546	0.2	NA	-0.0834459118412203	0
ENSMUSG00000028778	Hcrtr1	1436295_at	NA	-0.348373528050801	-0.1	NA	1.18777911610977	0.1
ENSMUSG00000028780	Sema3c	1429348_at	NA	-0.504508783219589	-0.1	0.462601036343829	-0.96249022472563	-0.1
ENSMUSG00000028782	Adgrb2	1435558_at	NA	-0.790801887514504	-0.1	NA	-1.35303299819142	-0.1
ENSMUSG00000028789	Azin2	1444585_at	NA	1.22331470034741	0.2	NA	0.371109658634188	0
ENSMUSG00000028795	Ccdc28b	1430090_at	NA	0.532260661503802	0.1	NA	-0.782735489453485	-0.1
ENSMUSG00000028797	Tmem234	1415763_a_at	NA	0.57202470245317	0.1	0.902905282509766	0.173785423805407	0
ENSMUSG00000028801	Stpg1	1454096_a_at	NA	0.84519022678423	0.1	NA	-0.412672206517221	0
ENSMUSG00000028803	Nipal3	1434315_at	NA	1.80185182434206	0.2	NA	-0.536210617231401	0
ENSMUSG00000028804	Csmd2	1457148_at	NA	1.02157490660453	0.1	NA	-0.46859724441866	0
ENSMUSG00000028809	Srrm1	1447447_s_at	NA	1.7101588421936	0.3	0.53537584612558	-0.816696374750466	-0.1
ENSMUSG00000028811	Yars	1444490_at	NA	1.29867901698893	0.2	NA	0.353474645917985	0
ENSMUSG00000028822	Tmem50a	1453155_at	NA	0.735580753714871	0.1	0.0968977814430973	2.33805556257341	0.3
ENSMUSG00000028826	Maco1	1428884_at	NA	-0.565229479234678	-0.1	NA	-0.00883839490399499	0
ENSMUSG00000028834	Trim63	1438704_at	NA	-0.477755981698043	-0.1	0.435476490377873	-1.02159894861429	-0.1
ENSMUSG00000028840	Zfp593	1447703_x_at	NA	-1.14810681328368	-0.2	0.0670787580598129	-2.63168256380767	-0.3
ENSMUSG00000028841	Cnksr1	1455399_at	NA	1.92492102371292	0.2	NA	0.507506752863619	0
ENSMUSG00000028842	Ago3	1441089_at	NA	0.225797464783249	0	NA	-0.566249572275864	0
ENSMUSG00000028850	Gpatch3	1440406_at	NA	0.228530027332166	0	NA	-1.82136489606405	-0.1
ENSMUSG00000028861	Mrps15	1430100_at	NA	-0.0522380245695421	0	NA	0.861253794296559	0.1
ENSMUSG00000028863	Meaf6	1432447_a_at	NA	0.898883387722667	0.1	0.536323876187778	-0.814386091409404	-0.1
ENSMUSG00000028865	Cd164l2	1429602_at	NA	0.355524261990669	0	NA	0.701889764390146	0.1
ENSMUSG00000028868	Wasf2	1438683_at	NA	1.83424970550825	0.3	0.0309933805432624	3.27837693196634	0.3
ENSMUSG00000028873	Cdca8	1436847_s_at	0.0202170458379908	4.42591512270607	1.7	0.00148998314304318	-6.30736775869723	-0.5
ENSMUSG00000028874	Fgr	1442804_at	NA	-1.26192556734939	-0.2	NA	0.0406142386580997	0
ENSMUSG00000028876	Epha10	1436093_at	NA	-0.641319731770357	-0.1	NA	-1.48500817012743	-0.1
ENSMUSG00000028879	Stx12	1435982_at	NA	0.960606568413329	0.2	NA	2.06276037407125	0.2
ENSMUSG00000028886	Eya3	1435443_at	NA	0.787091316849711	0.1	NA	0.719598908863835	0.1
ENSMUSG00000028890	Mtf1	1428979_at	NA	-0.312465795552274	-0.1	NA	2.46563352600289	0.2
ENSMUSG00000028898	Trnau1ap	1428747_at	0.0112307884498978	5.19503131196137	0.8	NA	0.883810570102617	0.1
ENSMUSG00000028901	Gmeb1	1442601_at	NA	-1.48583849707455	-0.2	NA	1.11618948016556	0.1
ENSMUSG00000028906	Epb41	1430369_at	NA	1.30088994500133	0.1	NA	-1.86920722473399	-0.2
ENSMUSG00000028907	Utp11	1459944_at	NA	-0.0807182751673425	0	NA	-0.829534686976815	-0.1
ENSMUSG00000028909	Ptpru	1446638_at	NA	0.246218474262734	0	NA	0.737444808086517	0.1
ENSMUSG00000028910	Mecr	1440553_at	NA	0.11612103251734	0	NA	-0.993104938317737	-0.1
ENSMUSG00000028917	Plekhm2	1437740_at	NA	1.9384022530608	0.2	NA	0.685504749704248	0.1
ENSMUSG00000028919	Arhgef19	1437629_at	0.0354033936451117	3.77031817752959	0.5	0.0157600528828096	3.90977358439682	0.5
ENSMUSG00000028920	Fbxo42	1435356_at	NA	1.49672912080806	0.2	NA	1.6838598925707	0.1
ENSMUSG00000028932	Psmc2	1443307_at	NA	-1.70855316300086	-0.2	NA	0.869176370482867	0.1
ENSMUSG00000028944	Prkag2	1431263_at	NA	-0.926724205190601	-0.1	NA	0.253612431889152	0
ENSMUSG00000028948	Nol9	1455330_at	NA	0.410083252607135	0.1	NA	-3.16761408825925	-0.2
ENSMUSG00000028957	Per3	1442243_at	NA	-0.147596085643507	0	NA	-0.50828908133644	0
ENSMUSG00000028977	Casz1	1442010_at	NA	-0.454782184667003	-0.1	NA	-1.90089903283999	-0.2
ENSMUSG00000028990	Lzic	1429307_s_at	NA	-1.98408891106255	-0.3	NA	1.19727431846205	0.1
ENSMUSG00000028999	Rint1	1431147_at	NA	1.46128021012786	0.2	NA	-0.468177075847073	0
ENSMUSG00000029001	Fbxo44	1434455_at	NA	0.611893694385418	0.1	NA	0.469106089523391	0
ENSMUSG00000029004	Kmt2e	1439108_at	0.0969059182691872	2.69435350774914	0.7	0.0387103428515392	3.0912432749077	0.3
ENSMUSG00000029005	Draxin	1432152_at	NA	-0.520253103962592	-0.1	NA	-0.996733464041913	-0.1
ENSMUSG00000029016	Clcn6	1455440_at	0.0547575609230439	3.28667644191285	0.5	0.0596384471028599	2.73028994877613	0.3
ENSMUSG00000029028	Lrrc47	1428451_at	NA	0.209744019631245	0	NA	-1.27795346138485	-0.1
ENSMUSG00000029033	Acap3	1439021_at	NA	1.018033620597	0.1	NA	1.16554555457098	0.1
ENSMUSG00000029044	4930584F24Rik	1430016_at	NA	0.725194669779901	0.1	NA	-0.540171749746556	0
ENSMUSG00000029047	Pex10	1456646_at	NA	-1.1527558410648	-0.1	0.253736111708144	1.5026436976743	0.2
ENSMUSG00000029049	Morn1	1430609_at	NA	1.22609978824195	0.1	0.299427722353459	-1.35300941041035	-0.1
ENSMUSG00000029050	Ski	1429192_at	0.0268408817632328	4.06924884227757	0.7	0.0260973563939069	3.43306857731751	0.4
ENSMUSG00000029053	Prkcz	1454902_at	NA	-0.456250097377385	-0.1	NA	-1.25778790257329	-0.1
ENSMUSG00000029055	Plch2	1436335_at	NA	-0.75926104191803	-0.1	NA	0.866668786043944	0.1
ENSMUSG00000029056	Pank4	1435004_at	NA	0.517850106277158	0.1	NA	0.518316470248525	0
ENSMUSG00000029074	Ttll10	1442762_at	NA	-1.05974069750906	-0.1	NA	-1.63615884700556	-0.1
ENSMUSG00000029076	Sdf4	1455584_at	0.119860464479907	2.47566262362171	0.5	0.0889870519815168	2.4068228653701	0.2
ENSMUSG00000029088	Kcnip4	1437631_at	NA	-0.578953601029324	-0.1	NA	-0.864295070720814	-0.1
ENSMUSG00000029089	5730480H06Rik	1430665_at	NA	0.418538358069758	0.1	NA	-0.310717687668648	0
ENSMUSG00000029090	Adgra3	1431034_at	NA	0.0237311828001954	0	NA	0.0292082837458915	0
ENSMUSG00000029092	D5Ertd615e	1431628_at	0.461549313950817	-1.00487764672246	-0.2	NA	-0.552860230032272	0
ENSMUSG00000029094	Afap1	1436729_at	0.0485472212400029	3.41613963915514	0.7	0.416345740804822	1.06253021786035	0.1
ENSMUSG00000029095	Ablim2	1455313_at	NA	-2.42788129308261	-0.3	NA	-0.696164711699003	-0.1
ENSMUSG00000029098	Acox3	1437352_at	NA	1.38362718113593	0.2	NA	0.987466594507005	0.1
ENSMUSG00000029101	Rgs12	1453129_a_at	0.0551257039654411	3.27734511139888	0.5	0.198963782164087	-1.71928734098537	-0.2
ENSMUSG00000029104	Htt	1456667_at	NA	0.0226888828092866	0	NA	-1.07549355708075	-0.1
ENSMUSG00000029108	Pcdh7	1437442_at	NA	3.43995709239149	0.4	0.247038937737282	1.52764733702146	0.2
ENSMUSG00000029120	Ppp2r2c	1438671_at	NA	-0.761183900535994	-0.1	NA	-1.23578452688994	-0.1
ENSMUSG00000029123	Stk32b	1431236_at	NA	1.46208338604301	0.2	0.765950161292661	-0.404613895197262	0
ENSMUSG00000029125	Stx18	1443734_at	NA	0.88193153115774	0.1	NA	0.386991133943311	0
ENSMUSG00000029127	Zbtb49	1428627_at	NA	-0.631491672456161	-0.1	NA	1.34923271583402	0.1
ENSMUSG00000029134	Plb1	1431535_at	NA	1.0381808914401	0.2	NA	0.159324428272903	0
ENSMUSG00000029135	Fosl2	1437247_at	0.126584331225474	-2.42901281129781	-0.4	0.589808725024104	0.718000756261469	0.1
ENSMUSG00000029138	4930548H24Rik	1430659_at	NA	-1.7206084514219	-0.2	NA	0.181938582475663	0
ENSMUSG00000029141	Slc4a1ap	1443507_at	NA	0.67187997347192	0.1	NA	0.717354646846935	0.1
ENSMUSG00000029153	Ociad2	1453187_at	NA	-0.852845722482241	-0.1	NA	-0.374720708554944	0
ENSMUSG00000029155	Spata18	1430351_at	NA	-1.00552582391115	-0.1	NA	0.575993442614966	0
ENSMUSG00000029156	Sgcb	1436678_at	0.868431732204509	0.217569655549674	0.1	0.214078668253612	1.65392599921034	0.2
ENSMUSG00000029165	Agbl5	1458420_at	NA	0.081307922965404	0	NA	-0.393069399082273	0
ENSMUSG00000029168	Dpysl5	1441246_s_at	NA	0.587324300407403	0.1	NA	-0.32469958609909	0
ENSMUSG00000029173	Sepsecs	1435161_at	NA	0.22087813629025	0	NA	3.46053591529926	0.2
ENSMUSG00000029174	Tbc1d1	1447016_at	NA	1.45519912048752	0.2	NA	0.508450879776606	0
ENSMUSG00000029177	Cenpa	1444416_at	NA	0.644643195550039	0.1	NA	-0.589770222901736	0
ENSMUSG00000029178	Klf3	1441200_at	NA	-0.145297167638895	0	NA	-0.705606063169517	-0.1
ENSMUSG00000029179	Zcchc4	1429716_at	NA	-0.128642929229446	0	NA	-1.34862246871273	-0.1
ENSMUSG00000029182	1700001C02Rik	1432525_at	NA	1.6145003018624	0.2	NA	-1.91055429287082	-0.2
ENSMUSG00000029190	D5Ertd579e	1454680_at	NA	0.477174628094771	0.1	0.370499387718942	1.16028725126131	0.2
ENSMUSG00000029199	Lias	1447027_s_at	NA	0.422559206987579	0.1	0.00939208592446746	4.37995510211987	0.4
ENSMUSG00000029202	Pds5a	1442731_at	NA	-1.18094723200549	-0.1	NA	1.04105846431795	0.1
ENSMUSG00000029203	Ube2k	1443148_at	NA	0.478666719309242	0	NA	0.265841536816389	0
ENSMUSG00000029204	Rhoh	1441385_at	NA	-2.68096512035804	-0.3	NA	-1.78266389385968	-0.1
ENSMUSG00000029205	Chrna9	1438837_at	NA	0.221400300863375	0	NA	-0.131464286286173	0
ENSMUSG00000029206	Nsun7	1429572_at	0.414982135208344	-1.12946741107025	-0.5	NA	-0.395175624227945	0
ENSMUSG00000029208	Guf1	1455163_at	NA	0.983315785463843	0.2	NA	0.866623649339624	0.1
ENSMUSG00000029209	Gnpda2	1457230_at	NA	1.09813213043121	0.1	NA	0.665244687052599	0.1
ENSMUSG00000029211	Gabra4	1433707_at	NA	1.16440752351069	0.2	NA	0.810091640480375	0.1
ENSMUSG00000029212	Gabrb1	1443205_at	NA	-0.427613191893439	0	NA	-0.262799310394343	0
ENSMUSG00000029213	Commd8	1430129_a_at	0.408859035716762	1.1472819237966	0.2	0.00244370250622493	5.81601966173858	0.7
ENSMUSG00000029227	Fip1l1	1443586_at	NA	0.214654158841112	0	NA	-0.335611404377944	0
ENSMUSG00000029229	Chic2	1429050_at	0.598902461225755	0.678792683592843	0.2	0.00899158111789845	4.41963364709029	0.5
ENSMUSG00000029231	Pdgfra	1438946_at	0.47181409117115	0.973873806850999	0.2	0.101901443816715	2.29186003405137	0.2
ENSMUSG00000029234	Tmem165	1415741_at	0.117282042541304	2.49703893027727	0.4	0.0393311263350823	3.07766889070028	0.3
ENSMUSG00000029238	Clock	1435775_at	NA	0.837075519446163	0.2	0.54048180982989	-0.807835634440553	-0.1
ENSMUSG00000029245	Epha5	1444690_at	NA	0.784975500753243	0.1	NA	0.933929962264228	0.1
ENSMUSG00000029248	Thegl	1453483_at	NA	0.714006774474933	0.1	NA	0.033348747238441	0
ENSMUSG00000029249	Rest	1428227_at	0.679490127558535	0.524914518994111	0.1	0.400204951496535	1.0973887743124	0.2
ENSMUSG00000029254	Stap1	1443927_at	NA	-0.471877665263558	0	NA	-1.96179565404782	-0.2
ENSMUSG00000029263	Pigg	1444640_at	NA	0.812053201526466	0.1	NA	0.374542764400634	0
ENSMUSG00000029267	Mtf2	1445151_at	NA	-0.122109072005476	0	NA	-1.14644282154058	-0.1
ENSMUSG00000029270	Dipk1a	1429503_at	0.789325479115167	0.354735937645123	0.1	0.0333501632914512	3.21750496978602	0.3
ENSMUSG00000029282	Amtn	1453439_at	0.293942134962598	-1.54928645301678	-0.4	NA	0.518469489051251	0
ENSMUSG00000029287	Tgfbr3	1433795_at	NA	0.93379796529661	0.2	0.0802394071016052	2.49348464635159	0.2
ENSMUSG00000029291	Rufy3	1455027_at	NA	0.722776613692267	0.1	NA	-1.01110803581025	-0.1
ENSMUSG00000029298	Gbp9	1438027_at	NA	0.425538875545427	0.1	NA	0.0824292406649429	0
ENSMUSG00000029307	Dmp1	1443746_x_at	0.0423622577264991	3.58084916805709	0.7	0.957174384798719	0.0786096820575471	0
ENSMUSG00000029311	Hsd17b11	1443059_at	NA	0.890079744635284	0.1	NA	1.12741778148326	0.1
ENSMUSG00000029312	Klhl8	1454637_at	NA	0.264459597093341	0	0.17823441552267	1.80768671978035	0.2
ENSMUSG00000029314	Gpat3	1454799_at	0.0424820269796311	-3.56569191590023	-1	NA	-1.80462084227232	-0.2
ENSMUSG00000029320	1700016H13Rik	1453879_at	NA	1.84821174304718	0.2	0.496049540457278	0.892203101320483	0.1
ENSMUSG00000029328	Hnrnpdl	1456698_s_at	0.236312198366426	1.80942942489371	0.6	0.228329930692342	-1.59581726189472	-0.2
ENSMUSG00000029330	Cds1	1456114_at	NA	-1.01324547577137	-0.1	NA	-0.81006261569026	-0.1
ENSMUSG00000029331	4930522N08Rik	1432434_at	NA	-1.09497061416984	-0.2	NA	-1.30456569160559	-0.1
ENSMUSG00000029334	Prkg2	1435460_at	0.634767209020889	0.608175512353605	0.2	0.0599344102856191	-2.72672849285241	-0.3
ENSMUSG00000029337	Fgf5	1438883_at	NA	1.55325449490772	0.2	NA	-2.67290946581916	-0.2
ENSMUSG00000029348	Asphd2	1452958_at	NA	0.937520675830044	0.1	0.00387120066088518	5.20351159875531	0.4
ENSMUSG00000029360	Gm9754	1431807_at	NA	-0.426992178983639	-0.1	NA	-0.342564991391059	0
ENSMUSG00000029361	Nos1	1429887_at	NA	-1.21839257501339	-0.2	NA	0.898706295935607	0.1
ENSMUSG00000029364	Wsb2	1438129_at	NA	1.56126073253603	0.3	NA	0.0258519474684296	0
ENSMUSG00000029370	Rassf6	1429262_at	NA	0.484694589808578	0.1	NA	-1.26044431168146	-0.1
ENSMUSG00000029375	Cxcl15	1456428_at	NA	-1.29185728501904	-0.2	NA	-0.738466001328112	-0.1
ENSMUSG00000029376	Mthfd2l	1435488_at	NA	0.816623577689119	0.1	NA	0.00763137638012595	0
ENSMUSG00000029379	Cxcl3	1438148_at	NA	0.262992092075756	0	NA	-1.89987161989712	-0.2
ENSMUSG00000029380	Cxcl1	1457644_s_at	NA	0.110386577858713	0	0.000146158510210944	10.3909151022455	0.8
ENSMUSG00000029384	2010109A12Rik	1441950_s_at	NA	0.759510728439415	0.2	NA	-0.751284780247281	-0.1
ENSMUSG00000029389	Ddx55	1439023_at	NA	1.80719516963027	0.2	NA	2.5560941095829	0.2
ENSMUSG00000029392	Rilpl1	1447852_x_at	0.016885828050311	-4.63670035994348	-0.8	NA	1.2990619868809	0.1
ENSMUSG00000029402	Snrnp35	1430041_at	NA	-0.75092115477113	-0.1	NA	-1.77212065622673	-0.2
ENSMUSG00000029403	Cdkl2	1457625_s_at	NA	-0.150157297129997	0	NA	-0.55858634901085	-0.1
ENSMUSG00000029405	G3bp2	1415697_at	NA	2.63878233647908	0.4	NA	0.602021232306881	0
ENSMUSG00000029413	Naaa	1430819_at	NA	-1.1120501184579	-0.2	NA	0.737814614749799	0.1
ENSMUSG00000029414	Kntc1	1435575_at	0.0164800684718228	4.6942389752748	0.6	0.349906544964769	1.21251098951611	0.2
ENSMUSG00000029415	Sdad1	1437088_at	NA	0.345255709076038	0.1	NA	0.307483627627543	0
ENSMUSG00000029417	Cxcl9	1456907_at	NA	0.24721086407612	0	NA	-1.17668450110055	-0.1
ENSMUSG00000029419	Ajm1	1447412_at	NA	1.3760105995487	0.1	NA	-0.568659067378812	0
ENSMUSG00000029420	Rimbp2	1441625_at	NA	0.0662000565709577	0	NA	-0.151279210003113	0
ENSMUSG00000029422	Rsrc2	1442083_at	NA	2.45863838879672	0.3	NA	-0.67933182534943	-0.1
ENSMUSG00000029427	Zcchc8	1441639_at	NA	0.460828781684588	0.1	NA	0.235182115786303	0
ENSMUSG00000029432	Nipsnap2	1446137_at	NA	-0.0119083842863969	0	NA	0.0994579182190305	0
ENSMUSG00000029434	Vps33a	1434816_at	NA	0.110507145588509	0	0.674898963181564	0.566958803216159	0.1
ENSMUSG00000029437	Il31	1430001_at	NA	-1.44943519804415	-0.2	NA	0.0840373130392347	0
ENSMUSG00000029438	Bcl7a	1428207_at	NA	1.98890071496418	0.3	0.367349143402626	1.16962013987358	0.1
ENSMUSG00000029439	Sfswap	1433677_at	NA	1.8765716489984	0.2	NA	0.261300690359946	0
ENSMUSG00000029440	Psmd9	1447670_at	NA	-0.354196007638571	0	NA	0.289214623717422	0
ENSMUSG00000029442	Wdr66	1433063_at	NA	-0.219735410786907	0	NA	-1.83454813736728	-0.1
ENSMUSG00000029446	Psph	1415673_at	0.0112307884498978	-5.18004402456245	-0.9	0.0486375154728217	-2.89687619833318	-0.4
ENSMUSG00000029449	Rhof	1434794_at	NA	0.85402110308016	0.1	NA	-0.0864435032001319	0
ENSMUSG00000029451	Gm13103	1457274_at	NA	-1.73945407924567	-0.2	NA	-1.31085156371892	-0.1
ENSMUSG00000029455	Aldh2	1437410_at	NA	2.54676000429468	0.3	NA	0.397075259750157	0
ENSMUSG00000029461	Fam168a	1434375_at	0.257188680949137	1.7088232199924	0.4	0.0625922228688335	2.69141577339769	0.3
ENSMUSG00000029462	Vps29	1440641_at	NA	-0.5104076930282	-0.1	0.0884496271802976	2.41311836427687	0.2
ENSMUSG00000029466	Anapc7	1441713_at	NA	0.154071750995836	0	NA	-1.44991419861301	-0.1
ENSMUSG00000029468	P2rx7	1439787_at	NA	0.269946124537637	0	0.000889701942255112	6.8984234488543	0.5
ENSMUSG00000029469	Ift81	1442476_at	0.521508683653475	0.847408754057856	0.2	NA	-1.76077090220146	-0.1
ENSMUSG00000029470	P2rx4	1441772_at	NA	0.281027194261394	0	NA	-0.539758479416901	0
ENSMUSG00000029471	Camkk2	1455401_at	NA	1.91117624457867	0.3	NA	-0.103235304492501	0
ENSMUSG00000029480	Dhx37	1443493_at	NA	-1.61219677716338	-0.2	NA	-1.63095501333883	-0.1
ENSMUSG00000029501	Ankle2	1429082_at	NA	0.272559673270489	0	NA	-1.08983389483771	-0.1
ENSMUSG00000029502	Golga3	1449616_s_at	NA	1.31660565520397	0.2	0.13595994967865	2.03676959326668	0.2
ENSMUSG00000029503	P2rx2	1435212_at	NA	-0.3591980499396	-0.1	NA	-0.0566716982860017	0
ENSMUSG00000029505	Ep400	1447349_s_at	NA	1.32406731303404	0.2	NA	0.734461038366133	0.1
ENSMUSG00000029516	Cit	1458276_x_at	NA	0.294643609285646	0	NA	0.142640114754834	0
ENSMUSG00000029517	Ankrd7	1429605_at	NA	-0.496589514498859	-0.1	NA	0.707581021840928	0.1
ENSMUSG00000029518	Rab35	1433922_at	NA	-0.227265480471984	0	NA	1.367112335669	0.1
ENSMUSG00000029530	Ccr9	1436065_at	NA	-1.11090428682211	-0.1	NA	-0.782752824229839	-0.1
ENSMUSG00000029551	Psmg3	1430572_at	NA	-1.75694046584389	-0.2	NA	-1.35590373785384	-0.1
ENSMUSG00000029554	Mad1l1	1444755_at	NA	-0.400218793375363	-0.1	NA	-1.67151763442168	-0.1
ENSMUSG00000029560	Snx8	1454667_at	NA	-0.527382441227655	-0.1	NA	0.0994407572044873	0
ENSMUSG00000029563	Foxp2	1438232_at	NA	1.58181056140186	0.2	NA	-1.83241939338129	-0.1
ENSMUSG00000029564	4930519G04Rik	1431366_at	NA	0.999619799059172	0.1	NA	-1.72115547879783	-0.1
ENSMUSG00000029569	Tmem168	1432311_at	0.417547632453088	-1.12417837483518	-0.2	NA	-0.437443841794484	0
ENSMUSG00000029571	Tmem106b	1435074_at	0.260235469414206	1.69708439812634	0.5	0.0504640294515439	2.85896212284044	0.4
ENSMUSG00000029575	Mmab	1443498_at	NA	2.02121917394888	0.2	0.759612087140573	-0.413899591369707	0
ENSMUSG00000029576	Radil	1433523_at	NA	-0.431702364790642	-0.1	0.0327732001872392	3.23052458090494	0.4
ENSMUSG00000029578	Wipi2	1456999_at	NA	-2.07709729601299	-0.2	NA	-0.171929635062206	0
ENSMUSG00000029580	Actb	AFFX-b-ActinMur/M12481_3_at	NA	1.425206773118	0.2	NA	-0.333645344938876	0
ENSMUSG00000029587	Zfp12	1437023_at	NA	-0.0977079637291494	0	NA	1.83971258009838	0.1
ENSMUSG00000029591	Ung	1457922_at	NA	-0.527575202322502	-0.1	0.725453120650701	0.475021546592872	0.1
ENSMUSG00000029592	Usp30	1455598_at	0.218292129471078	1.89338637515382	0.4	NA	2.20928684483372	0.2
ENSMUSG00000029600	Rita1	1457119_at	NA	-1.72560100010771	-0.2	NA	-0.624846479439442	-0.1
ENSMUSG00000029601	Iqcd	1453305_at	NA	-1.37157666508757	-0.2	NA	-1.24331941657847	-0.1
ENSMUSG00000029608	Rph3a	1434635_at	NA	-0.341448082695806	0	NA	-0.285048081971267	0
ENSMUSG00000029613	Eif2ak1	1436006_at	NA	1.70509976402948	0.2	0.134249812823066	2.05084338929926	0.2
ENSMUSG00000029629	Phf14	1453271_at	0.62564603712708	0.623979890045936	0.2	0.114581227764196	2.19409697681465	0.4
ENSMUSG00000029636	Wasf3	1455722_at	NA	0.219329436746778	0	NA	-1.11180875364975	-0.1
ENSMUSG00000029641	Rasl11a	1429444_at	NA	0.564501606577783	0.1	0.023104156407716	3.56286256882432	0.3
ENSMUSG00000029647	Pan3	1428768_at	0.0697003060182744	3.05652570586248	0.7	NA	1.96446063576362	0.2
ENSMUSG00000029648	Flt1	1440926_at	NA	-0.881305104033713	-0.1	NA	1.22456933361906	0.1
ENSMUSG00000029651	Mtus2	1457425_at	NA	1.11861453395341	0.1	NA	0.392489362070832	0
ENSMUSG00000029655	N4bp2l2	1444924_at	NA	0.759253707175677	0.1	NA	-0.387173406482056	0
ENSMUSG00000029658	Wdr95	1446541_at	NA	-0.3914533808515	-0.1	NA	1.06836108504325	0.1
ENSMUSG00000029660	Tex26	1430620_at	NA	1.04616768877008	0.1	NA	-1.21126884736765	-0.1
ENSMUSG00000029661	Col1a2	1446326_at	NA	0.714427679397735	0.1	0.0273948974592884	3.39353451738483	0.5
ENSMUSG00000029670	Ing3	1460082_at	NA	1.12579418309656	0.1	NA	-1.12702654482179	-0.1
ENSMUSG00000029673	Auts2	1457139_at	NA	0.663415453078132	0.1	0.536323876187778	0.814799700761519	0.1
ENSMUSG00000029674	Limk1	1458989_at	NA	-0.434175006488378	-0.1	NA	-2.69811853672365	-0.2
ENSMUSG00000029676	Pot1a	1456369_at	NA	0.585627342009441	0.1	NA	-0.256715028401454	0
ENSMUSG00000029678	Hyal5	1438994_at	NA	-0.533998826810076	-0.1	NA	-0.983415930736238	-0.1
ENSMUSG00000029679	Hyal6	1430049_at	NA	0.191260925775406	0	NA	0.439810163911646	0
ENSMUSG00000029680	Hyal4	1429990_at	NA	0.285389024436013	0	NA	-0.955091283076481	-0.1
ENSMUSG00000029685	Asb15	1439836_at	NA	1.48571569229934	0.2	NA	-0.408607757966091	0
ENSMUSG00000029697	Fezf1	1429991_at	NA	-1.12668528346841	-0.1	NA	-0.766894905019445	-0.1
ENSMUSG00000029699	Ssc4d	1438147_at	NA	-1.10282837683622	-0.2	NA	0.293914075557756	0
ENSMUSG00000029700	Slc13a1	1430804_at	NA	0.222707708119879	0	NA	1.1767953498346	0.1
ENSMUSG00000029705	Cux1	1434683_at	NA	1.50039567596624	0.2	0.137170413356241	2.02828336152331	0.3
ENSMUSG00000029723	Tsc22d4	1430299_at	NA	0.663469525961448	0.1	NA	-0.647433927884196	0
ENSMUSG00000029725	Ppp1r35	1429255_at	NA	1.86546948993702	0.2	0.629464121219475	0.643782276828351	0.1
ENSMUSG00000029729	Zkscan1	1429152_at	NA	-0.104896137602787	0	0.311088145134121	1.3150011290614	0.2
ENSMUSG00000029761	Cald1	1433147_at	NA	1.55615570076312	0.2	NA	2.34509986333469	0.2
ENSMUSG00000029765	Plxna4	1441371_at	NA	0.727680633460463	0.1	NA	-0.86990987364239	-0.1
ENSMUSG00000029766	1700012A03Rik	1429142_at	NA	-0.790561170860043	-0.1	NA	-1.01307887059257	-0.1
ENSMUSG00000029775	Klhdc10	1433997_at	NA	2.44358355550126	0.4	NA	-0.216992151998724	0
ENSMUSG00000029776	Hibadh	1446297_at	NA	1.05272335656327	0.1	NA	-1.46957620647622	-0.1
ENSMUSG00000029778	Adcyap1r1	1429022_at	NA	-0.265110252054851	0	0.0270222503984352	-3.40352809571097	-0.3
ENSMUSG00000029782	Tmem209	1445660_at	NA	0.893348714424727	0.1	NA	-1.03348566023946	-0.1
ENSMUSG00000029784	Ssmem1	1454010_a_at	NA	0.925566661519996	0.1	NA	-0.891575419739825	-0.1
ENSMUSG00000029787	Avl9	1433177_at	NA	-0.0151416914460001	0	0.163821078695865	-1.88073428822261	-0.2
ENSMUSG00000029790	Cep41	1434576_at	0.11008262655636	2.57182307683619	0.5	0.0813408406835721	2.48370500784482	0.2
ENSMUSG00000029798	Herc6	1431095_a_at	0.967215063674891	0.0544100707414857	0	NA	-0.196089576837458	0
ENSMUSG00000029804	Herc3	1433590_at	NA	2.03332301763425	0.3	NA	-0.770077037987343	-0.1
ENSMUSG00000029814	Igf2bp3	1433731_at	NA	0.622336648879788	0.1	NA	0.0148748231775094	0
ENSMUSG00000029815	Malsu1	1428495_at	NA	-0.0877516494473686	0	0.0484761019006907	2.90049629329443	0.3
ENSMUSG00000029816	Gpnmb	1439345_at	NA	0.40516113808578	0	0.639889726268371	0.624498070746941	0.1
ENSMUSG00000029817	Tra2a	1429680_at	NA	1.23139636081063	0.1	NA	-0.353630594054184	0
ENSMUSG00000029822	Osbpl3	1428484_at	0.0070584220968435	6.07302077830835	0.9	NA	1.46745736767737	0.1
ENSMUSG00000029823	Luc7l2	1437761_at	0.0147192600442378	4.87742404947683	0.8	NA	1.06537666231857	0.1
ENSMUSG00000029826	Zc3hav1	1436183_at	0.0420447137375208	-3.60607135798095	-0.6	0.0557993431693765	2.78515842312427	0.3
ENSMUSG00000029828	4921507P07Rik	1453142_at	NA	0.210819605875391	0	NA	0.311342991919571	0
ENSMUSG00000029829	Tmem213	1453480_at	NA	-0.13426002659059	0	NA	-0.849432269178254	-0.1
ENSMUSG00000029830	Svopl	1457352_x_at	NA	-0.31447106294102	0	NA	0.0172080803147718	0
ENSMUSG00000029833	Trim24	1446295_at	NA	0.365675098617003	0	NA	0.773990762725408	0.1
ENSMUSG00000029836	Cbx3	1441616_at	NA	0.621867586524671	0.1	NA	-0.664083755052027	-0.1
ENSMUSG00000029837	1700111E14Rik	1432440_at	NA	1.28062440898726	0.2	NA	-1.63901054824466	-0.1
ENSMUSG00000029838	Ptn	1443173_at	NA	-1.18377783880953	-0.1	NA	-1.5121926436507	-0.1
ENSMUSG00000029843	Slc13a4	1433734_at	NA	0.0227836747797724	0	NA	0.693564701363709	0.1
ENSMUSG00000029847	Slc23a4	1455449_at	NA	0.323872345340627	0.1	NA	2.25211515297475	0.2
ENSMUSG00000029861	Fam131b	1430685_at	NA	0.475949189017365	0.1	0.542500494833636	0.803968810040955	0.1
ENSMUSG00000029867	Llcfc1	1453254_at	NA	-0.914302512289415	-0.1	NA	-0.952419683457038	-0.1
ENSMUSG00000029875	Ccdc184	1436099_at	NA	0.146021526038606	0	NA	-0.433243522650186	0
ENSMUSG00000029910	Mad2l1	1443171_at	NA	-0.128281617691533	0	NA	0.278567503795527	0
ENSMUSG00000029911	Ssbp1	1430294_at	NA	0.476821611412148	0.1	NA	-0.675782241187127	-0.1
ENSMUSG00000029913	Prdm5	1442740_at	NA	2.12454814523028	0.2	NA	-2.42625185384927	-0.2
ENSMUSG00000029916	Agk	1430496_at	NA	0.940655225481483	0.1	NA	-1.17499651769923	-0.1
ENSMUSG00000029923	Rab19	1430148_at	NA	0.4082069808226	0	NA	-0.447792617310214	0
ENSMUSG00000029992	Gfpt1	1428715_at	0.856994103703808	0.241444701580463	0.1	0.061893480830913	2.70321213237423	0.3
ENSMUSG00000029998	Pcyox1	1447277_s_at	0.157267980706848	2.20937862523558	0.4	0.0673206227167697	2.62573237161425	0.4
ENSMUSG00000030000	Add2	1431076_at	NA	1.01480052189468	0.2	0.0301162609674685	-3.30353184555429	-0.3
ENSMUSG00000030016	Zfp638	1458523_at	NA	-0.33876296732272	0	NA	-1.41976830524333	-0.1
ENSMUSG00000030020	Prickle2	1428808_at	0.303493232587549	1.50709663160743	0.3	NA	1.69137540739276	0.2
ENSMUSG00000030022	Adamts9	1431399_at	NA	0.368511174378414	0.1	NA	-0.745929892952155	-0.1
ENSMUSG00000030030	1700003E16Rik	1428601_at	NA	-1.32528805022952	-0.2	NA	-0.255610260300764	0
ENSMUSG00000030031	Kbtbd8	1441275_at	NA	-0.978910580146868	-0.2	0.0698594840548699	-2.59424673407411	-0.3
ENSMUSG00000030045	Mrpl19	1440324_at	0.3953113392575	1.19076550138965	0.3	0.395148625903	-1.10950297028699	-0.1
ENSMUSG00000030047	Arhgap25	1444311_at	NA	-0.605785179472414	-0.1	NA	-0.950917501272584	-0.1
ENSMUSG00000030048	Gkn3	1429286_at	NA	-1.74761050359145	-0.2	NA	0.206548158096855	0
ENSMUSG00000030055	Rab43	1430163_at	NA	1.24154047613254	0.2	NA	-1.23256257782281	-0.1
ENSMUSG00000030056	Isy1	1459728_at	NA	0.50968598208111	0.1	NA	0.0890491852935294	0
ENSMUSG00000030058	Copg1	1415670_at	0.192013345778544	2.01740624449108	0.4	0.0250591028922397	3.4803069864202	0.3
ENSMUSG00000030059	Tmf1	1442002_at	NA	0.537514341328693	0.1	NA	1.42949843973371	0.1
ENSMUSG00000030064	Frmd4b	1441548_at	NA	-0.213740592547357	0	NA	1.53797388029916	0.1
ENSMUSG00000030074	Gxylt2	1444302_at	0.0702674119840561	3.04374857876447	0.5	0.001899247931109	6.10347578053282	0.6
ENSMUSG00000030075	Cntn3	1438628_x_at	NA	0.692367636712336	0.1	0.303296325739797	1.3391497109476	0.2
ENSMUSG00000030077	Chl1	1447036_at	NA	-1.38202509221699	-0.2	NA	-0.271459818168157	0
ENSMUSG00000030084	Plxna1	1428623_at	0.0082560411019215	5.71293303464276	0.7	NA	-1.68063176261487	-0.2
ENSMUSG00000030091	Nup210	1443310_at	NA	-0.0158612905760162	0	NA	0.302733883185742	0
ENSMUSG00000030096	Slc6a6	1437149_at	NA	5.03562661664669	0.5	NA	0.283829107114081	0
ENSMUSG00000030098	Grip2	1460028_at	NA	0.402823600991212	0.1	NA	-0.352621726470607	0
ENSMUSG00000030110	Ret	1436359_at	NA	0.0854620731625319	0	NA	-2.05436679094145	-0.2
ENSMUSG00000030117	Gdf3	1460057_at	NA	0.294542274682776	0	NA	-1.41895673188131	-0.1
ENSMUSG00000030126	Tmcc1	1440384_at	NA	0.215840776517163	0	NA	1.07795035141123	0.1
ENSMUSG00000030134	Rasgef1a	1435218_at	NA	-1.14249655515098	-0.1	NA	-2.58311387182749	-0.2
ENSMUSG00000030137	Tuba8	1446771_at	NA	0.452525249948586	0	NA	-0.331469485487024	0
ENSMUSG00000030138	Bms1	1447679_s_at	0.113009295891022	2.53597295993105	0.4	0.0495372615407539	-2.87585600057313	-0.3
ENSMUSG00000030145	Zfp248	1439534_at	NA	0.984512501511413	0.1	NA	-0.278652420312067	0
ENSMUSG00000030154	Klrb1f	1457722_at	NA	1.85847641585859	0.2	0.103423873374723	-2.27600147778825	-0.2
ENSMUSG00000030156	Cd69	1428735_at	NA	0.78133134761658	0.1	NA	0.0970763733609083	0
ENSMUSG00000030158	Clec12b	1429925_at	NA	-0.715123726302896	-0.1	0.4743425283566	0.935723029910144	0.1
ENSMUSG00000030160	Tmem52b	1436283_at	NA	1.11042762108497	0.1	0.358326382836167	-1.19044792762379	-0.1
ENSMUSG00000030168	Adipor2	1437864_at	NA	1.11283899930235	0.2	NA	-0.344808155885738	0
ENSMUSG00000030172	Erc1	1441493_at	NA	0.919400556871821	0.1	NA	1.08679866000346	0.1
ENSMUSG00000030180	Kdm5a	1441318_at	NA	0.318026357454269	0	0.681672856305622	-0.552270503802092	-0.1
ENSMUSG00000030199	Etv6	1434880_at	NA	0.291471566321836	0	NA	0.854540411909168	0.1
ENSMUSG00000030203	Dusp16	1440615_at	NA	-0.393726591413326	0	NA	-0.77183464314228	-0.1
ENSMUSG00000030208	Emp1	1459171_at	NA	0.734754545173796	0.1	NA	2.1508239492092	0.2
ENSMUSG00000030209	Grin2b	1457003_at	NA	1.64779073067268	0.2	NA	-0.16037675802358	0
ENSMUSG00000030213	Atf7ip	1454973_at	NA	0.604523706617668	0.1	NA	1.4682616572754	0.1
ENSMUSG00000030216	Wbp11	1430987_s_at	NA	-0.181037263361958	0	NA	1.22698569731977	0.1
ENSMUSG00000030219	Erp27	1430913_at	NA	0.510245816765155	0.1	NA	-0.905096664138401	-0.1
ENSMUSG00000030226	Lmo3	1455754_at	NA	-0.602108616499704	-0.1	0.152804006489129	-1.936950682578	-0.2
ENSMUSG00000030232	Aebp2	1455616_at	NA	0.529248483027742	0.1	0.67926212780418	0.556615335336943	0.1
ENSMUSG00000030243	Recql	1447198_at	NA	-0.317831326299785	0	NA	-1.86112755433226	-0.2
ENSMUSG00000030249	Abcc9	1435751_at	NA	0.324754755099941	0	NA	-1.23994940839892	-0.1
ENSMUSG00000030254	Rad18	1435826_at	NA	3.22347927135561	0.3	NA	-1.33861334639956	-0.1
ENSMUSG00000030256	Bhlhe41	1457096_at	NA	0.324438310336527	0	0.0536081303792461	-2.81285573907816	-0.2
ENSMUSG00000030259	Rassf8	1438713_at	NA	0.0600088441640616	0	NA	-0.833853851246594	-0.1
ENSMUSG00000030268	Bcat1	1455699_at	NA	-1.16906692344578	-0.1	NA	-2.83168490429743	-0.2
ENSMUSG00000030270	Cpne9	1454653_at	NA	-0.230614352737907	0	NA	-0.857212520085197	-0.1
ENSMUSG00000030275	Etnk1	1439972_at	NA	0.0938503393832174	0	NA	0.806588323393998	0.1
ENSMUSG00000030276	Ttll3	1436604_at	NA	0.507126614344343	0.1	NA	0.696592702223654	0.1
ENSMUSG00000030279	C2cd5	1444738_at	NA	0.417056819608975	0	NA	-0.970930210914666	-0.1
ENSMUSG00000030283	St8sia1	1455695_at	NA	1.17894748367581	0.1	NA	-1.22411184528926	-0.1
ENSMUSG00000030287	Itpr2	1444418_at	NA	1.35914247075435	0.1	NA	-1.33583714145495	-0.1
ENSMUSG00000030292	Smco2	1429675_at	NA	-0.151693984100601	0	0.137736518006271	-2.02533724943686	-0.2
ENSMUSG00000030301	Ccdc91	1453605_s_at	NA	-1.10501721237762	-0.1	NA	3.38916982371965	0.2
ENSMUSG00000030303	Far2	1455889_at	NA	-0.324826660424035	0	NA	-0.0593089138610872	0
ENSMUSG00000030306	Tmtc1	1435261_at	0.357169791348829	1.31812187435681	0.3	NA	-0.956173064441218	-0.1
ENSMUSG00000030307	Slc6a11	1433989_at	NA	0.166405639051443	0	0.774206583821202	0.390350316833001	0
ENSMUSG00000030310	Slc6a1	1457183_at	NA	0.983711152837358	0.1	NA	-0.913621636315196	-0.1
ENSMUSG00000030313	Dennd5b	1458146_at	NA	1.92373698287629	0.3	NA	0.0670545528335267	0
ENSMUSG00000030314	Atg7	1446633_at	NA	-1.85857065636079	-0.3	NA	2.11585673807683	0.2
ENSMUSG00000030316	Tamm41	1437677_at	NA	1.63870952704439	0.2	0.241740772747245	-1.54663693816732	-0.2
ENSMUSG00000030319	Cand2	1429621_at	NA	1.95107233669234	0.2	0.0725169774367375	-2.57190051291392	-0.3
ENSMUSG00000030321	Efcab12	1457000_at	NA	-1.02670665682507	-0.2	NA	-0.499906088863758	0
ENSMUSG00000030322	Mbd4	1457708_at	NA	1.49850080262432	0.2	0.674899976525834	0.565509299473063	0.1
ENSMUSG00000030323	Ift122	1441259_s_at	NA	-0.0390703009908425	0	0.0610865693894876	2.71133024476448	0.3
ENSMUSG00000030329	Pianp	1442066_at	NA	0.661073229094139	0.1	NA	0.449343802448285	0
ENSMUSG00000030344	Akap3	1456591_x_at	0.403978125214753	-1.16376883086521	-0.4	0.0181307892290687	-3.77634191075419	-0.4
ENSMUSG00000030350	Prmt8	1435204_at	NA	0.682832970332094	0.1	NA	-2.23819379549134	-0.2
ENSMUSG00000030351	Tspan11	1430310_at	NA	0.295031409516814	0	NA	-2.36843459277741	-0.2
ENSMUSG00000030352	Tspan9	1441968_at	NA	2.78316380038642	0.4	0.357859593119173	1.19268154374627	0.1
ENSMUSG00000030365	Clec2i	1456426_at	NA	0.490045756947313	0	NA	-1.04888469556569	-0.1
ENSMUSG00000030378	Sult2a8	1428981_at	NA	1.43976276089465	0.2	0.985720088551474	0.0283971513884123	0
ENSMUSG00000030385	2900092C05Rik	1429854_at	NA	-0.279621424621841	0	NA	-1.05622867422016	-0.1
ENSMUSG00000030386	Zfp606	1436429_at	NA	-0.0744559887782639	0	NA	-0.145307694719961	0
ENSMUSG00000030399	Ckm	1444643_at	NA	-0.445835094840599	-0.1	0.0915765695270198	2.38323005306482	0.2
ENSMUSG00000030400	Ercc2	1442253_at	NA	-0.0973501653197916	0	NA	-0.826169758905967	-0.1
ENSMUSG00000030402	Ppm1n	1442242_at	NA	-0.954104515452229	-0.1	NA	0.285023319205344	0
ENSMUSG00000030406	Gipr	1445790_at	NA	0.25984239503141	0	NA	-0.381972405126247	0
ENSMUSG00000030410	Dmwd	1435505_at	NA	2.12851263720506	0.3	NA	-0.0477091566983705	0
ENSMUSG00000030411	Nova2	1439192_at	NA	0.817258023681568	0.1	NA	-1.03377581188928	-0.1
ENSMUSG00000030424	Zfp939	1444092_at	NA	-0.0927367720992071	0	0.0748203543686368	-2.54634050353879	-0.2
ENSMUSG00000030431	Tmem238	1429261_at	NA	1.87243596401801	0.3	0.00994276382484544	-4.32777111007421	-0.6
ENSMUSG00000030443	Zfp583	1439861_at	NA	0.298619737660291	0	NA	0.0611901416488603	0
ENSMUSG00000030447	Cyfip1	1457134_at	NA	1.47576774443232	0.2	NA	-0.747714156613353	-0.1
ENSMUSG00000030451	Herc2	1444228_s_at	0.538958569852157	-0.810239919423057	-0.2	NA	1.27918567304992	0.1
ENSMUSG00000030465	Psd3	1430880_at	NA	2.1474040051446	0.2	NA	-0.329611384497343	0
ENSMUSG00000030468	Siglecg	1435955_at	NA	-0.659236423150726	-0.1	NA	0.0880629666851484	0
ENSMUSG00000030469	Zfp719	1436594_at	NA	0.0892443801289531	0	0.112690829611631	2.20603638292682	0.2
ENSMUSG00000030471	Zdhhc13	1428307_at	NA	0.709724070819495	0.1	0.121244241908954	2.14088165559135	0.2
ENSMUSG00000030472	Ceacam18	1430927_at	NA	0.438373481411231	0.1	NA	-1.23971547211104	-0.1
ENSMUSG00000030484	Lypd5	1453809_at	NA	0.0106956767547314	0	NA	-0.912041981746539	-0.1
ENSMUSG00000030491	Tdrd12	1453219_a_at	NA	-0.385720591952617	0	NA	-0.314015031507207	0
ENSMUSG00000030499	Kctd15	1435339_at	NA	0.656710821655105	0.1	NA	0.347127512982506	0
ENSMUSG00000030505	Prmt3	1442719_at	NA	-0.290938675747236	0	NA	-0.257806329154282	0
ENSMUSG00000030507	Dbx1	1457012_at	NA	-0.0842153243224848	0	NA	0.453795900804053	0
ENSMUSG00000030509	Asb7	1438744_at	NA	1.2828272950733	0.1	NA	-0.190093418354947	0
ENSMUSG00000030510	Cers3	1444740_at	NA	0.225082256562032	0	NA	-0.255574365158034	0
ENSMUSG00000030515	Tarsl2	1434738_at	NA	1.32271579384324	0.2	0.0748203543686368	2.54702769753121	0.2
ENSMUSG00000030518	Fam189a1	1430346_at	NA	-0.574281619485333	-0.1	NA	-0.139394917621982	0
ENSMUSG00000030523	Trpm1	1440241_at	NA	1.14885489432342	0.1	NA	1.1851363336696	0.1
ENSMUSG00000030527	Crtc3	1436379_at	NA	2.55345395502793	0.3	NA	1.20856940696674	0.1
ENSMUSG00000030532	Hddc3	1428692_at	NA	-0.758480421163472	-0.1	0.150800762740157	1.94790572925779	0.2
ENSMUSG00000030533	Unc45a	1458824_at	NA	0.219772959064027	0	NA	1.99201261750258	0.2
ENSMUSG00000030536	Iqgap1	1445724_at	NA	0.0742970399226322	0	NA	-0.402615411194386	0
ENSMUSG00000030546	Plin1	1436453_at	NA	-0.0175620436009868	0	NA	-0.128473571976581	0
ENSMUSG00000030551	Nr2f2	1436475_at	NA	-1.60735798482587	-0.2	NA	-1.16598166408924	-0.1
ENSMUSG00000030553	Pgpep1l	1430210_at	NA	-1.09348516048129	-0.2	NA	0.967455848653732	0.1
ENSMUSG00000030554	Synm	1455610_at	NA	0.432460912999488	0	NA	1.35517298668971	0.1
ENSMUSG00000030556	Lrrc28	1433858_at	NA	0.408228216274168	0.1	0.22785698374663	-1.59806170250781	-0.2
ENSMUSG00000030557	Mef2a	1442623_at	NA	0.94433573346816	0.1	NA	-2.11476224569997	-0.2
ENSMUSG00000030560	Ctsc	1437939_s_at	NA	0.360171711556327	0	NA	-0.999327997055797	-0.1
ENSMUSG00000030577	Cd22	1445222_at	NA	0.568821111422926	0.1	NA	-0.742565634008382	-0.1
ENSMUSG00000030583	Sipa1l3	1428493_at	0.256958601701174	1.71737428090543	0.4	0.221757661339974	1.62350863508695	0.2
ENSMUSG00000030587	2200002D01Rik	1428671_at	NA	-2.55507063062621	-0.3	0.174708990368435	-1.82834011106875	-0.2
ENSMUSG00000030588	Yif1b	1428445_at	NA	-0.586068573535938	-0.1	0.976904821615357	-0.0443232972282786	0
ENSMUSG00000030592	Ryr1	1457347_at	0.00954101192885651	-5.44833937307363	-1.1	NA	-3.0295344443706	-0.2
ENSMUSG00000030595	Nfkbib	1446718_at	NA	0.0307365020709714	0	NA	-1.41733172677874	-0.1
ENSMUSG00000030600	Lrfn1	1444669_at	NA	0.642938532434407	0.1	NA	-0.507787564730721	0
ENSMUSG00000030602	Pak4	1428548_at	NA	2.83891013657487	0.3	NA	-0.6367271191731	-0.1
ENSMUSG00000030603	Psmc4	1447219_at	NA	1.79274642575968	0.2	NA	-2.81306951483242	-0.2
ENSMUSG00000030604	Zfp626	1430048_at	NA	0.243247257408286	0	0.604813537273196	-0.689706066653797	-0.1
ENSMUSG00000030606	Hapln3	1431152_at	NA	0.748411195190568	0.1	NA	-1.64090880497976	-0.1
ENSMUSG00000030609	Aen	1437373_at	NA	-0.0705127287908471	0	0.119551244386056	-2.15652404063155	-0.2
ENSMUSG00000030610	Det1	1429218_at	0.470981002989585	0.976381688714846	0.2	NA	-0.376758229794195	0
ENSMUSG00000030614	Tmem126b	1453739_at	NA	1.45222037129661	0.2	NA	-0.298726161789756	0
ENSMUSG00000030617	Ccdc83	1453923_at	NA	1.04122917457644	0.1	NA	-0.629430162448485	-0.1
ENSMUSG00000030621	Me3	1429071_at	NA	-1.80052786546855	-0.2	0.155351731944256	-1.92297032850191	-0.2
ENSMUSG00000030636	1700010L04Rik	1431783_at	NA	-0.914471214949504	-0.1	NA	-2.47319825154934	-0.2
ENSMUSG00000030641	Ddias	1429734_at	NA	1.93685899299332	0.3	NA	2.36041095799743	0.2
ENSMUSG00000030643	Rab30	1438313_at	NA	-1.92061513034298	-0.2	NA	-0.20405922867868	0
ENSMUSG00000030647	Ndufc2	1460506_s_at	NA	-0.172834062278766	0	0.163134601219947	1.88764224862587	0.2
ENSMUSG00000030649	Anapc15	1428734_at	NA	0.0874785304877853	0	NA	-0.272289551086335	0
ENSMUSG00000030650	Tmc5	1452934_at	NA	-0.0775611717082941	0	NA	-1.07100512861306	-0.1
ENSMUSG00000030651	Art2b	1446814_at	NA	0.891249498564283	0.1	NA	0.0417418989169584	0
ENSMUSG00000030655	Smg1	1428539_at	NA	1.73540507884498	0.3	NA	1.63178097492433	0.2
ENSMUSG00000030657	Xylt1	1435672_at	NA	0.118890596968167	0	NA	0.822307850749995	0.1
ENSMUSG00000030660	Pik3c2a	1443655_s_at	NA	-0.192224691319868	0	NA	-0.423852170110915	0
ENSMUSG00000030664	Sox6os	1432562_at	NA	-0.532619334257071	-0.1	0.832862193096016	0.292943882242077	0
ENSMUSG00000030670	Cyp2r1	1444138_at	NA	-1.7174054313769	-0.3	NA	-0.0841382961716774	0
ENSMUSG00000030671	Pde3b	1433694_at	NA	1.64701681068929	0.2	NA	2.93646499268876	0.2
ENSMUSG00000030685	Kctd13	1434154_at	NA	0.0100202594705483	0	NA	1.56519327423069	0.1
ENSMUSG00000030691	Fchsd2	1434260_at	NA	0.106071919924554	0	0.141318560254459	1.99993204022256	0.2
ENSMUSG00000030697	Ppp4c	1445350_at	NA	-0.832800208837504	-0.1	NA	-0.126098135517559	0
ENSMUSG00000030706	Mrpl48	1442016_at	NA	0.0580989401848694	0	NA	-0.424899585432537	0
ENSMUSG00000030720	Cln3	1457789_at	NA	0.516063671781179	0.1	NA	-3.37441020104246	-0.3
ENSMUSG00000030726	Pold3	1443733_x_at	NA	-1.24490464357548	-0.2	0.141466722795702	-1.99822782756024	-0.3
ENSMUSG00000030727	Rabep2	1440795_x_at	0.101470521506421	2.65632757504191	0.6	NA	-0.512046472831349	0
ENSMUSG00000030729	Pgm2l1	1456478_at	NA	0.332973389478919	0	NA	0.0316359435602375	0
ENSMUSG00000030733	Sh2b1	1431438_at	NA	-0.546615373583894	-0.1	NA	-0.287495373494951	0
ENSMUSG00000030737	Slco2b1	1454777_at	NA	0.681340768114379	0.1	NA	-0.419489917019218	0
ENSMUSG00000030744	Rps3	1455600_at	NA	0.394960419430453	0.1	0.0288333056532406	-3.34621709894483	-0.3
ENSMUSG00000030751	Psma1	1415695_at	0.430244946068721	1.08904571945548	0.3	NA	2.3142812514057	0.2
ENSMUSG00000030757	Zkscan2	1436599_at	NA	-0.332308216582221	0	NA	-1.06027159494418	-0.1
ENSMUSG00000030760	Acer3	1438435_at	NA	0.288496639997357	0	NA	0.96880361380257	0.1
ENSMUSG00000030766	Arhgap17	1442065_at	NA	2.0955737067473	0.2	NA	-0.749634586505881	-0.1
ENSMUSG00000030768	Disp1	1434795_at	0.0816733452133894	2.88065404548285	0.7	0.0184963664541319	3.75666727060278	0.3
ENSMUSG00000030775	Trat1	1437561_at	NA	-0.0283889511099158	0	NA	-1.79518016724809	-0.2
ENSMUSG00000030779	Rbbp6	1453611_at	NA	0.755130456672402	0.2	0.0256330379699146	-3.45586165246135	-0.3
ENSMUSG00000030793	Pycard	1446926_at	NA	-0.897498457548132	-0.1	NA	0.0427999038776384	0
ENSMUSG00000030795	Fus	1442354_at	NA	-0.283180066183478	0	NA	0.842033642909502	0.1
ENSMUSG00000030801	Kat8	1432080_s_at	NA	-2.43403234362024	-0.3	NA	0.262819640583747	0
ENSMUSG00000030806	Stx1b	1438780_at	NA	0.232985216035998	0	NA	-0.966312955297533	-0.1
ENSMUSG00000030811	Fbxl19	1435922_at	NA	0.265186733296637	0	NA	0.371920203510144	0
ENSMUSG00000030814	Bcl7c	1443898_at	NA	-0.18745506084579	0	NA	0.572143585244346	0
ENSMUSG00000030816	Rnf40	1438191_a_at	NA	1.30274831358966	0.2	NA	0.931244974784138	0.1
ENSMUSG00000030823	9130019O22Rik	1453364_x_at	NA	-0.402740965340643	0	NA	-1.72620253032812	-0.1
ENSMUSG00000030825	Hsd17b14	1447678_at	NA	-0.232628500361014	0	NA	1.63675490526541	0.1
ENSMUSG00000030830	Itgal	1435560_at	NA	1.26557483491805	0.2	NA	-0.408164945493403	0
ENSMUSG00000030846	Tial1	1452821_at	0.510904475728363	0.872993040517273	0.2	0.0609949908431232	-2.7142351220865	-0.2
ENSMUSG00000030849	Fgfr2	1443211_at	NA	-0.875744519630573	-0.1	NA	1.08222408121048	0.1
ENSMUSG00000030850	Ate1	1435173_at	0.527784585420563	-0.835259257162937	-0.2	0.198963782164087	1.72070299901397	0.2
ENSMUSG00000030858	Fam24b	1430169_at	NA	1.3215852284739	0.2	NA	-0.198221383868235	0
ENSMUSG00000030865	Chp2	1431130_at	NA	-2.54186590913585	-0.3	NA	-1.42742401494462	-0.1
ENSMUSG00000030868	Dctn5	1415748_a_at	NA	0.919552002226071	0.1	0.317575062482844	1.29612423905709	0.1
ENSMUSG00000030869	Ndufab1	1458678_at	NA	2.06329479437793	0.3	NA	-0.514382174951215	0
ENSMUSG00000030870	Ubfd1	1456217_at	NA	0.635865246425379	0.1	NA	-1.1295932129113	-0.1
ENSMUSG00000030872	Gga2	1457955_at	0.483972807737184	0.937404549463606	0.2	NA	0.170430567696213	0
ENSMUSG00000030877	Mfsd13b	1431905_s_at	NA	0.568304061333982	0.1	NA	-1.58293055348216	-0.1
ENSMUSG00000030879	Mrpl17	1458027_at	NA	-1.19723199155039	-0.2	NA	-1.3274561785615	-0.1
ENSMUSG00000030881	Arfip2	1435498_at	NA	2.1914206268965	0.4	NA	0.513744636876864	0
ENSMUSG00000030882	Dnhd1	1445829_at	NA	-0.878042817223105	-0.1	NA	-1.41888124074985	-0.1
ENSMUSG00000030889	Vwa3a	1456129_at	NA	-0.354497778205866	0	NA	-0.459594897807428	0
ENSMUSG00000030897	Cnga4	1445339_at	NA	1.42721011542297	0.1	NA	-0.19381017519843	0
ENSMUSG00000030909	Anks4b	1453042_at	NA	0.0498081328001014	0	NA	0.129645358485388	0
ENSMUSG00000030922	Lyrm1	1430831_at	NA	-0.330562574962829	0	NA	-0.910016531273015	-0.1
ENSMUSG00000030924	Rexo5	1430214_a_at	NA	-0.692239985653914	-0.1	NA	-0.167949031052036	0
ENSMUSG00000030956	Fam53b	1455428_at	0.583745001523474	0.708113450656714	0.2	NA	1.5338481788749	0.1
ENSMUSG00000030960	Eef1akmt2	1428582_at	0.332814830716219	1.41261688938507	0.3	0.0261485792550801	3.42946456654673	0.3
ENSMUSG00000030965	Abraxas2	1433846_s_at	NA	0.227312062908213	0	0.023104156407716	3.56473553208295	0.4
ENSMUSG00000030967	Zranb1	1415712_at	0.403635631556508	-1.16674086126875	-0.2	0.108770852645985	2.23174335477648	0.3
ENSMUSG00000030968	Pdilt	1454033_at	NA	-1.59223246117645	-0.2	NA	-0.453000224020453	0
ENSMUSG00000030972	Acsm5	1437662_at	NA	-0.126803593542659	0	NA	0.283554558387049	0
ENSMUSG00000030976	Tex36	1430209_at	NA	0.340024297023882	0	NA	-1.91188945880184	-0.1
ENSMUSG00000030978	Rrm1	1440073_at	NA	0.266186478902772	0	NA	-0.686774319911362	-0.1
ENSMUSG00000030979	Uros	1440535_at	NA	1.46306417587444	0.3	NA	-0.153403668800095	0
ENSMUSG00000030980	Knop1	1436541_at	NA	1.82419126719882	0.3	NA	0.599476599776342	0.1
ENSMUSG00000030982	Vps35l	1431001_at	NA	-0.0195846266658792	0	NA	1.4035732542163	0.1
ENSMUSG00000030994	D7Ertd443e	1459703_at	NA	-0.262130057191604	0	NA	-0.000294619272939134	0
ENSMUSG00000031012	Cask	1455406_at	0.28618340199394	1.5877366492892	0.4	0.13476212739902	2.04425765720035	0.3
ENSMUSG00000031015	Swap70	1434225_at	NA	1.04352786002387	0.2	NA	0.297271006187218	0
ENSMUSG00000031026	Trim66	1456967_at	NA	-0.0424631458304679	0	NA	-1.43850561541471	-0.1
ENSMUSG00000031027	Stk33	1452892_at	NA	-0.489668297983428	-0.1	NA	-2.28623144913106	-0.2
ENSMUSG00000031065	Cdk16	1443296_at	NA	0.918908731601193	0.1	NA	-1.14981952734154	-0.1
ENSMUSG00000031068	Glrx3	1457598_at	NA	0.797810569878366	0.1	NA	-1.86510551750787	-0.2
ENSMUSG00000031072	LTO1	1444442_at	NA	0.407377126572727	0	NA	-1.51464329048305	-0.1
ENSMUSG00000031074	Fgf3	1441914_x_at	NA	-0.334718071604642	0	NA	1.04165476618443	0.1
ENSMUSG00000031075	Ano1	1459713_s_at	NA	1.03669993942323	0.2	NA	-0.470937929631843	0
ENSMUSG00000031077	Fadd	1446499_at	NA	1.76139255216386	0.2	NA	0.0925615985874981	0
ENSMUSG00000031090	Nadsyn1	1430359_a_at	NA	-0.260956734373169	0	NA	-1.87317990444445	-0.2
ENSMUSG00000031093	Dock11	1443467_at	NA	1.43767404943467	0.2	NA	0.618166489644726	0.1
ENSMUSG00000031111	Igsf1	1438589_at	NA	1.02077886460236	0.1	NA	-2.04566345572079	-0.1
ENSMUSG00000031118	1700080O16Rik	1453453_at	NA	0.206093338876901	0	NA	0.586009839710081	0
ENSMUSG00000031129	Slc9a9	1433719_at	NA	-2.65561764042138	-0.3	0.601524549540108	0.697529049910335	0.1
ENSMUSG00000031133	Arhgef6	1429012_at	NA	2.45686426654625	0.3	NA	0.155834955808761	0
ENSMUSG00000031148	Gpkow	1434344_at	NA	-0.25030226860619	0	NA	0.624315271545531	0.1
ENSMUSG00000031153	Gripap1	1447072_at	0.47863586571348	-0.95579570022441	-0.2	0.797767062455372	-0.353003418347046	0
ENSMUSG00000031156	Slc35a2	1453858_at	NA	0.146909208178951	0	NA	-0.237247791265265	0
ENSMUSG00000031161	Hdac6	1458968_at	NA	1.23027604751581	0.2	NA	-2.14259090133583	-0.2
ENSMUSG00000031163	Glod5	1460454_at	NA	-0.459487369356295	-0.1	NA	-1.53241006323126	-0.1
ENSMUSG00000031167	Rbm3	1429169_at	NA	0.944369694987023	0.1	NA	-0.874475047934212	-0.1
ENSMUSG00000031169	Porcn	1438753_at	NA	0.288305164768915	0	NA	0.594589177929587	0
ENSMUSG00000031171	Ftsj1	1430381_at	NA	2.00074891477535	0.3	NA	-1.49366490260733	-0.1
ENSMUSG00000031176	Dynlt3	1459854_s_at	0.176489539896316	2.09909920633562	1.1	0.516556858270821	0.852396281710585	0.2
ENSMUSG00000031179	3830417A13Rik	1430162_at	NA	0.103163758333591	0	NA	1.68977876619541	0.1
ENSMUSG00000031181	Ctag2	1429928_at	NA	-1.45160495417754	-0.1	NA	-0.150833101722725	0
ENSMUSG00000031182	4930447F04Rik	1432516_at	NA	-0.181220351892139	0	NA	0.934879738372746	0.1
ENSMUSG00000031194	4931400O07Rik	1431532_at	NA	-2.12767349444181	-0.2	NA	1.63292469377514	0.1
ENSMUSG00000031200	Mtcp1	1456207_at	NA	-0.880093189681558	-0.1	NA	-1.16064689754226	-0.1
ENSMUSG00000031201	Brcc3	1447778_x_at	NA	1.99253310514244	0.3	NA	-0.680766457935511	-0.1
ENSMUSG00000031202	Rab39b	1453246_at	NA	-0.310635592597689	0	NA	0.258715014725717	0
ENSMUSG00000031210	Gpr165	1430699_at	NA	-1.20672997923776	-0.1	NA	-0.0111067801318768	0
ENSMUSG00000031214	Ophn1	1456709_at	NA	1.32473728647898	0.1	NA	-0.947162059328584	-0.1
ENSMUSG00000031221	Igbp1	1442161_at	NA	-2.22237540158116	-0.2	NA	-1.31445561929634	-0.1
ENSMUSG00000031229	Atrx	1433537_at	0.074619772551419	2.98128085561095	1	0.910904671155598	-0.162137596581453	0
ENSMUSG00000031232	Magt1	1428624_at	0.101788861894951	2.65098263109397	0.6	0.100251297352772	2.31023300857383	0.3
ENSMUSG00000031241	Tbx22	1438586_at	NA	1.63179318725883	0.2	NA	-1.33774694276352	-0.1
ENSMUSG00000031242	2610002M06Rik	1453078_at	NA	1.14345593141935	0.1	NA	-2.15301120894319	-0.2
ENSMUSG00000031258	Xkrx	1454762_at	NA	-0.0474445682406589	0	NA	-0.410591052828117	0
ENSMUSG00000031262	Cenpi	1436723_at	NA	4.06487741836257	0.5	NA	2.22259747061581	0.2
ENSMUSG00000031270	4930513O06Rik	1431503_at	NA	-1.14717770194524	-0.2	NA	-1.38701394686439	-0.1
ENSMUSG00000031271	Serpina7	1438617_at	NA	0.177715376648528	0	NA	-1.167524573311	-0.1
ENSMUSG00000031283	Chrdl1	1456722_at	NA	1.54583366781402	0.2	0.011560162690568	4.20513476982465	0.4
ENSMUSG00000031284	Pak3	1437318_at	0.0923204087183508	2.7604691219978	0.4	0.0884862086035511	2.41068025152117	0.3
ENSMUSG00000031286	Glt28d2	1455455_at	0.0340904164301543	3.81484694021384	0.5	NA	0.567929815545777	0
ENSMUSG00000031290	Lrch2	1436877_at	NA	1.41354261475721	0.2	NA	-1.66500121717626	-0.1
ENSMUSG00000031292	Cdkl5	1429625_at	NA	1.67543150965665	0.2	NA	-0.394592660374534	0
ENSMUSG00000031294	D630029K05Rik	1435570_s_at	NA	-1.61670790857583	-0.2	NA	-2.39647590851377	-0.2
ENSMUSG00000031295	Phka2	1437941_at	NA	0.843865909997698	0.1	NA	2.84227706425825	0.2
ENSMUSG00000031298	Adgrg2	1439795_at	NA	1.83237547987752	0.2	NA	-0.457904430089957	0
ENSMUSG00000031302	Nlgn3	1453756_at	NA	0.727574059714908	0.1	NA	-0.921602402536665	-0.1
ENSMUSG00000031310	Zmym3	1447326_s_at	NA	1.32405562376915	0.2	NA	1.55214755949625	0.1
ENSMUSG00000031314	Taf1	1455513_at	0.282816102219127	1.60506574725684	0.3	NA	-1.00979985902927	-0.1
ENSMUSG00000031323	Dmrtc1a	1431360_s_at	0.376629408998579	1.24865831060258	0.3	NA	-0.742259755139737	-0.1
ENSMUSG00000031325	4930519F16Rik	1432276_at	NA	-0.653841016259377	-0.1	NA	0.0130753189884209	0
ENSMUSG00000031327	Chic1	1440522_at	NA	1.70085802982876	0.3	NA	-0.724488685882301	-0.1
ENSMUSG00000031330	Zcchc13	1432321_at	NA	-0.654797310374214	-0.1	NA	-0.678208302247738	-0.1
ENSMUSG00000031342	Gpm6b	1453514_at	NA	-0.45868207674406	-0.1	NA	-0.190704438886895	0
ENSMUSG00000031343	Gabra3	1436957_at	NA	0.158163918290899	0	NA	-1.39863438395617	-0.1
ENSMUSG00000031367	Ap1s2	1447903_x_at	0.246502596793672	1.76737063449509	0.4	0.885479693022059	0.203049847808889	0
ENSMUSG00000031370	Zrsr2	1442154_at	NA	-0.00379582010441311	0	NA	0.507581703822496	0
ENSMUSG00000031373	Car5b	1447928_at	NA	-0.721575227988394	-0.1	NA	0.736871181340453	0.1
ENSMUSG00000031379	Pir	1429001_at	0.325073319038558	1.43310088844502	0.3	0.0291817063165591	3.33510575692254	0.3
ENSMUSG00000031385	Plxnb3	1440813_s_at	NA	0.503203719461002	0.1	NA	0.667574515433511	0.1
ENSMUSG00000031389	Arhgap4	1443360_x_at	NA	0.00306408486553564	0	NA	-0.315386997495695	0
ENSMUSG00000031393	Mecp2	1438930_s_at	0.202761209132223	1.96351562524851	0.5	0.0228396042015039	3.57686183789219	0.4
ENSMUSG00000031399	Fam3a	1428202_at	NA	1.27003003648035	0.2	NA	2.64032555563537	0.2
ENSMUSG00000031400	G6pdx	1444501_at	NA	1.95331386779047	0.3	NA	0.652232834500351	0
ENSMUSG00000031403	Dkc1	1438016_at	NA	1.55674986792102	0.2	NA	-1.42469726692081	-0.1
ENSMUSG00000031411	Prame	1431851_at	NA	0.291919074176819	0	NA	-1.09907258121019	-0.1
ENSMUSG00000031430	Vsig1	1430553_at	NA	0.455571773132679	0.1	NA	-0.737203278044076	-0.1
ENSMUSG00000031433	Rbm41	1440937_at	NA	-0.388143788718169	-0.1	NA	0.0207236556928482	0
ENSMUSG00000031442	Mcf2l	1434140_at	NA	-0.254968881784309	0	0.0924730579240674	2.37371958783202	0.2
ENSMUSG00000031448	Adprhl1	1455952_at	0.00546506209319574	-7.02585852990441	-0.8	NA	-1.66900596583963	-0.1
ENSMUSG00000031461	Myom2	1457435_x_at	0.00349415022584645	-7.83949728656263	-1.2	0.00939208592446746	-4.37569986469377	-0.6
ENSMUSG00000031465	Angpt2	1459636_at	NA	-0.895400292590741	-0.1	NA	1.59057286308423	0.1
ENSMUSG00000031467	Agpat5	1453257_at	NA	-0.415002284752886	-0.1	NA	0.107653526524448	0
ENSMUSG00000031479	Vps36	1452898_at	NA	1.74539067611818	0.3	NA	1.00061208029405	0.1
ENSMUSG00000031483	Erlin2	1435223_at	NA	-1.56832096991046	-0.3	NA	1.77426235663408	0.2
ENSMUSG00000031485	Plpbp	1441685_at	NA	0.857030630779747	0.1	NA	0.0969909180292471	0
ENSMUSG00000031487	Brf2	1429561_at	NA	-0.823987313438666	-0.1	NA	-0.423207408594998	0
ENSMUSG00000031488	Rab11fip1	1447264_at	NA	-0.640219686415871	-0.1	NA	-1.14184192784579	-0.1
ENSMUSG00000031497	Tnfsf13b	1445251_at	NA	1.42043221415541	0.3	NA	-1.810120610525	-0.1
ENSMUSG00000031508	Ankrd10	1429305_at	NA	1.34056356871261	0.2	NA	0.272779982377873	0
ENSMUSG00000031510	1700128E19Rik	1431838_at	NA	0.845234192125701	0.1	NA	-1.24402035462085	-0.1
ENSMUSG00000031511	Arhgef7	1458969_at	NA	1.69516813811015	0.2	NA	-1.00248184036632	-0.1
ENSMUSG00000031512	Tex29	1453407_at	NA	1.1197563291754	0.2	NA	-0.455718628387628	0
ENSMUSG00000031520	Vegfc	1439766_x_at	NA	-0.22984460938583	0	0.00234919024444487	5.86892893177777	0.6
ENSMUSG00000031521	Aga	1434665_at	NA	0.368646169935628	0.1	0.00387120066088518	5.2116855772716	0.6
ENSMUSG00000031523	Dlc1	1436173_at	NA	0.156885415937068	0	NA	0.845979598487467	0.1
ENSMUSG00000031529	Tnks	1433778_at	NA	2.06020756757581	0.3	0.154644138924166	1.92778584262279	0.2
ENSMUSG00000031533	Mrps31	1443165_at	NA	-0.0591423057548201	0	NA	0.565871602461029	0.1
ENSMUSG00000031537	Ikbkb	1445141_at	NA	-0.269793510575641	0	NA	1.53378897363483	0.1
ENSMUSG00000031538	Plat	1458553_at	NA	-1.01851105540399	-0.1	NA	-0.413146279381687	0
ENSMUSG00000031540	Kat6a	1437487_at	NA	-1.02695122014963	-0.1	NA	0.329758270718575	0
ENSMUSG00000031543	Ank1	1443291_at	NA	-0.138499980615581	0	NA	-2.6435949129456	-0.2
ENSMUSG00000031545	Gpat4	1436276_at	NA	-0.0802514891671975	0	0.00891020778654109	4.42761285691107	0.4
ENSMUSG00000031548	Sfrp1	1428136_at	NA	2.18051557293494	0.2	0.0035036211423983	5.36377566956573	0.7
ENSMUSG00000031557	Plekha2	1436177_at	NA	4.54798454089293	0.5	NA	1.713967937505	0.2
ENSMUSG00000031558	Slit2	1458140_at	NA	1.09560869681406	0.2	0.0712304966073256	-2.5826458811452	-0.2
ENSMUSG00000031559	4930555F03Rik	1431662_at	NA	-1.17178992339615	-0.2	NA	-0.431054174342472	0
ENSMUSG00000031562	Dctd	1454659_at	NA	3.53269870393151	0.4	0.161741194957123	-1.89499061197782	-0.2
ENSMUSG00000031565	Fgfr1	1436551_at	0.134807040412209	2.36734942865293	0.5	0.0593357988340977	2.73554131457536	0.2
ENSMUSG00000031568	Rwdd4a	1457983_s_at	NA	-0.362727380682724	-0.1	NA	2.15821321348774	0.2
ENSMUSG00000031577	Tti2	1457906_at	NA	-0.600199208313158	-0.1	NA	-0.613817009846041	-0.1
ENSMUSG00000031586	Rbpms	1459078_at	NA	-0.786994732591651	-0.1	NA	-1.24793568692686	-0.1
ENSMUSG00000031595	Pdgfrl	1428896_at	0.0107338410147121	5.26323981251703	0.9	0.000217373299463471	9.51374670722219	1.2
ENSMUSG00000031596	Slc7a2	1436555_at	0.223730634880946	1.86920444574121	0.4	0.00520123916117671	4.9579288928199	0.7
ENSMUSG00000031600	Vps37a	1429363_at	0.568335883452168	-0.742337019922828	-0.2	0.0290971970847158	3.33790757282038	0.5
ENSMUSG00000031604	Msmo1	1459627_at	NA	-0.645640507076116	-0.1	0.929678732377547	0.124632013962022	0
ENSMUSG00000031605	Klhl2	1458351_s_at	NA	1.6633070667765	0.3	NA	1.60145370134561	0.1
ENSMUSG00000031616	Ednra	1433525_at	NA	1.6330681803116	0.2	NA	0.508666315977585	0.1
ENSMUSG00000031618	Nr3c2	1435991_at	NA	0.83673445011299	0.1	NA	0.19793842974466	0
ENSMUSG00000031620	Iqcm	1429542_at	NA	-0.73665758626758	-0.1	NA	-2.46405932844827	-0.2
ENSMUSG00000031621	Isx	1431922_at	NA	0.632407925943308	0.1	NA	-0.106545410310415	0
ENSMUSG00000031622	Sin3b	1452849_at	NA	0.780916039096038	0.1	0.971379451621886	-0.0566031909868282	0
ENSMUSG00000031626	Sorbs2	1437197_at	0.0933437747406755	-2.74977649744686	-0.7	0.000341587439642499	8.18665994008864	0.8
ENSMUSG00000031628	Casp3	1430192_at	NA	-0.290593122088872	0	NA	1.40975320740724	0.1
ENSMUSG00000031629	Cenpu	1428518_at	NA	0.815563902670467	0.1	NA	1.9176926039987	0.2
ENSMUSG00000031631	Cfap97	1429155_at	0.139066057313283	2.3404849623933	0.5	0.295063899744315	1.36670099083275	0.1
ENSMUSG00000031636	Pdlim3	1443299_at	NA	2.43198390669988	0.3	NA	-0.0342223547093719	0
ENSMUSG00000031637	Lrp2bp	1439821_at	NA	-0.703159619888686	-0.1	0.104581259303411	-2.26633345430513	-0.2
ENSMUSG00000031641	Cbr4	1456799_at	0.730197555498095	0.444748029771804	0.1	NA	-1.0717014365209	-0.1
ENSMUSG00000031644	Nek1	1434267_at	0.301821985524179	1.51264120343038	0.4	0.28533401757058	-1.39992940549831	-0.2
ENSMUSG00000031647	Mfap3l	1453607_at	0.00279904699853638	8.29876326630019	0.9	0.00378849098946703	-5.24941777352284	-0.5
ENSMUSG00000031651	Triml1	1438872_at	NA	-0.380116997685389	0	NA	0.154388361680311	0
ENSMUSG00000031652	N4bp1	1446957_s_at	NA	0.695021860119441	0.1	0.019382808109082	3.71592032176131	0.4
ENSMUSG00000031657	Heatr3	1456597_at	NA	-0.984188988968985	-0.1	NA	-0.0566182538582129	0
ENSMUSG00000031660	Brd7	1436469_at	NA	-0.0357323375805871	0	NA	0.67193473851663	0.1
ENSMUSG00000031661	Nkd1	1429507_at	NA	-0.801257320751683	-0.1	NA	-0.405532606635996	0
ENSMUSG00000031665	Sall1	1437983_at	NA	-0.137939967313771	0	NA	0.64642180591548	0
ENSMUSG00000031669	Gins3	1429149_at	NA	2.81542575912838	0.3	NA	-0.133331337461494	0
ENSMUSG00000031673	Cdh11	1435120_at	NA	-0.0924107603815797	0	NA	1.96066406106607	0.2
ENSMUSG00000031681	Smad1	1459843_s_at	0.568064808950128	0.743467381195006	0.2	0.278345191983426	1.42238394614182	0.2
ENSMUSG00000031682	1700011L22Rik	1453346_at	NA	0.40487312087188	0.1	NA	0.437876898548234	0
ENSMUSG00000031683	Lsm6	1437109_s_at	0.0841147489613396	2.85389848073763	0.5	0.035019876076415	3.17525575435885	0.3
ENSMUSG00000031684	Slc10a7	1436302_at	0.0837075862254525	2.86085154930067	0.6	0.022140010574693	3.60561131064549	0.4
ENSMUSG00000031688	Pou4f2	1437588_at	NA	0.460480055247716	0.1	NA	0.81405679425931	0.1
ENSMUSG00000031691	Tnpo2	1437283_at	0.0423622577264991	3.57653140320167	0.5	0.0373372307407026	3.12494229513986	0.4
ENSMUSG00000031698	Mylk3	1439101_at	NA	0.130441136975244	0	NA	0.67589896977222	0.1
ENSMUSG00000031700	Gpt2	1439029_at	NA	-0.682112551347127	-0.1	0.302631306960969	-1.34174834153202	-0.2
ENSMUSG00000031701	Dnaja2	1429476_s_at	NA	0.272507877499922	0	NA	2.4431707158471	0.2
ENSMUSG00000031706	Rfx1	1436059_at	NA	2.05518045416673	0.3	0.192173814410332	1.74729155405586	0.2
ENSMUSG00000031709	Tbc1d9	1431253_s_at	0.674194083008036	-0.535142803722915	-0.1	NA	0.0494362947555911	0
ENSMUSG00000031715	Smarca5	1440048_at	NA	-0.765820135792203	-0.1	NA	-2.54849899106053	-0.2
ENSMUSG00000031723	Txnl4b	1455081_at	NA	-1.18789666621521	-0.1	NA	3.10699077520747	0.2
ENSMUSG00000031731	Ap1g1	1434081_at	NA	1.87579930207899	0.3	NA	1.51171026135162	0.1
ENSMUSG00000031732	Phlpp2	1435601_at	NA	1.16722192138772	0.2	0.444722810469588	0.998997026710324	0.1
ENSMUSG00000031736	Crnde	1431297_a_at	NA	2.17104716095538	0.2	0.229156232494363	1.59261915528437	0.2
ENSMUSG00000031754	Nudt21	1428339_at	0.274499652945154	1.62874694251584	0.5	0.674899976525834	0.565675601028907	0.1
ENSMUSG00000031758	Cdyl2	1432229_a_at	NA	0.343966930895367	0.1	NA	-0.424394962152648	0
ENSMUSG00000031766	Slc12a3	1446552_at	NA	1.06192013659606	0.2	NA	-1.21160617945686	-0.1
ENSMUSG00000031767	Nudt7	1430896_s_at	NA	0.748273848332997	0.1	NA	-1.68069298510632	-0.1
ENSMUSG00000031781	Ciapin1	1440356_at	NA	0.60011488356698	0.1	NA	-1.25379555756384	-0.1
ENSMUSG00000031790	Mmp15	1439734_at	NA	2.00397311408587	0.3	NA	-1.0068117285407	-0.1
ENSMUSG00000031808	Slc27a1	1435658_at	NA	2.1080052307562	0.3	0.0175293814035885	3.81467453100347	0.3
ENSMUSG00000031809	1700018B08Rik	1429075_a_at	NA	-1.53135264069086	-0.2	0.295667316569166	-1.36491195792503	-0.1
ENSMUSG00000031816	Mthfsd	1441227_at	NA	-0.410521397354972	-0.1	NA	0.409246240830785	0
ENSMUSG00000031819	Emc8	1434952_at	NA	1.70216614228867	0.2	NA	-0.203696385670061	0
ENSMUSG00000031821	Gins2	1428713_s_at	0.00751353509352712	5.92629097068662	0.6	NA	-0.914820453552315	-0.1
ENSMUSG00000031822	Gse1	1455476_a_at	0.016885828050311	4.64289112456436	0.6	0.0651887646063552	2.6570115030812	0.4
ENSMUSG00000031824	6430548M08Rik	1435928_at	NA	0.607871971994671	0.1	NA	-0.0620366235030528	0
ENSMUSG00000031825	Crispld2	1437056_x_at	NA	0.386607386462619	0	NA	-2.20020139212962	-0.2
ENSMUSG00000031838	Ifi30	1453984_at	NA	-1.3955217259975	-0.2	NA	0.495397962316359	0
ENSMUSG00000031841	Cdh13	1434115_at	NA	1.13300893776436	0.1	NA	-1.05162628361651	-0.1
ENSMUSG00000031847	1700030J22Rik	1430565_at	NA	-0.509288339935415	-0.1	0.417382912688507	-1.05896131211682	-0.1
ENSMUSG00000031851	Ntpcr	1457774_at	NA	2.94334145010477	0.4	NA	0.830687827371133	0.1
ENSMUSG00000031853	Map3k21	1441213_at	NA	1.14895388092551	0.2	NA	0.652248716152133	0.1
ENSMUSG00000031861	Lpar2	1442291_at	0.241626484180413	-1.78754368026485	-0.4	NA	0.163724815526791	0
ENSMUSG00000031864	Ints10	1452810_at	NA	2.1264216986751	0.3	NA	-0.297378365979612	0
ENSMUSG00000031870	Pgr	1439527_at	NA	2.62709018979233	0.4	NA	-0.00116476623301867	0
ENSMUSG00000031883	Car7	1434973_at	NA	-0.934506776303421	-0.1	NA	0.766720814525326	0.1
ENSMUSG00000031887	Tradd	1439910_a_at	NA	0.695346929184974	0.1	NA	-1.4619518173626	-0.1
ENSMUSG00000031901	Dus2	1452687_at	NA	-2.06455633553314	-0.3	NA	0.974769211093039	0.1
ENSMUSG00000031906	Smpd3	1438665_at	NA	0.092015304789295	0	NA	-1.8055247923328	-0.1
ENSMUSG00000031921	Terf2	1455651_at	NA	1.15927120213686	0.1	NA	-0.565097038686516	-0.1
ENSMUSG00000031922	Cep57	1428968_at	NA	1.63631195005156	0.3	0.476130334171192	0.930908022785935	0.1
ENSMUSG00000031927	1700012B09Rik	1428984_a_at	NA	-2.02326973110615	-0.3	0.209712131777563	-1.67331118729712	-0.2
ENSMUSG00000031928	Mre11a	1441990_at	NA	-0.532770072449699	-0.1	NA	-0.0198709726049617	0
ENSMUSG00000031930	Wwp2	1438482_at	NA	-0.194388065856624	0	NA	2.59593719622475	0.2
ENSMUSG00000031932	Gpr83	1439569_at	NA	-0.361309648645654	0	0.0095287507417723	-4.35628717938163	-0.4
ENSMUSG00000031934	Panx1	1440363_at	NA	0.698589541758995	0.1	NA	-0.790093038679866	-0.1
ENSMUSG00000031936	Hephl1	1458680_at	0.0147192600442378	-4.87248735209315	-0.8	NA	-2.65259497245451	-0.2
ENSMUSG00000031937	Vstm5	1428400_at	NA	-1.2376270630696	-0.2	NA	-0.866498894187733	-0.1
ENSMUSG00000031949	Adat1	1444049_at	NA	-0.826543998036987	-0.1	NA	-1.10564291073314	-0.1
ENSMUSG00000031951	Tmem231	1456602_at	NA	1.3690612856484	0.2	NA	1.81642623041787	0.2
ENSMUSG00000031953	Tmem170	1431128_at	NA	1.52152649806477	0.2	NA	1.12271635921661	0.1
ENSMUSG00000031958	Ldhd	1428613_at	NA	0.560185419302161	0.1	NA	-0.38066356263697	0
ENSMUSG00000031959	Wdr59	1456638_at	NA	0.653286632743719	0.1	NA	1.45390411472781	0.1
ENSMUSG00000031963	Bmper	1429273_at	0.020272140676387	4.40906249211099	0.8	0.104506191548862	2.26756919073823	0.3
ENSMUSG00000031965	Tbx20	1453351_at	NA	-0.147868886617906	0	0.859626173845271	-0.24734274919735	0
ENSMUSG00000031966	Glb1l3	1453143_at	NA	-0.855643358279676	-0.1	NA	0.881984674396608	0.1
ENSMUSG00000031976	Urb2	1435379_at	0.676069474151007	0.531079417253463	0.2	NA	-1.43414289519193	-0.1
ENSMUSG00000031982	Arv1	1429161_at	NA	-2.63714270657193	-0.4	NA	-1.14347904535291	-0.1
ENSMUSG00000031983	2310022B05Rik	1428910_at	NA	0.811118256663382	0.1	NA	0.625838963897012	0.1
ENSMUSG00000031984	2810004N23Rik	1434870_at	NA	-1.30599767783473	-0.1	NA	1.37561362115994	0.1
ENSMUSG00000031988	Vps26b	1453762_at	0.353119684394257	1.35130703883014	0.3	NA	1.44986206444028	0.1
ENSMUSG00000031993	Snx19	1457400_at	NA	0.441861153602522	0.1	NA	-0.0262443133956239	0
ENSMUSG00000031998	1700128F08Rik	1432285_at	NA	-0.407363721368298	0	NA	0.156457115102557	0
ENSMUSG00000032002	Dcun1d5	1444582_at	NA	0.316103595487726	0	NA	-0.622436422301825	-0.1
ENSMUSG00000032006	Pdgfd	1456532_at	NA	0.764651327597522	0.1	NA	-0.51590101239692	-0.1
ENSMUSG00000032009	Sesn3	1453313_at	0.0316862697812612	3.89732256628944	0.6	0.000875196862306941	6.9458856984319	0.7
ENSMUSG00000032012	Nectin1	1438421_at	NA	-0.686600830706892	-0.1	NA	-0.189302200481844	0
ENSMUSG00000032018	Sc5d	1434520_at	0.0423169882690153	3.59545923141596	0.9	0.0358846942522549	3.15246027749479	0.3
ENSMUSG00000032020	Ubash3b	1429475_at	NA	-0.822470508697163	-0.1	0.289218555568434	-1.38716961431285	-0.2
ENSMUSG00000032023	Jhy	1430793_at	NA	0.840653983680131	0.1	NA	-1.71462952603578	-0.1
ENSMUSG00000032028	Nxpe2	1453220_at	NA	0.86042841674151	0.1	NA	-0.472865480858549	0
ENSMUSG00000032030	Cul5	1428287_at	NA	0.345145775106016	0.1	NA	-0.0930294554614946	0
ENSMUSG00000032034	Kcnj5	1441590_at	NA	-0.101592284572963	0	NA	1.36027676096667	0.1
ENSMUSG00000032036	Kirrel3	1431402_at	NA	-0.401784192063863	-0.1	NA	-0.522559857995632	0
ENSMUSG00000032048	4930510E17Rik	1431987_at	NA	1.54284435230437	0.2	NA	-0.915631661692589	-0.1
ENSMUSG00000032057	4833427G06Rik	1430762_at	NA	4.72775518212382	0.5	0.000487789179881685	7.68588583431436	0.6
ENSMUSG00000032064	Dixdc1	1444395_at	NA	1.80053068511093	0.2	NA	-0.00661295513733665	0
ENSMUSG00000032067	Pts	1458402_at	NA	-0.563034587903695	-0.1	NA	-0.433386103941469	0
ENSMUSG00000032068	Plet1	1454254_s_at	NA	-0.546721009763171	-0.1	NA	1.38608075650467	0.1
ENSMUSG00000032087	Dscaml1	1457463_at	NA	-0.0324098295802051	0	NA	0.993519783009547	0.1
ENSMUSG00000032096	Arcn1	1436062_at	NA	1.26013396721031	0.2	NA	1.19047247176026	0.1
ENSMUSG00000032101	Ddx25	1443290_at	NA	-0.76490768426208	-0.1	NA	-1.01364631051479	-0.1
ENSMUSG00000032112	Trappc4	1415674_a_at	NA	-0.113945510934692	0	NA	0.128770082986863	0
ENSMUSG00000032113	Chek1	1439208_at	NA	-0.860140311148486	-0.1	NA	1.42627099534881	0.1
ENSMUSG00000032116	Stt3a	1441417_at	NA	0.265135579848403	0	NA	-0.63030918350916	0
ENSMUSG00000032119	Hinfp	1437757_at	NA	1.31185652244648	0.2	NA	0.121587617006205	0
ENSMUSG00000032120	C2cd2l	1457585_at	0.289805334270333	1.56609900286369	0.4	NA	-1.05272976777966	-0.1
ENSMUSG00000032128	Robo3	1436634_at	NA	0.057673007407923	0	NA	-1.71989542358874	-0.1
ENSMUSG00000032172	Olfm2	1435790_at	NA	0.924046349584267	0.1	NA	-2.92208673338343	-0.2
ENSMUSG00000032179	Bmp5	1455851_at	NA	-0.149377183775009	0	NA	-0.60259855192943	-0.1
ENSMUSG00000032186	Tmod2	1437167_at	NA	0.710778886524291	0.1	NA	0.84791424108545	0.1
ENSMUSG00000032193	Ldlr	1459403_at	NA	1.64075681477845	0.2	0.71693578223886	0.490849238290438	0.1
ENSMUSG00000032194	Kank2	1460559_at	0.153984426269339	2.23099717025387	0.4	NA	1.06276044154673	0.1
ENSMUSG00000032198	Dock6	1430683_at	NA	0.410503287287385	0	0.104581259303411	-2.26527590893257	-0.2
ENSMUSG00000032202	Rab27a	1429123_at	NA	0.116960850257804	0	NA	1.61850664030432	0.1
ENSMUSG00000032212	Sltm	1429624_at	NA	1.10924780644472	0.1	NA	1.58613498879542	0.2
ENSMUSG00000032220	Myo1e	1428509_at	0.0265638210768632	4.08480103822857	0.6	NA	0.336456036692045	0
ENSMUSG00000032221	Mns1	1444769_at	NA	1.64468158773584	0.2	NA	-0.275569384613897	0
ENSMUSG00000032226	Gcnt3	1430963_at	NA	-1.02107215569982	-0.1	NA	-1.61834111346387	-0.1
ENSMUSG00000032228	Tcf12	1446294_at	NA	-0.0857855192935063	0	NA	0.331372772777797	0
ENSMUSG00000032232	Cgnl1	1448052_at	NA	0.623792286994487	0.1	NA	-0.71875655996405	-0.1
ENSMUSG00000032238	Rora	1441085_at	0.342074506705067	-1.38251041273051	-0.3	NA	0.149020837710141	0
ENSMUSG00000032252	Glce	1440386_at	NA	-1.97686733216326	-0.2	NA	-0.0460023166440917	0
ENSMUSG00000032253	Phip	1429004_at	0.162294974308324	2.17824629204586	0.5	0.0872768733421171	-2.42740436093776	-0.3
ENSMUSG00000032258	Lca5	1430340_at	NA	1.12497733360448	0.2	NA	0.482192130396158	0
ENSMUSG00000032261	Sh3bgrl2	1434211_at	NA	0.138307718636491	0	NA	0.289515500956119	0
ENSMUSG00000032264	Zw10	1441888_x_at	0.150274797842555	2.26640579947887	0.4	NA	0.899153741691076	0.1
ENSMUSG00000032265	Tent5a	1437868_at	NA	3.05737422070272	0.4	0.00329482098604355	5.45256730151165	0.6
ENSMUSG00000032267	Usp28	1433982_at	NA	-1.07498234633684	-0.2	NA	-0.821227342037786	-0.1
ENSMUSG00000032278	Paqr5	1456654_at	NA	-2.39658299734709	-0.2	NA	-0.444606425354292	0
ENSMUSG00000032280	Tle3	1458512_at	NA	0.741343053151168	0.1	NA	-1.62256609389648	-0.1
ENSMUSG00000032289	Thsd4	1455262_at	NA	0.215434532448168	0	NA	0.1641785469033	0
ENSMUSG00000032297	Celf6	1429790_at	NA	-1.23621446692484	-0.2	NA	-1.24409599879532	-0.1
ENSMUSG00000032298	Neil1	1452871_at	NA	0.391052192440101	0.1	NA	0.12337804077432	0
ENSMUSG00000032300	1700017B05Rik	1447063_at	NA	1.22437119012899	0.1	NA	-1.35733396396951	-0.1
ENSMUSG00000032305	Fam219b	1439784_at	NA	0.901002354881664	0.1	0.0490240180602967	2.8849297954585	0.3
ENSMUSG00000032307	Ube2q2	1433664_at	0.958523942857475	-0.0692279015410735	0	0.302631306960969	1.34149651423091	0.2
ENSMUSG00000032311	Nrg4	1457123_at	NA	-0.223581450194221	0	NA	-1.40174183493607	-0.1
ENSMUSG00000032320	Rcn2	1444248_at	NA	-0.28300926808792	0	NA	-1.13340963693934	-0.1
ENSMUSG00000032328	Tmem30a	1443619_at	NA	-0.2364933507986	0	NA	-0.540823514108822	-0.1
ENSMUSG00000032329	Hmg20a	1442683_at	NA	-1.29795594313842	-0.1	NA	-1.72170816565926	-0.1
ENSMUSG00000032332	Col12a1	1434411_at	0.0340904164301543	3.80692404301067	1.1	0.000875196862306941	6.9243091508214	1.6
ENSMUSG00000032333	Stoml1	1452738_at	NA	-1.00844176106699	-0.2	0.0924730579240674	2.37412332010563	0.3
ENSMUSG00000032334	Loxl1	1436063_at	NA	1.77532774873756	0.3	0.0787591202545849	2.50606360764148	0.2
ENSMUSG00000032336	Nptn	1441457_at	NA	-0.104262268450708	0	NA	1.57367472773886	0.1
ENSMUSG00000032340	Neo1	1447693_s_at	0.982406543287299	-0.0274347013787184	0	0.209251835520835	1.67547404250871	0.3
ENSMUSG00000032344	Cgas	1440299_at	NA	1.49025844417112	0.3	NA	0.37300847654332	0
ENSMUSG00000032346	Ooep	1460471_at	NA	-0.713675015401769	-0.1	NA	1.83844353981921	0.1
ENSMUSG00000032355	Mlip	1453059_at	NA	0.606593977298316	0.1	0.118125996895181	-2.16458905763988	-0.2
ENSMUSG00000032356	Rasgrf1	1459056_at	NA	-2.54845973003449	-0.3	NA	-0.268656267316301	0
ENSMUSG00000032359	Ctsh	1443814_x_at	NA	0.859679824756847	0.1	NA	3.17091826233213	0.2
ENSMUSG00000032360	Hcrtr2	1444223_at	NA	0.772116349534709	0.1	NA	-1.72433364591076	-0.2
ENSMUSG00000032368	Zic1	1439627_at	NA	-0.75864500230635	-0.1	NA	0.569602119289091	0
ENSMUSG00000032375	Aph1b	1456500_at	NA	3.45514909384802	0.4	NA	3.24451524811528	0.2
ENSMUSG00000032376	Usp3	1435531_at	0.133356501525922	2.37744374520077	0.5	NA	0.679020940265966	0.1
ENSMUSG00000032377	Plscr4	1443406_at	NA	2.71339768699699	0.4	NA	0.318585434628326	0
ENSMUSG00000032384	Csnk1g1	1428806_at	0.115427322723521	2.51934715483794	0.4	0.324343080679195	1.27713212646851	0.1
ENSMUSG00000032386	Trip4	1442743_at	NA	0.0298475939791939	0	NA	1.03504984367929	0.1
ENSMUSG00000032393	Dpp8	1431064_at	NA	0.299790254919281	0	0.0383440203396783	3.0989466432433	0.3
ENSMUSG00000032396	Dis3l	1437737_at	0.547920680824915	0.788715017158198	0.2	NA	0.279185152191517	0
ENSMUSG00000032402	Smad3	1454960_at	NA	0.81773797280717	0.1	NA	-0.153216366617546	0
ENSMUSG00000032403	2300009A05Rik	1428836_at	NA	-0.549661185738331	-0.1	NA	2.11214598828234	0.2
ENSMUSG00000032407	U2surp	1455352_at	NA	1.79072037399905	0.3	NA	-0.575016837385556	-0.1
ENSMUSG00000032409	Atr	1445091_at	NA	-0.340108058447346	0	NA	-0.252845922330353	0
ENSMUSG00000032410	Xrn1	1442141_at	NA	2.17899973139495	0.3	NA	0.411250507980691	0
ENSMUSG00000032411	Tfdp2	1437174_at	NA	1.33628611763886	0.2	NA	2.39672014216658	0.2
ENSMUSG00000032413	Rasa2	1455181_at	NA	2.71366081689563	0.3	NA	0.432869911149508	0
ENSMUSG00000032415	Ube2cbp	1453577_at	NA	0.00909849771097371	0	0.0148489491187743	-3.98436605035782	-0.3
ENSMUSG00000032417	Rwdd2a	1428963_at	NA	-0.342156513283747	-0.1	NA	-2.25174652807092	-0.2
ENSMUSG00000032419	Tbx18	1429974_at	0.0949636573180063	2.71937396800913	0.7	0.106732845909307	2.24828629854192	0.3
ENSMUSG00000032420	Nt5e	1459023_at	NA	0.465197824561809	0.1	NA	-2.65464504578453	-0.2
ENSMUSG00000032423	Syncrip	1428546_at	0.310836051903177	1.47412447356888	0.5	0.625735237689429	-0.65072973204203	-0.1
ENSMUSG00000032425	Zfp949	1456518_at	NA	0.172887526297225	0	0.0031869114485417	5.51228123570694	0.4
ENSMUSG00000032443	Zcwpw2	1454097_at	NA	-0.314083786829655	-0.1	NA	1.82430756959289	0.1
ENSMUSG00000032449	Slc25a36	1438520_at	NA	0.464898097061613	0.1	NA	-0.254579835607767	0
ENSMUSG00000032451	Trim42	1430432_at	NA	-2.04418957286678	-0.2	NA	-1.89985127429363	-0.1
ENSMUSG00000032452	Clstn2	1441165_s_at	NA	-0.673149050046605	-0.1	NA	-2.04016358967132	-0.2
ENSMUSG00000032456	Nmnat3	1432342_at	NA	-0.908050792116248	-0.1	0.393077078759867	-1.11409904117245	-0.1
ENSMUSG00000032462	Pik3cb	1453069_at	0.093832782876399	-2.73931463015701	-0.5	0.462601036343829	0.962362634221685	0.1
ENSMUSG00000032468	Armc8	1434950_a_at	NA	-0.317155493072631	0	NA	3.11058693630298	0.2
ENSMUSG00000032470	Mras	1453419_at	0.157267980706848	2.21185186447144	0.4	NA	1.69021352283666	0.2
ENSMUSG00000032475	Nck1	1447271_at	NA	1.59831175758429	0.3	NA	0.299352174478313	0
ENSMUSG00000032477	Cdc25a	1445995_at	NA	0.777693154226975	0.1	NA	-1.38687647330891	-0.1
ENSMUSG00000032479	Map4	1443702_at	NA	-0.0473953060257317	0	NA	-0.586745836350486	-0.1
ENSMUSG00000032481	Smarcc1	1455246_at	0.043192998090812	3.55140613408513	0.6	0.164122553878449	-1.87896857335924	-0.3
ENSMUSG00000032485	Scap	1442885_at	NA	-0.210763055440614	0	NA	-0.303349281943549	0
ENSMUSG00000032491	Nradd	1429127_at	NA	1.99366131871476	0.3	NA	-0.356647824244712	0
ENSMUSG00000032493	Prss44	1429995_at	NA	-1.0607463106724	-0.1	NA	1.17768380123491	0.1
ENSMUSG00000032495	Lrrc2	1453628_s_at	NA	-1.27813935542851	-0.1	NA	-0.822166584669561	-0.1
ENSMUSG00000032497	Lrrfip2	1436378_at	NA	0.709874297657235	0.1	NA	0.300123754988385	0
ENSMUSG00000032500	Dclk3	1436532_at	NA	-1.3422005947552	-0.2	NA	-0.722650317504918	-0.1
ENSMUSG00000032503	Arpp21	1440429_at	0.342074506705067	-1.38660970832602	-0.3	0.746765923343665	0.4332773849009	0
ENSMUSG00000032507	Fbxl2	1428427_at	0.28392461990213	-1.60070280253714	-0.4	0.0148489491187743	3.98451564133386	0.4
ENSMUSG00000032511	Scn5a	1458813_at	NA	1.41225531862299	0.1	0.000146158510210944	-11.115369071186	-0.9
ENSMUSG00000032512	Wdr48	1443836_x_at	NA	-0.682332267350298	-0.1	NA	0.253966784751354	0
ENSMUSG00000032514	Ttc21a	1428932_at	NA	-0.0288648247593023	0	NA	0.0410861123007025	0
ENSMUSG00000032515	Csrnp1	1434350_at	NA	0.390630139959621	0.1	NA	-2.23685303299866	-0.2
ENSMUSG00000032517	Mobp	1436263_at	NA	0.652786762015703	0.1	NA	0.421535155076399	0
ENSMUSG00000032525	Nktr	1440804_at	NA	-0.381744172978456	-0.1	0.275634200021811	-1.42964079852908	-0.2
ENSMUSG00000032528	Vipr1	1455555_at	NA	-0.762013680549259	-0.1	NA	-0.146799023866356	0
ENSMUSG00000032534	Cep63	1438409_at	NA	0.748471758630429	0.2	NA	2.32861345719207	0.2
ENSMUSG00000032536	Trak1	1459666_at	0.0459810467580516	3.48299648636442	0.5	NA	-1.16697703839434	-0.1
ENSMUSG00000032537	Ephb1	1455188_at	NA	0.464083503768258	0.1	NA	1.48193449767399	0.1
ENSMUSG00000032547	Ryk	1447400_at	NA	1.26826493265214	0.1	NA	-1.83064578851454	-0.1
ENSMUSG00000032548	Slco2a1	1444242_at	NA	0.644139910955842	0.1	NA	-0.456020969582641	0
ENSMUSG00000032549	Rab6b	1455924_at	NA	-0.70809206709986	-0.1	NA	-0.663960018541057	0
ENSMUSG00000032555	Topbp1	1458480_at	NA	-1.18565894240591	-0.1	0.0137629268941252	-4.06325843888868	-0.3
ENSMUSG00000032556	Bfsp2	1434463_at	NA	-0.25752386777795	0	NA	-0.429920968305524	0
ENSMUSG00000032557	Uba5	1435247_at	0.377476869121919	1.24568786319739	0.3	0.000939583207442664	6.82030095945197	0.9
ENSMUSG00000032560	Dnajc13	1445337_at	NA	-0.270854951106221	0	NA	1.47479545506142	0.1
ENSMUSG00000032561	Acpp	1441975_at	NA	-2.98233533312454	-0.3	0.0855197732212875	2.44432163423801	0.2
ENSMUSG00000032563	Mrpl3	1440636_at	NA	0.688726930545366	0.1	NA	0.418795471038821	0
ENSMUSG00000032564	Cpne4	1429443_at	NA	0.833134536502753	0.1	NA	-0.78096599993596	-0.1
ENSMUSG00000032565	Nudt16	1439884_at	NA	1.25559629909793	0.2	NA	1.61170020217068	0.1
ENSMUSG00000032567	Aste1	1447960_at	NA	-0.826884103596057	-0.1	0.550523409079167	-0.788170154904251	-0.1
ENSMUSG00000032570	Atp2c1	1431196_at	NA	-1.07661505412766	-0.1	NA	1.08990811689175	0.1
ENSMUSG00000032572	Col6a4	1445470_at	NA	0.293977407899338	0	NA	-2.04474305335219	-0.1
ENSMUSG00000032577	Mapkapk3	1437494_at	NA	-0.87628557768357	-0.1	NA	-1.73454992929345	-0.1
ENSMUSG00000032579	Hemk1	1430287_s_at	NA	-1.45733855915116	-0.2	NA	-1.46975240555006	-0.1
ENSMUSG00000032580	Rbm5	1441319_at	NA	-1.74313988659425	-0.2	NA	1.86199032650232	0.2
ENSMUSG00000032582	Rbm6	1440223_at	NA	0.831007256016362	0.1	NA	0.32805270878666	0
ENSMUSG00000032583	Mon1a	1428898_at	NA	0.662462300153991	0.1	NA	0.224199756080981	0
ENSMUSG00000032589	Bsn	1436123_at	NA	-0.227564874824453	0	NA	-0.47977631042794	0
ENSMUSG00000032599	Ip6k2	1428373_at	0.598902461225755	0.676241386152606	0.2	NA	-1.81103884060811	-0.2
ENSMUSG00000032601	Prkar2a	1452915_at	NA	1.08285931366771	0.1	0.500024037327511	0.884291891274019	0.1
ENSMUSG00000032609	Klhdc8b	1428221_at	NA	2.38534425343604	0.3	NA	1.19970332009253	0.1
ENSMUSG00000032612	Usp4	1442319_at	NA	1.27261908344909	0.2	NA	-2.32039711892512	-0.2
ENSMUSG00000032621	Srek1	1457392_at	NA	2.0609952639905	0.2	NA	0.156648248630948	0
ENSMUSG00000032624	Eml4	1429612_at	0.73405420152153	0.438882340633248	0.1	NA	1.10196213175662	0.1
ENSMUSG00000032625	Thsd7a	1456721_at	NA	0.0540311479695543	0	0.0884496271802976	2.41278527080159	0.2
ENSMUSG00000032637	Atxn2l	1438668_x_at	NA	-0.350036209146843	-0.1	0.725453120650701	0.474963160776473	0.1
ENSMUSG00000032640	Chsy1	1434316_at	0.11008262655636	2.57324838387211	0.8	0.000649434236817659	7.26637528653651	0.9
ENSMUSG00000032641	Gpr19	1445480_at	NA	-1.49351693970961	-0.3	NA	-0.226006867939139	0
ENSMUSG00000032649	Colgalt2	1437930_at	NA	0.938376545097114	0.2	NA	0.160487517487494	0
ENSMUSG00000032652	Crebl2	1442738_at	NA	-0.52341750742061	-0.1	NA	-2.42189449331558	-0.2
ENSMUSG00000032666	1700025G04Rik	1455732_at	NA	2.72774647713183	0.4	NA	0.463153451164555	0
ENSMUSG00000032667	Pon2	1429019_s_at	0.463330465811982	-0.995616528147128	-0.2	0.0970133521230199	2.33406767602	0.3
ENSMUSG00000032673	Prorsd1	1460456_at	0.635621931479336	0.604951539599548	0.2	0.000791084486093815	7.08867046708404	0.5
ENSMUSG00000032680	6820408C15Rik	1441306_at	NA	-0.420219417915286	-0.1	NA	-1.29546170398558	-0.1
ENSMUSG00000032688	Malt1	1456429_at	NA	1.69616092847324	0.2	NA	-0.931221113022037	-0.1
ENSMUSG00000032702	Kank1	1444711_at	NA	0.515460104878518	0.1	NA	1.07603303401979	0.1
ENSMUSG00000032712	Resf1	1429588_at	0.440860997882652	1.05948284093942	0.3	0.250939156103562	-1.51260898978651	-0.2
ENSMUSG00000032714	Syde1	1431798_a_at	NA	2.23084318532877	0.3	NA	1.06968350749425	0.1
ENSMUSG00000032719	Sbspon	1456335_at	NA	-1.57541637821547	-0.2	NA	0.433020066560033	0
ENSMUSG00000032724	Abtb2	1433454_at	NA	0.199155307676498	0	NA	-0.642757494072569	0
ENSMUSG00000032727	Mier3	1460614_at	0.571397551076905	0.737110771186785	0.2	NA	-1.16386767222037	-0.1
ENSMUSG00000032733	Snx33	1434361_at	NA	1.58807085704704	0.2	0.00212089713026147	5.96124614456972	0.5
ENSMUSG00000032735	Ablim3	1434013_at	0.0490803458732784	-3.40345921389582	-1	NA	-1.22553117091004	-0.1
ENSMUSG00000032740	Ccdc88a	1436025_at	0.108372351318235	2.59434753623922	0.5	NA	0.461112388290108	0
ENSMUSG00000032743	D430042O09Rik	1443334_at	NA	-0.751903304439828	-0.1	NA	-0.57051519764435	-0.1
ENSMUSG00000032745	Gpbp1	1430981_s_at	0.977030130893502	-0.0352960743625165	0	0.0650284090083204	2.65997662540477	0.2
ENSMUSG00000032763	Ilvbl	1454658_at	NA	0.47085680586489	0.1	0.0149222475110304	3.97273374253657	0.4
ENSMUSG00000032769	Trpa1	1457164_at	NA	0.604059730637617	0.1	NA	-0.964015240854723	-0.1
ENSMUSG00000032773	Chrm1	1439611_at	NA	-0.689557440612915	-0.1	NA	-0.855888356034539	-0.1
ENSMUSG00000032776	Mctp2	1457707_at	NA	0.02701056191051	0	NA	0.113173123234339	0
ENSMUSG00000032777	Gtf3c1	1456024_at	NA	0.0327803595876441	0	NA	-1.82580468169588	-0.2
ENSMUSG00000032783	Troap	1433790_at	NA	0.540069515432144	0.1	NA	-0.745432027882478	-0.1
ENSMUSG00000032786	Alas1	1442331_at	NA	-0.457330137681905	0	NA	-0.618885407998546	0
ENSMUSG00000032803	Cdv3	1415704_a_at	NA	0.400577359349242	0.1	0.98598549960229	0.0264041919495552	0
ENSMUSG00000032816	Igdcc4	1458958_at	NA	0.730156371988276	0.1	NA	0.299996486392329	0
ENSMUSG00000032826	Ank2	1459317_at	0.433134506791773	-1.08183320525912	-0.2	NA	-1.65585887121511	-0.2
ENSMUSG00000032827	Ppp1r9a	1457603_at	NA	0.954247336852506	0.2	NA	-0.928124520691162	-0.1
ENSMUSG00000032840	2410131K14Rik	1455935_at	NA	1.32795965670405	0.2	NA	-1.70069394499817	-0.1
ENSMUSG00000032841	Prr5l	1452834_at	NA	-0.428348548216653	-0.1	NA	1.05727406526423	0.1
ENSMUSG00000032842	Abcc10	1447476_at	NA	0.931082085992469	0.1	NA	-0.925599604287762	-0.1
ENSMUSG00000032846	Zswim6	1434967_at	0.273321367418448	1.63541794166508	0.4	0.00906922313055696	4.40697231948091	0.5
ENSMUSG00000032849	Abcc4	1443870_at	NA	-1.30772370495223	-0.2	0.0683067283390172	2.61275322157022	0.3
ENSMUSG00000032850	Rnft2	1435623_at	NA	0.433860425007824	0.1	0.891412316594051	0.191986666071751	0
ENSMUSG00000032852	Rspo4	1453711_at	0.291806774800753	-1.55800948340566	-0.4	0.750530299539917	0.426473930765322	0
ENSMUSG00000032867	Fbxw8	1436732_s_at	NA	0.460272689884801	0.1	0.614957129621648	-0.671077497890001	-0.1
ENSMUSG00000032875	Arhgef17	1433682_at	NA	2.37427744256787	0.4	0.0872768733421171	2.42664619899289	0.3
ENSMUSG00000032883	Acsl3	1452771_s_at	0.697918436837729	-0.494683439330176	-0.1	0.453324480196656	0.98140090012	0.2
ENSMUSG00000032890	Rims3	1459042_at	NA	-0.622615267623249	-0.1	NA	-0.140199405775826	0
ENSMUSG00000032894	1700031F05Rik	1432116_at	NA	0.0963556250829332	0	NA	-0.711013883660459	-0.1
ENSMUSG00000032899	Styk1	1437190_at	NA	-0.220526871283792	0	NA	0.81590764311375	0.1
ENSMUSG00000032900	Tex43	1459759_s_at	0.368064799689156	-1.281375443198	-0.3	NA	-0.985895153161763	-0.1
ENSMUSG00000032902	Slc16a1	1446274_at	NA	-2.02599873809846	-0.2	NA	0.253777557936438	0
ENSMUSG00000032908	Sgpp2	1457867_at	NA	1.29359169203444	0.1	NA	-1.21913725975761	-0.1
ENSMUSG00000032913	Lrig2	1460025_at	NA	0.443639274655687	0.1	NA	1.32140646765327	0.1
ENSMUSG00000032932	Hspa13	1453172_at	NA	0.804477397190896	0.2	0.0398617035401347	3.05921020767359	0.3
ENSMUSG00000032940	Rbm11	1440531_at	NA	0.312121144710462	0	NA	0.557154406200671	0.1
ENSMUSG00000032946	Rasgrp2	1442264_at	NA	-1.68691126708795	-0.3	NA	-1.95726653909056	-0.2
ENSMUSG00000032948	Lipi	1444427_at	NA	0.0127125364421477	0	NA	-1.10888470515011	-0.1
ENSMUSG00000032985	5730522E02Rik	1432237_at	NA	-0.135356710905733	0	NA	-0.699934328695151	-0.1
ENSMUSG00000032998	Foxj3	1459055_at	NA	0.576622437037203	0.1	NA	-2.24078642752269	-0.2
ENSMUSG00000032999	Nlrp4f	1436794_at	NA	0.639512177485348	0.1	NA	2.22191945310631	0.2
ENSMUSG00000033004	Mycbp2	1454900_s_at	NA	0.864332637767316	0.2	0.602096256566709	0.695800968330944	0.1
ENSMUSG00000033007	Asic4	1437091_at	NA	0.351183769698315	0	NA	0.192304882085472	0
ENSMUSG00000033009	Ogfod1	1435025_at	NA	-1.61330172501645	-0.3	NA	1.08718834252218	0.1
ENSMUSG00000033014	Trim33	1455189_at	NA	-0.365561485545547	-0.1	0.995812922400469	-0.00716570644605092	0
ENSMUSG00000033015	4933427E13Rik	1431568_at	NA	-0.509321712714188	-0.1	NA	-2.46024079618319	-0.2
ENSMUSG00000033016	Nfatc1	1428479_at	NA	1.37382366723693	0.2	0.0154902762299242	3.92878469864261	0.4
ENSMUSG00000033020	Polr2f	1415754_at	NA	-1.72677906479891	-0.3	0.0308141803847425	-3.28319035403254	-0.3
ENSMUSG00000033032	Afap1l1	1454727_at	0.116806517476769	-2.50565746629148	-0.7	0.802757278451489	-0.341927919461113	0
ENSMUSG00000033039	Micall1	1460556_at	NA	-0.656392036248381	-0.1	NA	2.69710310134918	0.2
ENSMUSG00000033044	Dhrs7c	1444504_at	0.000699485352613223	-11.6411986457654	-1.5	0.142631679571936	-1.99290525997847	-0.2
ENSMUSG00000033054	Npat	1456485_at	0.406616205409336	1.15594222141953	0.3	0.46724241386911	0.952681957929526	0.1
ENSMUSG00000033060	Lmo7	1458453_at	NA	0.0727543874799112	0	NA	-0.692817101635792	-0.1
ENSMUSG00000033066	Gas7	1457270_at	NA	0.360381546407292	0.1	NA	0.419009612463729	0
ENSMUSG00000033075	Senp1	1428925_at	NA	1.35118417619629	0.1	NA	0.281982883351166	0
ENSMUSG00000033082	Clec1a	1456318_at	NA	1.81378183414427	0.2	NA	-0.346956516327423	0
ENSMUSG00000033083	Tbc1d4	1455903_at	NA	1.3570669055816	0.1	NA	0.359748236500933	0
ENSMUSG00000033102	Cdc14b	1429418_at	NA	2.38761656585726	0.4	0.0742911412535621	2.55323396155257	0.3
ENSMUSG00000033106	Slc7a6os	1429596_at	0.764000642369706	-0.391827574965354	-0.1	0.253736111708144	1.50233028530144	0.2
ENSMUSG00000033111	3830406C13Rik	1434550_at	NA	0.994540788489347	0.1	NA	0.796927407035168	0.1
ENSMUSG00000033114	Slc35d2	1453300_at	NA	0.939424236949272	0.1	NA	0.214456824737652	0
ENSMUSG00000033126	Ybey	1435100_at	NA	0.274666037063254	0	NA	0.15047107978831	0
ENSMUSG00000033147	Slc22a15	1444312_at	NA	1.50678016322847	0.2	NA	-0.651380175138994	0
ENSMUSG00000033152	Podxl2	1455622_at	0.0854284807426765	2.83818747285409	0.5	0.00573017285578353	4.83175490040741	0.6
ENSMUSG00000033174	Mgll	1442560_at	NA	-0.0342657958966916	0	NA	-0.226320344460888	0
ENSMUSG00000033182	Kbtbd12	1432015_a_at	NA	0.612165275378665	0.1	NA	0.274920819868368	0
ENSMUSG00000033184	Tmed7	1429187_at	NA	0.277689362503224	0.1	0.0250591028922397	3.48088643804323	0.3
ENSMUSG00000033186	Mzt1	1455052_a_at	0.448801151500393	1.04079772834026	0.3	0.120154022807883	2.15006424284517	0.4
ENSMUSG00000033192	Lpcat2	1434945_at	NA	-0.0846815170507769	0	NA	-1.33747503149202	-0.1
ENSMUSG00000033207	Mamdc2	1453152_at	0.026374133556866	-4.09404723894165	-0.8	0.0632455933178157	-2.67875925351842	-0.3
ENSMUSG00000033209	Ttc28	1435456_at	NA	2.35241000874961	0.4	0.0133930365446005	4.08538768645621	0.4
ENSMUSG00000033213	AA467197	1434046_at	NA	-0.353565537662062	0	NA	2.72402782774647	0.2
ENSMUSG00000033214	Slitrk5	1429718_at	NA	2.03115626050377	0.3	NA	-0.111886660518095	0
ENSMUSG00000033220	Rac2	1440208_at	NA	0.387089546790886	0.1	NA	-0.0399753789685319	0
ENSMUSG00000033222	Ttf2	1428522_at	0.00799563396434626	5.79041411888754	0.7	NA	0.12276273000617	0
ENSMUSG00000033227	Wnt6	1435980_x_at	NA	-2.57951481955011	-0.3	0.945672497453949	0.0982770968105808	0
ENSMUSG00000033233	Trim45	1441412_s_at	NA	1.03315793954328	0.1	NA	-0.173606554510216	0
ENSMUSG00000033237	Arid2	1454990_at	NA	0.802750137587811	0.2	NA	0.741415025994859	0.1
ENSMUSG00000033253	Szt2	1435279_at	NA	2.83243744374972	0.3	NA	1.08967406917714	0.1
ENSMUSG00000033257	Ttll4	1436249_at	NA	-0.423320806336216	0	NA	-2.22948490867622	-0.2
ENSMUSG00000033268	Duox1	1456877_at	NA	-0.281517296903159	0	NA	-0.988175975650577	-0.1
ENSMUSG00000033276	Stk36	1453584_at	NA	-0.406865467977318	0	NA	-1.13383771708453	-0.1
ENSMUSG00000033285	Wdr3	1433746_at	0.844351427358718	-0.26256440531108	-0.1	0.924552846776619	0.133166432292044	0
ENSMUSG00000033294	Noc4l	1443794_x_at	0.16515924326379	-2.15703915199431	-0.4	0.00148998314304318	-6.31240089350604	-0.7
ENSMUSG00000033306	Lpp	1440167_s_at	NA	2.43053208543434	0.4	NA	2.06573410221454	0.2
ENSMUSG00000033316	Galnt9	1434055_at	NA	-0.84945854304936	-0.1	NA	-1.88422678227239	-0.2
ENSMUSG00000033318	Gstt2	1433073_at	NA	0.358938111362532	0	NA	2.20039878253669	0.2
ENSMUSG00000033319	Fem1c	1428890_at	0.186763660256801	-2.04663168634703	-0.5	0.245989553325196	-1.53191162070739	-0.2
ENSMUSG00000033326	Kdm4a	1435340_at	NA	-2.63190611665842	-0.3	NA	0.312141548338885	0
ENSMUSG00000033342	Plppr5	1429249_at	NA	-1.33630136403722	-0.2	0.227628821091726	1.59916249566948	0.2
ENSMUSG00000033350	Chst2	1460070_at	NA	0.177817494035072	0	NA	0.654525070121382	0.1
ENSMUSG00000033356	Pus7l	1428800_a_at	0.299382751345893	1.52710326432235	0.3	NA	-0.0168494404122191	0
ENSMUSG00000033361	Prrg3	1439549_at	0.42394289680774	1.10838300733535	0.3	NA	-1.57497000169636	-0.1
ENSMUSG00000033364	Usp37	1438212_at	0.668485478747036	0.543694701191128	0.1	NA	-0.251036891285426	0
ENSMUSG00000033365	Ipo13	1433464_at	NA	-2.14078105041923	-0.3	0.477934056027611	0.926711811920549	0.1
ENSMUSG00000033382	Trappc8	1428969_at	0.373560986155776	1.25630190139364	0.3	0.16324393146059	1.88582688574714	0.2
ENSMUSG00000033386	Frrs1	1460141_at	NA	0.615709123144943	0.1	NA	0.326820906668981	0
ENSMUSG00000033389	Arhgap44	1455144_s_at	NA	0.806520781367528	0.2	0.651909413973572	0.605067512642613	0.1
ENSMUSG00000033392	Clasp2	1456911_at	NA	0.818157464806058	0.1	NA	0.0638780839628948	0
ENSMUSG00000033396	Spg11	1445021_at	NA	-1.06323081969462	-0.2	NA	-0.266617180308181	0
ENSMUSG00000033400	Agl	1429083_at	0.802967998068482	-0.329454302049288	-0.1	NA	1.48444762743116	0.1
ENSMUSG00000033405	Nudt15	1455969_at	NA	1.62944170196407	0.2	NA	-0.519159353191799	0
ENSMUSG00000033409	Syce1l	1432442_at	NA	0.853258920982369	0.1	NA	-2.48920192844097	-0.2
ENSMUSG00000033411	Ctdspl2	1435320_at	0.355053956401797	1.33204492680752	0.3	NA	0.900690199317931	0.1
ENSMUSG00000033419	Snap91	1437817_at	NA	-0.485170756035024	-0.1	0.0565670701310233	-2.77357325714465	-0.2
ENSMUSG00000033430	Terf2ip	1456400_at	NA	-0.262883544669932	0	NA	-0.162006600900743	0
ENSMUSG00000033439	Trmt13	1442573_at	NA	0.338368337733177	0	NA	-1.40408662606098	-0.1
ENSMUSG00000033444	Specc1l	1428300_at	NA	1.56789666163126	0.2	0.172126618230516	1.84082527124624	0.2
ENSMUSG00000033446	Lpar6	1428615_at	NA	0.862676535679136	0.2	NA	0.468061933585583	0
ENSMUSG00000033454	Zbtb1	1438110_at	NA	-0.0658356928960338	0	0.801512344716932	0.34475330843895	0.1
ENSMUSG00000033478	Fam160b1	1455429_at	NA	1.93339247690942	0.4	NA	0.205785137664749	0
ENSMUSG00000033486	Catsper2	1445264_at	NA	0.0138175309738118	0	NA	-1.64941565733895	-0.1
ENSMUSG00000033487	Fndc3a	1443863_at	NA	-1.12973866495189	-0.1	NA	-1.54303084580244	-0.1
ENSMUSG00000033488	Cryzl2	1445857_at	NA	0.77207454510422	0.1	NA	-0.779545012425094	-0.1
ENSMUSG00000033502	Cdc14a	1446493_at	NA	1.39439876979736	0.2	NA	-0.622801191180615	-0.1
ENSMUSG00000033520	Idi2	1440852_at	0.62564603712708	-0.624488331415794	-0.3	0.0987891688708567	-2.32057948902865	-0.2
ENSMUSG00000033526	Ppip5k1	1460584_at	NA	-0.739885782638151	-0.1	0.0737377970897143	2.55888253574537	0.3
ENSMUSG00000033543	Gtf2a2	1433528_at	0.659291539374349	0.560064972088336	0.1	0.901319387842884	0.178525913227654	0
ENSMUSG00000033544	Angptl1	1455224_at	NA	-0.445767428862478	-0.1	NA	0.563355433609832	0.1
ENSMUSG00000033557	Fam20b	1458111_at	NA	-0.120563611730214	0	NA	0.284948003521301	0
ENSMUSG00000033569	Adgrb3	1454782_at	NA	2.22389194391555	0.2	NA	0.896140730587817	0.1
ENSMUSG00000033576	Apol6	1429195_at	NA	0.961715558500515	0.1	NA	-0.725222967588604	-0.1
ENSMUSG00000033581	Igf2bp2	1439764_s_at	NA	-1.16076671831995	-0.2	0.0307900260659285	3.2854458760092	0.5
ENSMUSG00000033589	Reep4	1428478_at	NA	2.96445491286308	0.4	0.604632182365014	-0.690484432215977	-0.1
ENSMUSG00000033594	Spata2l	1428338_at	NA	-0.765153183895921	-0.1	NA	0.70132410846976	0.1
ENSMUSG00000033595	Lgi3	1436238_at	NA	-2.08674255341097	-0.3	NA	0.777075364189672	0.1
ENSMUSG00000033597	Caskin1	1455397_at	NA	0.573192052696903	0.1	NA	-1.42961063426878	-0.1
ENSMUSG00000033610	Pank1	1441765_at	NA	-0.882200521225139	-0.1	NA	1.42658715291154	0.1
ENSMUSG00000033623	Pcgf3	1428423_at	NA	1.34960480552055	0.2	0.0770146601114449	2.52483833427069	0.3
ENSMUSG00000033624	Pdpr	1459869_x_at	NA	1.08226623040554	0.2	NA	0.490406350116781	0
ENSMUSG00000033633	Clec18a	1436474_at	0.424057497825798	-1.10741496690724	-0.3	NA	0.0519534095637767	0
ENSMUSG00000033653	Vps8	1454810_s_at	NA	0.200483813962246	0	NA	0.995063768261724	0.1
ENSMUSG00000033671	Cep350	1431102_at	NA	0.0809842128900655	0	NA	-0.816890034838639	-0.1
ENSMUSG00000033676	Gabrb3	1435021_at	NA	-0.674701062225846	-0.1	NA	1.09334987016555	0.1
ENSMUSG00000033685	Ucp2	1459740_s_at	NA	1.02205414017967	0.1	0.0199585934677064	3.69149843679981	0.4
ENSMUSG00000033697	Arhgap39	1447521_x_at	NA	0.0432136672363497	0	NA	0.011985137105724	0
ENSMUSG00000033703	Fcsk	1437986_x_at	NA	1.72052799350414	0.2	NA	-1.93014495708946	-0.1
ENSMUSG00000033705	Stard9	1436324_at	0.266630427104267	1.66994321368162	0.4	NA	3.0712252117841	0.2
ENSMUSG00000033707	Lrrc24	1433876_at	NA	-1.71304478301227	-0.2	NA	-0.218316383148738	0
ENSMUSG00000033713	Foxn3	1434002_at	0.134681049204628	2.36935331843032	0.5	0.0288333056532406	3.34537865957971	0.4
ENSMUSG00000033717	Adra2a	1433600_at	NA	2.14951693562599	0.3	0.0182230841492828	3.77181367179253	0.3
ENSMUSG00000033720	Sfxn5	1436618_at	NA	1.0450537617362	0.1	NA	0.587646174674686	0
ENSMUSG00000033722	BC034090	1435175_at	NA	1.94521849822264	0.3	NA	0.285988948834839	0
ENSMUSG00000033726	Emx1	1441777_at	NA	-1.05008884274981	-0.2	NA	-1.14278524148578	-0.1
ENSMUSG00000033728	Lrrc14	1440470_at	NA	-0.107271753860187	0	0.105556203752714	2.25812492542993	0.3
ENSMUSG00000033730	Egr3	1436329_at	0.0112307884498978	5.17934328213235	0.9	0.000875196862306941	-6.93035442805794	-1.1
ENSMUSG00000033731	3300002A11Rik	1432649_at	NA	0.706162695747277	0.1	NA	-0.66990390372296	-0.1
ENSMUSG00000033732	Sf3b3	1430075_at	NA	0.185982179410179	0	0.0468394538741951	2.92585314206738	0.3
ENSMUSG00000033737	Fndc3c1	1456326_at	NA	1.93089265603051	0.2	NA	0.510643125513858	0.1
ENSMUSG00000033740	St18	1436793_at	NA	0.967243891864846	0.1	NA	0.351935937863104	0
ENSMUSG00000033763	Mtss2	1435359_at	NA	0.499287391590422	0.1	0.289218555568434	1.38703392375708	0.1
ENSMUSG00000033767	Tmem131l	1446219_at	NA	1.21026182902434	0.1	NA	-1.057227188005	-0.1
ENSMUSG00000033768	Nrxn2	1435907_at	NA	-0.331073918354019	0	NA	-1.04551727634075	-0.1
ENSMUSG00000033769	Exoc6b	1434804_at	NA	1.92436116844605	0.2	0.205305088474675	1.69100655800407	0.2
ENSMUSG00000033773	Rpap2	1435034_at	NA	0.549522364967218	0.1	NA	-0.263772239101921	0
ENSMUSG00000033777	Tlr13	1457753_at	NA	0.0137574557273362	0	0.508362942861657	-0.865685447078035	-0.1
ENSMUSG00000033790	Tubgcp5	1457282_x_at	0.885686842523234	-0.193000267780906	-0.1	NA	-0.369778283831716	0
ENSMUSG00000033793	Atp6v1h	1457639_at	NA	1.08549850707098	0.1	NA	0.896832768664399	0.1
ENSMUSG00000033794	Lpcat2b	1460461_at	NA	0.613500774577423	0.1	NA	0.950829463886628	0.1
ENSMUSG00000033799	Tasor2	1442513_at	NA	1.40462967186823	0.2	NA	-0.210347466507609	0
ENSMUSG00000033805	Ephx4	1434526_at	NA	0.711179669637267	0.1	NA	-0.399487576182956	0
ENSMUSG00000033819	Ppp1r16a	1459751_s_at	NA	2.10804559840325	0.4	NA	-0.874045291453592	-0.1
ENSMUSG00000033845	Mrpl15	1439988_at	NA	-0.999854833716684	-0.1	NA	-1.76656643921036	-0.1
ENSMUSG00000033847	Pla2g4c	1444662_at	NA	0.6714807713387	0.1	NA	0.330167030000353	0
ENSMUSG00000033849	B3galt2	1437433_at	NA	0.30350419535822	0	NA	-0.48840964618115	0
ENSMUSG00000033854	Kcnk10	1438088_at	NA	-1.36209538161075	-0.2	NA	0.543072312034351	0.1
ENSMUSG00000033855	Ston1	1453376_at	NA	1.84126096682264	0.3	0.99295047918559	0.0134816403535412	0
ENSMUSG00000033857	Engase	1435289_at	NA	1.41895299637173	0.2	NA	-0.260670687561611	0
ENSMUSG00000033862	Cdk10	1433975_at	NA	0.289871857882688	0.1	NA	0.466105539622034	0
ENSMUSG00000033882	Rbm46	1443437_at	NA	-0.262309244283475	0	NA	0.499018435548791	0
ENSMUSG00000033883	Zfp267	1437557_at	NA	1.91111108781553	0.2	NA	0.232334974130273	0
ENSMUSG00000033900	Map9	1440231_at	NA	1.20485556989112	0.1	NA	0.123766714570479	0
ENSMUSG00000033904	Ccp110	1455218_at	NA	0.588580403192457	0.1	NA	-0.202118975122944	0
ENSMUSG00000033906	Zdhhc15	1436582_at	NA	0.240804341023816	0	NA	-2.71840356178506	-0.2
ENSMUSG00000033909	Usp36	1458311_at	NA	-0.736056221095749	-0.1	NA	1.36181923288443	0.1
ENSMUSG00000033910	Gucy1a1	1434141_at	NA	0.0445897770453222	0	NA	0.377074528403071	0
ENSMUSG00000033931	Rbm34	1436595_at	0.161781868851813	2.18153468230307	0.4	NA	0.935872736555691	0.1
ENSMUSG00000033933	Vhl	1434708_at	NA	0.800647301924815	0.1	NA	0.93851121156134	0.1
ENSMUSG00000033943	Mga	1442356_at	NA	-0.792138804408083	-0.1	NA	-0.0655574939626558	0
ENSMUSG00000033948	Zswim5	1438224_at	NA	1.55365413007482	0.2	NA	-0.763467206349244	-0.1
ENSMUSG00000033949	Trim36	1455837_at	NA	-0.465490652076707	0	NA	0.0931269304366858	0
ENSMUSG00000033952	Aspm	1441520_at	NA	0.382585230530974	0.1	0.0276789144174079	-3.38512460564309	-0.3
ENSMUSG00000033960	Jcad	1428535_at	0.11008262655636	2.57721649949208	0.8	NA	0.897667426351323	0.1
ENSMUSG00000033961	Zfp446	1439025_at	NA	-0.39081739553571	-0.1	NA	-1.74861376356469	-0.1
ENSMUSG00000033963	Fancd2os	1429865_at	NA	-0.71862786811983	-0.1	NA	-0.476801196097234	0
ENSMUSG00000033964	Zbtb41	1428779_at	0.288681142698234	1.5735332535048	0.4	0.460261265425478	-0.967476852379003	-0.1
ENSMUSG00000033966	Cdkl4	1433969_at	NA	0.744896920692439	0.1	NA	-0.790731784135848	-0.1
ENSMUSG00000033967	Rnf225	1430715_at	NA	0.566607164817143	0.1	NA	-1.15818942008023	-0.1
ENSMUSG00000033972	Zfp944	1437911_at	NA	-0.337814302891231	0	NA	-0.203391608006966	0
ENSMUSG00000033981	Gria2	1438057_at	NA	-0.664997427795321	-0.1	NA	-0.564302067007191	0
ENSMUSG00000033987	Dnah17	1453703_at	NA	0.749765813666434	0.1	NA	-0.828828949337398	-0.1
ENSMUSG00000033991	Ttc37	1435568_at	NA	2.02290389590733	0.3	0.675905250712649	0.562740180986745	0.1
ENSMUSG00000034006	Pqlc1	1430747_at	NA	1.28901730422739	0.2	NA	0.22027419545405	0
ENSMUSG00000034007	Scaper	1435930_at	NA	1.19298517468775	0.2	NA	0.952100252673479	0.1
ENSMUSG00000034009	Rxfp1	1440785_at	NA	-1.99099719681407	-0.4	NA	-2.45147089380696	-0.2
ENSMUSG00000034021	Pds5b	1435242_at	0.290477198800341	1.56291223555971	0.3	NA	-0.914449356182235	-0.1
ENSMUSG00000034023	Fancd2	1439091_at	NA	3.10271184501317	0.4	NA	1.26675539889713	0.1
ENSMUSG00000034028	Cd226	1435710_at	NA	1.22299715716655	0.1	NA	0.167635142220306	0
ENSMUSG00000034031	Ccdc182	1431441_at	NA	-0.664620998144019	-0.1	0.0144768136563475	-4.00965483454693	-0.4
ENSMUSG00000034032	Rpap1	1443484_at	0.43687896853335	1.06929167114736	0.2	NA	-0.494589320868888	0
ENSMUSG00000034035	Ccdc17	1457501_at	NA	-0.487605058348129	-0.1	NA	1.24462412399897	0.1
ENSMUSG00000034037	Fgd5	1460578_at	NA	2.50332017309342	0.2	NA	-1.13474373038052	-0.1
ENSMUSG00000034057	Myrfl	1447416_at	NA	-0.252826147620497	0	NA	-0.951144817365978	-0.1
ENSMUSG00000034059	Ypel4	1434501_at	NA	-0.0533491009985676	0	NA	-1.43061647828753	-0.1
ENSMUSG00000034066	Farp2	1440799_s_at	0.223730634880946	-1.86864715972703	-0.4	0.0503566597171534	2.86169096079928	0.4
ENSMUSG00000034071	Zfp551	1437705_at	NA	0.722488129166036	0.1	NA	-0.119272353855289	0
ENSMUSG00000034083	Ccdc174	1456879_at	NA	0.406798547918988	0	0.0754613658821961	2.53986237100541	0.2
ENSMUSG00000034087	Nlrp4b	1434527_at	NA	0.838378789767128	0.1	NA	-1.23043964608135	-0.1
ENSMUSG00000034098	Fstl5	1436800_at	NA	0.562626021185425	0.1	0.104885771275344	-2.26273086287095	-0.2
ENSMUSG00000034105	Meak7	1430614_at	NA	0.212739095847597	0	NA	0.901688819478271	0.1
ENSMUSG00000034109	Golim4	1459045_at	NA	-1.11172869760737	-0.2	NA	-0.674976768424988	-0.1
ENSMUSG00000034110	Kctd7	1456092_at	NA	3.79880419295104	0.4	NA	1.16967869815011	0.1
ENSMUSG00000034111	Tmed8	1428854_at	0.0481546099966599	3.42429692802603	0.6	0.083577015133689	2.46291958175627	0.3
ENSMUSG00000034116	Vav1	1440300_at	NA	0.981547335678996	0.2	NA	0.0662216374609601	0
ENSMUSG00000034121	Mks1	1435835_at	NA	0.878297415634817	0.2	NA	0.297299796086875	0
ENSMUSG00000034126	Pomt2	1433644_at	NA	-0.420772559829322	0	0.731815053346121	0.463832329414145	0.1
ENSMUSG00000034135	Sik3	1460439_at	NA	1.17927100666392	0.2	NA	-0.0680553821829838	0
ENSMUSG00000034145	Tmem63c	1456184_at	NA	-1.54291479753756	-0.3	NA	0.201944140082194	0
ENSMUSG00000034151	Zbbx	1437191_at	NA	1.0672226953954	0.1	NA	-0.451109338588806	0
ENSMUSG00000034152	Exoc3	1434750_at	NA	-0.17175985408825	0	NA	0.450584793208773	0
ENSMUSG00000034156	Tspoap1	1455771_at	0.00546506209319574	6.80902555731886	0.8	0.94006259258242	-0.109174573460055	0
ENSMUSG00000034159	Mab21l4	1453511_at	NA	0.798581284004469	0.1	NA	0.185843080275126	0
ENSMUSG00000034163	Zfc3h1	1454975_at	NA	1.64674958048395	0.3	NA	0.563523770409821	0.1
ENSMUSG00000034165	Ccnd3	1444323_at	NA	2.49664420046168	0.3	NA	-0.695081332340602	-0.1
ENSMUSG00000034168	Irf2bpl	1454609_x_at	NA	0.689806234161013	0.1	0.290146218957793	-1.38358032556053	-0.2
ENSMUSG00000034171	Faah	1434091_at	NA	0.229429816464293	0	NA	0.168917180133458	0
ENSMUSG00000034173	Zbed5	1429671_at	NA	-0.266406780066099	0	NA	-0.026277910923985	0
ENSMUSG00000034185	6430628N08Rik	1453088_at	NA	-0.875395980043047	-0.2	NA	-1.65438528694907	-0.1
ENSMUSG00000034187	Nsf	1457205_at	NA	0.11536933762086	0	NA	-0.822924235957484	-0.1
ENSMUSG00000034189	Hsdl1	1454996_at	NA	1.13649384726828	0.2	NA	-1.42898256188405	-0.1
ENSMUSG00000034201	Gas2l1	1434928_at	NA	2.42937588283146	0.3	0.914436561553114	0.152893638343438	0
ENSMUSG00000034203	Chchd4	1442431_at	NA	2.24526039257651	0.2	NA	0.69367642385239	0.1
ENSMUSG00000034205	Loxl2	1431004_at	0.380162232650697	-1.23573520536335	-0.3	NA	1.32548741642225	0.1
ENSMUSG00000034206	Polq	1453551_at	NA	0.405622629979872	0	NA	0.47339260791173	0
ENSMUSG00000034210	Efcab14	1433875_at	0.313773858225383	1.46509960266109	0.3	0.0387103428515392	3.08975111556247	0.4
ENSMUSG00000034219	Sept14	1432446_at	NA	-0.682324978544771	-0.1	NA	-1.02212403647783	-0.1
ENSMUSG00000034235	Usp54	1428731_at	NA	0.874551776815898	0.1	0.248880928739443	1.5210893649065	0.2
ENSMUSG00000034239	Gm884	1441655_at	NA	-0.706574808530192	-0.1	0.219900379705867	-1.63297064522664	-0.2
ENSMUSG00000034243	Golgb1	1435032_at	NA	1.32221563883341	0.1	0.225402039219796	1.60861386472979	0.2
ENSMUSG00000034247	Plekhm1	1454746_at	NA	0.485025290232524	0.1	NA	0.212890717305741	0
ENSMUSG00000034255	Arhgap27	1446455_at	NA	-0.390856412247297	-0.1	NA	0.194322922354464	0
ENSMUSG00000034269	Setd5	1437206_at	NA	4.18174655132121	0.5	0.0300350836402112	3.30622789678229	0.3
ENSMUSG00000034274	Thoc5	1452672_at	NA	-1.990337626121	-0.3	NA	-1.1446313202007	-0.1
ENSMUSG00000034275	Igsf9b	1440262_at	NA	-0.0728737698256188	0	NA	-0.0158070695443836	0
ENSMUSG00000034292	Traf3ip1	1452887_at	0.0472942316915991	3.45554601938729	0.5	NA	-1.98205366815832	-0.1
ENSMUSG00000034297	Med13	1453160_at	0.433134506791773	1.08201219554	0.3	0.886930406802373	-0.199769300894911	0
ENSMUSG00000034310	Tmem132d	1446492_at	NA	0.654296422714339	0.1	NA	2.76075034737015	0.2
ENSMUSG00000034317	Trim59	1431430_s_at	NA	-0.421529589834021	-0.1	NA	0.838132709854584	0.1
ENSMUSG00000034320	Slc26a2	1443882_at	NA	1.38118725815832	0.2	NA	0.493162503971095	0
ENSMUSG00000034321	Exosc1	1453359_at	NA	-0.761215843753211	-0.1	NA	-1.46777584995632	-0.1
ENSMUSG00000034324	Tmem132c	1438697_at	NA	-0.940507258651083	-0.1	0.0199585934677064	-3.69344564137178	-0.3
ENSMUSG00000034329	Brip1	1458427_at	0.269999065691178	-1.65044660488707	-0.4	NA	0.0763233054164548	0
ENSMUSG00000034334	Fam151b	1453284_at	NA	0.0127240868312296	0	NA	0.0552544527796097	0
ENSMUSG00000034342	Cbl	1434829_at	NA	1.79171970230172	0.3	NA	0.907641622602308	0.1
ENSMUSG00000034343	Ube2f	1455569_at	NA	-0.189021947813539	0	NA	-0.453918279034794	0
ENSMUSG00000034345	Gtf2h5	1428906_at	NA	1.62873498101717	0.2	0.100251297352772	2.31035850739237	0.2
ENSMUSG00000034353	Ramp1	1431413_at	0.303493232587549	-1.5072675017023	-0.4	NA	-1.71057778281401	-0.1
ENSMUSG00000034354	Mtmr3	1434042_s_at	0.153685988304405	2.24062724833941	0.4	0.0237831206231562	3.53680452986664	0.3
ENSMUSG00000034362	Csta1	1435760_at	NA	-0.947955195190492	-0.1	NA	-0.0338929426977954	0
ENSMUSG00000034377	Tulp4	1440282_at	NA	0.0395955566104115	0	NA	-0.442829149732127	0
ENSMUSG00000034379	Wdr5b	1453058_at	NA	2.49027774741529	0.3	NA	1.16978280705578	0.1
ENSMUSG00000034384	Barhl2	1437555_at	0.153685988304405	-2.23971723043957	-0.5	NA	-1.19036188367584	-0.1
ENSMUSG00000034387	Ssu2	1440642_at	NA	-0.347851718887096	0	NA	0.0825232487582907	0
ENSMUSG00000034401	Spata6	1445355_at	NA	1.13711419682861	0.1	NA	1.57890832325132	0.1
ENSMUSG00000034402	Kcnh5	1441742_at	NA	0.579811654549357	0.1	NA	-0.191589021050831	0
ENSMUSG00000034413	Neurl1b	1435564_at	NA	4.49127509260593	0.5	NA	2.61294730984849	0.2
ENSMUSG00000034416	Pkd1l2	1454187_at	NA	1.08170717545912	0.2	NA	-0.566994210236132	0
ENSMUSG00000034429	Zfp707	1441842_s_at	NA	-3.32294788256369	-0.4	0.370421064823612	-1.16089584912861	-0.1
ENSMUSG00000034445	Cyb561a3	1454895_at	NA	2.73884913278096	0.3	NA	-0.00159567336972288	0
ENSMUSG00000034453	Polr3b	1443466_s_at	NA	-0.538989825792019	-0.1	0.692978045928565	0.533133040416032	0.1
ENSMUSG00000034457	Eda2r	1440085_at	0.00997981562549591	-5.36307005384661	-1.1	0.0259686758269132	3.44342134239114	0.5
ENSMUSG00000034460	Six4	1439753_x_at	0.402796327010337	1.16943475887682	0.3	0.820331441775744	0.313326266789184	0
ENSMUSG00000034462	Pkd2	1441870_s_at	0.0523858516230044	3.33125441136806	0.5	0.0273948974592884	3.39336787693284	0.3
ENSMUSG00000034467	Dynlrb2	1428987_at	NA	-0.90289104470176	-0.1	NA	-0.688984188911901	-0.1
ENSMUSG00000034473	Sec22a	1444802_at	NA	-0.595247379293329	-0.1	NA	-0.89315287103303	-0.1
ENSMUSG00000034480	Diaph2	1442003_at	0.188923478457147	2.03234959115402	0.4	0.554267020556296	-0.781841044678645	-0.1
ENSMUSG00000034485	Uaca	1452985_at	NA	-0.220050851852245	0	0.213831838532367	1.65565273813416	0.2
ENSMUSG00000034487	Poglut3	1453071_s_at	0.463733096749824	0.994030861254926	0.2	0.00686261198374734	4.66487288067349	0.5
ENSMUSG00000034488	Edil3	1440674_at	NA	0.953582975837881	0.1	NA	-0.504392475779216	0
ENSMUSG00000034493	4930556J24Rik	1454153_at	NA	1.06836345016084	0.1	NA	-0.909006128813767	-0.1
ENSMUSG00000034501	Pcnx4	1453020_at	NA	1.37104032293146	0.2	0.0237472382583725	3.5403395965741	0.3
ENSMUSG00000034509	Mad2l1bp	1415720_s_at	NA	0.358214203365532	0.1	NA	-0.0390511926563724	0
ENSMUSG00000034518	Hmgxb4	1453290_at	NA	1.09942653762325	0.1	NA	0.473560797338615	0
ENSMUSG00000034520	Gjc1	1447787_x_at	NA	4.75605401784094	0.5	NA	1.19368793828628	0.1
ENSMUSG00000034528	Hsd17b13	1460606_at	NA	0.49660296895626	0.1	NA	0.796125471036656	0.1
ENSMUSG00000034543	Morc2a	1429532_at	0.823216353891652	-0.297805505647168	-0.1	0.205192782667728	1.69211325157781	0.2
ENSMUSG00000034552	Zswim2	1432201_a_at	NA	0.907785281050042	0.1	NA	-1.60482820808438	-0.1
ENSMUSG00000034557	Zfyve9	1440348_at	NA	0.213353970361907	0	NA	0.429087124238887	0
ENSMUSG00000034574	Daam1	1455244_at	0.246561780021591	-1.7632218288004	-0.5	0.296001095838874	-1.36371999983722	-0.2
ENSMUSG00000034575	Tent4a	1438003_at	NA	1.27591110391971	0.1	NA	0.992541305305445	0.1
ENSMUSG00000034579	Pla2g3	1456231_at	NA	1.46984162277433	0.2	NA	-1.45497912033457	-0.1
ENSMUSG00000034587	8430429K09Rik	1453308_at	NA	0.327046016225942	0	NA	0.531832884955719	0
ENSMUSG00000034593	Myo5a	1436051_at	0.120645170856685	2.47000784375296	0.7	0.726292031729737	0.472405031705989	0.1
ENSMUSG00000034601	2700049A03Rik	1429595_at	NA	1.69688696834161	0.2	NA	0.668031452418058	0.1
ENSMUSG00000034602	Mon2	1428817_at	NA	1.25009542324717	0.1	0.212407564610585	1.66117197454698	0.2
ENSMUSG00000034610	Tut4	1437395_at	NA	1.07780764895544	0.2	0.99295047918559	0.0132212638695625	0
ENSMUSG00000034612	Chst11	1428902_at	NA	0.193116788937477	0	NA	-1.8117138652443	-0.2
ENSMUSG00000034613	Ppm1h	1435510_at	NA	-0.293290074039381	0	NA	-1.36679517938669	-0.1
ENSMUSG00000034614	Pik3ip1	1428332_at	NA	4.68496956579593	0.5	0.000226147145195836	9.25053773190422	1
ENSMUSG00000034616	Ssh3	1447929_at	NA	-0.415806110542931	0	NA	0.787229180655655	0.1
ENSMUSG00000034617	Mtrr	1458093_at	NA	1.31729273648031	0.1	NA	-0.481176746471002	0
ENSMUSG00000034623	Prss55	1453316_at	NA	-0.011620729184897	0	NA	0.744035150473386	0.1
ENSMUSG00000034636	Zyg11b	1447207_at	NA	-0.913423628588831	-0.1	NA	-0.927481849472429	-0.1
ENSMUSG00000034639	Setmar	1429389_at	NA	0.49040597799932	0.1	NA	-0.102282410152052	0
ENSMUSG00000034647	Ankrd12	1440193_at	0.0563766022364288	3.2520153468042	0.6	NA	1.59382575212512	0.1
ENSMUSG00000034652	Cd300a	1445292_at	NA	0.36060691821091	0	NA	-1.75975131792186	-0.1
ENSMUSG00000034653	Ythdc2	1437357_at	NA	0.489606534540419	0.1	NA	-0.161486009188394	0
ENSMUSG00000034656	Cacna1a	1430408_at	NA	-1.48949760616979	-0.1	NA	-1.34991630766748	-0.1
ENSMUSG00000034663	Bmp2k	1458370_at	NA	-2.0049470053293	-0.3	0.223612295173143	1.61498577919971	0.2
ENSMUSG00000034667	Xpot	1428949_at	0.207069821427282	-1.94460427400259	-0.4	NA	-0.277309703019434	0
ENSMUSG00000034681	Rnps1	1437359_at	NA	1.18808940220552	0.2	NA	-0.101334994348624	0
ENSMUSG00000034683	Ppp1r1c	1429732_at	NA	2.53850347709218	0.3	NA	-0.543452426852302	0
ENSMUSG00000034685	Fam171a2	1443701_at	NA	-1.68358149621395	-0.2	NA	0.764131705814596	0.1
ENSMUSG00000034687	Fras1	1439019_at	NA	-0.141309523158439	0	NA	0.795258083116447	0.1
ENSMUSG00000034706	Dnaic2	1436296_x_at	NA	-1.43081270283654	-0.2	NA	0.69724979718815	0.1
ENSMUSG00000034707	Gns	1446861_at	NA	2.05352185324684	0.3	0.121244241908954	2.13891199230175	0.3
ENSMUSG00000034723	Tmx4	1453120_at	0.429252672919956	1.09267892563841	0.3	0.011560162690568	4.19844072449031	0.5
ENSMUSG00000034729	Mrps10	1458999_at	NA	0.473604215574387	0.1	NA	0.60061142940672	0.1
ENSMUSG00000034731	Dgkh	1457213_a_at	NA	-2.50545117765236	-0.3	NA	-0.533015694259597	0
ENSMUSG00000034732	Pabpc5	1446162_at	NA	0.0656371235541793	0	NA	-0.41067682947134	0
ENSMUSG00000034738	Nostrin	1441075_at	NA	-0.320496252943962	-0.1	NA	1.11196211119044	0.1
ENSMUSG00000034744	Nagk	1438800_at	NA	1.37351432679348	0.1	NA	0.884825310806638	0.1
ENSMUSG00000034748	Sirt6	1429631_at	NA	0.0302968742059192	0	NA	0.325133099999765	0
ENSMUSG00000034751	Mast4	1442382_at	NA	0.331558117007796	0.1	NA	0.182192269176805	0
ENSMUSG00000034755	Pcdh11x	1438889_at	NA	-0.419883820687872	-0.1	NA	1.36681640484737	0.1
ENSMUSG00000034764	1700006J14Rik	1430182_a_at	NA	0.572049555033913	0.1	NA	0.613229524949176	0
ENSMUSG00000034765	Dusp5	1437199_at	NA	0.981374469687245	0.2	0.00423043128974543	-5.12662449239421	-0.4
ENSMUSG00000034773	BC030867	1434711_at	0.14689023992981	2.28904231452516	0.5	NA	-0.65331656304003	-0.1
ENSMUSG00000034780	B3galt1	1441396_at	0.947896945101002	0.0884559861979144	0	NA	-0.156878795906642	0
ENSMUSG00000034795	Ccdc122	1458438_at	0.970017952208211	-0.048962206297652	0	0.0312191142164898	3.2698372697382	0.6
ENSMUSG00000034796	Cpne7	1433715_at	NA	0.978192365437011	0.1	NA	-0.882570624348546	-0.1
ENSMUSG00000034800	Zfp661	1428704_at	NA	-0.647264257321758	-0.1	NA	0.463998235839889	0
ENSMUSG00000034810	Scn7a	1436044_at	NA	0.265878460071599	0	NA	1.95573944065602	0.2
ENSMUSG00000034818	Celf5	1434969_at	NA	1.0519275747973	0.2	NA	-0.0855117512248646	0
ENSMUSG00000034820	Cpsf7	1415730_at	NA	1.06670059723909	0.1	NA	1.12563601554526	0.1
ENSMUSG00000034826	Nup54	1459651_s_at	NA	0.539780862343262	0.1	0.12683844480637	2.09695172920824	0.2
ENSMUSG00000034832	Tet3	1439324_at	NA	0.202947185571769	0	NA	-0.66656425138118	-0.1
ENSMUSG00000034833	Tespa1	1439981_at	NA	0.743922049951864	0.1	NA	-1.52447328630857	-0.1
ENSMUSG00000034848	Ttc21b	1455322_at	NA	2.57554093083875	0.4	0.214309867999333	1.65219095550357	0.2
ENSMUSG00000034850	Tmem127	1433896_at	NA	1.52610303954553	0.1	NA	-0.68993686812542	-0.1
ENSMUSG00000034853	Acot11	1429267_at	NA	2.69074000635769	0.4	NA	1.65460328450767	0.1
ENSMUSG00000034854	Mfsd12	1434263_at	NA	-1.0747536303722	-0.1	NA	-0.328043308451266	0
ENSMUSG00000034858	Fam214a	1436033_at	NA	3.39546362140154	0.4	0.0250591028922397	3.4838174381508	0.4
ENSMUSG00000034863	Ano8	1437895_at	NA	1.50588605827352	0.2	0.148251632992528	1.96219710497838	0.3
ENSMUSG00000034867	Ankrd27	1454717_at	NA	0.654545678626875	0.1	NA	1.62256720598123	0.1
ENSMUSG00000034872	Gipc3	1440731_at	NA	-1.08238255234396	-0.1	NA	-1.58942144758143	-0.1
ENSMUSG00000034889	Cactin	1452760_at	NA	-0.0643625660270691	0	NA	-0.710710596217147	-0.1
ENSMUSG00000034893	Cog3	1434654_at	NA	0.868166183200424	0.2	0.0446044440735844	2.96852614609913	0.3
ENSMUSG00000034898	Filip1	1436650_at	NA	-2.11569507489182	-0.4	NA	0.435007074759603	0
ENSMUSG00000034903	Cobll1	1458097_at	NA	0.873573292267	0.1	NA	2.04829065712777	0.2
ENSMUSG00000034910	Pygo1	1431091_at	NA	-0.835643291635955	-0.1	0.0375489065595264	3.11669088163347	0.3
ENSMUSG00000034912	Mdga2	1442206_at	NA	1.53882177252308	0.2	0.145522727905548	-1.9768450503456	-0.2
ENSMUSG00000034918	Cdhr2	1440218_at	0.143021442596861	-2.31702758364907	-0.6	NA	-1.47303579554027	-0.1
ENSMUSG00000034919	Ttc22	1457149_at	NA	-0.927385452848998	-0.1	NA	-0.195917532909824	0
ENSMUSG00000034932	Mrpl54	1456788_at	NA	0.636685395824022	0.1	NA	-0.0207091389729299	0
ENSMUSG00000034947	Tmem106a	1435263_at	NA	-1.5259664523654	-0.2	NA	0.722591135964794	0.1
ENSMUSG00000034951	Cog7	1443486_at	0.306070933836365	1.49783379571051	0.3	NA	2.42087522763184	0.2
ENSMUSG00000034973	Dop1a	1435295_at	NA	1.57474324507717	0.2	NA	1.22104879365534	0.1
ENSMUSG00000034998	Foxn2	1441138_at	NA	0.484755676555608	0	NA	-0.231278167586255	0
ENSMUSG00000035000	Dpp4	1459973_x_at	NA	2.11991806118766	0.2	NA	-0.635032780189789	0
ENSMUSG00000035007	Rundc1	1454829_at	NA	0.760692924978902	0.1	NA	-0.203943051157401	0
ENSMUSG00000035011	Zbtb7a	1452932_at	NA	-1.78171255617763	-0.2	NA	1.19155034790517	0.1
ENSMUSG00000035021	Baz1a	1447930_at	0.494627451140022	0.912496536588713	0.3	0.588156869816386	0.720773250942316	0.1
ENSMUSG00000035024	Ncapd3	1454952_s_at	0.0161456959399535	4.73372378171174	0.9	0.708833090038796	0.504745499913378	0.1
ENSMUSG00000035032	Nek11	1441525_at	NA	0.796914634674748	0.1	NA	-0.82903900762754	-0.1
ENSMUSG00000035047	Kri1	1449743_a_at	NA	-0.0612914241957739	0	NA	-0.235738204288498	0
ENSMUSG00000035048	Anapc13	1430270_at	NA	3.95064596910574	0.4	0.00907039959853036	4.40441421112175	0.4
ENSMUSG00000035062	Zc4h2	1434729_at	NA	3.60390852083576	0.4	0.0333501632914512	3.21822886025107	0.3
ENSMUSG00000035064	Eef2k	1437829_s_at	NA	0.301476712660929	0.1	0.176724360480471	1.81430008393578	0.2
ENSMUSG00000035067	Xkr6	1453328_at	NA	-1.53479173304008	-0.2	NA	0.770706473531815	0.1
ENSMUSG00000035086	Becn1	1430358_at	NA	1.52563697389386	0.2	NA	0.0951708843932058	0
ENSMUSG00000035095	Fam167a	1455872_at	NA	1.83740514322708	0.3	NA	-1.10397300464866	-0.1
ENSMUSG00000035107	Dcbld2	1437635_at	0.00889304978086934	5.59244841924643	0.8	0.633093025223067	0.636033126543659	0.1
ENSMUSG00000035109	Shc4	1457118_at	NA	1.16964899104627	0.1	NA	0.035806378915805	0
ENSMUSG00000035125	Gcfc2	1439020_at	NA	0.561644961339835	0.1	0.222777245633694	-1.61922761158497	-0.2
ENSMUSG00000035131	Brinp3	1434993_at	0.0762446004529523	2.96488177634995	0.9	0.000346310412225061	8.09680297056839	0.9
ENSMUSG00000035133	Arhgap5	1437987_at	NA	0.299893381236391	0	NA	0.109436564908495	0
ENSMUSG00000035139	Secisbp2	1428496_at	NA	0.414602181456133	0.1	NA	0.671999139912026	0.1
ENSMUSG00000035151	Elmod2	1433730_at	NA	-0.226576737101095	0	0.612518653110117	-0.674886994864422	-0.1
ENSMUSG00000035152	Ap2b1	1445142_at	0.409316222457247	1.14491981081563	0.2	NA	0.942414821942209	0.1
ENSMUSG00000035161	Ints6	1436089_at	NA	1.55560065645636	0.2	NA	-2.22048039525167	-0.2
ENSMUSG00000035164	Zc3h12c	1441787_at	NA	0.510380652506022	0.1	NA	-0.294694258046493	0
ENSMUSG00000035173	Ccdc186	1431131_s_at	NA	0.577195550249925	0.1	NA	-2.59686990787703	-0.2
ENSMUSG00000035181	Heatr5a	1435241_at	0.0953290710087036	2.71002528949282	0.8	0.101989858125341	2.29027242795987	0.3
ENSMUSG00000035184	Fam124a	1455697_at	NA	-0.183869124782052	0	NA	-1.00423004680012	-0.1
ENSMUSG00000035189	Ano4	1442143_at	NA	0.127650251353333	0	NA	-1.06778856548266	-0.1
ENSMUSG00000035200	Chrnb4	1457008_at	NA	1.15047400016243	0.2	NA	-0.428821712040155	0
ENSMUSG00000035202	Lars2	1435682_at	NA	0.567571063029386	0.1	NA	-2.22336739541356	-0.2
ENSMUSG00000035215	Lsm7	1452755_at	NA	0.483188090937959	0.1	NA	0.268239107679898	0
ENSMUSG00000035226	Rims4	1436564_at	NA	1.09809379821615	0.1	NA	-1.36762866268556	-0.1
ENSMUSG00000035234	Abraxas1	1429774_a_at	NA	-1.85070248977498	-0.2	0.264870880959175	1.46203327622743	0.2
ENSMUSG00000035236	Scai	1440846_at	NA	0.975515666293767	0.1	NA	-0.843497095079086	-0.1
ENSMUSG00000035245	Eogt	1434492_at	NA	0.325035065180231	0.1	NA	0.863090480757602	0.1
ENSMUSG00000035246	Pcyt1b	1436124_at	NA	1.82364815185726	0.3	0.222975550102771	1.61771167838661	0.2
ENSMUSG00000035247	Hectd1	1438039_at	0.677016296833034	0.529035730446426	0.1	0.0955508216975301	2.34794112969833	0.3
ENSMUSG00000035266	Helq	1435451_at	NA	-0.593652290779769	-0.1	0.0277393980078357	3.38268070573463	0.3
ENSMUSG00000035273	Hpse	1433930_at	NA	0.736307136703139	0.1	0.00852112818487658	4.45953017972018	0.4
ENSMUSG00000035277	Arx	1441175_at	NA	0.251259376403569	0	NA	-0.490314473632132	0
ENSMUSG00000035279	Ssc5d	1439529_at	NA	3.19748782467723	0.3	NA	2.8795088980558	0.2
ENSMUSG00000035284	Vps13c	1456535_at	NA	0.0859058773958281	0	0.401618918004638	-1.0944454338103	-0.1
ENSMUSG00000035285	Nat14	1435961_at	NA	1.20805361321886	0.2	NA	-0.947699275646344	-0.1
ENSMUSG00000035293	G2e3	1434699_at	0.035434633649892	3.76306895867474	0.7	0.657189552562549	0.594690533654497	0.1
ENSMUSG00000035295	Wdr38	1453396_at	NA	-0.0167748571407011	0	0.839069437935681	-0.282030482847898	0
ENSMUSG00000035296	Sgcg	1429823_at	NA	-1.93429903331778	-0.3	NA	-1.94604297437527	-0.2
ENSMUSG00000035298	Klhl35	1429945_at	NA	-0.0939165242920468	0	NA	0.180076409149358	0
ENSMUSG00000035299	Mid1	1438239_at	NA	2.58821424925155	0.4	NA	-1.18917988065081	-0.1
ENSMUSG00000035305	Ror1	1429313_at	NA	-2.36591146552661	-0.3	NA	2.33050170190507	0.2
ENSMUSG00000035310	Lin54	1458582_at	NA	1.48658919577185	0.3	NA	-0.590547952862087	0
ENSMUSG00000035354	Uvrag	1440427_at	NA	0.205957297873335	0	NA	0.581457234764508	0
ENSMUSG00000035356	Nfkbiz	1457404_at	NA	0.0792579518877183	0	0.0298854714332905	3.31128458453462	0.3
ENSMUSG00000035365	Parpbp	1435773_at	0.0258920287629667	4.12396723798739	0.6	0.073041045913302	2.56566233078281	0.3
ENSMUSG00000035367	Rmi1	1438573_at	NA	1.86709318094357	0.2	NA	0.0580380928634768	0
ENSMUSG00000035376	Hacd2	1437329_at	NA	2.30684088933153	0.3	NA	0.655962600057387	0
ENSMUSG00000035378	Shq1	1428927_at	NA	1.51668301534174	0.2	0.0500606630885743	-2.86600375148797	-0.3
ENSMUSG00000035383	Pmch	1429361_at	NA	0.494583356106034	0	NA	-1.10719133949909	-0.1
ENSMUSG00000035390	Brsk1	1439892_at	NA	0.298225493319322	0.1	NA	1.70148188003804	0.1
ENSMUSG00000035394	Cfap53	1453868_at	NA	0.801830567276701	0.1	NA	1.23282065761617	0.1
ENSMUSG00000035401	Emsy	1430028_at	NA	1.92715982621326	0.3	NA	0.574652757046333	0.1
ENSMUSG00000035407	Kank4	1436425_at	NA	0.845497293913809	0.1	NA	-0.184444463701034	0
ENSMUSG00000035420	Fam170a	1456560_at	NA	-1.21153541139102	-0.2	NA	0.67499408833524	0
ENSMUSG00000035437	Rabgap1	1441555_at	NA	-0.0380049997668154	0	NA	-0.421061884649417	0
ENSMUSG00000035441	Myo1d	1458550_at	NA	0.13016505136425	0	NA	0.708333462631604	0.1
ENSMUSG00000035456	Prdm8	1455925_at	NA	-0.568345669566866	-0.1	NA	0.710862491019859	0.1
ENSMUSG00000035469	Rcbtb1	1430213_at	NA	-0.293886098764754	0	NA	0.422495677209096	0
ENSMUSG00000035486	Plk5	1434984_at	NA	-1.24048894334697	-0.2	NA	0.172346027731848	0
ENSMUSG00000035491	Fthl17a	1429793_at	NA	0.0410946590160426	0	NA	-0.162210041632727	0
ENSMUSG00000035505	Cox18	1415710_at	NA	1.03135345683876	0.1	0.683099409165455	0.549917509973028	0.1
ENSMUSG00000035506	Slc12a8	1458918_at	0.837660945387414	-0.273586228242832	-0.1	NA	0.114467570063676	0
ENSMUSG00000035509	Fbxl21	1457232_at	NA	-0.354269561879966	-0.1	NA	1.16840129798724	0.1
ENSMUSG00000035521	Gnptg	1436526_at	NA	1.20908391545818	0.2	0.0179035023567011	3.78845940196388	0.5
ENSMUSG00000035530	Eif1	1458980_at	0.386719553777739	1.21806323581013	0.3	NA	-1.69969662116768	-0.1
ENSMUSG00000035539	Ccdc180	1443552_at	NA	-0.868788472478945	-0.2	NA	-1.1046243372276	-0.1
ENSMUSG00000035559	Mpv17l2	1434006_at	NA	-0.754083431492045	-0.1	0.212226489704437	-1.66218402012617	-0.2
ENSMUSG00000035560	Wdr20rt	1430004_s_at	NA	-0.514711943739386	-0.1	NA	1.08023398376061	0.1
ENSMUSG00000035566	Pcdh17	1436920_at	NA	0.79896817039567	0.1	NA	-0.68315380330531	-0.1
ENSMUSG00000035569	Ankrd11	1435778_at	NA	0.0430791603171744	0	0.233857033759509	1.57570110873421	0.2
ENSMUSG00000035572	Dcaf10	1438727_at	0.365988274130362	1.29102601443999	0.3	0.0936486079638731	2.36333018801395	0.3
ENSMUSG00000035578	Iqcg	1460467_at	NA	-1.20822725450333	-0.2	NA	-1.32401376825682	-0.1
ENSMUSG00000035580	Kcnh8	1440980_at	NA	1.04015927382442	0.1	0.210846757337246	-1.66862765242257	-0.2
ENSMUSG00000035594	Chrna5	1442035_at	NA	0.515612172845905	0.1	NA	-1.83118413472442	-0.2
ENSMUSG00000035595	1600002K03Rik	1429091_at	NA	-0.611059860476474	-0.1	NA	0.658710756953527	0.1
ENSMUSG00000035596	Mboat7	1457997_at	NA	0.19960995578063	0	NA	-1.06469290828775	-0.1
ENSMUSG00000035606	Ky	1440435_at	0.0423622577264991	3.59100712977189	0.5	NA	-0.847365716681134	-0.1
ENSMUSG00000035614	Togaram1	1434843_at	0.301410853976513	1.51445639336501	0.5	NA	0.335734306461806	0
ENSMUSG00000035615	Frmpd1	1435189_at	NA	-0.311454472552945	-0.1	0.0124289025797451	-4.14182226011761	-0.4
ENSMUSG00000035620	Ric8b	1435096_at	NA	1.05337327822225	0.2	NA	2.47898466122427	0.2
ENSMUSG00000035623	Rsf1	1438735_at	NA	0.304754770933679	0.1	NA	-0.270759820572208	0
ENSMUSG00000035629	Rubcn	1428243_at	NA	0.298753737636436	0	NA	-0.508538153830226	0
ENSMUSG00000035632	Cnot3	1441465_at	NA	2.04162027937069	0.2	NA	-1.13824308012095	-0.1
ENSMUSG00000035638	Muc20	1442960_at	NA	-1.33364474849669	-0.1	NA	-0.461447983315913	0
ENSMUSG00000035649	Zcchc7	1439033_at	NA	0.505408647793834	0.1	NA	1.06851319212481	0.1
ENSMUSG00000035651	4930480E11Rik	1454100_at	NA	0.702497744306848	0.1	NA	-0.167813257220601	0
ENSMUSG00000035653	Lrfn5	1454687_at	NA	-0.613202641971709	-0.1	NA	1.1513808514791	0.1
ENSMUSG00000035666	Gtf3c4	1438692_at	0.651284266754132	-0.574851000602611	-0.1	NA	0.236920000800401	0
ENSMUSG00000035671	Zswim4	1436710_at	NA	0.602602904451466	0.1	NA	0.459107189880511	0
ENSMUSG00000035673	Sbno2	1439349_at	NA	0.32698739487437	0	NA	-1.84755883767066	-0.2
ENSMUSG00000035674	Ndufa3	1430149_at	NA	2.5133755638197	0.3	NA	1.17632276155032	0.1
ENSMUSG00000035681	Kcnc2	1455258_at	NA	-0.0883637091397513	0	NA	-0.1162936631014	0
ENSMUSG00000035686	Thrsp	1444166_at	NA	-0.609192198904317	-0.1	NA	0.2280279877173	0
ENSMUSG00000035694	Caps2	1441845_at	NA	3.33240375477605	0.3	NA	1.53754963053505	0.1
ENSMUSG00000035696	Rnf38	1431993_a_at	NA	1.61665713809167	0.3	NA	1.08286994037263	0.1
ENSMUSG00000035704	Alg8	1455887_at	NA	1.36487241197436	0.2	NA	-0.526483902193104	0
ENSMUSG00000035735	Dagla	1455448_at	NA	0.0212189183276609	0	NA	-1.70852357403174	-0.2
ENSMUSG00000035754	Wdr18	1433635_at	NA	-0.863150210815186	-0.1	0.0162033724310998	-3.88769854639308	-0.3
ENSMUSG00000035757	Selenoo	1428894_at	NA	0.728926584099619	0.1	NA	-0.0331124636696492	0
ENSMUSG00000035759	Bbs10	1440787_s_at	0.508988134936679	-0.877443289123673	-0.2	NA	0.499463507792255	0
ENSMUSG00000035762	Tmem161b	1428175_at	NA	1.78135358601039	0.2	0.542666726728251	0.802806667603398	0.1
ENSMUSG00000035765	Dym	1441008_at	NA	-0.126746524369464	0	NA	0.869986585548024	0.1
ENSMUSG00000035770	Dync1li2	1433926_at	NA	0.992151313252175	0.2	0.163821078695865	1.8805806400348	0.2
ENSMUSG00000035781	R3hdm4	1433931_at	0.0717997797920603	3.01898326828429	0.5	0.176706805717347	1.81487161501925	0.3
ENSMUSG00000035785	Cmtm2b	1428934_at	NA	1.52607931538155	0.2	NA	-0.967659254914666	-0.1
ENSMUSG00000035798	Zdhhc17	1434397_at	0.658738256354945	0.562137760751553	0.1	0.132327945779758	2.06201280351779	0.3
ENSMUSG00000035811	Ugt2b35	1439624_at	NA	-0.660120701262464	-0.1	NA	1.43645847602654	0.1
ENSMUSG00000035829	Ppp1r26	1435473_at	NA	2.28735488048683	0.3	NA	-1.88548199303271	-0.2
ENSMUSG00000035835	Plppr3	1454761_at	NA	0.578489949383856	0.1	NA	0.300840537886686	0
ENSMUSG00000035840	Lysmd3	1434174_at	0.232845924322145	1.82863174435828	0.6	0.580974511750279	0.733634494005452	0.1
ENSMUSG00000035842	Ddx11	1438447_at	NA	1.49342289763225	0.2	NA	-3.04073866567393	-0.2
ENSMUSG00000035847	Ids	1455481_at	0.0779341950322488	2.93067330430838	0.9	0.0227935614534112	3.58188125123222	0.4
ENSMUSG00000035849	Krt222	1434535_at	NA	-0.586032325154262	-0.1	NA	-0.448473507230816	0
ENSMUSG00000035860	Cdhr3	1439147_at	NA	0.00575295260988016	0	NA	-0.19612600810156	0
ENSMUSG00000035864	Syt1	1433884_at	NA	-0.0307793234472926	0	NA	1.21589461236154	0.1
ENSMUSG00000035868	Zfp983	1440992_at	NA	-0.871347816936766	-0.1	NA	-0.487144843483069	0
ENSMUSG00000035877	Zhx3	1452977_at	NA	1.77192415826944	0.2	NA	1.95278111816432	0.1
ENSMUSG00000035878	Hykk	1447310_at	NA	0.771335926481115	0.1	NA	-1.9432460000276	-0.2
ENSMUSG00000035898	Uba6	1428945_at	0.171348649967756	2.12483196210702	0.5	0.21451955226339	-1.65071260082643	-0.2
ENSMUSG00000035910	Dcdc2a	1459661_at	NA	-0.232473115765576	0	NA	-0.364069164543881	0
ENSMUSG00000035933	Cog5	1435298_at	NA	0.383400264462632	0	NA	-0.785475410700179	-0.1
ENSMUSG00000035934	Pknox2	1433907_at	NA	0.744191517139748	0.1	NA	-2.1501159035912	-0.2
ENSMUSG00000035936	Aldh5a1	1453065_at	NA	1.25680803624349	0.2	NA	2.1308696704197	0.2
ENSMUSG00000035944	Ttc38	1437269_at	NA	0.292471410692954	0	NA	0.202124289810568	0
ENSMUSG00000035948	Acss3	1456295_at	NA	-0.860651231311019	-0.1	NA	-0.162199793902006	0
ENSMUSG00000035949	Fbxw2	1438131_at	NA	-1.01438502400094	-0.1	NA	-0.305976248068671	0
ENSMUSG00000035953	Pip4p1	1454797_at	NA	2.63633856718507	0.4	0.0144768136563475	4.01168581410483	0.4
ENSMUSG00000035954	Dock4	1441462_at	NA	1.50678979100193	0.2	NA	-1.15397680966573	-0.1
ENSMUSG00000035964	Tmem59l	1452825_at	NA	0.667443188334946	0.1	NA	-1.42816254703999	-0.1
ENSMUSG00000035967	Ints6l	1438496_a_at	NA	0.745428913755404	0.1	NA	-1.2339767388085	-0.1
ENSMUSG00000035992	Fnip1	1434405_at	0.164325621347081	2.16152224890286	0.5	0.267484861180032	1.45482391161148	0.2
ENSMUSG00000036006	Ripor2	1453837_at	NA	3.30562880916057	0.3	NA	-0.563411619568855	0
ENSMUSG00000036009	Mettl25	1434749_at	0.39338021479427	1.19789277785896	0.3	0.258429856479216	1.48279563440841	0.2
ENSMUSG00000036013	Fam122c	1453955_a_at	NA	-1.19348085739555	-0.1	NA	-1.60843492200295	-0.1
ENSMUSG00000036019	Tmtc2	1429809_at	NA	3.14613060498621	0.4	0.171014301158213	1.84717345675459	0.2
ENSMUSG00000036022	Fam122b	1452682_at	0.0137091277773541	4.97969916584782	1	NA	1.96298724548272	0.2
ENSMUSG00000036027	1810046K07Rik	1453547_at	NA	-0.742856319184725	-0.1	NA	-0.714669312296895	-0.1
ENSMUSG00000036030	Prtg	1438410_at	NA	2.10401489162967	0.2	NA	0.536326205870446	0
ENSMUSG00000036040	Adamtsl2	1429214_at	NA	-0.382697607303184	0	NA	-1.9538088535799	-0.1
ENSMUSG00000036046	5031439G07Rik	1435745_at	NA	1.23399705292078	0.2	NA	2.17313929020918	0.2
ENSMUSG00000036053	Fmnl2	1428579_at	NA	2.77993799970898	0.3	0.0290971970847158	3.33807301313853	0.4
ENSMUSG00000036061	Smug1	1428763_at	NA	0.714489709548769	0.1	NA	-0.594909622792014	-0.1
ENSMUSG00000036062	Phf24	1441610_at	NA	-1.36669451791066	-0.2	NA	-1.25936131843795	-0.1
ENSMUSG00000036067	Slc2a6	1434015_at	NA	-4.03534761898568	-0.5	NA	0.447004946248793	0
ENSMUSG00000036086	Zranb3	1455544_at	NA	3.12022064100754	0.4	NA	1.32775253685653	0.1
ENSMUSG00000036095	Dgkb	1440901_at	NA	-0.651209999352689	-0.1	NA	-2.22805899678515	-0.2
ENSMUSG00000036097	Slf2	1445856_at	NA	1.79373315175454	0.3	NA	1.25088770044993	0.1
ENSMUSG00000036099	Vezt	1438197_at	NA	-0.537512192741891	-0.1	NA	0.529080040791936	0.1
ENSMUSG00000036104	Rab3gap1	1455922_at	NA	-1.06362868879921	-0.1	0.121244241908954	2.13837685908117	0.2
ENSMUSG00000036109	Mbnl3	1442549_at	NA	1.76786950873457	0.3	0.0106136977155407	-4.27493238564806	-0.4
ENSMUSG00000036112	Metap2	1436531_at	NA	0.438742193358507	0.1	NA	-2.24479320853451	-0.2
ENSMUSG00000036123	Slc9a3	1441236_at	NA	-0.283628167487133	0	NA	-0.277846866100228	0
ENSMUSG00000036155	Mgat5	1428644_at	NA	2.87715212970989	0.3	0.0731323754129719	-2.56422813222098	-0.3
ENSMUSG00000036160	Surf6	1459331_at	NA	-0.838059803465286	-0.1	NA	1.01444369746645	0.1
ENSMUSG00000036162	Fam219aos	1432514_at	NA	-1.30450295335493	-0.1	NA	1.06756075703701	0.1
ENSMUSG00000036167	Pphln1	1434822_at	0.380162232650697	1.23467703030555	0.3	NA	0.799959418732373	0.1
ENSMUSG00000036168	Ccdc38	1438569_at	NA	-0.431195097419243	-0.1	NA	-2.68285675382359	-0.2
ENSMUSG00000036172	Cd200r3	1430645_at	NA	-0.059451729275088	0	NA	0.313502182064115	0
ENSMUSG00000036180	Gatad2a	1445239_at	NA	0.146481272907776	0	NA	-1.41004697355312	-0.1
ENSMUSG00000036192	Rorb	1455799_at	NA	1.10318763081665	0.1	NA	-0.32675488428608	0
ENSMUSG00000036196	Slc26a8	1439281_at	NA	0.968133347088576	0.1	0.256825396887699	-1.49186769860548	-0.2
ENSMUSG00000036197	Gxylt1	1434876_at	NA	1.75957504574499	0.3	NA	-1.23886788934328	-0.1
ENSMUSG00000036198	Arhgap36	1454660_at	NA	0.609524044578439	0.1	NA	-1.38935608973821	-0.1
ENSMUSG00000036202	Rif1	1437179_at	0.520180137259557	0.852778874674813	0.3	NA	-1.00510752527419	-0.1
ENSMUSG00000036206	Sh3bp4	1455250_at	NA	0.685810345076745	0.1	0.318044731375896	1.29469260079046	0.2
ENSMUSG00000036218	Pdzrn4	1456512_at	NA	-1.6435946550606	-0.2	NA	1.57184338261719	0.1
ENSMUSG00000036241	Ube2r2	1415768_a_at	NA	1.67652217590658	0.2	0.421337208358148	1.05083683576962	0.1
ENSMUSG00000036244	Tbc1d21	1429408_at	NA	-1.41525179105497	-0.2	0.0527604936287639	-2.82569355156714	-0.3
ENSMUSG00000036257	Pnpla8	1457355_at	NA	0.326231901192387	0	NA	-0.316644606392897	0
ENSMUSG00000036264	Fstl4	1440155_at	NA	0.306315892169982	0	NA	-0.227386343085285	0
ENSMUSG00000036281	Snapc4	1455552_at	NA	0.376664675200049	0	NA	-0.660978619584825	-0.1
ENSMUSG00000036282	Naa30	1431026_at	0.930563848962773	0.12027658237307	0	0.337473803268205	1.24241508893781	0.2
ENSMUSG00000036292	Gramd1c	1434725_at	NA	2.02162108312494	0.3	0.451148812072893	-0.98599049421649	-0.1
ENSMUSG00000036295	Lrrn3	1434539_at	NA	-0.382112494841728	0	NA	0.90436062921614	0.1
ENSMUSG00000036298	Slc2a13	1435387_at	NA	2.76957291148847	0.3	0.244121030638156	1.53936121488903	0.2
ENSMUSG00000036299	BC031181	1415752_at	NA	2.13129363691823	0.4	0.0035036211423983	5.35207310270022	0.5
ENSMUSG00000036304	Zdhhc23	1441069_at	NA	1.19395208181434	0.2	NA	-0.133828793276821	0
ENSMUSG00000036306	Lzts1	1433988_s_at	0.0685072121279281	3.07712224181516	0.5	NA	1.70489011690931	0.1
ENSMUSG00000036323	Srp72	1428876_at	NA	1.5658836113039	0.3	NA	1.98375742592371	0.2
ENSMUSG00000036327	Qsox2	1435469_at	NA	0.935885263872702	0.1	0.171520864784012	1.84395924332767	0.2
ENSMUSG00000036330	Slc18a1	1446248_at	NA	-0.495083153087084	-0.1	NA	-0.244666770393359	0
ENSMUSG00000036333	Kidins220	1433852_at	0.106351711276318	2.60804570501824	0.5	0.141338198252468	1.99930382576659	0.2
ENSMUSG00000036357	Gpr101	1441382_at	NA	1.03007410684058	0.1	NA	0.497548109050819	0
ENSMUSG00000036362	P2ry13	1428700_at	NA	2.56106818626991	0.4	NA	0.167730263798035	0
ENSMUSG00000036368	Rmdn2	1455063_at	NA	1.54721100319631	0.2	NA	0.94123446377094	0.1
ENSMUSG00000036371	Serbp1	1441751_at	NA	0.694511855690958	0.1	0.261164206942398	-1.47286176389167	-0.2
ENSMUSG00000036372	Tmem258	1428632_at	NA	0.727371180135743	0.1	NA	-0.112444935350058	0
ENSMUSG00000036377	C530008M17Rik	1439171_at	0.403978125214753	-1.1644054534948	-0.3	NA	1.99260845037862	0.2
ENSMUSG00000036391	Sec24a	1433934_at	NA	2.14278492626936	0.3	0.0896573015532707	2.40056147210367	0.3
ENSMUSG00000036395	Glb1l2	1433728_at	NA	0.74152832953912	0.1	NA	-0.420216758115826	0
ENSMUSG00000036401	Glt6d1	1431451_at	NA	-0.0520240199542063	0	NA	-2.89668561543972	-0.2
ENSMUSG00000036403	Cep135	1444201_at	NA	-0.290733282042558	0	NA	0.577899532306316	0
ENSMUSG00000036411	9530077C05Rik	1452963_at	NA	0.410999801354474	0.1	NA	3.02715629592713	0.2
ENSMUSG00000036422	Pcdh8	1447825_x_at	NA	1.91121035697637	0.2	NA	1.61523969035516	0.1
ENSMUSG00000036427	Gpi1	1456909_at	NA	0.711859377473969	0.1	0.0622351383766871	2.69697220302087	0.2
ENSMUSG00000036435	Exoc1	1446105_at	NA	0.981543758260838	0.1	NA	0.318408573335274	0
ENSMUSG00000036450	Hif1an	1428576_at	NA	-1.07512440381611	-0.2	NA	0.409835796722998	0
ENSMUSG00000036452	Arhgap26	1440688_at	NA	0.723044675012008	0.2	NA	-1.03543171799608	-0.1
ENSMUSG00000036459	Wtip	1433651_at	NA	0.487566546577344	0.1	0.839779412318822	0.27977287150769	0
ENSMUSG00000036461	Elf1	1439319_at	NA	1.57036113756041	0.2	NA	-2.58604181481459	-0.2
ENSMUSG00000036466	Megf11	1458015_at	NA	-0.466786313087906	0	NA	-0.032124101960966	0
ENSMUSG00000036469	March1	1431367_at	NA	0.497676736541861	0	NA	0.816101686343947	0.1
ENSMUSG00000036473	Tbc1d24	1438424_at	NA	-1.21213974457644	-0.1	NA	0.244207624752971	0
ENSMUSG00000036478	Btg1	1442018_at	NA	0.842884884355751	0.2	0.257320399119529	-1.48924733322887	-0.2
ENSMUSG00000036480	Prss56	1429647_at	NA	-1.8514434179505	-0.3	NA	0.303652513256971	0
ENSMUSG00000036492	Rnf39	1440912_at	NA	-0.295771242320662	0	NA	-0.323832134103094	0
ENSMUSG00000036501	Fam13b	1442897_at	NA	2.13799511202273	0.3	NA	-0.0250426934109736	0
ENSMUSG00000036502	Tmem255a	1437137_at	NA	-0.167048186148281	0	NA	-0.672682053452252	-0.1
ENSMUSG00000036503	Rnf13	1443178_at	NA	-0.0189378578086513	0	NA	2.21532290540702	0.2
ENSMUSG00000036510	Cdh8	1441690_at	NA	-2.30685888179027	-0.2	NA	1.21990285651067	0.1
ENSMUSG00000036513	Commd2	1442321_at	NA	2.24185993693668	0.2	NA	0.716982141107596	0.1
ENSMUSG00000036523	Greb1	1445324_s_at	NA	-0.696715898353534	-0.1	NA	0.304114595972369	0
ENSMUSG00000036526	Card11	1430257_at	NA	-0.365909049286025	-0.1	NA	-0.722388476496184	-0.1
ENSMUSG00000036529	Sbf1	1434707_at	NA	-2.07646560722951	-0.2	0.245989553325196	-1.53259106445959	-0.2
ENSMUSG00000036534	Slc38a7	1455295_at	NA	-0.0914019750291626	0	NA	1.34084652345721	0.1
ENSMUSG00000036545	Adamts2	1457058_at	NA	1.81968811700638	0.2	0.0035036211423983	5.34708495881681	0.5
ENSMUSG00000036550	Cnot1	1457546_at	NA	-0.395572602591006	-0.1	NA	0.931747985751937	0.1
ENSMUSG00000036551	Akap14	1457541_at	NA	0.187040438598412	0	NA	0.106927212755453	0
ENSMUSG00000036552	Ermard	1453818_a_at	NA	-0.0663881175146517	0	NA	1.70511619905433	0.1
ENSMUSG00000036555	Iqce	1434622_at	NA	2.9582633966752	0.3	NA	-1.13005978728185	-0.1
ENSMUSG00000036557	Stpg4	1429858_at	0.491988799891052	-0.919543980370242	-0.2	0.124565989301386	-2.1152424365739	-0.2
ENSMUSG00000036561	Ppp6r2	1453325_at	NA	0.275490948264251	0	NA	-0.443559742011043	0
ENSMUSG00000036565	Ttyh3	1454978_at	0.0281311638333435	4.03155847409885	0.7	0.196460841497523	1.73045381202322	0.2
ENSMUSG00000036568	Bicral	1443935_at	NA	0.95685434698725	0.2	NA	1.63711297291509	0.1
ENSMUSG00000036574	Tex44	1429924_at	NA	-1.52332240033368	-0.2	NA	-0.673005503713621	-0.1
ENSMUSG00000036585	Fgf1	1441042_at	NA	-0.0741078308424449	0	NA	1.47709721126787	0.1
ENSMUSG00000036586	Grifin	1454270_at	NA	-2.05279012924981	-0.3	NA	-0.316598096532786	0
ENSMUSG00000036598	Ccdc113	1436285_at	NA	-1.46392161105778	-0.2	NA	-0.224628579129237	0
ENSMUSG00000036602	Alx1	1435022_at	NA	-0.275230887815678	0	NA	0.225973409641814	0
ENSMUSG00000036613	Eipr1	1445308_at	0.0697003060182744	-3.05516864005888	-0.5	NA	1.24995167799692	0.1
ENSMUSG00000036615	Rfxap	1455303_at	0.928808635590178	0.123872565504211	0	0.0487195096227019	-2.8939901677802	-0.3
ENSMUSG00000036617	Etl4	1440064_at	NA	-0.186655642980239	0	NA	-0.347497628850336	0
ENSMUSG00000036632	Alg5	1430854_at	NA	0.123619669193119	0	NA	-0.247908751545981	0
ENSMUSG00000036636	Clcn7	1452702_at	NA	1.63142865083758	0.2	NA	0.266959995911256	0
ENSMUSG00000036644	Tbc1d9b	1428596_at	0.0490803458732784	3.40560992983747	0.6	0.0459252704265212	2.94223030479232	0.3
ENSMUSG00000036655	Colec11	1429179_at	NA	-1.29646600779452	-0.2	NA	-0.749872498299247	-0.1
ENSMUSG00000036661	Dennd3	1435927_at	NA	1.03693943385845	0.2	NA	-0.374005506818334	0
ENSMUSG00000036667	Tcaf1	1428540_at	NA	3.63912573955793	0.4	NA	2.22086947904381	0.2
ENSMUSG00000036676	Tmtc3	1436826_at	0.146425034241859	2.29378396123777	0.4	NA	0.742474206566785	0.1
ENSMUSG00000036678	Aaas	1445494_at	NA	-0.508412420091548	0	NA	-2.52311117907578	-0.2
ENSMUSG00000036698	Ago2	1455389_s_at	NA	1.8266273903325	0.3	0.284275920917485	1.40509341552961	0.1
ENSMUSG00000036699	Zcchc12	1428434_at	NA	1.46706768687724	0.2	NA	0.824032412078843	0.1
ENSMUSG00000036707	Cab39	1440010_at	NA	-1.20508198169296	-0.1	NA	-0.103727012133746	0
ENSMUSG00000036712	Cyld	1429618_at	0.0330130844748512	3.8539527236504	0.7	0.403152796534977	1.08994953634686	0.1
ENSMUSG00000036718	Micall2	1434322_at	NA	0.419562814719434	0.1	0.572683577145567	0.748450850025467	0.1
ENSMUSG00000036721	Zscan12	1444149_at	NA	-0.833318300302106	-0.1	NA	-1.19780939701646	-0.1
ENSMUSG00000036744	Olfr701	1432098_a_at	NA	0.800074793032156	0.1	NA	-1.00449919231998	-0.1
ENSMUSG00000036745	Ttll7	1455377_at	0.0684937066211952	3.08014940074215	0.6	0.742273797772405	0.441092781816133	0.1
ENSMUSG00000036760	Kcnk9	1445124_at	NA	0.24006284583668	0	NA	1.33599867805606	0.1
ENSMUSG00000036768	Kif15	1431718_at	NA	0.262589365437595	0	NA	-1.30170918033421	-0.1
ENSMUSG00000036769	Wdr44	1435051_at	0.178679248678922	2.08822502837314	0.4	0.460086521202191	0.968662713606966	0.1
ENSMUSG00000036770	Stpg3	1430424_at	NA	0.110173288560957	0	NA	-0.989985776840761	-0.1
ENSMUSG00000036779	Tent4b	1433738_at	0.353531880215482	-1.34065557955521	-0.3	0.696473780114574	0.526636115579834	0.1
ENSMUSG00000036790	Slitrk2	1441483_at	NA	1.21876349149214	0.2	NA	-1.01451408559576	-0.1
ENSMUSG00000036792	Mbd5	1441987_at	NA	1.99995881791159	0.3	NA	1.45578191227209	0.1
ENSMUSG00000036800	Fam135b	1460477_at	NA	0.0500494075726577	0	NA	-0.209688408383696	0
ENSMUSG00000036813	Entpd8	1429550_at	NA	0.881242519419773	0.1	NA	0.544953221079388	0
ENSMUSG00000036815	Dpp10	1436087_at	NA	0.41690964054232	0	NA	-0.931111706904891	-0.1
ENSMUSG00000036819	Jmjd4	1455982_at	NA	-1.13181845112986	-0.1	NA	0.404002705108576	0
ENSMUSG00000036820	Amdhd2	1434855_at	NA	-0.0581690515512054	0	0.0253741234978743	3.46674284913853	0.3
ENSMUSG00000036834	Plch1	1457157_at	NA	-1.28096958808559	-0.1	NA	-0.857016593728779	-0.1
ENSMUSG00000036854	Hspb6	1436332_at	0.026374133556866	-4.0992398733883	-0.7	0.0054696309510217	4.87727121734284	0.6
ENSMUSG00000036856	Wnt4	1441687_at	NA	-1.52927182443476	-0.2	NA	1.03454122068825	0.1
ENSMUSG00000036862	Dchs1	1429163_at	NA	1.16070147399532	0.1	NA	0.6927887925009	0.1
ENSMUSG00000036863	Syde2	1437424_at	NA	1.30642404358332	0.2	NA	-2.56679006920434	-0.2
ENSMUSG00000036872	Abcc12	1446170_at	NA	0.221940850124619	0	NA	-0.0822750847476695	0
ENSMUSG00000036875	Dna2	1457909_at	NA	-0.531073945103867	-0.1	NA	0.113262521689065	0
ENSMUSG00000036882	Arhgap33	1455701_at	NA	-0.0778042255800866	0	NA	0.866715800189155	0.1
ENSMUSG00000036885	Arhgef26	1429185_at	0.0167863865593075	-4.65795869900854	-0.6	NA	-0.311170683215681	0
ENSMUSG00000036890	Gtdc1	1434290_at	NA	-1.35588507752935	-0.2	0.202274053643953	1.70457284874827	0.2
ENSMUSG00000036893	Ehmt1	1454776_at	NA	2.35883343500366	0.3	NA	2.06143699924777	0.2
ENSMUSG00000036898	Zfp157	1452945_at	NA	1.01695227378486	0.1	0.213831838532367	1.65538231476121	0.2
ENSMUSG00000036902	Neto2	1454032_at	NA	1.00734220922463	0.2	NA	-0.577544374918382	0
ENSMUSG00000036904	Fzd8	1445815_at	NA	1.06573259090368	0.1	NA	1.54354487059163	0.1
ENSMUSG00000036907	C1ql2	1444687_at	NA	0.785218417156095	0.1	NA	-1.18661359891291	-0.1
ENSMUSG00000036912	Piwil4	1447564_x_at	NA	-0.16234348179675	0	NA	-0.801253060275848	-0.1
ENSMUSG00000036913	Trim67	1436829_at	NA	-0.44218809073315	-0.1	NA	1.00786123905831	0.1
ENSMUSG00000036918	Ttc7	1435334_at	NA	2.31806131661184	0.3	NA	1.17548969680229	0.1
ENSMUSG00000036923	Stox1	1456883_at	NA	0.870395024678443	0.2	NA	-0.456999869304568	0
ENSMUSG00000036924	Cst13	1429424_at	NA	0.806499718270263	0.1	NA	-1.14879398131736	-0.1
ENSMUSG00000036931	Nfkbid	1436074_at	NA	-0.296862804800108	0	NA	-0.0794292662030635	0
ENSMUSG00000036941	Elac1	1453061_at	NA	0.590209619310444	0.1	NA	0.511849237299884	0
ENSMUSG00000036949	Slc39a12	1436611_at	NA	1.30189714462144	0.1	NA	1.29787325666782	0.1
ENSMUSG00000036951	Aadacl2fm1	1457645_at	NA	0.17273150425186	0	NA	1.17197735726511	0.1
ENSMUSG00000036955	Kif1bp	1452874_at	NA	-0.518628822366502	-0.1	0.250447704658305	1.51493994899551	0.2
ENSMUSG00000036959	Bcorl1	1438469_at	NA	0.490517739577846	0.1	NA	-0.54708346906885	0
ENSMUSG00000036960	Clca2	1438109_at	NA	3.54483811151217	0.4	NA	-0.598749146287313	-0.1
ENSMUSG00000036961	Wnt8b	1441316_at	NA	1.89982754158911	0.2	NA	-0.128602542147922	0
ENSMUSG00000036962	Cfap221	1457159_at	NA	-1.7187281005705	-0.2	NA	-2.19543878932798	-0.2
ENSMUSG00000036964	Trim17	1440932_at	NA	1.22010186709668	0.1	NA	-0.603773484021895	-0.1
ENSMUSG00000036968	Cnpy4	1428325_at	0.00561075622374505	6.66761465025189	0.9	0.0201598226601823	3.67517136334655	0.4
ENSMUSG00000036975	Tmem177	1428957_at	NA	-1.15621961233582	-0.1	NA	0.594532101208964	0
ENSMUSG00000036977	Anapc10	1429376_s_at	0.62753111520773	0.620589859738558	0.2	0.168005739522018	1.86016165838077	0.2
ENSMUSG00000036985	Zdhhc9	1458142_at	NA	0.467991399117693	0.1	NA	0.400195598583823	0
ENSMUSG00000036986	Pml	1456103_at	0.00546506209319574	6.91499147026023	1	0.699876349351019	0.520264288490315	0.1
ENSMUSG00000036990	Otud4	1431039_at	NA	1.2292275003657	0.2	0.857419735242206	0.25330178453274	0
ENSMUSG00000037001	Zfp39	1441198_at	NA	-1.81969641813851	-0.2	0.797767062455372	0.353253837353835	0
ENSMUSG00000037013	Ss18	1436257_at	NA	0.355866774523967	0.1	NA	-0.333210723719064	0
ENSMUSG00000037016	Frem2	1457038_at	NA	-0.153682093861843	0	NA	0.359198320997475	0
ENSMUSG00000037020	Wdr62	1431376_at	NA	-0.791094461101475	-0.1	NA	0.050023247884278	0
ENSMUSG00000037034	Pax1	1443476_at	NA	0.148392676961538	0	NA	-0.0232731509246823	0
ENSMUSG00000037072	Selenof	1454525_at	NA	1.58553485292829	0.2	0.0594869869345467	-2.73331681322071	-0.3
ENSMUSG00000037075	Rnf139	1429425_at	NA	0.175817444930026	0	0.00546460410453147	4.88461841213962	0.6
ENSMUSG00000037085	Trmt12	1430537_at	NA	-0.0697043400744416	0	NA	-1.25753895632122	-0.1
ENSMUSG00000037086	Prr32	1429135_at	NA	-2.68596674823888	-0.3	NA	-1.0153005608561	-0.1
ENSMUSG00000037089	Slc35b2	1429007_at	0.0208868093803989	4.38183525557717	0.6	0.13062978920915	2.07288434557685	0.2
ENSMUSG00000037098	Rab11fip3	1438022_at	NA	1.14490767689095	0.2	0.122948757575312	2.12940636147583	0.2
ENSMUSG00000037101	Ttc29	1437096_at	NA	0.538141335158533	0.1	NA	-1.13333642508575	-0.1
ENSMUSG00000037106	Fer1l6	1441818_at	NA	0.156253051544818	0	NA	-0.517097695666788	0
ENSMUSG00000037110	Ralgapa2	1455750_at	0.390844003691665	1.20570185923048	0.3	NA	1.82588366135313	0.1
ENSMUSG00000037111	Setd7	1435437_at	0.869150327673593	0.215803262719197	0	0.0148772433674504	3.97875331882805	0.4
ENSMUSG00000037112	Sik2	1457276_at	NA	-0.381273080131231	-0.1	NA	0.117432064339658	0
ENSMUSG00000037134	Prmt9	1455916_at	NA	-1.58084314953738	-0.2	NA	1.20850858859541	0.1
ENSMUSG00000037138	Aff3	1430435_at	NA	-1.00885398714736	-0.1	NA	-0.882709270007622	-0.1
ENSMUSG00000037139	Myom3	1439708_at	0.00266211318478008	-8.48830118890529	-1.2	0.260226047357684	-1.47793236471913	-0.2
ENSMUSG00000037143	Cfap61	1440783_at	NA	0.80630099605032	0.1	NA	-0.147093103885794	0
ENSMUSG00000037149	Ddx1	1443098_at	NA	0.0286505816226323	0	NA	-0.343556718997094	0
ENSMUSG00000037159	Wee2	1436751_at	NA	0.0291851211522042	0	NA	-0.31047273998587	0
ENSMUSG00000037188	Grhl3	1436932_at	NA	0.538153903849481	0.1	NA	0.442582369394841	0
ENSMUSG00000037210	Fam193a	1455306_at	NA	1.65182044398329	0.3	NA	-0.229768141873777	0
ENSMUSG00000037214	Thap1	1429282_at	NA	1.00381673095484	0.2	NA	0.387104556092454	0
ENSMUSG00000037221	Mospd3	1460452_at	NA	2.90406472973344	0.3	0.218329948010351	1.63795465609804	0.2
ENSMUSG00000037224	Zfyve28	1434504_at	NA	0.597977556844449	0.1	NA	-0.996996836466427	-0.1
ENSMUSG00000037225	Fgf2	1456945_at	NA	0.548061885108814	0.1	NA	-3.19830521769104	-0.2
ENSMUSG00000037234	Hook3	1435157_at	NA	1.44347729490587	0.2	NA	0.00489618251712341	0
ENSMUSG00000037236	Matr3	1458508_at	NA	0.736907523617486	0.1	NA	2.66528778590918	0.2
ENSMUSG00000037239	Spred3	1435852_at	NA	1.91765596012468	0.2	NA	1.93135459682889	0.2
ENSMUSG00000037243	Zfp692	1434031_at	NA	1.62228770559386	0.2	0.188181782917281	1.76396432745015	0.2
ENSMUSG00000037247	Pldi	1432460_at	NA	-0.776886045548984	-0.1	NA	-1.07942394727727	-0.1
ENSMUSG00000037253	Mex3c	1454612_at	0.711572392512835	0.474101004579052	0.1	0.918910781397794	-0.142639422898503	0
ENSMUSG00000037257	Aagab	1445010_at	NA	-0.411667528773876	-0.1	NA	-0.0764468969185069	0
ENSMUSG00000037259	Dzank1	1439971_at	NA	0.165969213328877	0	NA	-0.859974501685208	-0.1
ENSMUSG00000037263	Aldh3b3	1430513_at	NA	1.06861957399182	0.2	NA	-0.656329795853029	-0.1
ENSMUSG00000037270	4932438A13Rik	1457535_at	NA	-0.355586437687759	0	NA	-1.7540481568824	-0.1
ENSMUSG00000037275	Gemin5	1436310_at	NA	-0.559858012708389	-0.1	NA	-2.23684661438315	-0.2
ENSMUSG00000037280	Galnt6	1434399_at	0.00266211318478008	-8.518800634008	-1.2	0.466510705625556	-0.955206469214974	-0.1
ENSMUSG00000037286	Stag1	1434189_at	0.355053956401797	1.33114108191953	0.3	0.0433076483057877	-2.99155223796797	-0.3
ENSMUSG00000037295	Ldlrap1	1457162_at	NA	1.52420765357084	0.3	NA	0.493929435035245	0
ENSMUSG00000037306	Man1c1	1436193_at	NA	3.64341737567818	0.5	0.000604830367597902	7.38752598315871	0.6
ENSMUSG00000037307	Banf2	1443967_at	NA	-0.0423728837461711	0	NA	-0.279129639011427	0
ENSMUSG00000037315	Jade3	1455185_s_at	NA	0.573559266347651	0.1	NA	-0.600200173038418	-0.1
ENSMUSG00000037316	Bag4	1439024_at	0.269775302194621	1.65422407857609	0.4	NA	0.359286306152608	0
ENSMUSG00000037318	Traf3ip3	1434573_at	NA	0.643196587356769	0.1	0.860800559852694	0.241985725360317	0
ENSMUSG00000037325	Bbs7	1454684_at	NA	0.277743759211789	0	0.039581376455508	3.06834620696075	0.3
ENSMUSG00000037336	Mfsd2b	1442000_at	NA	-0.445543711362185	-0.1	NA	-1.56782320462795	-0.1
ENSMUSG00000037339	Fam53a	1447637_at	NA	1.20531836396199	0.2	NA	-0.630096692479225	-0.1
ENSMUSG00000037343	Taf2	1434238_at	0.689636773336298	0.507372189933163	0.1	0.468000538253434	0.95102201979133	0.1
ENSMUSG00000037344	Slc12a9	1442599_at	NA	-1.63961580528586	-0.2	NA	1.74868773932268	0.1
ENSMUSG00000037348	Paqr7	1435312_at	NA	-0.958459889066982	-0.2	NA	-0.203076611921311	0
ENSMUSG00000037353	Letmd1	1453091_s_at	NA	1.28387623769959	0.1	0.397886635806866	1.10238991391982	0.1
ENSMUSG00000037355	Uvssa	1430431_at	NA	0.300225978792613	0	NA	-0.964070683446475	-0.1
ENSMUSG00000037358	Dipk2b	1453669_at	NA	0.915775029664593	0.1	NA	-0.528954906877001	0
ENSMUSG00000037363	Letm2	1443076_at	NA	0.405528633113795	0.1	NA	0.656917372305777	0.1
ENSMUSG00000037369	Kdm6a	1440524_at	NA	-1.26810961552683	-0.1	NA	-0.923709543956439	-0.1
ENSMUSG00000037370	Enpp1	1440339_at	0.066462607144575	3.10664655484766	0.7	0.00327551163799399	5.46632998657105	0.5
ENSMUSG00000037373	Ctbp1	1415702_a_at	NA	1.39608428924847	0.2	NA	-0.265484553790776	0
ENSMUSG00000037375	Hhat	1455962_at	0.11008262655636	2.5638001806781	0.6	NA	-1.18302306600766	-0.1
ENSMUSG00000037376	Trmt6	1428754_at	NA	-3.47014795359196	-0.5	NA	-2.1835154250583	-0.2
ENSMUSG00000037379	Spon2	1458175_at	NA	0.446739336376225	0.1	NA	1.36388685948761	0.1
ENSMUSG00000037386	Rims2	1436470_at	NA	-0.866773701063003	-0.1	NA	-1.01877995986023	-0.1
ENSMUSG00000037395	Rcor3	1428342_at	0.165239413005783	2.15548827544985	0.5	0.0282125251780159	3.36593203381266	0.4
ENSMUSG00000037406	Htra4	1437273_at	NA	1.74884898337658	0.2	NA	-0.0666335631040322	0
ENSMUSG00000037408	Cnnm4	1434847_at	0.11008262655636	-2.57475150051362	-0.5	NA	1.67716413282016	0.1
ENSMUSG00000037410	Tbc1d2b	1428508_at	0.0157737437879176	4.7710837201445	0.7	0.0031869114485417	5.51166916132074	0.7
ENSMUSG00000037418	Best1	1428841_at	NA	-2.81486355927825	-0.3	NA	-0.820704569390076	-0.1
ENSMUSG00000037419	Endod1	1433796_at	0.00902009997225092	5.53633104836466	0.9	NA	-0.0230623337360423	0
ENSMUSG00000037426	Depdc5	1458843_at	NA	-1.19383370354906	-0.1	NA	0.359183726668929	0
ENSMUSG00000037428	Vgf	1436094_at	NA	1.14304868082495	0.1	NA	-0.37924215721382	0
ENSMUSG00000037434	Slc30a1	1436164_at	NA	-1.98077932431777	-0.3	NA	1.99965869431939	0.2
ENSMUSG00000037437	Adam32	1437376_at	NA	-0.269609576546807	0	0.0677982072377279	-2.61865169885493	-0.3
ENSMUSG00000037440	Vnn1	1447845_s_at	NA	-3.01132599727342	-0.3	0.144416959307068	-1.98292723069402	-0.2
ENSMUSG00000037455	Slc18b1	1428795_at	0.0523858516230044	3.33137767161935	0.8	0.115634937291314	2.18704025212435	0.2
ENSMUSG00000037458	Azin1	1430984_at	NA	0.878716767247094	0.2	NA	-1.1755997502811	-0.1
ENSMUSG00000037463	Fbxo27	1434122_at	NA	0.584786210631956	0.1	NA	-0.876918535921009	-0.1
ENSMUSG00000037466	Tedc1	1455818_at	NA	0.895651446299424	0.1	0.0254124386991805	-3.46330858801895	-0.3
ENSMUSG00000037470	Uggt1	1432318_at	NA	-0.880316237423985	-0.1	NA	-2.12095031667868	-0.2
ENSMUSG00000037474	Dtl	1430228_at	NA	0.445497880004527	0.1	NA	0.911882210216012	0.1
ENSMUSG00000037475	Thoc2	1444004_at	0.224625944557558	1.86496369749038	0.4	NA	1.05450251646951	0.1
ENSMUSG00000037486	Asxl2	1439063_at	NA	1.4605493991828	0.2	NA	-2.04894984860113	-0.1
ENSMUSG00000037487	Ubr5	1444327_at	NA	-1.14759053113159	-0.1	NA	1.2723186887389	0.1
ENSMUSG00000037490	Slc2a12	1455501_at	0.550827805061412	-0.782906234498015	-0.3	NA	-0.144410836580363	0
ENSMUSG00000037492	Zmat4	1433959_at	NA	-0.396212177551236	-0.1	NA	-0.0748735283926237	0
ENSMUSG00000037503	Fam168b	1434018_at	0.0497210443545358	3.38683946354108	0.5	0.219944503658616	1.63196318208817	0.2
ENSMUSG00000037509	Arhgef4	1437656_at	NA	0.2353469343632	0	NA	-1.34745374847192	-0.1
ENSMUSG00000037514	Pank2	1431948_a_at	NA	2.68124034091868	0.4	0.0475701457117753	2.91455391777169	0.3
ENSMUSG00000037519	Ppfia1	1435861_at	NA	-0.0375510804977066	0	NA	-0.941811904518008	-0.1
ENSMUSG00000037531	Mrpl47	1453927_at	NA	-1.34115601676042	-0.1	NA	-1.6513055736717	-0.1
ENSMUSG00000037533	Rapgef6	1434509_at	0.0685072121279281	3.0734118296548	0.5	NA	-1.14849072806225	-0.1
ENSMUSG00000037535	1700021A07Rik	1453964_at	NA	0.937125217213647	0.1	NA	-0.197243319985445	0
ENSMUSG00000037536	Fbxo34	1431811_a_at	NA	1.28321165113447	0.2	NA	0.467553350750682	0
ENSMUSG00000037544	Dlgap5	1438811_at	NA	2.04099943989859	0.3	NA	2.46373159499575	0.2
ENSMUSG00000037548	H2-DMb2	1443687_x_at	NA	1.87764018271835	0.3	NA	-0.300437053682089	0
ENSMUSG00000037553	Zdhhc18	1433748_at	NA	2.54108561346551	0.3	NA	0.781670752412286	0.1
ENSMUSG00000037573	Tob1	1440844_at	NA	-0.852909545248248	-0.1	NA	0.951242379944236	0.1
ENSMUSG00000037577	Ephx3	1430724_at	NA	0.180510339113599	0	NA	-0.834105065831492	-0.1
ENSMUSG00000037578	Pkd2l1	1457105_at	NA	1.08943233894495	0.1	NA	-0.172191252753955	0
ENSMUSG00000037579	Kcnh3	1459107_at	NA	0.15525783088919	0	NA	-0.775865675482773	-0.1
ENSMUSG00000037593	Rskr	1444656_at	NA	-0.140739270029727	0	NA	-0.493559962336447	0
ENSMUSG00000037605	Adgrl3	1460440_at	NA	1.11697134452035	0.2	NA	1.16169217715595	0.1
ENSMUSG00000037608	Bclaf1	1438089_a_at	NA	0.562543302056983	0.1	NA	0.706303936128389	0.1
ENSMUSG00000037628	Cdkn3	1430574_at	NA	2.94105919040522	0.3	0.000146158510210944	10.2438704295898	0.9
ENSMUSG00000037638	Zbtb42	1456846_at	NA	1.62388300644974	0.2	NA	0.708073081254231	0.1
ENSMUSG00000037640	Zfp60	1430187_at	NA	1.0857230911053	0.1	NA	-0.301619748301202	0
ENSMUSG00000037646	Vps13b	1434571_at	0.398802175296705	1.18094241771068	0.2	NA	0.323466960752759	0
ENSMUSG00000037652	Phc3	1455312_at	NA	2.09684717403329	0.3	NA	1.42832339672554	0.1
ENSMUSG00000037653	Kctd8	1441495_at	NA	0.867602683715018	0.1	NA	0.18217295316521	0
ENSMUSG00000037661	Gpr160	1453072_at	NA	0.693706110229078	0.1	0.101519221703264	-2.29802294224693	-0.2
ENSMUSG00000037669	Ldah	1443615_at	NA	2.07117665192992	0.3	NA	-0.13929425154355	0
ENSMUSG00000037674	Rfx7	1434521_at	0.0683289063082384	3.08395211559524	0.9	0.470374577546001	0.945438497802985	0.1
ENSMUSG00000037679	Inf2	1436216_s_at	0.0241626449910862	4.19556591921107	1.1	0.891412316594051	-0.193564758234638	0
ENSMUSG00000037683	Armc3	1429816_at	NA	-1.11520345513969	-0.1	NA	-0.237090051488609	0
ENSMUSG00000037685	Atp8a1	1433827_at	0.973729301299147	0.0414074948021207	0	NA	-1.39261241930112	-0.1
ENSMUSG00000037686	Aspg	1435036_at	NA	-0.323133730058633	0	NA	-2.12382960434846	-0.2
ENSMUSG00000037689	Tmem247	1439564_at	0.429252672919956	-1.09256074253154	-0.4	NA	-1.04867714093375	-0.1
ENSMUSG00000037692	Ahdc1	1440138_at	NA	-1.85307684637131	-0.2	NA	0.0147882024319893	0
ENSMUSG00000037697	Ddhd1	1455321_at	0.371231818676434	1.26557178395513	0.3	NA	-2.42347445169364	-0.2
ENSMUSG00000037703	Lzts3	1441963_at	0.0057769782894976	6.45655225498042	0.8	0.18171573696309	1.79356909280235	0.2
ENSMUSG00000037708	Spag6	1460027_at	NA	-0.343225211189141	0	NA	-2.04983708731118	-0.2
ENSMUSG00000037709	Fam13a	1456611_at	0.132028687829376	2.39057047811383	0.5	NA	-0.0924885657798935	0
ENSMUSG00000037710	Cisd1	1443822_s_at	0.913370838730915	0.151859296661562	0	NA	0.824252189747495	0.1
ENSMUSG00000037712	Fermt2	1459324_at	NA	-0.00576720115506841	0	NA	1.0103321284798	0.1
ENSMUSG00000037716	Ccdc33	1430888_at	NA	-1.18833862672436	-0.2	NA	-2.2033624086458	-0.2
ENSMUSG00000037720	Tmem33	1436028_at	NA	1.77727039831605	0.3	NA	-1.64664390262435	-0.1
ENSMUSG00000037735	2810032G03Rik	1453262_at	NA	0.0535227728026071	0	NA	-0.2683536163342	0
ENSMUSG00000037736	Limch1	1440776_at	0.552394714910163	-0.777131178783659	-0.2	NA	-1.70828578093958	-0.1
ENSMUSG00000037737	Actrt3	1429789_at	NA	-0.744714051245426	-0.1	NA	-0.588133149112174	0
ENSMUSG00000037738	Nek5	1444163_at	NA	-1.44395090241254	-0.2	NA	0.483521680047171	0
ENSMUSG00000037740	Mrps26	1441053_at	NA	0.690504139885444	0.1	NA	0.372235563249757	0
ENSMUSG00000037747	Phyhipl	1458948_at	NA	-1.03943926539085	-0.1	0.914436561553114	-0.150716473854399	0
ENSMUSG00000037752	Xkr8	1455704_at	0.11008262655636	-2.56242352019409	-0.5	NA	0.325978088388854	0
ENSMUSG00000037754	Ppp1r16b	1455080_at	NA	0.664429728367656	0.1	NA	-0.196905384075641	0
ENSMUSG00000037761	Actr5	1438582_at	NA	1.85423881266786	0.2	NA	1.19349324384737	0.1
ENSMUSG00000037762	Slc16a9	1429726_at	NA	2.35578892417705	0.3	NA	1.01831176945877	0.1
ENSMUSG00000037773	Pced1a	1455533_at	NA	2.78720861357601	0.4	0.0127773188282555	4.1213463492945	0.5
ENSMUSG00000037784	Dzip1l	1436354_at	NA	4.8665885023835	0.5	NA	0.242092177665255	0
ENSMUSG00000037787	Apopt1	1429248_at	NA	-1.79133388243153	-0.3	0.190079052614419	1.7554057116829	0.2
ENSMUSG00000037791	Phf12	1453579_at	NA	0.930191793557921	0.1	NA	-0.880208385740862	-0.1
ENSMUSG00000037795	N4bp2	1434394_at	NA	0.0923342167089448	0	NA	0.255460249949939	0
ENSMUSG00000037801	Iqch	1453178_at	NA	1.01589852258928	0.1	NA	-1.9282480524249	-0.2
ENSMUSG00000037815	Ctnna1	1436631_at	NA	-1.12859523555846	-0.2	0.151117098881954	1.94614058325525	0.2
ENSMUSG00000037816	Fbxw17	1434991_at	NA	1.82991495235552	0.3	0.14049749237712	2.00387067160329	0.2
ENSMUSG00000037818	Abhd18	1438283_at	NA	0.276513174191125	0	NA	0.929924559804905	0.1
ENSMUSG00000037822	Smim14	1435464_at	0.213250642445378	1.92075496773023	0.5	0.0175402979342006	3.81050450912682	0.5
ENSMUSG00000037826	Ppm1k	1452973_at	0.483972807737184	0.936849702416846	0.2	NA	-0.414571466251895	0
ENSMUSG00000037833	Sh2d4b	1454173_at	NA	-1.48017404994937	-0.2	0.139104977194389	-2.01737622333409	-0.2
ENSMUSG00000037843	Vstm2l	1455714_at	NA	-0.989722647077156	-0.1	NA	-0.506825695877493	0
ENSMUSG00000037847	Nmrk1	1447503_at	NA	-0.411309854385938	0	NA	-1.0188046669313	-0.1
ENSMUSG00000037855	Zfp365	1435615_at	NA	-2.02757100539525	-0.2	NA	1.10327188144073	0.1
ENSMUSG00000037857	Nufip2	1455387_at	NA	1.11295156426177	0.2	0.422474873190217	-1.0470991260171	-0.1
ENSMUSG00000037876	Jmjd1c	1448049_at	NA	-1.07285048597333	-0.1	NA	0.359107925577433	0
ENSMUSG00000037884	1700017G19Rik	1429645_at	NA	2.06566209552098	0.3	NA	0.638697201602624	0
ENSMUSG00000037885	Stk35	1439802_at	NA	3.05745552533251	0.4	0.901898448456225	0.175594842933242	0
ENSMUSG00000037887	Dusp8	1428864_at	NA	-0.591598321948622	-0.1	NA	0.800443205864413	0.1
ENSMUSG00000037890	Wdr19	1455669_at	NA	1.43044787053118	0.1	NA	0.798414066050545	0.1
ENSMUSG00000037904	Ankrd9	1429300_at	0.11008262655636	2.5634078835052	0.5	0.190759266556532	-1.7524878752746	-0.2
ENSMUSG00000037905	Bri3bp	1428743_at	0.0304937207481406	3.93690307811087	0.6	0.825128687432712	0.305104818236786	0
ENSMUSG00000037907	Ankrd13b	1455289_at	NA	3.19675081885927	0.4	NA	-0.428951944153802	0
ENSMUSG00000037913	Tmem156	1458718_at	NA	-0.566337715497319	-0.1	NA	-1.2815258312558	-0.1
ENSMUSG00000037921	Ddx60	1439114_at	NA	-0.163711857475875	0	NA	0.73489881725678	0.1
ENSMUSG00000037922	Bank1	1456328_at	NA	0.60005283441996	0.1	NA	1.44934398102496	0.1
ENSMUSG00000037926	Ssh2	1455078_at	NA	0.223261886714621	0	NA	0.483347364080514	0
ENSMUSG00000037933	Bicd2	1437875_at	NA	0.265800901586169	0	0.205305088474675	-1.69063909360133	-0.2
ENSMUSG00000037940	Inpp4b	1457359_at	0.0558550694757981	-3.26292255937573	-0.7	NA	-2.2775748442025	-0.2
ENSMUSG00000037953	A4gnt	1458930_at	NA	0.93887408101556	0.1	NA	0.187521460151936	0
ENSMUSG00000037958	Nsrp1	1439046_at	NA	2.07954805026854	0.4	NA	-0.045264774472856	0
ENSMUSG00000037962	Rflna	1441881_x_at	NA	-1.23492546866336	-0.2	NA	-0.140476925121792	0
ENSMUSG00000037966	Ninj1	1441281_s_at	NA	-1.69091825534303	-0.2	NA	-1.30395350011354	-0.1
ENSMUSG00000037972	Snn	1452789_at	0.00718212806904989	6.04148743884604	0.9	0.0205238108386372	3.66198121378641	0.4
ENSMUSG00000037977	6430571L13Rik	1439669_at	NA	-0.0615972839144748	0	0.258014667129614	-1.48521007843302	-0.2
ENSMUSG00000037982	Gm9725	1453694_at	NA	-1.30623032890957	-0.2	NA	-0.64509756178709	-0.1
ENSMUSG00000037990	Sh3rf3	1456946_at	NA	1.76929035873858	0.3	NA	-1.99241469614684	-0.2
ENSMUSG00000037991	Rmi2	1445602_at	NA	-1.10388357686854	-0.1	NA	0.00639196362391384	0
ENSMUSG00000037993	Dhx38	1453751_at	0.291806774800753	-1.55853070606117	-0.4	NA	2.40489640219032	0.2
ENSMUSG00000037995	Igsf9	1441420_at	NA	-0.0557950563562631	0	NA	-1.60938251499073	-0.1
ENSMUSG00000037996	Slc24a2	1453885_at	NA	0.253882172475779	0	NA	-1.48743193303661	-0.1
ENSMUSG00000037997	Parp11	1434139_at	0.480531729181111	0.949032569391369	0.2	0.222434125294288	1.62114644876206	0.2
ENSMUSG00000037999	Arap2	1456337_at	NA	0.686879844617007	0.1	NA	-0.674000279378424	-0.1
ENSMUSG00000038009	Dnajc22	1429773_at	NA	0.932364697104939	0.1	NA	-0.503194986420258	0
ENSMUSG00000038010	Ccdc138	1432831_at	NA	0.341562272885962	0	NA	-0.396598404294836	0
ENSMUSG00000038013	Wipf2	1437298_at	NA	1.48245915745159	0.2	NA	-0.553539565303965	-0.1
ENSMUSG00000038020	Rapgefl1	1444441_at	NA	0.406442021012634	0.1	NA	0.541615349835026	0
ENSMUSG00000038022	Mindy4	1455467_at	NA	2.1084152871092	0.3	0.0133575113769862	4.09112025545542	0.4
ENSMUSG00000038026	Kcnj9	1428602_at	NA	-0.652619392581527	-0.1	NA	0.417423374921286	0
ENSMUSG00000038028	Tigar	1435929_at	NA	2.12479403781683	0.2	NA	-1.38939762883041	-0.1
ENSMUSG00000038037	Socs1	1440047_at	NA	0.658855313912003	0.1	NA	-0.311144666074319	0
ENSMUSG00000038039	Gcc2	1429081_at	0.104171529976835	2.62786525097883	0.5	0.914436561553114	0.15048203123485	0
ENSMUSG00000038042	Ptpdc1	1454726_s_at	NA	0.309263752162242	0.1	0.315320105267492	1.30130901732668	0.1
ENSMUSG00000038044	Cct8l1	1437962_at	NA	-0.827198968744563	-0.1	NA	-1.40654367403502	-0.1
ENSMUSG00000038045	Sult6b1	1439759_x_at	NA	-1.90027496046021	-0.3	NA	1.39920989499033	0.1
ENSMUSG00000038047	Haus6	1429665_at	NA	1.64865411657693	0.2	0.433050638980348	1.02790672050358	0.1
ENSMUSG00000038056	Kmt2c	1434178_at	0.527346181541355	0.836661931657131	0.2	0.122948757575312	2.126839613542	0.3
ENSMUSG00000038058	Nod1	1454733_at	NA	3.32483488823904	0.4	0.00642638721930287	4.74480493244542	0.4
ENSMUSG00000038064	Cldn22	1430237_at	NA	0.056152370245246	0	NA	-2.15850358797299	-0.2
ENSMUSG00000038065	Mturn	1434581_at	0.241626484180413	1.78854936759416	0.4	0.00364920995796684	5.29309783209617	0.6
ENSMUSG00000038068	Rnf144b	1439153_at	0.648501343669208	-0.580195427416112	-0.1	NA	1.56811782303187	0.1
ENSMUSG00000038069	Cdkn2aip	1429320_at	NA	0.0771520712119293	0	0.60769954693014	0.684793796466581	0.1
ENSMUSG00000038071	Npy6r	1438086_at	NA	-0.317440970318974	0	NA	-0.439569183845898	0
ENSMUSG00000038072	Galnt11	1432840_at	NA	-0.667488914107186	-0.1	NA	-0.13336920670785	0
ENSMUSG00000038074	Fkbp14	1433481_at	0.073618018432198	2.99841861355959	0.8	0.00290151094281741	5.63371614526421	0.6
ENSMUSG00000038077	Kcna6	1456954_at	NA	-1.3788712113079	-0.1	NA	-1.07985750459634	-0.1
ENSMUSG00000038079	Tmem237	1435661_at	NA	2.01247679913169	0.4	0.446405912321274	-0.995404491848577	-0.1
ENSMUSG00000038080	Kdm1b	1433649_at	NA	0.758412800416094	0.1	0.767329556238626	0.40191767677375	0.1
ENSMUSG00000038084	Opa1	1434890_at	NA	0.341832404844766	0.1	0.284275920917485	1.40549178011864	0.2
ENSMUSG00000038094	Atp13a4	1453673_at	NA	-1.15652913513368	-0.2	NA	-1.63396050539082	-0.1
ENSMUSG00000038095	Sbno1	1457509_at	NA	-1.29852732748835	-0.1	NA	-1.17842679114742	-0.1
ENSMUSG00000038102	Trappc11	1433752_s_at	NA	-1.01565114545665	-0.2	0.134442825195836	2.046632704685	0.3
ENSMUSG00000038112	AW551984	1447300_at	NA	0.41523647875742	0	NA	-1.18784237790602	-0.1
ENSMUSG00000038116	Phf20	1458017_at	0.680404139022407	-0.522161809493738	-0.2	0.237052458009638	1.56281922534448	0.2
ENSMUSG00000038119	Cdon	1434957_at	NA	0.651985499017307	0.1	0.0884496271802976	-2.41227575728576	-0.2
ENSMUSG00000038121	Fam210a	1434979_at	0.47863586571348	0.958942722948878	0.2	0.0432396894791422	3.00078293035439	0.3
ENSMUSG00000038122	Tbc1d32	1440928_at	NA	0.998380752989698	0.1	NA	0.555640812835406	0
ENSMUSG00000038126	Mphosph9	1440915_at	NA	1.286624390029	0.2	NA	-0.614040932216586	-0.1
ENSMUSG00000038132	Rbm24	1454752_at	NA	0.411660683928241	0.1	0.126472445577716	-2.1018618719044	-0.2
ENSMUSG00000038143	Stox2	1429401_at	NA	0.260728847847686	0	NA	-0.234689694029062	0
ENSMUSG00000038147	Cd84	1446505_at	NA	0.28066453862534	0	0.502637378736256	-0.878027840054706	-0.1
ENSMUSG00000038152	5033430I15Rik	1432509_at	NA	3.75632857111101	0.4	0.911690264533524	0.160044134662308	0
ENSMUSG00000038156	Spon1	1441226_at	NA	0.404168149035514	0.1	NA	-0.947234766738554	-0.1
ENSMUSG00000038160	Atg5	1415684_at	NA	0.902271911745812	0.1	0.126884467394812	2.09525328997745	0.3
ENSMUSG00000038165	1700022A21Rik	1453157_at	NA	-0.473278571970253	-0.1	NA	-1.25480763499043	-0.1
ENSMUSG00000038168	P3h2	1436178_at	NA	1.03524816212742	0.1	NA	-0.914093675119772	-0.1
ENSMUSG00000038170	Pde4dip	1433761_at	NA	2.29679742475019	0.3	0.037486171445934	3.12047697105671	0.3
ENSMUSG00000038172	Ttc39b	1458963_at	NA	0.629418432691501	0.1	0.096397858858842	2.34163684535529	0.2
ENSMUSG00000038173	Enpp6	1436090_at	NA	-0.506945042696003	-0.1	NA	-1.01334175811791	-0.1
ENSMUSG00000038174	Fam126b	1436229_at	NA	0.878792850076316	0.1	NA	-0.660963410392087	-0.1
ENSMUSG00000038178	Slc43a2	1439965_at	NA	0.74954539285935	0.1	0.0595918146338132	-2.73153026557072	-0.3
ENSMUSG00000038181	Chpf2	1453846_at	NA	0.0317204613750746	0	NA	0.994813338237583	0.1
ENSMUSG00000038188	Scarf1	1434490_at	NA	-1.41321302034392	-0.2	NA	-0.51947885674492	0
ENSMUSG00000038193	Hand2	1443854_at	NA	0.136782823405154	0	0.0358846942522549	-3.15224025245991	-0.3
ENSMUSG00000038195	Rilp	1457696_at	NA	0.930240382936825	0.1	NA	-0.22651057572845	0
ENSMUSG00000038204	Asb10	1441581_at	NA	-0.967272104459881	-0.1	NA	0.241824550993096	0
ENSMUSG00000038205	Prkab2	1435874_at	NA	-0.792267333892629	-0.1	0.00364920995796684	5.29720232683076	0.5
ENSMUSG00000038208	Pgap3	1435037_at	NA	0.681366713255708	0.1	0.196410715748233	1.73182324230744	0.2
ENSMUSG00000038214	Bend3	1434570_at	NA	0.592871565873854	0.1	NA	-1.00712135063459	-0.1
ENSMUSG00000038215	Cep44	1434462_at	0.868431732204509	0.218372122267663	0.1	0.0146519423291805	4.00069826718443	0.4
ENSMUSG00000038225	Primpol	1439788_at	NA	-0.545059175843901	-0.1	NA	2.31544179343946	0.2
ENSMUSG00000038240	Pdss2	1444085_at	NA	0.263836235473408	0	NA	0.566396956368892	0.1
ENSMUSG00000038244	Mical2	1429032_at	NA	-0.150970886056823	0	NA	-0.192614203616317	0
ENSMUSG00000038252	Ncapd2	1430010_at	NA	0.837414988449432	0.1	NA	-1.95688186737012	-0.1
ENSMUSG00000038255	Neurod2	1435411_at	NA	0.300213368658385	0	NA	0.557497471641395	0.1
ENSMUSG00000038256	Bcl9	1455565_at	NA	2.45340340671782	0.3	NA	1.98079052913558	0.1
ENSMUSG00000038257	Glra3	1457747_at	NA	1.11363593809502	0.1	NA	-1.89151128883213	-0.2
ENSMUSG00000038260	Trpm4	1435549_at	NA	0.479503703158002	0.1	0.211535999788998	1.66564964270661	0.2
ENSMUSG00000038276	Asic3	1439983_a_at	NA	0.257324334347628	0	NA	-1.71973348319528	-0.1
ENSMUSG00000038280	Ostm1	1428334_at	NA	0.965444697815256	0.2	0.00125270521688989	6.52260978855156	0.6
ENSMUSG00000038286	Bphl	1430531_at	NA	-0.723418994666981	-0.1	NA	0.909588913218301	0.1
ENSMUSG00000038290	Smg6	1433911_at	NA	1.05984893590332	0.2	0.247038937737282	1.52793567177235	0.2
ENSMUSG00000038291	Snx25	1455020_at	NA	1.74778456965445	0.3	0.060592398196858	2.7198424612616	0.3
ENSMUSG00000038296	Galnt18	1454780_at	NA	-0.0542345734751456	0	0.000791084486093815	7.08357880964538	0.9
ENSMUSG00000038301	Snx10	1459764_x_at	0.3953113392575	1.19042948549489	0.3	NA	-1.19299338362036	-0.1
ENSMUSG00000038304	Cd160	1456847_at	NA	0.926070904618359	0.1	0.471360177163519	-0.943422734316202	-0.1
ENSMUSG00000038305	Spats2l	1436091_at	NA	1.06962240895235	0.1	NA	0.611071186021764	0
ENSMUSG00000038311	2410017I17Rik	1453394_at	NA	-0.0098549111844218	0	NA	-0.983254339786169	-0.1
ENSMUSG00000038323	1700066M21Rik	1434422_at	NA	3.69361751831657	0.5	0.199652928441043	1.71519561335329	0.3
ENSMUSG00000038330	C87499	1460611_at	NA	-1.60472682758952	-0.2	NA	0.740988979229844	0.1
ENSMUSG00000038332	Sesn1	1444376_at	NA	-0.757297226133848	-0.1	0.129842050258426	2.07738385277392	0.2
ENSMUSG00000038335	Tsr1	1455643_s_at	NA	-1.18545706451054	-0.2	0.802206154767206	0.343311565768033	0
ENSMUSG00000038344	Txlng	1439131_at	NA	-0.146116250322965	0	NA	1.03486475624111	0.1
ENSMUSG00000038346	Zfp384	1438047_at	NA	1.81956674702479	0.2	NA	0.129650567375111	0
ENSMUSG00000038347	Tcte2	1458672_at	NA	0.0549193403158867	0	NA	-1.08354669381582	-0.1
ENSMUSG00000038349	Plcl1	1443974_at	NA	-0.354917432075152	0	NA	0.85237381265524	0.1
ENSMUSG00000038351	Sgsm2	1455178_at	NA	1.01006328658716	0.1	NA	0.36637390634267	0
ENSMUSG00000038354	Ankrd35	1438474_at	NA	-0.692675680158213	-0.1	NA	-0.93449223892409	-0.1
ENSMUSG00000038368	Focad	1435209_at	NA	0.441223868749527	0.1	NA	-0.241462998555759	0
ENSMUSG00000038371	Sbf2	1431433_at	NA	-0.381780752012669	0	NA	-0.99065905905568	-0.1
ENSMUSG00000038372	Gmds	1434158_at	NA	0.847242024324032	0.1	0.0148772433674504	3.97638736711264	0.4
ENSMUSG00000038379	Ttk	1442594_at	NA	2.32541105899218	0.3	NA	-0.037590477203988	0
ENSMUSG00000038384	Setd1b	1440836_at	NA	1.79552485863943	0.3	NA	1.76967127650062	0.2
ENSMUSG00000038388	Mpp6	1441546_at	NA	0.833678799222458	0.1	NA	2.13774165892887	0.2
ENSMUSG00000038398	Upf3a	1452971_at	0.0738866079702222	2.9918715381449	0.5	0.123644271966696	2.12009454356022	0.2
ENSMUSG00000038403	Hjv	1454137_s_at	NA	-2.78275493164276	-0.4	0.880854255556845	-0.210036316207494	0
ENSMUSG00000038406	Scaf1	1434908_at	0.157267980706848	2.20816573939275	0.5	0.151816614584784	1.94182367351981	0.2
ENSMUSG00000038408	1700018A04Rik	1431567_at	NA	-1.81950317062449	-0.3	0.128949625557679	-2.08206663757395	-0.2
ENSMUSG00000038415	Foxq1	1438558_x_at	NA	0.440974594278202	0.1	0.0250004500781091	3.49246099546934	0.4
ENSMUSG00000038437	Mllt6	1433811_at	NA	2.23599985585191	0.3	NA	-0.0880046757399968	0
ENSMUSG00000038446	Cdc40	1453342_at	0.232248247578327	1.83412570663523	0.3	NA	1.11416602706514	0.1
ENSMUSG00000038453	Srcin1	1436621_at	NA	1.41220077749468	0.2	NA	-0.666319118266557	-0.1
ENSMUSG00000038456	Dennd2a	1454624_at	NA	0.398311623742386	0.1	0.815637268661257	0.320248527051149	0
ENSMUSG00000038473	Nos1ap	1430442_at	NA	-0.960481249826861	-0.2	NA	-0.162872402167865	0
ENSMUSG00000038481	Cdk19	1434997_at	NA	0.540227360972913	0.1	0.0148489491187743	3.98323306911383	0.3
ENSMUSG00000038485	Socs7	1434834_at	NA	-1.19508955716797	-0.2	NA	1.06469717135842	0.1
ENSMUSG00000038491	Cdk19os	1430602_at	NA	-0.568133791598988	-0.1	NA	-1.63539976606591	-0.1
ENSMUSG00000038495	Otud7b	1428953_at	NA	0.735095370584371	0.1	NA	-0.436320044489614	0
ENSMUSG00000038496	Slc19a3	1436417_at	NA	-0.183669640735548	0	NA	0.629434458379839	0.1
ENSMUSG00000038497	Tmco3	1443248_at	NA	-1.53457457321753	-0.2	NA	-1.26072675037815	-0.1
ENSMUSG00000038503	Mesd	1436749_at	NA	-0.425741722394436	-0.1	NA	-1.43681562630103	-0.1
ENSMUSG00000038506	Dcun1d2	1441522_at	NA	0.73135783128347	0.1	NA	0.861259637738789	0.1
ENSMUSG00000038517	Tbkbp1	1435183_at	NA	1.27242556339254	0.1	NA	-0.110067014171074	0
ENSMUSG00000038522	Mfsd4b1	1436109_at	NA	0.118787832852015	0	NA	0.281711741808951	0
ENSMUSG00000038523	1700003F12Rik	1452863_at	NA	1.40845019774084	0.2	0.101901443816715	2.29140282356218	0.2
ENSMUSG00000038528	Mfsd4b5	1457853_at	NA	0.413870429955909	0.1	NA	-0.638706791759815	-0.1
ENSMUSG00000038533	Cbfa2t2	1456416_at	NA	0.680428732867844	0.1	NA	-0.778081056474905	-0.1
ENSMUSG00000038534	Osbpl7	1428893_at	NA	-1.20294706234778	-0.1	NA	1.80986592868919	0.1
ENSMUSG00000038538	Ubn2	1437022_at	NA	2.44407789016651	0.3	NA	-2.91397060459229	-0.2
ENSMUSG00000038543	BC028528	1445301_at	NA	-1.7369143841413	-0.3	NA	-2.1651294923365	-0.2
ENSMUSG00000038544	Inip	1429243_at	NA	0.313770728675169	0.1	NA	0.692732099111322	0.1
ENSMUSG00000038550	Ciart	1435188_at	NA	-2.85550092743178	-0.4	NA	0.374661436745564	0
ENSMUSG00000038560	Sp6	1437788_at	NA	0.435083243807472	0.1	NA	1.28633981880898	0.1
ENSMUSG00000038569	Rad9b	1439955_at	NA	-0.308980822349845	0	NA	1.75806604868199	0.1
ENSMUSG00000038570	Saxo2	1456939_at	NA	0.867440428972735	0.1	NA	-0.73020826110332	-0.1
ENSMUSG00000038576	Susd4	1460593_at	NA	-0.191313028880795	0	NA	-0.0470117914302043	0
ENSMUSG00000038578	Susd1	1458245_at	NA	-0.970241318203129	-0.1	NA	3.17233651801663	0.2
ENSMUSG00000038591	Colec10	1457871_at	NA	-0.0279867049693281	0	0.742273797772405	-0.441411184657131	-0.1
ENSMUSG00000038593	Tctn1	1429066_at	NA	1.68149536022245	0.3	0.0465999061741808	2.93022922606067	0.3
ENSMUSG00000038594	Cep85l	1455418_at	NA	0.900779102911979	0.1	NA	-1.3818698663907	-0.1
ENSMUSG00000038602	Slc35f1	1456343_at	NA	0.455027945734426	0.1	NA	-1.55463527911982	-0.1
ENSMUSG00000038608	Dock10	1435343_at	NA	2.77552782697171	0.3	NA	-0.968558598618574	-0.1
ENSMUSG00000038611	Phrf1	1437115_at	NA	0.262231821068218	0	NA	-0.824016304331943	-0.1
ENSMUSG00000038628	Polr3k	1440735_at	NA	0.730424915197893	0.1	NA	-0.508442800347812	0
ENSMUSG00000038637	Lrrc56	1458101_at	NA	0.848455749413887	0.1	NA	-0.510770531315229	0
ENSMUSG00000038658	Ric1	1443966_at	NA	1.93381442284617	0.2	0.200806569480883	1.71070525877211	0.2
ENSMUSG00000038663	Fsd2	1457031_at	NA	1.45999376340805	0.2	NA	-1.4079020235013	-0.1
ENSMUSG00000038664	Herc1	1440437_at	NA	0.841337806657967	0.1	NA	-0.503167338524497	0
ENSMUSG00000038665	Dgki	1439986_at	NA	-1.75525665298281	-0.3	0.558987670804291	-0.772742702341717	-0.1
ENSMUSG00000038670	Mybpc2	1455736_at	0.00279904699853638	-8.16058507876089	-1.1	NA	0.222239192289281	0
ENSMUSG00000038671	Arfrp1	1434488_at	NA	-1.04283054457417	-0.1	NA	-0.984326377956029	-0.1
ENSMUSG00000038677	Scube3	1436002_at	NA	0.0505748197521488	0	NA	1.66327914634822	0.1
ENSMUSG00000038679	Trps1	1438214_at	0.501398350390728	0.897150924332067	0.2	NA	1.7632929828266	0.2
ENSMUSG00000038685	Rtel1	1436728_s_at	NA	0.611489370987919	0.1	0.0133930365446005	-4.08585986872926	-0.4
ENSMUSG00000038690	Atp5j2	1443495_at	NA	0.0979181288694016	0	NA	1.19740935013604	0.1
ENSMUSG00000038702	Dsel	1438407_at	0.19510931855548	1.997471960344	0.6	0.622315041180977	0.657267580441256	0.1
ENSMUSG00000038705	Gmeb2	1454818_at	NA	0.553292222585555	0.1	NA	-0.288746818969536	0
ENSMUSG00000038712	Mindy1	1432262_at	NA	-3.33787198613926	-0.5	NA	2.63498116845713	0.2
ENSMUSG00000038718	Pbx3	1447640_s_at	0.00546506209319574	6.84461632013397	1.5	0.417382912688507	1.05894914115207	0.2
ENSMUSG00000038732	Mboat1	1441824_at	NA	0.120577904340588	0	NA	-1.92416485390492	-0.2
ENSMUSG00000038733	Wdr26	1435478_at	0.181788473950341	2.0747367944556	0.4	0.07960749001026	2.49866886590897	0.2
ENSMUSG00000038736	Nudcd1	1433547_s_at	0.298265760102516	1.53233794980814	0.3	NA	-0.886616171612921	-0.1
ENSMUSG00000038738	Shank1	1458662_at	NA	-0.772804885716294	-0.1	NA	-1.04117625194252	-0.1
ENSMUSG00000038751	Ptk6	1442923_at	NA	0.226069886819092	0	NA	1.34426341437186	0.1
ENSMUSG00000038756	Ttll6	1455780_at	NA	1.28761538810958	0.1	NA	-1.02523967533452	-0.1
ENSMUSG00000038759	Nup205	1454743_at	0.0454642186938624	3.49915209446201	0.6	0.202494269085636	-1.70313794656875	-0.2
ENSMUSG00000038764	Ptpn3	1455450_at	NA	1.03073760024826	0.1	NA	0.0326887368014387	0
ENSMUSG00000038765	Lmx1b	1441729_at	NA	-1.02964714933098	-0.1	NA	0.539229881983652	0
ENSMUSG00000038766	Gabpb2	1440289_at	NA	-0.103540749354076	0	NA	-1.36069332400414	-0.1
ENSMUSG00000038768	9130409I23Rik	1457403_at	NA	-0.431627268871019	-0.1	NA	-0.0424849697828595	0
ENSMUSG00000038770	Kpna7	1437754_at	NA	-1.13116107130232	-0.2	NA	-0.607177229635244	-0.1
ENSMUSG00000038773	Kdm3b	1458417_at	NA	0.400143329676593	0.1	NA	0.534843717936222	0
ENSMUSG00000038774	Ascc3	1457900_at	NA	0.401218542471693	0.1	NA	0.259972739315317	0
ENSMUSG00000038780	Smurf1	1428395_at	NA	1.23403529950108	0.2	0.0353253286901588	3.16629923216615	0.4
ENSMUSG00000038782	1700028J19Rik	1432186_at	NA	0.488720895935699	0.1	NA	-0.277596126022995	0
ENSMUSG00000038806	Sde2	1459853_x_at	NA	0.53134616247388	0.1	NA	-0.189104247299017	0
ENSMUSG00000038807	Rap1gap2	1434754_at	0.0247455103054951	-4.16955647814082	-0.8	0.298452165089856	1.35696358116846	0.2
ENSMUSG00000038811	Gngt2	1428733_at	NA	-0.59052663619741	-0.1	NA	-0.983740718214923	-0.1
ENSMUSG00000038822	Hace1	1459130_at	NA	0.653140348910949	0.1	NA	-1.23169193457607	-0.1
ENSMUSG00000038827	Abitram	1436422_at	NA	-0.499875084981332	-0.1	0.776893808846009	0.386045315585926	0
ENSMUSG00000038828	Tmem214	1456963_at	NA	0.150478480102447	0	NA	0.078581396764845	0
ENSMUSG00000038831	Ralgps1	1434669_at	NA	-0.162621948013509	0	NA	0.407796654072444	0
ENSMUSG00000038836	Agbl3	1459247_at	NA	-0.436563103802008	-0.1	0.891412316594051	0.192222370837289	0
ENSMUSG00000038838	Vars2	1454936_at	NA	0.575640760934419	0.1	NA	-0.377699488731732	0
ENSMUSG00000038840	Birc7	1443502_at	NA	-0.895237202265171	-0.1	NA	-0.101143286889371	0
ENSMUSG00000038843	Gcnt1	1460431_at	NA	-0.563654593318022	-0.1	NA	0.870574181446431	0.1
ENSMUSG00000038844	Kif16b	1458694_at	NA	0.671218811267264	0.1	NA	-0.611132207555411	-0.1
ENSMUSG00000038848	Ythdf1	1415767_at	NA	0.625550542722103	0.1	NA	0.133278525260995	0
ENSMUSG00000038855	Itpkb	1441058_at	NA	-0.28818337041074	0	NA	-0.093822708173143	0
ENSMUSG00000038860	Garnl3	1433553_at	NA	-1.5815618208548	-0.2	NA	1.20166465704119	0.1
ENSMUSG00000038861	Pi4kb	1439197_at	NA	2.23385896177298	0.3	0.358326382836167	1.19075318811452	0.2
ENSMUSG00000038866	Zcchc2	1434401_at	NA	0.482315601680804	0.1	NA	0.306542873817506	0
ENSMUSG00000038872	Zfhx3	1429725_at	NA	1.32562296937491	0.2	NA	1.84692910343871	0.1
ENSMUSG00000038886	Man2a2	1435203_at	NA	0.999282527845871	0.2	0.0659310562309101	2.64766227235411	0.3
ENSMUSG00000038895	Zfp653	1435481_at	NA	-1.34669553982409	-0.1	NA	1.14051347508151	0.1
ENSMUSG00000038902	Pogz	1454827_at	NA	2.23701685651055	0.3	NA	-0.09455667909912	0
ENSMUSG00000038903	Ccdc68	1439109_at	NA	-0.727012197020976	-0.1	NA	0.315334498025439	0
ENSMUSG00000038914	Dido1	1437647_at	NA	2.39422108711648	0.3	0.0054696309510217	4.87955480756954	0.4
ENSMUSG00000038916	Soga3	1438436_at	NA	2.47732259644125	0.3	NA	-0.630974702622997	-0.1
ENSMUSG00000038917	3930402G23Rik	1453626_at	NA	1.34045219955553	0.2	NA	-0.801240767829874	-0.1
ENSMUSG00000038949	Cnst	1436795_at	NA	0.80226933064297	0.1	NA	2.1106300286339	0.2
ENSMUSG00000038954	Supt3	1434963_at	NA	-1.90406634732735	-0.2	NA	0.39931375313509	0
ENSMUSG00000038957	Edc3	1433710_at	0.221180232583424	1.88046274777472	0.5	NA	-1.49104721749667	-0.1
ENSMUSG00000038963	Slco4a1	1455803_at	NA	-0.558202974992717	-0.1	NA	0.107705577505528	0
ENSMUSG00000038970	Lmtk2	1455018_at	NA	0.290656785620369	0	NA	-0.732217468620691	-0.1
ENSMUSG00000038973	Cldnd2	1454266_at	NA	0.0530846515398918	0	NA	0.79613123721134	0.1
ENSMUSG00000038984	Tspyl5	1455807_at	NA	1.64021946356882	0.2	NA	-0.111485387734218	0
ENSMUSG00000039000	Ube3c	1456992_at	NA	-0.928400433730272	-0.1	NA	-0.504505131050162	0
ENSMUSG00000039001	Rps21	1430288_x_at	NA	1.05649343803704	0.1	NA	1.01557832139733	0.1
ENSMUSG00000039005	Tlr4	1430695_at	NA	0.553810086138785	0.1	NA	-1.01174458459427	-0.1
ENSMUSG00000039007	Cpq	1432387_at	NA	-0.240048025161304	0	NA	-0.012645728306685	0
ENSMUSG00000039031	Arhgap18	1431133_at	NA	0.734750295435593	0.1	0.207370780736262	-1.68177909856183	-0.2
ENSMUSG00000039037	St6galnac5	1440973_at	NA	1.65825055675974	0.2	NA	-1.61226657999325	-0.1
ENSMUSG00000039043	Arpin	1428450_at	0.0148444893188396	4.85003406783792	1.1	NA	-0.96085093876547	-0.1
ENSMUSG00000039046	Usp6nl	1445161_at	0.469887506531408	0.979654513764809	0.2	NA	-1.30354837270304	-0.1
ENSMUSG00000039057	Myo16	1445532_at	NA	-0.246140257139819	0	NA	0.485628559617013	0
ENSMUSG00000039058	Ak5	1457032_at	NA	-1.12899336094136	-0.1	NA	0.63757168367275	0
ENSMUSG00000039065	Atpsckmt	1428683_at	NA	0.932508900081202	0.2	NA	-0.721440127113289	-0.1
ENSMUSG00000039069	Mtg2	1460029_at	NA	0.876788525399856	0.2	NA	-1.08697759687025	-0.1
ENSMUSG00000039070	Cpa4	1453770_at	NA	-0.317900931112156	-0.1	NA	0.149936154490789	0
ENSMUSG00000039086	Ss18l1	1436911_at	NA	-0.884580499630987	-0.1	NA	-0.684621444910957	-0.1
ENSMUSG00000039087	Rreb1	1442047_at	NA	-0.443731177297675	0	NA	-0.845254031280065	-0.1
ENSMUSG00000039089	L3mbtl3	1434246_at	NA	0.96951378475131	0.2	NA	0.787399930952212	0.1
ENSMUSG00000039092	Sptlc3	1439492_at	NA	0.427959452958214	0.1	NA	-1.27707796667668	-0.1
ENSMUSG00000039096	Rsad1	1437449_at	NA	0.229833614591808	0	NA	0.341309725455811	0
ENSMUSG00000039103	Nexn	1435649_at	0.600381489807328	-0.673114777723226	-0.2	0.97740516504697	-0.0430997504231592	0
ENSMUSG00000039106	Htr5a	1443276_at	NA	0.0688989599986798	0	NA	-1.85684796982911	-0.1
ENSMUSG00000039114	Nrn1	1428393_at	NA	-0.476785869104016	-0.1	0.00240469921230498	5.84579196601198	0.8
ENSMUSG00000039116	Adgrg6	1437409_s_at	0.323049949699735	1.43998099744664	0.3	0.0342590776642324	3.19708593505041	0.4
ENSMUSG00000039126	Prune2	1455342_at	NA	-0.925343878872265	-0.2	0.026819747966847	3.41146276990031	0.5
ENSMUSG00000039133	9330171B17Rik	1429231_at	0.39581887140587	-1.18871867677604	-0.5	NA	-0.802453116496922	-0.1
ENSMUSG00000039137	Whrn	1432555_at	NA	0.696898057332361	0.1	NA	1.04634079697008	0.1
ENSMUSG00000039148	Sart1	1442284_at	0.256958601701174	1.71499370712134	0.4	NA	-0.715543729807479	-0.1
ENSMUSG00000039155	Cdh26	1456937_at	NA	0.773508740679712	0.1	NA	-1.02965459502955	-0.1
ENSMUSG00000039156	Stim2	1434219_at	NA	-0.22296665896003	0	0.504366051271349	0.874484517786017	0.1
ENSMUSG00000039159	Ube2h	1428791_at	0.00950561021178667	5.46139778303298	0.8	0.00304727899510594	5.58182371565247	0.6
ENSMUSG00000039163	Cmc1	1431510_s_at	NA	-0.204571976894214	0	0.0666971777237579	2.63815329254331	0.5
ENSMUSG00000039164	Naif1	1429070_at	NA	2.09274534896706	0.3	NA	0.293467847467765	0
ENSMUSG00000039166	Akap7	1433905_at	NA	0.76983562505269	0.1	NA	1.05630537978406	0.1
ENSMUSG00000039174	1700003H04Rik	1429482_at	NA	0.193320748855539	0	NA	0.79308891600197	0.1
ENSMUSG00000039179	Tekt5	1429355_at	0.00279904699853638	-8.14432648859665	-1.1	0.083577015133689	-2.46367333078725	-0.4
ENSMUSG00000039191	Rbpj	1454896_at	0.639197426833038	0.598333799504498	0.1	0.0884862086035511	2.41095438505444	0.3
ENSMUSG00000039197	Adk	1446675_at	NA	-0.429879406932483	-0.1	NA	-0.0753304378871434	0
ENSMUSG00000039198	Ptchd3	1431518_at	NA	1.00492044352644	0.1	NA	-0.437718716661978	0
ENSMUSG00000039200	Atf7ip2	1442796_at	NA	0.693515326863619	0.1	NA	-1.75389759147497	-0.2
ENSMUSG00000039201	Tbc1d25	1456113_at	NA	-2.38098804764244	-0.3	NA	-0.692834336971782	-0.1
ENSMUSG00000039202	Abhd2	1435653_at	NA	1.31706605102998	0.2	0.967953916212642	-0.0626840306531406	0
ENSMUSG00000039210	Gpatch2	1445189_at	NA	-0.662835154178695	-0.1	NA	0.25553602410596	0
ENSMUSG00000039218	Srrm2	1438688_at	0.0938748820399458	2.73320363046455	0.5	NA	0.249119283718489	0
ENSMUSG00000039219	Arid4b	1446317_at	NA	-0.990119491750651	-0.1	0.272528628378902	-1.43826064726407	-0.2
ENSMUSG00000039220	Ppp1r10	1430560_at	NA	-0.180804723366326	0	NA	-0.254733487372861	0
ENSMUSG00000039232	Stx11	1453228_at	NA	-0.0733072926002491	0	NA	3.19373366700962	0.2
ENSMUSG00000039233	Tbce	1445668_at	NA	-0.334141454547171	0	NA	1.14199456230421	0.1
ENSMUSG00000039238	Zfp750	1437469_at	NA	-0.700599976229688	-0.1	NA	-0.0357053371210859	0
ENSMUSG00000039239	Tgfb2	1438303_at	NA	1.26463388959562	0.2	NA	1.34820208051326	0.1
ENSMUSG00000039242	B3galnt2	1460105_at	NA	-1.26723042620553	-0.1	NA	-0.153826636366874	0
ENSMUSG00000039252	Lgi2	1457040_at	NA	-1.53899136451259	-0.2	NA	0.628191473230128	0.1
ENSMUSG00000039257	Vstm2b	1442746_at	NA	0.0823635240198356	0	NA	-1.25757493204926	-0.1
ENSMUSG00000039262	Prrc2b	1433624_at	NA	1.16742739911518	0.2	NA	0.922124438266719	0.1
ENSMUSG00000039269	2300002M23Rik	1429496_x_at	NA	-0.185553044097634	0	NA	0.421223086879893	0
ENSMUSG00000039270	Megf9	1455960_at	NA	-0.354701902124105	-0.1	NA	2.31369015533563	0.2
ENSMUSG00000039275	Foxk2	1442933_at	NA	0.124037824317349	0	NA	-0.192794669709171	0
ENSMUSG00000039286	Fndc3b	1433833_at	0.080232583328896	2.89801471800597	0.5	0.0148772433674504	3.97768501623107	0.4
ENSMUSG00000039294	Cybc1	1460087_at	NA	1.1856270158779	0.1	NA	0.21086579055837	0
ENSMUSG00000039296	Spdye4a	1432185_a_at	NA	0.724099768098141	0.1	NA	0.569809325824002	0
ENSMUSG00000039298	Cdk5rap2	1443976_at	NA	-0.342566091002123	0	NA	0.837768470710577	0.1
ENSMUSG00000039304	Tnfsf10	1439680_at	NA	0.187677010308991	0	NA	0.0624855760382278	0
ENSMUSG00000039313	Minar1	1445891_at	NA	0.158977876546431	0	NA	-0.790034544756097	-0.1
ENSMUSG00000039316	Rftn1	1428696_at	NA	0.559835492213396	0.1	NA	-1.0076476949416	-0.1
ENSMUSG00000039318	Rab3gap2	1454915_at	NA	1.16346007988239	0.2	0.0940828856201409	2.35999029407755	0.3
ENSMUSG00000039328	Rnf122	1454857_at	0.00561075622374505	6.59583750456359	0.7	0.444722810469588	0.998620997215006	0.1
ENSMUSG00000039335	Spata16	1430742_a_at	NA	-0.219328722257447	0	NA	-1.10254422460154	-0.1
ENSMUSG00000039339	Mfsd4b2	1431537_at	NA	-0.87788218047302	-0.1	NA	0.780718979191833	0.1
ENSMUSG00000039345	Mettl22	1438901_at	NA	0.000450615713344991	0	NA	-0.346642630841445	0
ENSMUSG00000039357	Fut11	1434123_at	NA	2.06669293521481	0.3	0.174716433614012	1.82713617089487	0.2
ENSMUSG00000039361	Picalm	1446968_at	NA	1.24951663845999	0.1	NA	2.05938718785363	0.1
ENSMUSG00000039367	Sec24c	1430250_at	NA	1.68382619534875	0.2	NA	-0.82210020776099	-0.1
ENSMUSG00000039372	March4	1441223_at	NA	0.102008286554664	0	NA	-1.85150518071403	-0.2
ENSMUSG00000039375	Wdr17	1453537_a_at	NA	0.689846317609195	0.1	NA	1.1045086533465	0.1
ENSMUSG00000039376	Synpo2l	1447657_s_at	NA	-0.916024806537707	-0.1	0.000226147145195836	-9.26835548482603	-1
ENSMUSG00000039385	Cdh6	1437558_at	NA	0.561814594569216	0.1	NA	-1.53729838688292	-0.1
ENSMUSG00000039391	Ccdc81	1431839_a_at	NA	-1.79072820094823	-0.2	0.271134278642361	-1.44201021131797	-0.2
ENSMUSG00000039396	Neil3	1440633_at	NA	2.03153294508579	0.2	NA	-0.18028415552538	0
ENSMUSG00000039405	Prss23	1446560_at	NA	1.47472159701308	0.2	NA	-0.263232857687542	0
ENSMUSG00000039410	Prdm16	1429309_at	NA	-0.836209342706009	-0.1	NA	-1.71774829766705	-0.2
ENSMUSG00000039414	Heatr5b	1439815_at	0.0174932052265312	4.57779717478288	0.6	0.0353633551188244	3.16456680448291	0.3
ENSMUSG00000039419	Cntnap2	1439750_at	NA	1.2699057289021	0.2	NA	-2.20894508938616	-0.2
ENSMUSG00000039431	Mtmr7	1447831_s_at	NA	0.927548126729629	0.1	NA	-0.972423055637098	-0.1
ENSMUSG00000039449	Prpf18	1429614_at	NA	-0.171734102404349	0	0.0333501632914512	3.21790766070241	0.3
ENSMUSG00000039458	Mtmr12	1434058_at	0.039330376484521	3.66120186232973	0.7	0.255108614094051	1.49798340516474	0.2
ENSMUSG00000039463	Slc9a8	1431205_at	NA	-0.380521648921657	0	NA	-1.11235918744035	-0.1
ENSMUSG00000039470	Zdhhc2	1453481_at	NA	0.57593777252985	0.1	NA	1.96081832122661	0.2
ENSMUSG00000039473	Ubn1	1438401_at	0.500799920530588	0.899078042720466	0.2	0.248767676413995	1.52231855511728	0.2
ENSMUSG00000039477	Tnrc18	1434825_at	NA	2.77074386563185	0.4	0.0100755109356353	4.31751102956302	0.5
ENSMUSG00000039478	Micu3	1441599_at	NA	0.857370730075718	0.1	NA	0.819126361229839	0.1
ENSMUSG00000039480	Nt5dc1	1460615_at	0.639692489051576	0.596901180104892	0.1	0.969601641822141	-0.0600194537975118	0
ENSMUSG00000039497	Dse	1455795_at	NA	-0.182661500711572	0	0.737948235835191	0.451019393192207	0.1
ENSMUSG00000039508	Calhm4	1436873_at	NA	-0.113501117929868	0	NA	-0.100704716656773	0
ENSMUSG00000039509	Nup133	1441235_at	NA	0.748905465010937	0.1	NA	-0.66030372407873	-0.1
ENSMUSG00000039529	Atp8b1	1455396_at	NA	-0.357123406651939	-0.1	NA	1.65797071232715	0.1
ENSMUSG00000039533	Mmd2	1444572_at	NA	1.7802837947407	0.3	NA	-2.23277575030631	-0.2
ENSMUSG00000039540	4921524L21Rik	1431479_at	NA	-0.125712624149162	0	NA	0.0436868999371675	0
ENSMUSG00000039542	Ncam1	1439556_at	NA	0.0532985853406845	0	0.0489203169010826	2.88749892354979	0.3
ENSMUSG00000039543	Cfap70	1430926_at	NA	-1.12756967426138	-0.2	NA	-3.26276045825036	-0.3
ENSMUSG00000039545	Flicr	1430639_at	NA	0.928266788382333	0.1	NA	0.311747163996429	0
ENSMUSG00000039546	Ajap1	1457427_at	0.363276277854713	-1.30118092469602	-0.3	NA	-1.42071423455696	-0.1
ENSMUSG00000039552	Rsph4a	1444270_at	NA	0.141289742617491	0	NA	1.06764621782707	0.1
ENSMUSG00000039555	Cylc2	1432334_at	NA	-1.93955705845014	-0.2	NA	-0.951625007578679	-0.1
ENSMUSG00000039563	2210406O10Rik	1431769_at	NA	-0.851693513481964	-0.1	NA	-0.673614717266159	-0.1
ENSMUSG00000039577	Nphp4	1434024_at	NA	-0.245192829853058	0	NA	1.85931611004859	0.2
ENSMUSG00000039578	Ccser1	1445275_at	NA	-0.228982492836947	0	NA	-1.28376845865357	-0.1
ENSMUSG00000039579	Grin3a	1436575_at	0.26516201375127	-1.67603531256772	-0.4	NA	0.71536503971705	0.1
ENSMUSG00000039585	Myo9a	1459991_at	NA	1.22325005688208	0.1	NA	-0.479800893630279	0
ENSMUSG00000039599	Fam149b	1435686_at	NA	1.84047076280491	0.3	NA	0.531883240319307	0
ENSMUSG00000039607	Rbms3	1452761_a_at	NA	1.83463407392929	0.2	NA	-0.432954617101896	0
ENSMUSG00000039620	Trmt9b	1456096_at	NA	0.953167659399956	0.1	0.108201265695217	-2.23869644644222	-0.2
ENSMUSG00000039621	Prex1	1434069_at	NA	-0.349196326379773	0	NA	-0.442901896546763	0
ENSMUSG00000039623	Ap5z1	1433840_a_at	NA	1.26986963452231	0.2	NA	0.915847568898936	0.1
ENSMUSG00000039628	Hs3st6	1459646_at	NA	0.411079873252377	0.1	NA	-0.824833593624862	-0.1
ENSMUSG00000039629	Strip2	1433847_at	NA	1.36871214943678	0.2	NA	-1.71593755462453	-0.1
ENSMUSG00000039632	Ccdc151	1456766_at	NA	-1.31675036662081	-0.2	NA	-2.04775509824683	-0.1
ENSMUSG00000039633	Lonrf1	1455665_at	NA	1.10942839078541	0.2	NA	1.47238814099499	0.1
ENSMUSG00000039637	Coro7	1428148_s_at	NA	-1.02131097165296	-0.1	NA	1.27424122422598	0.1
ENSMUSG00000039639	Kcne1	1441035_at	NA	-1.79118682824133	-0.3	NA	0.00381312779613357	0
ENSMUSG00000039648	Kyat1	1438348_x_at	NA	-1.01953890925965	-0.1	NA	0.43111291867494	0
ENSMUSG00000039652	Cpeb3	1445868_at	NA	0.229292543937232	0	NA	-1.1644945506241	-0.1
ENSMUSG00000039670	Oxld1	1441878_s_at	NA	-0.383685643793264	-0.1	NA	1.14293569784899	0.1
ENSMUSG00000039671	Zmynd8	1429415_at	NA	0.732597693235593	0.1	0.0338091357940342	3.20770083121551	0.3
ENSMUSG00000039676	Capsl	1429891_at	0.5932048865268	-0.692972946008322	-0.2	NA	-1.30357979835021	-0.1
ENSMUSG00000039680	Mrps6	1447585_s_at	0.0318749659292138	3.88948126778344	0.5	NA	-0.745554574852355	-0.1
ENSMUSG00000039683	Sdk1	1459711_at	NA	-0.0726521604017021	0	NA	-1.38660042452342	-0.1
ENSMUSG00000039686	Zer1	1456771_at	NA	-1.08480233553269	-0.1	NA	0.416448522295944	0
ENSMUSG00000039697	Ncoa7	1454809_at	0.3163205390302	1.4560416949658	0.3	0.593476380331616	-0.712427400151613	-0.1
ENSMUSG00000039701	Usp53	1444507_at	NA	2.68106421009558	0.4	NA	-1.65839213164036	-0.1
ENSMUSG00000039704	Lmbrd2	1429771_at	0.364181031160914	1.29614878707046	0.5	0.4427086077518	1.00464455202624	0.2
ENSMUSG00000039706	Ldb2	1439557_s_at	NA	0.483981680750462	0.1	NA	-0.575535480448084	0
ENSMUSG00000039715	Wdr34	1429174_at	NA	2.38711065799742	0.4	0.664578584835758	0.582492522929789	0.1
ENSMUSG00000039716	Dock3	1428852_at	NA	-0.488341831812303	0	0.602096256566709	0.695983661132108	0.1
ENSMUSG00000039717	Ralyl	1454715_at	NA	0.849257036588019	0.1	NA	0.441564073515346	0
ENSMUSG00000039720	Got1l1	1439308_at	NA	0.771549455944318	0.1	NA	2.70054185457321	0.2
ENSMUSG00000039728	Slc6a5	1442177_at	NA	-1.33915932773013	-0.1	NA	-1.02565116598537	-0.1
ENSMUSG00000039735	Fnbp1l	1434339_at	0.116806517476769	2.50663638210824	0.8	0.270503683922838	-1.44396322536419	-0.1
ENSMUSG00000039737	Prkrip1	1442084_at	NA	-0.0953437740996686	0	0.273584124711787	-1.43531934545866	-0.2
ENSMUSG00000039738	Slx4	1435969_at	NA	0.0652229969725157	0	NA	0.387675391248154	0
ENSMUSG00000039741	Bahcc1	1460560_at	NA	1.36818686249213	0.2	NA	0.152605207874039	0
ENSMUSG00000039742	Fam71f1	1437228_at	0.518052628838089	-0.856789295426861	-0.2	NA	1.80536224025147	0.1
ENSMUSG00000039745	Htatip2	1454227_at	NA	0.176056246958004	0	NA	-1.4570814033288	-0.1
ENSMUSG00000039747	Orai2	1434763_at	0.371231818676434	1.26908075218063	0.3	0.0456281789181331	2.94674938812802	0.3
ENSMUSG00000039748	Exo1	1430225_at	NA	-0.641936940806083	-0.1	NA	-1.61293398773206	-0.1
ENSMUSG00000039753	Fbxl5	1433441_at	0.419863662241201	1.11823733143875	0.3	NA	2.4197071180475	0.2
ENSMUSG00000039759	Thap3	1428521_at	NA	0.471260360717574	0.1	NA	0.144762711632173	0
ENSMUSG00000039760	Il22ra2	1437665_at	NA	0.133043071106686	0	NA	1.56422587704007	0.1
ENSMUSG00000039765	Cc2d2a	1436426_at	NA	0.697196220177062	0.1	NA	2.20242693400874	0.2
ENSMUSG00000039768	Dnajc11	1447055_at	NA	0.274086514810155	0	NA	1.28672511100722	0.1
ENSMUSG00000039774	Galnt12	1437760_at	NA	1.39707255144319	0.2	NA	-0.0458408229683679	0
ENSMUSG00000039782	Cpeb2	1447449_at	NA	0.456607210505344	0.1	NA	0.270226048427007	0
ENSMUSG00000039787	Cercam	1435345_at	0.0340904164301543	3.81303467732494	0.7	0.00441858465666937	5.09109922008324	0.5
ENSMUSG00000039789	Zfp597	1435556_at	NA	0.477753076566494	0.1	NA	-1.55787331833345	-0.1
ENSMUSG00000039798	2600006K01Rik	1432448_at	NA	-0.0760253853820451	0	NA	-0.350335461124001	0
ENSMUSG00000039801	Cplane1	1437439_at	NA	1.46995528489049	0.1	NA	0.105102730317531	0
ENSMUSG00000039813	Tbc1d2	1456792_at	NA	0.591033730986497	0.1	NA	0.250074049956987	0
ENSMUSG00000039814	Xkr5	1455127_at	0.00928922120916358	5.49086073556913	0.6	0.0625089219465009	2.69294612413946	0.3
ENSMUSG00000039828	Wdr70	1455097_at	NA	0.991995873129003	0.1	NA	0.930916566362863	0.1
ENSMUSG00000039831	Arhgap29	1454745_at	0.163823782422505	2.16597260577472	0.6	0.0064466838596381	4.73658043097252	0.5
ENSMUSG00000039834	Zfp335	1453039_at	NA	0.473171605627016	0	NA	0.456760117428881	0
ENSMUSG00000039835	Nhsl1	1430810_at	NA	1.91939972977299	0.2	NA	-0.390047618089463	0
ENSMUSG00000039840	Epg5	1428419_at	0.0143131061522745	-4.93054280066099	-0.9	0.311088145134121	1.3154698788642	0.2
ENSMUSG00000039841	Zfp800	1456791_at	NA	0.141860994906663	0	NA	0.160373862484897	0
ENSMUSG00000039842	Mcph1	1429911_at	NA	1.18641195635783	0.1	0.171014301158213	-1.84699737115621	-0.2
ENSMUSG00000039849	Pcif1	1455756_at	NA	2.07264389946805	0.3	0.174682417141258	-1.82894808006833	-0.2
ENSMUSG00000039850	Endov	1437764_at	NA	0.795931763244404	0.1	NA	-0.658304731736575	-0.1
ENSMUSG00000039853	Trim14	1430796_at	NA	-0.575333959792097	-0.1	NA	-0.468357556616067	0
ENSMUSG00000039860	Srrm3	1442421_at	NA	-0.1530009345985	0	NA	-0.682540788130634	-0.1
ENSMUSG00000039873	Neurl2	1429141_at	NA	0.4266369431333	0.1	NA	-0.630344346345295	-0.1
ENSMUSG00000039878	Slc39a5	1429523_a_at	NA	0.565734949341414	0.1	NA	-0.610494463569737	-0.1
ENSMUSG00000039879	Heca	1434478_at	0.450652096881218	1.03315804572818	0.2	NA	0.717379211491358	0.1
ENSMUSG00000039883	Lrrc17	1429679_at	0.0173396360178017	4.5900336138522	0.7	0.260473217963988	-1.47547310291326	-0.2
ENSMUSG00000039886	Tmem120a	1435031_at	0.117752556594107	2.48998704458645	0.5	0.126472445577716	-2.10189917652802	-0.2
ENSMUSG00000039901	Armh3	1429271_at	NA	-0.818607794259798	-0.1	NA	1.10182881333909	0.1
ENSMUSG00000039908	Slc26a11	1436865_at	NA	2.00639428738915	0.3	NA	-0.182906330911006	0
ENSMUSG00000039913	Pak7	1446159_at	NA	0.233956336319934	0	NA	0.0431735188957733	0
ENSMUSG00000039914	Coq10a	1440648_at	NA	0.283935321890168	0	NA	0.671185215393366	0.1
ENSMUSG00000039929	Urb1	1453999_at	NA	-0.3742174068005	-0.1	NA	-1.04703999646693	-0.1
ENSMUSG00000039934	Gsap	1435596_at	NA	-0.975119322508083	-0.2	NA	0.551129115079414	0
ENSMUSG00000039936	Pik3cd	1446770_at	NA	1.28388377143026	0.1	0.101332346097741	2.30100156659055	0.2
ENSMUSG00000039943	Plcb4	1435771_at	0.944541125272173	-0.0943822112656183	0	0.0312632887615374	3.26682209206873	0.5
ENSMUSG00000039954	Stk32a	1456818_at	NA	-1.38064109532693	-0.2	NA	-1.70648973367245	-0.1
ENSMUSG00000039958	Etfbkmt	1457915_at	NA	-1.30512206902307	-0.2	NA	0.257291005028658	0
ENSMUSG00000039959	Hip1	1432017_at	NA	-0.311781299146686	0	NA	-2.39089662165909	-0.2
ENSMUSG00000039963	Ccdc40	1439864_at	NA	-0.945594876774336	-0.1	NA	-2.19775527358515	-0.2
ENSMUSG00000039967	Zfp292	1430216_at	NA	-0.00399975880019494	0	NA	-0.333661962714205	0
ENSMUSG00000039976	Tbc1d16	1435763_at	NA	-1.03819167932856	-0.2	0.0495372615407539	2.87781416880457	0.3
ENSMUSG00000039977	Deup1	1456555_at	NA	-1.10379711929136	-0.1	NA	-1.8421188882276	-0.2
ENSMUSG00000039981	Zc3h12d	1458504_at	NA	0.24436890998051	0	NA	-0.195622821040864	0
ENSMUSG00000039982	Dtx4	1436545_at	0.00561075622374505	6.52718943794459	1.1	0.00728622689578626	-4.58862012793195	-0.5
ENSMUSG00000039983	Ccdc32	1460558_at	NA	0.615255975937423	0.1	NA	0.0356130932816236	0
ENSMUSG00000039987	Phtf2	1437637_at	NA	0.561497649672417	0.1	NA	-1.40895847915131	-0.1
ENSMUSG00000039988	Ankrd13c	1435868_at	NA	-0.0787147810660236	0	NA	0.774179681369387	0.1
ENSMUSG00000039989	Cbx4	1440479_at	0.65930425155478	0.559299829444722	0.1	NA	-1.14609503697488	-0.1
ENSMUSG00000039990	Edrf1	1443918_at	NA	-1.39831501972836	-0.2	NA	-0.633921755484299	0
ENSMUSG00000040003	Magi2	1454855_at	NA	-1.17849199350581	-0.1	NA	-0.571963852346512	0
ENSMUSG00000040006	Ginm1	1429731_at	NA	-0.105620138072478	0	NA	-1.08638100562018	-0.1
ENSMUSG00000040007	Bahd1	1433703_s_at	NA	-0.719780589615104	-0.1	NA	-0.947628494364349	-0.1
ENSMUSG00000040009	Gnaz	1435268_at	NA	-0.765385710664211	-0.1	NA	0.243973144163736	0
ENSMUSG00000040016	Ptger3	1440369_at	NA	0.684670997056012	0.1	NA	-1.92808281321275	-0.1
ENSMUSG00000040021	Lats1	1435739_at	0.216379280636742	1.90367462616289	0.5	NA	1.46148580339773	0.1
ENSMUSG00000040022	Rab11fip2	1434948_at	NA	1.28035742117809	0.2	NA	0.700280249506156	0.1
ENSMUSG00000040028	Elavl1	1445521_at	0.419863662241201	-1.11743396644181	-0.2	NA	-1.47208075679575	-0.1
ENSMUSG00000040029	Ipo8	1459203_at	NA	1.13416488725905	0.2	NA	-0.0181037208079876	0
ENSMUSG00000040035	Disp2	1446729_at	NA	0.452652253239488	0.1	NA	-0.0419620303800088	0
ENSMUSG00000040037	Negr1	1456392_at	NA	-0.707534016073227	-0.1	0.0528899485080536	-2.82264513607413	-0.2
ENSMUSG00000040065	Pfpl	1437827_s_at	NA	0.776386264463907	0.1	NA	-0.733779853882661	-0.1
ENSMUSG00000040084	Bub1b	1447363_s_at	0.000699485352613223	11.8523242886217	1.6	0.170722771488565	-1.84933354599997	-0.2
ENSMUSG00000040086	Tnni3k	1458482_at	NA	-0.148234188675603	0	NA	-1.87544507479611	-0.1
ENSMUSG00000040093	Bmf	1454880_s_at	NA	1.55709488069083	0.2	NA	0.394770308345223	0
ENSMUSG00000040105	Plpp6	1428344_at	NA	-1.06478357269002	-0.1	NA	2.49152489584233	0.2
ENSMUSG00000040111	Gramd1b	1435402_at	NA	-0.0802972645041981	0	NA	0.748927437814946	0.1
ENSMUSG00000040113	Mettl11b	1457894_at	NA	-0.675790314311693	-0.1	NA	0.146325958457293	0
ENSMUSG00000040118	Cacna2d1	1433643_at	0.481612631115644	-0.945072738587861	-0.2	0.252730889582094	1.50718130313928	0.3
ENSMUSG00000040123	Zmym5	1442007_at	NA	-1.00159124774288	-0.1	NA	-1.54883624534593	-0.1
ENSMUSG00000040124	Gorab	1436745_at	0.343157347035707	1.3789126051356	0.3	0.00290151094281741	5.63760721307207	0.7
ENSMUSG00000040125	Gpr26	1444661_at	NA	-0.234505334158126	0	NA	0.372161592721274	0
ENSMUSG00000040127	Sdr9c7	1430785_at	NA	-0.467775969170653	-0.1	NA	-0.510198125118928	0
ENSMUSG00000040133	Gpr176	1442116_at	NA	2.20003773390785	0.2	0.136894355328101	2.03168102449613	0.3
ENSMUSG00000040136	Abcc8	1457066_at	0.066462607144575	-3.10831735645794	-0.5	NA	0.207420269308687	0
ENSMUSG00000040139	9430038I01Rik	1435159_at	NA	-0.00474678475727878	0	NA	-0.352770156639829	0
ENSMUSG00000040147	Maob	1434354_at	NA	1.03029198352318	0.1	NA	-0.854143655605187	-0.1
ENSMUSG00000040151	Hs2st1	1440905_at	NA	-0.267224379832598	0	NA	-0.56142792244564	0
ENSMUSG00000040163	1700034J05Rik	1429875_at	NA	-0.0181829493697307	0	NA	0.802927967469796	0.1
ENSMUSG00000040167	Ikzf5	1429431_at	0.724097466189589	0.4535929570681	0.1	NA	0.993804356634657	0.1
ENSMUSG00000040170	Fmo2	1435459_at	NA	-1.70032190843539	-0.2	NA	-2.40232889687564	-0.2
ENSMUSG00000040174	Alkbh3	1428889_at	NA	-1.80983723762877	-0.3	NA	0.0576424176883685	0
ENSMUSG00000040177	2310057M21Rik	1429508_at	0.0223745497228675	-4.30185458069465	-0.7	0.0451338940924815	2.96004092644351	0.3
ENSMUSG00000040183	Ankrd6	1437217_at	NA	2.65006914504451	0.3	0.163821078695865	-1.88094539092777	-0.2
ENSMUSG00000040187	Arntl2	1429688_at	0.547920680824915	-0.788858153066525	-0.2	0.164265146300227	1.87740534766207	0.2
ENSMUSG00000040195	Nemp1	1436460_at	NA	0.927553660197061	0.1	NA	-0.558065084905858	0
ENSMUSG00000040219	Ttc12	1435211_at	NA	0.607103382248559	0.1	0.0250004500781091	3.4924737418607	0.3
ENSMUSG00000040225	Prrc2c	1429433_at	NA	1.71856264126925	0.3	0.209251835520835	1.67523431407417	0.2
ENSMUSG00000040247	Tbc1d10c	1454850_at	0.294544517400078	-1.54442463816336	-0.3	NA	0.111211322900592	0
ENSMUSG00000040249	Lrp1	1442849_at	NA	-0.199009824967615	0	NA	1.35672923664356	0.1
ENSMUSG00000040250	Ints13	1429811_at	NA	-0.697971811449141	-0.1	NA	-0.0450773499775942	0
ENSMUSG00000040254	Sema3d	1429459_at	0.371960083649046	1.26095280640722	0.5	0.694969286198187	0.529567249561097	0.1
ENSMUSG00000040258	Nxph4	1429753_at	NA	-0.220915764418104	0	NA	-0.878470962075322	-0.1
ENSMUSG00000040260	Daam2	1455717_s_at	0.00623518491390244	6.30703222021606	0.7	NA	0.970788694484806	0.1
ENSMUSG00000040265	Dnm3	1436624_at	NA	1.67058648225041	0.3	NA	-0.600022830080496	0
ENSMUSG00000040268	Plekha1	1457491_at	NA	-0.473139792509717	0	NA	-0.396698841385774	0
ENSMUSG00000040270	Bach2	1436515_at	NA	0.575818615212694	0.1	NA	2.36519980298044	0.2
ENSMUSG00000040272	Accs	1429421_at	NA	2.18094408854263	0.3	NA	0.190885111232762	0
ENSMUSG00000040274	Cdk6	1435338_at	NA	2.75404019835133	0.4	0.011560162690568	-4.19931103036349	-0.4
ENSMUSG00000040280	Ndufa4l2	1434905_at	NA	-2.32229755292665	-0.3	NA	-0.14436079623203	0
ENSMUSG00000040282	BC052040	1434577_at	NA	1.19298556293811	0.1	NA	-1.67897954870047	-0.1
ENSMUSG00000040283	Btnl9	1436233_at	NA	0.0391709152149736	0	NA	1.00495234050859	0.1
ENSMUSG00000040287	Stac3	1458087_at	NA	-1.10707213020248	-0.1	NA	-0.43063506736132	0
ENSMUSG00000040296	Ddx58	1436562_at	NA	1.92716951672591	0.2	NA	1.2685538738876	0.1
ENSMUSG00000040297	Suco	1460573_at	0.44556317808933	1.04774854012	0.4	0.649836363539029	0.608691324721072	0.1
ENSMUSG00000040302	Rbm48	1433957_at	0.651284266754132	0.575271109902095	0.2	0.2763748865237	1.42741579132154	0.2
ENSMUSG00000040312	Cchcr1	1435406_at	NA	2.39736341294209	0.3	0.595939502003635	0.707134194364548	0.1
ENSMUSG00000040321	Zfp770	1434682_at	0.144886928793541	2.30325901662323	0.6	NA	2.27951684436762	0.2
ENSMUSG00000040322	Slc25a24	1452717_at	0.0390457710389319	3.66960753367517	1.2	0.370421064823612	-1.16087960499012	-0.2
ENSMUSG00000040327	Cul9	1439866_at	NA	-1.34905713253373	-0.2	NA	0.239729957404246	0
ENSMUSG00000040339	Fam102b	1434828_at	0.0236632324680467	4.22851112733456	0.7	0.0031869114485417	5.51335708901528	0.6
ENSMUSG00000040340	Tex45	1453463_at	NA	1.25911974563229	0.2	0.220187735148698	-1.62944840711212	-0.2
ENSMUSG00000040350	Trim7	1439352_at	NA	2.22477355708015	0.3	NA	1.74402748620384	0.1
ENSMUSG00000040351	Ankib1	1430160_at	NA	-0.691784993065996	-0.1	NA	0.455817835517286	0
ENSMUSG00000040354	Mars	1455951_at	0.202258041903302	-1.9685371343527	-0.4	0.00387120066088518	-5.20669300198579	-0.5
ENSMUSG00000040359	Ufl1	1429008_at	0.862038122068919	0.229290436617187	0.1	0.0393400297800359	3.07334012965755	0.3
ENSMUSG00000040363	Bcor	1428773_s_at	NA	0.207391061781543	0	NA	-0.703587754393899	-0.1
ENSMUSG00000040364	Sec1	1455784_at	NA	0.0208984329027343	0	NA	-0.326296967152879	0
ENSMUSG00000040372	Gpr63	1440725_at	NA	-1.57260112785106	-0.2	NA	-0.644943845879554	-0.1
ENSMUSG00000040380	Cbln3	1455445_at	NA	0.0759376131554055	0	NA	-1.01133185674318	-0.1
ENSMUSG00000040387	Klhl32	1445550_at	NA	1.20000900922064	0.2	NA	0.36152154286685	0
ENSMUSG00000040389	Wdr47	1437257_at	NA	-0.333150297095613	0	NA	0.103772922413835	0
ENSMUSG00000040390	Map3k10	1457456_at	NA	0.338291929419005	0	NA	0.522325874021446	0.1
ENSMUSG00000040396	Abhd13	1428274_s_at	NA	2.47188716415337	0.3	NA	1.6327837401093	0.1
ENSMUSG00000040405	Havcr1	1434716_at	NA	-0.707958586914215	-0.1	NA	1.20841334343385	0.1
ENSMUSG00000040407	Akap9	1435769_at	0.433842799519088	1.07981236857004	0.4	0.198963782164087	-1.71981927648779	-0.2
ENSMUSG00000040410	Fbxl4	1456038_at	0.463733096749824	0.991967976810315	0.2	0.00327551163799399	5.46985934423324	0.5
ENSMUSG00000040412	5330417C22Rik	1442113_at	NA	-0.456463643109932	-0.1	NA	-1.59253073636071	-0.1
ENSMUSG00000040423	Rc3h1	1434933_at	NA	1.6331991499038	0.3	0.415541481731102	-1.06481363671803	-0.1
ENSMUSG00000040433	Zbtb38	1437650_at	NA	-1.30219572626173	-0.2	NA	1.6902992332076	0.1
ENSMUSG00000040434	Large2	1434007_at	NA	1.20346195194223	0.1	NA	0.80662585883869	0.1
ENSMUSG00000040446	Rprd1a	1438065_at	NA	0.316243008999932	0	NA	-0.145715083121932	0
ENSMUSG00000040451	Sgms1	1442079_at	NA	-0.0408064669875115	0	NA	1.03994253904225	0.1
ENSMUSG00000040464	Gtpbp10	1434030_at	0.880447707307173	0.200574578059634	0	NA	0.257782894493417	0
ENSMUSG00000040467	4921522P10Rik	1453441_at	NA	0.246816382659871	0	0.0970133521230199	-2.33615146799927	-0.2
ENSMUSG00000040471	Ggt6	1453587_at	NA	-0.165740591654435	0	NA	-0.301425442964696	0
ENSMUSG00000040473	Cfap69	1455859_at	NA	-0.952988413723849	-0.1	NA	2.31422889082144	0.2
ENSMUSG00000040483	Xaf1	1443621_at	NA	0.853148062628491	0.2	NA	-0.647913223754341	-0.1
ENSMUSG00000040485	Lrrc52	1432913_at	NA	-0.83037274069733	-0.1	NA	0.877330979039019	0.1
ENSMUSG00000040489	Sox30	1440509_at	NA	-0.520653105884396	-0.1	NA	-0.905323666871693	-0.1
ENSMUSG00000040490	Lrfn2	1453126_at	NA	0.171985466511855	0	NA	-0.877492911306625	-0.1
ENSMUSG00000040498	Igsf23	1438074_at	NA	-1.32702119425628	-0.2	NA	-1.70335049774317	-0.1
ENSMUSG00000040502	March9	1437366_at	NA	-0.965734157630926	-0.1	NA	0.44683827279111	0
ENSMUSG00000040506	Ambra1	1458150_at	NA	0.239229448239755	0	NA	-1.63683583399765	-0.1
ENSMUSG00000040511	Pvr	1445149_at	NA	-1.00428001070183	-0.1	NA	-0.654171179788705	-0.1
ENSMUSG00000040514	Tex47	1430467_at	NA	0.738787888111611	0.1	NA	-0.150941123804916	0
ENSMUSG00000040520	Manea	1455403_at	0.288183351238151	1.57561697970259	0.4	0.120835258075442	2.1450413304512	0.4
ENSMUSG00000040521	Tsfm	1452698_at	NA	-0.620223505413326	-0.1	NA	-1.15015687892412	-0.1
ENSMUSG00000040528	Milr1	1445687_at	NA	-0.915902487562135	-0.1	NA	0.0365993798233456	0
ENSMUSG00000040532	Abhd11	1428428_at	NA	-1.64502138850192	-0.3	0.149051199953179	-1.95689104233926	-0.2
ENSMUSG00000040536	Necab1	1457142_at	NA	0.288465107076138	0	NA	0.0734623884749368	0
ENSMUSG00000040537	Adam22	1435293_at	NA	2.05648363154529	0.2	NA	0.597319648299498	0
ENSMUSG00000040541	Tmem225	1429825_at	NA	0.335740111412864	0.1	NA	-0.341559839191974	0
ENSMUSG00000040543	Pitpnm3	1455140_at	NA	0.796931122743063	0.2	NA	-1.48949191783715	-0.1
ENSMUSG00000040549	Ckap5	1430647_at	NA	0.0311009815559601	0	NA	-1.49480676264575	-0.1
ENSMUSG00000040552	C3ar1	1442082_at	NA	-0.792809615307624	-0.1	NA	-0.777748616921168	-0.1
ENSMUSG00000040560	Wdr7	1435028_at	NA	0.81176001166138	0.1	NA	0.939595795559039	0.1
ENSMUSG00000040565	Btaf1	1435249_at	NA	1.35463800498159	0.2	0.677553554550631	-0.559645690998119	-0.1
ENSMUSG00000040569	Slc26a7	1436279_at	NA	1.19639622549206	0.2	0.837823805258126	0.284381144550803	0
ENSMUSG00000040570	Rundc3b	1434456_at	NA	0.531669884346117	0.1	NA	0.863482213488689	0.1
ENSMUSG00000040576	Tmem270	1454234_at	NA	0.475490745702534	0	NA	-0.200816812134243	0
ENSMUSG00000040594	Ranbp17	1445488_at	NA	-0.35518044787918	0	NA	-0.199900857596914	0
ENSMUSG00000040596	Pogk	1447864_s_at	NA	0.264236578430728	0	NA	0.135401796635547	0
ENSMUSG00000040601	Nlrp4a	1438077_at	NA	-0.941808276990681	-0.1	NA	-0.919991816411047	-0.1
ENSMUSG00000040605	Bace2	1442870_at	NA	-0.347140908822185	0	NA	0.783508924203267	0.1
ENSMUSG00000040606	Kazn	1434169_at	0.242617726439455	-1.78173389975669	-0.4	NA	-0.798761799317797	-0.1
ENSMUSG00000040612	Ildr2	1436293_x_at	NA	1.2577792394355	0.1	NA	0.110822159048623	0
ENSMUSG00000040614	Nlrp9c	1439217_at	0.557598176752554	0.761813180799704	0.2	NA	0.532589558870832	0
ENSMUSG00000040620	Dhx33	1429191_at	NA	1.22224429669735	0.2	NA	0.523778473152933	0
ENSMUSG00000040624	Plekhg1	1435363_at	NA	2.3027413304051	0.3	0.949800977945593	-0.0919346108334387	0
ENSMUSG00000040629	Mael	1436837_at	NA	-0.785623296055754	-0.1	NA	0.179899577534594	0
ENSMUSG00000040640	Erc2	1434582_at	NA	-0.869233415390817	-0.1	NA	-1.25600726278369	-0.1
ENSMUSG00000040648	Ppip5k2	1433856_at	NA	-0.839163678385744	-0.1	NA	0.341995976347489	0
ENSMUSG00000040651	Tasor	1457034_at	NA	1.52079805233572	0.2	NA	-1.97519468246075	-0.1
ENSMUSG00000040657	1700063H04Rik	1431245_at	NA	0.352886271076309	0.1	NA	-1.74888942134822	-0.1
ENSMUSG00000040659	Efhd2	1437478_s_at	NA	1.90700968627545	0.2	0.235500485385309	-1.56847997175686	-0.2
ENSMUSG00000040661	Rad54l2	1454910_at	NA	0.63096872090558	0.1	NA	-0.98242235150714	-0.1
ENSMUSG00000040675	Mthfd1l	1456653_a_at	NA	-1.50051257041986	-0.3	NA	-2.48548651983209	-0.2
ENSMUSG00000040687	Madd	1455502_at	NA	-0.119389444646837	0	NA	-1.26978969996508	-0.1
ENSMUSG00000040688	Tbl3	1415750_at	NA	-1.47783836347225	-0.3	0.02507243372269	-3.4773924529712	-0.3
ENSMUSG00000040693	Slco4c1	1460616_at	NA	0.777582079842339	0.1	NA	0.597974835290211	0.1
ENSMUSG00000040697	Dnajc16	1434781_at	NA	0.645449351482032	0.1	NA	0.587156301374159	0
ENSMUSG00000040705	A930016O22Rik	1430937_at	NA	-0.230575673304809	0	NA	-0.74841993036803	-0.1
ENSMUSG00000040710	St8sia4	1446617_at	NA	0.851063574473851	0.1	NA	0.983207795173271	0.1
ENSMUSG00000040711	Sh3pxd2b	1435644_at	0.053054643738855	3.32024216825496	0.5	NA	1.98432849480483	0.2
ENSMUSG00000040717	Il17rd	1429893_at	NA	4.08985705683856	0.4	0.716588258527164	0.492280267769372	0.1
ENSMUSG00000040721	Zfhx2	1439900_at	NA	0.425570209428384	0	NA	-0.116479319617096	0
ENSMUSG00000040723	Rcsd1	1444431_at	NA	-0.406286942746784	0	NA	-2.16048662876465	-0.2
ENSMUSG00000040724	Kcna2	1439872_at	NA	-1.2103583441795	-0.1	NA	-1.99551890211736	-0.2
ENSMUSG00000040729	Cep126	1445173_at	NA	-1.15332039256683	-0.1	NA	-0.200802603627981	0
ENSMUSG00000040731	Eif4h	1442942_at	NA	0.830849374213291	0.1	NA	-1.07654455035613	-0.1
ENSMUSG00000040732	Erg	1440244_at	NA	-0.332094821178635	0	NA	-1.56579324644356	-0.1
ENSMUSG00000040734	Ppp1r13l	1459593_x_at	NA	-2.5371367255259	-0.3	NA	-1.83538509149002	-0.2
ENSMUSG00000040738	Ints8	1431096_at	NA	0.0359057013239597	0	NA	0.712496105305466	0.1
ENSMUSG00000040751	Lat2	1449606_at	NA	-2.07405163404976	-0.4	NA	-2.61576431583169	-0.2
ENSMUSG00000040759	Cmtm5	1429798_s_at	NA	0.211811821746205	0	NA	-0.999615274738619	-0.1
ENSMUSG00000040760	Appl1	1455159_at	0.619037699049999	0.636992060562299	0.2	0.957734340501232	-0.0773248836418633	0
ENSMUSG00000040782	Cop1	1446703_at	NA	-0.387692499653602	-0.1	NA	-1.73908138023206	-0.1
ENSMUSG00000040785	Ttc3	1460077_at	NA	0.284096450877221	0	NA	1.19775605950238	0.1
ENSMUSG00000040797	Iqsec3	1437912_at	NA	0.445345171737314	0.1	NA	-1.2995143085809	-0.1
ENSMUSG00000040811	Eml2	1428173_at	NA	0.512256823141986	0.1	NA	-0.143185633555536	0
ENSMUSG00000040828	Catsperd	1434726_at	NA	0.165548616015715	0	NA	0.434937533781686	0
ENSMUSG00000040829	Zmynd15	1438498_at	NA	-0.289333526798474	0	NA	0.730902075231484	0.1
ENSMUSG00000040836	Gpr161	1436459_at	0.00627943240331388	6.26461998950116	0.7	0.0451338940924815	2.95919726451873	0.3
ENSMUSG00000040840	4930579G18Rik	1432293_at	NA	-0.993850265560612	-0.2	NA	-0.815327420116698	-0.1
ENSMUSG00000040842	Szrd1	1454981_at	NA	2.5430346028903	0.3	NA	-0.701332531570396	-0.1
ENSMUSG00000040848	Sft2d2	1435141_at	NA	0.243733719153502	0	NA	0.710412548940123	0.1
ENSMUSG00000040850	Psme4	1446464_at	NA	0.0612109963969198	0	NA	-0.201790234985721	0
ENSMUSG00000040852	Plekhh2	1460062_at	NA	-2.21744601178665	-0.2	NA	-1.68236143171975	-0.1
ENSMUSG00000040855	Reps2	1446652_at	NA	-0.977915105740806	-0.1	NA	-0.418457426470257	0
ENSMUSG00000040856	Dlk1	1442724_at	NA	-0.245290987710804	0	NA	0.517056965993416	0
ENSMUSG00000040865	Ino80d	1434841_at	0.323707331493608	1.43685235479018	0.3	0.850265443567056	0.263818890510982	0
ENSMUSG00000040877	Wdr25	1456645_at	NA	-0.0697031263296464	0	NA	-0.739555686487218	-0.1
ENSMUSG00000040896	Kcnd3	1442555_at	NA	0.215000629922127	0	NA	-1.76185446150683	-0.1
ENSMUSG00000040918	Slc19a2	1441315_s_at	NA	0.594036921664751	0.1	0.201533020052134	1.70751846461724	0.2
ENSMUSG00000040919	4930505A04Rik	1432404_at	NA	-1.49576182767207	-0.2	NA	-0.259243110667511	0
ENSMUSG00000040928	S100pbp	1453754_at	NA	1.76892733372593	0.2	NA	-1.34040708561806	-0.1
ENSMUSG00000040929	Rfx3	1437375_at	NA	0.971682909538806	0.1	NA	0.382657917616891	0
ENSMUSG00000040935	Padi6	1437084_at	NA	-0.173964792138965	0	NA	-2.04978873827001	-0.2
ENSMUSG00000040936	Ulk4	1436628_at	NA	-0.115193309097496	0	NA	-0.0578106458233068	0
ENSMUSG00000040940	Arhgef1	1440403_at	NA	0.123857539579176	0	NA	0.818124491587346	0.1
ENSMUSG00000040943	Tet2	1455300_at	NA	1.585959276775	0.3	NA	-1.23375250617976	-0.1
ENSMUSG00000040957	Cables1	1441938_x_at	NA	1.78918724887826	0.2	NA	0.845534186748785	0.1
ENSMUSG00000040969	Arhgef38	1431629_at	NA	-0.539758801597449	-0.1	NA	-0.780213485709106	-0.1
ENSMUSG00000040972	Igsf21	1433950_at	NA	-0.29034735105269	0	NA	-1.56222694716171	-0.1
ENSMUSG00000040978	Gm11992	1455973_at	NA	-1.11472510477462	-0.1	NA	1.74956851581915	0.1
ENSMUSG00000040985	Sun3	1439801_at	NA	-1.90224936046999	-0.3	NA	0.800084356782806	0.1
ENSMUSG00000040990	Sh3kbp1	1456261_at	NA	1.07515706083136	0.1	NA	-0.0899398683162201	0
ENSMUSG00000041009	Iqcf4	1429577_at	NA	-1.62134971838627	-0.2	NA	-0.54892638766185	0
ENSMUSG00000041020	Map7d2	1431403_a_at	NA	-2.17470976997183	-0.2	NA	0.227252316741844	0
ENSMUSG00000041025	Iffo2	1435455_at	NA	-0.595569420897156	-0.1	0.635525426219937	0.631373387839427	0.1
ENSMUSG00000041037	Irgq	1437653_at	NA	-0.238571338628583	0	NA	0.222700087570425	0
ENSMUSG00000041044	Lrit1	1441110_at	NA	-2.29066003249501	-0.2	NA	0.625658266101676	0
ENSMUSG00000041064	Pif1	1436738_at	0.161781868851813	2.18266959937904	0.5	NA	0.620051202451059	0.1
ENSMUSG00000041073	Nacad	1440480_at	NA	-0.27284563359421	0	NA	-1.16576316748733	-0.1
ENSMUSG00000041078	Grid1	1441499_at	NA	-0.443065336676063	-0.1	NA	0.358858629413141	0
ENSMUSG00000041084	Ostc	1429898_at	NA	1.80115284763867	0.3	NA	1.80326550234046	0.1
ENSMUSG00000041096	Tspyl2	1434849_at	NA	0.457472180246926	0.1	0.0312406686607037	3.26833795745659	0.3
ENSMUSG00000041112	Elmo1	1446610_at	NA	0.398083312394651	0	NA	0.353818016082087	0
ENSMUSG00000041115	Iqsec2	1436622_at	NA	1.22794843242017	0.2	NA	-0.26931932929047	0
ENSMUSG00000041117	Ccdc8	1444761_at	0.0576921440638538	3.22551798913245	0.6	NA	1.96841565278304	0.2
ENSMUSG00000041126	H2az2	1436596_at	NA	2.36420831571394	0.4	0.00775441287840658	4.54268812455134	0.5
ENSMUSG00000041132	N4bp2l1	1452914_at	NA	-1.93805647915854	-0.2	NA	-0.084151036305916	0
ENSMUSG00000041134	Cyyr1	1435701_at	NA	0.560326946202986	0.1	NA	-1.04737578485513	-0.1
ENSMUSG00000041138	Nme8	1431871_at	NA	-0.689887671364574	-0.1	NA	0.81977583404704	0.1
ENSMUSG00000041141	Pnmal1	1439289_s_at	NA	-0.485007051114164	-0.1	NA	-0.149813981265776	0
ENSMUSG00000041153	Osgin2	1441568_at	NA	0.0313185458005204	0	NA	1.64482604204706	0.1
ENSMUSG00000041161	Otud3	1430046_at	NA	0.272114467863973	0	NA	-0.794591196772784	-0.1
ENSMUSG00000041180	Hectd2	1446224_at	NA	0.0910083353710949	0	NA	-0.0341746047628581	0
ENSMUSG00000041205	Map6d1	1433630_at	NA	2.03115206784991	0.2	NA	-0.726409236720171	-0.1
ENSMUSG00000041215	Yeats2	1459108_a_at	NA	0.781174605079174	0.1	NA	2.04654353332943	0.2
ENSMUSG00000041216	Clvs1	1431684_at	NA	1.06231219368486	0.1	NA	-1.02327803613014	-0.1
ENSMUSG00000041219	Arhgap11a	1438434_at	0.138268550792902	2.34667137136933	0.5	NA	0.0254855271853665	0
ENSMUSG00000041225	Arhgap12	1431052_at	NA	-1.3389104265188	-0.2	NA	-0.820879467862807	-0.1
ENSMUSG00000041229	Phf8	1459392_at	NA	-0.395157835713855	0	NA	-1.20139703871568	-0.1
ENSMUSG00000041235	Chd7	1437745_at	NA	-0.248551436330482	0	NA	0.919065631167004	0.1
ENSMUSG00000041238	Rbbp8	1446097_at	NA	2.16713763872624	0.2	0.437120641406696	-1.01705666987106	-0.1
ENSMUSG00000041245	Wnk3	1443924_at	NA	0.0526406678540585	0	NA	2.75025765406732	0.2
ENSMUSG00000041255	Tmco5b	1432203_at	NA	-0.79330692045008	-0.2	NA	-1.06191547591252	-0.1
ENSMUSG00000041258	Zfp236	1455153_at	NA	0.513964805216549	0.1	NA	0.0859354711623174	0
ENSMUSG00000041264	Uspl1	1433927_at	NA	-1.37226838715608	-0.2	NA	-2.29979372634765	-0.2
ENSMUSG00000041268	Dmxl2	1428749_at	NA	1.07736973653869	0.1	0.860643961287316	-0.245002588193676	0
ENSMUSG00000041272	Tox	1442039_at	NA	-0.461344408991213	-0.1	0.239554820014871	-1.55355113877463	-0.2
ENSMUSG00000041297	Cdk13	1452897_at	0.0784633222875582	2.92033760155363	0.5	NA	2.01682024485441	0.2
ENSMUSG00000041298	Katnal1	1442348_at	NA	1.36405751412531	0.3	0.0393311263350823	3.07823409397963	0.3
ENSMUSG00000041303	Gtf3c3	1454765_at	0.680404139022407	0.522183314900642	0.1	NA	1.77580459891227	0.2
ENSMUSG00000041308	Sntb2	1437003_at	NA	0.880780853094836	0.1	0.0252810511208943	3.47011294494339	0.6
ENSMUSG00000041313	Slc7a1	1454991_at	0.0157796754665464	-4.76429492679702	-0.8	0.015691198540871	-3.91770090342786	-0.4
ENSMUSG00000041323	Ak7	1430781_at	NA	-1.69826414854772	-0.2	NA	0.438492283370371	0
ENSMUSG00000041328	Pcf11	1428724_at	NA	1.07813778227142	0.2	NA	0.346282522610114	0
ENSMUSG00000041341	Atg2b	1444474_at	NA	2.03409292544725	0.3	0.121204060379808	-2.14270074338302	-0.2
ENSMUSG00000041343	Ankrd42	1429522_at	0.303498831041605	-1.50532753954689	-0.3	NA	0.264388838952652	0
ENSMUSG00000041353	Tmem29	1430413_at	NA	-1.28824045116353	-0.2	NA	0.142810468076453	0
ENSMUSG00000041358	Nutm1	1441336_at	NA	-1.49571339729627	-0.3	NA	-0.422008399590498	0
ENSMUSG00000041360	Pum3	1434173_s_at	NA	-0.00433373728343512	0	NA	0.538066098120606	0
ENSMUSG00000041362	Shtn1	1429055_at	NA	-0.353973489274777	0	NA	1.43834647944232	0.1
ENSMUSG00000041380	Htr2c	1435513_at	NA	1.10076775216849	0.1	NA	0.784610852817891	0.1
ENSMUSG00000041399	1700013G24Rik	1453167_at	NA	1.93705594414994	0.2	NA	-1.30234234783333	-0.1
ENSMUSG00000041406	BC055324	1437186_at	NA	2.2620680855082	0.3	0.635525426219937	-0.631327110446176	-0.1
ENSMUSG00000041408	Wapl	1434835_at	0.505969412083459	0.884356852360693	0.3	0.576561882191232	0.740780476900058	0.1
ENSMUSG00000041417	Pik3r1	1438682_at	0.0148444893188396	4.84646446939227	0.9	0.00206927347400291	5.99011991850715	0.7
ENSMUSG00000041440	Gk5	1436210_at	NA	1.26416412369892	0.2	NA	1.25598153080981	0.1
ENSMUSG00000041444	Arhgap32	1438451_at	NA	1.45520187921644	0.2	NA	0.316019240061835	0
ENSMUSG00000041445	Mmrn2	1437123_at	NA	0.855263419745439	0.1	0.13476212739902	-2.0441365398571	-0.2
ENSMUSG00000041459	Tardbp	1436318_at	0.353119684394257	1.35147971155377	0.3	0.643721981530669	0.617924486181484	0.1
ENSMUSG00000041460	Cacna2d4	1441084_at	NA	-0.758490548143136	-0.1	NA	-0.945071052079404	-0.1
ENSMUSG00000041468	Gpr12	1457702_at	NA	-1.0096495150646	-0.1	NA	-1.0401769026758	-0.1
ENSMUSG00000041471	Shld2	1437654_at	NA	-0.0960822576966898	0	NA	-0.862900352485793	-0.1
ENSMUSG00000041477	Dcp1b	1437572_at	NA	-0.285118702905125	0	NA	1.29105187117978	0.1
ENSMUSG00000041482	Piezo2	1430736_at	NA	0.540131591882066	0.1	NA	0.296969798898199	0
ENSMUSG00000041488	Stx3	1434559_at	NA	0.446827361091237	0.1	0.0315072919249711	3.26025346980691	0.3
ENSMUSG00000041491	Cep78	1436352_at	NA	1.10747179606749	0.1	NA	2.51276225993261	0.2
ENSMUSG00000041498	Kif14	1445525_at	NA	1.08165527040301	0.1	NA	-0.187583134871842	0
ENSMUSG00000041512	4930569F06Rik	1432561_at	NA	-2.07112266051279	-0.2	NA	-1.42803058580737	-0.1
ENSMUSG00000041530	Ago1	1434331_at	NA	3.95685640177092	0.5	NA	-0.832164559511679	-0.1
ENSMUSG00000041538	H2-Ob	1440837_at	NA	-1.1943959902218	-0.1	NA	1.95135737674282	0.1
ENSMUSG00000041540	Sox5	1455535_at	NA	-0.204710773230824	0	NA	-1.36297916719362	-0.1
ENSMUSG00000041544	Disp3	1440288_at	NA	-0.93872686822866	-0.1	NA	-1.18650420902505	-0.1
ENSMUSG00000041570	Camsap2	1429044_at	0.273360969836686	1.63341416523294	0.3	NA	-1.08787532788931	-0.1
ENSMUSG00000041583	Obox6	1440257_at	NA	-0.373500150941281	0	NA	-2.38925815050328	-0.2
ENSMUSG00000041592	Sdk2	1457333_at	NA	0.0632722034809438	0	NA	0.117732518519355	0
ENSMUSG00000041596	Nlrp5-ps	1453695_at	NA	-0.939066175682758	-0.1	NA	-1.4940128221062	-0.1
ENSMUSG00000041605	Inava	1436345_at	NA	2.27678324610527	0.2	0.0260954562044894	-3.43436342064583	-0.3
ENSMUSG00000041608	Entpd3	1434049_at	NA	-1.47244480854901	-0.2	NA	-3.0305792889874	-0.2
ENSMUSG00000041617	Ccdc74a	1455568_at	NA	-1.2827528995969	-0.1	NA	0.0106479069865184	0
ENSMUSG00000041623	D11Wsu47e	1452805_at	NA	0.151185210414694	0	NA	-1.85918786434308	-0.2
ENSMUSG00000041624	Gucy1a2	1459336_at	0.746824571136818	0.417406182689488	0.1	0.987550771361748	-0.023094535764905	0
ENSMUSG00000041632	Mrps27	1433646_at	NA	0.974290855995998	0.1	0.0310321322047434	-3.27543530115313	-0.3
ENSMUSG00000041633	Kctd12b	1440355_at	NA	0.657223525343729	0.1	NA	1.69030712116316	0.1
ENSMUSG00000041638	Gcn1	1455879_at	NA	-0.233602889914131	0	0.500380725964904	-0.883291941226837	-0.1
ENSMUSG00000041642	Kif21b	1435772_at	NA	0.51988604793941	0.1	NA	1.01030764953859	0.1
ENSMUSG00000041644	Slc5a12	1437755_at	NA	-0.101978980844749	0	NA	-0.495802240955145	-0.1
ENSMUSG00000041645	Ddx24	1415713_a_at	NA	-1.45116557092392	-0.3	NA	0.587478628885738	0
ENSMUSG00000041660	Bbox1	1459030_at	NA	1.64860496073117	0.2	NA	0.316974809688862	0
ENSMUSG00000041670	Rims1	1435667_at	NA	2.54566298124558	0.3	NA	-2.13127140800723	-0.2
ENSMUSG00000041674	BC006965	1440889_at	NA	-0.251204616287632	0	NA	-0.236074746186218	0
ENSMUSG00000041684	Bivm	1434288_at	NA	3.73781570024888	0.4	NA	2.41787942729183	0.2
ENSMUSG00000041685	Fcho2	1437200_at	0.820660369653629	0.30354145927847	0.1	0.924552846776619	0.133192669124788	0
ENSMUSG00000041702	Btbd7	1454874_at	0.293942134962598	1.54853460222618	0.4	0.177894226770967	1.80985065014551	0.2
ENSMUSG00000041703	Zic5	1456219_at	NA	0.236867081096988	0	NA	1.1215565587701	0.1
ENSMUSG00000041707	Tmem273	1429604_at	NA	-0.844653832498642	-0.1	NA	-0.256401926595567	0
ENSMUSG00000041708	Mpped1	1433701_at	NA	0.316897411134165	0	NA	-1.18482495246824	-0.1
ENSMUSG00000041710	Trpc5	1442589_at	0.367673260592877	1.28370507031491	0.3	NA	-1.06751344133857	-0.1
ENSMUSG00000041730	Prrxl1	1439193_at	NA	-0.139664809840647	0	NA	0.291932575938355	0
ENSMUSG00000041731	Pgm5	1437871_at	0.116232114270564	-2.51337116578713	-0.4	0.801512344716932	0.344991256913552	0
ENSMUSG00000041734	Kirrel	1434797_at	0.0520281356821535	3.3460106733053	0.7	0.162574588669274	1.89089788453178	0.2
ENSMUSG00000041740	Rnf10	1459209_at	NA	1.13296745078252	0.1	NA	-1.09768749749171	-0.1
ENSMUSG00000041747	Utp15	1434125_at	NA	0.117145213862708	0	NA	-0.706219306322658	-0.1
ENSMUSG00000041771	Slc24a4	1435206_at	NA	1.73753827448365	0.3	NA	-1.24987642713132	-0.1
ENSMUSG00000041774	Ydjc	1428550_at	NA	2.23578710770581	0.3	NA	0.117519627185463	0
ENSMUSG00000041775	Mapk1ip1	1452798_s_at	NA	1.13146110713818	0.2	NA	1.47034445043509	0.1
ENSMUSG00000041779	Tram2	1439539_at	NA	1.39074918793879	0.1	NA	2.72930235679089	0.2
ENSMUSG00000041781	Cpsf2	1431089_at	NA	1.16602387240409	0.1	NA	-0.564867773584784	0
ENSMUSG00000041789	2700046A07Rik	1430118_at	NA	0.239850768756525	0	0.25746832801254	-1.48841677734772	-0.2
ENSMUSG00000041794	Myrip	1460601_at	NA	-1.04789497786065	-0.1	NA	-0.288627450241528	0
ENSMUSG00000041797	Abca9	1458929_at	NA	0.846257602754442	0.1	NA	-0.933681455605937	-0.1
ENSMUSG00000041809	Efhc1	1453159_at	NA	0.01466213715471	0	NA	1.34514743429459	0.1
ENSMUSG00000041815	Poldip3	1440022_at	NA	1.45065413125931	0.1	NA	1.48919752832364	0.1
ENSMUSG00000041831	Sytl3	1445310_at	NA	0.863933377844559	0.1	NA	0.868927527272922	0.1
ENSMUSG00000041846	Ppp4r3a	1457522_at	NA	0.937753215527585	0.1	NA	0.57356518521092	0
ENSMUSG00000041849	Card6	1436395_at	NA	3.74810083383288	0.4	NA	-0.466307016514302	0
ENSMUSG00000041872	Il17f	1442462_at	NA	0.538528293522394	0.1	NA	-0.870045888087306	-0.1
ENSMUSG00000041878	8430432A02Rik	1454507_at	NA	1.39993883379195	0.2	NA	1.36019002149134	0.1
ENSMUSG00000041879	Ipo9	1441645_s_at	NA	1.82165761822298	0.3	NA	0.411335860076708	0
ENSMUSG00000041886	Macc1	1457044_at	NA	1.15253622475001	0.1	NA	-0.0148247950929138	0
ENSMUSG00000041889	Shisa4	1438426_at	NA	1.37926834224466	0.3	0.0910025677635334	2.38906615294953	0.3
ENSMUSG00000041890	Git2	1435925_at	0.353119684394257	1.34626908754225	0.3	NA	0.252176400045265	0
ENSMUSG00000041891	Lman1	1444037_at	NA	0.621743718984896	0.1	NA	1.14356291218629	0.1
ENSMUSG00000041895	Wipi1	1438709_at	NA	4.79860129339862	0.5	0.939026928720948	0.111195258587944	0
ENSMUSG00000041907	Gpr45	1460031_at	NA	1.23947640894603	0.2	NA	-0.789515098990101	-0.1
ENSMUSG00000041912	Tdrkh	1453366_at	NA	0.555578076185759	0.1	NA	-0.300854120063586	0
ENSMUSG00000041915	Ammecr1l	1440658_at	NA	0.282194034240446	0	NA	-0.684734740571338	-0.1
ENSMUSG00000041923	Nol4	1430189_at	NA	0.833651668244168	0.1	NA	1.32394678331927	0.1
ENSMUSG00000041936	Agrn	1443980_at	0.306671481427948	-1.4946890835732	-0.4	NA	-0.109472240231902	0
ENSMUSG00000041945	Mfsd9	1460619_at	NA	0.820377210948811	0.1	NA	0.691714569350932	0.1
ENSMUSG00000041949	Tango6	1435883_at	NA	0.469407560914538	0.1	0.0166202426618328	-3.86455533305516	-0.3
ENSMUSG00000041961	Znrf3	1435608_at	NA	1.03759646356009	0.2	0.0193351568641133	3.7225391922191	0.4
ENSMUSG00000041966	Dcaf17	1429847_a_at	NA	-1.81502819667568	-0.3	NA	0.724418136167633	0.1
ENSMUSG00000041977	Arhgef11	1434926_at	NA	0.967468494007234	0.1	NA	-0.489720325963712	0
ENSMUSG00000041986	Elmod1	1434083_a_at	NA	-0.418156201384102	-0.1	0.126421570219679	-2.10325082722288	-0.2
ENSMUSG00000041992	Rapgef5	1455137_at	NA	0.348628478600314	0	NA	-1.46649499575723	-0.1
ENSMUSG00000041997	Tlk1	1455024_at	0.461549313950817	1.00079287019803	0.3	0.797767062455372	0.353638831092541	0.1
ENSMUSG00000042015	Wdr41	1433620_at	NA	-0.398552368396954	-0.1	NA	0.990217300938759	0.1
ENSMUSG00000042031	Lce3b	1429641_x_at	NA	-1.49241954542364	-0.2	NA	-0.742307321694738	-0.1
ENSMUSG00000042035	Igsf3	1455048_at	0.00928922120916358	5.4929813925189	1	0.00220298822117143	5.9276271581136	0.9
ENSMUSG00000042050	Wdr60	1436396_at	NA	0.393594728884851	0.1	NA	0.980765706338546	0.1
ENSMUSG00000042055	Wdr11	1452820_at	NA	0.176824502015782	0	NA	0.349546593090543	0
ENSMUSG00000042064	Myo3b	1459299_at	NA	1.80137941960577	0.2	NA	-1.28107025359474	-0.1
ENSMUSG00000042082	Arsb	1429189_at	0.00487549027908937	7.24615970465934	1.3	0.0031869114485417	5.52530103925594	0.6
ENSMUSG00000042087	4933440N22Rik	1453789_at	NA	-0.9747246777158	-0.1	NA	-2.9021035037412	-0.2
ENSMUSG00000042092	Lce1c	1453218_at	0.554344998420924	-0.771811030980058	-0.2	NA	0.227341911058521	0
ENSMUSG00000042105	Inpp5f	1433542_at	NA	3.71203400540876	0.4	NA	2.12735228268995	0.2
ENSMUSG00000042106	Inka1	1452903_at	NA	0.9849124266683	0.1	NA	2.09856729029795	0.2
ENSMUSG00000042121	Ssh1	1433874_at	NA	0.806130203076832	0.1	NA	-0.339682717697198	0
ENSMUSG00000042129	Rassf4	1444009_at	NA	0.821640513919875	0.1	NA	-0.254243052088183	0
ENSMUSG00000042133	Ppig	1434475_at	NA	1.17826349857762	0.2	NA	-0.597349118521995	-0.1
ENSMUSG00000042148	Cox10	1435380_at	NA	2.77098505230372	0.3	0.0393311263350823	-3.07482985237614	-0.3
ENSMUSG00000042155	Klhl23	1435743_at	NA	2.43315374017594	0.3	NA	-2.76300902625076	-0.2
ENSMUSG00000042182	Bend6	1434590_at	NA	1.66223038636541	0.2	0.0610865693894876	2.71132145569383	0.3
ENSMUSG00000042184	1700069L16Rik	1432553_at	NA	0.128959845424468	0	NA	-1.1085564286555	-0.1
ENSMUSG00000042185	Nfrkb	1434753_at	0.269775302194621	1.65273017972023	0.4	NA	0.528012683249745	0
ENSMUSG00000042189	Tekt3	1429143_at	NA	-1.64657185593516	-0.3	NA	-1.3588655747301	-0.1
ENSMUSG00000042190	Cmklr1	1456887_at	NA	2.9606895573237	0.4	NA	0.207774114234372	0
ENSMUSG00000042195	Slc35f2	1429154_at	NA	-0.576519493459402	-0.1	0.267484861180032	-1.45473645420757	-0.2
ENSMUSG00000042197	Zfp451	1455943_at	NA	1.02816085203367	0.1	NA	-0.314052486086785	0
ENSMUSG00000042198	Chchd7	1446844_at	NA	-1.4172221338564	-0.2	NA	0.779265503094805	0.1
ENSMUSG00000042202	Slc35e2	1455508_at	0.0156270646453828	4.78490478085192	0.7	0.0916304628276934	2.38222695689095	0.3
ENSMUSG00000042203	Tbc1d22b	1436053_at	NA	1.08315644333567	0.1	NA	-0.0122934663795612	0
ENSMUSG00000042207	Kdm5b	1457482_at	NA	-0.00896565195420129	0	NA	-0.341273059688916	0
ENSMUSG00000042208	0610010F05Rik	1456660_a_at	NA	0.423514119639062	0.1	NA	1.39176249880801	0.1
ENSMUSG00000042210	Abhd14a	1441945_s_at	NA	-0.147138462770261	0	0.0897282217389945	-2.39943889118213	-0.2
ENSMUSG00000042213	Zfand4	1429642_at	NA	1.59350389068367	0.3	0.0286462407474419	3.35140002433931	0.4
ENSMUSG00000042216	Sgsm1	1447979_at	NA	1.5966387026186	0.2	NA	-0.0603933876719292	0
ENSMUSG00000042225	Ammecr1	1430697_at	0.904780638036192	0.166251657536651	0	NA	-2.21072432025523	-0.2
ENSMUSG00000042229	Rabif	1457969_at	NA	1.14254031220773	0.2	NA	-1.40797760050276	-0.1
ENSMUSG00000042246	Tmc7	1456981_at	NA	1.04959802097697	0.1	NA	1.0891640784199	0.1
ENSMUSG00000042249	Grk3	1434450_s_at	NA	0.700600132953872	0.1	NA	0.652234452684156	0
ENSMUSG00000042254	Cilp	1457296_at	NA	2.2069602404784	0.4	0.00029337736596003	8.69646260476493	0.9
ENSMUSG00000042256	Ptchd4	1453598_at	NA	1.90335228301903	0.2	NA	-0.531154417459711	0
ENSMUSG00000042265	Trem1	1447284_at	NA	0.0523934135476222	0	NA	-0.620357675550915	0
ENSMUSG00000042271	Nxt2	1456599_at	NA	1.25921069874909	0.2	NA	0.608650404702404	0.1
ENSMUSG00000042272	Sestd1	1455549_at	0.545524577917833	-0.795545579633386	-0.2	NA	0.481877567776779	0
ENSMUSG00000042284	Itga1	1429543_at	NA	-0.760520263028812	-0.1	NA	0.631717826426921	0.1
ENSMUSG00000042298	Ttc19	1430043_at	NA	2.73784560530902	0.4	0.233846353370822	1.57620719933735	0.2
ENSMUSG00000042320	Prox2	1430243_at	NA	-1.20839094529785	-0.2	NA	0.502381586593161	0
ENSMUSG00000042331	Specc1	1458440_at	NA	4.0982039005496	0.5	0.37290318405333	-1.15446755985266	-0.2
ENSMUSG00000042345	Ubash3a	1456065_at	NA	-1.58202574183288	-0.2	NA	-1.8790052016785	-0.1
ENSMUSG00000042348	Arl15	1433642_at	0.213920211993015	-1.91425371921394	-0.4	0.4777738305744	0.927415660882028	0.1
ENSMUSG00000042350	Arel1	1433767_at	0.153984426269339	-2.2323751694672	-0.5	0.105639543610684	2.25705102400808	0.3
ENSMUSG00000042359	Osbpl6	1457881_at	NA	1.22331016848328	0.2	NA	0.00500197354478254	0
ENSMUSG00000042369	Rbm45	1437904_at	NA	1.95593452733804	0.3	0.120229178670155	2.14854705526153	0.3
ENSMUSG00000042371	Slc5a10	1440834_at	NA	-1.48392732623461	-0.2	NA	-1.54365424755229	-0.1
ENSMUSG00000042372	Dmrt3	1440707_at	NA	0.343718702640431	0	NA	-1.53238244933549	-0.2
ENSMUSG00000042388	Dlgap3	1436381_at	NA	-0.750885424760793	-0.1	NA	0.191529290855975	0
ENSMUSG00000042389	Tsen2	1435118_at	NA	-1.81842770696535	-0.3	NA	1.40071891754866	0.1
ENSMUSG00000042390	Gatad2b	1437507_at	NA	1.61640583683563	0.2	0.0521304118909775	2.83498367313171	0.2
ENSMUSG00000042401	Crtac1	1452936_at	NA	-0.368057918779212	0	NA	-1.54531429528636	-0.1
ENSMUSG00000042410	Agps	1454918_at	NA	0.78805196724578	0.2	NA	-0.400677026904324	0
ENSMUSG00000042414	Prdm14	1444390_at	NA	1.06910215338757	0.1	NA	-1.15026858398031	-0.1
ENSMUSG00000042417	Ccno	1455114_at	NA	0.186499213293552	0	0.102768276038046	-2.28407132275066	-0.2
ENSMUSG00000042425	Frmpd3	1441363_at	NA	1.24588331571677	0.2	NA	-0.795842635872562	-0.1
ENSMUSG00000042426	Dhx29	1434710_at	NA	0.271460140492193	0	0.901585032454681	-0.176892410524046	0
ENSMUSG00000042428	Mgat3	1428801_at	NA	0.40163625401438	0	NA	-2.05854783775048	-0.2
ENSMUSG00000042439	Zfp532	1444851_at	NA	-0.00467300648818534	0	NA	-1.65964515426213	-0.1
ENSMUSG00000042444	Mindy2	1436842_at	0.0868997610184793	2.81965810708614	0.6	0.0161643020966261	3.89157491054832	0.5
ENSMUSG00000042446	Zmym4	1438460_at	0.552071780064261	0.780318685335036	0.2	NA	-0.058404627078324	0
ENSMUSG00000042453	Reln	1458020_at	NA	-0.247942754954823	0	NA	-0.418342464600773	0
ENSMUSG00000042460	C1galt1	1428490_at	0.964471909474688	0.0588505087838229	0	NA	-0.00769333011024735	0
ENSMUSG00000042474	Fcmr	1429889_at	0.217119599717628	-1.89908637861095	-0.4	NA	-0.655267906535128	0
ENSMUSG00000042477	Tfap2e	1435205_at	NA	0.342836628679076	0	NA	0.141119237324291	0
ENSMUSG00000042487	Leo1	1455293_at	0.117333413106102	-2.49375971482411	-0.4	NA	1.20414991400193	0.1
ENSMUSG00000042489	Clspn	1456280_at	0.100614847280629	2.66344567146239	0.5	NA	-1.42910213620249	-0.1
ENSMUSG00000042496	Prdm10	1429689_at	NA	0.686469373489249	0.1	NA	0.638697293003936	0.1
ENSMUSG00000042500	Ago4	1453289_at	NA	0.861214905519801	0.2	NA	-0.916966868400079	-0.1
ENSMUSG00000042501	Cpa6	1440617_at	NA	0.321405680801005	0	NA	-0.386459051386381	0
ENSMUSG00000042505	Sdhaf3	1456614_at	NA	0.971246351987052	0.2	0.779489502571653	0.380120779961502	0
ENSMUSG00000042506	Usp22	1437151_at	NA	1.48057338809003	0.3	NA	0.259006261728085	0
ENSMUSG00000042507	Elmsan1	1444107_at	NA	2.23719061514114	0.3	NA	1.39344751669395	0.1
ENSMUSG00000042510	AA986860	1433610_at	NA	0.844064637678104	0.1	0.442687766839551	1.00513027822025	0.1
ENSMUSG00000042514	Klhl14	1428837_at	NA	1.27710293295717	0.2	NA	-0.0392176659997351	0
ENSMUSG00000042515	Pwwp3b	1455238_at	0.153984426269339	2.22859571001962	0.6	0.396370734314182	1.10642924566967	0.2
ENSMUSG00000042520	Ubap2l	1457249_at	NA	0.162384182215435	0	NA	-1.6298447444189	-0.2
ENSMUSG00000042523	Dnal1	1455630_at	0.207069821427282	1.94427454440546	0.4	NA	2.37581637057042	0.2
ENSMUSG00000042524	Sun2	1439238_at	NA	0.675392520677642	0.1	NA	1.02847601931446	0.1
ENSMUSG00000042525	4933428M09Rik	1454210_at	NA	-0.129118699235066	0	NA	-0.803060929570475	-0.1
ENSMUSG00000042532	Golga7b	1439546_at	NA	-0.625190160467199	-0.1	NA	-0.047574898247148	0
ENSMUSG00000042548	Asxl1	1458380_at	NA	-0.304222633334141	0	NA	-1.46488458275162	-0.1
ENSMUSG00000042564	Fam227a	1431849_at	NA	-0.85067374583703	-0.1	NA	0.651604633246898	0.1
ENSMUSG00000042572	Ube2q1	1429311_at	NA	2.92731601986519	0.4	0.00530030090408274	4.9209782183674	0.4
ENSMUSG00000042579	4632404H12Rik	1438209_at	NA	1.75030509757869	0.2	NA	0.587691446303133	0
ENSMUSG00000042581	Thsd7b	1445115_at	0.353119684394257	-1.34757855938181	-0.3	NA	-0.107851710570331	0
ENSMUSG00000042589	Cux2	1447500_at	NA	-0.16335538941336	0	NA	0.713494291801089	0.1
ENSMUSG00000042594	Sh2b3	1433455_at	NA	1.91586421519589	0.3	NA	0.299616697825469	0
ENSMUSG00000042595	Fam199x	1440046_at	NA	-0.442170046327162	-0.1	NA	-0.623930327549693	-0.1
ENSMUSG00000042599	Kdm7a	1435867_at	0.380162232650697	-1.23425940298204	-0.4	NA	2.37723072336735	0.2
ENSMUSG00000042604	Kcna4	1438613_at	NA	-0.690148600623133	-0.1	NA	-0.440049133046335	0
ENSMUSG00000042605	Atxn2	1459363_at	NA	-1.44464175515306	-0.2	NA	-1.97442034860102	-0.2
ENSMUSG00000042606	Hirip3	1434936_at	NA	3.38670029315692	0.5	NA	0.0589738334372411	0
ENSMUSG00000042616	Oscp1	1434223_at	NA	0.322251858234582	0	NA	-0.0478823824585823	0
ENSMUSG00000042628	Zfyve1	1435072_at	NA	0.93319148372318	0.1	0.0142244123955842	4.02981581043058	0.4
ENSMUSG00000042632	Pla2g6	1431277_at	NA	0.867268584935871	0.1	NA	-0.465689693804869	0
ENSMUSG00000042647	Acad12	1437496_at	NA	-0.0105609875495383	0	NA	2.12957805971112	0.2
ENSMUSG00000042650	Alkbh5	1434701_at	NA	2.10838631582669	0.4	0.00338440533637463	5.41956084590352	0.5
ENSMUSG00000042655	Shisal2b	1430977_at	NA	-1.12074718249472	-0.2	NA	-2.422547215939	-0.2
ENSMUSG00000042662	Dusp15	1435126_at	NA	1.39718726730356	0.2	NA	-1.62407670824313	-0.1
ENSMUSG00000042672	Dcst1	1432545_at	NA	0.434385589065242	0.1	NA	0.933426988808506	0.1
ENSMUSG00000042677	Zc3h12a	1443993_at	NA	0.253335784387289	0	NA	0.208402509819161	0
ENSMUSG00000042680	Garem1	1436827_at	0.256958601701174	1.71792125166469	0.3	0.0770146601114449	-2.52544903569905	-0.3
ENSMUSG00000042686	Jph1	1438428_at	0.246561780021591	-1.76597683406185	-0.6	0.514574465555612	0.855850948678228	0.1
ENSMUSG00000042688	Mapk6	1459146_at	NA	0.128172829096161	0	NA	-2.37480354106286	-0.2
ENSMUSG00000042694	Stn1	1434737_at	0.364181031160914	1.29693837949815	0.3	NA	-1.06319648968415	-0.1
ENSMUSG00000042700	Sipa1l1	1434222_at	NA	-2.67907309461501	-0.3	0.0107573467905734	4.26285801190788	0.4
ENSMUSG00000042705	Commd10	1428491_at	0.0563766022364288	3.24795102180644	0.6	NA	1.11882667756583	0.1
ENSMUSG00000042707	Dnali1	1436126_at	NA	-1.73658025505838	-0.2	NA	-1.90771129116934	-0.2
ENSMUSG00000042708	Shcbp1l	1429324_at	NA	-0.52507257297648	-0.1	NA	0.145442520335723	0
ENSMUSG00000042719	Naa25	1433766_at	NA	-2.19374423922318	-0.3	NA	0.817629989653571	0.1
ENSMUSG00000042724	Map3k9	1458922_at	NA	-1.6544311263777	-0.2	NA	-1.1685129324235	-0.1
ENSMUSG00000042734	Ttc9	1455649_at	NA	-1.98376475675265	-0.2	NA	-3.05058357332959	-0.2
ENSMUSG00000042737	Dpm3	1452729_at	NA	-1.63307497800347	-0.2	0.0433076483057877	2.99406997529155	0.3
ENSMUSG00000042742	Bmt2	1454937_at	0.172600629954234	2.11894011207619	0.4	0.413672756574653	1.06872104123924	0.1
ENSMUSG00000042744	Hectd4	1433524_at	NA	-0.0494669266750712	0	NA	1.87083686349226	0.2
ENSMUSG00000042751	Nmnat2	1436155_at	NA	2.42851678871298	0.3	0.034455230568576	-3.19196577045355	-0.3
ENSMUSG00000042757	Tmem108	1454729_at	NA	-1.04161035932762	-0.2	NA	-0.859860963351998	-0.1
ENSMUSG00000042761	Mrap2	1436274_at	NA	-0.282092198041584	0	NA	-2.17563690312417	-0.2
ENSMUSG00000042772	Smg7	1455574_at	NA	3.1551663291918	0.4	0.212013036003375	1.66329013917218	0.2
ENSMUSG00000042787	Exog	1436022_at	NA	0.704614315061337	0.1	NA	0.0186753536513878	0
ENSMUSG00000042793	Lgr6	1436218_at	NA	-0.338327272380197	0	NA	-1.07239143107213	-0.1
ENSMUSG00000042797	Aqp11	1455846_at	NA	0.722949601074966	0.1	NA	-1.77953960421003	-0.1
ENSMUSG00000042800	Spata46	1437384_at	NA	-1.52081463327845	-0.2	NA	1.66145353684725	0.1
ENSMUSG00000042807	Hecw2	1458464_at	NA	-0.123575804447153	0	NA	1.39002630003238	0.1
ENSMUSG00000042810	Krba1	1430321_at	NA	-3.10219158044479	-0.3	NA	-0.680453527939802	-0.1
ENSMUSG00000042812	Foxf1	1434939_at	0.246502596793672	1.76870323626864	0.4	NA	-0.500686128737224	0
ENSMUSG00000042816	Gpr151	1457555_at	NA	-1.0885402640067	-0.1	NA	0.328672863677253	0
ENSMUSG00000042846	Lrrtm3	1434761_at	NA	-1.66983109969247	-0.3	NA	-0.264601173946913	0
ENSMUSG00000042851	Zc3h6	1453477_at	0.789325479115167	0.354278376564206	0.1	NA	0.196799563592825	0
ENSMUSG00000042854	Trp53rkb	1444453_at	NA	0.0770741591285168	0	NA	2.24072967259676	0.2
ENSMUSG00000042857	Gm9776	1435723_at	NA	0.874257345866273	0.1	NA	2.1573248522083	0.2
ENSMUSG00000042873	Lhfpl4	1442043_at	NA	-0.798110579587003	-0.1	NA	-2.2268303736715	-0.2
ENSMUSG00000042888	Prr30	1431150_at	0.960816735618461	-0.0653745323424954	0	NA	-1.8818709260013	-0.1
ENSMUSG00000042895	Abra	1458455_at	NA	-0.428581480148761	-0.1	NA	1.76220679728942	0.1
ENSMUSG00000042901	Aida	1439901_at	NA	1.85136516436969	0.3	NA	-0.0127369614611208	0
ENSMUSG00000042903	Foxo4	1456753_at	0.0709796712261827	3.02861986408754	0.6	NA	-0.0502968880369423	0
ENSMUSG00000042918	Mamstr	1437739_a_at	NA	-1.71615248256022	-0.3	NA	0.106630812705737	0
ENSMUSG00000042942	Greb1l	1442703_at	NA	0.59628836930916	0.1	NA	-1.17502733523135	-0.1
ENSMUSG00000042961	Egflam	1434647_at	NA	1.61361116993557	0.2	0.714614183841738	-0.495807732443682	-0.1
ENSMUSG00000042997	Nhlrc3	1456026_at	NA	1.20844735592068	0.2	0.0140409742735004	4.041401746783	0.4
ENSMUSG00000043003	Rasef	1458591_at	NA	0.298696630175248	0	NA	0.676452203561858	0.1
ENSMUSG00000043004	Gng2	1428156_at	NA	2.8342075462332	0.4	0.325741234126306	1.27335922187293	0.2
ENSMUSG00000043008	Klhl6	1437886_at	NA	1.47524462405651	0.2	NA	0.0356670119220906	0
ENSMUSG00000043015	Nemp2	1455553_at	NA	-0.0975648953832173	0	NA	-0.0640455855999223	0
ENSMUSG00000043020	Wdr63	1436675_at	NA	-1.53000576408836	-0.3	NA	0.00178354120166421	0
ENSMUSG00000043036	Ccdc63	1437090_at	NA	0.795433082049276	0.1	NA	-0.412836866586225	0
ENSMUSG00000043059	Zfp513	1437483_at	NA	0.604744765426477	0.1	0.103709576715862	2.27317329022174	0.2
ENSMUSG00000043061	Tmem18	1454836_at	NA	2.16619971225451	0.3	0.0342590776642324	3.19733755848741	0.4
ENSMUSG00000043065	Spice1	1458174_at	NA	1.64532650847433	0.2	0.633036399477003	0.637508299350148	0.1
ENSMUSG00000043067	Dpy19l1	1456533_at	0.078001808645353	2.9281255757718	0.7	0.734839441708477	0.456984942494318	0.1
ENSMUSG00000043088	Il17re	1439357_at	NA	0.751212231934156	0.1	0.611687753284293	0.676496529108791	0.1
ENSMUSG00000043090	Zfp866	1455334_at	0.247444428185424	1.7583361584371	0.3	0.0670787580598129	2.63216469035803	0.3
ENSMUSG00000043110	Lrrn4	1435648_at	NA	0.113863430434482	0	NA	-0.346654179587485	0
ENSMUSG00000043122	A530016L24Rik	1438734_at	NA	-1.38867829925339	-0.2	NA	1.22969043024788	0.1
ENSMUSG00000043126	D830039M14Rik	1458022_at	NA	-1.26688728825764	-0.1	NA	0.0597203865829759	0
ENSMUSG00000043144	Aqp6	1447974_s_at	NA	-1.29980925778949	-0.1	NA	-2.06547024806514	-0.2
ENSMUSG00000043153	Crppa	1443549_at	NA	-0.751836010520037	-0.1	NA	0.549414260175161	0
ENSMUSG00000043154	Ppp2r3a	1437869_at	NA	0.695840409668616	0.1	NA	-1.58406167581178	-0.1
ENSMUSG00000043155	Hpdl	1455120_at	NA	-0.702554957935185	-0.1	0.0696500734372272	-2.5966646077046	-0.3
ENSMUSG00000043164	Tmem212	1436111_at	NA	2.30011312409272	0.2	0.117542056497781	-2.16940096192806	-0.2
ENSMUSG00000043168	4930426D05Rik	1430143_at	NA	-1.64081232278341	-0.2	NA	-0.572569349211326	0
ENSMUSG00000043190	Rfesd	1434826_at	NA	2.54579300355525	0.4	0.0038086751657294	5.23489637969663	0.5
ENSMUSG00000043230	Fam124b	1440676_at	NA	0.861326923576539	0.1	NA	-0.181260741975136	0
ENSMUSG00000043243	Fam129c	1457728_at	NA	1.41746714693519	0.2	NA	-0.870514569009024	-0.1
ENSMUSG00000043251	Exoc3l	1436536_at	0.0627886558976469	-3.15321391724106	-0.6	NA	0.641362962085946	0.1
ENSMUSG00000043252	Tmem64	1454709_at	NA	0.0430075179921216	0	0.00226721231610106	5.90051917892828	0.8
ENSMUSG00000043257	Pigv	1437663_at	0.496152069494928	0.909348281372587	0.2	NA	0.186711261251654	0
ENSMUSG00000043259	Fam13c	1460476_s_at	NA	-3.37413125491669	-0.4	NA	-0.461952695253571	0
ENSMUSG00000043279	Trim56	1441320_a_at	NA	-1.28814750213306	-0.2	NA	-0.814678885130081	-0.1
ENSMUSG00000043286	Pnpla1	1457448_at	NA	0.379439054331541	0	NA	-0.124716438298283	0
ENSMUSG00000043289	Mei4	1437935_at	NA	0.108186008732715	0	NA	-0.62867168666952	0
ENSMUSG00000043290	Zfp784	1438689_at	NA	0.168773407559481	0	NA	0.777240145153073	0.1
ENSMUSG00000043298	Smco3	1457323_at	NA	-0.242369398618417	0	NA	-0.166608062044479	0
ENSMUSG00000043323	Fbrsl1	1458511_at	NA	-0.0226755012863817	0	NA	-1.74756058761443	-0.1
ENSMUSG00000043333	Rhbdl2	1442819_at	NA	-0.777101606657785	-0.1	NA	-0.751848448836226	-0.1
ENSMUSG00000043336	Filip1l	1428861_at	NA	0.701683260446918	0.1	0.0622916974372009	2.69567572137497	0.3
ENSMUSG00000043340	6530409C15Rik	1432014_at	NA	-0.331749815185773	0	NA	0.362904226641715	0
ENSMUSG00000043366	Olfr78	1440009_at	NA	0.791817879447769	0.1	NA	-0.843303076860067	-0.1
ENSMUSG00000043372	Hexim2	1429026_at	NA	-0.388134311306227	0	NA	-0.544209376155151	0
ENSMUSG00000043388	Tmem130	1455148_at	NA	0.846388201500926	0.1	NA	-0.477098461125675	0
ENSMUSG00000043391	2510009E07Rik	1440062_at	NA	0.728931183630055	0.1	NA	0.473651018895463	0
ENSMUSG00000043398	Gpr135	1441944_s_at	0.379275297580577	1.23910893160212	0.3	NA	-1.66255712065023	-0.1
ENSMUSG00000043411	Usp48	1445157_at	NA	1.01522794703306	0.1	NA	-0.621217819465629	0
ENSMUSG00000043415	Otud1	1453119_at	0.207069821427282	-1.94517232073801	-0.5	0.637096558071089	0.628733890482481	0.1
ENSMUSG00000043418	Lrit2	1443940_at	NA	-0.197982085570883	0	NA	-0.322195088252098	0
ENSMUSG00000043429	Ccdc185	1439230_at	NA	-0.974942047213138	-0.1	NA	-0.268887037942312	0
ENSMUSG00000043430	Psapl1	1440186_s_at	NA	-1.72051858205145	-0.2	NA	1.34343548281704	0.1
ENSMUSG00000043432	Leng9	1455497_at	NA	0.0915344963664803	0	NA	0.936102610085726	0.1
ENSMUSG00000043441	Gpr149	1456858_at	NA	-0.586480319654002	-0.1	NA	0.547552758266989	0
ENSMUSG00000043456	Zfp536	1456093_at	NA	0.102308286523481	0	NA	-1.61416809100711	-0.1
ENSMUSG00000043460	Elfn2	1439743_at	NA	-0.953955066287713	-0.1	NA	-0.147117943357101	0
ENSMUSG00000043463	Rab9b	1433791_at	NA	-0.178637485943461	0	0.139862190800776	-2.00925143581404	-0.2
ENSMUSG00000043467	Zbtb37	1440423_at	NA	0.908024921904643	0.1	0.210753104412443	1.66939101437974	0.2
ENSMUSG00000043505	Gimap5	1444181_at	NA	-2.66328355179145	-0.4	NA	-0.123618291301109	0
ENSMUSG00000043531	Sorcs1	1436662_at	NA	0.457845047496951	0.1	NA	-0.106993584515145	0
ENSMUSG00000043535	Setx	1433794_at	0.184956536377074	2.05883692267653	0.5	0.768729090523624	0.398298814268762	0.1
ENSMUSG00000043542	Zc2hc1a	1428417_at	NA	0.999189461337289	0.2	0.00652320496117484	4.72310795216839	0.3
ENSMUSG00000043549	Fam90a1b	1431809_at	NA	-0.918135863858397	-0.1	NA	0.0901218274751271	0
ENSMUSG00000043556	Fbxl7	1439890_at	NA	-0.437737899993745	0	NA	-1.78493538160522	-0.1
ENSMUSG00000043557	Mdga1	1432062_at	NA	0.429873242996629	0.1	NA	1.8350535884993	0.1
ENSMUSG00000043569	Cldn34c4	1432477_at	NA	0.210164176652711	0	NA	-0.949965260308726	-0.1
ENSMUSG00000043587	Pxylp1	1429390_at	0.00965915713811418	5.41883420298372	1.1	0.00101439423378671	6.7396298501345	0.7
ENSMUSG00000043592	Unc5cl	1429950_at	NA	2.3311638371183	0.4	NA	-1.38431652991589	-0.1
ENSMUSG00000043602	Zfp3	1439563_at	NA	-2.62783836658765	-0.3	NA	1.2268449803965	0.1
ENSMUSG00000043614	Vps37d	1457736_at	NA	0.636986976317304	0.1	0.112515980381782	2.20753455386833	0.2
ENSMUSG00000043621	Ubxn10	1457581_at	NA	1.2418030521773	0.2	NA	-1.30254636780906	-0.1
ENSMUSG00000043623	4933412A08Rik	1430085_at	NA	0.795601989786851	0.1	NA	-0.73286646054312	-0.1
ENSMUSG00000043629	1700019D03Rik	1430368_s_at	NA	0.269858200267735	0	NA	0.147196607224032	0
ENSMUSG00000043631	Ecm2	1431324_at	NA	-0.396101387793156	0	NA	0.912983269998411	0.1
ENSMUSG00000043633	Fam221b	1437140_at	NA	-0.806690321265711	-0.1	NA	0.758961393600234	0.1
ENSMUSG00000043635	Adamts3	1458143_at	NA	0.523589773104808	0.1	0.289218555568434	1.3873273744805	0.1
ENSMUSG00000043639	Rbm20	1429024_at	NA	-0.262074644824204	0	0.0252682843553139	3.47169721089838	0.3
ENSMUSG00000043644	0610009L18Rik	1453141_at	NA	-1.29520609623004	-0.2	NA	1.47512455319902	0.1
ENSMUSG00000043648	Pld6	1438493_at	NA	0.839809229869617	0.1	NA	-0.984720700824124	-0.1
ENSMUSG00000043668	Tox3	1436600_at	NA	-0.0494917385992053	0	NA	0.766444239687391	0.1
ENSMUSG00000043671	Dpy19l3	1437858_at	0.0886959582327268	2.79721251910639	0.4	0.307068334986075	1.32700693121858	0.2
ENSMUSG00000043673	Kcns3	1457799_at	NA	-0.321658446354079	0	0.154280820470137	-1.92970133946944	-0.2
ENSMUSG00000043681	Fam25c	1437019_at	NA	-1.11966413031521	-0.2	NA	1.13444101180907	0.1
ENSMUSG00000043683	Fem1a	1437063_at	NA	-0.189592083114066	0	NA	-2.20044259708027	-0.2
ENSMUSG00000043702	Pde12	1440338_at	NA	0.69228868591987	0.1	NA	-0.480312153575161	0
ENSMUSG00000043705	Capn13	1437960_at	NA	-0.0109223326868368	0	NA	-1.89214880866058	-0.1
ENSMUSG00000043740	B430306N03Rik	1437514_at	NA	0.447582894321098	0	NA	-0.0303891843511135	0
ENSMUSG00000043753	Dmrta1	1441579_at	NA	-1.15644980990404	-0.1	NA	-0.655741420464513	-0.1
ENSMUSG00000043773	1700048O20Rik	1457426_at	NA	0.353002446418772	0	NA	1.45696894082834	0.1
ENSMUSG00000043782	Bicdl2	1460051_at	0.289805334270333	-1.56554283879076	-0.3	0.610694702386195	-0.679234399181793	-0.1
ENSMUSG00000043789	Vwce	1430130_at	NA	0.716053821035535	0.1	NA	-1.27160439750224	-0.1
ENSMUSG00000043794	D830025C05Rik	1444014_at	NA	-1.03256708752909	-0.2	NA	-0.0382217058437506	0
ENSMUSG00000043822	Adamtsl5	1438266_at	NA	-3.85635711221266	-0.5	0.116486650841482	2.18041659314215	0.2
ENSMUSG00000043831	Lysmd4	1444291_at	NA	-0.429742799482959	-0.1	NA	-1.22979920239926	-0.1
ENSMUSG00000043832	Clec4a3	1429954_at	NA	0.0195766943648541	0	NA	-0.0104552591656136	0
ENSMUSG00000043833	2900005J15Rik	1453655_at	NA	-1.00085293572708	-0.1	0.555480957720139	-0.779630686881162	-0.1
ENSMUSG00000043850	Clrn1	1438347_at	NA	1.9646413556019	0.3	NA	-0.99713697883404	-0.1
ENSMUSG00000043857	Mgat5b	1434531_at	NA	-2.28301376835189	-0.3	NA	-0.831215441442125	-0.1
ENSMUSG00000043881	Kbtbd7	1452700_s_at	0.366816299241462	1.28698185643163	0.3	0.200799436291559	1.71122504412448	0.2
ENSMUSG00000043885	Slc36a4	1455249_at	0.363276277854713	1.30129043990694	0.3	0.822377411443664	-0.310243612195493	0
ENSMUSG00000043895	S1pr2	1428176_at	NA	2.144176408296	0.3	NA	0.6640946218814	0.1
ENSMUSG00000043903	Zfp469	1459622_at	NA	1.18738419559523	0.2	NA	3.09572506471614	0.2
ENSMUSG00000043909	Trp53bp1	1435609_at	0.406616205409336	1.15660949666127	0.2	NA	0.327123283901424	0
ENSMUSG00000043929	Klhl15	1438247_at	NA	0.57669886273474	0.1	NA	0.280778086076334	0
ENSMUSG00000043931	Gimap7	1444283_at	NA	0.503491840139077	0.1	NA	-0.601400625376683	0
ENSMUSG00000043940	Wdfy3	1428517_at	0.11008262655636	2.58057939613543	0.6	0.1633488198546	1.88439211438766	0.3
ENSMUSG00000043945	Adam6a	1439653_at	NA	1.26481822815147	0.2	NA	-0.994455242659308	-0.1
ENSMUSG00000043964	Orai3	1434064_at	0.11295580048421	2.5378145645456	0.4	NA	1.54535374046647	0.1
ENSMUSG00000043969	Emx2	1456258_at	NA	0.420318752230783	0	NA	0.886560152346495	0.1
ENSMUSG00000043986	Spata31d1d	1438584_at	NA	-0.663220774796655	-0.1	NA	-0.170058051819478	0
ENSMUSG00000043987	Cep164	1435676_at	NA	3.32222692692663	0.4	NA	1.67468922783887	0.1
ENSMUSG00000043991	Pura	1456898_at	0.839503380300869	-0.269572000556657	-0.1	NA	-0.404083206798188	0
ENSMUSG00000043993	2900052L18Rik	1432011_at	0.376629408998579	1.24808681226311	0.3	NA	-0.341062098024941	0
ENSMUSG00000043999	Gpr75	1434536_at	NA	0.92997604462525	0.1	NA	-1.94699087102049	-0.2
ENSMUSG00000044005	Gls2	1435245_at	NA	-0.306691303817799	0	NA	-2.38424898049657	-0.2
ENSMUSG00000044026	Slc35g1	1435452_at	NA	0.0920104671043798	0	NA	-1.24938215052969	-0.1
ENSMUSG00000044033	Ccdc141	1460125_at	0.603222775597722	-0.667577150857463	-0.2	0.451148812072893	0.985843738443167	0.1
ENSMUSG00000044037	Als2cl	1433769_at	NA	0.131458166767784	0	0.0166202426618328	-3.86226657583976	-0.3
ENSMUSG00000044042	Fmn1	1439397_at	NA	2.24473580586324	0.3	NA	-0.0741055915509433	0
ENSMUSG00000044056	Efcab9	1429746_at	NA	-1.698809574346	-0.2	NA	-0.483962395753028	0
ENSMUSG00000044062	Plekhd1os	1431446_at	NA	-0.459370465790375	-0.1	NA	-1.70881320083947	-0.1
ENSMUSG00000044066	Cep68	1441340_at	NA	-0.865976273457978	-0.2	NA	-0.611136144888293	-0.1
ENSMUSG00000044067	Gpr22	1434672_at	NA	0.055101751496973	0	NA	-1.04159651776938	-0.1
ENSMUSG00000044071	Tafa2	1438007_at	0.378518007948955	1.24292761724418	0.3	0.402269241016465	1.09285101737743	0.1
ENSMUSG00000044072	Eml6	1459364_at	NA	0.435932017334483	0	0.0447232095737216	-2.96612441912745	-0.3
ENSMUSG00000044083	Efcab8	1442720_at	NA	0.270350046434136	0	NA	-1.2511516195047	-0.1
ENSMUSG00000044086	Lmod3	1439658_at	0.0866333811816901	-2.82406115690196	-0.5	0.795623950577569	-0.357749547541661	0
ENSMUSG00000044092	C130050O18Rik	1441516_a_at	NA	-0.0688439501327424	0	NA	1.337757420939	0.1
ENSMUSG00000044098	Rsbn1	1443859_at	NA	0.969845820701106	0.2	NA	0.446392639433	0
ENSMUSG00000044122	Proca1	1442508_at	0.360326767820827	-1.30968258485906	-0.3	0.117204123331906	-2.17217227569993	-0.2
ENSMUSG00000044134	Pheta1	1454662_at	NA	1.38376117503469	0.2	NA	-0.70309731218462	-0.1
ENSMUSG00000044149	Nkrf	1434398_at	0.939854700085003	0.104870768762785	0	0.125655636823585	-2.1084665704071	-0.2
ENSMUSG00000044150	Bclaf3	1434910_at	0.463330465811982	0.996021499279475	0.3	0.615104351713087	0.670405220510502	0.1
ENSMUSG00000044155	Lsm8	1436107_at	NA	0.221773533841762	0	NA	0.783266149107841	0.1
ENSMUSG00000044164	Rnf182	1440086_at	NA	-0.143639235438007	0	NA	-1.93389648854679	-0.1
ENSMUSG00000044172	Ptx4	1430194_at	NA	-1.65057869421848	-0.3	NA	-0.89157862254314	-0.1
ENSMUSG00000044176	Spink10	1438444_at	NA	0.72782343303864	0.1	NA	-0.741070009784659	-0.1
ENSMUSG00000044177	Wfikkn2	1428811_at	NA	1.06996095960653	0.2	NA	-0.128504271526687	0
ENSMUSG00000044186	Nkx2-6	1443817_x_at	NA	-0.477776316483883	-0.1	NA	-1.72392715131175	-0.1
ENSMUSG00000044197	Gpr146	1454685_at	0.202465091500688	1.9667356285681	0.4	NA	2.97765486535817	0.2
ENSMUSG00000044201	Cdc25c	1456077_x_at	NA	1.67369938721366	0.2	NA	0.032236925417705	0
ENSMUSG00000044224	Dnajc21	1457281_at	NA	-2.17406524511041	-0.4	NA	2.6688032326273	0.2
ENSMUSG00000044227	Gm9789	1447196_at	NA	-0.711153581255838	-0.1	NA	-0.963857531200989	-0.1
ENSMUSG00000044229	Nxpe4	1456111_at	NA	0.926705630116176	0.1	NA	0.826760342371253	0.1
ENSMUSG00000044231	Nhlrc1	1435213_at	NA	-0.412591182524843	-0.1	NA	1.06950337800418	0.1
ENSMUSG00000044243	Bhlha9	1446501_at	NA	0.657665585001536	0.1	NA	-1.19365188697047	-0.1
ENSMUSG00000044244	Il20rb	1437876_at	NA	0.54260889440078	0.1	NA	-0.701326470702419	-0.1
ENSMUSG00000044249	Defb29	1440957_at	NA	0.130069309662102	0	NA	0.860085979420686	0.1
ENSMUSG00000044250	Pced1b	1436608_at	NA	1.15698609522151	0.1	NA	-1.91464265870365	-0.1
ENSMUSG00000044254	Pcsk9	1437453_s_at	NA	0.894525693870795	0.1	NA	-0.90663139828005	-0.1
ENSMUSG00000044276	4933427E11Rik	1430155_at	NA	-0.0594405351517648	0	NA	-0.807072581309436	-0.1
ENSMUSG00000044288	Cnr1	1434172_at	0.144466583498818	2.30785316956632	0.6	NA	0.708896602947347	0.1
ENSMUSG00000044296	Zfp879	1441207_at	NA	-0.0671731701080361	0	NA	-0.30686523832067	0
ENSMUSG00000044308	Ubr3	1453029_s_at	NA	0.852972426319312	0.2	NA	3.78676481470058	0.3
ENSMUSG00000044313	Mab21l3	1455241_at	NA	-0.179502973909776	0	NA	-0.777822940743447	-0.1
ENSMUSG00000044317	Gpr4	1457745_at	NA	-0.571141905783129	-0.1	NA	-1.15623141547433	-0.1
ENSMUSG00000044339	Alkbh2	1455673_at	NA	1.23931708013205	0.2	0.142968678823051	1.99076031534771	0.2
ENSMUSG00000044345	Marveld1	1436830_at	NA	-0.297573980247452	0	NA	0.468834842081666	0
ENSMUSG00000044348	Slc25a53	1453040_at	NA	-0.907292797466332	-0.1	0.127425072642365	2.09136592629974	0.2
ENSMUSG00000044349	Snhg11	1437311_at	NA	-0.421135687508393	0	NA	0.371684277910764	0
ENSMUSG00000044350	Lacc1	1455263_at	0.13045818414774	2.40251522512102	0.4	0.00527223579774242	4.93137010296782	0.4
ENSMUSG00000044362	Ccdc89	1429635_at	NA	-1.85733282897792	-0.2	NA	-1.2723871919711	-0.1
ENSMUSG00000044364	Tmem74b	1436250_at	NA	0.394072210999342	0	NA	-1.4370239500929	-0.1
ENSMUSG00000044365	Cxxc4	1438304_at	NA	-2.28942156629707	-0.3	NA	-0.79023701250394	-0.1
ENSMUSG00000044367	Slc16a13	1453056_at	NA	-0.910653824174509	-0.1	NA	-2.44266815561851	-0.2
ENSMUSG00000044390	Tigd3	1447540_at	NA	1.18713459905793	0.2	NA	-1.26795978333871	-0.1
ENSMUSG00000044430	Klk12	1453495_at	NA	0.460561997598962	0.1	NA	-1.41428402113899	-0.1
ENSMUSG00000044433	Camsap3	1432464_a_at	NA	-0.771988138253274	-0.1	NA	-0.461243257984357	0
ENSMUSG00000044442	N6amt1	1453821_at	NA	0.836904715769801	0.1	0.0035036211423983	5.34957027448821	0.4
ENSMUSG00000044447	Dock5	1439129_at	NA	0.855174276394119	0.1	NA	0.0530320253980006	0
ENSMUSG00000044452	Zfp507	1435002_at	0.289805334270333	1.56538586044306	0.4	0.204357810922091	1.6950894564613	0.2
ENSMUSG00000044456	Rin3	1434684_at	NA	0.464638745447602	0.1	0.480049209451323	-0.922484754151386	-0.1
ENSMUSG00000044465	Fam160a2	1429949_at	NA	0.73318906130185	0.1	0.339290290754983	-1.23834061525417	-0.1
ENSMUSG00000044468	Tent5c	1429682_at	NA	0.396181870533751	0	NA	1.1161968134296	0.1
ENSMUSG00000044477	Zfand3	1441948_x_at	NA	-0.573397069985201	-0.1	NA	2.45073886465125	0.2
ENSMUSG00000044499	Hs3st5	1454720_at	NA	0.636675952842248	0.1	NA	-0.675972939868182	-0.1
ENSMUSG00000044502	Bod1	1428293_at	NA	-0.761566943535861	-0.1	NA	-0.0408298584546646	0
ENSMUSG00000044522	A730020M07Rik	1442396_at	NA	1.86117203239742	0.2	NA	-0.154972068621448	0
ENSMUSG00000044534	Ackr2	1437937_at	NA	-2.1701794950769	-0.3	NA	-0.0977177378282083	0
ENSMUSG00000044544	4921513I03Rik	1431562_at	NA	-0.134482656363651	0	NA	0.705262145493519	0.1
ENSMUSG00000044551	9930012K11Rik	1433801_at	NA	1.75761349561315	0.3	0.438612416060127	1.0123239204558	0.2
ENSMUSG00000044556	Tex38	1430517_at	0.353531880215482	-1.3434459150297	-0.3	NA	-1.45284502263957	-0.1
ENSMUSG00000044566	Cage1	1434810_a_at	NA	-0.838752763181238	-0.1	NA	0.868144976139611	0.1
ENSMUSG00000044576	Garem2	1439570_at	NA	0.538748872069436	0.1	NA	-1.08790768433493	-0.1
ENSMUSG00000044594	Serpinb3a	1437517_x_at	NA	0.0657601027161105	0	NA	1.09637992104357	0.1
ENSMUSG00000044600	Smim7	1415705_at	0.335958978261127	1.40355394938369	0.4	0.0650284090083204	2.66044027802211	0.2
ENSMUSG00000044617	Zbtb39	1443880_at	NA	0.364279003982212	0.1	NA	0.970740607824125	0.1
ENSMUSG00000044626	Liph	1457026_at	NA	-0.0104922401523605	0	NA	-0.721227481674902	-0.1
ENSMUSG00000044629	Cnrip1	1430302_at	0.692700217968013	0.502474747022759	0.1	NA	-0.905850635696403	-0.1
ENSMUSG00000044633	B530045E10Rik	1446432_at	NA	0.80216863005009	0.1	NA	0.517902698049174	0
ENSMUSG00000044636	Csrnp2	1434532_at	NA	-0.164304767171919	0	0.471568814443982	-0.942198408221628	-0.1
ENSMUSG00000044646	Zbtb7c	1436365_at	NA	1.49540228026077	0.3	NA	0.345001440001305	0
ENSMUSG00000044647	Csrnp3	1453538_at	NA	1.30156154854889	0.2	NA	0.935051533531101	0.1
ENSMUSG00000044667	Plppr4	1434685_at	NA	0.182218501413385	0	NA	-1.97397277073259	-0.1
ENSMUSG00000044674	Fzd1	1437284_at	0.0503786016467732	3.37280196463859	0.5	0.0161643020966261	3.89170667593667	0.4
ENSMUSG00000044676	Zfp612	1456824_at	NA	-0.490363793209097	-0.1	NA	-0.276457469272851	0
ENSMUSG00000044678	Ly6k	1452855_at	NA	0.66204652868408	0.1	NA	-0.720798516999466	-0.1
ENSMUSG00000044681	Cnpy1	1456127_at	NA	0.302055144204632	0	NA	0.91182340345844	0.1
ENSMUSG00000044694	2010007H06Rik	1430479_at	NA	0.116138826679153	0	NA	-0.424935646703212	0
ENSMUSG00000044700	Tmem201	1454868_at	NA	-0.983443665195594	-0.2	0.0433076483057877	-2.99272515561167	-0.3
ENSMUSG00000044702	Palb2	1434808_at	NA	1.09785985996635	0.2	NA	1.31027053626226	0.1
ENSMUSG00000044707	Ccnjl	1459978_x_at	NA	1.53123618615891	0.2	0.659842846187922	-0.590686929246065	-0.1
ENSMUSG00000044712	Slc38a6	1457266_at	0.0172321109519275	4.60034850008711	0.7	0.0768678550466058	2.52759523249143	0.3
ENSMUSG00000044715	Gskip	1435423_x_at	NA	1.47025864503904	0.2	NA	-0.733483871311975	-0.1
ENSMUSG00000044716	Dok7	1434812_s_at	NA	1.27702468224946	0.2	0.0295897186434584	-3.3189451011575	-0.4
ENSMUSG00000044719	E230025N22Rik	1446773_at	NA	-0.399710525230066	0	NA	-0.589293657708312	0
ENSMUSG00000044724	Gpr152	1438574_at	NA	0.00430891689009345	0	NA	-1.87191701071866	-0.1
ENSMUSG00000044730	9930104L06Rik	1454913_at	NA	0.127743454283768	0	0.0934355045304424	2.36587969188044	0.2
ENSMUSG00000044749	Abca6	1453817_at	NA	1.00978873415026	0.2	NA	1.00523508867392	0.1
ENSMUSG00000044763	Trmt10c	1442716_at	NA	-1.23940710355001	-0.1	NA	-0.184551484340034	0
ENSMUSG00000044788	Fads6	1436355_at	NA	1.62707239936514	0.3	NA	1.79649066305109	0.2
ENSMUSG00000044791	Setd2	1428555_at	0.232853872932659	1.82754042439572	0.3	0.397256296066846	1.10395748241545	0.1
ENSMUSG00000044807	Zfp354c	1439044_at	NA	2.72624993829606	0.4	NA	1.35189808954073	0.1
ENSMUSG00000044813	Shb	1434153_at	NA	1.04531996508619	0.1	0.708642445829682	-0.50548169835298	-0.1
ENSMUSG00000044816	D630023F18Rik	1439880_at	NA	0.6667154498731	0.1	0.131667013586993	-2.06604135813499	-0.3
ENSMUSG00000044819	Oxgr1	1456989_at	NA	-0.155208510630101	0	NA	-0.589060134500791	0
ENSMUSG00000044835	Ankrd45	1430395_at	0.440860997882652	-1.05996330754037	-0.3	NA	-1.41900555534373	-0.1
ENSMUSG00000044847	Lsm11	1439578_at	NA	0.630965690597251	0.1	NA	-0.43832527699916	0
ENSMUSG00000044854	1700056E22Rik	1429677_at	NA	-0.956710861422512	-0.1	NA	-0.0266907895206596	0
ENSMUSG00000044860	Gm1123	1457269_at	NA	0.736705443142105	0.1	0.0321344050201182	-3.24372331095019	-0.3
ENSMUSG00000044864	Ankrd50	1435880_at	NA	1.89735501441842	0.3	0.00374862671017509	5.27126150526799	0.5
ENSMUSG00000044881	Coa4	1430540_at	NA	1.23762970001468	0.2	NA	1.85124037200515	0.1
ENSMUSG00000044906	4930503L19Rik	1454702_at	0.971979677779149	0.0446548105469029	0	NA	0.768607348673772	0.1
ENSMUSG00000044912	Syt16	1434429_at	NA	0.45909052974881	0	NA	-0.749239399429943	-0.1
ENSMUSG00000044916	1700029I15Rik	1438979_s_at	NA	-0.795052550417161	-0.2	NA	-0.447054408963328	0
ENSMUSG00000044921	Rassf9	1440411_at	NA	0.814994811371141	0.1	NA	0.311653946949803	0
ENSMUSG00000044933	Sstr3	1441603_at	NA	0.30168618596614	0	NA	-1.12400379477787	-0.1
ENSMUSG00000044934	Zfp367	1433623_at	0.0632213445154864	3.14413397798332	0.6	0.653335628341696	0.602688867815292	0.1
ENSMUSG00000044937	Ttc41	1441409_at	NA	-1.42975635411937	-0.2	NA	0.578711876068882	0
ENSMUSG00000044948	Cfap43	1453951_a_at	NA	0.101051778033817	0	NA	-0.153521802762691	0
ENSMUSG00000044950	Pwwp2a	1435633_at	NA	1.72446600398713	0.3	NA	0.18924460570058	0
ENSMUSG00000044951	Mylk4	1441111_at	NA	-3.49300503768721	-0.4	0.74199053556762	-0.443363095238117	-0.1
ENSMUSG00000044952	Kctd21	1435692_at	NA	0.532229421034275	0.1	NA	2.06668950564219	0.2
ENSMUSG00000044968	Napepld	1437872_at	NA	0.0727573577872618	0	0.289644684189467	1.38516206213767	0.2
ENSMUSG00000044982	Sft2d3	1435278_at	NA	-0.374570110757698	0	NA	2.2210605166479	0.2
ENSMUSG00000044988	Ucn3	1441439_at	NA	0.841119383607492	0.1	NA	-0.223759345251793	0
ENSMUSG00000044991	Shld1	1437617_x_at	NA	-1.8242518261895	-0.2	NA	-0.534479594524029	0
ENSMUSG00000044997	E130304I02Rik	1454261_at	NA	-0.00042189637509095	0	NA	0.608662667098244	0.1
ENSMUSG00000045004	Spata21	1455718_at	NA	0.116139786270018	0	NA	-0.656096500142835	-0.1
ENSMUSG00000045005	Fzd5	1455604_at	NA	1.80778931737391	0.2	0.000146158510210944	10.4503678709679	1
ENSMUSG00000045008	9030612E09Rik	1430652_at	NA	1.47730353198877	0.2	NA	-0.465959115915167	0
ENSMUSG00000045009	Prrt3	1438500_at	NA	-0.0514520447804015	0	NA	-1.37989928911629	-0.1
ENSMUSG00000045019	Acer1	1439183_at	NA	-0.906967612779841	-0.1	NA	-0.178292790548874	0
ENSMUSG00000045022	1700024P04Rik	1429828_at	NA	-0.70535453162814	-0.1	NA	-0.923004850677684	-0.1
ENSMUSG00000045031	Cetn4	1445511_at	NA	-0.95529701415901	-0.1	NA	-1.01314300753291	-0.1
ENSMUSG00000045034	Ankrd34b	1435307_at	NA	1.06149495234819	0.1	NA	0.25750965175665	0
ENSMUSG00000045036	Tmem232	1439575_at	NA	0.0896693055551663	0	NA	-0.831418151851054	-0.1
ENSMUSG00000045038	Prkce	1437861_s_at	NA	-1.2854290047497	-0.2	NA	1.05989060514025	0.1
ENSMUSG00000045039	Megf8	1460586_at	NA	1.37082781520236	0.2	NA	1.16929257299206	0.1
ENSMUSG00000045045	Lrfn4	1454700_at	NA	1.44500370739921	0.2	0.443932279907016	1.00127460633405	0.1
ENSMUSG00000045064	Zc2hc1c	1439391_at	NA	0.586728395265172	0.1	0.0453834268828742	-2.95338262274929	-0.2
ENSMUSG00000045071	E130308A19Rik	1438277_at	NA	1.05197466076747	0.2	NA	-2.10458267613548	-0.2
ENSMUSG00000045075	Gm9796	1443132_at	NA	-0.863704485083923	-0.1	NA	-0.731493857007571	-0.1
ENSMUSG00000045078	Rnf216	1437532_at	NA	2.12841655370556	0.2	0.0936486079638731	2.36326494569328	0.2
ENSMUSG00000045083	Lingo2	1455888_at	0.458005724530303	-1.01565739021924	-0.2	NA	-0.928667144227559	-0.1
ENSMUSG00000045091	Aqp12	1434464_at	NA	-1.81036539647946	-0.2	NA	-0.888903905785574	-0.1
ENSMUSG00000045094	Arhgef37	1456563_at	NA	3.36970833477115	0.4	NA	0.300210018495816	0
ENSMUSG00000045095	Magi1	1440871_at	NA	-1.76818456898135	-0.3	NA	0.131177432732839	0
ENSMUSG00000045098	Kmt5b	1442764_at	NA	1.98861399863527	0.3	NA	-1.51624707109483	-0.1
ENSMUSG00000045102	Poln	1446582_at	NA	0.027918977276128	0	NA	0.523995038642614	0
ENSMUSG00000045103	Dmd	1443315_at	NA	-0.27069910949203	0	NA	0.559802413710129	0
ENSMUSG00000045106	Ccdc73	1445412_at	NA	-0.983659640061705	-0.1	NA	-2.64260223953832	-0.2
ENSMUSG00000045109	Krtap4-7	1430669_at	NA	1.19287750923249	0.2	0.275634200021811	-1.42960217986145	-0.2
ENSMUSG00000045160	Bola3	1433970_at	NA	0.85282215248308	0.1	0.0250004500781091	3.49903366383172	0.4
ENSMUSG00000045165	AI467606	1433465_a_at	0.0774895140905196	2.93639086731681	0.7	0.00338440533637463	-5.40857220526285	-0.6
ENSMUSG00000045174	Amer3	1436407_at	NA	-2.8421400394309	-0.3	NA	-0.742444397601674	-0.1
ENSMUSG00000045176	Borcs6	1428723_at	NA	2.11602982718504	0.3	0.413672756574653	1.06848322687283	0.1
ENSMUSG00000045178	4933411O13Rik	1433058_at	NA	0.864291804612481	0.1	NA	-0.748780422302446	-0.1
ENSMUSG00000045180	Shroom2	1442046_at	NA	-0.539604631013362	-0.1	NA	-0.969196532788651	-0.1
ENSMUSG00000045205	Dpy19l4	1434860_at	0.28392461990213	1.59867226930113	0.4	0.735364063037045	0.45581722023256	0.1
ENSMUSG00000045210	Vcpip1	1434706_at	0.611073981725733	0.654176878966918	0.2	0.535266276412329	0.817609878075622	0.1
ENSMUSG00000045211	Nudt18	1435902_at	NA	-1.19728165198093	-0.2	0.136920280744881	2.03050159130034	0.2
ENSMUSG00000045215	Asxl3	1442095_at	0.582127995807112	-0.715057990164	-0.2	0.396853993870283	-1.10512112956701	-0.1
ENSMUSG00000045238	A730035I17Rik	1431852_at	NA	0.367055419376375	0.1	NA	0.292961599052252	0
ENSMUSG00000045246	Kcng4	1428536_at	NA	1.74037784895742	0.2	0.0488914471324831	-2.88919604285035	-0.3
ENSMUSG00000045248	Med26	1458377_at	NA	-1.18608641080832	-0.1	NA	-0.336956090541191	0
ENSMUSG00000045257	Morn2	1454800_at	NA	-0.19229458733097	0	0.026483325112766	3.42105294019151	0.4
ENSMUSG00000045268	Zfp691	1456912_at	NA	0.475439263543862	0.1	NA	-0.33525490607088	0
ENSMUSG00000045275	Lca5l	1443096_at	NA	0.22375963391628	0	NA	-2.38768734986324	-0.2
ENSMUSG00000045281	Gpr20	1440021_at	NA	-1.41081161842189	-0.2	NA	-0.0696504995730424	0
ENSMUSG00000045284	Dcaf12l1	1434170_at	0.114909888205661	-2.52375499563391	-0.5	NA	-1.90004191602015	-0.2
ENSMUSG00000045287	Rtn4rl1	1436868_at	NA	0.501482635359922	0.1	NA	-0.297099737215472	0
ENSMUSG00000045291	E330021D16Rik	1458461_at	NA	1.38800938761128	0.1	NA	-1.47852000741348	-0.1
ENSMUSG00000045294	Insig1	1454671_at	0.00688808090689431	6.11803045475114	1.5	0.00525072900616956	4.94108711708424	0.6
ENSMUSG00000045302	Preb	1455667_at	NA	-0.0133944689924472	0	NA	-0.396392022068027	0
ENSMUSG00000045312	Lhfpl2	1454847_at	NA	1.71115280549489	0.2	0.0521304118909775	2.83491701997806	0.2
ENSMUSG00000045314	Sowahb	1438408_at	NA	-0.0752551701835299	0	NA	-0.858417447382309	-0.1
ENSMUSG00000045318	Adra2c	1435296_at	NA	0.890093236081028	0.1	NA	-1.51426651180844	-0.1
ENSMUSG00000045319	Proser2	1456210_at	NA	0.427270064323163	0.1	NA	2.17468522548738	0.2
ENSMUSG00000045326	Fndc7	1444367_at	NA	-1.268404271488	-0.1	NA	-0.0392160462198741	0
ENSMUSG00000045327	6330549D23Rik	1440077_at	NA	0.592690040008753	0.1	NA	0.135765608824051	0
ENSMUSG00000045328	Cenpe	1435005_at	NA	2.36919026674491	0.4	0.189670530112217	-1.75770926051218	-0.2
ENSMUSG00000045330	4933402E13Rik	1429511_at	NA	0.634278317634397	0.1	NA	-2.04212828991856	-0.2
ENSMUSG00000045331	2310079G19Rik	1454242_at	0.494535658684627	-0.913378807904976	-0.2	0.0573005406577038	-2.76393311758016	-0.3
ENSMUSG00000045336	Hsfy2	1430009_at	NA	-0.640579774940319	-0.1	NA	-0.704787048476037	-0.1
ENSMUSG00000045348	Nyap1	1439770_at	NA	0.705864171932985	0.1	NA	1.38393879089456	0.1
ENSMUSG00000045349	Sh2d5	1436100_at	NA	-0.251602238549637	0	NA	0.0604662147396169	0
ENSMUSG00000045350	Fam186a	1430054_at	NA	0.89167617913994	0.1	0.349962403861058	1.21195522428342	0.1
ENSMUSG00000045378	Pxt1	1430015_at	NA	0.362322331442095	0	NA	-1.78379710215822	-0.1
ENSMUSG00000045410	Akr1e1	1446483_at	NA	0.90340834492249	0.1	NA	-0.22963479131459	0
ENSMUSG00000045435	Tmem60	1458106_at	NA	1.53889693785607	0.2	NA	-0.267889937993023	0
ENSMUSG00000045440	Insm2	1437781_at	NA	-0.0119139126078994	0	NA	-0.243977197383812	0
ENSMUSG00000045441	Gprin3	1439566_at	NA	1.957991794987	0.3	0.00029337736596003	8.71348178313169	0.7
ENSMUSG00000045466	Zfp956	1433619_at	NA	0.606109278602159	0.1	NA	0.835917008813691	0.1
ENSMUSG00000045467	Ttll13	1433427_at	NA	-1.35945245359828	-0.2	NA	0.261695470974065	0
ENSMUSG00000045503	Sys1	1447290_at	NA	1.0974596977181	0.1	NA	-1.88695910485775	-0.1
ENSMUSG00000045509	Gpr150	1442261_at	0.490007081592191	-0.925731887699475	-0.2	NA	-1.77759980087625	-0.1
ENSMUSG00000045515	Pou3f3	1429857_at	NA	-0.590665824937056	-0.1	0.938462910160568	0.112472210221516	0
ENSMUSG00000045519	Zfp560	1438026_at	NA	1.26954399967253	0.2	0.0869065824964911	2.43180373521031	0.2
ENSMUSG00000045538	Ddx28	1428702_at	NA	-1.26585947838054	-0.1	NA	-0.128655939650066	0
ENSMUSG00000045555	Mettl24	1439689_at	NA	1.11254484743189	0.1	0.869532751631802	0.229076234799137	0
ENSMUSG00000045576	St7l	1456363_at	NA	2.04689471060945	0.2	NA	-1.21771201492268	-0.1
ENSMUSG00000045589	Frrs1l	1436340_at	NA	1.58275910884915	0.2	NA	-0.150624942378863	0
ENSMUSG00000045608	Dbx2	1443525_at	NA	-0.312384412155666	0	NA	-1.26897936919076	-0.1
ENSMUSG00000045624	Esf1	1453727_at	NA	0.601677696204027	0.1	NA	-0.637066893157204	0
ENSMUSG00000045625	Pigz	1440143_at	NA	0.288560122237647	0	NA	0.453652273652671	0
ENSMUSG00000045629	Sh3tc2	1456020_at	NA	-1.44564747325839	-0.2	NA	-0.39609831888966	0
ENSMUSG00000045636	Mtus1	1454824_s_at	NA	0.418589974027787	0.1	NA	2.13742514045539	0.2
ENSMUSG00000045639	Zfp629	1436537_at	NA	1.06216924972506	0.1	NA	-0.574773144548848	0
ENSMUSG00000045648	Vwc2l	1440413_at	NA	1.14636829295489	0.1	NA	-0.812265104041879	-0.1
ENSMUSG00000045655	Fam216b	1458500_at	NA	0.648856482653239	0.1	0.00652320496117484	-4.72581646930914	-0.4
ENSMUSG00000045658	Pid1	1454004_at	NA	0.71993243532614	0.1	NA	-0.891184413549161	-0.1
ENSMUSG00000045659	Plekha7	1439229_at	NA	1.03470068450396	0.2	NA	-0.251213976947235	0
ENSMUSG00000045662	Henmt1	1430722_at	NA	-0.067777105083077	0	NA	-0.769908719120581	-0.1
ENSMUSG00000045664	Cdc42ep2	1428750_at	0.0236632324680467	-4.24192462052336	-0.6	NA	-1.80771143134322	-0.2
ENSMUSG00000045667	Smtnl2	1455794_at	NA	1.19500026625862	0.1	NA	-1.61021342913059	-0.1
ENSMUSG00000045671	Spred2	1441802_at	NA	-0.351963162398658	-0.1	NA	0.202274281157789	0
ENSMUSG00000045672	Col27a1	1453191_at	NA	0.00927050931311356	0	NA	0.555882970986013	0
ENSMUSG00000045680	Tcf21	1458887_at	NA	1.44449441803188	0.2	NA	1.7467888285708	0.2
ENSMUSG00000045689	Pcdhb4	1440632_at	NA	0.439754526651823	0.1	0.860800559852694	0.241596031788506	0
ENSMUSG00000045690	Wdr89	1453433_at	0.529046035710215	0.831136076090196	0.2	NA	0.129978481124665	0
ENSMUSG00000045693	Nlrp4e	1457179_at	NA	-0.222258274276996	0	NA	0.211668718444065	0
ENSMUSG00000045709	Smkr-ps	1438281_x_at	NA	0.179244288668092	0	NA	-0.140263106007814	0
ENSMUSG00000045725	Prr15	1432613_at	NA	0.20133285682819	0	NA	1.20289955864366	0.1
ENSMUSG00000045733	Sprn	1459019_at	NA	-0.219478504315671	0	NA	-0.757296589527132	-0.1
ENSMUSG00000045751	Mms22l	1439562_at	0.192013345778544	2.01368505302924	0.5	0.694475801004904	0.530696178713222	0.1
ENSMUSG00000045761	Togaram2	1440898_at	NA	3.07355132750433	0.3	NA	-1.79756016891905	-0.2
ENSMUSG00000045767	B230219D22Rik	1453736_s_at	NA	-0.286802895203268	0	NA	1.91396687846861	0.1
ENSMUSG00000045775	Slc16a5	1434473_at	0.4268294430533	-1.10030370999375	-0.2	NA	-0.48899722309772	0
ENSMUSG00000045776	Lrtm1	1443866_at	NA	-1.08662552522067	-0.1	NA	1.57072894266495	0.1
ENSMUSG00000045790	Ccdc149	1443941_at	NA	0.148719467136525	0	NA	-0.879741388549383	-0.1
ENSMUSG00000045794	Lkaaear1	1457091_at	0.556236470386134	-0.765345735395001	-0.2	NA	-1.44537037954421	-0.1
ENSMUSG00000045795	Whamm	1436792_at	NA	1.88447601121369	0.2	NA	0.761185349266391	0.1
ENSMUSG00000045797	4930402K13Rik	1453884_at	NA	-0.286990972375964	0	NA	-0.292667223580768	0
ENSMUSG00000045815	1700101I19Rik	1433425_at	NA	-0.510704015771535	-0.1	NA	-0.992650997255414	-0.1
ENSMUSG00000045822	Zswim3	1428313_at	NA	1.3877224567336	0.2	NA	0.733865810716942	0.1
ENSMUSG00000045827	Serpinb9	1439790_at	NA	0.0323573876554488	0	NA	-2.62556520196074	-0.2
ENSMUSG00000045871	Slitrk6	1437231_at	NA	-1.02150005153964	-0.1	NA	-1.95000278828598	-0.1
ENSMUSG00000045875	Adra1a	1459351_at	NA	-0.128981290033662	0	NA	-0.541349486675464	0
ENSMUSG00000045877	4933415A04Rik	1453532_at	NA	0.463228144733465	0.1	NA	1.7590421616904	0.2
ENSMUSG00000045896	Paip2b	1457567_at	NA	-0.026660210269258	0	NA	-1.35705151457367	-0.1
ENSMUSG00000045903	Npas4	1459372_at	NA	-1.11104597184994	-0.1	NA	0.0587418998318343	0
ENSMUSG00000045912	C2cd4c	1443344_at	NA	1.10136879101703	0.2	NA	-0.392274808712831	0
ENSMUSG00000045928	4933440M02Rik	1430924_at	0.72402015698849	0.454469935880502	0.1	NA	-1.01217009105491	-0.1
ENSMUSG00000045934	Mtmr11	1460550_at	NA	2.83074144234693	0.4	0.0154460083453342	3.93294841832107	0.5
ENSMUSG00000045942	BC049762	1436433_at	NA	-0.0888682835964813	0	NA	-1.42483803032469	-0.1
ENSMUSG00000045954	Cavin2	1443832_s_at	0.164223975572185	2.1631631830472	0.5	0.0154460083453342	3.93226442026085	0.3
ENSMUSG00000045962	Wnk1	1437888_at	NA	-0.108879277623817	0	NA	-0.646216553350522	-0.1
ENSMUSG00000045967	Gpr158	1459430_at	NA	1.67866845677821	0.2	NA	-1.02023531798532	-0.1
ENSMUSG00000045968	Teddm2	1444658_at	NA	1.55617355664272	0.2	0.108246544443939	-2.23696588709323	-0.2
ENSMUSG00000045973	Slc25a51	1442406_at	NA	-0.429823893837357	-0.1	NA	0.350616033833806	0
ENSMUSG00000045975	C2cd2	1430544_at	NA	1.16556946036504	0.2	NA	-1.6329096335144	-0.1
ENSMUSG00000045980	Tmem104	1439039_at	NA	-0.00733598694623343	0	NA	1.73080772920495	0.1
ENSMUSG00000045983	Eif4g1	1457150_at	NA	-1.76725703208835	-0.2	NA	-0.170996428564137	0
ENSMUSG00000045989	4930451I11Rik	1441086_at	NA	0.779095615374848	0.1	NA	-1.77902318669051	-0.1
ENSMUSG00000045991	Onecut2	1440005_at	NA	-0.706224588619738	-0.1	0.203536513931421	1.69902551477001	0.2
ENSMUSG00000045994	B3gat1	1454821_at	NA	0.285815155774379	0	NA	0.0124401449252126	0
ENSMUSG00000046000	Naa11	1458895_at	0.216852569612975	-1.90099078751791	-0.4	NA	-1.93730469168598	-0.2
ENSMUSG00000046020	Pofut1	1443881_at	0.176489539896316	2.09855898387884	0.5	0.196405602590161	1.73263371358869	0.2
ENSMUSG00000046031	Calhm6	1436576_at	NA	-0.825307328046294	-0.1	NA	-1.15874376835586	-0.1
ENSMUSG00000046049	Rp1l1	1457622_at	NA	-1.01855962823447	-0.1	NA	-0.6705238241737	-0.1
ENSMUSG00000046056	Sbsn	1459898_at	NA	-0.213203013912597	0	NA	-0.95802820739897	-0.1
ENSMUSG00000046058	Eid2	1454931_at	NA	0.408582792045461	0	NA	2.81884123714005	0.2
ENSMUSG00000046079	Lrrc8d	1433505_a_at	0.0423169882690153	-3.5984201846138	-0.8	NA	-3.180136981576	-0.2
ENSMUSG00000046082	Tmem174	1453031_at	NA	1.34042978453566	0.2	NA	-2.14146930681822	-0.2
ENSMUSG00000046093	Hpcal4	1433987_at	NA	-0.964466437826128	-0.2	NA	-0.98566769275141	-0.1
ENSMUSG00000046096	Mosmo	1434075_at	0.153685988304405	2.24133068058989	0.7	0.0115122555872297	4.21095707016894	0.5
ENSMUSG00000046111	Cep295	1436652_at	NA	0.505985553348499	0.1	NA	1.0673163429002	0.1
ENSMUSG00000046119	1110008E08Rik	1454258_at	NA	-0.75538102224201	-0.1	NA	-0.32997907484263	0
ENSMUSG00000046133	C130073F10Rik	1443945_at	NA	-0.382233533122159	0	0.0276789144174079	-3.38559607272132	-0.4
ENSMUSG00000046139	Patl1	1433697_at	NA	1.30786919334667	0.2	0.139404368707223	2.01411359334742	0.2
ENSMUSG00000046145	1700018M17Rik	1430844_at	NA	0.431519351651042	0.1	NA	0.241513380032565	0
ENSMUSG00000046152	Fut10	1454924_at	NA	0.731558119404543	0.1	NA	-0.37174594546223	0
ENSMUSG00000046169	Adamts6	1437506_at	NA	-1.17629984775952	-0.1	NA	0.429764044355418	0
ENSMUSG00000046173	Pabpc6	1428807_at	NA	1.15449157865249	0.2	NA	0.381767821823649	0
ENSMUSG00000046178	Nxph1	1436718_at	NA	-0.288307668843972	0	NA	-0.135485373500262	0
ENSMUSG00000046179	E2f8	1444319_at	NA	-1.30625234536217	-0.2	NA	1.56812169654208	0.1
ENSMUSG00000046182	Gsg1l	1436013_at	NA	-0.803872664861907	-0.1	0.0279461455978496	-3.37729135187784	-0.3
ENSMUSG00000046186	Cd109	1436346_at	0.0632125319447845	3.14649248592079	0.5	NA	0.865581504963286	0.1
ENSMUSG00000046192	Iqub	1436831_at	NA	1.647923228885	0.2	NA	1.07519886048565	0.1
ENSMUSG00000046204	Pnma2	1437018_at	NA	-0.888416486608378	-0.1	NA	-0.824747921043603	-0.1
ENSMUSG00000046207	Pik3r6	1443816_s_at	NA	1.54391358189705	0.2	NA	-1.28572662520049	-0.1
ENSMUSG00000046213	Cym	1457271_at	NA	0.186560210889715	0	NA	-0.780949472844652	-0.1
ENSMUSG00000046215	Rprml	1436408_at	0.463733096749824	-0.992045039364716	-0.3	NA	0.19034157900341	0
ENSMUSG00000046230	Vps13a	1431327_at	NA	-0.984836797289338	-0.1	NA	-0.988559896140422	-0.1
ENSMUSG00000046240	Hepacam	1429023_at	NA	-1.27441087422592	-0.2	NA	0.83310907404636	0.1
ENSMUSG00000046242	Nme9	1430852_at	NA	-1.40902532576263	-0.2	NA	-0.579992038670938	0
ENSMUSG00000046248	Krtap5-3	1454191_at	NA	-0.15706568995373	0	NA	-0.241976911208593	0
ENSMUSG00000046262	C87977	1456558_s_at	NA	-0.377453185031618	-0.1	NA	-0.760068089557777	-0.1
ENSMUSG00000046269	Usp27x	1436004_at	0.231814274283026	1.83905329962343	0.4	0.152159219403342	1.93996613614492	0.3
ENSMUSG00000046275	Trarg1	1441096_at	0.342074506705067	-1.38257032355247	-0.3	NA	1.39468104075371	0.1
ENSMUSG00000046280	She	1438227_at	NA	-0.844658286994061	-0.1	NA	0.418056280941496	0
ENSMUSG00000046287	Pnma3	1456829_at	NA	0.984077169902095	0.1	NA	-0.621373115689598	0
ENSMUSG00000046295	Ankle1	1443978_at	NA	2.34133972332613	0.3	NA	1.2588573577748	0.1
ENSMUSG00000046314	Stxbp6	1435396_at	0.353531880215482	1.34078031552958	0.3	NA	-1.29877374235318	-0.1
ENSMUSG00000046318	Ccbe1	1445127_at	NA	1.6718376962903	0.2	NA	-1.40674826891613	-0.1
ENSMUSG00000046321	Hs3st2	1454784_at	NA	1.15759685391914	0.2	NA	-0.420158329495841	0
ENSMUSG00000046324	Ermp1	1446228_at	NA	-0.351320972314326	0	NA	-0.729711738874505	-0.1
ENSMUSG00000046337	Fam178b	1444648_at	NA	-0.316829541872516	0	NA	-0.0235275638066177	0
ENSMUSG00000046338	Gpat2	1456208_at	0.406764179305625	-1.15334858627521	-0.3	0.0103878139216534	-4.29606829386329	-0.3
ENSMUSG00000046345	Smco1	1432107_at	0.403786579341333	1.16568894149318	0.5	NA	-1.85472216420419	-0.1
ENSMUSG00000046351	Zfp322a	1439035_at	0.035434633649892	3.75949614785545	0.6	NA	1.21274729214859	0.1
ENSMUSG00000046367	Mgat4e	1430094_at	NA	-0.46912486070841	-0.1	NA	0.849511299156296	0.1
ENSMUSG00000046378	Asphd1	1456837_at	NA	-0.404490104114038	0	NA	-1.08467830388276	-0.1
ENSMUSG00000046404	Yod1	1460624_at	NA	1.7645938372305	0.3	0.733761218076639	-0.459852560074987	-0.1
ENSMUSG00000046408	1700067K01Rik	1454124_at	NA	-0.847362193133273	-0.1	NA	-1.1788091196427	-0.1
ENSMUSG00000046410	Kcnk6	1435342_at	NA	0.250009613894977	0	NA	-0.191728821126869	0
ENSMUSG00000046417	Lrrc75a	1436195_at	NA	0.53165354560381	0.1	NA	-1.55132499173493	-0.2
ENSMUSG00000046442	Ppm1e	1434990_at	NA	-1.05531463279925	-0.1	NA	0.866642379355004	0.1
ENSMUSG00000046447	Camk2n1	1440455_at	NA	-0.494094617109947	-0.1	NA	0.247892254572256	0
ENSMUSG00000046449	Nexmif	1440910_at	NA	0.426018047960735	0.1	NA	-0.485600573725336	0
ENSMUSG00000046480	Scn4b	1434008_at	NA	-0.6742674121788	-0.1	NA	-1.23148845266955	-0.1
ENSMUSG00000046487	Mospd4	1429952_at	NA	-1.28701137274786	-0.1	NA	1.34812363263315	0.1
ENSMUSG00000046490	Rnf222	1437407_at	NA	1.30189865957279	0.2	NA	-1.28032822779215	-0.1
ENSMUSG00000046491	C1qtnf2	1431079_at	NA	-2.46040697490084	-0.4	NA	0.502987756275113	0
ENSMUSG00000046500	Tafa4	1435610_at	NA	1.55723932311314	0.3	NA	2.19981711927463	0.2
ENSMUSG00000046523	Kctd4	1441801_at	NA	0.0803645837792863	0	NA	-0.75160032984087	-0.1
ENSMUSG00000046532	Ar	1437064_at	NA	0.151488923308292	0	NA	-2.10066044597179	-0.2
ENSMUSG00000046541	Zfp526	1443585_at	NA	1.37959994873665	0.1	NA	-0.737243898800575	-0.1
ENSMUSG00000046550	Spin2c	1455297_at	NA	-0.856370106073914	-0.1	0.279945682520903	1.41822942418487	0.2
ENSMUSG00000046556	Zfp319	1436284_s_at	NA	2.11560122586269	0.2	NA	0.938887105751546	0.1
ENSMUSG00000046561	Arsj	1457827_at	0.0938748820399458	2.73164987695203	0.7	0.00141095778282383	6.36455466886309	0.7
ENSMUSG00000046567	4930430F08Rik	1433978_at	NA	0.344684020602444	0.1	NA	2.64601144635972	0.2
ENSMUSG00000046573	Lyrm4	1455588_at	NA	-1.67797303135076	-0.2	0.0250447892217944	3.48987853217646	0.3
ENSMUSG00000046589	Lrrc8e	1438445_at	NA	2.60781373344138	0.4	NA	-0.718455299784371	-0.1
ENSMUSG00000046591	Ticrr	1439723_at	NA	-1.01248160413775	-0.2	NA	0.347946416381824	0
ENSMUSG00000046593	Tmem215	1444280_at	NA	2.43910125816771	0.2	NA	-1.24674582639984	-0.1
ENSMUSG00000046603	Tcaim	1455118_at	NA	-0.381338598685055	-0.1	NA	1.52999575306996	0.1
ENSMUSG00000046607	Hrk	1439854_at	NA	0.193316909791021	0	NA	-1.46571215090686	-0.1
ENSMUSG00000046613	Vwa5b2	1443369_at	NA	-1.62335305528725	-0.2	NA	0.13316397087118	0
ENSMUSG00000046618	Olfml2a	1455743_at	NA	0.890217597038579	0.1	NA	-0.0347629957882525	0
ENSMUSG00000046634	Pkd1l1	1443072_at	NA	-1.0691253934833	-0.1	0.104208874626464	-2.26981657189053	-0.3
ENSMUSG00000046637	Ttc34	1446123_at	NA	0.972112731790046	0.1	NA	-1.64040855840213	-0.1
ENSMUSG00000046658	Zfp316	1444528_at	NA	0.922070020964808	0.1	NA	-0.54341093738018	0
ENSMUSG00000046667	Rbm12b1	1435158_at	NA	1.5083152809788	0.2	NA	-2.4191697241197	-0.2
ENSMUSG00000046683	0610025J13Rik	1432532_at	NA	0.411468462336576	0.1	NA	-0.848245309267975	-0.1
ENSMUSG00000046694	Tent5b	1433877_at	NA	0.900284322757811	0.1	0.00670069479878281	-4.7004770523844	-0.3
ENSMUSG00000046699	Slitrk4	1440516_at	0.554580470303481	-0.770486282161647	-0.2	NA	1.23955468706333	0.1
ENSMUSG00000046709	Mapk10	1458513_at	NA	0.17653896503266	0	NA	0.0616686221143413	0
ENSMUSG00000046733	Gprc5a	1437486_at	NA	-0.249680846165321	0	0.0835982746248705	-2.46198532045517	-0.3
ENSMUSG00000046743	Fat4	1460574_at	0.0228795694850316	4.27604680270532	0.7	0.000487789179881685	7.67099484207405	1
ENSMUSG00000046748	Tmem45a2	1430466_at	NA	0.326009294697082	0	NA	0.983327394903403	0.1
ENSMUSG00000046753	Ccdc66	1443920_at	NA	-1.14299423567595	-0.1	NA	0.104295838454114	0
ENSMUSG00000046755	Kif2b	1429333_at	NA	-0.159996060076142	0	NA	-0.457597945326109	0
ENSMUSG00000046764	A530053G22Rik	1442294_at	NA	-0.934906965536419	-0.1	NA	0.434177435257296	0
ENSMUSG00000046782	Ttc6	1431730_at	NA	-1.07563374506336	-0.1	NA	-0.136046739649615	0
ENSMUSG00000046785	Epm2aip1	1434105_at	0.0853414934276266	2.84072922909114	0.5	0.0201598226601823	3.67752899251358	0.4
ENSMUSG00000046792	Zfp787	1447949_at	NA	1.34447732284528	0.3	NA	-0.288041792025239	0
ENSMUSG00000046793	Gpr61	1436972_at	NA	0.27962876025137	0	NA	0.308237266269644	0
ENSMUSG00000046794	Ppp1r3b	1436590_at	NA	2.06848201095802	0.2	0.0473635921009963	2.91786890240931	0.3
ENSMUSG00000046798	Cldn12	1433781_a_at	NA	-0.6270649886556	-0.1	0.357010727252741	-1.19475585425592	-0.1
ENSMUSG00000046807	Lrrc75b	1456878_at	0.00988473327427136	5.38973791490124	1.3	0.00204670066669097	6.01686291707822	1
ENSMUSG00000046808	Atp10d	1436544_at	NA	2.10734454773981	0.3	NA	-0.474768038194235	0
ENSMUSG00000046814	Gchfr	1435750_at	0.0147192600442378	4.89209054824979	0.8	0.101901443816715	-2.29165536779695	-0.3
ENSMUSG00000046818	Ddit4l	1444139_at	0.010557911841172	5.3072778588553	0.9	0.0777505305492708	2.51687001922372	0.2
ENSMUSG00000046826	Fam187b	1453057_at	NA	1.23261527523218	0.1	NA	-0.691353373393026	-0.1
ENSMUSG00000046828	Mettl21e	1458635_at	NA	-0.0358268225787687	0	NA	-0.302361984659137	0
ENSMUSG00000046844	Vat1l	1433551_at	NA	-0.187542840850394	0	NA	-0.574974391550687	0
ENSMUSG00000046856	Gpr1	1460123_at	NA	0.329463928361623	0	NA	-2.12760345645289	-0.2
ENSMUSG00000046861	Hectd3	1434293_at	NA	1.87434762836678	0.3	NA	-0.617410909391179	-0.1
ENSMUSG00000046862	Pramef8	1434567_at	NA	1.09438803529614	0.2	NA	3.05765440994425	0.2
ENSMUSG00000046873	Mbtps2	1436883_at	0.923441179574462	0.133780642603254	0	0.255576206053766	1.49588943495091	0.2
ENSMUSG00000046876	Atxn1	1438294_at	0.147223741235239	2.2856903865327	0.4	NA	1.18573273667195	0.1
ENSMUSG00000046916	Myct1	1438048_at	NA	0.102963670924298	0	NA	-1.38075188092435	-0.1
ENSMUSG00000046922	Gpr6	1440148_at	NA	-0.858750497262389	-0.1	NA	-0.953333264447814	-0.1
ENSMUSG00000046949	Nqo2	1455590_at	NA	1.21577415720716	0.2	NA	1.68814770104923	0.1
ENSMUSG00000046959	Slc26a1	1458327_x_at	NA	-1.51843896472529	-0.2	NA	-0.208409070445933	0
ENSMUSG00000046962	Zbtb21	1441973_at	NA	0.0124428214107134	0	NA	1.18861710799661	0.1
ENSMUSG00000046985	Tapt1	1454730_at	NA	-0.0581146175846007	0	0.0175402979342006	3.81012647807732	0.4
ENSMUSG00000046991	Wdr27	1445813_at	NA	0.476561794741145	0.1	NA	0.215101237425654	0
ENSMUSG00000046994	Mars2	1436777_at	NA	-0.0951705965055253	0	NA	1.26459140377394	0.1
ENSMUSG00000046995	2610303G11Rik	1431674_at	NA	-1.78546734944421	-0.2	NA	-0.940220161939579	-0.1
ENSMUSG00000046999	1110032F04Rik	1456509_at	NA	-0.199157061471142	0	NA	1.58319197265235	0.1
ENSMUSG00000047003	Zfp41	1454927_at	0.116321945586316	2.51135368772988	0.5	NA	-0.295248296210565	0
ENSMUSG00000047013	Fbxo41	1440376_at	NA	0.0612244021227928	0	NA	-0.739756896319391	-0.1
ENSMUSG00000047021	Cfap65	1434983_at	NA	0.344840895891213	0	NA	-1.27585210698117	-0.1
ENSMUSG00000047022	Mipol1	1435671_at	NA	-0.317625895157804	0	NA	-2.23167930087376	-0.2
ENSMUSG00000047030	Spata2	1434107_at	NA	-0.993563516834143	-0.2	0.28071592102436	1.41507421839335	0.2
ENSMUSG00000047033	Pcdhb15	1443421_s_at	NA	-0.794557534635267	-0.1	0.0443135621482702	2.97325547457317	0.3
ENSMUSG00000047036	Zfp445	1454774_at	0.246561780021591	1.76438060713702	0.6	0.367349143402626	1.17065451251677	0.2
ENSMUSG00000047037	Nipa1	1434864_at	0.138268550792902	2.34827702637513	0.5	0.00939208592446746	4.37133372999899	0.4
ENSMUSG00000047040	Prr15l	1433870_at	NA	0.410037590648505	0	NA	-1.89054714106328	-0.1
ENSMUSG00000047045	Tmem164	1454741_s_at	0.00561075622374505	6.55465197248817	0.9	NA	0.686555368563351	0.1
ENSMUSG00000047046	1700031F10Rik	1432551_at	NA	-0.478165843231563	-0.1	NA	-1.5734136429186	-0.1
ENSMUSG00000047067	Dusp28	1429613_at	0.3096350076823	-1.47850788169828	-0.4	NA	-2.16426980548336	-0.2
ENSMUSG00000047085	Lrrc4b	1437183_at	NA	0.364447526855254	0.1	NA	-0.768521155972059	-0.1
ENSMUSG00000047090	Tmem198b	1433821_at	NA	1.97043310014961	0.3	NA	-1.30213185681866	-0.1
ENSMUSG00000047098	Rnf31	1455051_at	NA	-0.54710108331914	-0.1	NA	-0.702020913479824	-0.1
ENSMUSG00000047115	Fam221a	1434428_at	NA	-0.387389770232309	0	0.187086848571356	1.76848273789107	0.2
ENSMUSG00000047123	Ticam1	1454676_s_at	NA	3.06729484445605	0.4	NA	1.55481197260518	0.1
ENSMUSG00000047126	Cltc	1439094_at	NA	0.32795810073303	0	NA	-0.0768990119716267	0
ENSMUSG00000047129	1700113H08Rik	1429674_at	0.63244515702433	-0.612217449080917	-0.2	NA	0.612811775251769	0.1
ENSMUSG00000047143	Dmrta2	1441107_at	NA	3.26238668478013	0.4	0.437120641406696	1.01784359235608	0.1
ENSMUSG00000047146	Tet1	1429448_s_at	NA	0.433035907988592	0.1	NA	0.576999837282905	0
ENSMUSG00000047153	Khnyn	1439038_at	NA	0.767074477125396	0.1	NA	1.53108521745861	0.1
ENSMUSG00000047155	Cyp4x1	1441662_at	NA	1.33182353935064	0.2	0.233470265754618	-1.57768636727702	-0.2
ENSMUSG00000047161	Chst9	1431897_at	NA	0.427253619283508	0.1	NA	0.756105389856967	0.1
ENSMUSG00000047180	Neurl3	1444003_at	NA	-1.05468458204017	-0.2	NA	-2.86174376186103	-0.2
ENSMUSG00000047181	Samd14	1454630_at	0.00889304978086934	5.56028375795047	0.6	0.973296151458589	0.0524208589855526	0
ENSMUSG00000047193	Dync2h1	1429250_at	NA	0.274654891988995	0	NA	0.0652379809635652	0
ENSMUSG00000047205	Dusp18	1437866_at	NA	1.05045017646698	0.1	NA	-0.664976853272975	-0.1
ENSMUSG00000047216	Cdh19	1457373_at	NA	-0.0429117560796497	0	NA	0.984691553320717	0.1
ENSMUSG00000047221	Fam185a	1434266_at	NA	1.0398368945719	0.1	NA	1.05059023773709	0.1
ENSMUSG00000047227	Gm527	1439791_at	NA	1.33582719737372	0.2	NA	-1.97273082755079	-0.2
ENSMUSG00000047228	A2ml1	1436503_at	NA	1.37923039297102	0.2	NA	-0.736748673483041	-0.1
ENSMUSG00000047237	Fbxw21	1441569_at	NA	-0.513780166695706	-0.1	NA	-0.548695869240901	0
ENSMUSG00000047242	Taf9b	1434960_at	0.914189888728418	0.147289747163338	0.1	NA	-1.18795109141463	-0.1
ENSMUSG00000047246	H2bc6	1445565_at	NA	-1.04404361398668	-0.1	NA	1.07095703231819	0.1
ENSMUSG00000047248	C2cd3	1459644_at	NA	1.2271398183616	0.1	NA	-0.928472666047362	-0.1
ENSMUSG00000047257	Prss45	1456452_at	NA	-1.61983742094988	-0.2	NA	0.0459356063437298	0
ENSMUSG00000047295	Smgc	1431727_at	NA	0.0458977976526452	0	NA	-1.3253423917651	-0.1
ENSMUSG00000047298	Kcnv2	1440537_at	NA	0.997707966389977	0.1	0.346764241472463	-1.21909843044322	-0.1
ENSMUSG00000047324	4931429P17Rik	1431876_at	NA	-0.37854443236395	-0.1	0.0567839929072479	-2.77061876350366	-0.3
ENSMUSG00000047342	Zfp286	1446195_at	NA	-0.11577461986451	0	NA	-2.2456645718371	-0.2
ENSMUSG00000047344	Lancl3	1437268_at	NA	0.898332220974507	0.1	NA	-0.305615877925437	0
ENSMUSG00000047352	Olfr976	1443936_at	NA	-1.29314421177582	-0.2	NA	0.073305821626384	0
ENSMUSG00000047363	Cstad	1430168_at	NA	-0.106776586307524	0	0.222877845419915	1.61846544303081	0.2
ENSMUSG00000047368	Abhd17b	1454724_x_at	0.799250101419016	-0.337478215580846	-0.1	NA	0.3274784507834	0
ENSMUSG00000047388	Atmin	1434381_at	NA	-0.337659207377603	0	NA	0.407120109053235	0
ENSMUSG00000047394	Odf3b	1443670_at	NA	0.220602925473329	0	NA	0.275739041336934	0
ENSMUSG00000047412	Zbtb44	1435397_at	0.465684989507649	-0.98727114355311	-0.3	0.905434000822705	0.169521504307037	0
ENSMUSG00000047414	Flrt2	1438702_at	NA	1.23576181415336	0.2	NA	1.5631503433815	0.1
ENSMUSG00000047415	Gpr68	1455000_at	NA	1.32551813199987	0.1	NA	1.01194279078353	0.1
ENSMUSG00000047417	Rexo1	1429489_at	NA	1.13284443935097	0.1	NA	-0.918079472217867	-0.1
ENSMUSG00000047434	Xxylt1	1437017_at	NA	1.35156642935531	0.2	0.121244241908954	2.14043092912783	0.2
ENSMUSG00000047446	Arl4a	1435092_at	NA	0.447092705587935	0	NA	-0.830284795533227	-0.1
ENSMUSG00000047466	8030462N17Rik	1436446_at	0.5950576928948	-0.68821765725416	-0.2	0.663425326049631	0.585240577391851	0.1
ENSMUSG00000047473	Zfp30	1446313_at	NA	1.00694650369417	0.1	NA	0.27295803461149	0
ENSMUSG00000047495	Dlgap2	1432241_at	NA	-1.72157242784779	-0.2	NA	-1.77995758010444	-0.2
ENSMUSG00000047496	Rnf152	1439887_at	NA	-1.04223933081136	-0.1	NA	0.515160503825924	0
ENSMUSG00000047497	Adamts12	1439827_at	NA	-0.156919448952429	0	NA	-0.153947187014197	0
ENSMUSG00000047508	Mbd3l2	1459988_at	NA	0.78467728338147	0.1	NA	-0.0673409323520886	0
ENSMUSG00000047518	Slfnl1	1455838_at	NA	0.86675841759774	0.1	NA	-1.25043620945448	-0.1
ENSMUSG00000047528	Flacc1	1431882_at	NA	0.247327599162733	0	NA	-0.00484801182246983	0
ENSMUSG00000047534	Mis18bp1	1458374_at	NA	2.18925316183547	0.3	NA	1.13029735509946	0.1
ENSMUSG00000047539	Fbxo28	1437348_at	NA	-0.540586840853844	-0.1	NA	0.47757332190477	0
ENSMUSG00000047547	Cltb	1456797_at	NA	-0.763497524800551	-0.1	NA	-1.54838301226425	-0.1
ENSMUSG00000047554	Tmem41b	1460122_at	NA	-0.104535762165094	0	NA	-0.41781247452982	0
ENSMUSG00000047583	Tyw3	1435728_at	NA	2.21048485632645	0.3	NA	-0.893050316369414	-0.1
ENSMUSG00000047586	Nccrp1	1460124_at	NA	-0.322465133273775	0	NA	1.91479216890025	0.2
ENSMUSG00000047603	Zfp235	1429988_at	NA	-0.850285941470228	-0.1	NA	0.931970193050569	0.1
ENSMUSG00000047606	Ankrd34c	1457490_at	NA	-0.555736253441295	-0.1	0.0326033326228335	-3.23452244032733	-0.3
ENSMUSG00000047617	Paxx	1455596_a_at	NA	-0.805064423055945	-0.1	0.0228396042015039	3.57820584904103	0.3
ENSMUSG00000047619	Ddi1	1429480_at	NA	1.34804853698106	0.2	NA	-0.166671008575675	0
ENSMUSG00000047632	Fgfbp3	1453006_at	NA	-0.84968496512731	-0.1	NA	0.419057121381293	0
ENSMUSG00000047635	2810006K23Rik	1458837_at	NA	-0.867005423990966	-0.1	NA	-0.860097276209755	-0.1
ENSMUSG00000047648	Fbxo30	1453137_at	NA	0.129541335660261	0	NA	0.286567293598955	0
ENSMUSG00000047649	Cd3eap	1430138_at	NA	-2.70600178179669	-0.4	NA	-1.62871102372765	-0.2
ENSMUSG00000047661	1600012P17Rik	1453075_at	NA	-0.745290582833362	-0.1	NA	0.265736014561734	0
ENSMUSG00000047686	Rtl3	1437355_at	0.00561075622374505	6.5608063409748	1.6	0.0107573467905734	4.26236905328797	0.3
ENSMUSG00000047692	4930533K18Rik	1432172_at	0.443198513569087	-1.05364113615597	-0.3	NA	0.208473118694708	0
ENSMUSG00000047694	Yipf6	1430024_at	NA	2.25185024575433	0.4	0.00378849098946703	5.24729862153166	0.5
ENSMUSG00000047710	Champ1	1454679_at	NA	0.340963138114672	0.1	NA	-0.832749390015056	-0.1
ENSMUSG00000047712	Ust	1437293_x_at	NA	-0.863964715050494	-0.1	NA	0.940833351790914	0.1
ENSMUSG00000047714	Ppp1r2	1456830_at	NA	0.539789885096793	0.1	NA	-0.460272215193049	0
ENSMUSG00000047735	Samd9l	1460603_at	0.194731888194142	2.00218002842772	0.4	NA	-0.572045553238443	-0.1
ENSMUSG00000047747	Rnf150	1429097_at	0.0708627556080861	3.03181813961155	0.8	0.332484898385952	1.25647709734198	0.2
ENSMUSG00000047749	Zc3hav1l	1456756_at	0.139097719102817	2.33830449781163	0.6	NA	-0.696076431846532	-0.1
ENSMUSG00000047757	Fancb	1437780_at	NA	-0.0177831280187224	0	NA	0.75737643232817	0.1
ENSMUSG00000047766	Lrrc49	1447954_at	NA	-0.553550499018677	-0.1	0.163134601219947	1.88675080821657	0.2
ENSMUSG00000047767	Atg16l2	1429396_at	NA	1.21970527152191	0.2	0.068304928483621	2.61351603127702	0.2
ENSMUSG00000047773	Ankfn1	1432803_at	NA	1.09407124711289	0.1	NA	2.0211134770201	0.2
ENSMUSG00000047787	Flrt1	1460041_at	NA	2.28073607320998	0.3	NA	0.647450610232333	0.1
ENSMUSG00000047789	Slc38a9	1456338_at	NA	0.700405942787866	0.1	NA	-0.453811507843775	0
ENSMUSG00000047793	Sned1	1435603_at	NA	1.45622644130446	0.2	NA	2.34484400207988	0.2
ENSMUSG00000047799	Oog4	1456183_at	NA	0.545941340984568	0.1	NA	-1.70892042751213	-0.1
ENSMUSG00000047804	Akap10	1428482_at	NA	0.712537767244763	0.1	NA	0.981914146022274	0.1
ENSMUSG00000047810	Ccdc88b	1440245_at	NA	-1.34092646235488	-0.2	NA	0.161770128968773	0
ENSMUSG00000047841	Fndc11	1440382_at	0.273321367418448	-1.6359561874903	-0.4	NA	-1.9863424834163	-0.2
ENSMUSG00000047842	Diras2	1455436_at	NA	1.94581952689506	0.3	NA	0.0394035688305633	0
ENSMUSG00000047866	Lonp2	1442258_at	NA	0.552262615816623	0.1	NA	0.789761070929763	0.1
ENSMUSG00000047867	Gimap6	1456762_at	NA	1.29406963755939	0.2	NA	-1.08052724006663	-0.1
ENSMUSG00000047879	Usp14	1439201_at	0.355053956401797	1.33156806708328	0.3	NA	-0.713731340605976	-0.1
ENSMUSG00000047897	Ripply2	1447726_at	NA	0.939660712205821	0.1	NA	0.266603385110218	0
ENSMUSG00000047907	Tshz2	1435385_at	NA	-0.0159065072652496	0	0.40254666450942	-1.09191357856704	-0.1
ENSMUSG00000047909	Ankrd16	1428239_at	NA	0.592017108013254	0.1	0.0632455933178157	2.67858322336465	0.2
ENSMUSG00000047910	Pcdhb16	1441358_at	NA	0.452090714616625	0.1	NA	-0.105085796981988	0
ENSMUSG00000047921	Trappc9	1452745_at	NA	0.449023574568664	0.1	0.0424859781409883	3.01709912890437	0.3
ENSMUSG00000047996	Prrg1	1431484_at	NA	0.42769919501325	0.1	NA	-1.85281303476704	-0.2
ENSMUSG00000048000	Gigyf2	1439837_at	0.481292352997166	-0.946327744804533	-0.3	NA	0.0872806295868739	0
ENSMUSG00000048004	Tmem196	1456233_at	NA	0.748324166085239	0.1	NA	2.35177784863944	0.2
ENSMUSG00000048012	Zfp473	1457078_at	NA	1.22130352953163	0.1	NA	-0.940833808606131	-0.1
ENSMUSG00000048015	Neurod4	1436694_s_at	NA	0.450241874721365	0.1	NA	0.24510102734352	0
ENSMUSG00000048022	Tmem229a	1455963_at	NA	1.45895268128588	0.2	NA	0.845601722573995	0.1
ENSMUSG00000048027	Rgmb	1428429_at	NA	1.56516602142752	0.2	0.656928501722315	0.595516047107735	0.1
ENSMUSG00000048029	Eno4	1457694_at	NA	0.736214308734109	0.1	0.465326731530935	-0.957548534145159	-0.1
ENSMUSG00000048038	Ccdc187	1456987_at	NA	-0.0398317794230419	0	NA	-1.17988974774183	-0.1
ENSMUSG00000048039	Isg20l2	1433960_at	0.460449469474447	1.01028127609739	0.4	0.924552846776619	0.131819261424637	0
ENSMUSG00000048047	Zbtb33	1434022_at	0.538958569852157	0.81056724248889	0.3	0.626751858808305	-0.648877383548971	-0.1
ENSMUSG00000048058	Ldlrad3	1438666_at	0.635621931479336	-0.604808570291874	-0.1	0.0922416888752745	2.37780799301117	0.3
ENSMUSG00000048065	Cyb5r2	1459448_at	NA	0.0710623460221261	0	NA	-0.400284382575956	0
ENSMUSG00000048070	Pirt	1447493_at	NA	0.112310622249912	0	NA	-1.26623462139208	-0.1
ENSMUSG00000048077	H1f7	1430181_at	NA	-0.491273194087294	-0.1	NA	-0.634989548766048	-0.1
ENSMUSG00000048078	Tenm4	1434530_at	NA	-0.519811061767728	-0.1	NA	-0.834766246740389	-0.1
ENSMUSG00000048106	4632415L05Rik	1446072_at	NA	0.816182482005793	0.1	NA	0.609237552564042	0.1
ENSMUSG00000048108	Tmem72	1443959_at	NA	-0.244895327881205	0	NA	-0.413014521481892	0
ENSMUSG00000048118	Arid4a	1456420_at	NA	0.512113298170046	0.1	0.572683577145567	0.74812258487043	0.1
ENSMUSG00000048142	Nat8l	1435842_at	0.59673977799224	-0.684216003558913	-0.2	NA	-2.01337581438208	-0.2
ENSMUSG00000048148	Nwd1	1439894_at	NA	-1.72019265500259	-0.2	NA	-0.817038008662148	-0.1
ENSMUSG00000048154	Kmt2d	1435550_at	NA	2.3179567696503	0.3	0.06570977715505	2.65030606782791	0.4
ENSMUSG00000048155	H2bfm	1454199_at	NA	0.262128881330836	0	NA	-0.02014013670103	0
ENSMUSG00000048170	Mcmbp	1438254_at	NA	1.61758168167265	0.3	NA	0.344933668643404	0
ENSMUSG00000048174	Tmem81	1453302_at	NA	-0.0734934669431948	0	NA	0.63522704266714	0
ENSMUSG00000048186	Bend7	1439186_at	NA	0.209292074750753	0	NA	-1.35246864197151	-0.1
ENSMUSG00000048215	A630023P12Rik	1455370_at	NA	1.53767713966376	0.2	NA	-0.759597912121478	-0.1
ENSMUSG00000048218	Amigo2	1434601_at	NA	-0.0107460657387233	0	NA	-0.903068516355082	-0.1
ENSMUSG00000048232	Fbxo10	1436206_at	NA	3.18224656209834	0.4	NA	0.804538832881855	0.1
ENSMUSG00000048240	Gng7	1455190_at	NA	1.51777465856879	0.2	NA	1.72569763300782	0.2
ENSMUSG00000048249	Crebrf	1437114_at	NA	-0.086001906645953	0	NA	0.486030584999451	0.1
ENSMUSG00000048251	Bcl11b	1435227_at	NA	1.95121009576123	0.2	NA	-1.30485704418906	-0.1
ENSMUSG00000048264	Dip2c	1429064_at	NA	-0.34710204327813	-0.1	0.0119000217796699	4.17600451690756	0.5
ENSMUSG00000048271	Rbm33	1455430_at	0.274499652945154	1.62963351977529	0.3	NA	-3.03309757767172	-0.2
ENSMUSG00000048279	Sacs	1457775_at	NA	0.903333079319844	0.1	NA	-0.323473042552745	0
ENSMUSG00000048280	Zfp738	1453869_at	NA	0.666760148563081	0.1	0.290426479324107	-1.3815815320913	-0.1
ENSMUSG00000048281	Dleu7	1442180_at	NA	-1.00170912818629	-0.2	0.182785945105336	-1.78954359678802	-0.2
ENSMUSG00000048304	Slitrk3	1439250_at	NA	-0.728850811389535	-0.1	NA	1.47176476351522	0.1
ENSMUSG00000048310	Pskh1	1433522_at	NA	1.30472502872488	0.2	NA	1.07856304329544	0.1
ENSMUSG00000048327	Ckap2l	1435938_at	0.0299578982384902	3.95944660673231	0.6	NA	1.97368215936778	0.2
ENSMUSG00000048330	Ric3	1445553_at	NA	0.0146812928758548	0	NA	-1.8605407415671	-0.2
ENSMUSG00000048332	Lhfp	1433776_at	0.0191421257148696	4.49324375505754	0.9	0.000925064613000744	6.85135560761749	0.9
ENSMUSG00000048349	Pou4f1	1429667_at	NA	0.284423524273152	0	NA	0.711472063217911	0.1
ENSMUSG00000048351	Coa7	1440769_at	NA	-2.28103552017771	-0.3	NA	-0.473768706343484	0
ENSMUSG00000048371	Pdp2	1441285_at	NA	-0.390367279070163	0	NA	-1.90671007236446	-0.1
ENSMUSG00000048379	Socs4	1455142_at	0.461037646800537	1.00839510237289	0.3	NA	-0.486204260278376	0
ENSMUSG00000048385	Scrt1	1436084_at	NA	0.432305918579399	0	NA	-1.02963661367412	-0.1
ENSMUSG00000048388	Fam171b	1454965_at	NA	0.916502305733493	0.1	0.134442825195836	2.04800954958352	0.2
ENSMUSG00000048398	Gm5065	1446845_at	NA	-0.0533800469229737	0	NA	-1.159323216109	-0.1
ENSMUSG00000048399	Tprg	1430114_at	0.977030130893502	-0.0360601303421361	0	NA	-1.67418614538008	-0.1
ENSMUSG00000048400	Prss54	1429975_at	NA	2.16246577091841	0.3	NA	-0.920904328217096	-0.1
ENSMUSG00000048406	B330016D10Rik	1455492_at	NA	2.8944316634409	0.3	NA	-0.372134619521204	0
ENSMUSG00000048410	Zfp407	1459998_at	0.540577412353719	0.807066522664763	0.2	NA	-0.498111692407799	0
ENSMUSG00000048424	Ranbp3l	1443921_at	NA	1.95496351418245	0.2	NA	1.8998480415369	0.2
ENSMUSG00000048439	Nupl2	1456773_at	NA	-2.07010942346676	-0.2	NA	0.941764228453204	0.1
ENSMUSG00000048442	Smim5	1435378_at	0.0354033936451117	3.77587167414634	0.6	NA	-0.508680644995957	-0.1
ENSMUSG00000048445	Ccdc57	1429852_at	NA	-1.08745441722209	-0.1	NA	1.2699382729536	0.1
ENSMUSG00000048458	Inka2	1459051_at	NA	0.448448916193823	0.1	NA	-0.896459369084339	-0.1
ENSMUSG00000048478	Spata33	1435365_at	NA	-2.72607265978323	-0.3	0.369538583350931	1.16386901298203	0.1
ENSMUSG00000048483	Zdhhc22	1459723_at	NA	0.176891952706722	0	NA	0.851990411548619	0.1
ENSMUSG00000048485	Zbtb8b	1455193_at	NA	-0.120493750174256	0	NA	-1.497004760987	-0.1
ENSMUSG00000048486	Fitm2	1454935_at	NA	-1.73999677267216	-0.3	NA	-1.05039502735408	-0.1
ENSMUSG00000048489	Depp1	1433836_a_at	NA	0.713701683240159	0.1	NA	0.473489637431108	0
ENSMUSG00000048490	Nrip1	1454295_at	NA	0.652977205481672	0.1	NA	-0.186885742653142	0
ENSMUSG00000048503	Tmem136	1457701_at	NA	-1.13361195110007	-0.1	NA	-1.26812400909924	-0.1
ENSMUSG00000048520	Fbxl13	1445131_at	NA	-1.54323235262028	-0.2	NA	-1.32635657032841	-0.1
ENSMUSG00000048540	Nhlh2	1436888_at	NA	-0.802622503858105	-0.1	NA	-0.222482612221707	0
ENSMUSG00000048546	Tob2	1431776_at	NA	-1.49012883423328	-0.2	NA	0.235658092948043	0
ENSMUSG00000048562	Sp8	1440519_at	NA	0.218737602077027	0	NA	-1.33852677684221	-0.1
ENSMUSG00000048572	Tmem252	1437595_at	NA	0.225864597258742	0	NA	0.8286524952915	0.1
ENSMUSG00000048573	Cypt3	1456192_x_at	NA	0.810322332001877	0.2	0.00566449224148331	4.84218837858878	0.4
ENSMUSG00000048578	Mlec	1436509_at	NA	-0.381482412646672	-0.1	NA	2.94416733036516	0.2
ENSMUSG00000048581	E130311K13Rik	1439531_at	NA	-0.25851162337089	0	0.0387103428515392	3.08964481039544	0.3
ENSMUSG00000048582	Gja3	1439793_at	NA	2.92091773910097	0.3	0.108246544443939	2.23699423630134	0.2
ENSMUSG00000048602	Morc2b	1439222_at	NA	0.136799708632656	0	NA	-0.0284667859728783	0
ENSMUSG00000048603	Gm9828	1454001_at	NA	0.851761214693865	0.1	NA	-1.68857123772311	-0.1
ENSMUSG00000048621	Gm6377	1441887_x_at	NA	-0.374136931961448	-0.1	NA	-0.998466153291212	-0.1
ENSMUSG00000048628	4930542C16Rik	1432305_at	NA	0.827130081984784	0.1	NA	-1.82321224435336	-0.2
ENSMUSG00000048644	Ctxn1	1435083_at	0.0164800684718228	4.69812675395453	0.6	NA	-0.632518130437382	-0.1
ENSMUSG00000048647	Exd1	1445191_at	NA	0.800936099694603	0.1	NA	0.881951794638166	0.1
ENSMUSG00000048655	Ccdc169	1446645_at	NA	0.0363333031967883	0	NA	-0.737360315731922	-0.1
ENSMUSG00000048661	Lemd3	1435291_at	0.799250101419016	0.338127403007146	0.1	0.0847721281560572	2.45065085210137	0.3
ENSMUSG00000048696	Mex3d	1437627_at	NA	1.32076761071212	0.2	0.740846394432433	-0.446317092105623	-0.1
ENSMUSG00000048701	Ccdc6	1459159_a_at	NA	1.2770346213093	0.2	NA	-0.105702473453416	0
ENSMUSG00000048706	Lurap1l	1428384_at	0.0213845395928444	4.34003502041378	0.7	0.00389038663583148	5.19470799805135	0.6
ENSMUSG00000048720	Tbc1d12	1435675_at	NA	-0.510498345561391	-0.1	0.139232192126023	2.01573749803521	0.2
ENSMUSG00000048721	Fndc9	1436484_at	NA	-0.477797332642336	-0.1	NA	-0.817542185521945	-0.1
ENSMUSG00000048728	Zfp454	1456507_at	NA	-0.65090326660425	-0.1	NA	0.265112454236954	0
ENSMUSG00000048731	Ggnbp1	1431199_at	0.492699267766929	-0.917026588844179	-0.2	NA	-1.87619477939835	-0.1
ENSMUSG00000048747	E130114P18Rik	1435765_at	NA	0.197409696479639	0	NA	0.16685319862205	0
ENSMUSG00000048752	Prss50	1439739_at	NA	-0.621216721939391	-0.1	NA	0.190604252581365	0
ENSMUSG00000048756	Foxo3	1444226_at	NA	0.723047763948904	0.1	NA	-1.05620718804164	-0.1
ENSMUSG00000048763	Hoxb3	1456229_at	NA	0.0872629759797264	0	NA	0.209908649905988	0
ENSMUSG00000048766	Skint10	1456508_at	NA	0.720039586077078	0.1	NA	-0.658878972894512	-0.1
ENSMUSG00000048782	Insc	1453259_at	NA	1.05241178177617	0.1	NA	1.49992487552878	0.1
ENSMUSG00000048787	Dcun1d3	1437763_at	NA	-0.463606167051646	-0.1	NA	2.74276012510435	0.2
ENSMUSG00000048796	Cyb561d1	1431021_at	NA	1.64462591367077	0.2	NA	1.00503552955355	0.1
ENSMUSG00000048799	Cep120	1434023_at	0.5950576928948	-0.688102571144774	-0.2	0.215991118321013	1.64554403104049	0.2
ENSMUSG00000048807	Slc35e4	1439118_at	NA	0.226634106178079	0	NA	-1.1723917590328	-0.1
ENSMUSG00000048814	Lonrf2	1453672_at	NA	1.12402264431424	0.2	NA	-1.32078833669349	-0.1
ENSMUSG00000048826	Dact2	1443973_at	0.262376870008229	-1.68652049276351	-0.4	NA	-0.199861763072871	0
ENSMUSG00000048865	Arhgap30	1458429_at	NA	-0.655674814311967	-0.1	NA	0.553220552546615	0
ENSMUSG00000048874	Phf3	1428998_at	NA	0.63086518685796	0.1	NA	1.20993711230949	0.1
ENSMUSG00000048897	Zfp710	1435168_at	NA	1.36179666896552	0.2	NA	-1.00393528811971	-0.1
ENSMUSG00000048899	Rimkla	1455378_at	NA	-0.34971118080441	0	NA	0.0686654548661271	0
ENSMUSG00000048905	4930539E08Rik	1437918_at	NA	-1.14217087152609	-0.1	NA	-0.89904358613003	-0.1
ENSMUSG00000048911	Rnf24	1436101_at	0.00688808090689431	6.13379747854668	0.9	0.031565234084954	3.25812092956624	0.4
ENSMUSG00000048915	Efna5	1436866_at	0.0850627338106326	2.84473742284232	0.5	0.00295246274123518	5.6088670840996	0.6
ENSMUSG00000048920	Fkrp	1436812_at	NA	1.03318278003192	0.1	0.174556013626275	1.8304149626538	0.2
ENSMUSG00000048921	Zfp689	1453116_at	NA	-0.0148544464540297	0	NA	-0.0391542625795151	0
ENSMUSG00000048922	Cdca2	1455983_at	NA	3.03159206822991	0.4	NA	-1.47540241243661	-0.1
ENSMUSG00000048924	Ccdc125	1430835_at	NA	0.973129988816004	0.1	0.696473780114574	0.527116129172177	0.1
ENSMUSG00000048939	Atp13a5	1439172_at	NA	1.97314542978645	0.2	0.175798540803231	-1.82051105472356	-0.2
ENSMUSG00000048960	Prex2	1432047_at	NA	-0.169109222864046	0	NA	-0.513258073882106	0
ENSMUSG00000048965	Mrgpre	1438568_at	NA	1.50671461145224	0.2	0.0433076483057877	2.99144785836805	0.3
ENSMUSG00000048988	Elfn1	1442101_at	NA	-0.149451412075537	0	NA	-2.38442781935098	-0.2
ENSMUSG00000048994	H2al3	1431673_at	NA	0.862450277792398	0.1	NA	-2.80861804140587	-0.2
ENSMUSG00000048997	Atxn7l2	1455532_at	NA	0.63640353277976	0.1	NA	-1.29901018742674	-0.1
ENSMUSG00000049001	Ndnf	1460465_at	NA	-1.86008146158475	-0.2	NA	0.175787675702342	0
ENSMUSG00000049044	Rapgef4	1440274_at	NA	1.92187172741217	0.2	NA	-0.2475977418945	0
ENSMUSG00000049076	Acap2	1433561_at	0.10395624676187	2.63248008146781	0.8	0.568267572109988	0.756245936435113	0.1
ENSMUSG00000049092	Gpr137c	1435515_at	NA	-0.699640865918224	-0.1	NA	0.0238650086383337	0
ENSMUSG00000049097	Ankrd34a	1435809_at	NA	0.515726772154051	0.1	NA	-0.881092852874188	-0.1
ENSMUSG00000049100	Pcdh10	1444301_at	NA	-0.259767689535488	0	NA	0.771267639452271	0.1
ENSMUSG00000049103	Ccr2	1460067_at	NA	-0.802124912209262	-0.1	NA	-1.2638611465087	-0.1
ENSMUSG00000049106	Dcaf5	1455702_at	NA	-1.07743745327842	-0.1	NA	-0.524318659555133	0
ENSMUSG00000049107	Ntf3	1434802_s_at	NA	0.123381749376386	0	NA	0.259775413269814	0
ENSMUSG00000049109	Themis	1436423_at	NA	1.48662712056832	0.2	NA	-0.0906917107337614	0
ENSMUSG00000049112	Oxtr	1440888_at	NA	0.686337490436368	0.1	NA	1.00448101770207	0.1
ENSMUSG00000049115	Agtr1a	1436739_at	NA	1.00473765233936	0.1	NA	-1.07825200703009	-0.1
ENSMUSG00000049119	Fam110b	1437150_at	0.00506593087432127	7.16087882611372	1	0.155328806093385	1.92412332106032	0.3
ENSMUSG00000049122	Frmd3	1437075_at	NA	0.18288931926686	0	NA	0.599693750352271	0
ENSMUSG00000049123	Catsperg2	1431616_at	NA	-0.266425314112969	0	NA	-0.733573110331399	-0.1
ENSMUSG00000049128	Ivl	1439878_at	NA	-0.858311254862987	-0.1	NA	-2.12851553789321	-0.2
ENSMUSG00000049130	C5ar1	1439902_at	NA	-1.59790592354954	-0.2	0.957174384798719	0.0793308805639135	0
ENSMUSG00000049148	Plcxd3	1436821_at	NA	-0.0855228998259414	0	NA	0.246648131903041	0
ENSMUSG00000049154	Fam183b	1432556_a_at	NA	-1.94500229761161	-0.3	NA	1.2016150772354	0.1
ENSMUSG00000049160	Tex50	1431735_at	NA	1.10824784940805	0.1	NA	-1.14175239706726	-0.1
ENSMUSG00000049164	Zfp518a	1428629_at	NA	-0.336956742877455	-0.1	NA	-1.40620232438072	-0.1
ENSMUSG00000049173	Myoz3	1430738_at	0.368926841324502	-1.27764015896779	-0.4	0.914436561553114	0.151950596476584	0
ENSMUSG00000049191	Rtl5	1435419_at	NA	0.17654151792179	0	NA	0.724022294419377	0.1
ENSMUSG00000049202	4930515G13Rik	1432157_at	NA	0.676982056562095	0.1	NA	-0.466152259793104	0
ENSMUSG00000049225	Pdp1	1434228_at	0.582127995807112	0.714859186098951	0.2	0.127625933077943	2.08973107069927	0.2
ENSMUSG00000049232	Tigd2	1429194_at	0.391019558357966	1.20458912747866	0.3	0.00286156792274119	5.66444345976432	0.6
ENSMUSG00000049241	Hcar1	1438411_at	NA	-0.318497289052323	0	NA	-1.87186169135731	-0.1
ENSMUSG00000049252	Lrp1b	1457235_at	NA	-0.837909825527439	-0.1	NA	-0.648335743268806	-0.1
ENSMUSG00000049285	Mblac1	1457277_at	NA	-0.142416031811088	0	NA	1.85585212881918	0.2
ENSMUSG00000049287	Iba57	1435808_at	NA	-1.50643607869358	-0.2	NA	-0.958890486372104	-0.1
ENSMUSG00000049288	Lix1l	1436546_at	0.0202170458379908	4.41611770496336	0.8	0.00728622689578626	4.59572055795469	0.5
ENSMUSG00000049300	Prmt6	1434209_at	NA	0.659872841565309	0.1	0.720137089293165	0.484757877919772	0.1
ENSMUSG00000049307	Fut4	1455843_at	NA	1.45446576309	0.2	NA	-0.173162932083582	0
ENSMUSG00000049313	Sorl1	1453003_at	NA	-0.425641082284054	-0.1	NA	0.27697920783137	0
ENSMUSG00000049314	Fbxw13	1443298_at	NA	-0.036833196384124	0	NA	0.490846576639472	0
ENSMUSG00000049323	Smcr8	1429017_at	NA	1.16644043207275	0.2	0.116923541154751	2.17645993047321	0.2
ENSMUSG00000049327	Kmt5a	1441557_at	NA	0.76802068027194	0.1	NA	2.42929192313712	0.2
ENSMUSG00000049336	Tenm2	1457273_at	NA	-0.571952155686814	-0.1	0.937174665082049	-0.114657261736075	0
ENSMUSG00000049354	Dcaf7	1429151_at	NA	2.38289797239637	0.3	NA	1.28358573952889	0.1
ENSMUSG00000049387	Cox7b2	1429687_at	NA	0.513850622915616	0.1	NA	-1.28304071909778	-0.1
ENSMUSG00000049404	Rarres1	1438055_at	NA	-0.364895805575693	0	NA	-0.379700757545766	0
ENSMUSG00000049411	Tmem241	1459396_at	NA	0.545841925462372	0.1	NA	0.304729695033605	0
ENSMUSG00000049420	Tmem200a	1431116_at	NA	1.08754620495447	0.1	NA	-1.43271629475326	-0.1
ENSMUSG00000049436	Upk1b	1457065_at	NA	0.287962065233474	0	NA	-0.609357328038945	0
ENSMUSG00000049439	Cyp20a1	1435616_at	NA	0.677678610756559	0.1	0.443317376387241	1.00273861225944	0.1
ENSMUSG00000049476	1700104B16Rik	1453508_at	NA	1.35913860080248	0.2	NA	-0.364107217574647	0
ENSMUSG00000049482	Ctu2	1428350_at	NA	-0.533381535217446	-0.1	NA	-0.327666901901054	0
ENSMUSG00000049488	Tmem67	1453492_at	NA	-1.54165945183375	-0.1	NA	0.860799346577021	0.1
ENSMUSG00000049491	Slc36a3	1440102_at	NA	0.694003436643695	0.1	NA	-0.2333499059544	0
ENSMUSG00000049502	Dtx3l	1439825_at	0.256958601701174	1.71618713630957	0.3	NA	1.56586241798534	0.1
ENSMUSG00000049504	Proser1	1455524_at	NA	0.162062977901105	0	NA	-1.84265158319733	-0.2
ENSMUSG00000049511	Htr1b	1442077_at	NA	1.50096077004948	0.3	0.174716433614012	-1.82719014991405	-0.2
ENSMUSG00000049516	Spty2d1	1434885_at	NA	-0.944160256676418	-0.1	NA	-0.670593826493817	-0.1
ENSMUSG00000049526	Tmem202	1453341_a_at	NA	2.05175030200317	0.2	0.00329482098604355	5.45182951206537	0.4
ENSMUSG00000049537	Tecrl	1437482_at	NA	-0.600647924956519	-0.1	NA	-3.02050215242647	-0.2
ENSMUSG00000049538	Adamts16	1439604_at	NA	0.832610247613237	0.2	NA	1.021320403697	0.1
ENSMUSG00000049550	Clip1	1439800_at	NA	-1.45115032403761	-0.2	NA	1.27501041492662	0.1
ENSMUSG00000049555	Tmie	1443964_at	NA	-0.691203810142015	-0.1	NA	1.27283935589035	0.1
ENSMUSG00000049556	Lingo1	1437386_at	NA	-1.11046415364317	-0.2	NA	1.22128536841646	0.1
ENSMUSG00000049562	Ap5b1	1439156_at	NA	1.13601750444223	0.2	NA	-0.792825518845669	-0.1
ENSMUSG00000049565	Aknad1	1440249_at	NA	-0.502463159639088	-0.1	NA	0.772067172613016	0.1
ENSMUSG00000049571	Cfap46	1444417_at	NA	-0.733603652406424	-0.1	NA	-1.8042805397032	-0.1
ENSMUSG00000049583	Grm5	1443410_at	NA	0.449925840016245	0.1	NA	-1.81964460395883	-0.1
ENSMUSG00000049588	Ccdc69	1428206_at	NA	0.497046355943866	0.1	NA	-0.762070893261384	-0.1
ENSMUSG00000049598	Vsig8	1436671_at	NA	-1.04825277792685	-0.2	NA	-1.4501551951953	-0.1
ENSMUSG00000049600	Zbtb45	1456957_at	NA	0.0867507248894009	0	NA	0.356640230932033	0
ENSMUSG00000049606	Zfp644	1436985_at	0.936326130139278	-0.111159164491795	0	NA	-0.513571594484362	-0.1
ENSMUSG00000049624	Slc17a5	1429116_at	NA	0.907348211334481	0.1	0.00528585901493478	4.92620923488125	0.4
ENSMUSG00000049625	Tifab	1444546_at	NA	-0.319078668241207	0	NA	-1.7505892394245	-0.1
ENSMUSG00000049641	Vgll2	1436361_at	NA	2.26879987588919	0.2	NA	-0.868785532188699	-0.1
ENSMUSG00000049653	Spatc1	1429864_at	NA	-1.07333849422405	-0.1	NA	-0.625895073485778	0
ENSMUSG00000049658	Bdp1	1434284_at	0.526234618895915	0.839093346658079	0.2	NA	-1.42495353764812	-0.1
ENSMUSG00000049659	Aftph	1440914_s_at	NA	-0.196469426040693	0	NA	0.899349882468636	0.1
ENSMUSG00000049680	Urgcp	1433498_at	NA	1.01859983228024	0.1	NA	0.500544089548567	0
ENSMUSG00000049690	Nckap5	1444086_at	NA	2.8006610463386	0.3	NA	0.207102992649497	0
ENSMUSG00000049694	BC048671	1439378_at	NA	-0.0850664130491138	0	NA	-0.065305098120893	0
ENSMUSG00000049709	Nlrp10	1456211_at	NA	0.120149299812784	0	NA	-1.18358972521688	-0.1
ENSMUSG00000049717	Lig4	1439487_at	0.256958601701174	1.71539562199263	0.3	NA	-0.367743653592663	0
ENSMUSG00000049719	Prss46	1429646_at	NA	-0.353274317388885	-0.1	NA	0.420584801166352	0
ENSMUSG00000049728	Zfp668	1458563_at	NA	-0.83280133514224	-0.1	NA	0.0111512362329484	0
ENSMUSG00000049739	Zfp646	1459901_at	NA	-0.1654744299355	0	NA	0.64127974703198	0.1
ENSMUSG00000049740	5330417H12Rik	1432221_at	NA	0.676814999524513	0.1	NA	0.823464618734326	0.1
ENSMUSG00000049744	Arhgap15	1429881_at	NA	-0.406375073007375	0	NA	-1.3597678955823	-0.1
ENSMUSG00000049755	Zfp672	1441135_at	NA	-0.878237524269521	-0.1	NA	0.712663017274574	0.1
ENSMUSG00000049764	Zfp280b	1460564_at	NA	2.20824748617109	0.4	NA	0.712330667062745	0.1
ENSMUSG00000049791	Fzd4	1434756_at	0.0573382552949095	3.23196160068835	0.5	NA	2.19655004036247	0.2
ENSMUSG00000049796	Crh	1457984_at	NA	-0.388863303603041	0	NA	0.103942009486747	0
ENSMUSG00000049799	Lrrc19	1444019_at	NA	-1.06729394672142	-0.1	NA	0.0394380365272928	0
ENSMUSG00000049811	Fam161a	1443569_at	NA	1.07258515669456	0.2	NA	-0.473335744028969	0
ENSMUSG00000049866	Arl4c	1454788_at	NA	1.82695739533946	0.3	0.0957769811969974	-2.34594626147131	-0.2
ENSMUSG00000049871	Nlrc3	1446689_at	NA	-1.95553615559524	-0.3	NA	-1.26150918155655	-0.1
ENSMUSG00000049878	Rlf	1446057_at	NA	0.788709344261217	0.1	NA	0.0221592279904825	0
ENSMUSG00000049882	Vcpkmt	1455726_at	NA	0.562490192535714	0.1	0.0418131342872097	-3.02710340185192	-0.3
ENSMUSG00000049902	4921517D22Rik	1430254_at	NA	0.378062417923445	0	NA	0.174839087008505	0
ENSMUSG00000049904	Tmem17	1459997_s_at	NA	-0.523203320934124	-0.1	NA	2.2466918180218	0.2
ENSMUSG00000049929	Lpar4	1439665_at	0.0313316260630772	3.91198076987495	0.9	NA	1.03973200660738	0.1
ENSMUSG00000049939	Lrrc4	1435832_at	NA	-0.0518981505132442	0	NA	0.972914066708794	0.1
ENSMUSG00000049946	BC030500	1442032_at	NA	-0.961444485332355	-0.1	NA	-0.52199343857182	-0.1
ENSMUSG00000049985	Ankrd55	1432428_at	NA	-0.543430222208743	-0.1	NA	-1.35908826484754	-0.1
ENSMUSG00000049999	Ppp1r3d	1452922_at	NA	0.744175702180971	0.1	NA	-1.05194207362095	-0.1
ENSMUSG00000050002	Idnk	1439690_at	NA	-1.04649109338425	-0.1	NA	-0.754371254304038	-0.1
ENSMUSG00000050010	Shisa3	1460000_at	NA	-0.302775482285946	0	NA	-2.28525024676523	-0.2
ENSMUSG00000050017	Pitpnb	1454892_at	NA	0.758140616430023	0.1	NA	-0.438062390658974	0
ENSMUSG00000050022	Amz1	1455885_at	NA	1.8070389839942	0.2	NA	0.829109952216374	0.1
ENSMUSG00000050050	Ccdc158	1442273_at	NA	0.423802997384725	0	NA	0.829216598960627	0.1
ENSMUSG00000050064	Zfp697	1440999_at	0.026374133556866	-4.09461899405581	-0.6	NA	-1.38108718249906	-0.1
ENSMUSG00000050074	Spink8	1435999_at	NA	-0.351459615557251	0	NA	0.64710820690316	0
ENSMUSG00000050075	Gpr171	1438439_at	NA	-0.88838487757034	-0.1	0.351382280833572	-1.20874756509569	-0.1
ENSMUSG00000050087	Cby3	1432568_at	0.378776673146233	-1.24164216147598	-0.4	NA	-0.0545036683787888	0
ENSMUSG00000050097	Ces2b	1457619_at	NA	1.57811344120195	0.1	NA	0.234985101257227	0
ENSMUSG00000050103	Agmo	1434191_at	NA	1.21875221751519	0.2	0.285801655475785	1.39840982718972	0.2
ENSMUSG00000050105	Grrp1	1429843_at	NA	-1.26628540681523	-0.1	NA	-1.16122859566454	-0.1
ENSMUSG00000050106	Tmc8	1458372_at	NA	0.02619027805236	0	NA	-1.30807003837266	-0.1
ENSMUSG00000050108	Bpifc	1437232_at	NA	0.792550697253558	0.1	NA	0.394399015316636	0
ENSMUSG00000050114	Prdx6b	1437412_at	NA	-0.822198705285275	-0.1	NA	0.0760544850765515	0
ENSMUSG00000050121	Opalin	1435854_at	NA	-1.35336289413805	-0.2	NA	-0.912418587010217	-0.1
ENSMUSG00000050122	Vwa3b	1453250_at	NA	-0.781021955803622	-0.1	NA	0.398264852373819	0
ENSMUSG00000050132	Sarm1	1435466_at	NA	1.58871571466166	0.2	NA	-1.44026269790955	-0.1
ENSMUSG00000050138	Kcnk12	1441280_at	NA	-0.35583506047862	0	NA	-0.751317872680042	-0.1
ENSMUSG00000050150	Slc9b1	1455891_at	NA	0.275380049934173	0	NA	0.532181627813258	0
ENSMUSG00000050164	Mchr1	1454844_at	NA	-1.26098719313219	-0.1	NA	1.42585078376918	0.1
ENSMUSG00000050179	A930002I21Rik	1457911_at	NA	-0.678531377460492	-0.1	NA	1.4473398129373	0.1
ENSMUSG00000050192	Eif5a2	1438256_at	NA	1.27804590157369	0.2	NA	1.41212038108326	0.1
ENSMUSG00000050197	Rhox13	1443844_at	NA	-0.328348045977156	0	NA	0.204062113104596	0
ENSMUSG00000050199	Lgr4	1433891_at	0.130851839237929	2.39915416310675	0.5	0.00522393731595507	4.94790515936499	0.8
ENSMUSG00000050201	Otop2	1443043_at	NA	2.23563992510753	0.3	NA	-0.0215503367301624	0
ENSMUSG00000050211	Pla2g4e	1429862_at	NA	0.291416391405739	0	0.971379451621886	0.0570148904964033	0
ENSMUSG00000050212	Eva1b	1454933_at	0.0107338410147121	5.24966235757036	0.8	0.0209177576257998	3.64669844904412	0.4
ENSMUSG00000050229	Pigm	1440978_at	NA	-0.383098707297413	0	NA	-1.67863999221933	-0.1
ENSMUSG00000050240	Hic2	1454944_at	NA	-0.0200800204801426	0	NA	0.348642134638654	0
ENSMUSG00000050241	Klre1	1458642_at	NA	1.67870711863867	0.2	NA	0.237222179623315	0
ENSMUSG00000050248	Evc2	1429447_at	NA	0.259089155493511	0	NA	-0.300197686448354	0
ENSMUSG00000050271	Prag1	1442434_at	NA	-1.50041790954855	-0.3	0.00679870654541303	-4.67354812033411	-0.4
ENSMUSG00000050272	Dscam	1441082_at	NA	1.48664162921636	0.1	NA	-0.9029016307158	-0.1
ENSMUSG00000050276	Mrgprg	1445458_at	NA	-0.531837796255589	-0.1	NA	-0.0106253186603946	0
ENSMUSG00000050295	Foxc1	1432574_at	NA	1.10151374540446	0.1	NA	-0.784899891560023	-0.1
ENSMUSG00000050296	Abca12	1453970_at	NA	0.695064131432158	0.1	NA	-0.722172855283249	-0.1
ENSMUSG00000050310	Rictor	1435698_at	NA	1.59638523391909	0.3	NA	0.259140038552572	0
ENSMUSG00000050312	Nsun3	1444634_at	NA	-0.537699793980353	-0.1	NA	0.766850094249955	0.1
ENSMUSG00000050315	Synpo2	1452879_at	NA	-1.35507676150262	-0.2	0.000487789179881685	7.69964802154824	1.1
ENSMUSG00000050321	Neto1	1441815_at	NA	1.19727682064779	0.1	NA	-0.974438091107256	-0.1
ENSMUSG00000050323	Ndufaf6	1429213_at	NA	1.67458530822297	0.3	NA	0.336418893164667	0
ENSMUSG00000050332	Amer1	1453774_at	0.0212725331238687	4.35701191544111	0.6	NA	0.291004897271354	0
ENSMUSG00000050334	C130071C03Rik	1435179_at	NA	-1.33007945172572	-0.2	NA	0.489304309405663	0
ENSMUSG00000050350	Gpr18	1439141_at	NA	0.0796800781330204	0	NA	0.559331113117996	0.1
ENSMUSG00000050357	Carmil2	1439583_x_at	NA	1.21938835046657	0.1	NA	-0.13463046322538	0
ENSMUSG00000050373	Snx21	1453776_at	NA	2.21715307701854	0.3	NA	1.06077594413892	0.1
ENSMUSG00000050379	Sept6	1440939_at	NA	1.08732254819803	0.1	0.0651887646063552	-2.65628638427415	-0.3
ENSMUSG00000050382	Kif7	1439637_at	NA	3.37537674757323	0.4	NA	1.34460271880227	0.1
ENSMUSG00000050397	Foxl2	1456410_at	NA	0.0691399606717761	0	NA	-0.957703362760015	-0.1
ENSMUSG00000050423	Ppp1r3g	1428923_at	NA	-0.218506381208595	0	NA	-0.605752120937382	-0.1
ENSMUSG00000050424	Pnma5	1439207_at	NA	-0.457548725250227	0	NA	-3.15688357926943	-0.2
ENSMUSG00000050428	Fbxo46	1436601_at	NA	0.672581735883821	0.1	NA	0.046602114040928	0
ENSMUSG00000050447	Lypd6	1454969_at	0.0764526764510432	-2.95731877423554	-0.5	0.034455230568576	-3.19175655180809	-0.3
ENSMUSG00000050463	Krt78	1438849_at	NA	-1.15708671914111	-0.1	NA	-1.63392673021632	-0.1
ENSMUSG00000050468	Astl	1438136_at	NA	-0.866327485152525	-0.1	NA	-2.25265708889468	-0.2
ENSMUSG00000050530	Fam171a1	1438402_at	0.0558550694757981	3.26131738217824	0.5	NA	1.4407637475119	0.1
ENSMUSG00000050538	B230217C12Rik	1428568_at	NA	0.63450815481076	0.1	0.0632307164721115	2.68027195362029	0.3
ENSMUSG00000050545	Fam228b	1457617_at	NA	-0.225911502770105	0	NA	-1.49379209775617	-0.1
ENSMUSG00000050549	Fam241a	1429678_at	NA	-0.34811489569858	-0.1	0.390276234346675	1.1200186805114	0.1
ENSMUSG00000050555	Hyls1	1431315_at	NA	0.0105607331130475	0	NA	-0.0793971714278139	0
ENSMUSG00000050556	Kcnb1	1440838_at	NA	-0.812377995112643	-0.1	NA	-0.974459273875707	-0.1
ENSMUSG00000050558	Prokr2	1440564_at	NA	1.34864955628865	0.2	NA	-2.05111711393509	-0.2
ENSMUSG00000050587	Lrrc4c	1437201_at	NA	0.623738104939159	0.1	NA	-0.951631269786231	-0.1
ENSMUSG00000050592	Fam78a	1433657_at	0.209070083712126	-1.93693358022542	-0.4	NA	-1.2887998426273	-0.1
ENSMUSG00000050608	Micos10	1436001_at	NA	1.80487492987976	0.3	NA	1.40619287748956	0.1
ENSMUSG00000050612	Txndc2	1437266_at	NA	-0.604420285151243	-0.1	NA	-1.01345035224321	-0.1
ENSMUSG00000050627	Gpd1l	1438195_at	NA	-0.839673770747941	-0.1	NA	-1.39631587292141	-0.1
ENSMUSG00000050640	Tmem150c	1439975_at	NA	-0.903973429022198	-0.2	0.535250820879852	-0.818257212020524	-0.1
ENSMUSG00000050641	BC048562	1442430_at	NA	-0.270583647202508	0	NA	-0.263621713556822	0
ENSMUSG00000050645	Defb19	1456076_at	NA	-0.758790881407951	-0.1	NA	-1.87251240722194	-0.1
ENSMUSG00000050663	Trhde	1457156_at	NA	0.0269752103139754	0	NA	-1.76621501255099	-0.1
ENSMUSG00000050666	Vstm4	1455050_at	NA	-0.433892372702691	-0.1	0.289644684189467	-1.38529166687169	-0.2
ENSMUSG00000050668	Gpatch11	1431000_at	NA	0.934481432778078	0.1	NA	0.189774744608788	0
ENSMUSG00000050685	Ccdc54	1428965_at	NA	-2.1653574635177	-0.3	NA	1.14778799387902	0.1
ENSMUSG00000050697	Prkaa1	1437539_at	NA	1.16450992451092	0.2	0.488820388756181	-0.905633332853883	-0.1
ENSMUSG00000050704	2310061N02Rik	1431504_at	NA	0.866654053571167	0.2	NA	-2.45257876521508	-0.2
ENSMUSG00000050714	Zbtb26	1434629_at	NA	0.753101062940703	0.1	NA	1.30582656075554	0.1
ENSMUSG00000050730	Arhgap42	1457682_at	0.26516201375127	1.67582631871869	0.3	NA	-0.153487488880991	0
ENSMUSG00000050737	Ptges	1439747_at	NA	0.512613410704249	0.1	NA	-0.238282099343489	0
ENSMUSG00000050751	Pgbd5	1460570_at	NA	-0.328935892989799	0	NA	-0.539975524404254	0
ENSMUSG00000050762	Prss27	1440686_at	NA	-0.593178571237767	-0.1	NA	-2.42061508980035	-0.2
ENSMUSG00000050765	Gm5084	1459259_at	NA	-1.65768858727922	-0.2	NA	-0.604525763706507	0
ENSMUSG00000050783	Htr1f	1440422_at	NA	0.62270609564639	0.1	NA	0.0659804552838613	0
ENSMUSG00000050786	Ccdc126	1434313_at	NA	0.602788469187252	0.1	NA	2.65431436041444	0.2
ENSMUSG00000050796	B3galt6	1440340_at	NA	-0.884487979985983	-0.1	NA	-0.732273682476165	-0.1
ENSMUSG00000050810	Oog3	1436721_x_at	NA	-1.02728659800629	-0.2	NA	-0.396564182030279	0
ENSMUSG00000050812	Ecpas	1436185_at	NA	0.900816315917541	0.2	0.677553554550631	0.559608780098078	0.1
ENSMUSG00000050830	Vwc2	1441427_at	NA	0.44522699211938	0.1	NA	-0.744244320021835	-0.1
ENSMUSG00000050844	1700020N01Rik	1429868_at	NA	1.14091554801418	0.2	NA	0.455873855697813	0
ENSMUSG00000050854	Tmem125	1434094_at	NA	0.220717024609791	0	NA	-1.92132442590273	-0.1
ENSMUSG00000050875	Minar2	1444082_at	NA	1.36650273301255	0.1	NA	-0.42885430698584	0
ENSMUSG00000050891	Tatdn1	1458679_a_at	NA	0.336709697913975	0.1	0.0045843290692917	5.05619302308603	0.4
ENSMUSG00000050896	Rtn4rl2	1439573_at	NA	-0.311593898886814	0	NA	-0.452156334250721	0
ENSMUSG00000050910	Cdr2l	1445027_at	NA	0.724840331245229	0.1	0.958314894899405	0.0760135463579024	0
ENSMUSG00000050914	Ankrd37	1436538_at	0.0478502970146797	3.43203718064797	0.7	NA	1.16561190679934	0.1
ENSMUSG00000050921	P2ry10	1452815_at	NA	-0.400743456424942	-0.1	NA	-1.11499028467745	-0.1
ENSMUSG00000050930	Map10	1435116_at	NA	0.239413618925123	0	NA	0.660985369098708	0.1
ENSMUSG00000050931	Sgms2	1429029_at	NA	-0.224755856451028	0	NA	0.068963608426471	0
ENSMUSG00000050945	Zfp438	1457059_at	0.397658592761473	-1.18458637154093	-0.3	NA	0.755293285402946	0.1
ENSMUSG00000050947	Amigo1	1447811_s_at	NA	-0.449339748446187	-0.1	NA	-0.438563768933491	0
ENSMUSG00000050954	Zfp169	1430664_at	NA	-1.04288288642466	-0.1	NA	-0.936596725549961	-0.1
ENSMUSG00000050963	Kcns2	1457325_at	NA	0.677834595405255	0.1	0.734839441708477	-0.457239835717843	-0.1
ENSMUSG00000050965	Prkca	1437393_at	NA	4.26985979897797	0.4	0.0477120128939634	2.91022668581357	0.2
ENSMUSG00000050967	Creg2	1436850_at	NA	-0.616538102108758	-0.1	NA	-0.867892371746479	-0.1
ENSMUSG00000050973	Gdpgp1	1444106_at	NA	-0.13825577009654	0	0.0250591028922397	3.48179011156098	0.3
ENSMUSG00000050994	Adgb	1445639_at	NA	0.126227148454171	0	NA	0.82008754349263	0.1
ENSMUSG00000051000	Fam160a1	1437371_at	NA	2.7506857190583	0.4	NA	0.92379615357452	0.1
ENSMUSG00000051007	Gatd1	1441967_at	NA	2.8776342705412	0.3	0.91352980865512	0.156063206583458	0
ENSMUSG00000051034	Zfp11	1455413_at	NA	0.928561510111211	0.1	NA	1.27493878947665	0.1
ENSMUSG00000051041	Olfml1	1455663_at	NA	-1.60620999760371	-0.3	NA	0.898883727973055	0.1
ENSMUSG00000051043	Gprc5c	1452947_at	0.00561075622374505	-6.6721049175445	-0.8	NA	-2.83960953590882	-0.2
ENSMUSG00000051048	P4ha3	1446951_at	0.349196195139703	1.36481750036231	0.4	0.00033197372274026	8.45813686295264	0.9
ENSMUSG00000051062	Fbll1	1459881_at	NA	1.00510207610482	0.1	NA	-1.04780293183566	-0.1
ENSMUSG00000051065	Mb21d2	1439014_at	NA	-1.40126175095899	-0.2	0.139104977194389	-2.01748656366307	-0.2
ENSMUSG00000051067	Lingo3	1456838_at	NA	0.978890395260921	0.2	NA	-2.08659957992767	-0.2
ENSMUSG00000051074	4930579K19Rik	1430603_at	NA	0.164013032678792	0	NA	0.69587366329364	0.1
ENSMUSG00000051076	Vtcn1	1458070_at	NA	-1.66973421010534	-0.2	NA	-1.18637713171169	-0.1
ENSMUSG00000051079	Rgs13	1442263_at	NA	-0.357425710416617	0	NA	1.34550143878758	0.1
ENSMUSG00000051098	Mblac2	1437704_at	NA	3.26381402480275	0.4	NA	-0.178971271196563	0
ENSMUSG00000051111	Sv2c	1453715_at	NA	-0.987437275327428	-0.2	NA	-1.12891259482019	-0.1
ENSMUSG00000051113	Fam71e1	1437710_x_at	NA	-0.319537546727073	0	NA	1.09230249395706	0.1
ENSMUSG00000051124	Gimap9	1437756_at	NA	0.978483992728694	0.1	NA	-0.480277902404427	0
ENSMUSG00000051136	Ghsr	1446756_at	0.5015447721206	-0.895242417092532	-0.2	NA	-0.565587815862861	0
ENSMUSG00000051146	Camk2n2	1429204_at	NA	0.329965976874944	0	NA	0.127268583187464	0
ENSMUSG00000051154	Commd3	1433539_at	NA	1.14075432008219	0.2	0.00204442100639142	6.02729069323895	1
ENSMUSG00000051166	Eml5	1445181_at	NA	-0.377246092109256	-0.1	NA	1.40289072940133	0.1
ENSMUSG00000051169	Rpusd3	1434626_at	NA	-0.292342657729693	0	NA	-2.27065368931042	-0.2
ENSMUSG00000051177	Plcb1	1435043_at	0.353531880215482	1.34251373727909	0.3	NA	0.842472733018247	0.1
ENSMUSG00000051198	4930548G14Rik	1432226_at	NA	0.488333345047346	0.1	NA	-1.01689975449883	-0.1
ENSMUSG00000051212	Gpr183	1457691_at	0.547920680824915	0.789040172885331	0.2	NA	-1.22226625355523	-0.1
ENSMUSG00000051220	Ercc6l	1444024_at	NA	0.796701009133648	0.1	0.594460015804642	-0.710124409842922	-0.1
ENSMUSG00000051224	Tceanc	1435236_at	NA	-0.97558756606115	-0.1	NA	-0.610904105164371	-0.1
ENSMUSG00000051228	Nyx	1446344_at	NA	-1.26944258138047	-0.1	NA	-0.40392206850791	0
ENSMUSG00000051235	Gen1	1436654_at	0.00801962690673418	5.7625563303956	0.6	NA	0.901248032644752	0.1
ENSMUSG00000051236	Msrb3	1454997_at	0.0793831301338256	2.90688136409406	0.8	0.000377832007304427	7.96705857050827	0.9
ENSMUSG00000051237	9230109A22Rik	1446060_at	NA	0.690420963853134	0.1	NA	-1.27797736876442	-0.1
ENSMUSG00000051243	Islr2	1434421_at	NA	1.26450101251841	0.2	NA	-0.182007833910491	0
ENSMUSG00000051262	Nat8f3	1431325_at	NA	-0.841666519955245	-0.1	NA	0.60248549034322	0.1
ENSMUSG00000051278	Zgrf1	1453038_at	NA	0.381446801056403	0	NA	0.0384310425985301	0
ENSMUSG00000051285	Pcmtd1	1429429_s_at	NA	1.30850277855147	0.2	0.13249398926458	2.06072125513849	0.2
ENSMUSG00000051297	2410124H12Rik	1432515_at	NA	-0.442531544012438	0	NA	0.0853821863242669	0
ENSMUSG00000051306	Usp42	1434782_at	NA	0.758507686609773	0.2	NA	0.397383809042051	0
ENSMUSG00000051316	Taf7	1441982_at	NA	-0.67595191303146	-0.1	NA	-1.38688450673625	-0.1
ENSMUSG00000051319	Mtln	1438678_at	NA	-1.5005660865018	-0.3	NA	0.744651325867542	0.1
ENSMUSG00000051323	Pcdh19	1437360_at	0.00790065891114882	5.81693089661294	1.2	0.336307144541117	-1.24654051852239	-0.2
ENSMUSG00000051331	Cacna1c	1435730_at	NA	1.28670289145146	0.2	NA	-0.346756229201346	0
ENSMUSG00000051335	Gfod1	1455599_at	NA	1.39310774027867	0.2	0.00121536011352229	-6.57293864058305	-0.5
ENSMUSG00000051339	2900026A02Rik	1429089_s_at	0.00889304978086934	5.57029093313109	1	0.145867462320238	1.97492067049491	0.2
ENSMUSG00000051343	Rab11fip5	1434314_s_at	0.384210031543247	1.22431031830782	0.3	NA	-1.69784626383802	-0.1
ENSMUSG00000051344	Plekhm3	1455331_at	NA	1.0513438966337	0.1	NA	1.40974473634217	0.1
ENSMUSG00000051359	Ncald	1444466_at	NA	-0.126917943683023	0	0.0557993431693765	-2.78448677463437	-0.2
ENSMUSG00000051361	6030498E09Rik	1430943_at	NA	0.894322137348969	0.1	NA	-0.619100381758536	-0.1
ENSMUSG00000051378	Kif18b	1453226_at	0.00751353509352712	5.9296728440721	0.9	NA	-1.88143284097399	-0.2
ENSMUSG00000051379	Flrt3	1453102_at	NA	-0.92218448244384	-0.1	NA	0.937352307849443	0.1
ENSMUSG00000051396	Gm45902	1439826_at	NA	0.608305615380904	0.1	NA	0.294361035751074	0
ENSMUSG00000051401	Kctd16	1429666_at	0.579654708057195	-0.72212387595214	-0.2	NA	-1.13687338492648	-0.1
ENSMUSG00000051427	Ccdc157	1455055_at	NA	0.941287625483103	0.1	NA	1.27446532262355	0.1
ENSMUSG00000051435	Fhad1	1439190_at	NA	-1.42910952408185	-0.2	NA	1.49119312345874	0.1
ENSMUSG00000051437	Ubqlnl	1437955_at	NA	0.648777972258627	0.1	NA	-2.09988510114706	-0.2
ENSMUSG00000051444	Bbs12	1447275_at	NA	1.40773180573982	0.2	0.219900379705867	-1.63257324543559	-0.2
ENSMUSG00000051451	Crebzf	1452856_at	NA	0.996363022153848	0.2	0.000574295913672002	7.47109044903848	0.6
ENSMUSG00000051455	Meioc	1437678_at	NA	-0.0862445470237849	0	NA	-1.35443806754797	-0.1
ENSMUSG00000051457	Spn	1439034_at	NA	0.0288648457007195	0	NA	-1.53546252129328	-0.1
ENSMUSG00000051469	Zfp24	1430651_s_at	NA	1.55624077171421	0.2	NA	-1.64844033452688	-0.1
ENSMUSG00000051486	Pcdhb11	1456710_at	NA	-0.106124619698833	0	NA	0.756148305169809	0.1
ENSMUSG00000051495	Irf2bp2	1433634_at	0.197552281058903	1.98715470050126	0.4	0.217240959846886	1.64151415649799	0.3
ENSMUSG00000051497	Kcnj16	1436163_at	NA	2.1042445504237	0.2	NA	-1.5731747490622	-0.2
ENSMUSG00000051499	Zfp786	1458214_at	NA	-1.49136368261099	-0.2	NA	0.559142375319385	0
ENSMUSG00000051504	Siglech	1436131_at	NA	0.241434099670861	0	NA	-0.903912009406074	-0.1
ENSMUSG00000051506	Wdfy4	1435582_at	NA	1.24520249019229	0.1	NA	-0.893019663314613	-0.1
ENSMUSG00000051517	Arhgef39	1436725_at	NA	2.18876412104568	0.2	0.1633488198546	1.88464883398214	0.2
ENSMUSG00000051518	Rps19bp1	1455174_at	NA	-1.19049862014558	-0.2	0.023415679681861	-3.55247361438574	-0.3
ENSMUSG00000051537	Gm5124	1442523_at	NA	-0.534906170850964	-0.1	NA	-1.17403280197139	-0.1
ENSMUSG00000051550	Zfp579	1428564_at	NA	0.891393721750963	0.1	NA	1.92821567520587	0.2
ENSMUSG00000051586	Mical3	1434221_at	NA	-0.436727553943785	-0.1	NA	0.380998029095051	0
ENSMUSG00000051596	Otop1	1438448_at	NA	-0.670725861902008	-0.1	NA	-0.719859359512046	-0.1
ENSMUSG00000051606	2010001K21Rik	1447576_at	NA	-0.748260694806848	-0.1	NA	0.0649709240495872	0
ENSMUSG00000051611	Olfr112	1454098_at	NA	1.72154160929047	0.3	0.13595994967865	-2.03677115497971	-0.2
ENSMUSG00000051618	Ubqln3	1436903_at	NA	-1.41032322269376	-0.2	NA	-1.27739420923172	-0.1
ENSMUSG00000051652	Lrrc3	1431251_at	NA	-0.185175757270156	0	NA	-0.272933817678793	0
ENSMUSG00000051674	Dcun1d4	1455079_at	NA	0.121039807991969	0	NA	-0.644599074858059	0
ENSMUSG00000051682	Treml4	1460014_at	NA	-0.283629898705217	0	NA	0.158733127603176	0
ENSMUSG00000051703	Tmem198	1455192_at	NA	0.146904664721564	0	NA	-1.48569458271418	-0.1
ENSMUSG00000051705	Senp8	1454084_a_at	NA	0.459037201690474	0.1	0.318560734045453	1.29316531940575	0.1
ENSMUSG00000051721	Wdcp	1456460_at	NA	-0.754275121460334	-0.1	NA	0.406508911466678	0
ENSMUSG00000051726	Kcnf1	1441300_at	NA	-1.12938379226403	-0.2	NA	1.53431078561203	0.1
ENSMUSG00000051727	Kctd14	1455452_x_at	NA	2.23517605256235	0.2	NA	-0.671659500897313	-0.1
ENSMUSG00000051728	Fam243	1456445_at	NA	0.443686850555508	0.1	NA	-0.678200998931797	-0.1
ENSMUSG00000051735	Rinl	1455576_at	NA	-0.50822840412047	-0.1	NA	1.20001066689609	0.1
ENSMUSG00000051736	Fam229b	1460553_at	NA	-1.37643755762444	-0.1	0.0121783279726096	4.15592885068525	0.5
ENSMUSG00000051747	Ttn	1444083_at	NA	-2.35098774034135	-0.3	0.370421064823612	-1.16122277147843	-0.1
ENSMUSG00000051758	4930544M13Rik	1431483_at	NA	-2.14493675122006	-0.3	NA	-0.701732101236749	-0.1
ENSMUSG00000051769	Wfdc15a	1436288_at	NA	-1.20829337244457	-0.2	NA	-0.180527913621637	0
ENSMUSG00000051786	Tubgcp6	1435090_at	NA	1.69924311131144	0.3	NA	0.352995285536327	0
ENSMUSG00000051788	4930564D02Rik	1431660_at	NA	-1.06173179408067	-0.1	NA	0.610186879193161	0.1
ENSMUSG00000051790	Nlgn2	1460013_at	NA	1.06547317435269	0.1	NA	-0.170299872034932	0
ENSMUSG00000051804	Adam6b	1436129_at	0.480531729181111	-0.949095236638683	-0.7	NA	-2.19833654532282	-0.2
ENSMUSG00000051817	Sox12	1439754_at	NA	0.338124475318051	0	NA	-1.91473813703884	-0.2
ENSMUSG00000051832	E230016K23Rik	1459529_at	NA	0.264798734934966	0	NA	-1.0341634802227	-0.1
ENSMUSG00000051860	Samd7	1430817_at	NA	-0.843817704755601	-0.1	NA	0.372186133048781	0
ENSMUSG00000051890	Klhdc1	1443932_at	NA	-1.28015880363863	-0.2	0.475145093804716	0.933817959016879	0.1
ENSMUSG00000051896	Tex37	1430892_at	NA	-0.879989188054823	-0.1	NA	0.160168556356665	0
ENSMUSG00000051900	Abca16	1445033_at	NA	-1.14136400801595	-0.1	NA	-0.578519765306214	0
ENSMUSG00000051910	Sox6	1434918_at	NA	-0.473295719497026	0	NA	-0.614978434461438	0
ENSMUSG00000051950	B3glct	1457043_at	NA	3.11863284934744	0.4	0.0304401832932093	3.29374496663449	0.4
ENSMUSG00000051956	Rnf133	1456802_at	NA	0.0910122229551043	0	NA	0.835814729250185	0.1
ENSMUSG00000051998	Lax1	1438687_at	NA	0.181954551597566	0	NA	-0.386671110425551	0
ENSMUSG00000052013	Btla	1455656_at	NA	1.03759842359585	0.1	NA	-0.657323052259208	-0.1
ENSMUSG00000052025	Ppp1r2-ps7	1429855_at	NA	-0.791146731493951	-0.1	NA	-1.77564322304966	-0.2
ENSMUSG00000052026	Slc6a7	1455469_at	NA	0.859088061091596	0.1	NA	1.59805658873148	0.2
ENSMUSG00000052033	Pfdn4	1454888_at	NA	0.912781378191815	0.2	0.0431431598306035	3.00452930023987	0.3
ENSMUSG00000052056	Zfp217	1437414_at	NA	0.833407593126338	0.1	NA	2.35676719975306	0.2
ENSMUSG00000052062	Pard3b	1441254_at	NA	1.25857993795959	0.3	NA	-2.19644471271962	-0.2
ENSMUSG00000052085	Dock8	1431961_at	NA	0.41453484862834	0	NA	-0.235084127897555	0
ENSMUSG00000052099	Prss51	1429872_at	NA	-0.650425181643807	-0.1	NA	0.513163133132662	0.1
ENSMUSG00000052105	Mtcl1	1429053_at	0.699083837706045	-0.492353759973485	-0.1	0.705991696704473	-0.509402207867603	-0.1
ENSMUSG00000052117	D630039A03Rik	1437085_at	NA	1.21750121780529	0.2	NA	-1.34990230871936	-0.1
ENSMUSG00000052133	Sema5b	1435963_at	NA	-1.95473785885994	-0.3	NA	-1.44307534176728	-0.1
ENSMUSG00000052137	Rbm12b2	1436843_at	NA	0.934714256777394	0.1	NA	0.991957245519059	0.1
ENSMUSG00000052139	Babam2	1446758_at	NA	-0.630704122188475	-0.1	NA	0.00306215330878784	0
ENSMUSG00000052142	Rasal3	1455132_at	0.262376870008229	-1.68575141866689	-0.4	NA	-1.00938602575527	-0.1
ENSMUSG00000052154	Gm9870	1457457_at	NA	0.913055735017	0.2	NA	-1.13701324269704	-0.1
ENSMUSG00000052188	Gm14964	1456406_at	NA	0.869838499585645	0.1	NA	-1.39073521201163	-0.1
ENSMUSG00000052214	Opa3	1447724_x_at	NA	1.06126781520921	0.1	0.0463831612836278	-2.93489986870742	-0.3
ENSMUSG00000052221	Ppp1r36	1456823_at	NA	-0.509795033570598	-0.1	NA	1.03435590199742	0.1
ENSMUSG00000052229	Gpr17	1456833_at	NA	-0.858068395125206	-0.1	NA	1.26466266765044	0.1
ENSMUSG00000052241	A930035D04Rik	1436942_at	0.239494090173566	1.79543305885737	0.5	0.0754824805731053	2.53850212174858	0.3
ENSMUSG00000052253	Zfp622	1446477_at	NA	-1.28017355272253	-0.2	NA	0.142033759747832	0
ENSMUSG00000052291	5330438D12Rik	1437265_at	NA	0.433507537421592	0.1	0.171307651896643	1.84521825253153	0.2
ENSMUSG00000052296	Ppp6r1	1436306_at	NA	-0.0815017139405451	0	NA	-0.274604312763577	0
ENSMUSG00000052299	Ltn1	1429886_at	NA	-1.62319087764748	-0.2	NA	-0.337068381507808	0
ENSMUSG00000052302	Tbc1d30	1430607_at	NA	0.962148772962877	0.1	NA	-0.050863188393631	0
ENSMUSG00000052316	Lrrc15	1436055_at	NA	1.55645930633046	0.2	NA	-1.35363399175003	-0.1
ENSMUSG00000052331	Ankrd44	1440652_at	NA	0.202623550456047	0	NA	0.949529392621624	0.1
ENSMUSG00000052337	Immt	1437126_at	NA	1.90429735815911	0.3	NA	-0.389511269742854	0
ENSMUSG00000052353	Cemip	1441478_at	NA	-0.707606685137449	-0.1	NA	-0.451960719316088	0
ENSMUSG00000052363	Zdhhc19	1438607_at	0.257066146795579	-1.71039393893427	-0.6	NA	-0.132749890542156	0
ENSMUSG00000052364	B630019K06Rik	1433452_at	NA	0.288530083501142	0	NA	0.455455594611414	0
ENSMUSG00000052371	Hoxd3os1	1430263_at	NA	2.33308380470868	0.3	NA	-0.0189354135543332	0
ENSMUSG00000052372	Il1rapl1	1453373_at	NA	0.338462409665974	0	NA	-1.36221362741496	-0.1
ENSMUSG00000052373	Mpp3	1459611_at	NA	-0.772319869796977	-0.1	NA	1.16577654620033	0.1
ENSMUSG00000052376	4921508M14Rik	1432298_at	NA	-0.574004759214584	-0.1	NA	-1.33299165830059	-0.1
ENSMUSG00000052387	Trpm3	1441966_at	NA	0.714460594575926	0.1	NA	-0.0405852318146407	0
ENSMUSG00000052407	Ccdc171	1459046_at	NA	-2.31447528253084	-0.3	NA	0.235805194239589	0
ENSMUSG00000052430	Bmpr1b	1437312_at	NA	0.443767984101511	0.1	NA	0.564423208591884	0
ENSMUSG00000052446	Zfp961	1433390_at	NA	-0.434502067910105	0	NA	-1.26828878091008	-0.1
ENSMUSG00000052479	A330008L17Rik	1457318_at	NA	1.31873792940017	0.2	NA	-0.490585732763291	0
ENSMUSG00000052485	Tmem171	1456284_at	NA	3.85313964642	0.5	NA	0.0811509894328428	0
ENSMUSG00000052488	Cherp	1431770_at	NA	0.658427031703961	0.1	0.227481423491202	-1.60004417788234	-0.2
ENSMUSG00000052504	Epha3	1455426_at	0.582127995807112	-0.715403513169508	-0.2	NA	-0.295283586685051	0
ENSMUSG00000052512	Nav2	1457395_at	NA	-0.547096336722554	-0.1	NA	-0.0254481400851695	0
ENSMUSG00000052516	Robo2	1458229_at	NA	-0.149269677586353	0	NA	0.908859504324577	0.1
ENSMUSG00000052525	Spdya	1429470_at	NA	1.11913871893339	0.2	NA	-0.730394938130497	-0.1
ENSMUSG00000052534	Pbx1	1428647_at	NA	4.7795717038564	0.5	0.0223801902336548	3.59514284335358	0.3
ENSMUSG00000052539	Magi3	1435461_at	0.967538318334574	0.0530709062666834	0	0.501933264461804	0.879937602237617	0.1
ENSMUSG00000052544	St6galnac3	1457125_at	NA	-0.218826676840323	0	NA	-0.436480189458452	0
ENSMUSG00000052549	Arl13a	1431945_at	NA	-2.53586665531225	-0.4	NA	-2.28104488685897	-0.2
ENSMUSG00000052551	Adarb2	1458112_at	0.351238639650197	-1.35906093690164	-0.3	NA	0.0469437725252553	0
ENSMUSG00000052557	Gan	1434845_at	NA	1.60773738080202	0.2	NA	0.368432832574545	0
ENSMUSG00000052560	Cpne8	1430521_s_at	0.0933358299815238	2.75161677642717	0.6	0.0250004500781091	3.49436259874113	0.4
ENSMUSG00000052563	D930048N14Rik	1439781_at	NA	0.512343412198532	0.1	NA	0.719199121170848	0.1
ENSMUSG00000052572	Dlg2	1437927_at	NA	0.45827079236216	0.1	NA	-0.451202129417389	0
ENSMUSG00000052581	Lrrtm4	1455937_at	NA	0.582464238810286	0.1	NA	-0.767546675478291	-0.1
ENSMUSG00000052584	Serp2	1455971_at	NA	-0.0977477502087553	0	0.226336058027695	1.60509296285271	0.2
ENSMUSG00000052595	A1cf	1432212_at	NA	-0.789598056110726	-0.1	0.336214317044709	-1.24717415087721	-0.1
ENSMUSG00000052609	Plekhg3	1434680_at	NA	3.09582531022789	0.3	NA	-1.82098939959544	-0.1
ENSMUSG00000052613	Pcdh15	1444317_at	NA	0.248366170004284	0	NA	0.628008626253405	0.1
ENSMUSG00000052616	Terb1	1442013_at	NA	-1.03716134186049	-0.1	NA	-0.242283324112943	0
ENSMUSG00000052631	Sh2d6	1430113_at	NA	-1.58820700682793	-0.2	NA	-1.01265599779437	-0.1
ENSMUSG00000052632	Asap2	1436181_at	NA	2.17515115052029	0.3	0.249562752893426	1.51842524757888	0.2
ENSMUSG00000052642	Lypd9	1440460_at	NA	-0.000759775168204661	0	NA	0.31999443222063	0
ENSMUSG00000052656	Rnf103	1443830_x_at	NA	-0.618480963659375	-0.1	NA	-0.0976642949416073	0
ENSMUSG00000052658	5830454E08Rik	1442415_at	NA	1.08013241127478	0.2	NA	-0.924076372243357	-0.1
ENSMUSG00000052676	Zmat1	1435829_at	NA	0.215749790408689	0	0.586867733868522	0.724142304147491	0.1
ENSMUSG00000052688	Rab7b	1444063_at	NA	1.98495889295565	0.2	NA	0.183363763393983	0
ENSMUSG00000052698	Tln2	1429111_at	0.0769775268467967	2.95075756993963	0.5	NA	0.232420411481846	0
ENSMUSG00000052707	Tnrc6a	1457295_at	NA	0.0214061956181627	0	NA	1.19530948186775	0.1
ENSMUSG00000052712	BC004004	1444268_at	NA	0.214030343742331	0	0.119752118267033	2.15403688552597	0.3
ENSMUSG00000052713	Zfp608	1439485_at	NA	3.3935368347045	0.5	NA	0.411117782954875	0
ENSMUSG00000052726	Kcnt2	1459971_at	NA	0.678057829602457	0.1	NA	0.0607247998645019	0
ENSMUSG00000052748	Swt1	1452859_at	NA	0.758328850270831	0.1	NA	-0.777910102629599	-0.1
ENSMUSG00000052749	Trim30b	1444179_at	NA	0.372629451271629	0	NA	-1.03989030953195	-0.1
ENSMUSG00000052759	Gpr25	1447559_at	NA	-0.34461371659846	0	NA	-0.651343292613925	-0.1
ENSMUSG00000052760	A630001G21Rik	1440214_at	NA	1.10869327162439	0.1	NA	-1.09689405616837	-0.1
ENSMUSG00000052812	Atad2b	1446719_at	NA	0.334751866922679	0	NA	0.783496434686005	0.1
ENSMUSG00000052848	C130026L21Rik	1442868_at	NA	-1.8281056101307	-0.3	NA	0.0205666619870469	0
ENSMUSG00000052861	Dnah6	1442894_at	NA	-1.11617612222256	-0.1	NA	-0.31405516141292	0
ENSMUSG00000052889	Prkcb	1443144_at	NA	-0.747322999628033	-0.1	NA	0.781985787106596	0.1
ENSMUSG00000052914	Cyp2j6	1440691_at	NA	0.851268886133389	0.1	NA	-0.365741182192756	0
ENSMUSG00000052917	Senp7	1436860_at	NA	0.266669913211008	0	NA	0.290720331064713	0
ENSMUSG00000052920	Prkg1	1444232_at	NA	0.497672070608386	0	NA	-0.44031192610313	0
ENSMUSG00000052921	Arhgef15	1440358_at	NA	-1.40514044225705	-0.1	0.0670787580598129	-2.63040657718674	-0.2
ENSMUSG00000052926	Rnaseh2a	1452725_a_at	NA	2.60686617000606	0.3	0.00381510620035394	-5.22536401034496	-0.4
ENSMUSG00000052928	Ctif	1436047_at	NA	1.48240457876465	0.2	NA	0.455867726948305	0
ENSMUSG00000052934	Fbxo31	1428926_at	NA	-2.43522718491711	-0.4	0.767329556238626	-0.401082050086356	0
ENSMUSG00000052942	Glis3	1430353_at	NA	0.796339757814977	0.1	0.0650633931600693	2.65890344793118	0.4
ENSMUSG00000052949	Rnf157	1434902_at	NA	1.45361893077903	0.1	NA	1.3314304584876	0.1
ENSMUSG00000052951	C130021I20Rik	1455416_at	NA	-0.0540963054966416	0	NA	-0.22095739066982	0
ENSMUSG00000052955	Cpvl	1432056_at	NA	0.153896860682493	0	NA	-0.82080667536645	-0.1
ENSMUSG00000052962	Mrpl35	1440989_at	NA	-0.948561465752078	-0.1	NA	0.330602301709412	0
ENSMUSG00000052981	Ube2ql1	1452779_at	NA	0.93036536085133	0.2	0.103177795320981	-2.27988611642069	-0.2
ENSMUSG00000053007	Creb5	1446380_at	NA	-1.4588892164235	-0.2	NA	-0.0240776020495602	0
ENSMUSG00000053024	Cntn2	1435165_at	NA	-0.580407262544831	-0.1	NA	-0.640293549995489	0
ENSMUSG00000053025	Sv2b	1434800_at	NA	1.17746247799195	0.2	NA	-0.455576220440885	0
ENSMUSG00000053030	Spink2	1454710_at	NA	0.123375321462704	0	NA	1.19272726451755	0.1
ENSMUSG00000053046	Brsk2	1439329_a_at	NA	0.996630974832927	0.2	NA	-0.781949797358818	-0.1
ENSMUSG00000053054	Adh6a	1429608_at	NA	-0.810860719547389	-0.1	NA	-0.987562529088873	-0.1
ENSMUSG00000053062	Jam2	1436568_at	0.748305600600927	0.41467998953572	0.1	NA	-1.98805733024801	-0.2
ENSMUSG00000053070	Cfap300	1443934_at	NA	-0.7476740147606	-0.1	0.023104156407716	3.56566223311718	0.3
ENSMUSG00000053080	2700081O15Rik	1437291_at	NA	1.74616065915811	0.3	0.139785387829644	2.01067192491183	0.2
ENSMUSG00000053091	Lins1	1446782_at	NA	0.972017008275894	0.1	NA	-1.5049006792159	-0.1
ENSMUSG00000053093	Myh7	1458850_at	NA	-0.481093987549971	0	NA	0.502117885012764	0
ENSMUSG00000053094	Tmem248	1433900_at	NA	0.64725029651491	0.1	NA	1.02512753684333	0.1
ENSMUSG00000053111	Fank1	1447496_s_at	NA	-0.745805478372283	-0.1	NA	-0.425884138682144	0
ENSMUSG00000053117	E330013P04Rik	1440000_at	NA	0.357521521360208	0.1	NA	-0.501172170771195	0
ENSMUSG00000053121	Gm5129	1458620_at	NA	-0.926994751390094	-0.2	NA	-0.99606928420407	-0.1
ENSMUSG00000053134	Supt7l	1429876_at	NA	2.41031685642395	0.4	NA	0.987961108652649	0.1
ENSMUSG00000053141	Ptprt	1439725_at	NA	-0.608670297287863	-0.1	NA	-1.68954238220876	-0.1
ENSMUSG00000053153	Spag16	1431732_at	NA	-1.12546674300713	-0.1	NA	-1.38471652261312	-0.1
ENSMUSG00000053161	Daw1	1454125_a_at	NA	-2.25365004669509	-0.3	NA	1.00866168302419	0.1
ENSMUSG00000053168	9030619P08Rik	1443889_at	NA	-0.0475681572606997	0	NA	1.24584724559281	0.1
ENSMUSG00000053181	A830005F24Rik	1444381_at	NA	-0.765568371372804	-0.1	NA	0.249114063528256	0
ENSMUSG00000053184	Spaca3	1429970_at	NA	0.987704526419459	0.1	NA	-1.89971091010757	-0.1
ENSMUSG00000053185	Gm9898	1459084_at	0.235892796627193	1.81270376139026	0.4	NA	-3.60478873024518	-0.3
ENSMUSG00000053194	Cib4	1454248_at	NA	0.579799710450831	0.1	NA	-1.12934375510338	-0.1
ENSMUSG00000053199	Arhgap20	1429918_at	NA	-0.422377667734851	-0.1	NA	0.0766517641380714	0
ENSMUSG00000053205	Styx	1457807_at	NA	-2.99537447955916	-0.4	0.101283375654751	-2.30256870578502	-0.2
ENSMUSG00000053214	Gm9899	1456813_at	NA	1.4243368873537	0.2	NA	-1.74526714182815	-0.1
ENSMUSG00000053226	Dand5	1436476_at	NA	-2.6633573570496	-0.3	NA	2.31784968382837	0.2
ENSMUSG00000053286	Trmt1l	1447369_at	NA	-0.42717265947988	-0.1	NA	-0.0716672613546711	0
ENSMUSG00000053297	AI854703	1435049_s_at	NA	-0.247365767183264	0	NA	-0.377702830635062	0
ENSMUSG00000053333	Dis3l2	1434090_at	NA	-1.42398362957562	-0.2	NA	0.294106303692894	0
ENSMUSG00000053353	2310001K24Rik	1430525_at	NA	1.28461588403897	0.1	NA	-0.783459465077146	-0.1
ENSMUSG00000053367	Epp13	1456804_at	NA	0.601752420869719	0.1	NA	-1.05706415186987	-0.1
ENSMUSG00000053368	Rxfp2	1440704_at	NA	0.853424789217782	0.1	NA	-1.88329911094374	-0.1
ENSMUSG00000053390	Zfp952	1457677_at	NA	2.63144873824579	0.3	NA	0.00730283163486707	0
ENSMUSG00000053395	Cacng8	1459579_at	NA	0.28268812370518	0	NA	-0.803859222209792	-0.1
ENSMUSG00000053399	Adamts18	1446247_at	NA	1.46016748216443	0.2	NA	-1.41091042286634	-0.1
ENSMUSG00000053411	Cbx7	1433557_at	NA	1.22484112070463	0.2	NA	-0.646751099114328	-0.1
ENSMUSG00000053420	Gm4792	1457737_at	0.303493232587549	1.50623006344775	0.4	NA	-2.27666302059424	-0.2
ENSMUSG00000053441	Adamts19	1442459_at	NA	-0.0173670282708199	0	NA	-0.987694017996773	-0.1
ENSMUSG00000053461	Hhipl2	1429157_at	NA	1.23651267895205	0.1	NA	-2.76812244900493	-0.2
ENSMUSG00000053477	Tcf4	1458201_at	NA	-0.387194312069413	0	NA	0.335956924033962	0
ENSMUSG00000053528	A530021J07Rik	1456751_x_at	NA	-0.49045546954604	-0.1	NA	-0.842594176707067	-0.1
ENSMUSG00000053550	Shisa7	1444046_at	NA	-1.03447511131574	-0.1	NA	0.114969736864738	0
ENSMUSG00000053552	Ebf4	1435044_at	0.343157347035707	-1.37861406866328	-0.3	NA	-0.11538723913983	0
ENSMUSG00000053553	3110082I17Rik	1453007_at	NA	1.95951007869021	0.3	NA	0.0858862205918543	0
ENSMUSG00000053574	4930563E22Rik	1430763_at	NA	0.455734973525169	0	NA	0.34923196960438	0
ENSMUSG00000053580	Tanc2	1436513_at	0.035434633649892	3.75636366520354	0.6	0.0178879624352972	3.79059485099955	0.4
ENSMUSG00000053603	4930442H23Rik	1454143_at	NA	-0.275583740562603	0	NA	0.168416250848248	0
ENSMUSG00000053617	Sh3pxd2a	1428914_at	NA	2.02225018060921	0.3	0.119752118267033	2.15377077833598	0.2
ENSMUSG00000053641	Dennd4a	1435975_at	NA	1.11312341281667	0.2	NA	1.2885720962268	0.1
ENSMUSG00000053646	Plxnb1	1435255_at	NA	1.42617402251144	0.2	NA	-0.131165941909762	0
ENSMUSG00000053647	Gper1	1447583_x_at	0.153984426269339	2.23236726062702	0.4	NA	-0.962958116576862	-0.1
ENSMUSG00000053654	Krt42	1439765_x_at	NA	1.84346208279766	0.2	NA	0.696265021285247	0.1
ENSMUSG00000053675	Tgm5	1430142_at	NA	0.54438983096868	0.1	0.00290151094281741	5.62712623398006	0.5
ENSMUSG00000053702	Nebl	1438452_at	NA	-1.42028344773486	-0.2	NA	0.322627014252898	0
ENSMUSG00000053729	Spinkl	1455909_at	NA	0.560173946659491	0.1	NA	0.395790276383671	0
ENSMUSG00000053730	Tmem39b	1437910_at	NA	4.03098740741442	0.4	NA	-0.98635761517155	-0.1
ENSMUSG00000053754	Chd8	1457580_at	NA	0.0931072302217063	0	NA	1.83674280405647	0.1
ENSMUSG00000053765	Oas1f	1442389_at	NA	0.709908380658284	0.1	0.803664446108594	-0.339933775562651	0
ENSMUSG00000053774	Ubxn7	1435912_at	0.484771775678261	0.934830801592195	0.2	0.0193351568641133	3.72163672184859	0.4
ENSMUSG00000053783	1700016K19Rik	1436593_at	NA	-0.503802369074316	-0.1	NA	1.62433030933245	0.2
ENSMUSG00000053799	Exoc6	1460576_at	0.232248247578327	-1.83163141660961	-0.4	NA	-2.13981990135355	-0.2
ENSMUSG00000053819	Camk2d	1459457_at	NA	-0.200317945569469	0	NA	0.860838681078344	0.1
ENSMUSG00000053825	Ppfia2	1456856_at	NA	-0.806668020061439	-0.1	NA	-0.0832131396937855	0
ENSMUSG00000053841	Txlna	1454861_at	NA	1.07357430610536	0.2	NA	0.556651762218842	0
ENSMUSG00000053856	Dnajc5g	1437814_at	NA	1.32197099313559	0.2	NA	-1.19966641947524	-0.1
ENSMUSG00000053862	Slc51b	1454854_at	0.371231818676434	-1.2683064047491	-0.3	NA	-1.5540740937333	-0.1
ENSMUSG00000053868	Gm5142	1445441_at	NA	0.0563870942184182	0	NA	-2.7174779972595	-0.2
ENSMUSG00000053870	Fpgt	1429519_at	0.413038589644932	1.13367509526131	0.3	NA	1.08404846504884	0.1
ENSMUSG00000053877	Srcap	1441653_at	NA	0.964574253910634	0.1	NA	-0.693567420960606	-0.1
ENSMUSG00000053886	Sh2d4a	1453377_at	NA	0.806277606311567	0.2	0.299580264104945	-1.35222187090251	-0.2
ENSMUSG00000053914	Kdm4d	1440105_at	NA	-0.268799116022238	0	NA	-1.66629724023675	-0.2
ENSMUSG00000053929	Cyhr1	1435328_at	NA	1.76381444320623	0.2	0.201447355407491	1.70827418569857	0.2
ENSMUSG00000053930	Shisa6	1441785_at	NA	1.48839816126396	0.2	NA	-0.534917407570461	0
ENSMUSG00000053963	Stum	1440534_at	NA	-0.439095397909448	0	NA	-2.02465546836782	-0.2
ENSMUSG00000053965	Pde5a	1455970_at	NA	0.332074416043367	0	NA	-0.449614340001304	0
ENSMUSG00000053977	Cd8a	1444078_at	NA	0.0698948501992821	0	0.46724241386911	-0.952820217048752	-0.1
ENSMUSG00000053980	Gm9930	1441575_at	NA	0.618851358362472	0.1	NA	0.0379080481896011	0
ENSMUSG00000053985	Zfp14	1441619_at	NA	-1.44311444098894	-0.3	NA	0.844928081273142	0.1
ENSMUSG00000054000	Tusc1	1453386_at	NA	0.801773084996359	0.1	0.00252029109368238	5.77358058630332	0.4
ENSMUSG00000054003	Tdrd9	1453357_at	NA	0.667317361839381	0.1	NA	0.0388152521852285	0
ENSMUSG00000054013	Tmem179	1436754_at	NA	0.466002176850425	0.1	NA	-1.5900780922561	-0.1
ENSMUSG00000054021	Sirt5	1428916_s_at	NA	0.249885200562243	0	NA	-0.636025104346434	0
ENSMUSG00000054027	Nt5dc3	1443558_s_at	NA	-0.400057255808043	-0.1	0.126665458477926	2.10018022501251	0.2
ENSMUSG00000054046	Klk13	1456539_at	NA	0.265641052805658	0	NA	0.332204560535641	0
ENSMUSG00000054051	Ercc6	1442604_at	NA	1.7956448706523	0.2	0.362913601084358	1.17947575121799	0.1
ENSMUSG00000054057	A930004D18Rik	1439514_at	NA	1.24778883582637	0.1	0.950042999386789	-0.0904808282314925	0
ENSMUSG00000054099	Slc25a40	1438005_at	NA	0.959434613946477	0.1	NA	2.1865702962762	0.2
ENSMUSG00000054102	Nlrp9a	1456185_at	NA	-0.592473533015612	-0.1	NA	-2.31605565813085	-0.2
ENSMUSG00000054116	E130116L18Rik	1432841_at	NA	0.243738196104781	0	NA	0.690871211976029	0.1
ENSMUSG00000054134	Umodl1	1439211_at	NA	0.723279812260235	0.1	NA	1.41873601642131	0.1
ENSMUSG00000054136	Adm2	1442856_at	0.0298157624926184	-3.96966185013835	-0.9	NA	-2.22412888134064	-0.2
ENSMUSG00000054150	Syne3	1440402_at	NA	0.159140690222577	0	0.00137773683220374	-6.42310062058901	-0.6
ENSMUSG00000054161	Fam83e	1430717_at	NA	0.108294205559518	0	0.207370780736262	-1.68244210423289	-0.2
ENSMUSG00000054196	Cthrc1	1452968_at	NA	-1.71301111639406	-0.2	0.000341587439642499	8.33547917290601	0.9
ENSMUSG00000054200	Ffar4	1439489_at	NA	-0.86697314438053	-0.2	NA	-0.471403058831365	0
ENSMUSG00000054237	Fra10ac1	1435810_at	0.287304418699081	1.58094047866619	0.3	NA	0.198276759092654	0
ENSMUSG00000054247	Gm9939	1432629_at	NA	0.0357294516026419	0	NA	0.130709329949555	0
ENSMUSG00000054256	Msi1	1444306_at	NA	-0.663095063060749	-0.1	NA	-1.74413537969313	-0.1
ENSMUSG00000054258	Gm5082	1446469_at	0.0938748820399458	2.73546103649445	0.5	NA	-1.12927918279377	-0.1
ENSMUSG00000054280	Prr14l	1434217_at	0.462590607623277	0.99832961391658	0.2	NA	1.21510040490493	0.1
ENSMUSG00000054293	P2ry10b	1435584_at	NA	1.61296937697824	0.2	NA	-0.244287421486644	0
ENSMUSG00000054320	Lrrc36	1457170_at	0.19510931855548	-1.99804131352818	-0.4	NA	-2.1099597165994	-0.2
ENSMUSG00000054321	Taf4b	1435303_at	NA	0.403455020170453	0.1	NA	-1.18200339598488	-0.1
ENSMUSG00000054351	4930553M12Rik	1433269_at	NA	-1.19057057630171	-0.2	NA	-1.16237754169781	-0.1
ENSMUSG00000054379	2410024N13Rik	1432302_s_at	NA	-0.399305842580409	-0.1	NA	-1.11216763061762	-0.1
ENSMUSG00000054387	Mdm4	1453982_at	NA	0.672774693052921	0.1	NA	-2.0199454444394	-0.2
ENSMUSG00000054391	4930517O19Rik	1430968_at	NA	-0.843342886454465	-0.1	NA	-0.0942171164659801	0
ENSMUSG00000054400	Cklf	1458559_at	NA	1.43928212544432	0.2	NA	0.394911407217048	0
ENSMUSG00000054404	Slfn5	1458458_at	NA	1.01285031919247	0.1	0.0910025677635334	-2.38744603464986	-0.2
ENSMUSG00000054409	Tmem74	1439807_at	NA	1.07981759162653	0.1	NA	-0.455440196187153	0
ENSMUSG00000054412	Gm4793	1458529_at	NA	0.568728095823163	0.1	NA	2.21397956894239	0.2
ENSMUSG00000054414	Slc30a7	1435717_at	0.0424339591901669	3.57048079586798	0.7	NA	1.84312002999718	0.1
ENSMUSG00000054418	2900041M22Rik	1444801_at	NA	0.548851735365239	0.1	NA	-1.17371162151038	-0.1
ENSMUSG00000054426	A930005H10Rik	1441264_x_at	NA	-2.99347419243265	-0.3	0.498594514328653	-0.887389221314532	-0.1
ENSMUSG00000054428	Atpif1	1453681_at	NA	1.02293293643369	0.2	NA	0.0866283745770343	0
ENSMUSG00000054455	Vapb	1458501_at	NA	-0.543182692908855	-0.1	NA	0.457484659414316	0
ENSMUSG00000054457	9430021M05Rik	1430464_at	NA	-0.0823817887337717	0	NA	-0.358430259629085	0
ENSMUSG00000054488	Gm9946	1444838_at	NA	0.361753275112265	0	NA	-0.0679388415523481	0
ENSMUSG00000054493	Gm9947	1446435_at	NA	1.246294864509	0.1	NA	-0.334385384634534	0
ENSMUSG00000054509	Parp4	1441026_at	NA	-1.28330593947869	-0.2	NA	0.656367977927047	0.1
ENSMUSG00000054517	Trim65	1442004_at	NA	0.647295317210221	0.1	NA	-1.37585123803805	-0.1
ENSMUSG00000054519	Zfp867	1438079_at	NA	-0.133609058007577	0	NA	1.71192389252565	0.1
ENSMUSG00000054537	Tmprss11e	1458871_at	NA	-0.468766059178947	-0.1	NA	-0.176869349836235	0
ENSMUSG00000054555	Adam12	1453073_at	NA	-1.8706670176952	-0.2	NA	0.264339297761709	0
ENSMUSG00000054556	Gm4876	1458024_at	NA	0.308646148745181	0	NA	0.110492763730082	0
ENSMUSG00000054582	Pabpc1l	1439913_at	NA	2.10742296819796	0.3	0.11451639363173	-2.19503055078391	-0.2
ENSMUSG00000054604	Cggbp1	1455658_at	NA	0.0609903762416325	0	0.0393311263350823	-3.07543139854271	-0.3
ENSMUSG00000054611	Kdm2a	1455942_at	NA	2.0868887649156	0.4	0.345565182607367	1.22189945680687	0.2
ENSMUSG00000054622	D730045B01Rik	1430372_at	NA	-0.74135911100855	-0.1	NA	-0.603722074153304	-0.1
ENSMUSG00000054640	Slc8a1	1437675_at	NA	-0.292564606880569	0	NA	0.651263973586708	0.1
ENSMUSG00000054641	Mmrn1	1437260_at	NA	1.07297002906003	0.2	NA	-0.679520826989099	-0.1
ENSMUSG00000054662	Ano9	1453041_at	NA	-1.27058428362725	-0.2	NA	-0.510703549165386	0
ENSMUSG00000054667	Irs4	1441429_at	NA	-0.868992522605724	-0.1	NA	-0.228099257229304	0
ENSMUSG00000054672	5830411N06Rik	1438536_at	NA	0.191334186559996	0	NA	-0.612377920226298	0
ENSMUSG00000054676	1600014C10Rik	1434715_at	NA	-0.0635473333258571	0	NA	0.511006266542046	0
ENSMUSG00000054679	Srsf12	1437168_at	NA	-0.0493159138312986	0	NA	-0.548718062094774	0
ENSMUSG00000054702	Ap1s3	1455735_at	NA	0.817442862592693	0.1	0.353159831774255	1.20440914554177	0.2
ENSMUSG00000054715	Zscan22	1436360_at	0.905468208548332	-0.164504427614281	0	NA	0.51076335835906	0
ENSMUSG00000054716	Zfp771	1440817_x_at	NA	1.83732529674946	0.3	0.709986236351758	0.502764469664573	0.1
ENSMUSG00000054717	Hmgb2	1438307_at	NA	0.582609886835016	0.1	0.244227064933059	-1.53861522891215	-0.2
ENSMUSG00000054720	Lrrc8c	1455398_at	NA	-0.206318752739432	0	0.0884496271802976	-2.4127385292788	-0.2
ENSMUSG00000054723	Vmac	1433687_at	NA	2.01112008017458	0.3	NA	-1.24355026478263	-0.1
ENSMUSG00000054727	1700013H16Rik	1453331_at	NA	-1.37974486591384	-0.1	NA	0.773536273621447	0.1
ENSMUSG00000054728	Phactr1	1454832_at	NA	0.446592906383032	0.1	NA	-0.983161458989971	-0.1
ENSMUSG00000054737	Zfp182	1456504_at	NA	-0.0359871406181739	0	NA	0.476777334905922	0
ENSMUSG00000054753	AU018091	1435154_at	NA	0.578531241317159	0.1	NA	-0.575219609942683	0
ENSMUSG00000054763	Defb42	1457127_at	NA	0.174757864326316	0	NA	0.576785316581452	0
ENSMUSG00000054770	Kctd18	1441239_at	NA	0.843644309594793	0.1	NA	-1.61115472360332	-0.1
ENSMUSG00000054779	Fgf2os	1443200_at	NA	-0.524427120905065	-0.1	NA	-2.39537525659514	-0.2
ENSMUSG00000054792	Klhl18	1455543_at	NA	0.562466233505625	0.1	NA	0.877538911683091	0.1
ENSMUSG00000054814	Usp46	1436518_at	NA	-0.875704139033853	-0.1	NA	1.06744170551036	0.1
ENSMUSG00000054823	Nsd3	1447931_at	0.283961318534098	1.59714173692761	0.4	NA	1.27727265498484	0.1
ENSMUSG00000054836	Elp6	1440826_s_at	0.0953290710087036	2.7107549454654	0.5	0.0157600528828096	-3.91201112361158	-0.4
ENSMUSG00000054843	Atrnl1	1419922_s_at	0.0581792221775225	3.2175884345182	0.7	0.00476513650935862	5.02417434490611	0.6
ENSMUSG00000054850	Smim10l2a	1435200_at	NA	-1.48307593038398	-0.2	NA	0.0797395488194579	0
ENSMUSG00000054855	Rnd1	1455197_at	NA	-2.69792689770578	-0.4	0.0135080759755964	-4.07623976789144	-0.3
ENSMUSG00000054885	4930578G10Rik	1454239_at	NA	0.375132053972386	0	NA	-1.03338466626334	-0.1
ENSMUSG00000054893	Zfp667	1436122_at	NA	1.68000064764319	0.3	NA	1.7950625681867	0.2
ENSMUSG00000054901	Arhgef33	1458753_at	NA	0.463107272724311	0.1	NA	1.43869504947413	0.1
ENSMUSG00000054909	Wbscr25	1430644_at	NA	0.0118462299579531	0	NA	-0.407275573035729	0
ENSMUSG00000054910	4931415C17Rik	1431538_at	NA	-0.566662042138976	-0.1	NA	-1.46479731481441	-0.1
ENSMUSG00000054920	Klhl5	1444486_at	NA	0.161365402413057	0	NA	-1.36835703173388	-0.1
ENSMUSG00000054931	Zkscan4	1435993_at	NA	-0.0683648466675231	0	NA	-0.20171234335709	0
ENSMUSG00000054942	Miga1	1437002_at	NA	-1.16729243531729	-0.1	NA	0.0314564255038662	0
ENSMUSG00000054945	Gm9958	1455661_at	NA	0.894642070709737	0.1	0.301110267428547	-1.34808890844011	-0.1
ENSMUSG00000054951	9130008F23Rik	1430221_at	NA	0.841262626277377	0.1	NA	1.49278595630654	0.1
ENSMUSG00000054966	Lmntd1	1429920_at	NA	0.87795714810528	0.1	NA	-1.11177842067518	-0.1
ENSMUSG00000054967	Zfp647	1455633_at	0.300166455488079	1.52083580217519	0.5	NA	-0.647669899590118	-0.1
ENSMUSG00000054978	Kbtbd13	1430176_at	NA	0.335661847528529	0	NA	-1.32333021179314	-0.1
ENSMUSG00000054988	Agtr1b	1446527_at	NA	-0.00379962576908582	0	NA	0.09567439357498	0
ENSMUSG00000054999	Naaladl1	1457068_at	NA	0.542031610219635	0.1	NA	-0.288703100781452	0
ENSMUSG00000055003	Lrtm2	1433744_at	NA	2.00817629382126	0.2	NA	-1.50508183157902	-0.1
ENSMUSG00000055013	Agap1	1435432_at	0.0340904164301543	-3.81795047231626	-0.7	0.0487195096227019	-2.89502203183358	-0.3
ENSMUSG00000055024	Ep300	1434765_at	0.232248247578327	1.83137684872969	0.4	0.139785387829644	2.01089603869842	0.2
ENSMUSG00000055026	Gabrg3	1445846_at	NA	0.374430940091038	0.1	NA	-0.186596557440816	0
ENSMUSG00000055027	Smyd1	1443726_at	NA	1.34164140630747	0.1	NA	-1.18744529677621	-0.1
ENSMUSG00000055045	Gm11190	1459347_at	NA	0.721185160128978	0.1	NA	-2.09100525212518	-0.2
ENSMUSG00000055053	Nfic	1429148_at	0.0933557712812546	2.74513592223417	0.6	0.253736111708144	1.50258185071592	0.2
ENSMUSG00000055061	4931431C16Rik	1430721_at	NA	-0.878653701896402	-0.1	NA	-0.0429836998457472	0
ENSMUSG00000055067	Smyd3	1452817_at	NA	0.959119227010688	0.2	NA	0.677278591965547	0.1
ENSMUSG00000055069	Rab39	1437762_at	NA	0.413745623780649	0	NA	0.277214099003072	0
ENSMUSG00000055078	Gabra5	1433602_at	NA	1.18757351772449	0.1	NA	1.31520554928442	0.1
ENSMUSG00000055102	Zfp819	1431865_a_at	NA	0.327510677239601	0	0.560015520689978	-0.770806262826163	-0.1
ENSMUSG00000055110	A630012P03Rik	1439310_at	NA	-1.11567361440447	-0.2	NA	-0.274206064806216	0
ENSMUSG00000055116	Arntl	1438862_at	NA	-0.43699775416416	-0.1	NA	0.0164807889951245	0
ENSMUSG00000055128	Cgrrf1	1453409_at	NA	-0.797308141611855	-0.1	NA	-1.37740194807058	-0.1
ENSMUSG00000055134	9130017K11Rik	1430201_at	NA	-0.898104315877933	-0.2	NA	-0.173428264871928	0
ENSMUSG00000055137	Sugct	1442191_at	NA	0.860981619050102	0.1	NA	-1.61050732177668	-0.1
ENSMUSG00000055150	Zfp78	1446349_at	0.515786010243692	-0.861023029807126	-0.2	NA	-0.786280619230531	-0.1
ENSMUSG00000055184	Fam72a	1456163_at	NA	-0.722821367844242	-0.1	NA	1.54997900714631	0.1
ENSMUSG00000055188	Rbm3os	1457394_at	NA	1.10160372865823	0.2	NA	0.176568889983179	0
ENSMUSG00000055202	Zfp811	1436592_at	NA	-1.67659542273694	-0.2	NA	0.313371244445721	0
ENSMUSG00000055204	Ankrd17	1415726_at	0.121606888773167	2.46345214943485	0.5	0.0230835921607369	3.56900875290251	0.4
ENSMUSG00000055210	Foxd2	1442315_at	NA	0.715116455014681	0.1	NA	-1.65316392802076	-0.1
ENSMUSG00000055254	Ntrk2	1437560_at	NA	1.58941661638986	0.2	NA	-0.886061099257602	-0.1
ENSMUSG00000055271	9330161L09Rik	1431641_at	NA	-1.52861323314748	-0.2	0.0261485792550801	-3.43058898931019	-0.3
ENSMUSG00000055305	Zfp93	1441876_x_at	NA	1.20658718086976	0.1	NA	1.68726980436215	0.2
ENSMUSG00000055312	Them7	1453043_at	NA	0.835629023503709	0.1	NA	-3.59581370273302	-0.3
ENSMUSG00000055313	Pgbd1	1444584_at	NA	-0.0213942464810478	0	0.116683112505021	-2.17824180800148	-0.2
ENSMUSG00000055319	Sec23ip	1439882_at	NA	0.646077356435775	0.1	0.505751999142466	-0.871467066834631	-0.1
ENSMUSG00000055320	Tead1	1429556_at	0.242617726439455	1.78262434127876	0.4	NA	0.750238302142793	0.1
ENSMUSG00000055322	Tns1	1428650_at	NA	0.9061244481738	0.1	0.67926212780418	-0.556399382486647	-0.1
ENSMUSG00000055333	Fat2	1457135_at	NA	0.502172571578209	0.1	NA	0.00550964924604682	0
ENSMUSG00000055334	Snupn	1452808_at	NA	-0.0558354273671032	0	NA	-0.90099019204502	-0.1
ENSMUSG00000055341	Zfp457	1447605_at	NA	-0.498985109213267	-0.1	NA	-0.94560939094825	-0.1
ENSMUSG00000055368	Slc6a2	1447311_at	NA	0.483639696177917	0.1	NA	-0.400037047923013	0
ENSMUSG00000055371	Stam2	1440034_at	NA	0.593390036039349	0.1	0.0405151220681942	3.04723598072295	0.2
ENSMUSG00000055373	Fut9	1457409_at	NA	-0.814376347951855	-0.1	NA	-1.39972685692847	-0.1
ENSMUSG00000055403	4933427D06Rik	1446883_at	NA	-0.126763572953079	0	NA	-0.489472448962733	0
ENSMUSG00000055407	Map6	1457316_at	NA	-0.154526596446786	0	NA	-1.07795632880192	-0.1
ENSMUSG00000055409	Nell1	1433787_at	NA	-0.431898358090579	-0.1	NA	-0.752762209933685	-0.1
ENSMUSG00000055415	Atp10b	1453352_at	NA	-0.673359965492625	-0.1	NA	-1.39344068102468	-0.1
ENSMUSG00000055421	Pcdh9	1442659_at	NA	0.344745992438244	0	NA	-0.228683712582547	0
ENSMUSG00000055435	Maf	1437473_at	NA	1.28184533907361	0.1	0.0431431598306035	3.00392559018975	0.4
ENSMUSG00000055436	Srsf11	1439095_at	NA	0.934101894346812	0.1	NA	0.378301113882802	0
ENSMUSG00000055447	Cd47	1430997_at	NA	0.445050990006976	0.1	NA	0.456426774016678	0
ENSMUSG00000055480	Zfp458	1445824_at	NA	-0.165792275996975	0	NA	-0.633642792660454	0
ENSMUSG00000055485	Soga1	1456634_at	NA	0.532982024260072	0.1	NA	1.27974149687477	0.1
ENSMUSG00000055494	Gm14168	1441032_at	NA	-0.653664458099357	-0.1	NA	-2.31419420514786	-0.2
ENSMUSG00000055523	Gucy2g	1430336_at	NA	0.862988470435942	0.1	NA	-2.95332060127444	-0.2
ENSMUSG00000055531	Cpsf6	1428232_at	0.102003272943434	2.64797114707461	0.8	0.880854255556845	-0.20953320449644	0
ENSMUSG00000055538	Zcchc24	1428431_at	NA	2.44491338070667	0.3	NA	0.285232759160882	0
ENSMUSG00000055541	Lair1	1439067_at	NA	-1.87971153454396	-0.2	NA	-0.582528198818462	0
ENSMUSG00000055546	Timd4	1455318_at	NA	0.130587323393828	0	NA	-1.6844030755478	-0.2
ENSMUSG00000055547	Apobec4	1454089_at	0.299828905176153	-1.5224940237025	-0.3	0.571828326975629	0.750262961989801	0.1
ENSMUSG00000055553	Kxd1	1428180_at	NA	-0.71612179029586	-0.1	NA	0.00697761428550555	0
ENSMUSG00000055555	4930502E18Rik	1429934_at	NA	-0.276880660511847	0	NA	-0.883582986073	-0.1
ENSMUSG00000055561	Spink5	1430567_at	NA	0.890273862491975	0.1	NA	0.0522110779686805	0
ENSMUSG00000055567	Unc80	1434989_at	NA	0.660557689503509	0.1	NA	-1.23276109580157	-0.1
ENSMUSG00000055594	5530400C23Rik	1432535_at	NA	-1.11912001649298	-0.1	NA	-0.49741970877098	0
ENSMUSG00000055629	B4galnt4	1435913_at	NA	0.143320219023316	0	NA	-3.27037806805204	-0.3
ENSMUSG00000055633	Zfp580	1429634_at	NA	0.0654350778588916	0	NA	1.59216361224225	0.1
ENSMUSG00000055639	Dach1	1433743_at	NA	0.368216719181991	0	NA	-0.385789388439786	0
ENSMUSG00000055643	Ubqln5	1453516_at	NA	-0.823925419791461	-0.1	NA	-1.55666535939404	-0.1
ENSMUSG00000055652	Klhl25	1453101_at	NA	1.72505167779031	0.3	NA	0.475955044826262	0
ENSMUSG00000055660	Mettl4	1453036_at	NA	1.84884924291166	0.2	NA	-0.451664872252044	0
ENSMUSG00000055670	Zzef1	1438691_at	NA	1.47775902692484	0.2	NA	1.03048842924853	0.1
ENSMUSG00000055675	Kbtbd11	1435465_at	0.0340904164301543	3.80878336944817	0.5	NA	-1.58793116982843	-0.1
ENSMUSG00000055700	4933401B06Rik	1453874_at	NA	-1.233573906075	-0.2	NA	0.684673303985554	0
ENSMUSG00000055748	Gsdmc4	1430641_at	NA	1.83477122909459	0.2	NA	-0.492514581266542	0
ENSMUSG00000055782	Abcd2	1456812_at	NA	1.50571538678619	0.2	NA	-2.02337353918264	-0.2
ENSMUSG00000055833	1700034H15Rik	1456959_at	NA	0.985229187729518	0.1	0.135135746552746	-2.04197224970687	-0.2
ENSMUSG00000055850	Rnf181	1453800_at	NA	-1.26622934695065	-0.1	NA	-0.447226433220062	0
ENSMUSG00000055862	Izumo4	1452809_at	NA	1.89508876493567	0.3	NA	0.304380983380149	0
ENSMUSG00000055865	Tafa3	1442160_at	NA	-0.86108059678784	-0.1	NA	-1.58550329186818	-0.1
ENSMUSG00000055884	Fancm	1457730_at	NA	0.386550197456389	0	NA	-1.75416942554789	-0.1
ENSMUSG00000055895	Oosp2	1439935_at	NA	-1.47654740088946	-0.2	NA	0.308600944929474	0
ENSMUSG00000055897	Ppp4r1l-ps	1439593_s_at	NA	-0.602017845425841	-0.1	NA	-0.455600236976631	0
ENSMUSG00000055900	Tmem69	1457680_a_at	NA	-2.1830053115244	-0.3	NA	-0.458100150359274	0
ENSMUSG00000055917	Zfp277	1443362_at	NA	1.89144945264034	0.2	0.00546460410453147	-4.88610596492002	-0.3
ENSMUSG00000055923	Aasdh	1440364_a_at	0.397922021415908	-1.18332330862862	-0.3	NA	2.77156802110195	0.2
ENSMUSG00000055926	Gm14137	1456784_at	NA	-0.0539344206099586	0	NA	-0.406985551991625	0
ENSMUSG00000055933	Oosp3	1436437_at	NA	0.825860844735748	0.1	NA	0.679401259781169	0.1
ENSMUSG00000055937	Krt28	1430132_at	NA	0.128575868606995	0	NA	-0.905877270372331	-0.1
ENSMUSG00000055943	Emc7	1439817_at	NA	0.0768772476687533	0	0.0955436664447644	2.34909024330019	0.2
ENSMUSG00000055945	Prr18	1455392_at	NA	-0.229703596009284	0	0.0558200349403639	-2.78345238667569	-0.3
ENSMUSG00000055963	Triqk	1440215_at	NA	2.62245874574962	0.3	0.0576062066017268	2.75525795721016	0.2
ENSMUSG00000055978	Fut2	1434862_at	NA	-0.91053089544785	-0.1	NA	1.03822498816711	0.1
ENSMUSG00000056004	9330182L06Rik	1438324_at	NA	-0.263907431748642	0	NA	0.459740500762804	0
ENSMUSG00000056014	A430033K04Rik	1457028_at	NA	2.09030556345983	0.3	NA	-0.191870438369873	0
ENSMUSG00000056018	Ccdc7b	1439003_s_at	NA	-0.464906325969457	-0.1	NA	1.17800018114263	0.1
ENSMUSG00000056019	Zfp709	1459386_at	NA	0.230304992386624	0	0.255108614094051	-1.49809231576272	-0.2
ENSMUSG00000056023	Gm9989	1459945_at	NA	-0.347203078403082	0	NA	-2.33426714951443	-0.2
ENSMUSG00000056043	Rgs9bp	1440256_at	NA	1.00440003815223	0.1	NA	-0.083880648926305	0
ENSMUSG00000056050	Mia3	1459984_at	NA	0.68229792005826	0.1	0.0259686758269132	3.44377603063136	0.3
ENSMUSG00000056061	Gata5os	1431971_at	NA	-0.38678952593141	0	0.814675111738266	-0.32242765248581	0
ENSMUSG00000056069	Otulinl	1440718_at	NA	0.190571229108838	0	NA	0.268222129511437	0
ENSMUSG00000056073	Grik2	1445234_at	NA	-1.94474205980878	-0.3	0.45140102833762	0.984981499558668	0.1
ENSMUSG00000056078	Lipm	1430550_at	NA	0.0719965310488596	0	NA	-0.688720741748271	-0.1
ENSMUSG00000056131	Pgm3	1428228_at	NA	-2.98810075671142	-0.3	0.0057878845336153	4.81582547040164	0.5
ENSMUSG00000056145	AI504432	1455161_at	NA	0.709856736053214	0.1	NA	-0.408373007159279	0
ENSMUSG00000056153	Socs6	1435492_at	0.885686842523234	-0.191334553210667	-0.1	NA	-0.534387532202214	-0.1
ENSMUSG00000056158	Car10	1431288_at	NA	1.1976021519586	0.1	NA	-0.298708662106931	0
ENSMUSG00000056162	Cndp1	1455561_at	NA	-0.629610204910228	-0.1	NA	-1.45299905224488	-0.1
ENSMUSG00000056167	Cnot10	1433882_at	NA	1.62895439352416	0.2	NA	0.558608493394365	0
ENSMUSG00000056174	Col8a2	1434667_at	0.163823782422505	2.16679494490434	0.4	0.000208852838574322	9.64467535166284	2
ENSMUSG00000056185	Snx32	1433449_at	0.172852244339672	-2.1167836491012	-0.4	NA	0.521380085736276	0
ENSMUSG00000056204	Pgpep1	1460001_at	NA	2.26242006649334	0.2	NA	0.309426772698373	0
ENSMUSG00000056211	R3hdm1	1457336_at	NA	-1.09869807996356	-0.1	NA	-1.14580530625147	-0.1
ENSMUSG00000056215	Lrguk	1430217_at	NA	1.46835448701076	0.2	NA	-1.61140745280328	-0.1
ENSMUSG00000056228	Cars2	1428524_at	NA	1.46399546741384	0.2	0.00906009771465667	-4.41006676170163	-0.4
ENSMUSG00000056258	Kcnq3	1435957_at	NA	0.462826681062869	0.1	NA	0.538065360016155	0
ENSMUSG00000056260	Lrif1	1428162_at	0.402796327010337	-1.16903167343653	-0.4	0.557836251240546	0.774899524795951	0.1
ENSMUSG00000056268	Dennd1b	1428829_at	NA	0.238920285212579	0	NA	0.964750906463974	0.1
ENSMUSG00000056270	Prr9	1444061_at	NA	-0.370340296390547	-0.1	0.0109067582322165	4.24964560162955	0.5
ENSMUSG00000056293	Gsdmc2	1454883_at	NA	-1.25418107140822	-0.2	NA	-0.120632064236668	0
ENSMUSG00000056306	Sertm1	1436444_at	NA	0.280359260928328	0	0.777870633357916	0.383689575858458	0
ENSMUSG00000056310	Tyw1	1446070_at	NA	1.53720601126568	0.2	NA	-1.31582889174102	-0.1
ENSMUSG00000056313	Tcim	1435595_at	NA	1.24074867740495	0.1	0.268740142751329	-1.45045871034729	-0.1
ENSMUSG00000056329	1810010K12Rik	1432209_at	NA	1.43783863329745	0.2	NA	0.760827930766113	0.1
ENSMUSG00000056342	Usp34	1444437_at	NA	0.68288088884988	0.1	NA	0.337877763158944	0
ENSMUSG00000056367	Actr3b	1435605_at	NA	1.21328566709194	0.2	0.0383440203396783	3.09985002677388	0.3
ENSMUSG00000056380	Gpr50	1455498_at	NA	-0.312262008041611	0	NA	1.14869642865732	0.1
ENSMUSG00000056383	AI987944	1455914_at	NA	-0.143805091658374	0	NA	0.166085917607078	0
ENSMUSG00000056411	Gm12500	1438128_at	0.406764179305625	-1.15398221127976	-0.3	NA	0.120522673675884	0
ENSMUSG00000056413	Adap1	1433556_at	NA	1.05595209369887	0.1	NA	-2.32665427696002	-0.2
ENSMUSG00000056445	Hoxaas2	1431398_at	NA	-0.220218327514305	0	NA	-0.440919209527409	0
ENSMUSG00000056476	Med12l	1441159_at	0.28392461990213	-1.59938841323393	-0.3	NA	-0.910886775934933	-0.1
ENSMUSG00000056486	Chn1	1445691_at	NA	0.435704704860928	0.1	NA	-1.47446100270026	-0.1
ENSMUSG00000056492	Adgrf5	1440830_at	NA	-0.0413242611963314	0	NA	1.36132278749266	0.1
ENSMUSG00000056493	Foxk1	1434655_at	NA	0.100481059954622	0	0.13681576067891	2.0325725581738	0.2
ENSMUSG00000056498	Tmem154	1437245_at	NA	0.578233550018975	0.1	NA	0.766422854398621	0.1
ENSMUSG00000056509	Gm9999	1440469_at	NA	-0.711005306384546	-0.1	NA	-0.706015163580709	-0.1
ENSMUSG00000056531	Ccdc18	1453600_at	NA	0.930633731668973	0.1	NA	-1.2346173795094	-0.1
ENSMUSG00000056536	Pign	1435262_at	NA	0.957683598245878	0.1	NA	2.69426794284984	0.2
ENSMUSG00000056537	Rlim	1440850_at	NA	0.736707676748378	0.1	NA	1.5641199946401	0.1
ENSMUSG00000056544	Defb21	1447395_at	NA	-0.587655691837876	-0.1	NA	-0.74060074313707	-0.1
ENSMUSG00000056579	Tug1	1415708_at	0.262663027658223	1.68404859167964	0.6	0.138158236570914	2.02300693935115	0.3
ENSMUSG00000056592	Zfp658	1439181_at	NA	0.628166665410083	0.1	0.864338230792669	-0.236638526966048	0
ENSMUSG00000056596	Trnp1	1453008_at	NA	1.74542842204234	0.3	0.00125270521688989	6.51901297299453	1.1
ENSMUSG00000056598	Drc3	1440117_at	NA	1.85143764568296	0.2	NA	-0.718553795270665	-0.1
ENSMUSG00000056602	Fry	1457131_at	NA	0.496164587645056	0.1	0.683888080226239	-0.547916772657169	-0.1
ENSMUSG00000056608	Chd9	1457672_at	0.148518367330218	2.27660203063317	0.4	0.267484861180032	-1.4543763829394	-0.2
ENSMUSG00000056617	4931429L15Rik	1431874_at	NA	-0.61126238310509	-0.1	NA	-0.587342589876862	0
ENSMUSG00000056632	Dsg3	1442936_at	NA	0.375757821892121	0	NA	-0.517439399645369	0
ENSMUSG00000056643	Chst13	1453462_at	0.246561780021591	1.76288558294732	0.3	NA	-1.24577767328479	-0.1
ENSMUSG00000056656	Apol8	1441054_at	NA	1.14184958136446	0.1	NA	-1.42305485465057	-0.1
ENSMUSG00000056665	Them6	1428860_at	0.0240917599822383	4.20208598054743	0.5	NA	1.20491668456923	0.1
ENSMUSG00000056671	Prelid2	1436194_at	0.0377424450913138	3.69628055240958	0.8	0.000387887398454942	7.92250964184667	0.8
ENSMUSG00000056679	Gpr173	1429986_at	NA	-1.36632432733102	-0.2	NA	0.00599698446817428	0
ENSMUSG00000056682	4930465K10Rik	1453862_at	NA	-0.752908539706874	-0.1	NA	0.393459439858972	0
ENSMUSG00000056687	Gm11696	1458888_at	NA	-1.51496641923813	-0.2	NA	0.0759342659266994	0
ENSMUSG00000056698	Elmod3	1436695_x_at	NA	0.736524235464785	0.1	0.092667036449818	2.37187066647066	0.2
ENSMUSG00000056706	Krtap7-1	1432540_at	NA	1.95959480811689	0.2	NA	-0.559443762669925	-0.1
ENSMUSG00000056724	Nbeal2	1456881_at	NA	-0.38068967826529	0	NA	-2.12238698724108	-0.2
ENSMUSG00000056735	A930024E05Rik	1440206_at	NA	0.20921666778793	0	NA	-0.0368888853665901	0
ENSMUSG00000056752	Dnah9	1457401_at	NA	1.02658956525816	0.2	NA	-1.77430880658655	-0.2
ENSMUSG00000056755	Grm7	1443119_at	NA	0.707852316496036	0.1	NA	-0.426854799737094	0
ENSMUSG00000056763	Cspp1	1454989_at	NA	0.938232741342069	0.2	NA	1.8340888613362	0.1
ENSMUSG00000056771	Gm10010	1440290_at	NA	1.64280061940781	0.2	NA	-0.323607195520695	0
ENSMUSG00000056812	St8sia3	1446207_at	NA	-0.756330776050792	-0.2	NA	-0.777330473134302	-0.1
ENSMUSG00000056821	1700028I16Rik	1453459_at	NA	0.790349415558967	0.1	NA	-0.649026425511786	0
ENSMUSG00000056832	Ttc26	1435401_at	NA	2.09785367326259	0.3	0.00449964983565582	5.07568319017051	0.5
ENSMUSG00000056856	Jakmip3	1435849_at	NA	-1.4444341738548	-0.2	NA	-0.202019482837147	0
ENSMUSG00000056870	Gulp1	1453771_at	0.0082953728997944	5.69691026678987	1	0.000341587439642499	8.1504433918182	0.8
ENSMUSG00000056880	Gadl1	1430843_at	NA	0.0587345791385167	0	NA	-0.0868544341370074	0
ENSMUSG00000056900	Usp13	1455473_at	NA	-0.934181059551374	-0.1	NA	0.754252685675584	0.1
ENSMUSG00000056912	1700017N19Rik	1430140_at	NA	-0.0131967366579741	0	NA	-1.4434536148314	-0.1
ENSMUSG00000056919	Cep162	1440467_at	NA	0.529035329105598	0.1	NA	-0.2248087851125	0
ENSMUSG00000056938	Acbd4	1428271_at	NA	1.27099593499042	0.2	NA	1.88871703984459	0.2
ENSMUSG00000056941	Commd7	1456264_at	0.598672428882968	0.679972874841216	0.2	0.119896716457326	2.15248325757152	0.2
ENSMUSG00000056952	Tatdn2	1454769_at	NA	0.226642673378518	0	0.828486717198882	-0.29998708230674	0
ENSMUSG00000056959	Olfr315	1445219_at	NA	0.859423601264693	0.1	NA	0.206987686754738	0
ENSMUSG00000056966	Gjc3	1445523_at	NA	-0.465164197179111	0	NA	-1.35252617537533	-0.1
ENSMUSG00000056987	Fam71d	1429397_a_at	NA	-0.510505908867702	-0.1	NA	-0.403341402412728	0
ENSMUSG00000056999	Ide	1441860_x_at	NA	1.41803050203056	0.2	0.154673744510004	-1.92713934877521	-0.2
ENSMUSG00000057000	Nxf3	1456035_at	NA	1.53199630731824	0.2	NA	0.193165786327807	0
ENSMUSG00000057003	Myh4	1458368_at	NA	-0.967511053933936	-0.1	NA	-1.25708197646539	-0.1
ENSMUSG00000057047	1700010B08Rik	1429827_at	NA	1.84306911858584	0.2	NA	-0.861875081009853	-0.1
ENSMUSG00000057058	Skap1	1437249_at	NA	-0.450773136675606	-0.1	NA	-0.187568963896197	0
ENSMUSG00000057068	Fam47e	1455383_at	NA	-0.83937699597913	-0.1	NA	-1.45192046943749	-0.1
ENSMUSG00000057093	Zfp607b	1453649_at	NA	0.0960159269574674	0	NA	0.897484860766799	0.1
ENSMUSG00000057098	Ebf1	1439789_at	NA	1.04531512850658	0.1	NA	1.55092445174275	0.1
ENSMUSG00000057101	Zfp180	1428170_at	NA	0.299500846926976	0	NA	0.891772621079351	0.1
ENSMUSG00000057110	Cntrl	1435779_at	NA	-0.402021864494261	-0.1	NA	1.09478059733398	0.1
ENSMUSG00000057133	Chd6	1431047_at	NA	-0.25674162613529	0	0.548840885229017	-0.791067808317782	-0.1
ENSMUSG00000057134	Ado	1435923_at	0.529078546192829	0.830354113612928	0.2	0.101901443816715	2.29311778734047	0.3
ENSMUSG00000057137	Tmem140	1443556_at	NA	-1.17401959767667	-0.2	NA	-0.173820971158841	0
ENSMUSG00000057143	Trim12c	1445271_at	NA	-0.441739424102826	-0.1	NA	0.604430224838731	0.1
ENSMUSG00000057156	Homez	1434636_at	NA	-0.957722829138492	-0.1	NA	-1.64519543375545	-0.2
ENSMUSG00000057173	Rfx8	1435724_at	0.449012388988349	-1.03817215646468	-0.2	NA	-2.98141537684085	-0.2
ENSMUSG00000057176	Ccdc189	1434634_at	NA	-0.480211259581526	-0.1	NA	0.147454416667492	0
ENSMUSG00000057181	5730455P16Rik	1456419_at	NA	-0.309718376320299	0	NA	0.715844728969238	0.1
ENSMUSG00000057182	Scn3a	1439204_at	NA	0.377435763851206	0	NA	0.337875251886669	0
ENSMUSG00000057191	AB124611	1438475_at	NA	-0.207717045050025	0	NA	0.74126540675004	0.1
ENSMUSG00000057195	Ceacam13	1431647_a_at	NA	-0.315674446795029	0	NA	0.296446994244704	0
ENSMUSG00000057229	Dmac2	1430450_at	NA	-0.931645724421278	-0.1	NA	0.163530829090118	0
ENSMUSG00000057230	Aak1	1441782_at	NA	0.751138952107682	0.2	NA	0.61039033570731	0.1
ENSMUSG00000057234	Mettl15	1428900_s_at	NA	-0.315063258460442	-0.1	0.123644271966696	2.12059677897018	0.3
ENSMUSG00000057236	Rbbp4	1456260_at	0.3953113392575	1.19174862482201	0.4	NA	0.693079287675935	0.1
ENSMUSG00000057240	Ms4a13	1429576_at	NA	1.35618765541592	0.2	0.00771212670489146	-4.54869892878034	-0.4
ENSMUSG00000057246	BC051142	1437264_at	NA	0.554854590955063	0.1	NA	0.37661238147205	0
ENSMUSG00000057265	Bbof1	1438122_at	NA	0.874256366141863	0.1	NA	0.106610899524087	0
ENSMUSG00000057315	Arhgap24	1430712_at	0.554580470303481	-0.76999991631266	-0.2	NA	-0.0664847931896155	0
ENSMUSG00000057329	Bcl2	1457687_at	NA	0.363156557786173	0.1	NA	0.952132517083692	0.1
ENSMUSG00000057335	Cep170	1453581_at	NA	0.645964558864084	0.1	NA	0.60171421063789	0.1
ENSMUSG00000057359	Gm17494	1457406_at	NA	-0.542896017693829	-0.1	NA	-1.20100239141278	-0.1
ENSMUSG00000057367	Birc2	1430752_at	NA	0.737713515743215	0.1	NA	0.708835021235702	0.1
ENSMUSG00000057375	Yipf1	1442647_at	NA	1.30893493699474	0.1	NA	-1.39620184363085	-0.1
ENSMUSG00000057378	Ryr3	1432133_at	NA	1.30231145545293	0.2	NA	-1.60268967287642	-0.1
ENSMUSG00000057406	Nsd2	1428827_at	NA	1.53784947975002	0.2	NA	-1.46238621514799	-0.1
ENSMUSG00000057421	Las1l	1446743_at	NA	-0.1919648333104	0	NA	0.0568105617604286	0
ENSMUSG00000057440	Mpp7	1454158_at	NA	-1.17853175232114	-0.2	NA	-1.75023759943648	-0.1
ENSMUSG00000057469	E2f6	1437914_at	NA	0.0583713719185246	0	NA	-0.923189659470358	-0.1
ENSMUSG00000057497	Fam136a	1441796_at	NA	0.973528205191325	0.1	NA	0.831458220745461	0.1
ENSMUSG00000057534	Elobl	1439055_at	NA	-0.4503608528843	-0.1	NA	-0.170689640699173	0
ENSMUSG00000057551	Zfp317	1439558_at	NA	0.217130159671155	0	NA	-0.0539391552161525	0
ENSMUSG00000057572	Zbtb8os	1453781_at	NA	1.09197625901178	0.1	NA	0.627807596657994	0
ENSMUSG00000057596	Trim30d	1435665_at	NA	1.01765954511805	0.1	NA	-2.16549141372727	-0.2
ENSMUSG00000057615	Ldoc1	1435815_at	NA	0.936658121700895	0.2	0.247199379283406	-1.52676754605672	-0.2
ENSMUSG00000057637	Prdm2	1444123_at	NA	0.00553216685229996	0	NA	-1.19953278520876	-0.1
ENSMUSG00000057649	Brd9	1456018_at	NA	2.69713531895085	0.3	0.0896573015532707	2.40146887794743	0.3
ENSMUSG00000057672	Pkn1	1459231_at	NA	-1.65866107428438	-0.2	NA	1.35566914520545	0.1
ENSMUSG00000057706	Mex3b	1437152_at	0.0288981548911088	4.0011842011525	0.6	NA	2.26254618408764	0.2
ENSMUSG00000057715	A830018L16Rik	1438213_at	NA	-0.442287736092014	0	NA	-0.701558406213158	-0.1
ENSMUSG00000057716	Tmem178b	1439605_at	NA	0.164441369321112	0	0.117542056497781	-2.16922434160549	-0.2
ENSMUSG00000057719	Sh3rf2	1456640_at	NA	-1.16292145932971	-0.1	0.0770146601114449	2.52435761589032	0.3
ENSMUSG00000057722	Lepr	1456156_at	NA	0.236175131048179	0	NA	-0.841725905551855	-0.1
ENSMUSG00000057751	Megf6	1437057_at	NA	3.14052352658922	0.3	0.00378849098946703	5.24259139067235	0.5
ENSMUSG00000057766	Ankrd29	1438756_at	NA	-0.0824560127503471	0	NA	-1.44404581746173	-0.1
ENSMUSG00000057778	Cyb5d2	1444065_at	NA	-1.77462680560052	-0.2	0.0311974574316747	-3.27134097151209	-0.3
ENSMUSG00000057788	Ddx49	1457947_at	NA	-0.167652361240344	0	NA	0.424884782060549	0
ENSMUSG00000057816	Cfap299	1453432_at	NA	-2.07302999866158	-0.2	0.131355768856253	-2.06911399439421	-0.2
ENSMUSG00000057818	1600029O15Rik	1454055_at	NA	0.177252320578426	0	NA	-0.36855960919276	0
ENSMUSG00000057842	Zfp595	1444206_at	NA	-0.274041371869731	0	NA	-1.73595939477571	-0.1
ENSMUSG00000057858	Fam204a	1452918_at	0.944541125272173	0.0948771106941184	0	0.214309867999333	1.6517997744711	0.3
ENSMUSG00000057914	Cacnb2	1456401_at	NA	1.26934630363519	0.2	NA	1.49245621320866	0.1
ENSMUSG00000057948	Unc13d	1428992_at	NA	-1.42858149644356	-0.2	NA	-0.755715371567489	-0.1
ENSMUSG00000057982	Zfp809	1440890_a_at	0.306671481427948	1.49031212454042	0.3	NA	0.0139517823343996	0
ENSMUSG00000058013	Sept11	1429233_at	NA	4.47819389986159	0.5	NA	1.24559138471389	0.1
ENSMUSG00000058019	Ces5a	1458331_x_at	0.615853915393741	0.645258969733526	0.1	NA	-1.58037132818212	-0.1
ENSMUSG00000058046	4933430I17Rik	1440666_at	NA	0.32527070105251	0	NA	0.445824536503751	0
ENSMUSG00000058056	Palld	1433768_at	0.146425034241859	2.29394124400552	0.4	0.00939208592446746	4.37500117491049	0.8
ENSMUSG00000058070	Eml1	1428321_at	NA	0.307226959900872	0.1	0.895959969761814	0.185761210029692	0
ENSMUSG00000058093	Zfp729b	1455196_s_at	NA	0.270227687533094	0	0.874648997408213	0.220531345362348	0
ENSMUSG00000058101	1700084J12Rik	1432398_at	NA	1.48013771412088	0.2	NA	0.612884093642591	0.1
ENSMUSG00000058152	Chsy3	1441554_at	NA	0.144211840172705	0	NA	-1.56508352470629	-0.1
ENSMUSG00000058153	Sez6l	1440128_s_at	NA	-0.366763038544131	0	NA	-0.631310450166969	0
ENSMUSG00000058174	Gm5148	1443541_at	NA	-1.2094430073736	-0.1	NA	-0.149840071329632	0
ENSMUSG00000058192	Zfp846	1431985_at	NA	1.26541526484084	0.2	NA	0.994836668319182	0.1
ENSMUSG00000058240	Cryzl1	1430547_s_at	0.750402818664981	-0.411147249913795	-0.1	0.00265397885710659	5.73082820842634	0.4
ENSMUSG00000058246	Gm10037	1458074_at	NA	0.627094206582116	0.1	NA	-0.745593016537928	-0.1
ENSMUSG00000058248	Kcnh1	1435994_at	NA	0.255428604389179	0	NA	-2.08561675030478	-0.2
ENSMUSG00000058252	Tcp11x2	1453339_at	NA	-2.06065315627859	-0.2	NA	-2.15813101929942	-0.2
ENSMUSG00000058260	Serpina9	1429285_at	NA	-0.537235767012051	-0.1	NA	1.62849546908221	0.1
ENSMUSG00000058267	Mrps14	1443262_at	NA	-0.549045273861214	-0.1	NA	-0.0264177847611718	0
ENSMUSG00000058290	Espl1	1433862_at	0.00208081958945798	9.06980333083019	1.3	0.0849651227099185	-2.44867505473884	-0.2
ENSMUSG00000058291	Zfp68	1457462_at	NA	-0.733232847467471	-0.1	NA	-0.519170042102163	0
ENSMUSG00000058298	Mcm9	1430563_at	NA	-0.605234576762248	-0.1	0.367349143402626	1.16929934077396	0.1
ENSMUSG00000058318	Phf21a	1435619_at	NA	0.725537467725847	0.1	NA	-2.12052918716326	-0.2
ENSMUSG00000058325	Dock1	1443991_at	NA	-2.73041180602673	-0.3	NA	-0.605461609612074	-0.1
ENSMUSG00000058351	Smim4	1456204_at	NA	0.0674649096041658	0	0.00364920995796684	5.30238004561391	0.6
ENSMUSG00000058355	Abce1	1442071_at	NA	1.21216900952587	0.2	NA	-3.09448227052156	-0.2
ENSMUSG00000058400	Qrfpr	1457048_at	NA	-0.333194099359749	0	NA	-0.935296127706417	-0.1
ENSMUSG00000058402	Zfp420	1437212_at	NA	0.405121859067982	0	0.836217091987216	-0.287174503015908	0
ENSMUSG00000058407	Txndc9	1436108_at	NA	0.0142315871949716	0	NA	1.15211806104243	0.1
ENSMUSG00000058441	Panx2	1440350_at	NA	-0.0956809236433531	0	NA	-0.0407368720778997	0
ENSMUSG00000058444	Map2k5	1430180_at	NA	1.32822025806361	0.2	NA	0.290525482766716	0
ENSMUSG00000058454	Dhcr7	1442696_at	NA	-0.930586208321628	-0.2	0.840520891008675	-0.278106235944568	0
ENSMUSG00000058470	Gm8369	1457725_at	NA	0.542697669095327	0.1	NA	-1.0943058755601	-0.1
ENSMUSG00000058486	Wdr91	1456181_at	NA	0.992081126302492	0.1	NA	0.702637087224196	0.1
ENSMUSG00000058498	Rnf207	1444404_at	NA	0.27437899627811	0	NA	-0.189194507665748	0
ENSMUSG00000058503	Fam133b	1458926_at	NA	1.97853522158207	0.2	NA	-0.88508402126226	-0.1
ENSMUSG00000058571	Gpc6	1437417_s_at	0.00763845542417725	5.87200979080411	1.2	0.000341587439642499	8.22588643599181	0.8
ENSMUSG00000058587	Tmod3	1455708_at	NA	-0.0995305034912511	0	NA	0.297107370127158	0
ENSMUSG00000058589	Anks1b	1431229_at	NA	1.20650840883117	0.1	NA	0.723262169635632	0.1
ENSMUSG00000058620	Adra2b	1439645_at	NA	0.71879164428745	0.1	NA	-0.548060318398589	0
ENSMUSG00000058624	Gda	1435748_at	NA	0.651843700576234	0.1	NA	1.19834977301094	0.1
ENSMUSG00000058626	Capn11	1445698_at	NA	0.623039118200802	0.1	NA	0.0814710544598899	0
ENSMUSG00000058656	Samd12	1458114_at	NA	0.683664042522076	0.1	NA	-1.25684022779091	-0.1
ENSMUSG00000058690	Ccser2	1431972_a_at	NA	-1.46122511272902	-0.1	NA	-0.602634760186201	0
ENSMUSG00000058706	0610030E20Rik	1435538_at	NA	0.659413571430393	0.1	0.155419748692895	1.92218063745039	0.2
ENSMUSG00000058729	Lin9	1443984_at	NA	-0.142808901355786	0	NA	1.06032567533307	0.1
ENSMUSG00000058740	Kcnt1	1439486_at	NA	-0.77857679107923	-0.1	NA	-1.49538768482777	-0.1
ENSMUSG00000058755	Osm	1438767_at	NA	-0.110645244009701	0	NA	-1.78891349024812	-0.1
ENSMUSG00000058761	Rnf169	1434207_at	0.478796334681948	0.954052441194382	0.3	0.193092552942198	1.74391210923906	0.2
ENSMUSG00000058793	Cds2	1452832_s_at	NA	-0.852574896424238	-0.1	NA	1.81999160440351	0.2
ENSMUSG00000058812	0610039K10Rik	1430761_at	NA	-1.13743805800683	-0.1	NA	-2.34316621693561	-0.2
ENSMUSG00000058881	Zfp516	1437921_x_at	0.327328864103296	1.42662771296486	0.3	0.0742911412535621	2.55323815812626	0.3
ENSMUSG00000058897	Col25a1	1432325_at	NA	-1.03722713415478	-0.1	NA	-0.871051577592999	-0.1
ENSMUSG00000058925	Ccdc192	1429644_at	NA	-0.715909268428928	-0.1	NA	-0.362198249309738	0
ENSMUSG00000058935	Tex48	1429853_at	NA	-0.861055186635056	-0.1	NA	-0.731412054461858	-0.1
ENSMUSG00000058966	Fam57b	1454209_at	NA	-2.00290383345609	-0.3	NA	-0.98490193792868	-0.1
ENSMUSG00000058975	Kcnc1	1456944_at	NA	-0.285749219798892	0	NA	-2.11770280304603	-0.2
ENSMUSG00000058979	Hdhd5	1440664_at	NA	-0.133643190656473	0	NA	-0.547560095893804	0
ENSMUSG00000058997	Vwa8	1455376_at	NA	0.0261489152548311	0	NA	0.22190955669971	0
ENSMUSG00000059003	Grin2a	1434638_at	NA	0.933064492196356	0.1	NA	-1.48571118284264	-0.1
ENSMUSG00000059022	Kcp	1440955_at	NA	0.967030983225266	0.1	NA	-0.824844085850537	-0.1
ENSMUSG00000059027	9630013D21Rik	1441241_at	NA	0.889312069513978	0.1	NA	0.500932234320487	0
ENSMUSG00000059049	Frem1	1455280_at	NA	-2.01353586976542	-0.2	NA	-0.0757128685164993	0
ENSMUSG00000059114	Lrrc74a	1460019_at	NA	1.91004338568055	0.2	NA	-0.469858396688371	0
ENSMUSG00000059142	Zfp945	1437128_a_at	NA	0.372168766688055	0.1	0.0221937169994738	3.60278419247422	0.3
ENSMUSG00000059146	Ntrk3	1458707_at	NA	-0.327037724861894	0	NA	-0.876072607296484	-0.1
ENSMUSG00000059149	Mfsd4a	1455623_at	NA	1.73615490302072	0.2	NA	-2.52903063733601	-0.2
ENSMUSG00000059173	Pde1a	1431625_at	0.247444428185424	-1.75580108660713	-0.4	NA	-1.09214147831649	-0.1
ENSMUSG00000059182	Skap2	1460623_at	0.152884775709392	2.25272758755099	0.5	0.0219065050507132	3.61454956359737	0.4
ENSMUSG00000059183	Mtfmt	1457005_at	NA	1.01622692214938	0.2	NA	1.43383932284286	0.1
ENSMUSG00000059187	Tafa1	1457092_at	NA	1.19134273646826	0.1	NA	-0.460751320220135	0
ENSMUSG00000059203	Il1rapl2	1446520_at	NA	2.3970428485601	0.3	NA	0.0363424999219392	0
ENSMUSG00000059213	Ddn	1436268_at	NA	-1.67064482320881	-0.2	NA	-1.27014603849044	-0.1
ENSMUSG00000059244	Gm10062	1442559_at	NA	-0.960588169893482	-0.1	NA	0.403466248449767	0
ENSMUSG00000059273	Zc3h4	1434459_at	0.0866333811816901	2.8235043373941	0.5	NA	-0.740558742200983	-0.1
ENSMUSG00000059323	Tonsl	1428661_at	NA	1.41328249930469	0.2	0.496733450019403	-0.890698263308279	-0.1
ENSMUSG00000059361	Nrsn2	1434640_at	NA	-0.960623444378804	-0.1	NA	-0.0776608911961634	0
ENSMUSG00000059447	Hadhb	1442732_at	NA	-0.734043255627152	-0.1	NA	-1.10774275662533	-0.1
ENSMUSG00000059455	Plac8l1	1429892_at	NA	1.38090173871754	0.2	NA	0.0579000448139439	0
ENSMUSG00000059456	Ptk2b	1442927_at	NA	1.15350180961569	0.1	0.311460043803828	-1.3130664568144	-0.1
ENSMUSG00000059474	Mbtd1	1441100_at	NA	0.747171615827961	0.1	NA	-1.88916103642357	-0.1
ENSMUSG00000059554	Ccdc28a	1440825_s_at	NA	-0.343829670490385	0	NA	1.55648231189359	0.2
ENSMUSG00000059588	Calcrl	1459536_at	NA	1.69056244661572	0.2	NA	-0.930225745882189	-0.1
ENSMUSG00000059625	Sohlh1	1460015_at	NA	-1.33333591033079	-0.1	0.331301250150522	-1.26066590004984	-0.1
ENSMUSG00000059631	1500035N22Rik	1430070_at	NA	0.283190151562002	0	NA	-0.649701692871371	-0.1
ENSMUSG00000059657	Stfa2l1	1442339_at	NA	-2.48893650860826	-0.3	NA	-0.0356151992038168	0
ENSMUSG00000059668	Krt4	1438394_x_at	NA	0.75097573456348	0.1	NA	-0.753910663423074	-0.1
ENSMUSG00000059689	Zfp637	1434689_at	NA	1.02424674122546	0.2	NA	2.33406476726735	0.2
ENSMUSG00000059695	1700019M22Rik	1429513_at	NA	-1.00829224026793	-0.1	0.0627924871444937	2.68493008712841	0.2
ENSMUSG00000059708	Akap17b	1457686_at	NA	0.783149193290978	0.1	NA	0.0728655663386999	0
ENSMUSG00000059811	Atl2	1431197_at	NA	-3.02534367431494	-0.4	NA	0.607626576886105	0.1
ENSMUSG00000059820	Nkapd1	1438046_at	NA	-0.295560732266839	0	NA	1.30512067979873	0.1
ENSMUSG00000059832	Kprp	1428980_at	NA	0.680420094875874	0.1	NA	-2.12720941309783	-0.2
ENSMUSG00000059834	Sclt1	1455608_at	NA	0.949141399189832	0.1	NA	0.571333349556327	0.1
ENSMUSG00000059839	Zfp874b	1439395_at	NA	0.044618213937678	0	NA	0.284650817469555	0
ENSMUSG00000059842	Zfp341	1434234_at	NA	-0.938267769900239	-0.1	NA	-0.429671845900966	0
ENSMUSG00000059852	Kcng2	1434838_at	NA	0.173489394560545	0	NA	0.536438209893469	0
ENSMUSG00000059854	Hydin	1460106_at	NA	-0.347032271624564	0	NA	-1.9407524321946	-0.2
ENSMUSG00000059857	Ntng1	1430779_at	NA	-1.47780884140749	-0.2	NA	-0.693358559371494	-0.1
ENSMUSG00000059866	Tnip2	1459844_at	NA	-0.789616896972822	-0.2	NA	0.719277062928311	0.1
ENSMUSG00000059897	Zfp930	1434097_at	0.433134506791773	1.08178926969749	0.3	NA	-1.00644856012699	-0.1
ENSMUSG00000059898	Dsc3	1434534_at	NA	-2.59203423069392	-0.3	NA	1.12362922466414	0.1
ENSMUSG00000059900	Tmem40	1441917_s_at	NA	0.640582086269799	0.1	NA	-2.418610346175	-0.2
ENSMUSG00000059920	4930453N24Rik	1438553_x_at	NA	0.370431027667345	0.1	NA	-0.755654359383305	-0.1
ENSMUSG00000059956	Serpinb12	1432173_at	0.624377400674353	-0.628723173437225	-0.1	NA	-1.06920499307727	-0.1
ENSMUSG00000059974	Ntm	1458492_x_at	NA	0.104432922649685	0	NA	-0.953215332982933	-0.1
ENSMUSG00000059975	Zfp74	1453230_at	NA	0.97935214433741	0.1	NA	0.592229728251813	0
ENSMUSG00000059981	Taok2	1438208_at	0.185161010631182	2.05693152172644	0.6	0.479373414394712	0.923997467398258	0.2
ENSMUSG00000060012	Kif13b	1436056_at	NA	1.74411715920608	0.2	NA	-0.104504952843835	0
ENSMUSG00000060029	4930473A02Rik	1430249_at	NA	0.223861594978062	0	NA	-1.75624590471602	-0.2
ENSMUSG00000060044	Tmem26	1435409_at	NA	-0.502687445047338	-0.1	NA	-0.447708716606436	0
ENSMUSG00000060073	Psma3	1441707_at	NA	0.9268465243457	0.1	NA	0.78190983862615	0.1
ENSMUSG00000060090	Rp2	1434061_at	0.105206478043468	2.61661999038068	0.6	0.663425326049631	-0.584979068998845	-0.1
ENSMUSG00000060131	Atp8b4	1439814_at	NA	0.289062656087739	0	NA	-0.334400814344555	0
ENSMUSG00000060161	Klk1b7-ps	1432560_at	NA	-1.85230393692894	-0.3	NA	-0.602671185816671	-0.1
ENSMUSG00000060166	Zdhhc8	1436468_at	NA	-1.33183278202875	-0.3	NA	1.03571317227714	0.1
ENSMUSG00000060176	Kif27	1445404_at	NA	-1.46275743797567	-0.2	NA	-1.98138311624732	-0.2
ENSMUSG00000060181	Slc35e3	1428805_at	0.11008262655636	2.56588958546074	0.5	NA	0.706767867040923	0.1
ENSMUSG00000060206	Zfp462	1439106_at	0.273321367418448	1.6378056439496	0.3	NA	0.910075378311716	0.1
ENSMUSG00000060212	Pcnx2	1441064_at	NA	-0.391027185856992	-0.1	NA	-2.27229117891208	-0.2
ENSMUSG00000060224	Pyroxd2	1453491_at	NA	0.778780258541635	0.1	NA	-1.28420609792122	-0.1
ENSMUSG00000060227	Casc4	1433779_at	0.19510931855548	1.99752369654198	0.6	0.290568574096156	1.37996392730347	0.2
ENSMUSG00000060257	Scrt2	1457310_x_at	0.474433161785779	-0.968539971251072	-0.2	NA	0.416639333841231	0
ENSMUSG00000060260	Pwwp2b	1444379_at	NA	1.31427945037381	0.2	NA	-0.782417644555494	-0.1
ENSMUSG00000060275	Nrg2	1457283_at	NA	-1.84457852801691	-0.2	0.0433076483057877	-2.99702957677352	-0.2
ENSMUSG00000060301	2610008E11Rik	1429281_at	NA	0.118622056066536	0	NA	1.50544583272494	0.1
ENSMUSG00000060314	Zfp941	1439850_at	NA	0.196806486491048	0	NA	0.112411852523982	0
ENSMUSG00000060371	Caln1	1442695_at	NA	2.48871729402762	0.3	NA	-0.63969331963314	-0.1
ENSMUSG00000060373	Hnrnpc	1458139_at	NA	1.0259157641739	0.1	NA	-1.59869874070967	-0.1
ENSMUSG00000060375	3110018I06Rik	1432396_at	NA	1.03959586062648	0.1	NA	0.259973165470274	0
ENSMUSG00000060380	C030014I23Rik	1453044_at	0.373560986155776	1.25643364868924	0.3	NA	0.137938655888922	0
ENSMUSG00000060397	Zfp128	1439875_at	NA	1.34349099177773	0.1	NA	0.131793798815561	0
ENSMUSG00000060402	Chst8	1428977_at	NA	0.289083486652949	0	NA	-1.00701111444246	-0.1
ENSMUSG00000060416	Gm839	1441122_at	NA	-0.0953892215124524	0	NA	1.03639517319782	0.1
ENSMUSG00000060424	Pantr1	1435678_at	NA	0.313773523096032	0	NA	0.93189276219713	0.1
ENSMUSG00000060429	Sntb1	1436204_at	0.983210313124316	0.0254606074642274	0	0.492355251140007	0.898348973199442	0.1
ENSMUSG00000060445	Sycp2	1444122_at	NA	-0.908644838517827	-0.1	NA	0.49765425618905	0
ENSMUSG00000060487	Samd5	1437887_at	NA	-0.396413215035238	0	NA	-0.132047099251349	0
ENSMUSG00000060491	4930522H14Rik	1431104_at	NA	0.122959456728564	0	NA	-0.548633707543505	0
ENSMUSG00000060508	Nlrp9b	1457084_at	NA	-1.40899298683335	-0.1	NA	1.26962418062645	0.1
ENSMUSG00000060510	Zfp266	1434084_at	0.161543743234688	2.18754741577596	0.7	0.16459455236558	1.8756965621405	0.3
ENSMUSG00000060519	Tor3a	1428660_s_at	NA	-0.302614931463175	0	0.227481423491202	1.60044488208734	0.2
ENSMUSG00000060530	A930017M01Rik	1437076_at	NA	-1.36291574186242	-0.2	0.977617521481988	-0.0422411771920556	0
ENSMUSG00000060534	Dcc	1441572_at	NA	-1.54558487209555	-0.2	NA	1.07898607572388	0.1
ENSMUSG00000060538	Tmem219	1457243_at	NA	0.35395539990923	0	NA	-0.237628792428602	0
ENSMUSG00000060568	Fam78b	1440242_at	NA	-1.12716154099298	-0.2	NA	-0.844444253068431	-0.1
ENSMUSG00000060594	Layn	1444165_at	NA	2.36903270541142	0.3	NA	2.26838318692518	0.2
ENSMUSG00000060613	Cyp2c70	1440327_at	NA	0.157643360522805	0	NA	-2.52029167594719	-0.2
ENSMUSG00000060615	Ang4	1440832_at	NA	0.484089047458321	0.1	NA	-0.581435169033591	0
ENSMUSG00000060621	Nkpd1	1430087_at	NA	-1.38693648935501	-0.2	NA	-0.774097294962148	-0.1
ENSMUSG00000060630	Zfp735	1440453_at	NA	-0.403965630969959	-0.1	NA	-0.776534044579695	-0.1
ENSMUSG00000060657	Marf1	1455381_at	NA	3.11256250210001	0.4	0.00338440533637463	5.41096531574119	0.5
ENSMUSG00000060671	Atp8b2	1434026_at	NA	2.53580933714897	0.4	NA	1.99069956314192	0.2
ENSMUSG00000060675	Plaat3	1445597_s_at	NA	-0.399623208516296	-0.1	0.00677851219183724	4.68732369302245	0.5
ENSMUSG00000060681	Slc9a6	1435008_at	NA	0.123655847592199	0	0.741574543018983	-0.444888895762266	-0.1
ENSMUSG00000060708	Bloc1s4	1459783_s_at	0.625184951690621	0.626107431889044	0.3	0.190759266556532	1.75224722568973	0.3
ENSMUSG00000060715	1700019A02Rik	1429037_at	NA	0.728680823519357	0.1	NA	-0.813098891051177	-0.1
ENSMUSG00000060716	Plekhh1	1447807_s_at	NA	-1.1674838037206	-0.2	NA	0.26434193354854	0
ENSMUSG00000060726	Tmsb15a	1432566_at	0.941395424707568	-0.101104352274537	0	NA	-0.302770321571863	0
ENSMUSG00000060727	Gm12571	1455926_at	NA	2.03955649685601	0.3	NA	-0.502547276789358	-0.1
ENSMUSG00000060733	Ipmk	1456200_at	NA	-0.900379386413268	-0.2	NA	-2.27032599212257	-0.2
ENSMUSG00000060756	Krtap2-4	1430731_at	NA	0.542670776298199	0.1	NA	-1.27695632421281	-0.1
ENSMUSG00000060771	Tsga10	1436045_at	0.197762644826127	-1.9853224290694	-0.6	NA	-0.849348670834764	-0.1
ENSMUSG00000060794	Tssk5	1432045_at	NA	1.11700201190982	0.1	NA	-0.99953329395036	-0.1
ENSMUSG00000060798	Intu	1454350_at	NA	0.885570934374151	0.1	NA	-1.79480820063221	-0.1
ENSMUSG00000060808	B9d1os	1430478_at	NA	-1.43276159853801	-0.2	NA	1.34940445070192	0.1
ENSMUSG00000060843	Ctnna3	1441560_at	NA	-1.66321469187782	-0.3	NA	0.851809745274688	0.1
ENSMUSG00000060862	Zbtb40	1455187_at	NA	0.010854133887936	0	NA	-0.436255482753867	0
ENSMUSG00000060924	Csmd1	1446273_at	NA	0.577756080350021	0.1	NA	-1.65008952694269	-0.1
ENSMUSG00000060935	Tmem263	1433897_at	0.0738602054765137	2.99418436887144	0.7	0.214309867999333	1.65195005511856	0.2
ENSMUSG00000060950	Trmt61a	1433962_at	NA	-1.36405511706576	-0.2	0.0783545995259215	-2.5103805609289	-0.3
ENSMUSG00000060961	Slc4a4	1434096_at	NA	-1.0206707363785	-0.1	NA	0.767612916173106	0.1
ENSMUSG00000060985	Tdrd5	1456391_at	0.257066146795579	-1.7126262098119	-0.4	NA	-1.32179512530012	-0.1
ENSMUSG00000060988	Galnt13	1439899_at	NA	-0.14326198508085	0	0.106690024577785	-2.2495539433225	-0.2
ENSMUSG00000061013	Mkx	1437492_at	NA	0.291032412838943	0	NA	0.229203416193002	0
ENSMUSG00000061046	Haghl	1428584_a_at	NA	1.00088423852167	0.1	0.00527223579774242	4.93389342275289	0.5
ENSMUSG00000061048	Cdh3	1441255_at	NA	-0.639644110448349	-0.1	NA	-0.489348635312125	0
ENSMUSG00000061080	Lsamp	1435895_at	NA	1.73782588634063	0.3	NA	0.671593974387832	0.1
ENSMUSG00000061119	Prcp	1444419_at	NA	0.202126297458542	0	NA	-1.1798696368965	-0.1
ENSMUSG00000061126	Cyp4f39	1457700_at	NA	0.796357098772109	0.1	NA	0.388505663456025	0
ENSMUSG00000061136	Prpf40a	1442171_at	NA	-0.672139458161773	-0.1	NA	-2.00696262130102	-0.2
ENSMUSG00000061144	Spink12	1453503_at	NA	0.729346562798192	0.1	NA	-1.25717799561212	-0.1
ENSMUSG00000061175	Fnip2	1439189_at	0.0915373744682067	2.76776624010064	0.9	0.0234490691932528	3.55027258397656	0.5
ENSMUSG00000061186	Sfmbt2	1443176_at	NA	1.08155308337786	0.1	NA	-0.503551511960005	0
ENSMUSG00000061244	Exoc5	1436817_at	0.131657498257312	2.3937986241971	0.9	0.71059499318262	-0.501487568406074	-0.1
ENSMUSG00000061273	Mmgt1	1436705_at	0.109763193222639	2.58455200288016	0.5	NA	-0.456260850713911	0
ENSMUSG00000061298	Agbl4	1453932_at	NA	-1.01925982266859	-0.2	NA	0.264234038408121	0
ENSMUSG00000061313	Ddhd2	1457209_at	NA	-0.967996786017983	-0.1	NA	0.0304064479722441	0
ENSMUSG00000061322	Dnaic1	1437094_x_at	0.403978125214753	1.16222870003914	0.3	NA	-1.06535157512354	-0.1
ENSMUSG00000061353	Cxcl12	1439084_at	NA	0.579220593145854	0.1	NA	-0.55220998447663	0
ENSMUSG00000061371	Zfp873	1446919_at	NA	-0.74964255109054	-0.1	NA	-0.975367070816846	-0.1
ENSMUSG00000061393	Acvr2b	1439856_at	NA	0.0574495372376515	0	NA	0.441615875262385	0
ENSMUSG00000061410	Zcchc14	1441017_at	NA	0.611488483828729	0.1	0.871514301485254	0.224985085154625	0
ENSMUSG00000061411	Nol4l	1457844_a_at	NA	-0.868932631594664	-0.1	NA	1.10484725200109	0.1
ENSMUSG00000061436	Hipk2	1432523_at	0.406764179305625	-1.15425402473143	-0.3	0.945158732860149	-0.0994956982421616	0
ENSMUSG00000061451	Tmem151a	1433802_at	NA	-1.09111214276859	-0.2	NA	1.73423771781943	0.1
ENSMUSG00000061458	Nol10	1433739_at	NA	-1.80932749070689	-0.2	0.507279802789022	-0.867783000274054	-0.1
ENSMUSG00000061461	Smim20	1454614_at	0.288183351238151	-1.57627554326021	-0.3	NA	-0.26407193242358	0
ENSMUSG00000061462	Obscn	1443632_at	NA	-3.33166831528503	-0.4	NA	0.914912541118531	0.1
ENSMUSG00000061517	Sox21	1437059_at	NA	-0.136166501985308	0	NA	-0.871289262501047	-0.1
ENSMUSG00000061531	Tmem236	1454399_at	NA	-0.490946594085047	0	NA	-0.288210962610949	0
ENSMUSG00000061533	Cep128	1441867_x_at	0.230914164644396	1.84266786416182	0.4	NA	0.373486407600169	0
ENSMUSG00000061535	C1qtnf7	1429030_at	NA	-0.221511306967725	0	NA	0.372405802914479	0
ENSMUSG00000061536	Sec22c	1436102_at	NA	1.37213567019237	0.2	NA	-0.690304727848312	-0.1
ENSMUSG00000061544	Zfp229	1438349_at	NA	2.08085994572853	0.3	NA	0.980160335800752	0.1
ENSMUSG00000061576	Dpp6	1439748_at	NA	-1.78017197355834	-0.2	0.196410715748233	1.73161228318737	0.2
ENSMUSG00000061577	Adgrg5	1436230_at	NA	-0.51068576406534	-0.1	NA	-1.30967527533862	-0.1
ENSMUSG00000061578	Ksr2	1446312_at	NA	-0.61026353207492	-0.1	NA	0.211145801255076	0
ENSMUSG00000061584	Lyg2	1437899_at	NA	-1.82644531906082	-0.2	NA	-0.814200064687661	-0.1
ENSMUSG00000061589	Dot1l	1457268_at	NA	2.62372905125588	0.3	NA	-1.03661080170473	-0.1
ENSMUSG00000061601	Pclo	1455373_at	NA	0.6658440959377	0.1	NA	-1.46822153727673	-0.1
ENSMUSG00000061603	Akap6	1440859_at	NA	-0.48401063725158	-0.1	NA	0.470115238835821	0
ENSMUSG00000061607	Mdc1	1434837_at	NA	2.52915593239446	0.4	NA	1.25043721522579	0.1
ENSMUSG00000061689	Dlgap4	1455548_at	0.0106359653670915	-5.28328047660017	-0.6	0.220042787458364	-1.63120195993512	-0.2
ENSMUSG00000061702	Tmem91	1436629_at	NA	0.141102356965581	0	NA	-0.30624089621726	0
ENSMUSG00000061707	Gm4871	1438162_x_at	NA	1.20366818656723	0.1	NA	-2.47432932261349	-0.2
ENSMUSG00000061731	Ext1	1458054_at	0.386824737087121	1.21707549809043	0.3	NA	0.0950710604283301	0
ENSMUSG00000061751	Kalrn	1440970_at	NA	-0.872468828858707	-0.1	0.96289936169794	-0.0696467014932817	0
ENSMUSG00000061755	Bod1l	1460005_at	NA	1.11877305401849	0.1	NA	0.673077494498689	0.1
ENSMUSG00000061758	Akr1b10	1453173_at	0.0969059182691872	-2.69472435464227	-0.5	0.00808964273044662	4.49881658238069	0.4
ENSMUSG00000061759	Armt1	1441406_at	NA	0.341023962707716	0	NA	0.300412746972418	0
ENSMUSG00000061762	Tac1	1431883_at	NA	-0.255185846890791	0	NA	1.89241317547109	0.2
ENSMUSG00000061778	Mospd2	1438834_at	NA	-0.477108977372942	-0.1	NA	-0.151788288095006	0
ENSMUSG00000061802	Armc4	1456472_at	NA	-0.767929976020472	-0.1	NA	-0.678132692731545	-0.1
ENSMUSG00000061808	Ttr	1459737_s_at	NA	0.295781909565193	0	NA	0.222534288917447	0
ENSMUSG00000061859	Patj	1442244_at	NA	1.24615295254324	0.2	NA	-1.02776326361582	-0.1
ENSMUSG00000061877	BC048679	1438512_at	NA	-1.65512316390592	-0.2	NA	-1.07209556064557	-0.1
ENSMUSG00000061882	Ccdc62	1458644_at	NA	-0.0188685512343947	0	NA	-0.295036659811458	0
ENSMUSG00000061887	Ssbp3	1443554_at	NA	0.908623758367085	0.1	NA	1.04244741425153	0.1
ENSMUSG00000061894	Zscan20	1436280_at	0.61625407354612	0.643881055685245	0.2	NA	-2.16260399738475	-0.1
ENSMUSG00000061898	Rbak	1455323_at	NA	-0.297056926116321	-0.1	0.0280837435975267	3.36970367150322	0.4
ENSMUSG00000061904	Slc25a3	1440302_at	NA	1.1343283616242	0.1	NA	0.155630724122098	0
ENSMUSG00000061911	Myt1l	1429738_at	NA	0.0959162325569053	0	NA	-0.252782830799812	0
ENSMUSG00000062007	Hsh2d	1442130_at	NA	0.800304017759785	0.1	NA	2.72595927705454	0.2
ENSMUSG00000062012	Zfp13	1435131_at	NA	0.304110163239043	0	NA	-0.852433891729609	-0.1
ENSMUSG00000062017	Abca14	1432473_a_at	NA	-0.954140311374213	-0.1	NA	0.852869241507745	0.1
ENSMUSG00000062028	Irgc1	1440909_at	NA	-0.535233755857855	-0.1	NA	-0.299108193826847	0
ENSMUSG00000062040	Zfp27	1440835_at	0.454215502995991	1.02344903560038	0.2	NA	1.1730090014559	0.1
ENSMUSG00000062044	Lmtk3	1457420_at	NA	0.794534508300608	0.1	NA	-2.38121806640602	-0.2
ENSMUSG00000062046	5730460C07Rik	1431910_at	NA	-0.081786541591655	0	NA	-1.30830714333834	-0.1
ENSMUSG00000062054	Iah1	1429119_at	NA	-1.1858998454431	-0.2	0.0175293814035885	3.81528471820479	0.4
ENSMUSG00000062078	Qk	1429735_at	NA	-0.607813276245009	-0.1	0.020733179260769	3.65322564444296	0.4
ENSMUSG00000062082	Cd200r4	1435313_at	NA	0.969455202507813	0.1	NA	0.980646568380974	0.1
ENSMUSG00000062098	Btbd3	1433868_at	0.0472490424401779	3.46156954841527	0.7	0.122948757575312	2.12815070878788	0.3
ENSMUSG00000062101	Zfp119b	1442739_at	NA	1.87594249695955	0.2	0.262850811224064	-1.46783830372408	-0.2
ENSMUSG00000062110	Scfd2	1433608_at	NA	-0.651383797834542	-0.1	NA	-0.996311659741631	-0.1
ENSMUSG00000062124	Defb45	1442290_at	NA	-0.532191866507552	-0.1	NA	-0.129266382535788	0
ENSMUSG00000062127	Cttnbp2nl	1435542_s_at	0.11295580048421	2.53932789639886	0.8	0.155351731944256	1.9230909359539	0.3
ENSMUSG00000062151	Unc13c	1430511_at	NA	-0.0540914586098141	0	NA	0.0290279060208582	0
ENSMUSG00000062154	Tex33	1454203_at	NA	-1.06921322947416	-0.2	NA	-0.652370235885245	0
ENSMUSG00000062157	Ifnlr1	1460598_at	NA	0.688953828213953	0.1	0.121244241908954	-2.13872440518862	-0.2
ENSMUSG00000062169	Cnih4	1436436_at	NA	1.68553830904207	0.3	0.438612416060127	1.01237229341932	0.1
ENSMUSG00000062175	Tgif2	1431115_at	NA	0.939338599015784	0.1	0.0952977378272567	-2.35142177261546	-0.2
ENSMUSG00000062184	Hs6st2	1446257_at	NA	0.000146287604711289	0	NA	-0.0806443741699708	0
ENSMUSG00000062202	Btbd9	1434769_at	NA	1.29520720409008	0.3	NA	-2.60382892356824	-0.2
ENSMUSG00000062203	Gspt1	1446550_at	NA	1.19717890225472	0.2	NA	0.682661200075328	0.1
ENSMUSG00000062210	Tnfaip8	1442753_at	NA	0.670686005310753	0.1	NA	1.82093965441052	0.1
ENSMUSG00000062232	Rapgef2	1452833_at	0.426199497838575	1.10293043316932	0.3	0.0622283640712966	2.69919003817177	0.4
ENSMUSG00000062252	Lhfpl5	1429266_at	NA	-0.781652621725769	-0.2	NA	0.441302497894871	0
ENSMUSG00000062257	Opcml	1457446_at	NA	-0.40330879494166	-0.1	NA	1.06531078576415	0.1
ENSMUSG00000062275	Fbxw24	1454911_at	NA	-0.826108339360139	-0.1	NA	0.294001708406316	0
ENSMUSG00000062296	Trank1	1429276_at	NA	0.12185743748382	0	NA	-0.409560086893044	0
ENSMUSG00000062329	Cytl1	1456793_at	NA	0.9102033205164	0.1	NA	-1.04693806397318	-0.1
ENSMUSG00000062373	Tmem65	1452942_at	0.0874435855920751	2.81007874803645	0.6	0.138409723524873	2.02139570928398	0.2
ENSMUSG00000062376	Borcs7	1439561_at	NA	0.317486143052069	0	NA	0.289713637758349	0
ENSMUSG00000062391	4932435O22Rik	1443274_at	NA	-0.506776948857221	-0.1	NA	-0.446243861992171	0
ENSMUSG00000062393	Dgkk	1442865_at	NA	-0.790651583784303	-0.1	NA	-1.44883083816313	-0.1
ENSMUSG00000062410	Hsd3b3	1431916_at	NA	0.838831508866046	0.1	NA	-0.758008127636125	-0.1
ENSMUSG00000062496	4930431F12Rik	1454029_at	NA	-1.12002593910206	-0.1	NA	-0.758507986721382	-0.1
ENSMUSG00000062510	Nsl1	1455852_at	NA	0.294134219483715	0	0.102768276038046	2.28502487450388	0.2
ENSMUSG00000062511	4930512M02Rik	1432510_at	NA	-2.2227311428822	-0.4	NA	-0.667516149968687	-0.1
ENSMUSG00000062519	Zfp398	1439979_at	NA	-0.92159835130623	-0.1	0.94006259258242	-0.108755928665151	0
ENSMUSG00000062526	Mppe1	1440880_at	0.0938748820399458	2.73555405348415	0.6	0.0179058002431544	3.78675344506329	0.4
ENSMUSG00000062543	Gsdmcl1	1432257_at	NA	0.520594762785916	0.1	NA	-0.100507387358626	0
ENSMUSG00000062545	Tlr12	1438329_at	NA	0.421010741565371	0.1	NA	-0.524060082220392	0
ENSMUSG00000062590	Armc9	1435073_a_at	NA	-0.884326535361852	-0.1	NA	1.72634004079185	0.1
ENSMUSG00000062604	Srpk2	1431372_at	NA	-0.283966274888328	0	NA	-1.32171060912842	-0.1
ENSMUSG00000062609	Kcnj15	1435354_at	NA	0.73163994698232	0.1	NA	1.18636217019217	0.1
ENSMUSG00000062627	Mysm1	1460159_at	0.502909717097922	0.891351822341709	0.2	NA	0.82466127470926	0.1
ENSMUSG00000062646	Ganc	1431063_at	NA	1.03959594147017	0.1	NA	2.37434058682477	0.2
ENSMUSG00000062661	Ncs1	1434887_at	0.0764526764510432	2.95724945812805	0.5	0.103423873374723	-2.27621878463773	-0.2
ENSMUSG00000062687	Cks1brt	1438600_at	NA	1.21715802162229	0.1	NA	0.838609132659088	0.1
ENSMUSG00000062704	9430002A10Rik	1430122_at	NA	1.74050252557457	0.2	NA	-0.18757654613375	0
ENSMUSG00000062732	Lypd4	1437596_at	NA	-0.703667386547644	-0.1	NA	-0.974634888027744	-0.1
ENSMUSG00000062743	Zfp677	1457566_at	NA	0.246485241702616	0	NA	0.167087818521989	0
ENSMUSG00000062760	Shisal1	1455515_at	NA	1.93046546814168	0.3	NA	-0.839257991441003	-0.1
ENSMUSG00000062761	Zfp512	1452689_at	NA	-0.0242618669971392	0	NA	0.882100093878855	0.1
ENSMUSG00000062785	Kcnc3	1440861_a_at	NA	0.525135838470691	0.1	NA	-0.155597339140275	0
ENSMUSG00000062794	Zfp599	1443688_at	NA	-0.226760795633515	0	NA	-1.91127918369435	-0.2
ENSMUSG00000062822	4833420G17Rik	1430220_at	NA	-0.423437472821741	0	NA	-0.479345046713423	-0.1
ENSMUSG00000062826	Ces2f	1432976_at	NA	0.427376504583638	0	0.258231282036398	-1.48421266102522	-0.2
ENSMUSG00000062861	Zfp28	1431265_at	NA	-1.71308755067058	-0.3	NA	1.00379227672117	0.1
ENSMUSG00000062866	Phactr2	1455101_at	NA	-0.957166867191873	-0.1	NA	0.874174855897623	0.1
ENSMUSG00000062901	Klhl24	1428651_at	NA	0.10113378923613	0	0.971585070847821	0.055757424167196	0
ENSMUSG00000062906	Hdac10	1454775_at	NA	-0.588844182128836	-0.1	NA	0.0395093837300377	0
ENSMUSG00000062929	Cfl2	1431432_at	NA	-2.255049989306	-0.3	0.0897436776344373	2.39866538139287	0.2
ENSMUSG00000062931	Zfp938	1455775_at	NA	-0.101241625069754	0	NA	1.67897234169947	0.1
ENSMUSG00000062944	9130023H24Rik	1456331_at	NA	1.48045698187634	0.2	0.0821178665574379	2.476244750148	0.3
ENSMUSG00000062949	Atp11c	1455083_at	NA	2.70192785731564	0.4	0.586867733868522	-0.724023540147439	-0.1
ENSMUSG00000062961	Ccdc177	1460625_at	NA	1.63627493139468	0.2	NA	-0.703759982186844	-0.1
ENSMUSG00000062980	Cped1	1447948_at	NA	-0.240858298786746	0	NA	-0.27047453327072	0
ENSMUSG00000062991	Nrg1	1456524_at	NA	0.476587573279149	0	NA	0.680750605421643	0.1
ENSMUSG00000063087	Gm10125	1441786_at	NA	1.82898851389755	0.2	NA	-0.385466969306637	0
ENSMUSG00000063109	Dgkeos	1456919_at	NA	-1.25539847924834	-0.2	NA	-0.436099141251314	0
ENSMUSG00000063142	Kcnma1	1455554_at	NA	-0.629478512269286	-0.1	0.307068334986075	-1.32694938336363	-0.1
ENSMUSG00000063145	Bbs5	1429762_a_at	0.287304418699081	-1.58042750904198	-0.3	0.185793034865808	1.77467559010434	0.2
ENSMUSG00000063193	Cd300lb	1445882_at	NA	-0.10229184996893	0	0.801512344716932	0.34586045926944	0
ENSMUSG00000063232	Serpina11	1435887_at	NA	0.316047110497203	0	NA	-0.477717732044338	0
ENSMUSG00000063239	Grm4	1457299_at	0.381389390477773	1.23116443904034	0.3	NA	-1.89473054438445	-0.2
ENSMUSG00000063251	Krtap4-1	1441307_at	NA	0.331662431020247	0	NA	1.21779347115623	0.1
ENSMUSG00000063296	Tmem117	1433615_at	NA	-1.94745346926237	-0.2	NA	-0.385652294448513	0
ENSMUSG00000063317	Usp31	1434724_at	0.536895457267777	0.81482200918528	0.2	NA	-0.308692657043307	0
ENSMUSG00000063334	Krr1	1420139_s_at	0.712064464977801	0.472076630503496	0.2	0.311895844471514	1.31169143977686	0.2
ENSMUSG00000063358	Mapk1	1453104_at	NA	-0.239293388790577	0	NA	1.10353610395639	0.1
ENSMUSG00000063362	Alg11	1439976_at	NA	-0.160277404973058	0	NA	1.53719571088161	0.1
ENSMUSG00000063364	3300002I08Rik	1432534_at	NA	1.29340445765577	0.2	NA	0.915438011560402	0.1
ENSMUSG00000063382	Bcl9l	1438806_at	NA	-0.205396748132292	0	NA	-0.594394439063741	-0.1
ENSMUSG00000063406	Tmed5	1431789_s_at	NA	-0.640622486344982	-0.1	NA	0.057337125659994	0
ENSMUSG00000063415	Cyp26b1	1460011_at	NA	-0.0193370121858603	0	NA	-0.743521385173526	-0.1
ENSMUSG00000063428	Ddo	1454025_at	NA	0.288793851047076	0	NA	1.00717903254868	0.1
ENSMUSG00000063430	Wscd2	1435796_at	NA	-0.125171068270289	0	NA	-0.996301226619181	-0.1
ENSMUSG00000063445	Nmral1	1453562_a_at	NA	1.56477961856019	0.3	NA	-0.770932108350607	-0.1
ENSMUSG00000063446	Plppr1	1439731_at	NA	1.90995269048777	0.3	NA	0.289835007026524	0
ENSMUSG00000063450	Syne2	1442285_at	NA	1.21847272418171	0.1	NA	-1.00662558406826	-0.1
ENSMUSG00000063455	D630045J12Rik	1444255_at	0.250130899170168	-1.74627864493865	-0.4	NA	0.453284503501761	0
ENSMUSG00000063458	Lrmda	1430887_s_at	NA	-0.07395469820769	0	NA	-0.318613331562755	0
ENSMUSG00000063488	Zkscan7	1442407_at	NA	1.04945963196549	0.1	NA	0.445988974465227	0
ENSMUSG00000063506	Arhgap22	1435108_at	NA	2.57181068658248	0.4	0.00204442100639142	-6.02564034575458	-0.6
ENSMUSG00000063511	Snrnp70	1429009_at	NA	1.01052020112356	0.1	NA	1.67340705773779	0.1
ENSMUSG00000063529	Stmnd1	1446591_at	NA	1.09212172877424	0.2	0.0517096009457186	-2.84282764961064	-0.3
ENSMUSG00000063531	Sema3e	1442226_at	0.499683588989371	0.902070592816041	0.3	0.632048191790503	0.639812987967605	0.1
ENSMUSG00000063535	Zfp773	1430737_at	NA	0.23037833897316	0	NA	-0.78158374912229	-0.1
ENSMUSG00000063550	Nup98	1434220_at	NA	1.25652289771888	0.2	NA	0.467471864772055	0
ENSMUSG00000063564	Col23a1	1429209_at	NA	-1.9283863768479	-0.2	NA	-1.2562080188883	-0.1
ENSMUSG00000063568	Jazf1	1433894_at	NA	0.098647224371093	0	NA	0.780416602731245	0.1
ENSMUSG00000063594	Gng8	1457755_at	NA	-1.93910505237513	-0.2	NA	-2.1183662341798	-0.2
ENSMUSG00000063600	Egfem1	1430430_at	NA	1.37452823601169	0.1	NA	-1.05855517853578	-0.1
ENSMUSG00000063605	Ccdc102a	1438715_at	NA	2.77102750348563	0.3	0.0104532331474903	4.28860644531814	0.4
ENSMUSG00000063626	Unc5d	1440484_at	NA	0.618794069449119	0.1	NA	-1.34289992721444	-0.1
ENSMUSG00000063632	Sox11	1429051_s_at	NA	-1.09617675507224	-0.2	0.0031869114485417	-5.51448455146432	-0.6
ENSMUSG00000063646	Jakmip1	1441317_x_at	NA	-0.356312014520001	0	NA	-1.29053159899011	-0.1
ENSMUSG00000063651	Cnfn	1429540_at	NA	-1.5887774324725	-0.2	0.0924730579240674	-2.37526911065408	-0.2
ENSMUSG00000063661	Krt73	1436557_at	0.680900802055797	0.520731613512541	0.1	0.735517020758761	-0.455125875185805	-0.1
ENSMUSG00000063663	Brwd3	1440881_at	0.435668150765652	1.07335397656479	0.2	NA	-2.45946479883348	-0.2
ENSMUSG00000063672	Nkx6-3	1431899_at	NA	-3.4512692170812	-0.4	NA	-0.202757621848565	0
ENSMUSG00000063681	Crb1	1441330_at	NA	2.53987697383611	0.3	NA	0.73692481409412	0.1
ENSMUSG00000063694	Cycs	1445484_at	NA	-0.450839424133918	-0.1	NA	-0.139196505591446	0
ENSMUSG00000063704	Mapk15	1441755_at	NA	-1.32861938979435	-0.2	NA	-1.1381120061599	-0.1
ENSMUSG00000063760	Rnf217	1440179_x_at	NA	1.10045898320004	0.2	NA	0.707498161242188	0.1
ENSMUSG00000063765	Chadl	1440958_at	NA	-0.0606268450173557	0	NA	0.897849359302635	0.1
ENSMUSG00000063785	Utp14a	1435099_at	NA	0.375259321976098	0.1	NA	0.295537790606385	0
ENSMUSG00000063800	Prpf38a	1444087_at	NA	-0.0647983131979428	0	NA	1.11632492871731	0.1
ENSMUSG00000063801	Ap3s2	1435718_at	NA	0.739394129288017	0.1	NA	2.07118820263598	0.2
ENSMUSG00000063804	Lin28b	1430803_at	NA	0.142178537501654	0	NA	2.43449654781845	0.2
ENSMUSG00000063808	Gpatch1	1440398_at	NA	0.096830696489892	0	NA	-0.0219527185123667	0
ENSMUSG00000063849	Ppcdc	1430813_at	NA	1.49447026975302	0.2	NA	-0.158822985168887	0
ENSMUSG00000063882	Uqcrh	1453229_s_at	NA	0.554187597581598	0.1	0.00327551163799399	5.47023633129719	0.6
ENSMUSG00000063884	Ptcd3	1443152_at	NA	-1.50413388936447	-0.2	NA	-1.16197149569204	-0.1
ENSMUSG00000063887	Nlgn1	1440630_at	NA	-0.394897833500656	0	NA	-2.20334547432214	-0.2
ENSMUSG00000063888	Rpl7l1	1439780_at	NA	1.57024947354583	0.2	NA	1.44894202486093	0.1
ENSMUSG00000063889	Crem	1430847_a_at	NA	-1.08708564909288	-0.2	NA	-1.78476691097658	-0.1
ENSMUSG00000063894	Zkscan8	1455778_at	0.268141699557516	1.66159885437009	0.3	0.74199053556762	0.443658564879867	0
ENSMUSG00000063919	Srrm4	1438523_x_at	0.823229057654925	0.296192808112322	0.1	NA	-0.0952604480123481	0
ENSMUSG00000063935	Zar1	1434494_at	NA	-0.203363162513391	0	NA	0.11983725889473	0
ENSMUSG00000063952	Brpf3	1455243_at	NA	0.927926347070522	0.1	NA	0.147534499701851	0
ENSMUSG00000063972	Nr6a1	1428825_at	NA	1.50015894337289	0.2	NA	-0.212389708891367	0
ENSMUSG00000064030	Pym1	1453315_at	NA	1.17560327382754	0.2	NA	0.807553303245654	0.1
ENSMUSG00000064036	Mro	1430588_at	NA	0.120423131620048	0	NA	0.268141209444398	0
ENSMUSG00000064037	Gpn1	1444781_at	NA	-0.0765579429274163	0	NA	-0.250573712789817	0
ENSMUSG00000064043	Trerf1	1458407_s_at	NA	2.33996018317199	0.3	0.703205603029349	-0.514853562862878	-0.1
ENSMUSG00000064061	Dzip3	1458439_a_at	NA	1.03923723028896	0.1	NA	1.8305207335678	0.1
ENSMUSG00000064063	BC048507	1439446_at	NA	0.248993656256501	0	NA	1.61829757035392	0.1
ENSMUSG00000064065	Ipcef1	1439808_at	0.505688480233207	0.885530614660171	0.3	NA	-0.0178880813653103	0
ENSMUSG00000064080	Fbln2	1438375_at	NA	-0.400884829299784	-0.1	NA	-0.663928844394369	-0.1
ENSMUSG00000064115	Cadm2	1439048_at	NA	-0.533798956287661	-0.1	NA	-1.29369497383731	-0.1
ENSMUSG00000064120	Mocs1	1460520_at	NA	-1.45735537465248	-0.2	NA	-0.642476017929397	0
ENSMUSG00000064125	Prr36	1429269_at	NA	-0.542261442899261	-0.1	0.91267728996126	-0.15825488661336	0
ENSMUSG00000064127	Med14	1456785_at	NA	1.60887645361389	0.2	NA	2.18346193285017	0.2
ENSMUSG00000064128	Cenpj	1437643_at	NA	0.0766449062646355	0	0.714937232774724	0.494899938694566	0.1
ENSMUSG00000064138	Fam172a	1454723_at	0.704594328791213	0.484194879962835	0.1	0.0269985692966934	3.40648523490185	0.4
ENSMUSG00000064141	Zfp69	1458274_at	NA	-0.760116339245573	-0.1	NA	0.220341839749532	0
ENSMUSG00000064147	Rab44	1456980_at	NA	-0.982555646850597	-0.1	NA	-0.0258289396118272	0
ENSMUSG00000064158	Izumo1	1429695_at	NA	0.463604586086258	0	NA	-1.08949174044669	-0.1
ENSMUSG00000064181	Rab3ip	1436103_at	NA	-0.588794710648437	-0.1	NA	0.598634450823034	0
ENSMUSG00000064202	4430402I18Rik	1455541_a_at	NA	-1.00542218200918	-0.2	NA	-1.06446247281865	-0.1
ENSMUSG00000064210	Ano6	1455309_at	NA	3.70899162049353	0.4	NA	0.811955706547076	0.1
ENSMUSG00000064215	Ifi27	1454757_s_at	NA	1.59592623924176	0.2	0.00285198177460387	5.6759256980206	0.6
ENSMUSG00000064225	Paqr9	1436168_at	NA	0.876061598228066	0.1	NA	-2.20055564861868	-0.2
ENSMUSG00000064247	Plcxd1	1440505_at	NA	0.723168157561873	0.1	NA	-0.623195238308003	0
ENSMUSG00000064262	Gimap8	1456061_at	NA	1.16833819424579	0.1	NA	-0.939449783488063	-0.1
ENSMUSG00000064280	Ccdc146	1453904_at	NA	1.31128840365316	0.1	NA	-0.642020851676781	-0.1
ENSMUSG00000064289	Tank	1441513_at	NA	0.0411534602857779	0	NA	-0.921971874795978	-0.1
ENSMUSG00000064299	4921528I07Rik	1453691_at	NA	1.25562886211501	0.1	NA	0.399694668075589	0
ENSMUSG00000064302	Clasp1	1460102_at	NA	1.53505945351667	0.2	NA	-0.290282563899041	0
ENSMUSG00000064308	2410137M14Rik	1432454_at	NA	0.617213830025073	0.1	NA	-0.14606002033704	0
ENSMUSG00000064325	Hhip	1455277_at	NA	0.0196535265872403	0	0.0250004500781091	-3.49221371166279	-0.3
ENSMUSG00000064329	Scn1a	1441728_at	NA	-1.06632485037088	-0.1	NA	0.927826480352418	0.1
ENSMUSG00000064722	Gm25857	1457341_at	NA	0.900668259224955	0.1	NA	-2.96556565412039	-0.2
ENSMUSG00000064867	Gm25039	1445409_at	NA	0.821265726812521	0.1	NA	0.593515783632145	0
ENSMUSG00000065126	Snord104	1440254_at	NA	3.05874437873344	0.4	0.00441858465666937	5.09449098839766	0.8
ENSMUSG00000065589	Mir301	1458130_at	NA	0.789681545709615	0.1	NA	1.05413929883247	0.1
ENSMUSG00000065715	Snord7	1440345_at	NA	0.399117319151592	0	NA	1.26849573754553	0.1
ENSMUSG00000065954	Tacc1	1454909_at	NA	2.95443703681473	0.3	0.00574214567947738	4.82720301423649	0.6
ENSMUSG00000065968	Ifitm7	1453917_at	NA	-0.159271981741126	0	NA	0.9057282245535	0.1
ENSMUSG00000065979	Cpped1	1443714_at	NA	1.85426189589937	0.3	0.301110267428547	1.34797486270264	0.1
ENSMUSG00000065987	Cd209b	1456895_at	NA	-0.420694958052994	-0.1	NA	1.13177990448856	0.1
ENSMUSG00000066000	Zfp979	1428604_at	NA	0.717208003305651	0.1	NA	0.562544920129831	0
ENSMUSG00000066037	Hnrnpr	1438807_at	NA	-0.00656517439923483	0	NA	1.46539405299189	0.1
ENSMUSG00000066042	Med18	1460462_at	NA	-0.634625869775762	-0.1	NA	0.0973042746098479	0
ENSMUSG00000066043	Phactr4	1434258_s_at	NA	2.22760562876818	0.4	0.0282956930598973	-3.36188595164072	-0.3
ENSMUSG00000066097	Cyp2j11	1440211_at	NA	-0.320507450209185	-0.1	NA	-1.17423763831856	-0.1
ENSMUSG00000066113	Adamtsl1	1430313_at	NA	0.0373230273567857	0	NA	1.17064294726946	0.1
ENSMUSG00000066129	Kndc1	1458411_at	NA	-1.47532829823517	-0.2	NA	-0.812909419244348	-0.1
ENSMUSG00000066137	Gm11487	1420133_at	NA	0.282848717090259	0.1	NA	-1.0915343465709	-0.1
ENSMUSG00000066148	Prpf4	1429724_at	NA	1.42549865234513	0.2	NA	-0.210338515041476	0
ENSMUSG00000066149	Cdc26	1456860_at	NA	0.744939104882624	0.1	NA	-0.45690364290968	0
ENSMUSG00000066151	Fkbp15	1439974_at	NA	-1.3228155219869	-0.2	0.0250004500781091	3.49733345317908	0.4
ENSMUSG00000066175	2510046G10Rik	1430605_at	NA	-2.55424272589271	-0.3	NA	0.890629018039873	0.1
ENSMUSG00000066178	6030445D17Rik	1441512_at	0.287304418699081	-1.57952057773313	-0.4	NA	-0.249458489731322	0
ENSMUSG00000066196	Spag8	1435997_at	NA	-0.808026239823896	-0.2	NA	-0.847269912009052	-0.1
ENSMUSG00000066197	Gpr139	1443129_at	NA	1.39752898579021	0.2	NA	-1.26837811598542	-0.1
ENSMUSG00000066232	Ipo7	1458165_at	NA	-1.57933916732269	-0.2	NA	-1.61570980607339	-0.1
ENSMUSG00000066235	Pomgnt2	1435677_at	NA	2.03880241847272	0.3	NA	0.604303808284165	0
ENSMUSG00000066382	Iqcf5	1429706_at	NA	-1.823736447855	-0.2	NA	1.69033294650817	0.1
ENSMUSG00000066383	Iqcf1	1430002_at	NA	-2.27112316812229	-0.2	NA	-1.14953906699244	-0.1
ENSMUSG00000066392	Nrxn3	1439629_at	NA	0.666279885868316	0.1	NA	0.835887445854949	0.1
ENSMUSG00000066406	Akap13	1433722_at	0.279177041105215	1.61464970992776	0.3	0.0398617035401347	3.05856425428233	0.4
ENSMUSG00000066438	Plekhd1	1436035_at	NA	1.29559796111735	0.1	NA	-2.58669828300101	-0.2
ENSMUSG00000066477	Gm16551	1456974_at	NA	-2.23342363623374	-0.3	NA	-0.616567853630044	-0.1
ENSMUSG00000066500	Izumo2	1429697_at	NA	0.0275779976914634	0	NA	0.322947040930313	0
ENSMUSG00000066568	Lsm14a	1428438_s_at	NA	-0.512478695625514	-0.1	0.165392068421202	1.87231369436722	0.2
ENSMUSG00000066571	4931406P16Rik	1433993_at	NA	0.43398322978912	0.1	NA	-1.69967857893984	-0.1
ENSMUSG00000066595	Flvcr1	1434424_at	0.0518548730613936	3.35081611465889	0.6	0.351966655730418	-1.20716678923468	-0.1
ENSMUSG00000066621	Tecpr1	1436679_at	NA	-0.957362215347561	-0.2	NA	-0.567243279580398	0
ENSMUSG00000066637	Ttc32	1452972_at	NA	-3.14260286172177	-0.4	NA	-0.535094439455148	0
ENSMUSG00000066640	Fbxl18	1456281_at	NA	2.29859320778877	0.2	NA	0.688090122722015	0.1
ENSMUSG00000066643	Wdr35	1454790_at	0.144626019390417	2.30577814133546	0.5	0.245432874837532	1.53505234999327	0.2
ENSMUSG00000066647	Gm5113	1458405_at	NA	0.257654483768634	0	NA	-0.862812290483485	-0.1
ENSMUSG00000066652	Lefty2	1436227_at	NA	0.519147578813111	0.1	NA	-0.561251289793345	-0.1
ENSMUSG00000066687	Zbtb16	1439163_at	NA	0.0175728460356004	0	NA	1.70339773189419	0.1
ENSMUSG00000066720	Cldn9	1439427_at	NA	-0.00185437843046119	0	NA	1.40720651050741	0.1
ENSMUSG00000066721	Zfp575	1447359_at	NA	1.59642147632963	0.2	NA	0.319596551204233	0
ENSMUSG00000066735	Vkorc1l1	1434916_at	0.371231818676434	1.26475190208597	0.4	NA	-1.27416096255846	-0.1
ENSMUSG00000066798	Zbtb6	1455273_at	NA	1.1411340553149	0.2	0.748180342292204	0.430473416150341	0
ENSMUSG00000066800	Rnasel	1446458_at	NA	-1.23481741038138	-0.1	NA	-1.46201404715702	-0.1
ENSMUSG00000066838	Zfp772	1437567_at	NA	-0.458630548370075	0	NA	0.820647226077196	0.1
ENSMUSG00000066842	Hmcn1	1438532_at	NA	0.148591439439506	0	NA	-0.762899734992699	-0.1
ENSMUSG00000066877	Nck2	1429481_at	NA	0.244266009577616	0	NA	-0.441044152333449	0
ENSMUSG00000066894	Vsig10	1436591_at	NA	1.43555694376826	0.2	NA	1.77662557825602	0.2
ENSMUSG00000066979	Bub3	1459104_at	0.308710233810697	1.48141731623408	0.3	NA	1.80075359418146	0.1
ENSMUSG00000067006	Serpinb5	1441941_x_at	NA	-0.618013223269139	-0.1	NA	0.457518311960505	0
ENSMUSG00000067081	Asb18	1440603_at	NA	0.340200485653766	0	NA	-1.16014005620943	-0.1
ENSMUSG00000067101	1700010H22Rik	1454238_a_at	NA	0.651600107731033	0.1	NA	0.200579207903615	0
ENSMUSG00000067103	AY702103	1444219_at	NA	-1.26229147281878	-0.1	NA	0.636820354536461	0.1
ENSMUSG00000067150	Xpo5	1428560_at	NA	-1.1018839062978	-0.2	NA	-1.54612029915693	-0.1
ENSMUSG00000067158	Col4a4	1445328_at	NA	0.695666132610685	0.1	NA	-1.43373497823141	-0.1
ENSMUSG00000067194	Eif1ax	1437071_at	0.454215502995991	1.02367891378755	0.2	0.681044336269994	-0.553578028296736	-0.1
ENSMUSG00000067206	Lrrc66	1442096_at	NA	-0.594360794014764	-0.1	NA	-0.883206340198829	-0.1
ENSMUSG00000067219	Nipal1	1453345_at	NA	-0.183032149959013	0	NA	0.706050914305045	0.1
ENSMUSG00000067220	Cnga1	1432917_at	NA	-0.734511915642154	-0.1	NA	-1.56480853134459	-0.1
ENSMUSG00000067242	Lgi1	1447365_at	NA	0.464114647134725	0.1	NA	-0.374931371992318	0
ENSMUSG00000067297	Ifit1bl2	1457976_at	NA	-0.337991065745894	0	NA	-0.454437168822406	0
ENSMUSG00000067336	Bmpr2	1434310_at	0.406765667285036	1.15257095566876	0.3	0.697972039463549	-0.524200853255274	-0.1
ENSMUSG00000067341	H2-Eb2	1440907_at	0.235272985535421	1.81654147573709	0.4	NA	0.339585536278996	0
ENSMUSG00000067369	Trmt2b	1433672_at	NA	2.18623046922131	0.3	0.0165815981418446	3.8698093948472	0.5
ENSMUSG00000067424	Zfp563	1442648_at	NA	0.573401552651149	0.1	NA	-0.861903135901993	-0.1
ENSMUSG00000067430	Zfp763	1453959_at	NA	-1.018308462934	-0.1	NA	-0.540636078764182	0
ENSMUSG00000067455	H4c11	1431658_at	NA	-1.14623078825578	-0.2	NA	-1.89167494282052	-0.1
ENSMUSG00000067567	Hdac8	1428933_at	NA	0.643754820884655	0.1	0.134442825195836	2.04722288652397	0.2
ENSMUSG00000067571	Ms4a15	1441898_at	NA	0.750083389980668	0.1	NA	-1.65873035721787	-0.1
ENSMUSG00000067577	A430093F15Rik	1444299_at	NA	-0.146680795101929	0	0.0976590677786439	-2.32782277463425	-0.2
ENSMUSG00000067578	Cbln4	1433607_at	NA	1.32877250550796	0.2	NA	-1.03801018783734	-0.1
ENSMUSG00000067586	S1pr3	1437173_at	NA	1.36650633081914	0.2	NA	-1.05714268148871	-0.1
ENSMUSG00000067629	Syngap1	1445364_at	NA	2.79867158615083	0.4	NA	0.208143104890732	0
ENSMUSG00000067722	BC003965	1440466_at	NA	0.0849875437850284	0	NA	-0.197964798816376	0
ENSMUSG00000067724	Gbx1	1456760_at	NA	0.208070476292548	0	NA	-0.723319561439578	-0.1
ENSMUSG00000067773	Defb41	1440767_at	NA	3.51822804361477	0.4	0.12683844480637	2.09659903908562	0.2
ENSMUSG00000067795	4930444P10Rik	1431450_at	NA	-0.116037705116576	0	NA	0.256713897488101	0
ENSMUSG00000067851	Arfgef1	1415711_at	0.617883705569343	0.6393616476564	0.2	NA	-0.960580640123592	-0.1
ENSMUSG00000067860	Zic3	1438737_at	NA	-0.187590296305724	0	NA	-0.511724854666908	0
ENSMUSG00000067872	Ccdc87	1456441_at	NA	-0.818993625088172	-0.1	NA	-1.79244004963202	-0.2
ENSMUSG00000067879	Vxn	1428184_at	NA	0.792976855991435	0.1	NA	-0.157358910882599	0
ENSMUSG00000067928	Zfp760	1440226_at	NA	1.63466337621526	0.2	NA	-2.28570644376328	-0.2
ENSMUSG00000067942	Zfp160	1439073_at	NA	0.0411737167794449	0	NA	-1.22348129364838	-0.1
ENSMUSG00000068008	Bpifb3	1445760_at	NA	0.749587636069304	0.1	NA	-1.11571201879685	-0.1
ENSMUSG00000068011	Mkrn2os	1440916_at	NA	-1.78228764891175	-0.2	NA	0.706607751523911	0.1
ENSMUSG00000068015	Lrch1	1438032_at	NA	1.10516388595979	0.2	NA	-0.914678295718534	-0.1
ENSMUSG00000068036	Afdn	1436303_at	0.0164800684718228	4.69301357802169	0.9	0.675905250712649	0.563110494261735	0.1
ENSMUSG00000068083	Cyp2d40	1430814_at	NA	-0.941750548099367	-0.1	NA	-0.467599897003275	0
ENSMUSG00000068099	1500009C09Rik	1452827_at	NA	-0.579080250885084	-0.1	NA	-0.422176157647951	0
ENSMUSG00000068114	Ccdc134	1428261_at	0.0446697628427004	3.51974601900539	0.7	NA	-1.17747395129789	-0.1
ENSMUSG00000068115	Ninl	1458667_at	NA	0.303205998858411	0	NA	0.331470015267962	0
ENSMUSG00000068117	Mei1	1429929_at	NA	1.46446024883873	0.2	NA	-1.55409497723289	-0.1
ENSMUSG00000068154	Insm1	1455865_at	NA	-0.778128934589465	-0.1	NA	0.61911129374726	0.1
ENSMUSG00000068180	AY512915	1445526_at	NA	-0.703185545727707	-0.1	0.854719087832108	-0.257200703510717	0
ENSMUSG00000068184	Ndufaf2	1452923_at	NA	-0.355737546327974	0	0.12683844480637	2.0961637812222	0.3
ENSMUSG00000068196	Col8a1	1455627_at	0.0969059182691872	2.69508229212973	0.7	NA	0.445890540278642	0
ENSMUSG00000068205	Macrod2	1443058_at	NA	0.405662905658278	0.1	NA	1.95381486278129	0.2
ENSMUSG00000068227	Il2rb	1443937_at	NA	1.71053468689006	0.2	NA	0.0962999866896182	0
ENSMUSG00000068250	Amn1	1454766_at	0.399618207938637	-1.1786805212571	-0.3	0.00137773683220374	6.4369251743376	0.7
ENSMUSG00000068270	Shroom4	1457465_at	0.0762446004529523	2.96310644570145	0.5	NA	0.0578990251684942	0
ENSMUSG00000068284	Usf3	1428681_at	0.461549313950817	-1.00214296090998	-0.2	NA	0.74024820609614	0.1
ENSMUSG00000068328	Aup1	1415742_at	NA	-0.874274469672071	-0.1	0.241740772747245	-1.54644699882933	-0.2
ENSMUSG00000068373	D430041D05Rik	1435848_at	NA	0.703155682519402	0.1	NA	-0.0476647028517011	0
ENSMUSG00000068391	Chrac1	1459859_x_at	NA	-0.363044227490161	-0.1	NA	2.06084861462453	0.2
ENSMUSG00000068547	Clca4a	1439727_at	NA	-0.717819761685698	-0.1	NA	0.178588364032938	0
ENSMUSG00000068551	Zfp467	1441727_s_at	NA	0.978986507387514	0.1	NA	0.637619180595468	0.1
ENSMUSG00000068587	Mgam	1456777_at	NA	-0.497229565897493	-0.1	NA	1.40552076479845	0.1
ENSMUSG00000068615	Gjd2	1435297_at	NA	-0.814647924514845	-0.1	NA	-1.3390382179754	-0.1
ENSMUSG00000068617	Efcab1	1453619_at	NA	-0.831866935057538	-0.1	NA	-0.302937757388782	0
ENSMUSG00000068663	Clec16a	1453635_at	NA	-0.66215809070909	-0.1	NA	0.372197778442609	0
ENSMUSG00000068732	Tmem167b	1429042_at	NA	2.58120915107488	0.4	0.0151480673616356	3.96023939693733	0.7
ENSMUSG00000068735	Trp53i11	1436919_at	NA	-0.796830876863056	-0.1	NA	-0.748185217406096	-0.1
ENSMUSG00000068745	Mybphl	1430269_at	NA	-0.434235331579775	-0.1	NA	-1.11334621617649	-0.1
ENSMUSG00000068854	H2bc21	1455095_at	0.371345581490214	-1.26373084173934	-0.3	0.337149024758082	1.24395896542025	0.1
ENSMUSG00000068860	Gm128	1443635_at	NA	-0.15004095501231	0	NA	-0.630701146860388	-0.1
ENSMUSG00000068876	Cgn	1435155_at	NA	1.42522291469	0.2	NA	-1.65961282161746	-0.1
ENSMUSG00000068885	Lce3f	1456248_at	NA	-1.41497581073215	-0.2	NA	0.0676453991384306	0
ENSMUSG00000068923	Syt11	1429315_at	NA	-0.406999199660433	-0.1	0.0586201487914059	2.74391791449155	0.3
ENSMUSG00000068957	4930589L23Rik	1432112_at	NA	-0.110150937632322	0	NA	0.314287694601024	0
ENSMUSG00000068959	Zfp619	1430088_at	NA	-0.459201156441799	0	NA	0.460884123433125	0
ENSMUSG00000068966	Zbtb34	1447042_at	0.637371063808182	-0.601623774760445	-0.1	NA	-0.67216283785419	-0.1
ENSMUSG00000069020	Urm1	1437227_at	NA	3.54387399116418	0.4	0.245743283115668	-1.53378566298353	-0.2
ENSMUSG00000069041	Slc25a31	1453133_at	NA	-0.207900922798877	0	NA	-1.49745733464449	-0.1
ENSMUSG00000069049	Eif2s3y	1431642_at	NA	-0.184094680237684	0	NA	0.859460147046995	0.1
ENSMUSG00000069072	Slc7a14	1439607_at	NA	1.88922406975369	0.3	NA	-0.803717844953152	-0.1
ENSMUSG00000069080	Lcn11	1444322_at	NA	-0.933190512091012	-0.1	NA	-0.215349049040001	0
ENSMUSG00000069094	Pde7a	1438041_at	NA	3.76075853678217	0.5	NA	2.59291583187618	0.2
ENSMUSG00000069114	Zbtb10	1436068_at	NA	0.708969577737589	0.1	NA	-0.293947952793295	0
ENSMUSG00000069118	1700008P02Rik	1430284_at	NA	-0.0795509010271222	0	NA	-1.48637768900205	-0.1
ENSMUSG00000069132	Nxph2	1437964_at	NA	0.421649010501556	0.1	NA	-1.53998609043194	-0.1
ENSMUSG00000069135	Fgfr1op	1428919_at	0.242617726439455	1.78176436935384	0.4	0.153631834723067	1.93324550859396	0.2
ENSMUSG00000069189	Zdhhc11	1430349_at	NA	0.543291581764576	0.1	NA	-0.293533577662593	0
ENSMUSG00000069206	Zfp874a	1434171_at	NA	0.0110883889260915	0	NA	0.411457054810912	0
ENSMUSG00000069372	Ctxn3	1438059_at	0.00622095421263612	-6.32924518164041	-1	0.342860748727237	1.22946530556527	0.2
ENSMUSG00000069378	Prdm6	1436962_at	NA	0.308023999656223	0	NA	-1.1639809455544	-0.1
ENSMUSG00000069441	Dsg1a	1458000_at	NA	0.453010700782555	0.1	NA	-0.310246563768924	0
ENSMUSG00000069456	Rdh16	1445728_at	NA	-0.656100508562565	-0.1	NA	1.49330973502712	0.1
ENSMUSG00000069476	Zfp616	1438875_at	NA	0.628983627517122	0.1	NA	-0.60904595163655	-0.1
ENSMUSG00000069495	Epc2	1455317_at	0.544359178203338	0.79844820435698	0.3	0.860800559852694	-0.241653706987177	0
ENSMUSG00000069539	Scyl2	1440269_at	NA	0.786854054279978	0.1	NA	-1.69622179460723	-0.1
ENSMUSG00000069601	Ank3	1452872_at	NA	0.909266608359799	0.1	NA	1.1251017835877	0.1
ENSMUSG00000069633	Pex11g	1430857_s_at	NA	-1.20990943174545	-0.2	NA	-0.382001004401086	0
ENSMUSG00000069670	Nkain2	1453329_s_at	NA	0.92715255892939	0.1	NA	1.41021628951559	0.1
ENSMUSG00000069713	4933406P04Rik	1430093_at	NA	-0.345958606991227	-0.1	NA	1.51089976240458	0.1
ENSMUSG00000069718	Gm11563	1442089_at	NA	-0.12578723013827	0	NA	-0.160182459960565	0
ENSMUSG00000069721	Krtap3-2	1430625_at	NA	0.959441297810603	0.1	NA	-0.0466086445749808	0
ENSMUSG00000069729	Arid1b	1455979_at	NA	1.18827629954481	0.1	NA	0.553464727118099	0.1
ENSMUSG00000069733	Ube2u	1437609_at	NA	-0.885451429213286	-0.1	NA	0.0591936566077394	0
ENSMUSG00000069743	Zfp820	1455786_at	NA	0.350226431891996	0	NA	0.529692335727908	0
ENSMUSG00000069769	Msi2	1436818_a_at	0.598902461225755	-0.676914163541749	-0.2	NA	-0.702673381455848	0
ENSMUSG00000069792	Wfdc17	1436530_at	NA	0.388571510641436	0	NA	-0.0140087303798917	0
ENSMUSG00000069793	Slfn9	1436472_at	NA	0.693401022476778	0.1	NA	-1.72421100881829	-0.1
ENSMUSG00000069806	Cacng7	1439745_at	NA	-0.633901939079726	-0.1	NA	-0.47181688610038	0
ENSMUSG00000069808	Fam57a	1435076_at	0.0696455498667463	3.06039738108953	0.5	NA	0.618089030804595	0.1
ENSMUSG00000069814	Ccdc92b	1433673_at	NA	-2.17660814895668	-0.3	NA	-1.52196550226722	-0.1
ENSMUSG00000069835	Sat2	1430318_at	NA	1.27099616354909	0.2	NA	1.86229950303786	0.1
ENSMUSG00000069844	Sco1	1430300_at	0.862038122068919	-0.229107584271641	-0.1	NA	0.125720828526606	0
ENSMUSG00000069873	4930438A08Rik	1429960_at	NA	0.0843551947607021	0	NA	-0.887897377382601	-0.1
ENSMUSG00000069895	Atxn1l	1455507_s_at	0.245665191221889	1.77252237052053	0.4	0.0508260861321048	2.85327307638414	0.3
ENSMUSG00000069911	Insyn2b	1442379_at	NA	0.394881470999784	0	0.045496693689137	-2.95108288883259	-0.2
ENSMUSG00000069971	4933402J07Rik	1442275_at	NA	-0.955232325855691	-0.2	NA	-0.932098014187929	-0.1
ENSMUSG00000070044	Fam149a	1455793_at	0.0236632324680467	4.22973350587238	0.7	0.0119178555683718	4.1729549905718	0.4
ENSMUSG00000070047	Fat1	1433857_at	0.00561075622374505	6.51456309134381	1.1	0.000574295913672002	7.46368699732424	1
ENSMUSG00000070056	Mfhas1	1436897_at	NA	-1.33148257237204	-0.1	0.196310541773945	1.73342968100516	0.2
ENSMUSG00000070072	Mir433	1453446_at	NA	-1.53073873998243	-0.2	NA	-1.4730882744873	-0.1
ENSMUSG00000070280	Slc22a14	1440058_at	NA	0.707907032576317	0.1	NA	-1.59054268204039	-0.1
ENSMUSG00000070282	3000002C10Rik	1431997_at	NA	-0.438138161421473	-0.1	NA	-1.27001315936741	-0.1
ENSMUSG00000070291	Ddx43	1441045_at	NA	-1.74198761469312	-0.2	NA	1.65382794770223	0.2
ENSMUSG00000070304	Scn2b	1457144_at	0.536536076553638	-0.816098708807429	-0.2	NA	-0.477453687559839	0
ENSMUSG00000070305	Mpzl3	1435571_at	NA	-1.17290340197473	-0.1	NA	-2.20649844977644	-0.2
ENSMUSG00000070306	Ccdc153	1458104_a_at	NA	-0.977663089440971	-0.2	NA	-1.28176687144887	-0.1
ENSMUSG00000070315	4930581F22Rik	1453692_at	NA	0.884318816685526	0.1	NA	0.0332170660459346	0
ENSMUSG00000070324	Fbxw22	1437703_at	NA	0.235803158337601	0	NA	0.495047959213606	0
ENSMUSG00000070327	Rnf213	1455500_at	NA	1.16882440836563	0.2	NA	1.56937812709479	0.1
ENSMUSG00000070331	Qrich2	1442902_at	NA	-0.883143943966185	-0.2	NA	0.0693062487379482	0
ENSMUSG00000070332	Trim80	1456230_at	NA	-0.0902345164444498	0	NA	-1.66348807909429	-0.1
ENSMUSG00000070334	Krtap31-1	1430296_at	NA	1.69405198202348	0.2	NA	-1.86620452331969	-0.1
ENSMUSG00000070337	Gpr179	1459268_at	NA	1.13996074535483	0.1	NA	2.11384266801346	0.2
ENSMUSG00000070345	Hsf5	1444712_at	NA	-0.736122606563721	-0.1	NA	0.963463307231617	0.1
ENSMUSG00000070368	Prok1	1443505_at	NA	0.334535831331259	0	NA	-0.253545048666254	0
ENSMUSG00000070371	Prss36	1429164_at	NA	-1.64279076565231	-0.2	NA	-1.02024112148838	-0.1
ENSMUSG00000070394	Tmem256	1430985_at	NA	3.03475863381658	0.4	0.0151873915907507	3.95685618441666	0.4
ENSMUSG00000070407	Hs3st3b1	1433977_at	NA	-0.701673863383556	-0.1	NA	-2.26431307429129	-0.2
ENSMUSG00000070421	Olfr658	1440599_at	NA	0.0387401194572465	0	NA	-0.922697451046936	-0.1
ENSMUSG00000070423	Olfr558	1446400_at	NA	-0.369012124472003	0	NA	-0.484188765375737	0
ENSMUSG00000070461	9230112E08Rik	1444156_at	NA	-0.965495052419989	-0.1	NA	2.63760145529057	0.2
ENSMUSG00000070469	Adamtsl3	1440668_at	NA	2.5325307791576	0.3	0.000346310412225061	8.08773008066174	0.9
ENSMUSG00000070471	Erich6	1458320_at	NA	-0.311272623608485	-0.1	NA	-0.270719929816054	0
ENSMUSG00000070476	Fam217b	1452952_at	NA	0.338155114315774	0.1	NA	-1.04790983682707	-0.1
ENSMUSG00000070489	4930527J03Rik	1433421_at	NA	-0.369140807650283	0	NA	-0.616510258991052	0
ENSMUSG00000070509	Rgma	1438241_at	NA	0.211731972168658	0	0.0109067582322165	4.25138799855225	0.4
ENSMUSG00000070544	Top1	1457573_at	NA	0.638046196254723	0.1	NA	0.117356283139244	0
ENSMUSG00000070547	Mrgprb1	1437529_at	NA	-0.0387421873307224	0	NA	-1.4688001083384	-0.1
ENSMUSG00000070563	Spaca4	1429705_at	NA	-0.706775441342021	-0.1	NA	-1.51812739751845	-0.1
ENSMUSG00000070564	Ntn5	1446220_at	0.0704257363863803	-3.04013214633189	-0.5	NA	0.449211281765944	0
ENSMUSG00000070565	Rasal2	1436248_at	0.257066146795579	1.71013344809978	0.4	0.202921412565767	1.7013612416695	0.2
ENSMUSG00000070568	Slc6a21	1432395_at	NA	0.569395510586475	0.1	NA	-1.64930618072121	-0.1
ENSMUSG00000070570	Slc17a7	1428986_at	NA	1.49830568972506	0.1	NA	-2.47497465743103	-0.2
ENSMUSG00000070574	2310016G11Rik	1432445_at	NA	-2.32400428503405	-0.3	NA	-0.779187447172097	-0.1
ENSMUSG00000070576	Mn1	1454867_at	NA	1.38126731543985	0.2	0.00808094323605806	4.50504256982653	0.4
ENSMUSG00000070604	Vsig10l	1445472_at	NA	-0.56589242620417	-0.1	NA	-0.289922054463975	0
ENSMUSG00000070639	Lrrc8b	1437087_at	NA	1.27100922620642	0.2	NA	-2.33221057579771	-0.2
ENSMUSG00000070644	Etnk2	1437040_at	NA	0.865537071766539	0.1	NA	-0.247466686386614	0
ENSMUSG00000070683	Lactbl1	1438141_at	NA	-0.31244669904369	0	NA	-0.706051224965853	-0.1
ENSMUSG00000070687	Htr1d	1440741_at	NA	-0.62691258955716	-0.1	NA	-0.765842836305026	-0.1
ENSMUSG00000070690	Albfm1	1442510_at	NA	-0.216204787581063	0	0.476130334171192	-0.930936251715351	-0.1
ENSMUSG00000070691	Runx3	1440275_at	0.0354033936451117	3.7727659461834	0.8	0.0345944620944098	-3.18833856813637	-0.4
ENSMUSG00000070695	Cntnap5a	1457733_at	NA	1.11078670527507	0.2	NA	-0.578757792459724	-0.1
ENSMUSG00000070704	Ugt2b36	1455595_at	NA	0.788461080461878	0.1	NA	1.07211930746475	0.1
ENSMUSG00000070709	Zfp974	1440171_x_at	NA	1.25007240262131	0.2	NA	-1.53446211338053	-0.1
ENSMUSG00000070719	Pla2g4d	1453405_at	NA	1.35728265796285	0.2	NA	-1.94814879397474	-0.1
ENSMUSG00000070732	Rbm44	1441504_at	NA	0.0134014173520704	0	NA	-1.33873263965709	-0.1
ENSMUSG00000070733	Fryl	1415758_at	NA	1.69363291694091	0.3	NA	1.13459527296847	0.1
ENSMUSG00000070737	Tmem35b	1434193_at	NA	0.909842163602719	0.1	NA	0.381099120543754	0
ENSMUSG00000070738	Dgkd	1439873_at	NA	0.878096922326791	0.1	NA	-1.33016040075308	-0.1
ENSMUSG00000070777	Ceacam20	1430383_at	NA	1.4328325530947	0.1	0.745890429497521	0.435236824738958	0.1
ENSMUSG00000070780	Rbm47	1438021_at	NA	0.488933174523467	0.1	NA	1.24383469926159	0.1
ENSMUSG00000070796	Psg21	1431889_x_at	NA	0.695678327124458	0.1	NA	-0.0923938869700447	0
ENSMUSG00000070802	Pnmal2	1435960_at	0.0120038998571071	5.11730217595164	0.6	NA	-0.46739868013946	0
ENSMUSG00000070806	Zmynd12	1459815_at	NA	-0.794180656417067	-0.1	NA	-0.479455566712712	0
ENSMUSG00000070808	Bicra	1440238_at	NA	0.454969423821829	0.1	NA	-0.790787421056426	-0.1
ENSMUSG00000070814	Zswim9	1443910_at	NA	-0.241490169658857	0	0.776893808846009	-0.385938693254997	0
ENSMUSG00000070822	Zscan18	1435705_at	NA	-0.737131787507055	-0.1	NA	-2.46147013977874	-0.2
ENSMUSG00000070858	Gm1673	1434498_at	NA	0.165377304702947	0	NA	2.50062502904622	0.2
ENSMUSG00000070866	Zfp804a	1457361_at	NA	0.598537235909438	0.1	NA	0.592245404820763	0
ENSMUSG00000070867	Trabd2b	1439849_at	NA	0.997457995182706	0.1	0.00244370250622493	5.8137097711213	0.7
ENSMUSG00000070871	Ccnyl1	1455032_at	NA	2.80142490939966	0.4	NA	-0.417056516490874	0
ENSMUSG00000070883	Ccdc173	1431204_at	NA	-0.872742156458813	-0.1	0.501933264461804	-0.879556723016983	-0.1
ENSMUSG00000070891	Gm12689	1441719_at	NA	-0.72450121057724	-0.1	NA	0.926423095391271	0.1
ENSMUSG00000070939	Tgfbrap1	1428426_s_at	NA	0.522720679051011	0.1	NA	0.941822459548545	0.1
ENSMUSG00000070942	Il1rl2	1434903_s_at	NA	-0.566442707032894	-0.1	NA	-0.00540257119018482	0
ENSMUSG00000070953	Rabepk	1454449_at	NA	2.79516719279997	0.3	NA	1.3180658579149	0.1
ENSMUSG00000070972	Dnajc25	1444108_at	0.349519864044556	1.36332049995861	0.3	0.0503566597171534	2.86100457648145	0.3
ENSMUSG00000070999	Ccin	1438240_at	NA	0.0326709258519853	0	NA	-0.654450707253589	-0.1
ENSMUSG00000071001	Hrct1	1429018_at	NA	0.405840316026043	0	NA	2.20239433184426	0.2
ENSMUSG00000071019	Sdr16c6	1457025_at	NA	0.228312352841632	0	NA	0.267172300150177	0
ENSMUSG00000071036	Gm10309	1444649_at	NA	-1.15099713400636	-0.1	NA	-0.658689565817326	0
ENSMUSG00000071037	Camkmt	1456045_at	NA	-0.818092938481735	-0.1	NA	0.0495292083153549	0
ENSMUSG00000071042	Rasgrp3	1438031_at	NA	0.711382638741065	0.1	NA	0.998824247466994	0.1
ENSMUSG00000071054	Safb	1454415_at	NA	0.774112662565228	0.1	NA	0.311972757752551	0
ENSMUSG00000071064	Zfp827	1439493_at	NA	2.08817345664574	0.3	NA	-0.327606208145986	0
ENSMUSG00000071068	Treml2	1440938_at	NA	-0.975097800125261	-0.1	0.437120641406696	-1.01725077131602	-0.1
ENSMUSG00000071073	Lrrc73	1455755_at	NA	1.12343232517111	0.1	0.595612676016626	0.708056045943788	0.1
ENSMUSG00000071074	Yipf3	1444012_at	0.371231818676434	-1.2685371848834	-0.3	NA	1.72438254626134	0.1
ENSMUSG00000071089	Trim75	1455864_at	NA	1.94077030919774	0.2	0.556455527215287	0.777766489416657	0.1
ENSMUSG00000071103	1700029J07Rik	1453168_at	NA	-1.32697735728085	-0.1	NA	-0.690361245903222	-0.1
ENSMUSG00000071104	Ccdc110	1458388_at	NA	0.052381715740308	0	NA	-1.44516015144473	-0.1
ENSMUSG00000071112	Spx	1441161_at	NA	-0.91401185286273	-0.2	0.641260604684059	-0.622180022822628	-0.1
ENSMUSG00000071113	Mboat4	1439752_at	NA	1.35445830646169	0.3	NA	-1.96446911237509	-0.1
ENSMUSG00000071138	Tex24	1441893_at	NA	0.888145469020617	0.1	NA	-1.44792242141556	-0.1
ENSMUSG00000071176	Arhgef10	1446374_at	NA	-0.607350243047477	-0.1	NA	0.512986035462232	0
ENSMUSG00000071180	Smim15	1452737_at	0.394878693391929	1.19392834115174	0.3	0.810277266049836	0.328528829928548	0
ENSMUSG00000071181	3830408C21Rik	1453616_at	0.448966698725842	-1.03900540127917	-0.2	NA	0.460057937467992	0
ENSMUSG00000071226	Cecr2	1459202_at	NA	0.892270783297738	0.1	NA	-0.868452442187399	-0.1
ENSMUSG00000071234	Syndig1l	1458342_at	NA	0.393915603979058	0.1	NA	-1.99234851749381	-0.2
ENSMUSG00000071235	Vrtn	1440542_at	NA	-1.38622167714333	-0.2	NA	-0.948422111767188	-0.1
ENSMUSG00000071252	2210408I21Rik	1453502_at	NA	-0.431505710930725	-0.1	NA	-0.696552979305121	-0.1
ENSMUSG00000071253	Slc25a16	1434996_at	0.72010833621294	0.460431011391074	0.1	0.0487195096227019	2.89329446635613	0.4
ENSMUSG00000071256	Zfp213	1438479_at	NA	-0.826682790184031	-0.1	NA	-2.42854410484449	-0.2
ENSMUSG00000071262	Zfp957	1455062_at	NA	1.70149023116201	0.2	NA	-0.253429396618466	0
ENSMUSG00000071265	1700086L19Rik	1455085_at	0.00889304978086934	-5.59113868963269	-1.3	NA	-0.908876323160298	-0.1
ENSMUSG00000071266	Zfp946	1429690_at	0.0953290710087036	2.7102730054333	0.6	NA	0.342373182704003	0
ENSMUSG00000071302	2610044O15Rik8	1452876_x_at	NA	0.862049602063908	0.1	NA	-0.797980782650119	-0.1
ENSMUSG00000071317	Bves	1439848_at	NA	1.93257183086868	0.3	NA	0.315214381700717	0
ENSMUSG00000071324	Armc2	1454180_at	NA	-0.336590619479025	0	NA	-0.547755745766109	0
ENSMUSG00000071337	Tia1	1437934_at	NA	1.30115531589177	0.2	NA	-1.15751801993028	-0.1
ENSMUSG00000071347	C1qtnf9	1442033_at	NA	0.119632810620724	0	NA	0.771523379620026	0.1
ENSMUSG00000071350	Setdb2	1436120_at	NA	1.23055008459006	0.2	NA	-0.24665660111226	0
ENSMUSG00000071359	Tbpl1	1434907_at	0.380162232650697	-1.23651378009187	-0.3	0.943695944796213	-0.102481850459514	0
ENSMUSG00000071369	Map3k5	1439830_at	NA	0.916296229946281	0.1	NA	-1.12703207541423	-0.1
ENSMUSG00000071398	2410004P03Rik	1431991_at	NA	-0.633849153506431	-0.1	NA	-1.19163143359844	-0.1
ENSMUSG00000071424	Grid2	1459245_s_at	NA	0.649881318521724	0.1	0.48410571399899	-0.915685453769734	-0.1
ENSMUSG00000071454	Dtnb	1445329_at	NA	-1.53970643535516	-0.2	NA	0.473266004954249	0
ENSMUSG00000071456	1110002L01Rik	1429484_at	NA	-0.628575511640099	-0.1	NA	0.869667666089679	0.1
ENSMUSG00000071471	Krtap26-1	1429957_at	NA	0.686339916467823	0.1	0.0545793570893503	-2.80095272598893	-0.3
ENSMUSG00000071506	Tmem139	1436556_at	NA	0.316262896346541	0	0.340019975751352	-1.236440678434	-0.1
ENSMUSG00000071531	Gprin2	1443997_at	NA	1.6785850776244	0.3	NA	0.118417483276874	0
ENSMUSG00000071537	Klrg2	1430606_at	NA	1.2088444243941	0.1	NA	0.0302111974360187	0
ENSMUSG00000071551	Akr1c19	1455454_at	NA	-2.2906810218651	-0.3	NA	-0.589331113833706	-0.1
ENSMUSG00000071573	Rnls	1453180_at	NA	0.399615115793592	0.1	NA	1.11951665420564	0.1
ENSMUSG00000071586	Gm10337	1458198_at	NA	-0.508292834987606	-0.1	NA	-0.830004952799125	-0.1
ENSMUSG00000071604	Fam189a2	1435282_at	NA	-0.559157005491042	-0.1	NA	-1.0775375355498	-0.1
ENSMUSG00000071636	Rimbp3	1443875_at	NA	-1.07191974810142	-0.2	NA	1.29957098564014	0.1
ENSMUSG00000071644	Eef1g	1458955_at	NA	-1.34252369442641	-0.1	NA	0.00602396814492734	0
ENSMUSG00000071645	Tut1	1440395_at	NA	0.616630239366232	0.1	NA	-0.237525578167575	0
ENSMUSG00000071656	Lrrn4cl	1437771_at	NA	1.29466711083619	0.2	NA	0.68440507502752	0.1
ENSMUSG00000071659	Hnrnpul2	1415765_at	NA	1.5051216300683	0.2	NA	-0.609375703346528	-0.1
ENSMUSG00000071660	Ttc9c	1434001_at	NA	-0.0453107722467837	0	0.123112875187676	2.12490327193059	0.2
ENSMUSG00000071669	Snx29	1456922_at	NA	0.61679022962104	0.1	NA	-0.957695397655691	-0.1
ENSMUSG00000071686	Tex13a	1431531_at	NA	-0.0749770549378973	0	NA	0.355311842846421	0
ENSMUSG00000071713	Csf2rb	1455660_at	NA	0.577320684035995	0.1	0.00728622689578626	4.60596500865622	0.5
ENSMUSG00000071723	Gspt2	1455721_at	NA	1.01186880421854	0.2	0.184689497747193	-1.77977211764132	-0.2
ENSMUSG00000071749	4933412E24Rik	1454063_at	NA	-0.368646159314704	0	NA	-0.440196748389405	0
ENSMUSG00000071757	Zhx2	1455210_at	NA	-1.45372443909183	-0.2	NA	-0.982245715391472	-0.1
ENSMUSG00000071763	4933416I08Rik	1454154_at	NA	0.0436442508682836	0	NA	-0.141530348540017	0
ENSMUSG00000071793	2610005L07Rik	1457673_at	NA	-0.141712576278628	0	NA	-1.56389551235167	-0.1
ENSMUSG00000071818	4930417O22Rik	1432215_s_at	NA	1.48310473666334	0.2	NA	-0.68933844821878	-0.1
ENSMUSG00000071847	Apcdd1	1443639_at	NA	-0.533059151238366	-0.1	NA	-0.957754430308236	-0.1
ENSMUSG00000071855	Ccdc112	1429167_at	NA	2.18264411729409	0.3	NA	1.77240453610344	0.2
ENSMUSG00000071856	Mcc	1459524_at	NA	-1.24800066493548	-0.1	NA	-0.238532414778159	0
ENSMUSG00000071858	Gm94	1458367_at	NA	0.912337755956461	0.1	NA	-2.89227710877005	-0.2
ENSMUSG00000071862	Lrrtm2	1455489_at	NA	0.536972180055221	0.1	NA	1.4165980750895	0.1
ENSMUSG00000071890	Mroh9	1453493_at	0.51381107585974	-0.867014510625613	-0.2	NA	-1.28477733003486	-0.1
ENSMUSG00000071984	Fndc1	1430119_at	NA	-0.0219661593580821	0	NA	-0.574624772160448	0
ENSMUSG00000072066	6720489N17Rik	1440869_x_at	NA	0.556000994196754	0.1	NA	-0.445005777244245	0
ENSMUSG00000072115	Ang	1438936_s_at	0.583247497154372	0.711657095836057	0.3	0.0754613658821961	-2.53956770964172	-0.2
ENSMUSG00000072294	Klf12	1439846_at	NA	-0.0818935279628468	0	NA	-0.910814323809091	-0.1
ENSMUSG00000072295	C2cd6	1437659_at	NA	0.557542736984588	0.1	NA	-0.421762918654996	0
ENSMUSG00000072423	Psmb11	1453150_at	NA	-0.579024376588525	-0.1	NA	1.16532528036706	0.1
ENSMUSG00000072437	Nanos1	1436648_at	NA	2.44679551263043	0.3	NA	0.273035434606408	0
ENSMUSG00000072494	Ppp1r3e	1456807_at	NA	0.661569280992286	0.1	0.0970133521230199	-2.33328054755488	-0.2
ENSMUSG00000072501	Phf20l1	1456871_a_at	NA	0.540686002146431	0.1	NA	-0.655477193092794	-0.1
ENSMUSG00000072568	Lratd2	1434301_at	NA	-1.63761579656761	-0.2	NA	-0.154662632081067	0
ENSMUSG00000072572	Slc39a2	1443163_at	NA	0.300977731348302	0	0.0309959882835542	-3.27720791265502	-0.3
ENSMUSG00000072591	Fzd10os	1441338_at	NA	1.03001432674568	0.1	NA	1.052176440878	0.1
ENSMUSG00000072595	4930503E14Rik	1453526_at	NA	2.28157611286636	0.3	0.779489502571653	0.380190988672614	0
ENSMUSG00000072621	Slfn10-ps	1444350_at	NA	-0.304776875749888	0	NA	-0.816626774833159	-0.1
ENSMUSG00000072623	Zfp9	1456483_at	NA	2.79738800336096	0.4	0.017987538969393	3.78251328124973	0.4
ENSMUSG00000072640	Lyrm9	1458028_at	NA	0.992765694999531	0.2	NA	0.762198665987484	0.1
ENSMUSG00000072653	Zfp783	1434857_at	NA	-0.981027532772807	-0.2	NA	-0.916952127640437	-0.1
ENSMUSG00000072663	Spef2	1458911_at	0.237874962195196	-1.80301726000496	-0.3	NA	-0.673959138936269	-0.1
ENSMUSG00000072673	Gm10392	1444448_at	0.312397372917683	-1.46896688572295	-0.3	NA	-2.00666658632527	-0.1
ENSMUSG00000072679	D6Ertd474e	1440476_at	NA	-0.370287654020084	-0.1	NA	-0.379687615787527	0
ENSMUSG00000072688	Gm10399	1445150_at	NA	-1.07689680126005	-0.1	NA	-0.451532349273039	0
ENSMUSG00000072694	1500011B03Rik	1428370_at	NA	0.338739506795089	0.1	NA	1.94788506102573	0.2
ENSMUSG00000072704	Smim10l1	1435523_s_at	NA	0.335930183749178	0	NA	1.09179074179131	0.1
ENSMUSG00000072720	Myo18b	1431813_at	NA	-1.86407521899425	-0.2	NA	-0.679771905592003	-0.1
ENSMUSG00000072723	Gm10044	1431343_at	NA	0.60189886922808	0.1	NA	-2.04538782190482	-0.2
ENSMUSG00000072754	Lrcol1	1440419_at	NA	1.28186305734847	0.1	0.699876349351019	-0.520297557543021	-0.1
ENSMUSG00000072769	Gm10419	1436265_at	NA	-0.639912384376922	-0.1	NA	-0.431422419063852	0
ENSMUSG00000072812	Ahnak2	1436520_at	NA	0.0945007209183708	0	0.451112715194799	0.986853649064898	0.1
ENSMUSG00000072825	Cep170b	1433712_at	NA	1.07356569802253	0.2	0.0896573015532707	2.40061951807287	0.2
ENSMUSG00000072845	Tmprss11a	1455848_at	NA	1.01466279844224	0.1	NA	0.221062270801034	0
ENSMUSG00000072847	A530017D24Rik	1455461_at	NA	-0.32647752343298	0	0.0308141803847425	3.28275086685006	0.3
ENSMUSG00000072852	2310040G07Rik	1432554_at	NA	-0.778278140580837	-0.1	NA	0.0539540327201219	0
ENSMUSG00000072872	Rybp	1428219_at	0.186763660256801	2.04682688031593	0.6	0.113202870232353	2.20283794843444	0.3
ENSMUSG00000072875	Gpr27	1434848_at	NA	0.191275891954129	0	NA	-0.530683559954494	-0.1
ENSMUSG00000072878	1700123L14Rik	1428486_at	NA	1.89948194810665	0.2	NA	0.690751906249016	0.1
ENSMUSG00000072889	Nfxl1	1457208_at	NA	-0.459220930520421	-0.1	NA	-0.39632162757339	0
ENSMUSG00000072893	4933439C10Rik	1438437_a_at	0.171041189822105	2.127210031581	0.5	NA	-1.39510575936186	-0.1
ENSMUSG00000072898	Gm10434	1459267_at	NA	2.5767799757884	0.3	NA	-1.43624028859552	-0.1
ENSMUSG00000072919	Noxred1	1430314_at	NA	-0.242707148986516	0	NA	0.0362746945074574	0
ENSMUSG00000072946	Ptgr2	1433503_at	NA	0.907805449398611	0.1	0.31376857523768	1.30592828548033	0.1
ENSMUSG00000072964	Bhlhb9	1428512_at	0.0478089033706361	3.43726072052607	0.9	0.564788389514583	0.762592053366894	0.1
ENSMUSG00000072966	Gprasp2	1434073_at	NA	0.849653646148031	0.1	NA	1.77473839635987	0.2
ENSMUSG00000072974	Gm4787	1456368_at	NA	1.29957303974903	0.1	0.0955436664447644	-2.34864363581785	-0.2
ENSMUSG00000072980	Oip5	1430617_at	NA	2.0287259427125	0.2	0.0119840517049671	4.16753616293413	0.3
ENSMUSG00000072983	4933414I15Rik	1431470_a_at	NA	0.218292221913356	0	NA	0.83957972305688	0.1
ENSMUSG00000073000	Gm10451	1445468_at	NA	1.73409726260597	0.3	NA	-0.386615498088864	0
ENSMUSG00000073006	Gm732	1445435_at	NA	0.151023229538782	0	NA	0.264069118500352	0
ENSMUSG00000073008	Gpr174	1440900_at	NA	0.739460092887286	0.1	NA	2.0149966229217	0.2
ENSMUSG00000073018	Gm1070	1438867_at	NA	0.039059537106425	0	NA	0.128844018686259	0
ENSMUSG00000073052	D130052B06Rik	1459394_at	NA	-0.159439805813537	0	NA	1.33803623093762	0.1
ENSMUSG00000073062	Zxdb	1455817_x_at	NA	0.852282202945972	0.2	0.237052458009638	1.56288855181437	0.2
ENSMUSG00000073067	9130019P16Rik	1431276_at	NA	0.0923376347462471	0	NA	-0.0200895805741645	0
ENSMUSG00000073079	Srp54a	1430476_at	NA	1.01746942110125	0.1	NA	1.31744789501173	0.1
ENSMUSG00000073131	Vma21	1434233_at	0.192013345778544	2.01554944099628	0.4	0.62025373334983	-0.661490078937173	-0.1
ENSMUSG00000073147	5031425E22Rik	1435794_at	NA	1.16947184709569	0.1	NA	-0.2040906843054	0
ENSMUSG00000073155	1810058I24Rik	1442129_at	NA	1.12696695530188	0.1	NA	1.96074600837125	0.2
ENSMUSG00000073164	2410018L13Rik	1431250_at	NA	1.23215339674222	0.1	NA	-0.531064934763617	0
ENSMUSG00000073176	Zfp449	1439945_at	NA	0.332214994135077	0	NA	-1.60262267143831	-0.1
ENSMUSG00000073207	Ccdc160	1437936_at	NA	-1.39731017886781	-0.2	NA	0.425641342291166	0
ENSMUSG00000073209	Klf14	1457397_at	NA	1.04258474741916	0.2	NA	-1.43668511470196	-0.1
ENSMUSG00000073226	Gm10482	1442812_at	NA	-0.341807503728297	0	NA	0.14161632804385	0
ENSMUSG00000073236	2500004C02Rik	1430305_at	NA	0.723937044749248	0.1	NA	-1.29610531220097	-0.1
ENSMUSG00000073293	Nudt10	1435061_at	NA	-1.08087212751174	-0.1	NA	-0.185967531313602	0
ENSMUSG00000073294	AU022751	1433456_at	NA	-0.54565729183319	-0.1	NA	0.250932400893697	0
ENSMUSG00000073374	C030034I22Rik	1435909_at	NA	-0.73371807477366	-0.1	NA	0.819838718160675	0.1
ENSMUSG00000073380	Arrdc5	1429102_at	0.336424692758251	-1.4017369613823	-0.3	0.308800722090591	-1.32233521663558	-0.1
ENSMUSG00000073399	Trim40	1457253_at	NA	0.0929626818144816	0	NA	1.35495257502377	0.1
ENSMUSG00000073423	Zfp414	1436081_a_at	NA	5.22012095737994	0.5	NA	2.38034746397963	0.2
ENSMUSG00000073427	Gm4924	1456853_at	NA	-0.204051307165381	0	NA	-1.48773668575809	-0.1
ENSMUSG00000073430	Gm10505	1430223_at	NA	-0.704285257678084	-0.1	NA	0.892291193833887	0.1
ENSMUSG00000073460	Pnldc1	1441098_at	NA	1.35378233217622	0.2	NA	-1.2925950081195	-0.1
ENSMUSG00000073490	Ifi207	1457035_at	NA	0.831974115221473	0.1	NA	0.256551005450777	0
ENSMUSG00000073491	Ifi213	1437636_at	NA	1.08190499834914	0.1	NA	0.629200703354545	0
ENSMUSG00000073530	Pappa2	1444451_at	NA	0.83452927872784	0.2	NA	0.0446397089810469	0
ENSMUSG00000073542	Cep76	1437254_at	NA	1.07435933525019	0.1	NA	0.988417312352936	0.1
ENSMUSG00000073557	Ppp1r12b	1434786_at	NA	-1.53985465989058	-0.2	0.34380082722381	1.2266702849863	0.1
ENSMUSG00000073563	Csnk1g3	1429384_at	0.552519336197496	0.775788017146415	0.2	0.105827764677972	2.25479039359118	0.3
ENSMUSG00000073565	Prr16	1431109_at	NA	-1.24604147662319	-0.2	NA	0.329002175842148	0
ENSMUSG00000073590	3222401L13Rik	1458446_at	NA	0.969933489918517	0.1	NA	0.65986715391576	0.1
ENSMUSG00000073598	1700066B19Rik	1430488_at	NA	1.39650376893476	0.2	NA	-0.867776171624505	-0.1
ENSMUSG00000073599	Ecscr	1437451_at	NA	0.283816108326855	0	NA	-1.10940791001076	-0.1
ENSMUSG00000073600	Prob1	1441171_at	NA	-0.701989089347895	-0.1	0.987273082978705	-0.0240431627320049	0
ENSMUSG00000073608	Gal3st2c	1432902_at	NA	-0.840753189319345	-0.2	0.0684107957169322	-2.61040976308743	-0.3
ENSMUSG00000073609	D2hgdh	1437840_s_at	0.848383921779286	0.255758284623	0.1	NA	-0.180920933802231	0
ENSMUSG00000073643	Wdfy1	1435588_at	NA	0.354547631618209	0.1	0.0151898681444609	3.95060581865648	0.5
ENSMUSG00000073664	Nbeal1	1429505_at	0.506634141433449	0.881849877834728	0.3	0.234374234617772	1.57326608593988	0.2
ENSMUSG00000073678	Pgap1	1436317_at	0.957367481477256	0.0716242617482594	0	0.286318770100012	1.39632079108859	0.2
ENSMUSG00000073679	Mxra8os	1432521_at	NA	0.299961228696607	0	NA	-0.214999007887297	0
ENSMUSG00000073680	Tmem88b	1436974_at	NA	2.65215225589813	0.3	NA	-1.31774971977023	-0.1
ENSMUSG00000073705	Cenps	1453067_at	NA	3.28921619483005	0.4	0.663733628198697	-0.584090946854941	-0.1
ENSMUSG00000073725	Lmbrd1	1455617_at	NA	0.148437588624741	0	NA	2.7981537229087	0.2
ENSMUSG00000073731	AI507597	1438618_at	0.346292674536035	-1.37146153724994	-0.3	0.46724241386911	-0.953366342359863	-0.1
ENSMUSG00000073755	5730409E04Rik	1457260_at	NA	0.191485508808567	0	NA	1.98909540167098	0.2
ENSMUSG00000073758	Sh3d21	1428298_at	0.310836051903177	-1.47450318841271	-0.3	NA	0.159139860354585	0
ENSMUSG00000073764	Gm12888	1443601_at	NA	1.57456298936082	0.2	NA	-1.64462670498696	-0.2
ENSMUSG00000073765	Gm12863	1442020_at	NA	-0.432161168442653	-0.1	0.13595994967865	-2.03713536647917	-0.2
ENSMUSG00000073771	Btbd19	1429792_at	NA	0.210536045681929	0	NA	-0.225538665069998	0
ENSMUSG00000073785	Krtap5-5	1430728_at	NA	0.375123923665067	0.1	NA	-0.144845327745465	0
ENSMUSG00000073787	Gm10575	1440507_at	NA	-0.525437280212685	-0.1	NA	-1.24184748844477	-0.1
ENSMUSG00000073792	Alg6	1459337_at	NA	-1.53309828130191	-0.2	NA	-0.715376611353923	-0.1
ENSMUSG00000073795	Spef1l	1460088_at	NA	-0.958764635359607	-0.1	NA	-0.0555304670366103	0
ENSMUSG00000073803	4930544L04Rik	1430910_at	NA	-0.370238835919223	0	NA	-0.172095336218231	0
ENSMUSG00000073805	Insyn2a	1446062_at	NA	-0.296476040436545	0	NA	-1.47233281653601	-0.1
ENSMUSG00000073821	8030451A03Rik	1446586_at	NA	0.416612750010838	0.1	NA	0.280563385325985	0
ENSMUSG00000073856	Iqck	1439354_at	NA	1.12964893244455	0.2	NA	0.165050129892758	0
ENSMUSG00000073860	Gm829	1447033_at	NA	0.371708586202196	0	NA	1.0426402697832	0.1
ENSMUSG00000073862	Gm5600	1446893_at	NA	-0.322103485497328	0	NA	0.834248883279882	0.1
ENSMUSG00000073894	Rbmxl2	1429343_at	0.419863662241201	-1.11851884172897	-0.3	NA	-0.217898777593994	0
ENSMUSG00000073910	Mob3b	1429284_at	NA	0.234847772976105	0	NA	0.474195987603466	0
ENSMUSG00000073968	Trim68	1455124_at	NA	-1.59971734380155	-0.2	NA	0.531759001420174	0.1
ENSMUSG00000073976	1700026J12Rik	1453793_at	NA	0.812088155104461	0.1	NA	-0.796213827525058	-0.1
ENSMUSG00000074001	Klhl40	1431043_at	NA	-3.16093477554061	-0.4	0.00125270521688989	-6.53828340552689	-0.5
ENSMUSG00000074004	B3gnt6	1456680_at	NA	-0.355186899230648	-0.1	NA	0.664147059932815	0.1
ENSMUSG00000074024	4632427E13Rik	1456201_at	NA	0.996361807548975	0.1	NA	-1.17125584937388	-0.1
ENSMUSG00000074037	Mc1r	1435393_at	NA	0.941109965877543	0.1	NA	-1.69979889742838	-0.1
ENSMUSG00000074039	4930520O04Rik	1430156_at	0.822032551493847	-0.300966328942081	-0.1	NA	-0.133714733410508	0
ENSMUSG00000074059	Fbxw18	1439721_at	NA	-0.0990869446541243	0	NA	-0.181575092763636	0
ENSMUSG00000074061	Fbxw19	1437316_at	NA	0.607289518837073	0.1	NA	0.0577656245069432	0
ENSMUSG00000074062	Fbxw16	1439693_a_at	NA	0.785388928159637	0.1	NA	0.894892886569291	0.1
ENSMUSG00000074071	Fam169b	1440217_at	NA	0.328699024346031	0	NA	-0.959979917350361	-0.1
ENSMUSG00000074093	Svip	1429146_at	NA	-0.0881002534359654	0	0.34380082722381	-1.22626812648273	-0.1
ENSMUSG00000074102	Rbm15b	1454871_at	0.0478502970146797	3.43126709173367	0.5	0.628234042593367	0.64613037821152	0.1
ENSMUSG00000074121	Ntf5	1440353_at	0.356740468104309	1.32299457152701	0.3	0.436983362971069	1.01863931227932	0.1
ENSMUSG00000074136	4930513N10Rik	1441278_at	NA	0.0841834707494532	0	NA	-0.46477498377735	0
ENSMUSG00000074139	1700057G04Rik	1457453_at	NA	-0.89822630432784	-0.2	NA	-1.98938350649079	-0.2
ENSMUSG00000074151	Nlrc5	1437176_at	NA	1.18599635765645	0.1	0.29458897036704	1.36883564970155	0.1
ENSMUSG00000074155	Klk5	1429230_at	0.371231818676434	-1.26541035798444	-0.3	NA	-1.43510887122647	-0.1
ENSMUSG00000074156	Ces1h	1432261_at	NA	0.425789524757529	0	NA	0.346269927752201	0
ENSMUSG00000074164	Vmn2r-ps54	1430504_at	NA	-0.376661711757665	0	NA	0.949135572078074	0.1
ENSMUSG00000074165	Zfp788	1441434_at	NA	-0.613708123206079	-0.1	NA	-1.02766570711644	-0.1
ENSMUSG00000074171	Gm6658	1460021_at	NA	-1.15026172027569	-0.1	NA	2.29418889543412	0.2
ENSMUSG00000074178	Gm10638	1438745_at	NA	0.886858356511805	0.1	0.117204123331906	2.17215555086083	0.3
ENSMUSG00000074182	Znhit6	1454214_a_at	0.0298157624926184	-3.96664151708331	-0.7	0.698829170574057	0.522599649364389	0.1
ENSMUSG00000074195	Clca4b	1439796_at	NA	0.939869035439194	0.1	NA	0.262528577186804	0
ENSMUSG00000074196	Clca4c-ps	1447394_at	NA	0.00903435281256513	0	NA	-0.52816518839666	0
ENSMUSG00000074206	Adh6b	1441094_at	NA	-0.620749644296289	-0.1	NA	-1.28728891579016	-0.1
ENSMUSG00000074212	Dnajb14	1430561_at	0.394878693391929	-1.19357855711191	-0.2	0.0035036211423983	5.35156232854749	0.4
ENSMUSG00000074215	Gm10643	1457115_at	NA	1.27363708993652	0.2	NA	-2.33085122780964	-0.2
ENSMUSG00000074224	4932431P20Rik	1432883_at	NA	-1.01106939239767	-0.2	NA	1.43264925109553	0.1
ENSMUSG00000074238	Ap1ar	1446235_at	NA	0.919689122716444	0.1	NA	-2.02567228476704	-0.2
ENSMUSG00000074240	Cib3	1444438_at	NA	-1.21729750782943	-0.1	NA	-2.55001701052602	-0.2
ENSMUSG00000074269	Rec114	1429203_at	NA	-1.22182892317545	-0.2	0.03579052754473	-3.15577993562673	-0.3
ENSMUSG00000074274	D930028M14Rik	1457086_at	NA	-0.650843830558122	-0.1	NA	-0.207817163367224	0
ENSMUSG00000074284	Gm10658	1447336_at	NA	-1.79513815234783	-0.2	NA	-0.0600022450053662	0
ENSMUSG00000074300	Smim31	1459904_at	NA	-1.05070157516058	-0.2	NA	-0.0627545966607591	0
ENSMUSG00000074305	Peak1	1435580_at	0.0523858516230044	3.33326253758043	0.5	0.0375714065246795	3.11534297109092	0.3
ENSMUSG00000074342	I830077J02Rik	1445647_at	NA	0.643121119192968	0.1	NA	2.75476547001808	0.2
ENSMUSG00000074354	Arhgap20os	1456425_at	NA	0.588499689215195	0.1	NA	0.755117957102274	0.1
ENSMUSG00000074357	AA386476	1456662_at	NA	0.612314203948155	0.1	NA	-1.48514350225836	-0.1
ENSMUSG00000074358	Ccdc61	1435182_at	0.863679778178312	-0.226169600489741	-0.1	NA	-0.118754854871776	0
ENSMUSG00000074364	Ehd2	1435785_at	0.00889304978086934	5.558910699018	1	0.0162033724310998	3.8848768798577	0.3
ENSMUSG00000074366	Obox5	1436741_at	NA	0.591723615392329	0.1	NA	0.916578348584125	0.1
ENSMUSG00000074384	AI429214	1455199_at	NA	0.5136742779434	0.1	NA	2.99296582048069	0.2
ENSMUSG00000074388	Gm5544	1460130_at	NA	1.28918963009207	0.2	NA	-0.540053652909519	0
ENSMUSG00000074405	Zfp865	1440316_at	NA	1.07908371508114	0.1	NA	1.46411203633663	0.1
ENSMUSG00000074415	Mir100hg	1436467_at	NA	0.464582435562894	0.1	0.0564530861783605	-2.77552078883242	-0.2
ENSMUSG00000074461	Gm10699	1434693_at	NA	-1.43143554277615	-0.2	NA	-1.66987499413228	-0.1
ENSMUSG00000074466	Gm15417	1444112_at	NA	-1.47627733761499	-0.2	NA	-0.476748926711785	0
ENSMUSG00000074467	Gm10702	1443599_at	NA	-1.34807489718283	-0.2	NA	0.561299984930811	0
ENSMUSG00000074476	Spc24	1431087_at	0.00688808090689431	6.12948471815488	1.1	NA	-1.46966316400208	-0.1
ENSMUSG00000074480	Mex3a	1436018_at	NA	1.00807998167564	0.1	NA	-0.244369027301173	0
ENSMUSG00000074500	Zfp558	1430973_at	NA	-0.73005593889148	-0.1	NA	-0.510670402313724	0
ENSMUSG00000074502	Ubtfl1	1439670_at	NA	2.25316981357419	0.3	NA	-0.700639547985536	-0.1
ENSMUSG00000074505	Fat3	1457589_at	NA	1.68879790113223	0.2	NA	1.70209451308755	0.1
ENSMUSG00000074517	Gm10710	1441468_at	NA	-0.481991238924151	-0.1	NA	1.46141806900217	0.1
ENSMUSG00000074569	Gcnt7	1446314_at	NA	-0.762178485619398	-0.1	NA	-0.449587860122991	0
ENSMUSG00000074570	Cass4	1444426_at	NA	-1.53288316039322	-0.3	NA	-2.65234047236627	-0.2
ENSMUSG00000074575	Kcng1	1457052_at	NA	-1.6190704376006	-0.3	NA	0.25162309154521	0
ENSMUSG00000074576	Mocs3	1428924_at	0.450652096881218	1.03376486807944	0.2	0.976904821615357	-0.0450039643159985	0
ENSMUSG00000074577	Ripor3	1430256_at	NA	-2.20252728634899	-0.3	NA	1.59388349599168	0.1
ENSMUSG00000074579	Lekr1	1456265_at	NA	0.676777943787936	0.1	0.0930150827526067	2.36908966444557	0.2
ENSMUSG00000074582	Arfgef2	1436192_at	NA	0.31099881288371	0.1	NA	2.31974667694532	0.2
ENSMUSG00000074589	4930449A18Rik	1431872_at	NA	0.56077355690032	0.1	NA	-1.74828720376752	-0.2
ENSMUSG00000074591	Ankub1	1442652_at	NA	1.22367358008856	0.2	NA	-2.27445893512674	-0.2
ENSMUSG00000074607	Tox2	1440156_s_at	NA	2.47455966302136	0.3	NA	-0.192931629003834	0
ENSMUSG00000074629	4930518I15Rik	1429423_at	NA	0.93691160727393	0.1	NA	0.677173485390943	0.1
ENSMUSG00000074652	Myh7b	1444305_at	NA	-0.466809494495661	-0.1	NA	-0.317205012541363	0
ENSMUSG00000074653	Lrrc31	1447173_at	NA	-0.944445626636246	-0.1	0.633036399477003	-0.636603253789428	-0.1
ENSMUSG00000074657	Kif5a	1434670_at	NA	0.449703138855563	0.1	0.22800148286888	1.5971889562033	0.2
ENSMUSG00000074671	Tspyl3	1433826_at	NA	1.19850363642861	0.1	0.568470570077304	-0.755493646067579	-0.1
ENSMUSG00000074673	Ttll9	1430864_at	NA	-0.631986017790725	-0.1	NA	-1.40345703556035	-0.1
ENSMUSG00000074676	Foxs1	1437820_at	0.0212725331238687	4.3487176052806	0.7	NA	-1.03717141620913	-0.1
ENSMUSG00000074715	Ccl28	1455577_at	NA	-0.402065859359675	-0.1	0.0490240180602967	-2.88457549955889	-0.3
ENSMUSG00000074733	Zfp950	1436072_at	NA	-0.554172883218731	-0.1	NA	-0.139625833494761	0
ENSMUSG00000074734	Taf7l2	1441985_at	NA	-0.00378141238813313	0	NA	-0.4196714018515	0
ENSMUSG00000074736	Syndig1	1437392_at	NA	0.361529713769876	0	NA	-0.759105349353205	-0.1
ENSMUSG00000074737	C530025M09Rik	1442232_at	NA	0.543765511315821	0.1	0.49040247874495	0.901822315667828	0.1
ENSMUSG00000074738	Fndc10	1438635_x_at	NA	2.02428959254953	0.2	NA	1.41635651134577	0.1
ENSMUSG00000074746	Pdzd8	1435440_at	NA	0.261478856606713	0.1	NA	1.51083737746508	0.1
ENSMUSG00000074749	Kiz	1455558_at	NA	0.642572287026117	0.1	0.0398617035401347	3.05902571693987	0.4
ENSMUSG00000074764	Sel1l2	1438996_at	0.617426774781348	-0.64074578516426	-0.2	0.0201598226601823	-3.67883517013634	-0.3
ENSMUSG00000074766	Ism1	1436988_at	NA	-1.26209415619334	-0.1	NA	-1.73465772092959	-0.1
ENSMUSG00000074771	Ankef1	1437416_at	NA	0.446848716083498	0	NA	-0.796707564817763	-0.1
ENSMUSG00000074781	Ube2n	1435384_at	0.308676944663108	1.4823678802023	0.3	NA	-0.0869622829746517	0
ENSMUSG00000074782	4833422C13Rik	1440761_at	NA	0.456539808369887	0.1	NA	-0.0303831510239242	0
ENSMUSG00000074785	Plxnc1	1443433_at	NA	-2.0792119884047	-0.3	0.728277183274268	0.468866973337794	0.1
ENSMUSG00000074794	Arrdc3	1454617_at	0.202518673491745	-1.96542555593893	-0.4	0.70424239642792	-0.512646498537374	-0.1
ENSMUSG00000074796	Slc4a11	1434867_at	NA	1.11339203578853	0.1	NA	-0.39305964972628	0
ENSMUSG00000074802	Gas2l3	1437244_at	0.00751353509352712	5.96760652048042	1.1	0.987919873686224	-0.0220289969090836	0
ENSMUSG00000074804	AU015228	1457606_x_at	NA	-0.39257875324575	0	NA	-0.671872482634934	-0.1
ENSMUSG00000074805	Il1bos	1446631_at	NA	1.10844647578773	0.1	NA	0.645051387842222	0.1
ENSMUSG00000074811	Hps6	1435932_at	NA	1.50313150375874	0.2	NA	1.17269523957464	0.1
ENSMUSG00000074813	Morrbid	1444524_at	NA	2.09468690624007	0.2	NA	1.69437582762479	0.2
ENSMUSG00000074817	Papolb	1456915_at	NA	1.26600173551116	0.2	NA	0.192473968129263	0
ENSMUSG00000074825	Itpripl1	1431234_at	NA	-0.159657007411458	0	NA	-1.47466415044662	-0.1
ENSMUSG00000074829	2010315B03Rik	1438238_at	NA	0.245670430170403	0	0.0210757460366411	3.64093917109305	0.4
ENSMUSG00000074852	Hpse2	1443124_at	NA	0.0345663981373808	0	0.290426479324107	1.38166835447217	0.1
ENSMUSG00000074862	BC025920	1436264_at	NA	0.402298785550058	0	NA	0.130917785729301	0
ENSMUSG00000074872	Ctxn2	1436493_at	NA	1.70484397641125	0.2	NA	1.18427098699026	0.1
ENSMUSG00000074886	Grk6	1437436_s_at	0.0987967083072598	2.67853614414678	0.5	0.00137773683220374	-6.4199220004393	-0.7
ENSMUSG00000074892	B3galt5	1428398_at	NA	2.57451605856768	0.3	NA	-0.469717986823494	0
ENSMUSG00000074909	Ranbp6	1440228_at	NA	-1.85370136118529	-0.2	NA	0.647107030684665	0.1
ENSMUSG00000074923	Pak6	1455200_at	NA	-0.282144186358974	0	NA	-0.255560269871435	0
ENSMUSG00000074925	Ptar1	1435947_at	NA	0.902414460191725	0.2	0.134442825195836	-2.04728734984702	-0.3
ENSMUSG00000074968	Ano3	1445631_at	NA	-1.1360253193425	-0.2	0.847278048177047	-0.26913881022746	0
ENSMUSG00000074987	Wt1os	1457698_at	NA	-0.0397180686843918	0	NA	-3.09155322876257	-0.2
ENSMUSG00000075012	Fjx1	1457160_at	NA	0.00860600546760833	0	NA	-0.584439949871494	0
ENSMUSG00000075020	Mir670hg	1455275_at	NA	0.914540387959855	0.1	NA	-0.216602774649	0
ENSMUSG00000075023	Accsl	1436742_a_at	NA	0.0686581285110511	0	NA	-0.623919194904145	-0.1
ENSMUSG00000075025	Gm10804	1441759_at	NA	1.09555289908707	0.2	NA	-0.510067985016919	0
ENSMUSG00000075028	Prdm11	1456186_at	NA	-1.30101310515218	-0.2	NA	-0.875021778678462	-0.1
ENSMUSG00000075029	4930558J22Rik	1431615_at	NA	0.0032572680289469	0	NA	-1.17468255038158	-0.1
ENSMUSG00000075033	Nxpe3	1436941_at	NA	1.94560880579732	0.2	NA	2.53613519477103	0.2
ENSMUSG00000075040	Zfp408	1457002_at	NA	-0.172983301004086	0	NA	1.091198520128	0.1
ENSMUSG00000075045	Gm4981	1459252_at	NA	-0.0389603539225935	0	NA	-0.848645634444955	-0.1
ENSMUSG00000075070	4932412D23Rik	1431790_at	NA	1.82225855219244	0.2	NA	0.30527018958099	0
ENSMUSG00000075217	Fads2b	1439528_at	NA	-0.55060444782914	-0.1	NA	-0.315698351198928	0
ENSMUSG00000075225	Ccdc162	1445787_at	NA	-0.486172827430544	-0.1	NA	-0.170025642347147	0
ENSMUSG00000075254	Heg1	1439926_at	NA	-0.0452958494485848	0	NA	1.27710595580778	0.1
ENSMUSG00000075256	Cerkl	1446252_at	NA	-0.547495462741937	-0.1	NA	-0.889737631022466	-0.1
ENSMUSG00000075266	Cenpw	1429156_at	NA	2.3148637542772	0.4	0.324278444270142	1.27819869749426	0.2
ENSMUSG00000075272	Ttc30a2	1455921_at	NA	0.559756464894662	0.1	NA	-0.973227661748445	-0.1
ENSMUSG00000075296	Aldh3b2	1456317_at	NA	-1.21652998804315	-0.1	NA	0.638208195409424	0
ENSMUSG00000075302	Erich2	1431907_at	NA	-0.778924547963125	-0.1	0.260265534825632	-1.47650722699079	-0.2
ENSMUSG00000075307	Klhl41	1444494_at	NA	-0.670860607683258	-0.1	NA	-1.10889386317887	-0.1
ENSMUSG00000075316	Scn9a	1442333_a_at	NA	0.613220802051184	0.1	NA	-1.92464702473099	-0.2
ENSMUSG00000075318	Scn2a	1445259_at	NA	0.903861751309042	0.2	NA	-0.30255164793816	0
ENSMUSG00000075324	Fign	1439602_at	NA	0.0939834280736419	0	0.783274756294667	0.374321740912634	0
ENSMUSG00000075330	A930003A15Rik	1455203_at	NA	-0.545039544529499	-0.1	NA	1.05842562551258	0.1
ENSMUSG00000075376	Rc3h2	1438268_at	NA	-1.72957865477735	-0.2	NA	0.959390201199305	0.1
ENSMUSG00000075402	Krt76	1453279_x_at	NA	-0.284859819314617	0	NA	-0.820878169526134	-0.1
ENSMUSG00000075410	Prcd	1436657_at	NA	1.40157271805607	0.2	NA	-2.76794122227607	-0.2
ENSMUSG00000075415	Fnbp1	1453746_at	NA	0.658972077205367	0.1	NA	-0.83881144632529	-0.1
ENSMUSG00000075420	Smim6	1444262_at	NA	1.98282059809713	0.2	NA	0.572033521111504	0
ENSMUSG00000075431	Gm11691	1442838_at	NA	1.17271291794318	0.1	NA	-1.16018153234507	-0.1
ENSMUSG00000075437	Gm11681	1439668_at	NA	-0.226742160291537	0	NA	-0.170302079486007	0
ENSMUSG00000075470	Alg10b	1454917_at	0.745415304351973	0.420038570297786	0.1	0.299129998553617	-1.35456934805568	-0.2
ENSMUSG00000075502	Kbtbd6	1437130_at	NA	-0.0269026599464412	0	NA	0.363529974753544	0
ENSMUSG00000075511	1700001L05Rik	1429795_at	NA	-1.26806176317886	-0.2	NA	0.620034924358126	0
ENSMUSG00000075524	4930407I10Rik	1440600_at	NA	-0.663530810739821	-0.1	NA	-0.787045602463116	-0.1
ENSMUSG00000075534	Gm13262	1446646_at	NA	-0.281969115987324	0	NA	0.569713545586221	0
ENSMUSG00000075566	Krtap4-6	1431650_at	NA	2.97152324808821	0.4	0.470374577546001	-0.945502811501611	-0.2
ENSMUSG00000075569	Rsph10b	1445576_at	NA	-0.419338770915853	0	NA	-0.129723648832782	0
ENSMUSG00000075570	Krt26	1436160_at	NA	-0.272456906850568	0	NA	-1.03244136232836	-0.1
ENSMUSG00000075576	Gm12359	1444440_at	NA	1.35026920327707	0.2	NA	-0.777711900928839	-0.1
ENSMUSG00000075585	6330403L08Rik	1453087_at	NA	2.09016050840444	0.3	NA	2.87170537931301	0.2
ENSMUSG00000075595	Zfp652	1456520_at	NA	-0.915455484099689	-0.1	NA	0.462387897764948	0
ENSMUSG00000075604	Cyp11b1	1456362_at	NA	0.828112664537828	0.1	NA	0.324820094930058	0
ENSMUSG00000075700	Selenot	1453726_s_at	0.812914002125236	-0.314259775615902	-0.1	0.126665458477926	2.09947500802076	0.4
ENSMUSG00000075703	Selenoi	1431802_a_at	NA	0.625575351250559	0.1	0.611631746298426	-0.67704365139259	-0.1
ENSMUSG00000075704	Txnrd2	1429971_at	NA	-0.155501013998427	0	NA	0.659816587295964	0
ENSMUSG00000076434	Wfdc3	1460012_at	NA	-0.0604337325580835	0	NA	-1.47443334211277	-0.1
ENSMUSG00000076469	Trbv13-2	1445895_at	NA	1.66554894017496	0.2	0.0147385494580954	3.99531729068452	0.3
ENSMUSG00000076614	Ighg1	1442544_at	NA	-1.37819172745666	-0.2	NA	-2.6674826221359	-0.2
ENSMUSG00000076881	Traj50	1441552_at	NA	-0.177767428381769	0	NA	-0.212210401249473	0
ENSMUSG00000076937	Iglc2	1428719_at	NA	1.14798514971808	0.2	0.196924967716826	-1.72852534425246	-0.2
ENSMUSG00000077227	Gm22272	1445139_at	NA	0.238403046314092	0	NA	-0.951392982970552	-0.1
ENSMUSG00000077350	n-R5s31	1446276_at	NA	0.0151293861454562	0	0.501887865927306	0.880534910926664	0.1
ENSMUSG00000077450	Rab11b	1435253_at	NA	1.17098284429836	0.2	NA	0.650769811289923	0.1
ENSMUSG00000077704	Snord89	1440344_at	NA	-0.974616076105675	-0.1	NA	0.550840428346264	0
ENSMUSG00000078127	Fam170b	1456298_at	NA	-0.686142940253425	-0.1	NA	-0.112510324317845	0
ENSMUSG00000078129	Actl10	1430227_at	NA	0.581967164684623	0.1	NA	-0.947696225901586	-0.1
ENSMUSG00000078137	Ankrd63	1443287_at	NA	-0.36106418817949	0	NA	-1.23620496730082	-0.1
ENSMUSG00000078144	Capns2	1429067_at	NA	-1.22054052254153	-0.1	NA	-0.661498983956296	-0.1
ENSMUSG00000078161	Erich3	1436969_at	NA	-0.491100984577292	-0.1	NA	-0.546136492091826	0
ENSMUSG00000078179	Rnf148	1430102_at	NA	-0.3755380191034	-0.1	NA	1.40557535955924	0.1
ENSMUSG00000078185	Chml	1435926_at	NA	0.958106018789303	0.2	0.814675111738266	-0.321974078212691	0
ENSMUSG00000078234	Klhdc7a	1456409_at	0.357169791348829	-1.31892468959999	-0.3	NA	0.777575215378728	0.1
ENSMUSG00000078247	Airn	1457337_at	NA	2.44730410733171	0.3	NA	-1.7257059036798	-0.2
ENSMUSG00000078252	Krtap17-1	1453523_at	NA	0.71389182191463	0.1	NA	-0.308322461939447	0
ENSMUSG00000078307	AI593442	1444026_at	NA	0.308164821991307	0.1	NA	0.467772915043861	0
ENSMUSG00000078315	Fam47c	1431445_at	NA	0.110901417911907	0	NA	0.625161681469228	0.1
ENSMUSG00000078348	Sf3b5	1437972_s_at	NA	1.91142714818239	0.2	NA	0.207865692267108	0
ENSMUSG00000078349	AW011738	1456164_at	0.521508683653475	-0.84707025019325	-0.2	NA	0.680724489550181	0.1
ENSMUSG00000078350	Smim1	1456641_at	NA	-0.420244856872807	-0.1	NA	0.663655070330223	0.1
ENSMUSG00000078435	AU041133	1444041_at	NA	-0.485202019823994	-0.1	0.290535483339444	1.38088093204976	0.1
ENSMUSG00000078442	Ccdc105	1453702_at	NA	0.398617041363438	0	NA	0.182773516149885	0
ENSMUSG00000078444	Gm10941	1443560_at	NA	-0.525851220604907	-0.1	NA	0.259430659770188	0
ENSMUSG00000078451	Ppil6	1453310_at	NA	1.2862997584696	0.2	NA	0.0596302291060803	0
ENSMUSG00000078486	Perm1	1429598_at	NA	1.01639624822742	0.1	NA	-0.777602294663629	-0.1
ENSMUSG00000078504	Aadacl4fm5	1446246_at	NA	-0.562972667604209	-0.1	NA	-0.507964589275146	0
ENSMUSG00000078515	Ddi2	1429093_at	NA	-0.23327757876238	0	NA	0.849347720496409	0.1
ENSMUSG00000078517	Emc1	1434021_at	NA	1.5174022939951	0.3	NA	1.92786666508608	0.2
ENSMUSG00000078521	Aunip	1429812_at	NA	-0.358203033773157	-0.1	NA	-1.19476301653839	-0.1
ENSMUSG00000078554	Fam229a	1439533_at	NA	-0.550470054851544	-0.1	NA	-0.795114178986026	-0.1
ENSMUSG00000078570	1110065P20Rik	1455545_at	NA	0.362006735824139	0	0.42155329408093	1.04956839355881	0.1
ENSMUSG00000078572	Ndufaf8	1457826_a_at	NA	1.7374508422746	0.2	NA	-1.30624421254396	-0.1
ENSMUSG00000078577	Tmco2	1440820_x_at	NA	-0.123137832499817	0	NA	-0.213509834811659	0
ENSMUSG00000078584	AU022252	1438226_at	NA	0.322667111099482	0	NA	1.87811190969954	0.2
ENSMUSG00000078591	Hs3st4	1455620_at	NA	0.0428505410469096	0	NA	-0.950957499337006	-0.1
ENSMUSG00000078607	1810010H24Rik	1428809_at	NA	-1.26361814092383	-0.2	NA	0.307596667127399	0
ENSMUSG00000078618	4930456L15Rik	1432225_at	NA	-1.15787093363661	-0.1	NA	0.241316752927371	0
ENSMUSG00000078622	Ccdc47	1442525_at	NA	-0.0984579355484066	0	NA	1.18386370974599	0.1
ENSMUSG00000078625	Gm12789	1457720_at	NA	0.227091618017862	0	0.457543186288876	-0.97411792449044	-0.1
ENSMUSG00000078627	March10	1438105_at	NA	0.354808801764368	0	NA	-0.58336471937322	0
ENSMUSG00000078635	1700028N14Rik	1432502_at	NA	0.86643905399453	0.1	NA	-1.14264213529389	-0.1
ENSMUSG00000078640	Gm11627	1442917_at	NA	-2.08840199450161	-0.3	NA	-1.08580775739568	-0.1
ENSMUSG00000078671	Chd2	1428691_at	NA	0.371187755314129	0.1	NA	0.139239282085989	0
ENSMUSG00000078676	Casc3	1441274_at	NA	1.67452133043901	0.3	NA	0.0935907748897095	0
ENSMUSG00000078716	Tmem8b	1439969_at	NA	-1.61130204942392	-0.3	NA	1.69797345259018	0.2
ENSMUSG00000078773	Rad54b	1434734_at	NA	-1.76756049302968	-0.2	NA	-0.374595520539024	0
ENSMUSG00000078784	Rbis	1434493_at	NA	1.87475583595405	0.3	0.0875071078200215	2.42378593547071	0.3
ENSMUSG00000078786	BC024978	1440024_at	NA	0.509498961300946	0.1	NA	-1.8417725715035	-0.1
ENSMUSG00000078794	Dact3	1434415_at	NA	0.625585036525058	0.1	NA	2.4541499002705	0.2
ENSMUSG00000078795	Ceacam15	1456451_at	NA	1.21420821080091	0.2	NA	0.0601389539572933	0
ENSMUSG00000078796	Zfp541	1440672_at	NA	0.946208685475057	0.1	NA	-2.03847932745388	-0.2
ENSMUSG00000078810	Gp6	1446554_at	NA	-1.15262170597996	-0.2	NA	1.5835279672928	0.1
ENSMUSG00000078817	Nlrp12	1440921_at	NA	-1.16012532201726	-0.1	NA	-0.679879303083181	-0.1
ENSMUSG00000078851	H2aw	1455712_at	NA	-2.43811471391087	-0.2	NA	0.779947556096322	0.1
ENSMUSG00000078908	Mon1b	1428711_at	NA	0.140941710419837	0	NA	-0.263128943742957	0
ENSMUSG00000078924	Gm12169	1444850_at	NA	-0.338923251953267	-0.1	NA	-2.29464238386476	-0.2
ENSMUSG00000078925	D030018L15Rik	1440732_at	NA	1.16744550174214	0.1	NA	-0.267436323356324	0
ENSMUSG00000078938	Syce3	1435412_at	NA	-2.12940796641137	-0.3	0.403212378709572	1.0893959006543	0.1
ENSMUSG00000078952	Lncenc1	1447021_at	NA	0.291844420663259	0	NA	-1.4290972040686	-0.1
ENSMUSG00000078963	Hsbp1l1	1444790_at	NA	-0.938488234936014	-0.1	NA	-0.33014680937373	0
ENSMUSG00000078970	Wdr92	1454922_at	0.269775302194621	1.65560056459538	0.4	0.146021369295726	1.97322955617464	0.3
ENSMUSG00000078994	Zfp429	1439475_at	NA	-0.392801576245216	0	NA	1.51998964856303	0.1
ENSMUSG00000079003	Samd1	1434183_at	NA	1.98348923304677	0.3	0.285807746426753	-1.39793689525935	-0.1
ENSMUSG00000079014	Serpina3i	1430751_at	NA	-0.0152722144003918	0	NA	1.07047428775393	0.1
ENSMUSG00000079020	Slc45a4	1433559_at	NA	1.27378506176192	0.1	NA	1.69762211395506	0.2
ENSMUSG00000079022	Col22a1	1446851_at	NA	-0.0629445314654538	0	NA	-0.487935242175048	0
ENSMUSG00000079034	Gm8300	1444529_at	NA	0.576047887160817	0.1	NA	0.775456705838307	0.1
ENSMUSG00000079036	Alkbh1	1434660_at	NA	1.11088532704625	0.2	NA	0.558040608557781	0
ENSMUSG00000079042	Apela	1436287_at	NA	0.995411925222139	0.1	NA	0.342101654703572	0
ENSMUSG00000079045	Prox1os	1436464_at	NA	-0.520537774800016	-0.1	NA	-1.03638215383157	-0.1
ENSMUSG00000079051	Vinac1	1454467_at	NA	-1.9942977625532	-0.3	NA	-1.79152113464382	-0.2
ENSMUSG00000079055	Slc8a3	1440962_at	NA	3.15322569298959	0.3	NA	-1.55342567067566	-0.1
ENSMUSG00000079084	Ccdc82	1435346_at	NA	2.81116358509039	0.4	NA	1.93779532455342	0.1
ENSMUSG00000079109	Pms2	1436273_at	NA	0.0516019877724071	0	NA	0.852275608769628	0.1
ENSMUSG00000079112	Fam90a1a	1443478_at	NA	-1.29938267767779	-0.2	NA	-0.592468218445846	-0.1
ENSMUSG00000079144	A130010J15Rik	1429394_at	0.153984426269339	2.23438449257867	0.5	0.702631621032742	0.51620023076368	0.1
ENSMUSG00000079157	Fam155a	1435138_at	NA	0.0420437475818527	0	NA	0.467538530067622	0
ENSMUSG00000079177	Fam228a	1432283_at	NA	-0.340785253213332	0	NA	-0.333741517520017	0
ENSMUSG00000079179	Rab10os	1431818_at	NA	2.57926067866127	0.3	NA	2.96653256553117	0.2
ENSMUSG00000079183	C030005K15Rik	1446363_at	NA	1.20408589739266	0.2	0.869627358812395	-0.228419464028627	0
ENSMUSG00000079215	Zfp664	1434063_at	0.124481703957433	2.44263804229681	0.6	0.342388671558674	1.23129329222107	0.2
ENSMUSG00000079235	Ccdc13	1454222_a_at	NA	-1.01574402149966	-0.1	NA	-1.06282548530725	-0.1
ENSMUSG00000079259	Trim71	1456673_at	NA	1.5657466748782	0.2	NA	0.225018385211435	0
ENSMUSG00000079283	2310009B15Rik	1455761_at	NA	0.580822619243674	0.1	NA	0.26608288891168	0
ENSMUSG00000079298	Klrb1b	1445399_at	NA	0.323067003595152	0	NA	0.278307000432822	0
ENSMUSG00000079304	Tex52	1430935_at	NA	-0.463873476437846	-0.1	0.175128350327036	-1.82381610719356	-0.2
ENSMUSG00000079324	4932414N04Rik	1431515_at	NA	-0.781482901040991	-0.1	NA	-0.502792141369929	0
ENSMUSG00000079330	Lemd1	1445642_at	NA	-0.924925275736226	-0.1	NA	-0.157777432475007	0
ENSMUSG00000079339	Ifit1bl1	1435529_at	NA	-0.355560277780217	-0.1	NA	0.881486631339977	0.1
ENSMUSG00000079346	1700013D24Rik	1437792_at	NA	0.0437891387002129	0	0.725466832660765	-0.47418409728813	-0.1
ENSMUSG00000079356	Mettl4-ps1	1432134_at	NA	-0.644346010146047	-0.1	NA	1.22616528234594	0.1
ENSMUSG00000079414	Gm11110	1419901_at	NA	0.988539894988697	0.1	NA	0.36751850307547	0
ENSMUSG00000079421	4930402F06Rik	1432110_at	NA	0.830985975521318	0.2	NA	-0.8345071583822	-0.1
ENSMUSG00000079428	Tceal7	1435585_at	0.40247161409588	-1.17118015375548	-0.3	NA	1.87068620482295	0.1
ENSMUSG00000079429	Mroh2a	1456631_at	0.383335530597509	-1.2267337171373	-0.3	NA	1.72825073222431	0.1
ENSMUSG00000079436	Kcnj13	1456418_at	NA	-1.34080961501224	-0.1	NA	-0.598651003501032	-0.1
ENSMUSG00000079440	Alpi	1431077_at	NA	0.706524918437777	0.1	NA	0.293341567367294	0
ENSMUSG00000079445	B3gnt7	1436321_at	NA	1.57259977816779	0.3	NA	-1.67135481859788	-0.1
ENSMUSG00000079450	Cldn34c1	1439279_at	NA	1.41723867294637	0.2	NA	-1.29383693458896	-0.1
ENSMUSG00000079451	Tmprss11g	1438337_x_at	NA	-0.196030259429994	0	NA	-0.153847694128341	0
ENSMUSG00000079455	Gm16026	1447388_at	NA	-0.413190357295143	0	NA	-0.391332181267186	0
ENSMUSG00000079460	4933403O08Rik	1453533_at	NA	-0.207331173835203	0	NA	-0.478751415370812	0
ENSMUSG00000079465	Col4a3	1438779_at	NA	-0.987950496512296	-0.1	NA	3.32480339228878	0.2
ENSMUSG00000079469	Pigb	1420128_s_at	NA	2.49044046495124	0.3	NA	-2.20646004290949	-0.2
ENSMUSG00000079470	Utp14b	1438579_at	NA	1.9909779491076	0.3	NA	-0.77606867767283	-0.1
ENSMUSG00000079471	Mymx	1456242_at	NA	-0.465879960235315	-0.1	0.356701165080408	-1.19579697261071	-0.2
ENSMUSG00000079476	1700011M02Rik	1436683_at	0.257253325745441	-1.70766276332164	-0.6	NA	-0.502646846659347	0
ENSMUSG00000079481	Nhsl2	1456765_at	NA	0.745337942679264	0.1	NA	-1.15745928677431	-0.1
ENSMUSG00000079499	6530402F18Rik	1441725_at	NA	-0.318626051070859	-0.1	NA	-1.14542777771171	-0.1
ENSMUSG00000079525	Cldn34d	1431639_at	NA	-0.0362727939819737	0	NA	-0.912588358352289	-0.1
ENSMUSG00000079528	Clnkos	1454276_at	0.379275297580577	-1.23913926910953	-0.3	NA	-1.94048644064674	-0.2
ENSMUSG00000079560	Hoxa3	1431392_at	NA	1.27670047573143	0.2	NA	0.387614046533017	0
ENSMUSG00000079564	Gm11149	1454140_at	NA	2.11577435783993	0.2	NA	-1.78234605251152	-0.2
ENSMUSG00000079580	Tmem217	1432437_at	NA	0.0419415310523152	0	NA	0.534408565365224	0
ENSMUSG00000079584	Gm364	1440692_at	NA	0.775329423028481	0.1	NA	-0.910002770775542	-0.1
ENSMUSG00000079588	Tmem182	1428899_at	0.00279904699853638	-8.23087314905495	-1.3	0.124632128420439	-2.11435540726534	-0.4
ENSMUSG00000079598	Clec2l	1433764_at	NA	1.28217998590692	0.2	NA	-1.61468110272894	-0.1
ENSMUSG00000079610	Ankrd39	1428863_at	0.00561075622374505	-6.59346511189305	-0.8	NA	-0.10195811763965	0
ENSMUSG00000079620	Muc4	1438555_x_at	NA	0.465448867770381	0	NA	-1.35221204127169	-0.1
ENSMUSG00000079654	Prrt4	1458254_at	NA	2.00103173095474	0.2	NA	-1.56494051794181	-0.1
ENSMUSG00000079657	Rab26	1435500_at	NA	-0.624003138665409	-0.1	NA	-1.08198190807073	-0.1
ENSMUSG00000079659	Tmem243	1440845_at	NA	-1.78298744936833	-0.2	NA	-0.0551466122568062	0
ENSMUSG00000079666	1700015F17Rik	1456366_at	NA	-1.8462324814191	-0.3	NA	1.52279359129687	0.1
ENSMUSG00000079669	Gm17396	1455670_at	NA	0.388283675507081	0.1	NA	0.414406604864805	0
ENSMUSG00000079671	2610203C22Rik	1453958_at	NA	0.748094922864697	0.1	NA	1.6706416599961	0.1
ENSMUSG00000079737	3110001I22Rik	1429165_at	NA	1.29621956464481	0.2	0.035596212428709	3.1598596389362	0.3
ENSMUSG00000080316	Spaca6	1458116_at	NA	0.753721624064113	0.1	NA	-0.59354978892583	0
ENSMUSG00000080717	B230307C23Rik	1455637_x_at	0.342074506705067	1.38394323002151	0.3	NA	1.02615909813655	0.1
ENSMUSG00000080727	C920021L13Rik	1456966_at	NA	0.639108655700965	0.1	NA	-2.74631190298826	-0.2
ENSMUSG00000080907	4930455H04Rik	1432123_at	NA	1.71800691953992	0.2	0.39230350605566	1.11593259574154	0.1
ENSMUSG00000080980	1700071K01Rik	1442779_at	NA	0.0968128695242174	0	NA	-0.467996578741614	0
ENSMUSG00000081044	AU015836	1444038_at	NA	1.04584486515576	0.2	NA	0.244544399804578	0
ENSMUSG00000081219	Bambi-ps1	1456178_at	NA	1.09660541017216	0.2	NA	-0.790106605198858	-0.1
ENSMUSG00000081512	Gm15821	1453936_at	NA	-1.16465671891723	-0.1	NA	-0.0621289744349824	0
ENSMUSG00000081586	Gm11544	1444142_at	NA	-0.0232504654436084	0	NA	-2.45947907736338	-0.2
ENSMUSG00000081618	5033423K11Rik	1433254_at	NA	-2.03554459081386	-0.4	NA	-2.47757358845633	-0.2
ENSMUSG00000081683	Fzd10	1455689_at	NA	-2.15334619902035	-0.2	NA	0.994014956038983	0.1
ENSMUSG00000081793	5730416F02Rik	1433342_at	NA	-0.839933713120049	-0.1	0.0500145291171019	-2.86737784800856	-0.3
ENSMUSG00000081944	Gm12276	1457938_at	NA	-1.80691635969008	-0.2	NA	0.190960754266693	0
ENSMUSG00000081998	Gm13245	1441151_at	NA	-1.05240730543166	-0.2	NA	1.19769262818365	0.1
ENSMUSG00000082226	Gm715	1445503_at	NA	-0.469850688087195	0	NA	-0.609546414118173	0
ENSMUSG00000082286	Pisd-ps1	1429452_x_at	NA	0.718536114651195	0.1	NA	2.52091488879167	0.2
ENSMUSG00000082396	Zfp389	1438873_at	NA	-0.684112482738101	-0.1	NA	-0.244270304351176	0
ENSMUSG00000082843	4930448K20Rik	1433345_s_at	NA	0.434092077611597	0.1	NA	-0.212183174413973	0
ENSMUSG00000083246	Gm11839	1440036_x_at	NA	0.689775524556048	0.1	NA	-0.732266465802624	-0.1
ENSMUSG00000083307	AA414768	1460600_at	NA	-0.524131721041476	-0.1	NA	0.771017878353741	0.1
ENSMUSG00000083674	Zfp133-ps	1456238_at	NA	0.634765502345741	0.1	NA	-0.375854375647152	0
ENSMUSG00000083773	Gm13394	AFFX-GapdhMur/M32599_5_at	NA	-0.243047903556712	0	NA	-0.0257557778428502	0
ENSMUSG00000083844	Ube2d-ps	1429073_at	NA	-0.518639971969904	-0.1	NA	0.103729446396114	0
ENSMUSG00000084048	Gm12042	1442699_at	NA	-1.12566671599679	-0.1	NA	-0.398393896254313	0
ENSMUSG00000084135	Pom121l12	1438522_at	NA	-0.917159266022985	-0.2	NA	-2.34022193781471	-0.2
ENSMUSG00000084234	4933405O20Rik	1437427_at	NA	0.0523869152775981	0	NA	0.812912331477778	0.1
ENSMUSG00000084362	2610024D14Rik	1432962_at	NA	0.686892297485431	0.1	NA	0.45508443207808	0
ENSMUSG00000084399	Gm15666	1443321_at	NA	-0.212669310357669	0	NA	0.00902637619725656	0
ENSMUSG00000084462	n-R5s154	1431500_at	NA	1.40511272685894	0.2	0.49040247874495	-0.902052560236109	-0.1
ENSMUSG00000084760	Gm15472	1442820_at	NA	1.35040700261869	0.2	NA	1.14646114375055	0.1
ENSMUSG00000084773	Gm12159	1459213_at	NA	-0.61787954175436	-0.1	NA	-0.546315512157634	-0.1
ENSMUSG00000084788	Gm11342	1442190_at	NA	-1.49227115167977	-0.2	NA	-0.376999092687617	0
ENSMUSG00000084797	Gm14321	1442088_at	NA	-0.214692378050104	0	NA	-0.369712964297264	0
ENSMUSG00000084798	4930533B01Rik	1432373_at	NA	-0.0983811978747725	0	NA	-0.769078850011177	-0.1
ENSMUSG00000084799	Ino80dos	1453354_at	NA	-0.0746690804507735	0	NA	-0.70795040847449	-0.1
ENSMUSG00000084803	5830444B04Rik	1439512_at	NA	-1.41368051240797	-0.2	NA	2.04938939443148	0.2
ENSMUSG00000084808	9430091E24Rik	1430662_at	NA	1.11327625413164	0.2	NA	-1.4349305468987	-0.1
ENSMUSG00000084811	1700092E19Rik	1457210_at	NA	-0.183890432598843	0	NA	-0.160869812456924	0
ENSMUSG00000084826	AI847159	1444095_a_at	NA	-0.799051583457207	-0.1	NA	1.4485634191837	0.1
ENSMUSG00000084834	4930565N06Rik	1431516_at	NA	-2.07813950495316	-0.2	NA	-0.245538005648182	0
ENSMUSG00000084836	Gm16274	1447137_at	NA	0.672236851551504	0.1	NA	-0.913224073643033	-0.1
ENSMUSG00000084844	Hoxb3os	1444204_at	NA	-0.839418019524546	-0.1	NA	0.437304384283463	0
ENSMUSG00000084846	A730011C13Rik	1447950_at	NA	0.0194227629048313	0	0.574354383160313	0.74496774436294	0.1
ENSMUSG00000084847	Gm15507	1457856_at	NA	-1.48853197118621	-0.2	NA	0.914971199693984	0.1
ENSMUSG00000084848	4933408N05Rik	1432010_at	NA	-0.247258051041211	0	NA	-1.82367829869825	-0.1
ENSMUSG00000084851	Gm11267	1458162_at	NA	0.801330416157286	0.1	NA	-0.220732996190218	0
ENSMUSG00000084859	1700080N15Rik	1432138_at	NA	0.936206774442725	0.1	NA	0.0729796015155367	0
ENSMUSG00000084866	A930006K02Rik	1442196_at	NA	-1.28371884353691	-0.2	NA	0.549369319482081	0
ENSMUSG00000084873	C030047K22Rik	1430501_at	NA	1.13572514468345	0.1	NA	1.82231526218421	0.1
ENSMUSG00000084876	Gm14965	1449613_at	NA	1.53134790634844	0.2	NA	-0.212192775028317	0
ENSMUSG00000084883	Ccdc85c	1442999_at	NA	2.59416794233201	0.3	NA	-1.13266191563118	-0.1
ENSMUSG00000084885	3010001F23Rik	1457010_at	NA	-0.684784487218262	-0.1	NA	-0.735515269748745	-0.1
ENSMUSG00000084897	Gm14226	1455274_at	NA	-0.584462997454617	-0.1	NA	-1.2921403107709	-0.1
ENSMUSG00000084898	Gm12371	1440361_at	NA	-1.83327411618288	-0.2	NA	-0.0269606592411804	0
ENSMUSG00000084908	C79798	1441374_at	NA	-1.05615469257901	-0.1	NA	-0.53627737923793	-0.1
ENSMUSG00000084909	4930528G23Rik	1431950_at	NA	-0.0414008272537753	0	0.0295228223443536	-3.32275312795425	-0.3
ENSMUSG00000084910	C630043F03Rik	1455542_at	NA	2.59087771962212	0.4	NA	-1.26100765706374	-0.1
ENSMUSG00000084915	C230037L18Rik	1445291_at	NA	-0.899421470289749	-0.1	NA	1.7648183901546	0.1
ENSMUSG00000084919	Ptprtos	1447135_at	NA	0.337218903200805	0	NA	1.85800521771422	0.1
ENSMUSG00000084925	1810062O18Rik	1454013_at	NA	-0.383169820406702	-0.1	0.021574011834831	3.62470710625574	0.3
ENSMUSG00000084938	BB557941	1443368_at	NA	-1.51334263547734	-0.3	NA	-0.455810785964853	0
ENSMUSG00000084941	Gm11944	1446846_at	0.0354943381304258	3.75189889352175	0.6	NA	-0.187168110825345	0
ENSMUSG00000084957	Bbip1	1452883_a_at	0.926770955612458	-0.127774046116674	0	0.00244370250622493	5.81568312160875	0.7
ENSMUSG00000084959	4933407I08Rik	1432154_at	NA	0.97207093682334	0.1	NA	-0.366981296827535	0
ENSMUSG00000084966	2810471M01Rik	1432002_at	NA	0.623366672350223	0.1	NA	-0.407914428504147	0
ENSMUSG00000084970	1700060J05Rik	1453476_at	0.152911877783466	-2.24995564476233	-0.4	NA	-1.62220589322473	-0.1
ENSMUSG00000084980	Slc36a1os	1453696_at	NA	-0.281387729478708	0	NA	-0.606819647606386	0
ENSMUSG00000084997	Gm15471	1440949_at	NA	1.09125955689406	0.2	0.995520996133996	0.00873816604955971	0
ENSMUSG00000085003	Pip5k1bos	1454360_at	NA	-0.545222836733878	-0.1	NA	-0.571468080290239	0
ENSMUSG00000085004	5430427M07Rik	1431427_at	NA	0.203294650654438	0	NA	-1.59895848423041	-0.1
ENSMUSG00000085016	Gm11335	1431333_at	NA	-0.396112140956333	-0.1	NA	0.78614276004023	0.1
ENSMUSG00000085024	C230035I16Rik	1458976_at	NA	0.608614057398931	0.1	NA	-1.01607241445972	-0.1
ENSMUSG00000085026	Srrm3os	1431590_at	NA	-0.265187920737225	0	NA	-0.648301600581882	-0.1
ENSMUSG00000085028	Slc2a4rg-ps	1438296_at	NA	-1.21395801798427	-0.2	NA	-0.42884850261767	0
ENSMUSG00000085037	4933421O10Rik	1453825_at	NA	-0.503309289004459	-0.1	NA	0.921329163115064	0.1
ENSMUSG00000085041	BB031773	1443094_at	NA	-0.933880282145675	-0.1	NA	-0.236982644988758	0
ENSMUSG00000085043	Gm13184	1457998_at	NA	-0.0630990693953019	0	NA	0.252203878481035	0
ENSMUSG00000085054	Gm15834	1458192_at	NA	-1.29910854520715	-0.2	NA	-0.0892129292896823	0
ENSMUSG00000085055	Gm15958	1441784_at	NA	1.15447566870907	0.2	NA	-0.420972061890189	0
ENSMUSG00000085058	8030453O22Rik	1454252_at	NA	-1.00152543306093	-0.2	NA	-1.51382621166873	-0.1
ENSMUSG00000085067	Gm15631	1439312_at	NA	-0.0771093056727478	0	NA	-0.204170196945228	0
ENSMUSG00000085069	Prdm16os	1457215_at	NA	0.331973029273309	0	NA	-0.3029864781327	0
ENSMUSG00000085078	C030013C21Rik	1444183_at	0.52978427780126	-0.828035412203396	-0.2	NA	-0.741643096682502	-0.1
ENSMUSG00000085081	Rptoros	1441113_at	NA	-1.88006329382488	-0.2	0.568267572109988	-0.756438376247812	-0.1
ENSMUSG00000085083	Gm11615	1444133_at	NA	-1.22304550648223	-0.2	NA	1.12635782221298	0.1
ENSMUSG00000085084	4930570G19Rik	1439684_at	NA	-0.885812844299924	-0.1	NA	-0.222836939714761	0
ENSMUSG00000085085	1700086P04Rik	1453479_at	NA	0.970948715798743	0.1	0.859626173845271	-0.247512690010215	0
ENSMUSG00000085088	4931413K12Rik	1454131_at	NA	-0.562731264376894	-0.1	NA	-2.17166369544653	-0.2
ENSMUSG00000085095	Gm15635	1458171_at	NA	0.0709033389496881	0	NA	0.255503042873935	0
ENSMUSG00000085105	Gm12758	1458283_at	NA	-0.67523911911032	-0.1	NA	-0.960603690260105	-0.1
ENSMUSG00000085114	1600025M17Rik	1444548_at	NA	-0.554909697526237	-0.1	NA	-0.694915435638236	-0.1
ENSMUSG00000085122	4933404K08Rik	1431576_at	NA	-0.0291362139374956	0	NA	-0.425792467264898	0
ENSMUSG00000085127	4930444E06Rik	1454509_at	NA	0.518769575862013	0.1	0.914436561553114	-0.151546969704803	0
ENSMUSG00000085133	B930095G15Rik	1459223_at	NA	-1.12618202028326	-0.2	NA	2.12354783055231	0.2
ENSMUSG00000085148	Mir22hg	1428562_at	0.783886034261279	-0.363698767922978	-0.1	0.00327551163799399	5.46628171660753	0.7
ENSMUSG00000085169	Gm10785	1442574_at	NA	0.414991285277902	0	NA	-1.02306900558441	-0.1
ENSMUSG00000085171	D830026I12Rik	1439761_x_at	NA	-1.2835566294559	-0.1	NA	-1.20464044166143	-0.1
ENSMUSG00000085180	AI838599	1445422_at	0.822479133291474	0.299571520816356	0.1	NA	0.560843087008584	0
ENSMUSG00000085198	4933416E03Rik	1430711_at	NA	0.589584921557922	0.1	NA	2.3876909222237	0.2
ENSMUSG00000085208	Brip1os	1430548_at	NA	0.955149262269583	0.2	0.545945281523478	-0.796652483195032	-0.1
ENSMUSG00000085236	2610206C17Rik	1453431_at	NA	1.48528977476564	0.2	NA	-1.46711636397181	-0.1
ENSMUSG00000085247	4930545L23Rik	1430481_at	NA	1.81720911424688	0.2	NA	0.493549128622694	0
ENSMUSG00000085250	Gm15234	1444694_at	NA	0.560539802988912	0.1	NA	-0.585353212710432	0
ENSMUSG00000085252	8430437L04Rik	1431978_at	NA	0.0840837857404169	0	NA	-1.41713805953415	-0.1
ENSMUSG00000085260	Med9os	1438378_at	NA	-0.965376979231868	-0.1	NA	1.02057716953778	0.1
ENSMUSG00000085282	Gm15663	1434818_at	NA	-0.39055215724778	0	NA	3.08044310066071	0.2
ENSMUSG00000085287	4833418N02Rik	1430686_at	NA	0.416870806566555	0	NA	-1.02968797564529	-0.1
ENSMUSG00000085297	Gm11651	1430740_at	NA	-0.745600344333754	-0.1	NA	-1.73246964513102	-0.2
ENSMUSG00000085316	D330050G23Rik	1441160_at	NA	0.733610101357279	0.1	NA	-2.80324091358916	-0.2
ENSMUSG00000085321	4930412F09Rik	1431635_at	NA	1.18243949227517	0.1	NA	-0.515326610792644	-0.1
ENSMUSG00000085323	9130410C08Rik	1432309_at	NA	0.902449312291312	0.1	NA	-0.118026439633878	0
ENSMUSG00000085329	2810404F17Rik	1431720_at	NA	0.373683127733032	0.1	0.157130177082865	-1.91415017948449	-0.2
ENSMUSG00000085338	2410004I01Rik	1436612_at	NA	0.212718418478847	0	NA	-1.96865114199746	-0.1
ENSMUSG00000085350	4930529I22Rik	1432546_at	NA	-0.735318878501783	-0.1	NA	-0.06880768082068	0
ENSMUSG00000085385	Snhg17	1434574_at	NA	0.407119382533824	0.1	NA	0.623825824151516	0.1
ENSMUSG00000085396	Firre	1435744_at	0.121641856666698	2.46093219449593	0.5	0.00138217106689649	6.3948690223394	0.6
ENSMUSG00000085407	1700095J03Rik	1430157_at	NA	-0.471748911394029	-0.1	NA	-0.75377924798905	-0.1
ENSMUSG00000085408	C530005A16Rik	1443944_at	NA	1.33637822885589	0.1	NA	-1.58475264994006	-0.1
ENSMUSG00000085418	Grip1os1	1432315_at	NA	0.289426589374265	0	NA	0.191665073790946	0
ENSMUSG00000085420	4930453O03Rik	1454150_at	NA	1.60122887380184	0.2	0.360236792360944	-1.18635172907299	-0.1
ENSMUSG00000085421	4732490B19Rik	1444697_at	NA	-0.476074730360339	-0.1	NA	-1.44985034030906	-0.1
ENSMUSG00000085427	6430710C18Rik	1431559_at	NA	0.828505606280245	0.1	NA	-0.308038815433713	0
ENSMUSG00000085438	Oip5os1	1428411_at	0.247444428185424	1.75540841910015	0.5	0.211535999788998	1.66567331438304	0.2
ENSMUSG00000085443	Gm15416	1447208_at	NA	0.487603697188892	0.1	NA	-1.26684505633611	-0.1
ENSMUSG00000085452	4930554G24Rik	1453990_at	NA	1.40905253134801	0.1	NA	-0.857384118955854	-0.1
ENSMUSG00000085457	1110046J04Rik	1457779_at	NA	-0.565312497940424	-0.1	0.0237831206231562	3.53672270594818	0.5
ENSMUSG00000085471	4933423P22Rik	1454223_at	NA	-0.833834236723635	-0.1	NA	-0.168727672104263	0
ENSMUSG00000085483	Gm14198	1447190_at	NA	-0.870474887162908	-0.1	NA	-0.0274203255250278	0
ENSMUSG00000085492	Trmt61b	1437481_at	NA	0.302404895793714	0	NA	-0.189834741796092	0
ENSMUSG00000085496	4930517E11Rik	1432074_at	0.520569988568236	0.851343242231213	0.2	NA	-0.943090749249329	-0.1
ENSMUSG00000085501	Gm11772	1436633_at	NA	0.33820523976299	0	NA	-0.548841586747208	0
ENSMUSG00000085511	Gm11738	1443060_at	NA	-0.607365942111132	-0.1	NA	-0.173479810480066	0
ENSMUSG00000085527	Gm15535	1447066_at	NA	-2.14212381931687	-0.3	NA	0.477770777892954	0
ENSMUSG00000085532	B430319H21Rik	1432507_at	NA	-0.176210182564118	0	NA	0.849540343937066	0.1
ENSMUSG00000085555	2610035F20Rik	1430350_at	NA	-0.158372016775457	0	NA	0.0191124905766199	0
ENSMUSG00000085558	4930412C18Rik	1454040_at	NA	-1.85416591139031	-0.3	NA	-0.140645713708823	0
ENSMUSG00000085562	2610028E06Rik	1456708_at	NA	0.591861755272789	0.1	NA	-0.00814562155786407	0
ENSMUSG00000085576	Dpy19l2	1437272_at	NA	0.958783674020262	0.1	NA	0.65008976595472	0
ENSMUSG00000085580	1700061F12Rik	1444605_at	NA	-0.112220234059486	0	0.800188119946375	-0.348934709724959	0
ENSMUSG00000085582	3110099E03Rik	1431397_at	NA	1.64265409936988	0.3	NA	-1.02768271299011	-0.1
ENSMUSG00000085593	4930589P08Rik	1453347_at	NA	0.0506202972282792	0	NA	-2.230650832891	-0.2
ENSMUSG00000085596	Gm11476	1440687_at	NA	6.644309329942e-05	0	NA	2.43621053693297	0.2
ENSMUSG00000085600	E330012B07Rik	1456299_at	NA	-0.749903959188018	-0.1	NA	0.388436192853384	0
ENSMUSG00000085603	Gm11346	1436491_at	NA	-0.740111423484508	-0.1	NA	0.786222865813082	0.1
ENSMUSG00000085628	Appbp2os	1441641_at	NA	-0.426993444669226	0	NA	0.167929281599738	0
ENSMUSG00000085631	9630028H03Rik	1446437_at	NA	0.754183528175674	0.1	NA	-1.44218271086115	-0.1
ENSMUSG00000085637	1700048M11Rik	1442131_at	NA	-2.89484814469131	-0.3	NA	-1.4259654372244	-0.1
ENSMUSG00000085641	4930465M20Rik	1431574_at	NA	-0.573353955210359	-0.1	NA	0.985251961234301	0.1
ENSMUSG00000085645	Hoxb5os	1447886_at	NA	0.125086098978691	0	NA	0.837675662079092	0.1
ENSMUSG00000085664	Atxn7l1os2	1431678_at	NA	-0.499499177245017	-0.1	NA	-0.623500053208373	-0.1
ENSMUSG00000085667	Gm12992	1443073_at	NA	-0.84798313299358	-0.1	NA	-0.48046301027044	0
ENSMUSG00000085683	Tmem238l	1460517_at	NA	-0.696021704553478	-0.1	NA	-1.20699884234123	-0.1
ENSMUSG00000085684	4930469K13Rik	1433320_at	NA	0.824174598656821	0.1	NA	-0.890877395713621	-0.1
ENSMUSG00000085704	4921531C22Rik	1429880_at	NA	0.926745392249113	0.1	NA	-0.449112293792823	0
ENSMUSG00000085720	Gm7854	1457085_at	NA	-0.778458501005236	-0.1	NA	-0.855013736160191	-0.1
ENSMUSG00000085735	Mettl5os	1432524_at	NA	0.580171594575658	0.1	NA	0.932045491967984	0.1
ENSMUSG00000085743	8430419K02Rik	1460515_at	NA	0.379848297582344	0.1	NA	-0.104433282854372	0
ENSMUSG00000085749	Gm12843	1441798_at	NA	0.210638716552587	0	NA	-1.44168203418107	-0.1
ENSMUSG00000085754	Gm15886	1453890_at	NA	0.877499034763204	0.1	NA	-3.14999928487154	-0.2
ENSMUSG00000085759	1700061E18Rik	1459796_at	NA	0.819843369764949	0.1	NA	0.100898275548354	0
ENSMUSG00000085762	Lrrc75aos2	1454148_at	NA	-1.28295148232443	-0.1	NA	0.873159016524678	0.1
ENSMUSG00000085763	Smc2os	1441142_at	NA	1.00873225550636	0.1	NA	0.565527255757519	0
ENSMUSG00000085766	2810430I11Rik	1431796_at	NA	2.38451112171948	0.3	NA	0.335114248603142	0
ENSMUSG00000085772	D630024D03Rik	1444315_at	NA	-1.38385596484975	-0.2	NA	0.135684712608436	0
ENSMUSG00000085773	Gm16233	1443256_at	NA	1.0000060309801	0.1	NA	1.6369767412841	0.1
ENSMUSG00000085779	Atcayos	1458369_at	NA	2.08419378125805	0.3	NA	-0.000962409189406475	0
ENSMUSG00000085793	Lin52	1434161_at	NA	0.671842688946458	0.1	0.056022895291474	2.78060577875404	0.3
ENSMUSG00000085794	Vax2os	1443232_at	NA	1.05154344210269	0.1	NA	-0.273946902309498	0
ENSMUSG00000085795	Zfp703	1444202_at	NA	-1.14249635104183	-0.1	NA	-0.00267366902856398	0
ENSMUSG00000085819	Ube4bos1	1430945_at	NA	0.468805275511056	0.1	NA	-1.02285314830645	-0.1
ENSMUSG00000085820	4933406K04Rik	1432252_a_at	NA	0.337774045681551	0.1	0.170103844450249	-1.85201078629357	-0.2
ENSMUSG00000085823	Gm13012	1444102_at	NA	0.655476027969	0.1	NA	-0.172422355262082	0
ENSMUSG00000085829	Gm4285	1456889_at	NA	-0.616496273352476	-0.1	NA	0.975888404721919	0.1
ENSMUSG00000085834	Gm15622	1431342_at	NA	-0.0744303167337857	0	NA	-0.81874628461085	-0.1
ENSMUSG00000085837	Kcnmb4os2	1454079_at	NA	-0.122191698700092	0	NA	-1.8803660394607	-0.1
ENSMUSG00000085842	Pard3bos1	1453842_at	NA	-1.63189488597413	-0.2	NA	-1.13372933012634	-0.1
ENSMUSG00000085851	4921518K17Rik	1431797_at	NA	-0.318914465986794	0	NA	-0.956722839720259	-0.1
ENSMUSG00000085861	Armh2	1436439_at	NA	0.33407526875419	0	NA	-0.81080201876434	-0.1
ENSMUSG00000085862	Gm13483	1442635_at	NA	0.473682548311886	0.1	NA	-1.15677819251328	-0.1
ENSMUSG00000085878	Gm12823	1458851_at	NA	1.34901414518025	0.2	NA	-2.17738983010559	-0.2
ENSMUSG00000085882	2610507I01Rik	1431141_at	NA	-1.08198135550251	-0.1	NA	0.662680368086102	0.1
ENSMUSG00000085890	Tnfsf13os	1442123_at	NA	0.497615141124738	0.1	NA	-0.998006366442808	-0.1
ENSMUSG00000085891	Gm14634	1458164_at	NA	2.12900571558377	0.2	NA	-1.94084592390355	-0.1
ENSMUSG00000085918	Gm13032	1441031_at	NA	-1.82878150394596	-0.3	NA	-0.0804374584072044	0
ENSMUSG00000085928	4933427I22Rik	1431524_at	NA	-0.875351100704348	-0.1	NA	-0.105629532627695	0
ENSMUSG00000085933	Tmem61	1446460_at	NA	-0.0590526533050953	0	NA	0.315866897991595	0
ENSMUSG00000085936	2610307P16Rik	1430083_at	NA	-1.24719160531257	-0.2	NA	-0.530458148967748	-0.1
ENSMUSG00000085937	Ccdc42os	1453934_at	NA	0.211918436783754	0	NA	-1.2185986055457	-0.1
ENSMUSG00000085944	1700003D09Rik	1430266_at	NA	-0.0472552774981767	0	NA	0.178194558608002	0
ENSMUSG00000085945	2310014F06Rik	1429226_at	0.438547834069201	1.06535119551108	0.2	NA	-1.60810775953322	-0.1
ENSMUSG00000085950	Gm13589	1442718_at	NA	-1.65711490849934	-0.3	NA	1.38155681578379	0.1
ENSMUSG00000085953	Gm15496	1457850_at	NA	-0.495294249722357	-0.1	NA	-2.08790545653106	-0.2
ENSMUSG00000085956	4930481B07Rik	1430451_at	NA	-0.257007348300338	0	NA	0.896252944888142	0.1
ENSMUSG00000085984	1700001G11Rik	1438544_at	NA	0.315178331965936	0	NA	-0.37922067958174	0
ENSMUSG00000085995	Gm2788	1448080_at	NA	0.599053297447998	0.1	NA	-0.445844479519833	0
ENSMUSG00000086007	1700057H21Rik	1445737_at	NA	-0.884829783867455	-0.1	0.837823805258126	-0.284113779351549	0
ENSMUSG00000086013	Gm15706	1436060_at	NA	2.1136857999291	0.2	NA	0.907019018429736	0.1
ENSMUSG00000086015	4833417C18Rik	1431260_at	NA	0.42187526727149	0	NA	-0.560118581643587	0
ENSMUSG00000086016	1700084C06Rik	1454282_at	NA	0.537956819122377	0.1	NA	-1.34054126142286	-0.1
ENSMUSG00000086025	4933406G16Rik	1432087_at	NA	-0.129009248913076	0	NA	0.26599705744997	0
ENSMUSG00000086034	Gm15201	1445747_at	0.799825648864097	0.335927006884649	0.1	NA	-1.21104049166715	-0.1
ENSMUSG00000086037	Gm16085	1459643_at	NA	0.114434873545551	0	NA	-2.12265234935883	-0.2
ENSMUSG00000086040	Wipf3	1455301_at	NA	-0.124885421500462	0	NA	-1.75599452859478	-0.1
ENSMUSG00000086046	1700095A21Rik	1433328_at	NA	-0.0685490231905035	0	NA	-1.54263638759582	-0.1
ENSMUSG00000086047	9530046B11Rik	1431493_at	NA	0.580781537031977	0.1	NA	0.399658114889255	0
ENSMUSG00000086058	Unc45bos	1441711_at	NA	1.4523615313656	0.2	NA	-1.4376625385613	-0.1
ENSMUSG00000086061	Gm13075	1457784_at	NA	-0.667435567733112	-0.1	NA	-0.493837527552517	0
ENSMUSG00000086066	4930423M02Rik	1431508_at	NA	1.6561763831855	0.3	NA	-0.438907763832027	0
ENSMUSG00000086070	8430436N08Rik	1432323_at	NA	1.94425947597107	0.3	NA	-0.966956873875163	-0.1
ENSMUSG00000086075	Gm15728	1446862_at	NA	0.0394376978270693	0	NA	-0.51412078299627	0
ENSMUSG00000086083	Gm15829	1431652_at	NA	-1.67444114645367	-0.2	NA	-0.0232582004962294	0
ENSMUSG00000086096	Gm12688	1457741_at	NA	-1.5224060115604	-0.2	NA	1.99658812242431	0.1
ENSMUSG00000086108	Gm5602	1459682_at	NA	-0.710783414877952	-0.1	NA	0.259869923980455	0
ENSMUSG00000086118	Gm14169	1457496_at	NA	1.68408774331825	0.2	NA	-1.76151920612785	-0.1
ENSMUSG00000086126	Evx1os	1430678_at	NA	0.362302580061443	0	NA	-1.14905930945957	-0.1
ENSMUSG00000086135	1700001J04Rik	1459025_at	NA	0.207974866074155	0	NA	-0.362331586247135	0
ENSMUSG00000086141	9030622O22Rik	1431566_at	NA	-0.586147694336583	-0.1	NA	-0.396051151961911	0
ENSMUSG00000086155	9430041J12Rik	1453671_at	NA	0.108106310161313	0	0.747077693406554	-0.432381075702276	0
ENSMUSG00000086158	Ccpg1os	1452935_at	NA	-2.09416603289321	-0.3	NA	2.42997539272026	0.2
ENSMUSG00000086160	4933438A12Rik	1432389_at	NA	1.4851496978896	0.2	NA	-1.23540109898822	-0.1
ENSMUSG00000086172	2700068H02Rik	1431906_at	NA	0.0345846588568463	0	NA	-0.292323863848699	0
ENSMUSG00000086173	Kis2	1446494_at	NA	1.22556779474592	0.1	NA	0.149948852818315	0
ENSMUSG00000086191	Zfp652os	1440976_at	NA	-3.22142116962311	-0.3	NA	0.788935779360757	0.1
ENSMUSG00000086193	Gm11508	1447357_at	NA	0.498959269753329	0.1	NA	-0.853739880845165	-0.1
ENSMUSG00000086209	4933405E24Rik	1431617_at	NA	1.34117660846493	0.1	NA	-1.37419846415138	-0.1
ENSMUSG00000086212	Mkln1os	1442479_at	NA	0.172682192319267	0	NA	0.415039342190578	0
ENSMUSG00000086221	4930412B13Rik	1431408_at	NA	0.792195251469279	0.1	NA	-0.293458397671722	0
ENSMUSG00000086234	Usp46os2	1432549_s_at	NA	-0.43491476978215	-0.1	NA	-1.02532707950443	-0.1
ENSMUSG00000086241	4930483K19Rik	1432192_at	NA	-0.0223438296340133	0	NA	0.294677255834781	0
ENSMUSG00000086258	Gm15239	1443418_at	NA	-0.871104519310355	-0.1	NA	-0.968310133801398	-0.1
ENSMUSG00000086259	Tmem150cos	1430868_at	NA	-1.16430146017537	-0.1	NA	-0.0466471109456471	0
ENSMUSG00000086263	4930519D14Rik	1431460_at	NA	0.135882185196623	0	0.912987337093876	0.157310569583547	0
ENSMUSG00000086273	Rbm46os	1431523_at	NA	1.78063142691192	0.2	NA	-0.793090305921317	-0.1
ENSMUSG00000086277	4930558K02Rik	1431636_at	NA	0.0133575559124751	0	NA	-0.95907290928493	-0.1
ENSMUSG00000086283	2810433D01Rik	1445896_at	NA	0.634831139002889	0.1	NA	-2.04868487321287	-0.2
ENSMUSG00000086287	Gm15972	1441010_at	NA	-0.555177286865691	-0.1	NA	-0.72582081311996	-0.1
ENSMUSG00000086290	Snhg12	1436040_at	0.0356461334938004	-3.74565351069499	-0.5	0.00677851219183724	4.6877602198938	0.6
ENSMUSG00000086291	Gm15513	1443669_at	NA	1.67298388147683	0.2	0.721666201371859	0.481804912743421	0.1
ENSMUSG00000086293	Gm11269	1445814_at	0.306671481427948	-1.49143179051435	-0.3	NA	0.622209718633846	0
ENSMUSG00000086296	D030055H07Rik	1458890_at	NA	1.0251974138773	0.1	NA	1.34449403193643	0.1
ENSMUSG00000086298	Gm11716	1440335_at	NA	0.123485835831788	0	NA	0.14275385167617	0
ENSMUSG00000086306	Gm11754	1441518_at	NA	-0.337257049012944	0	NA	-0.940147673260836	-0.1
ENSMUSG00000086316	Nbdy	1430538_at	NA	3.48068438508609	0.4	0.000349729410058687	8.05513688642322	0.9
ENSMUSG00000086322	E130218I03Rik	1435318_at	NA	-2.4915379355969	-0.3	0.139472675078961	2.01307673032362	0.2
ENSMUSG00000086327	Slfn5os	1430901_at	NA	0.673082069387912	0.1	NA	-1.02642462857641	-0.1
ENSMUSG00000086330	1700007J10Rik	1431612_at	NA	-0.805871179292239	-0.1	0.104885771275344	-2.26237076963702	-0.2
ENSMUSG00000086332	4930480G23Rik	1453707_at	NA	-1.00711573708767	-0.1	NA	1.76437014622258	0.2
ENSMUSG00000086339	Gm11916	1457234_at	NA	0.0747010314560798	0	NA	0.636858083556409	0.1
ENSMUSG00000086356	Gm13441	1430873_at	NA	-0.299188068471328	0	NA	0.266664784366464	0
ENSMUSG00000086359	9630013K17Rik	1454190_at	NA	0.137098618740244	0	0.0626335066743193	-2.68790735302472	-0.3
ENSMUSG00000086363	A330102I10Rik	1458483_at	NA	1.55436790103259	0.2	NA	-0.0659998210469708	0
ENSMUSG00000086369	E330017L17Rik	1444124_a_at	NA	0.375031928972319	0.1	NA	0.414018233821532	0
ENSMUSG00000086370	Ftx	1438838_at	NA	0.491521253107068	0.1	NA	-0.606753769668206	0
ENSMUSG00000086386	Gm12108	1458048_at	NA	-0.724132540527401	-0.1	NA	0.222161010680004	0
ENSMUSG00000086390	1810019D21Rik	1431175_at	NA	0.99447459864491	0.2	NA	-1.72551296301755	-0.1
ENSMUSG00000086391	1700042O10Rik	1430105_at	NA	-0.961947714826116	-0.1	NA	-0.0977281248839381	0
ENSMUSG00000086395	A630014C17Rik	1441638_at	NA	0.745955905568667	0.1	NA	-1.38371569429632	-0.1
ENSMUSG00000086396	4930555B11Rik	1433039_at	NA	0.197566565383869	0	NA	-1.53628201856081	-0.1
ENSMUSG00000086405	9330198N18Rik	1453938_at	NA	-0.789375399956017	-0.1	NA	-1.06214971418182	-0.1
ENSMUSG00000086430	4930551O13Rik	1432335_at	NA	0.521012549587631	0.1	NA	-0.159909176993826	0
ENSMUSG00000086443	4933421A08Rik	1431986_at	NA	0.0709209271321659	0	NA	-1.58888671545058	-0.1
ENSMUSG00000086446	Prkag2os1	1432407_at	0.47629718210605	-0.96477918665338	-0.3	NA	-0.902064584251693	-0.1
ENSMUSG00000086451	4933431K23Rik	1453916_at	NA	-1.58407758922572	-0.2	NA	1.36706868057951	0.1
ENSMUSG00000086477	Gm15506	1446456_at	NA	0.616927147923004	0.1	NA	-0.349646929776924	0
ENSMUSG00000086484	Nron	1457187_at	NA	1.66998360651899	0.2	NA	-0.383069522235387	0
ENSMUSG00000086486	Ift88os	1431472_at	NA	0.511741756517007	0.1	NA	-1.84586449860516	-0.1
ENSMUSG00000086495	Gm13778	1457151_at	NA	0.367651282339162	0	NA	0.845613268213108	0.1
ENSMUSG00000086496	Gm14204	1441203_at	NA	1.07209294075215	0.1	NA	-1.37268117932478	-0.1
ENSMUSG00000086552	Dlx4os	1445913_at	NA	0.370328345171944	0.1	NA	-1.39674149925191	-0.1
ENSMUSG00000086555	Gm13446	1439603_at	NA	-0.794159759902456	-0.1	NA	-0.591900550232561	0
ENSMUSG00000086557	Gm15999	1446419_at	NA	-0.247871857466655	0	0.418217665642818	-1.05706804683189	-0.1
ENSMUSG00000086594	Nudt12os	1432424_at	NA	-0.265153232920038	0	0.457999545763147	-0.972929148897016	-0.1
ENSMUSG00000086596	Susd5	1438636_s_at	NA	0.118605791183367	0	NA	0.833716921868823	0.1
ENSMUSG00000086598	Btbd18	1438273_at	NA	-2.00395818636487	-0.2	NA	1.32526188489487	0.1
ENSMUSG00000086606	Gm13205	1435976_at	NA	-3.25046938324548	-0.4	NA	0.564552266320948	0
ENSMUSG00000086608	4930562D21Rik	1454065_at	NA	-1.64935098184182	-0.2	NA	-0.322120576915574	0
ENSMUSG00000086610	Gm15408	1444625_at	NA	0.791868124924519	0.1	NA	-1.72108168908077	-0.1
ENSMUSG00000086629	2810403D21Rik	1444703_at	NA	1.1102528266701	0.2	NA	0.567470464874244	0
ENSMUSG00000086645	Gm15743	1446154_at	NA	0.101435584968797	0	NA	0.278999644515518	0
ENSMUSG00000086657	Stamos	1441720_at	0.138268550792902	2.34555146140676	0.5	NA	2.47684157523264	0.2
ENSMUSG00000086695	Gm15247	1432565_at	NA	-0.324318233079811	0	0.0495372615407539	-2.87490122054066	-0.3
ENSMUSG00000086703	4930507D10Rik	1432244_at	NA	-0.595980471263777	-0.1	NA	-1.47131238913218	-0.1
ENSMUSG00000086706	Gm15848	1441093_at	0.527797642303487	-0.834506090438148	-0.2	NA	-0.877428220634042	-0.1
ENSMUSG00000086708	Gm15577	1439303_at	NA	-0.482655319082885	-0.1	NA	-2.44174230505012	-0.2
ENSMUSG00000086725	A630052C17Rik	1437124_at	NA	0.286808072934064	0	NA	1.8664065535352	0.1
ENSMUSG00000086727	4931428L18Rik	1432347_at	NA	0.180536322569927	0	NA	-1.40665567266607	-0.1
ENSMUSG00000086742	Gm16201	1440995_at	NA	-0.904581618806835	-0.2	NA	-0.918442981710488	-0.1
ENSMUSG00000086748	Gm13261	1444837_at	NA	0.267716680699684	0	NA	-0.835737944834779	-0.1
ENSMUSG00000086763	Plxna4os1	1446116_at	NA	0.22244235998508	0	NA	-0.298717227424458	0
ENSMUSG00000086765	Gm11827	1457438_at	NA	0.674281972181034	0.1	NA	-0.788072709658763	-0.1
ENSMUSG00000086774	Gm11915	1445635_at	NA	-0.793383976344694	-0.1	NA	-0.206066030360067	0
ENSMUSG00000086788	1700029M20Rik	1453154_at	NA	-1.69531730357474	-0.2	NA	-1.67377209497117	-0.1
ENSMUSG00000086796	4932702P03Rik	1431819_at	NA	0.0264021195376162	0	NA	0.406160931461778	0
ENSMUSG00000086800	4930556L07Rik	1432365_a_at	NA	0.293961752555578	0	NA	0.381564144774948	0
ENSMUSG00000086805	4932443L11Rik	1431814_at	NA	0.148560612654049	0	0.994351285443013	0.0108327573099145	0
ENSMUSG00000086824	4930448D08Rik	1453699_at	NA	-0.911101920162539	-0.1	NA	2.26096659662993e-05	0
ENSMUSG00000086827	4930461C15Rik	1453889_at	NA	-1.84040450763589	-0.2	0.0250004500781091	3.49673170003701	0.3
ENSMUSG00000086833	Gm12440	1459112_at	NA	-1.80758352996639	-0.2	NA	-2.05912739843428	-0.2
ENSMUSG00000086843	E030013I19Rik	1447490_at	NA	0.405228420550522	0.1	NA	-0.311667147305531	0
ENSMUSG00000086851	A430108G06Rik	1444137_at	NA	-0.819032378755214	-0.1	NA	-0.938400259845618	-0.1
ENSMUSG00000086866	4930512H18Rik	1458115_at	NA	-0.714940665582517	-0.1	NA	0.215402778794983	0
ENSMUSG00000086877	A230072C01Rik	1445380_at	NA	0.905129891439283	0.1	NA	0.0183215045504878	0
ENSMUSG00000086881	Gm13594	1454275_at	NA	-2.11948330459672	-0.3	NA	-0.0728561546224193	0
ENSMUSG00000086894	Gm15708	1440967_at	NA	0.0867011534758717	0	0.0585062715674598	2.74581128062362	0.3
ENSMUSG00000086909	Gm4926	1441000_at	NA	1.55453968698428	0.2	NA	-0.277338357031632	0
ENSMUSG00000086912	4930505O20Rik	1431934_at	NA	0.459048791990215	0	NA	0.616953744580303	0.1
ENSMUSG00000086918	4930429F24Rik	1453925_at	NA	-1.47282798424255	-0.2	NA	0.185612989663246	0
ENSMUSG00000086923	4930406D18Rik	1445661_at	NA	-1.52389427207824	-0.1	NA	0.225468005434838	0
ENSMUSG00000086930	Frs3os	1439277_at	NA	0.83796142632703	0.1	NA	-1.28940879538114	-0.1
ENSMUSG00000086933	4933426K07Rik	1430794_at	NA	-0.300383898296009	0	NA	-1.05066427934308	-0.1
ENSMUSG00000086938	4930481A15Rik	1436146_at	NA	0.768307676084521	0.1	NA	-1.41138439163979	-0.1
ENSMUSG00000086942	Gm15489	1459616_at	NA	-1.0025364609252	-0.2	NA	-0.596955764073712	-0.1
ENSMUSG00000086945	4930562A09Rik	1431661_at	NA	0.432596638211218	0.1	0.131588285132996	2.06695488547005	0.2
ENSMUSG00000086951	1700051A21Rik	1440520_a_at	NA	-0.400218970840115	-0.1	NA	-1.79443365090815	-0.1
ENSMUSG00000086953	Aknaos	1430207_at	NA	-0.300379417951443	0	NA	-1.46428852942889	-0.1
ENSMUSG00000086968	4933431E20Rik	1434497_at	NA	1.95903430432137	0.2	0.057441482969242	2.76092698041863	0.3
ENSMUSG00000086969	4930443O20Rik	1431481_at	NA	-1.24849876411313	-0.1	NA	-1.59318123377288	-0.2
ENSMUSG00000086992	Gm15941	1439730_at	NA	-0.326184601006973	0	NA	-2.15188543847607	-0.2
ENSMUSG00000086996	4933416E14Rik	1432922_at	NA	-1.07377174153845	-0.2	NA	-0.577143428545449	0
ENSMUSG00000086999	Bcas1os2	1454166_at	NA	0.223628892190959	0	NA	-1.56911389786163	-0.1
ENSMUSG00000087009	Nphs1os	1447291_at	NA	-0.7235566136196	-0.1	NA	0.365451513950023	0
ENSMUSG00000087013	2610027K06Rik	1444060_at	NA	1.80592509728108	0.2	0.518959239838386	-0.846991363858255	-0.1
ENSMUSG00000087014	Gm16364	1441647_at	NA	-0.911899928268859	-0.1	NA	-0.118644009357646	0
ENSMUSG00000087017	4930417H01Rik	1444782_at	NA	1.41066185479138	0.1	0.188453477681722	-1.76259164962059	-0.2
ENSMUSG00000087022	9130024F11Rik	1453245_at	NA	-0.132725766391779	0	NA	-0.29619847334374	0
ENSMUSG00000087029	Gm14133	1443190_at	NA	-0.722320731706152	-0.1	NA	-0.246860884137765	0
ENSMUSG00000087037	4930432L08Rik	1431998_at	NA	0.77952851247094	0.1	NA	-1.20089232628099	-0.1
ENSMUSG00000087038	2900079G21Rik	1453323_at	NA	1.02359176430756	0.2	NA	-1.34329769390696	-0.1
ENSMUSG00000087047	1700110K17Rik	1447744_s_at	NA	-0.898221941531092	-0.1	NA	-0.863679948210909	-0.1
ENSMUSG00000087060	Eldr	1439112_at	NA	0.710496159958563	0.1	NA	0.863031200261766	0.1
ENSMUSG00000087064	Sap30bpos	1459454_at	NA	0.0729608732251366	0	NA	-0.782162953892441	-0.1
ENSMUSG00000087066	Gm15518	1446696_at	NA	0.324290164154747	0	NA	-1.68009330292988	-0.1
ENSMUSG00000087075	Lbhd2	1442011_at	NA	-1.20880604991282	-0.1	NA	-1.09289590761292	-0.1
ENSMUSG00000087095	Emx2os	1456559_at	NA	-0.325687399542053	0	NA	-0.512133368330052	0
ENSMUSG00000087103	Gm13344	1458600_at	NA	-0.374537188809879	0	NA	-1.42342121274306	-0.1
ENSMUSG00000087107	AI662270	1434068_s_at	NA	2.65681952110334	0.3	NA	0.0712651596186439	0
ENSMUSG00000087122	4930403D09Rik	1441249_at	NA	-0.829351306496757	-0.1	0.176653691677908	1.81607665146792	0.2
ENSMUSG00000087129	Gm16316	1447457_at	NA	1.57734209579212	0.2	NA	-0.596356055085792	-0.1
ENSMUSG00000087137	4930509K18Rik	1431546_at	NA	0.666172944549991	0.1	NA	0.179190764478665	0
ENSMUSG00000087138	Gm15545	1456550_at	NA	0.608048253077169	0.1	NA	-0.836950649775469	-0.1
ENSMUSG00000087141	Plcxd2	1435462_at	NA	-1.3314735189427	-0.2	0.0528227910589879	-2.82419390132558	-0.3
ENSMUSG00000087143	A830082K12Rik	1419990_at	NA	-1.10780181933962	-0.1	NA	1.12730449030993	0.1
ENSMUSG00000087150	BC064078	1435069_at	NA	1.50143401653152	0.2	NA	1.97596500297242	0.2
ENSMUSG00000087165	2010001A14Rik	1441251_a_at	NA	0.472801043906226	0	NA	0.53305589947451	0
ENSMUSG00000087166	L1td1	1457314_at	NA	0.210771660008992	0	NA	-0.535887381992916	0
ENSMUSG00000087174	5530601H04Rik	1436347_a_at	NA	0.914541282633447	0.2	0.0184963664541319	3.75527164880744	0.4
ENSMUSG00000087177	E130307A14Rik	1434723_at	NA	-1.16988434476246	-0.2	NA	0.957847063417683	0.1
ENSMUSG00000087178	A230056P14Rik	1438965_x_at	NA	0.241191895869612	0	NA	0.664537970244101	0.1
ENSMUSG00000087185	Gm13872	1433095_at	NA	0.33773851906717	0	NA	-1.16201543888873	-0.1
ENSMUSG00000087192	4930412L05Rik	1432193_at	NA	0.919572460104249	0.2	NA	-0.799123406446723	-0.1
ENSMUSG00000087204	1700073E17Rik	1447611_at	NA	-0.716470260997223	-0.1	0.354865323570445	1.19977549510022	0.1
ENSMUSG00000087207	Gm13147	1456179_at	NA	-0.509694486823964	-0.1	NA	0.303054127589466	0
ENSMUSG00000087211	Lhx1os	1439232_at	NA	-0.879079910267585	-0.1	NA	-0.435783959002006	0
ENSMUSG00000087213	2810408I11Rik	1437549_at	NA	1.73993165362488	0.3	NA	-2.3382558396649	-0.2
ENSMUSG00000087221	BC037032	1444682_at	0.454215502995991	-1.02389283093276	-0.3	NA	0.249791074893205	0
ENSMUSG00000087222	E030042O20Rik	1446270_at	NA	-0.947570166798603	-0.1	0.976904821615357	-0.0451747386609518	0
ENSMUSG00000087230	Mroh3	1454233_at	NA	1.76805215872125	0.3	NA	-2.27218869087614	-0.2
ENSMUSG00000087231	E230016M11Rik	1444637_at	NA	1.31107700162911	0.1	NA	1.12995379884621	0.1
ENSMUSG00000087254	2310005A03Rik	1432093_at	NA	0.488639898250015	0.1	NA	0.450752503466641	0
ENSMUSG00000087259	2610035D17Rik	1453261_at	NA	1.7895582623391	0.2	NA	0.143950205203903	0
ENSMUSG00000087260	Lamtor5	1415759_a_at	NA	-0.0410920431701513	0	NA	1.72797994351528	0.1
ENSMUSG00000087264	Gad1os	1441383_at	NA	-1.0544175243825	-0.1	NA	-0.0121346092855608	0
ENSMUSG00000087267	4933427J07Rik	1432035_at	NA	-0.512734834785568	0	NA	-0.511347382023301	0
ENSMUSG00000087289	4933424M12Rik	1430218_at	NA	-0.582586000639277	-0.1	NA	0.197298119057487	0
ENSMUSG00000087290	Gm15866	1442392_at	NA	1.15616693786888	0.2	NA	-0.342400121857552	0
ENSMUSG00000087301	Gm13629	1429922_at	NA	-1.2346706878608	-0.2	0.167218469903268	-1.8642424373368	-0.2
ENSMUSG00000087302	Sox5os1	1432009_at	NA	-0.699757844689485	-0.1	NA	-1.36969782701133	-0.1
ENSMUSG00000087305	A430035B10Rik	1429068_at	NA	0.984117891157074	0.1	NA	-2.28867334463916	-0.2
ENSMUSG00000087317	4930466I24Rik	1432889_at	NA	-2.02680726239939	-0.4	NA	0.976442414587314	0.1
ENSMUSG00000087331	1810021B22Rik	1442204_at	NA	0.313843235419674	0	NA	-0.7325346980241	-0.1
ENSMUSG00000087334	AW495222	1444259_at	NA	-1.57499163947904	-0.2	NA	1.37832401882289	0.1
ENSMUSG00000087335	4930526F13Rik	1431976_at	NA	-0.100178068407539	0	NA	0.198152739081857	0
ENSMUSG00000087341	0610040F04Rik	1442672_at	NA	0.331184510031039	0	NA	-1.43840726118782	-0.1
ENSMUSG00000087355	Gm13187	1457414_at	NA	-0.187560640623801	0	NA	0.956318402406613	0.1
ENSMUSG00000087356	Gm13856	1431941_at	NA	-1.51344893519973	-0.2	NA	-1.18899326496384	-0.1
ENSMUSG00000087358	4930453H23Rik	1431955_at	NA	-0.383564736654341	0	NA	-1.02359499854442	-0.1
ENSMUSG00000087364	Gm13398	1443217_at	NA	0.470806475603859	0.1	NA	0.600216394360486	0
ENSMUSG00000087366	Junos	1456929_at	NA	1.32931832272365	0.3	NA	-1.55930947798121	-0.1
ENSMUSG00000087370	Tmem170b	1434556_at	0.260285760856253	1.69534189917321	0.3	0.307068334986075	-1.32761287167984	-0.2
ENSMUSG00000087377	AV099323	1447802_x_at	NA	-0.108641757892703	0	NA	-0.318372730681322	0
ENSMUSG00000087382	Ctcflos	1430377_at	NA	-0.150981273131194	0	NA	-0.839226117866756	-0.1
ENSMUSG00000087383	Gm12446	1458880_at	0.502166489903857	0.89325296751417	0.2	0.172126618230516	-1.8411195078699	-0.2
ENSMUSG00000087385	Frg2f1	1439499_at	NA	0.090784802980542	0	NA	-0.380799626726743	0
ENSMUSG00000087396	4933407K13Rik	1453417_at	NA	-0.502240716405731	-0.1	0.825128687432712	-0.304711611941636	0
ENSMUSG00000087403	Kantr	1428499_at	NA	1.05483688312288	0.2	NA	0.397893914390524	0
ENSMUSG00000087406	E130215H24Rik	1458419_at	NA	0.463258834788536	0.1	NA	0.760754564110951	0.1
ENSMUSG00000087410	2310065F04Rik	1453657_at	NA	0.894049302657921	0.1	NA	0.464093357902924	0
ENSMUSG00000087413	Gm11266	1457227_at	NA	-0.494494295403095	-0.1	NA	0.831846256254643	0.1
ENSMUSG00000087434	Rab11fip4os1	1446370_at	NA	-1.16981205232429	-0.2	NA	-0.730136469253246	-0.1
ENSMUSG00000087437	Gm13112	1439280_at	NA	-0.430283090937288	0	NA	-1.11816552664589	-0.1
ENSMUSG00000087440	4930577N17Rik	1431051_at	NA	0.689812734914217	0.1	NA	-0.126550190016158	0
ENSMUSG00000087443	Ppp1r18os	1430894_at	NA	0.330404709005279	0	NA	-1.84750456224981	-0.1
ENSMUSG00000087455	5330411J11Rik	1430262_at	NA	0.205193338833523	0	NA	-1.98102452133192	-0.2
ENSMUSG00000087459	Csmd2os	1432537_at	NA	-1.15986962412359	-0.1	NA	0.261259700157677	0
ENSMUSG00000087461	C230014O12Rik	1459610_at	NA	-1.47342114853098	-0.2	0.07746644642331	-2.5196827910938	-0.2
ENSMUSG00000087476	Rap1gapos	1443765_at	0.686270532107938	-0.512686399337251	-0.1	NA	-0.370451614486151	0
ENSMUSG00000087478	4930506C21Rik	1453719_at	NA	1.33338773113744	0.2	NA	-1.53885377387581	-0.1
ENSMUSG00000087487	Ppp2r2cos	1454101_at	NA	-1.38896657799755	-0.2	NA	0.929919591609533	0.1
ENSMUSG00000087495	Gm14152	1431620_at	NA	-1.02766151643954	-0.1	NA	0.505519092453829	0
ENSMUSG00000087497	2810001G20Rik	1455170_at	NA	1.72410041409017	0.2	NA	-1.13655061822799	-0.1
ENSMUSG00000087512	Ccdc201	1440556_at	NA	1.04655525320518	0.1	NA	0.872979665739816	0.1
ENSMUSG00000087519	AV039307	1430325_at	NA	-2.26871079571334	-0.2	NA	-0.133046036484187	0
ENSMUSG00000087530	Gm15533	1446300_at	NA	0.467279698270936	0.1	NA	0.526081931672667	0
ENSMUSG00000087532	Gm15938	1459607_at	NA	-0.900716421580748	-0.2	NA	0.494155439606389	0
ENSMUSG00000087553	5730412P04Rik	1454134_at	NA	0.399792392513469	0	0.468538072233005	-0.94926166182792	-0.1
ENSMUSG00000087579	Hectd2os	1438596_at	NA	0.722428981969139	0.1	NA	-0.861020147576098	-0.1
ENSMUSG00000087589	D430040D24Rik	1444773_at	NA	0.170061035586264	0	NA	-1.47705961345411	-0.1
ENSMUSG00000087604	Cdrt4os1	1432279_at	NA	0.638874540206735	0.1	NA	0.455661020441512	0
ENSMUSG00000087606	Gm16121	1458266_at	NA	-1.18261173260565	-0.2	NA	-2.89547809739045	-0.2
ENSMUSG00000087611	4930458D05Rik	1453488_at	NA	0.180018137592914	0	NA	0.187282837782831	0
ENSMUSG00000087613	Gm13855	1442633_at	NA	0.499498615789164	0.1	0.0673225027024709	-2.62385535301962	-0.3
ENSMUSG00000087620	5330434G04Rik	1458949_at	NA	-0.279363314073968	0	NA	0.218701537450732	0
ENSMUSG00000087621	1700003G18Rik	1431414_at	NA	1.59526163218723	0.2	NA	-0.741336582242669	-0.1
ENSMUSG00000087625	4930419G24Rik	1432343_at	NA	1.07323764472909	0.1	NA	-1.97900994140117	-0.1
ENSMUSG00000087626	Gm15050	1441070_at	NA	2.84830680441866	0.3	0.00476513650935862	5.0267831181198	0.4
ENSMUSG00000087648	E130018N17Rik	1432166_at	NA	-0.548928595566655	-0.1	0.146078718479991	-1.9719071003901	-0.2
ENSMUSG00000087651	1500009L16Rik	1442649_at	NA	-0.352041828165796	-0.1	NA	0.269909571130992	0
ENSMUSG00000087652	Gm15918	1446523_at	NA	0.228047770279759	0	NA	1.08722707904486	0.1
ENSMUSG00000087670	9530036M11Rik	1454146_at	NA	-0.44460388573398	-0.1	0.132150629626307	-2.06335494908623	-0.2
ENSMUSG00000087672	Gm15122	1444536_at	NA	-0.809973535988051	-0.1	NA	0.120138425734084	0
ENSMUSG00000087674	4930447M23Rik	1441936_x_at	NA	-0.885746992042566	-0.1	NA	-0.659959413103022	0
ENSMUSG00000087684	1200007C13Rik	1431837_at	NA	0.204623760008383	0	NA	0.0425878124624452	0
ENSMUSG00000087694	A530058N18Rik	1443313_at	NA	-0.695630115276822	-0.1	NA	-2.0937013855664	-0.2
ENSMUSG00000087938	Gm26049	1430059_at	NA	-1.81055995369245	-0.2	NA	1.15608725619461	0.1
ENSMUSG00000088139	Gm27343	1442366_at	NA	1.46661113360405	0.2	NA	-0.468789003088422	0
ENSMUSG00000088181	Gm22217	1445876_at	0.206574855381944	-1.94921264913898	-0.5	NA	-0.671997088638547	-0.1
ENSMUSG00000088442	Gm23553	1459361_at	NA	-0.879555560864807	-0.1	NA	-0.434728496381698	0
ENSMUSG00000088493	Gm24401	1458721_at	NA	-0.199193331043723	0	NA	1.15378857528658	0.1
ENSMUSG00000089214	Mir1931	1446130_at	NA	-0.0334849481961178	0	NA	-1.80103762388642	-0.2
ENSMUSG00000089417	Gm22009	1446959_at	NA	1.09361636419562	0.2	NA	0.0807134526889136	0
ENSMUSG00000089633	A230009B12Rik	1456556_at	NA	-0.440575211015897	-0.1	NA	-2.43715485439573	-0.2
ENSMUSG00000089665	Fcor	1439834_at	NA	-1.95331735481519	-0.2	NA	0.227177965471644	0
ENSMUSG00000089678	Agxt2	1435838_at	NA	-0.858335463552652	-0.1	NA	-0.68905663081125	0
ENSMUSG00000089706	B230216N24Rik	1453334_at	NA	-0.26556383720657	0	0.121244241908954	-2.13851653911476	-0.2
ENSMUSG00000089707	Slain1os	1430948_at	NA	-0.645972994595486	-0.1	NA	0.00406577259736676	0
ENSMUSG00000089708	5330439A09Rik	1431610_at	NA	0.00163835939274165	0	NA	0.36918059141168	0
ENSMUSG00000089712	Gm15889	1445349_at	NA	0.602137878531035	0.1	NA	0.530971033846367	0
ENSMUSG00000089715	Cbx6	1429290_at	0.00487549027908937	7.24149569385025	0.8	0.765950161292661	-0.404343148233758	0
ENSMUSG00000089717	Olfr275	1432223_at	NA	-2.14338544181967	-0.2	NA	-1.12568396242859	-0.1
ENSMUSG00000089726	Mir17hg	1428694_at	NA	0.0436564584192318	0	0.0627924871444937	2.68562382872346	0.3
ENSMUSG00000089743	Gm16226	1440410_at	NA	0.357134485278333	0.1	NA	-0.123701829216781	0
ENSMUSG00000089745	1810008B01Rik	1431443_at	NA	-1.34755274627434	-0.3	NA	-1.37277881177412	-0.1
ENSMUSG00000089759	3632454L22Rik	1440079_at	NA	0.445475778802851	0.1	0.163134601219947	-1.88680781537087	-0.2
ENSMUSG00000089762	Ier5l	1455881_at	NA	1.2056423037504	0.2	NA	-1.06817530551083	-0.1
ENSMUSG00000089774	Slc5a3	1435484_at	0.0685072121279281	3.07363995226191	0.9	0.126665458477926	2.09925175078734	0.3
ENSMUSG00000089809	Rasgef1b	1459349_at	NA	1.06762423176842	0.1	NA	-0.273453600185475	0
ENSMUSG00000089812	Gm15867	1439888_at	0.045382479406449	3.50322721945416	0.7	NA	-0.622232317832785	-0.1
ENSMUSG00000089815	Gm5083	1440436_at	NA	-1.20793507018824	-0.2	NA	-0.0350627672064331	0
ENSMUSG00000089824	Rbm12	1456964_at	NA	1.58449761358419	0.2	NA	-0.574194301423549	0
ENSMUSG00000089827	1700023H06Rik	1431623_at	NA	-0.40208792835072	0	NA	-0.377477578590131	0
ENSMUSG00000089840	Gm4491	1441533_at	NA	-0.237305106834504	0	NA	-0.192897245670375	0
ENSMUSG00000089857	Zfp882	1443640_at	NA	-0.640261742923989	-0.1	NA	-1.069366271079	-0.1
ENSMUSG00000089862	Umad1	1428603_at	0.499683588989371	0.90161004114488	0.3	NA	1.18310127312512	0.1
ENSMUSG00000089876	Tmem102	1453318_at	NA	0.707736393783851	0.1	NA	-0.992473939838079	-0.1
ENSMUSG00000089887	4930428N03Rik	1454226_at	NA	-0.132036710283316	0	NA	-2.46921912314166	-0.2
ENSMUSG00000089889	0610040B10Rik	1456161_at	NA	-1.70585386034576	-0.2	0.168005739522018	1.8605674040088	0.2
ENSMUSG00000089890	Gm16055	1445356_at	NA	0.832757721266571	0.1	NA	-1.79134562689999	-0.1
ENSMUSG00000089900	Tbc1d22bos	1431583_at	NA	0.474656653593379	0.1	NA	-0.0923343937586333	0
ENSMUSG00000089940	Gm4117	1445175_at	NA	2.07062865727343	0.3	NA	-0.407229665672551	0
ENSMUSG00000089952	4933413C19Rik	1431853_at	NA	-1.25844835839404	-0.2	NA	-0.734625822988719	-0.1
ENSMUSG00000089968	Nckap5los	1431964_at	NA	-1.88114816191077	-0.3	NA	-2.16841372429971	-0.2
ENSMUSG00000089983	2010320O07Rik	1441288_at	NA	-0.610990931471433	-0.1	NA	-1.12558213573101	-0.1
ENSMUSG00000089984	Fbxo24	1431864_at	NA	1.51272662402464	0.2	NA	-0.00845633408033652	0
ENSMUSG00000090031	4732440D04Rik	1436282_at	NA	0.148753464890394	0	NA	-0.223113167966581	0
ENSMUSG00000090053	Pakap	1459377_at	NA	1.15439905494617	0.1	NA	-0.757152077947208	-0.1
ENSMUSG00000090061	Nwd2	1460482_at	0.514627381403288	0.865016400092209	0.2	NA	1.44355509768899	0.1
ENSMUSG00000090063	Dlx6os1	1438799_at	NA	-0.413801671982191	0	NA	-0.421979059749164	0
ENSMUSG00000090066	1110002E22Rik	1447870_x_at	0.045699802187643	-3.48997563682776	-0.6	NA	-0.601213467257466	-0.1
ENSMUSG00000090069	E430024P14Rik	1457919_at	NA	0.491092544251194	0.1	NA	-0.660202601019524	0
ENSMUSG00000090086	AI480526	1435711_at	NA	1.33658854370339	0.2	NA	-1.00681089784001	-0.1
ENSMUSG00000090100	Ttbk2	1428371_at	NA	1.48752376134324	0.2	NA	-1.83649526359654	-0.2
ENSMUSG00000090112	Shprh	1440994_at	NA	0.205064887239481	0	NA	-0.29341607449424	0
ENSMUSG00000090146	4930405H06Rik	1432487_at	NA	0.24526106978758	0	NA	0.00311231644038745	0
ENSMUSG00000090160	4930480K15Rik	1431858_at	NA	0.403191007829647	0	NA	-0.826173281338642	-0.1
ENSMUSG00000090164	BC035044	1434929_at	NA	-0.423628764790002	-0.1	NA	-0.84231513210107	-0.1
ENSMUSG00000090173	Fbxw10	1437135_at	NA	0.882320456357085	0.1	NA	0.274604636835751	0
ENSMUSG00000090185	Gm15523	1436259_at	NA	-1.07749187768221	-0.2	NA	-1.05409535396339	-0.1
ENSMUSG00000090202	4930503B20Rik	1431184_a_at	NA	-0.687356178416976	-0.1	NA	1.09882688640904	0.1
ENSMUSG00000090203	AU015336	1442486_at	NA	1.24904137044193	0.2	0.07960749001026	-2.49863026930941	-0.2
ENSMUSG00000090206	Tepp	1432536_at	0.161781868851813	-2.18354567179589	-0.6	NA	-0.578786294571871	0
ENSMUSG00000090207	4930524O07Rik	1432348_at	NA	-0.573400975631631	-0.1	NA	-1.10766892458862	-0.1
ENSMUSG00000090210	Itga10	1440235_at	NA	-0.347930079764926	0	NA	-0.0297421933004302	0
ENSMUSG00000090220	Pitpnm2os1	1431992_at	NA	0.114369049233171	0	NA	-1.4279175801887	-0.1
ENSMUSG00000090225	Gm11559	1430703_at	NA	-0.273212381544671	0	NA	-1.76639382471931	-0.2
ENSMUSG00000090254	Gm1965	1455856_at	NA	-1.37051480491767	-0.2	NA	-0.71565106423861	-0.1
ENSMUSG00000090255	4921534H16Rik	1432095_at	NA	-0.334205006114844	0	NA	-0.179233442532996	0
ENSMUSG00000090258	Churc1	1446402_at	NA	-1.38117239769802	-0.2	NA	-0.858465787273861	-0.1
ENSMUSG00000090263	D730045A05Rik	1432168_at	NA	-2.60054566976059	-0.3	NA	-2.35879841294089	-0.2
ENSMUSG00000090273	Prr22	1438595_at	NA	1.24999285547425	0.2	NA	0.138165960034402	0
ENSMUSG00000090291	Lrrc10b	1457132_at	NA	-1.22893347073477	-0.2	NA	-0.854790050853948	-0.1
ENSMUSG00000090306	Adh6-ps1	1431817_at	NA	-1.61314444847005	-0.2	NA	0.0106098464376219	0
ENSMUSG00000090386	Mir99ahg	1431424_at	NA	3.78845404729833	0.4	NA	-0.882551105647656	-0.1
ENSMUSG00000090394	4930523C07Rik	1437900_at	NA	1.48785971440518	0.2	NA	2.43480536678522	0.2
ENSMUSG00000090439	Gm17455	1439667_at	NA	-1.57564410294435	-0.2	NA	-1.67617366930704	-0.1
ENSMUSG00000090457	4930571K23Rik	1430063_at	NA	1.9810120380115	0.3	NA	-0.719126421033563	-0.1
ENSMUSG00000090470	Prr23a3	1429818_at	NA	1.6619487324382	0.2	NA	-1.52205344103413	-0.1
ENSMUSG00000090622	A930033H14Rik	1459145_at	NA	0.565793396130023	0.1	NA	2.51880893011616	0.2
ENSMUSG00000090629	Olfr180	1432178_at	NA	-0.269330323154752	0	NA	0.0115085894114235	0
ENSMUSG00000090641	Zfp712	1430212_at	NA	-0.226338900236225	0	NA	-0.910594267133304	-0.1
ENSMUSG00000090659	Zfp493	1439869_at	NA	1.30476379428157	0.1	NA	-0.974091335500641	-0.1
ENSMUSG00000090667	Gm765	1443268_at	NA	0.132282846243277	0	0.624433254415749	0.652970650529947	0.1
ENSMUSG00000090698	Apold1	1441228_at	NA	0.068824004247129	0	NA	-1.70643008644589	-0.1
ENSMUSG00000090779	Gm17110	1445413_at	NA	-0.739313105417456	-0.1	0.904600934828236	-0.171115291133654	0
ENSMUSG00000090799	Klhl33	1439143_at	NA	-0.696458591927953	-0.1	0.136920280744881	2.03045573886164	0.2
ENSMUSG00000090863	A530084C06Rik	1445572_at	NA	-1.3657049157006	-0.2	NA	-0.338213990709488	0
ENSMUSG00000090891	D6Ertd527e	1433484_at	NA	1.30249014791378	0.2	0.984655373955776	0.0309378828405791	0
ENSMUSG00000090919	Pabpc4l	1438455_at	NA	1.9329820749864	0.2	NA	-0.136568785870243	0
ENSMUSG00000090925	1810064F22Rik	1442448_at	NA	-0.17887628833615	0	NA	0.205185261805364	0
ENSMUSG00000090946	Ccdc71l	1429100_at	NA	2.03575396060976	0.3	NA	1.43277600340343	0.1
ENSMUSG00000091002	Tcerg1l	1457133_at	NA	0.402304995164753	0	NA	-0.895393229846622	-0.1
ENSMUSG00000091017	Fam71a	1438587_at	NA	-1.19352595052788	-0.1	NA	0.964450687321484	0.1
ENSMUSG00000091037	Gm17661	1445621_at	NA	0.240070008604134	0	NA	-0.75486925819808	-0.1
ENSMUSG00000091061	4930445B16Rik	1432265_at	NA	-1.05385580583044	-0.1	NA	1.90578761634102	0.1
ENSMUSG00000091133	Gm17108	1453759_at	NA	-0.827067146681791	-0.1	NA	-1.28806708103649	-0.1
ENSMUSG00000091154	Proscos	1430477_s_at	NA	-1.96875050970746	-0.4	NA	0.802838880533006	0.1
ENSMUSG00000091175	S100a7l2	1445608_at	NA	-1.89445645309085	-0.2	NA	-0.889001993938083	-0.1
ENSMUSG00000091183	Gm5141	1443441_x_at	NA	-1.32515951704357	-0.2	NA	0.424657462894466	0
ENSMUSG00000091199	Gm2619	1444962_at	NA	0.233166925867017	0	NA	-0.547819811594134	0
ENSMUSG00000091212	Krtap11-1	1439100_s_at	NA	0.773817609095003	0.1	NA	-0.0872062372360817	0
ENSMUSG00000091243	Vgll3	1453593_at	0.859482796667393	-0.236591198693029	-0.1	0.00493255847987658	4.99866317832901	0.8
ENSMUSG00000091264	Smim13	1433986_at	0.287304418699081	1.58013467454505	0.3	0.122948757575312	2.12776512512503	0.3
ENSMUSG00000091304	Speer6-ps1	1431643_at	NA	0.920092816495999	0.1	NA	-0.671587998101575	-0.1
ENSMUSG00000091358	Speer5-ps1	1430008_x_at	NA	0.221179548252894	0	NA	0.311403876833151	0
ENSMUSG00000091396	Spanxn4	1438384_at	NA	-0.811902360387222	-0.1	NA	-0.766729861438172	-0.1
ENSMUSG00000091474	2610021A01Rik	1435891_x_at	NA	-0.408923785335943	0	NA	-0.0190598539756171	0
ENSMUSG00000091475	Cerox1	1452980_at	NA	3.11880750209924	0.5	NA	-0.533221469633456	0
ENSMUSG00000091476	Catspere2	1440296_at	NA	-0.141339625509497	0	NA	-1.42124214171109	-0.1
ENSMUSG00000091523	AU040972	1443946_s_at	NA	-0.795303941317437	-0.1	NA	-1.51930931349016	-0.1
ENSMUSG00000091558	Gm17227	1444303_at	NA	-2.28935512490933	-0.3	NA	-1.15575006231712	-0.1
ENSMUSG00000091618	H60c	1460463_at	NA	0.377351362687896	0	NA	-0.447437214750217	0
ENSMUSG00000091636	Akain1	1441166_at	NA	-0.0916979504921815	0	NA	-0.478480947348017	0
ENSMUSG00000091679	Vmn2r96	1438124_at	NA	-1.27164711828069	-0.1	NA	-1.26669405792171	-0.1
ENSMUSG00000091694	Apol11b	1457307_at	NA	0.749524598796002	0.1	NA	0.681468786338282	0
ENSMUSG00000091709	Gm17189	1454071_at	NA	-0.243901352752993	0	NA	-0.543933191112342	0
ENSMUSG00000091712	Sec14l5	1441636_at	NA	0.838326307998087	0.2	NA	1.03907868661251	0.1
ENSMUSG00000091735	Gpr62	1442138_at	NA	0.982420200804929	0.1	NA	-0.947141458699167	-0.1
ENSMUSG00000091811	Inafm1	1455135_at	NA	-0.22573339932162	0	0.574354383160313	0.744364560182829	0.1
ENSMUSG00000091896	Ube2d2a	1445885_at	NA	0.167489479839669	0	NA	1.01728941239049	0.1
ENSMUSG00000091906	1700099I09Rik	1441817_at	NA	-0.0825252777059113	0	NA	0.96602509265643	0.1
ENSMUSG00000091947	6530401F13Rik	1432310_at	NA	-3.04166154500134	-0.3	NA	-1.01004397808817	-0.1
ENSMUSG00000091972	Tmem207	1445371_at	NA	-0.656254599601752	-0.1	NA	-0.825469986830387	-0.1
ENSMUSG00000091994	E130317F20Rik	1444729_at	NA	1.15704650503228	0.1	NA	-1.66124835012427	-0.1
ENSMUSG00000092051	Gm17229	1432251_at	NA	0.13803316295279	0	NA	-0.315704094931998	0
ENSMUSG00000092060	Bend4	1439523_at	NA	-0.219149623134213	0	NA	-0.920785616534172	-0.1
ENSMUSG00000092066	1700121N20Rik	1432340_at	NA	0.299022980633614	0	NA	-1.27974950726095	-0.1
ENSMUSG00000092075	Serpina4-ps1	1444296_a_at	NA	0.749803678417019	0.1	NA	0.31140348865556	0
ENSMUSG00000092171	4833427F10Rik	1432063_at	NA	1.26416230636034	0.1	NA	-1.04232855076406	-0.1
ENSMUSG00000092183	4930515G01Rik	1438869_at	NA	-1.04225091678071	-0.1	NA	-1.19777900512777	-0.1
ENSMUSG00000092210	A930009A15Rik	1453398_at	NA	-0.0639907669783751	0	NA	-0.0550782622449186	0
ENSMUSG00000092216	Gm19345	1441120_at	NA	-1.19311055763208	-0.2	NA	0.298054268109191	0
ENSMUSG00000092225	Gm2381	1443052_at	NA	-1.69165046716942	-0.3	NA	-0.249117742453004	0
ENSMUSG00000092242	Gm20515	1440714_at	NA	-0.479330377178042	-0.1	NA	-1.96900049821481	-0.2
ENSMUSG00000092274	Neat1	1442881_at	NA	0.040341017658642	0	NA	-1.26071070221114	-0.1
ENSMUSG00000092276	1700116B05Rik	1432563_at	NA	-0.236394705054007	0	NA	-2.14735593135455	-0.2
ENSMUSG00000092300	Cdk3	1460472_at	NA	0.0448982944432771	0	NA	-0.962304078903439	-0.1
ENSMUSG00000092305	Prps1l1	1453203_at	NA	-3.07097790242111	-0.3	NA	0.894116244887246	0.1
ENSMUSG00000092341	Malat1	1436202_at	NA	1.27858775983308	0.2	NA	2.77624955027476	0.2
ENSMUSG00000092354	Gm20548	1459287_at	NA	-1.87160651355579	-0.2	NA	0.0437209250529282	0
ENSMUSG00000092397	C130080G10Rik	1443470_at	NA	-1.02420116778208	-0.2	NA	0.0155839429693504	0
ENSMUSG00000092399	4930556N13Rik	1432364_at	NA	1.80678867501546	0.2	NA	-2.91600540825522	-0.2
ENSMUSG00000092416	Zfp141	1454885_at	NA	0.962824965405847	0.1	NA	1.01134633081816	0.1
ENSMUSG00000092469	Gm20395	1445000_at	NA	-2.50985320996305	-0.3	NA	-0.823029404827183	-0.1
ENSMUSG00000092492	B230208B08Rik	1446321_at	NA	-0.00569245126617792	0	NA	0.108293532405242	0
ENSMUSG00000092503	Gm20484	1458356_at	NA	-1.20521874528784	-0.2	NA	-1.18917753859057	-0.1
ENSMUSG00000092515	C87198	1447358_at	NA	0.340052009724677	0	NA	-0.854442809651232	-0.1
ENSMUSG00000092519	Actl9	1453546_at	NA	-0.0674883279441643	0	NA	-0.740250672449973	-0.1
ENSMUSG00000092522	Gm20389	1453337_at	NA	-0.938109754668489	-0.1	NA	-0.991211978333439	-0.1
ENSMUSG00000092545	Gm20319	1457601_at	NA	-0.584289687950293	-0.1	NA	1.02084804790954	0.1
ENSMUSG00000092570	Plut	1453403_at	NA	0.620215040791653	0.1	NA	1.78509936160525	0.1
ENSMUSG00000092578	4930488B22Rik	1431550_at	NA	-0.0265920668694562	0	NA	-0.367163510241939	0
ENSMUSG00000092618	Btnl6	1429277_at	NA	-0.342717216098826	0	NA	0.0743285445140891	0
ENSMUSG00000092622	Khdc3	1429377_at	NA	-0.445839280226299	-0.1	NA	-0.634755204847856	-0.1
ENSMUSG00000092626	9130230N09Rik	1437980_at	NA	-0.690496847817902	-0.1	NA	0.080856236812176	0
ENSMUSG00000092876	Gm25641	1447281_at	0.269775302194621	-1.65458411044771	-0.4	NA	0.10132214210722	0
ENSMUSG00000092928	Gm24563	1444359_at	NA	-0.0373325148959151	0	0.176653691677908	1.81626074336342	0.2
ENSMUSG00000093124	Gm24366	1448079_at	NA	-0.540304782018627	-0.1	NA	0.739991089989837	0.1
ENSMUSG00000093383	Gm20642	1457507_at	NA	1.48805233521893	0.2	NA	2.17964775811304	0.2
ENSMUSG00000093452	Zfhx2os	1446215_at	NA	0.66734766288832	0.1	NA	2.33436241460476	0.2
ENSMUSG00000093460	Six3os1	1431168_at	NA	0.350718107904674	0.1	NA	0.500329525578073	0
ENSMUSG00000093536	Smim17	1459717_at	NA	0.132598327316152	0	NA	-0.410044358456609	0
ENSMUSG00000093540	4930505M18Rik	1453835_at	NA	-0.815617678517651	-0.1	NA	0.165637146359064	0
ENSMUSG00000093568	Gm20611	1446251_at	NA	-1.19170732359724	-0.2	NA	0.227117182153411	0
ENSMUSG00000093577	Gm20632	1438815_at	NA	0.37845827652507	0	0.0910025677635334	2.38800617504715	0.3
ENSMUSG00000093606	B130034C11Rik	1442403_at	NA	-1.21738774372348	-0.2	NA	-1.01146170956319	-0.1
ENSMUSG00000093617	4933438K21Rik	1430441_at	NA	-1.17437164424587	-0.1	NA	-3.19232778313274	-0.2
ENSMUSG00000093628	Gm20616	1459129_at	NA	0.625192350720411	0.1	NA	-0.141599660621026	0
ENSMUSG00000093668	Pou5f2	1453420_at	NA	1.09636623432941	0.1	NA	0.121335491402564	0
ENSMUSG00000093726	Gm20667	1445298_at	NA	0.767185139595912	0.1	0.250472128625415	1.51425298129398	0.2
ENSMUSG00000093738	AI606473	1456935_at	NA	1.35569721171888	0.2	NA	-0.657543932748411	-0.1
ENSMUSG00000093789	Methig1	1447356_at	NA	-0.495263803027563	0	NA	2.20116207450735	0.2
ENSMUSG00000093858	Gm19967	1459494_at	NA	-0.720942537330521	-0.1	NA	-0.0928033651220152	0
ENSMUSG00000093867	Gsdmcl2	1432930_at	NA	-0.0715435083731207	0	NA	-0.384310446318797	0
ENSMUSG00000093904	Tomm20	1435187_at	NA	1.44544044596683	0.2	0.0626335066743193	2.68920517784319	0.3
ENSMUSG00000093910	Zfp853	1447921_at	NA	0.842487939503823	0.1	NA	-0.374920496188368	0
ENSMUSG00000093930	Hmgcs1	1441536_at	NA	1.53391503562423	0.2	NA	2.30380210582029	0.2
ENSMUSG00000093989	Rnasek	1442441_at	NA	-0.352136237444449	-0.1	NA	0.412322354096552	0
ENSMUSG00000094002	Gm9866	1447168_at	NA	0.68125607122944	0.1	NA	-0.869787679322068	-0.1
ENSMUSG00000094152	Slc6a16	1447186_at	NA	-1.34027861221669	-0.2	NA	-0.779706034483553	-0.1
ENSMUSG00000094220	Trav6-3	1441286_at	NA	-0.976412089404936	-0.2	NA	-2.54480944693843	-0.2
ENSMUSG00000094311	Rfpl4b	1440276_at	NA	-1.05035924597011	-0.1	NA	1.07780821204606	0.1
ENSMUSG00000094447	9430069I07Rik	1431672_at	NA	-0.743473274904965	-0.1	NA	-0.981174165120412	-0.1
ENSMUSG00000094483	Purb	1428254_at	0.101788861894951	2.65141582433794	0.8	0.0525206229346059	-2.82907408680864	-0.3
ENSMUSG00000094584	Ms4a18	1431521_at	NA	0.0720727968540243	0	0.857935761450726	0.252124341677447	0
ENSMUSG00000094690	1600014C23Rik	1453963_at	NA	-0.369351977359883	0	NA	-1.67440984071748	-0.1
ENSMUSG00000094724	Rnaset2b	1431785_at	NA	-3.00747920790927	-0.3	NA	-0.684380753825338	-0.1
ENSMUSG00000094928	1700122O11Rik	1432496_at	NA	0.0100329662032181	0	NA	-1.65813124252571	-0.2
ENSMUSG00000094942	Gm3604	1446942_at	NA	-1.04929667274902	-0.1	NA	-0.149049227709556	0
ENSMUSG00000094958	3110021N24Rik	1453764_at	NA	0.402105945038326	0	NA	0.807622157608396	0.1
ENSMUSG00000095026	Gm3336	1432363_at	NA	0.235837864571265	0	NA	-0.673223402964634	-0.1
ENSMUSG00000095098	Ccdc85b	1435589_at	0.0288981548911088	3.9972580793098	0.5	0.166202560670638	1.86889724945249	0.3
ENSMUSG00000095105	Edaradd	1440162_x_at	0.947896945101002	-0.0882866879301844	0	NA	-0.444550564184913	0
ENSMUSG00000095115	Itpripl2	1435777_at	0.104572777896859	2.62375958260705	0.7	0.597750886898953	0.704154769337873	0.1
ENSMUSG00000095127	Ighv1-82	1432520_at	NA	-0.230748427557661	0	NA	0.349645260290983	0
ENSMUSG00000095253	Zfp799	1437873_at	0.479810277859395	0.951676637359455	0.3	NA	1.10144335886165	0.1
ENSMUSG00000095325	Zfp870	1455621_at	NA	0.241077822046668	0	NA	1.16726559250887	0.1
ENSMUSG00000095385	D630033O11Rik	1443458_at	NA	1.50354698435595	0.2	NA	0.0570655477722708	0
ENSMUSG00000095407	Tmem200c	1440232_at	NA	-0.0533348357365048	0	NA	-0.474706910721521	0
ENSMUSG00000095432	Zfp748	1456324_at	NA	0.851319081581944	0.2	NA	-0.842503532442865	-0.1
ENSMUSG00000095493	A630023A22Rik	1455536_at	NA	1.1592805332578	0.2	NA	-0.617599810809322	0
ENSMUSG00000095789	Nupr1l	1429551_at	NA	2.11101714703596	0.4	NA	1.39951319266728	0.1
ENSMUSG00000095798	Gm26298	1432964_at	NA	0.198623178165423	0	0.996340563824337	-0.00529056020011636	0
ENSMUSG00000095930	Nim1k	1434297_at	NA	-0.893357672923964	-0.1	NA	-1.53349350635927	-0.1
ENSMUSG00000095956	1700036A12Rik	1431918_at	NA	1.35530248052539	0.2	NA	-0.71121041093049	-0.1
ENSMUSG00000095992	Krtap22-2	1458467_at	NA	0.253309947518887	0	NA	0.404249584772412	0
ENSMUSG00000096014	Sox1	1438729_at	NA	1.07370993673628	0.1	NA	-0.946669363939882	-0.1
ENSMUSG00000096054	Syne1	1455225_at	NA	-0.341516117340803	0	NA	-0.260819799902842	0
ENSMUSG00000096140	Ankrd66	1440451_at	NA	-1.22572467116178	-0.1	NA	-0.478991423414519	0
ENSMUSG00000096141	Dnah7a	1440456_at	NA	0.49437411239893	0.1	NA	-2.62775744927631	-0.2
ENSMUSG00000096146	Kcnj11	1455417_at	NA	1.26252642644901	0.2	NA	-1.18959936135966	-0.1
ENSMUSG00000096188	Cmtm4	1434337_at	NA	1.90299653277659	0.2	NA	0.787652911013386	0.1
ENSMUSG00000096221	1500002C15Rik	1453834_at	NA	-0.899156862487289	-0.1	NA	1.45499420022771	0.1
ENSMUSG00000096370	Gm21992	1443033_at	NA	0.0844467844987955	0	NA	0.428163502257799	0
ENSMUSG00000096405	4930474N05Rik	1441335_at	NA	-0.13216208550057	0	NA	0.0202779161580682	0
ENSMUSG00000096433	Zfp994	1444589_at	NA	0.763584878487197	0.1	NA	0.264867558155536	0
ENSMUSG00000096537	Fam240b	1432300_at	NA	0.122150580386652	0	NA	-0.555897197919555	0
ENSMUSG00000096546	Smlr1	1438359_at	NA	0.64686273312881	0.1	NA	-0.902737964099934	-0.1
ENSMUSG00000096573	1700009J07Rik	1432505_at	NA	-1.83876263061613	-0.2	0.687999679341719	0.541085012590606	0.1
ENSMUSG00000096606	Tpbgl	1455739_at	NA	-1.02889629117089	-0.2	NA	0.191270444265772	0
ENSMUSG00000096655	1700065D16Rik	1453667_at	NA	-1.73479434895439	-0.2	NA	0.280547836551977	0
ENSMUSG00000096687	Mfsd4b4	1435098_at	NA	0.632881122310923	0.1	NA	1.63665370141021	0.1
ENSMUSG00000096740	Lbhd1	1457083_at	NA	-0.78434437884427	-0.1	NA	0.843683116794149	0.1
ENSMUSG00000096751	Gm28373	1431823_at	NA	0.316087279138801	0	NA	-1.47627577482858	-0.1
ENSMUSG00000096753	Fam181a	1436685_at	0.575052764156495	-0.731031002313079	-0.2	NA	-0.892022845258966	-0.1
ENSMUSG00000096796	1700021P04Rik	1432528_at	0.188923478457147	-2.03215832680589	-0.4	NA	-1.43268772609791	-0.1
ENSMUSG00000096883	Shisa8	1440528_at	NA	0.391494373247223	0.1	NA	-0.146809988230308	0
ENSMUSG00000096914	Galntl6	1442272_at	NA	0.722688814483247	0.1	NA	-0.8960533114092	-0.1
ENSMUSG00000096916	Zfp850	1438757_at	NA	0.717700852326921	0.1	NA	-0.4409306448337	0
ENSMUSG00000096922	Gm17308	1439733_at	NA	-0.412053646466467	0	NA	0.680918187046383	0.1
ENSMUSG00000096932	5033403F01Rik	1430766_at	NA	-0.824212290800128	-0.1	NA	0.634505171349384	0.1
ENSMUSG00000096953	Gm26571	1446352_at	NA	-0.341812107217563	0	NA	-0.752733915880327	-0.1
ENSMUSG00000096957	E230013L22Rik	1439098_at	NA	-0.390463464100486	-0.1	NA	1.10690044490112	0.1
ENSMUSG00000096959	4930509G22Rik	1441256_at	0.499683588989371	0.901569847370268	0.3	0.502892954654685	-0.87718374344028	-0.1
ENSMUSG00000096981	Gm16845	1455560_at	NA	-0.334226286545553	0	0.0144768136563475	4.01102585701608	0.3
ENSMUSG00000096982	Redrum	1430839_at	NA	1.85245923082112	0.2	NA	-0.914504855863498	-0.1
ENSMUSG00000096986	4930509E16Rik	1430099_at	NA	1.2305224005778	0.1	NA	1.90311794474945	0.2
ENSMUSG00000096995	2810029C07Rik	1428686_at	NA	-1.24438926601013	-0.1	0.332682013382764	1.25563096556555	0.1
ENSMUSG00000097006	9530082P21Rik	1441996_at	NA	0.0634043462055719	0	NA	-1.07631877007178	-0.1
ENSMUSG00000097007	4930432B10Rik	1431994_at	NA	-0.474106519001956	-0.1	NA	-0.792080518636181	-0.1
ENSMUSG00000097021	4933433G15Rik	1432243_a_at	NA	1.28491903284167	0.1	NA	-0.188361499557497	0
ENSMUSG00000097023	Mir9-3hg	1434730_at	NA	0.814254994411785	0.1	NA	-0.293525817062559	0
ENSMUSG00000097032	4930539J05Rik	1431401_at	NA	-0.358223796137404	-0.1	NA	-0.142270920417059	0
ENSMUSG00000097035	Gm26692	1440960_at	NA	0.333154485593124	0	NA	-1.79618070356365	-0.2
ENSMUSG00000097039	Pvt1	1431351_at	NA	2.61454238989213	0.3	NA	1.18980594370628	0.1
ENSMUSG00000097040	2610316D01Rik	1458702_at	NA	1.08563524490213	0.1	NA	-1.45613910985578	-0.1
ENSMUSG00000097042	Gm17491	1457302_at	NA	1.13191959666879	0.1	NA	0.633948766561702	0.1
ENSMUSG00000097044	4933433F19Rik	1432313_at	NA	-0.676659208834145	-0.1	NA	-2.2041779458203	-0.2
ENSMUSG00000097047	1110020A21Rik	1439574_at	NA	-0.715751460353757	-0.1	NA	-0.886314015031055	-0.1
ENSMUSG00000097048	1600020E01Rik	1436424_at	NA	0.706441043083904	0.1	0.00138217106689649	6.3886861480924	0.7
ENSMUSG00000097049	6530411M01Rik	1453642_at	NA	-1.04576749371372	-0.1	NA	-1.26868951067229	-0.1
ENSMUSG00000097050	Gm9918	1440074_at	NA	-1.58385823192491	-0.3	NA	1.09510452577687	0.1
ENSMUSG00000097057	Gm17638	1446997_at	NA	-0.254797226847437	-0.1	NA	-0.753098462579942	-0.1
ENSMUSG00000097061	9330151L19Rik	1434166_at	NA	1.53675011401069	0.2	NA	1.56662872793581	0.1
ENSMUSG00000097072	Foxl2os	1456552_at	NA	-0.451602419286717	-0.1	NA	0.123025527132091	0
ENSMUSG00000097073	9430037G07Rik	1447371_at	NA	-0.12728898162197	0	NA	0.461874746341081	0
ENSMUSG00000097074	4833428L15Rik	1431488_at	NA	-0.633344937320321	-0.1	NA	-1.89332966125958	-0.2
ENSMUSG00000097080	1700086O06Rik	1443633_at	NA	-0.357570956245324	0	NA	0.0808980007876318	0
ENSMUSG00000097082	4933440J02Rik	1430960_at	NA	-0.723185822701825	-0.1	NA	-3.15521208129603	-0.2
ENSMUSG00000097089	Gm26879	1432232_at	NA	0.019658858037849	0	NA	1.67274543417176	0.1
ENSMUSG00000097091	4930526L06Rik	1431632_at	NA	-1.07128376815683	-0.1	NA	2.31862895645149	0.2
ENSMUSG00000097098	9330111N05Rik	1442579_at	0.293783981172149	-1.55142922409184	-0.5	NA	0.853788631041526	0.1
ENSMUSG00000097101	1810034E14Rik	1430657_at	NA	-0.817025031091436	-0.1	NA	0.566935812133644	0
ENSMUSG00000097115	1810019N24Rik	1430410_at	NA	-0.212153656090976	0	NA	-1.90186733276833	-0.2
ENSMUSG00000097121	D130020L05Rik	1457054_a_at	NA	0.667226652859594	0.1	NA	1.25571975891378	0.1
ENSMUSG00000097124	A530020G20Rik	1456327_at	NA	1.45155560658772	0.2	NA	-0.573678620582012	0
ENSMUSG00000097145	9230114K14Rik	1456643_at	NA	2.11079081868713	0.3	NA	-1.06259903659816	-0.1
ENSMUSG00000097156	Gm3764	1459503_at	NA	-1.13638145684326	-0.1	NA	0.0158097736590781	0
ENSMUSG00000097164	Cep83os	1428375_at	NA	-2.15649509062435	-0.2	0.261969533149177	1.47043955930774	0.1
ENSMUSG00000097166	9330179D12Rik	1453309_at	NA	1.05006184609298	0.1	NA	-0.389941083214651	0
ENSMUSG00000097167	Gm16740	1453682_at	NA	0.405821271994961	0	NA	-0.363734257491798	0
ENSMUSG00000097170	Gm16982	1454019_at	NA	-1.07593172375203	-0.1	NA	-1.22880548243207	-0.1
ENSMUSG00000097177	9330159M07Rik	1441092_at	NA	-0.584046957334006	-0.1	NA	0.961421765889515	0.1
ENSMUSG00000097180	2700038G22Rik	1453745_at	NA	0.833687515293968	0.1	NA	-2.5491930481617	-0.2
ENSMUSG00000097181	4930594M17Rik	1432368_at	NA	1.35268713156738	0.1	NA	-1.02557772788155	-0.1
ENSMUSG00000097183	Gm17501	1457556_at	NA	0.578001128712534	0.1	0.499688142319022	0.885260277182284	0.1
ENSMUSG00000097191	Mm2pr	1444601_at	NA	1.08072686250682	0.2	NA	-0.100607626271353	0
ENSMUSG00000097194	9330175E14Rik	1446547_at	NA	1.46682092233541	0.1	NA	-0.743115312904132	-0.1
ENSMUSG00000097204	Gm17690	1435294_at	NA	1.38615889251423	0.1	0.0151480673616356	3.96102295539716	0.3
ENSMUSG00000097217	Gm26549	1444535_at	NA	-0.761814710913968	-0.1	NA	0.0545480639337022	0
ENSMUSG00000097229	Platr23	1460103_at	NA	-1.03657750259694	-0.1	NA	-0.895821365496515	-0.1
ENSMUSG00000097237	Gm26519	1443634_at	NA	0.238538003622018	0	NA	-0.13504579519421	0
ENSMUSG00000097248	Gm2694	1437518_at	NA	-0.695440115646231	-0.1	NA	0.313279741695846	0
ENSMUSG00000097251	5033417F24Rik	1431927_at	NA	-0.160547784236271	0	NA	-1.72815541116756	-0.1
ENSMUSG00000097254	C430042M11Rik	1457878_at	NA	0.0772825326872763	0	NA	-0.811239831532109	-0.1
ENSMUSG00000097267	1700109K24Rik	1432371_a_at	NA	-1.04081689264065	-0.1	NA	0.371840108203011	0
ENSMUSG00000097268	Gm26805	1459544_at	NA	-0.336349123043128	0	NA	-0.0494585530126394	0
ENSMUSG00000097275	Gm26648	1430480_at	NA	-1.12841469548816	-0.2	NA	-0.0548875025449921	0
ENSMUSG00000097282	5031415H12Rik	1454496_at	NA	0.133419058928651	0	NA	1.75458771538171	0.1
ENSMUSG00000097287	D130017N08Rik	1458567_at	NA	0.576216296638041	0.1	NA	-0.136210253268833	0
ENSMUSG00000097290	1300002E11Rik	1430137_at	NA	0.465435494576434	0.1	NA	-0.396313476362235	0
ENSMUSG00000097292	A230107N01Rik	1440638_at	NA	-0.873205624833733	-0.1	NA	-1.46464389213654	-0.1
ENSMUSG00000097309	Gm17249	1456809_at	NA	1.8375940008073	0.2	NA	0.418402899342349	0
ENSMUSG00000097311	Gm26871	1445686_at	NA	-1.55515096615714	-0.2	NA	-0.328118400367437	0
ENSMUSG00000097318	1700007L15Rik	1435403_at	NA	0.595428038866623	0.1	0.0876868311464667	2.4219437686959	0.2
ENSMUSG00000097321	1700028E10Rik	1440352_at	NA	-0.177544528920935	0	NA	-0.333465505448472	0
ENSMUSG00000097322	A530083I20Rik	1445138_at	NA	1.51589447000256	0.2	NA	-1.05397066987537	-0.1
ENSMUSG00000097323	4930426I24Rik	1430832_at	NA	-1.06527042679652	-0.1	NA	-0.747878644439533	-0.1
ENSMUSG00000097326	A330048O09Rik	1458416_at	NA	-1.15328163892237	-0.1	NA	0.072802829320196	0
ENSMUSG00000097327	E030030I06Rik	1442156_at	0.491988799891052	-0.91889158715766	-0.3	NA	0.160282463577376	0
ENSMUSG00000097336	Fendrr	1430012_at	NA	-0.937211133702085	-0.1	NA	-0.177790858170191	0
ENSMUSG00000097343	9030407P20Rik	1454056_at	NA	1.75155838114221	0.2	NA	0.0718221175758377	0
ENSMUSG00000097350	4732491K20Rik	1441009_at	NA	0.870078137288751	0.1	NA	0.316482840774557	0
ENSMUSG00000097352	C920009B18Rik	1437898_at	NA	1.45884041284358	0.2	NA	-1.24963542529937	-0.1
ENSMUSG00000097354	2310001H17Rik	1446096_at	NA	0.237560670524308	0	NA	0.328216656436667	0
ENSMUSG00000097360	9430065F17Rik	1432320_at	NA	-0.877344375811275	-0.2	NA	-1.21360451667424	-0.1
ENSMUSG00000097361	4930550C17Rik	1432089_at	0.306671481427948	-1.4894308225192	-0.4	NA	-1.08511242808857	-0.1
ENSMUSG00000097387	4930563E18Rik	1432031_at	NA	0.334004898146657	0.1	NA	-1.08321222821678	-0.1
ENSMUSG00000097399	Gm26555	1431627_at	NA	-1.79637959071638	-0.2	NA	-0.817285899597737	-0.1
ENSMUSG00000097401	Gm26744	1447699_at	NA	0.589624372090979	0.1	NA	2.26259937243772	0.2
ENSMUSG00000097402	Gm17399	1442008_at	NA	-0.106566688238843	0	NA	-0.0603768531570572	0
ENSMUSG00000097403	9230116N13Rik	1458490_at	NA	1.59320791184553	0.2	NA	-0.415638444434727	0
ENSMUSG00000097407	4933408J17Rik	1431908_at	NA	-0.188885130420784	0	NA	-0.576816816637912	0
ENSMUSG00000097408	Gm26831	1445039_at	NA	-1.13903000953827	-0.2	NA	-1.01675396039364	-0.1
ENSMUSG00000097409	Gm26832	1431589_at	NA	0.473481882222735	0.1	NA	-1.05633226364161	-0.1
ENSMUSG00000097412	1810014B01Rik	1430991_at	NA	-1.05473767352772	-0.2	0.801512344716932	-0.346532024240201	0
ENSMUSG00000097413	A830052D11Rik	1442844_at	NA	1.27534015642148	0.2	NA	-0.946183386496346	-0.1
ENSMUSG00000097428	AW047730	1436642_x_at	NA	0.260231425751991	0	NA	-1.36537856468683	-0.1
ENSMUSG00000097431	Gm26782	1438754_at	NA	0.343217333438959	0	NA	0.0637735734809947	0
ENSMUSG00000097440	Gm6277	1439778_at	NA	1.01271699383375	0.1	NA	-0.00152788732273806	0
ENSMUSG00000097448	Platr22	1444115_at	NA	-1.43874386590378	-0.2	NA	-1.00342879585093	-0.1
ENSMUSG00000097452	Gm2824	1459006_a_at	NA	-0.50341973463895	-0.1	NA	0.523340080501853	0
ENSMUSG00000097456	Gm16958	1443548_at	NA	-0.133433366500142	0	NA	0.0305685418597536	0
ENSMUSG00000097462	9530026P05Rik	1436435_at	NA	0.726164063659044	0.1	NA	0.715962261566495	0.1
ENSMUSG00000097463	4930448E22Rik	1432952_at	NA	1.06041498646712	0.1	NA	-0.401955843868275	0
ENSMUSG00000097471	5830432E09Rik	1430799_at	0.260285760856253	-1.6949780162794	-0.4	NA	-0.591231936947979	0
ENSMUSG00000097486	Gm17733	1446119_at	NA	-0.137229291386755	0	NA	-0.0293249703384476	0
ENSMUSG00000097487	Ptges3l	1432508_at	NA	-1.92821541995102	-0.3	NA	-1.57838908967069	-0.1
ENSMUSG00000097494	4933406C10Rik	1430246_at	NA	-1.31166924019392	-0.3	NA	-1.1974275741677	-0.1
ENSMUSG00000097502	4930528D03Rik	1430939_at	NA	-0.158837526110189	0	NA	0.49113948770959	0
ENSMUSG00000097503	3110045C21Rik	1430401_at	NA	-1.93308735427963	-0.2	NA	-0.354085896456512	0
ENSMUSG00000097504	4930516B21Rik	1431756_at	NA	-1.40842280959542	-0.2	NA	0.00868265914136761	0
ENSMUSG00000097515	1700040D17Rik	1439559_at	NA	-1.19675073398608	-0.1	NA	0.0558732383562332	0
ENSMUSG00000097516	4930467D21Rik	1453877_at	NA	0.0578732761391451	0	NA	-0.349078893623178	0
ENSMUSG00000097519	4930558J18Rik	1441527_at	NA	0.551281872343262	0.1	NA	-1.09760056043899	-0.1
ENSMUSG00000097520	4930488L21Rik	1429669_at	NA	0.686685630296127	0.1	NA	0.12578965886434	0
ENSMUSG00000097522	Gm26844	1441043_at	NA	-0.881310890694832	-0.1	NA	-0.00919671921936662	0
ENSMUSG00000097532	Gm4349	1443245_at	NA	1.06322176316825	0.2	NA	0.707671153174203	0.1
ENSMUSG00000097536	2610037D02Rik	1453519_at	NA	1.17429249355039	0.1	0.305770688312996	-1.33199592611851	-0.1
ENSMUSG00000097537	2610020C07Rik	1456666_at	NA	-1.22034208944749	-0.2	NA	-0.142908674454907	0
ENSMUSG00000097545	Mir124a-1hg	1435453_at	NA	-0.158846900910712	0	NA	-1.40492077177528	-0.1
ENSMUSG00000097547	B230110C06Rik	1453705_at	NA	0.0845452356943547	0	NA	-1.15814239524253	-0.1
ENSMUSG00000097558	Gm26902	1443122_at	NA	-1.23190825890213	-0.1	NA	-1.38163416879457	-0.1
ENSMUSG00000097559	D430018E03Rik	1446214_at	NA	0.139864855958346	0	NA	-0.141832062374825	0
ENSMUSG00000097561	4632411P08Rik	1430691_at	NA	-0.215468449744476	0	NA	-1.0886266033167	-0.1
ENSMUSG00000097571	Jpx	1442137_at	NA	0.398749639098437	0.1	NA	0.632610360620367	0
ENSMUSG00000097574	C920006O11Rik	1435704_at	NA	-0.862916849078779	-0.1	NA	-1.03775219269786	-0.1
ENSMUSG00000097577	6230400D17Rik	1460473_at	NA	-2.02928932679749	-0.2	NA	-1.51257923186939	-0.1
ENSMUSG00000097583	6430590A07Rik	1442536_at	NA	0.425856223922395	0	NA	-0.703704985305819	-0.1
ENSMUSG00000097585	E230029C05Rik	1458459_a_at	NA	0.439820907809141	0.1	NA	-0.72499877107133	-0.1
ENSMUSG00000097587	4930578M01Rik	1456421_at	NA	1.54161305219003	0.2	NA	-1.6408589725229	-0.1
ENSMUSG00000097589	Dleu2	1456145_at	NA	1.10777225261196	0.1	0.416079001202779	1.06343898887035	0.1
ENSMUSG00000097595	1500002F19Rik	1430842_at	NA	-0.264198650104785	0	NA	-1.85295959081331	-0.2
ENSMUSG00000097596	Gm26673	1441049_at	NA	-0.649303531443305	-0.1	NA	1.23905167577455	0.1
ENSMUSG00000097597	Gm26674	1432055_at	NA	1.8476104722774	0.2	NA	-0.151563795173282	0
ENSMUSG00000097602	4930519P11Rik	1453379_at	NA	2.27483888897096	0.4	NA	-1.58921989778578	-0.2
ENSMUSG00000097603	A430010J10Rik	1440661_at	NA	-1.96060683684595	-0.2	NA	-0.881387099861925	-0.1
ENSMUSG00000097613	Gm17597	1440562_at	NA	1.486706328028	0.2	NA	-0.602507278006622	0
ENSMUSG00000097616	1110019D14Rik	1453434_at	NA	-1.66332845972704	-0.2	NA	-0.171464094787503	0
ENSMUSG00000097619	4833422M21Rik	1430267_at	NA	-0.306038008483312	0	NA	-2.01416291758516	-0.1
ENSMUSG00000097622	A330033J07Rik	1458799_at	NA	-0.546144490434732	-0.1	NA	-0.261213619765717	0
ENSMUSG00000097627	4930519A11Rik	1432041_at	NA	0.373020158194105	0	NA	0.832826033569624	0.1
ENSMUSG00000097636	Mirt1	1453244_at	NA	-0.998907031435984	-0.1	NA	0.678693776764953	0.1
ENSMUSG00000097638	Carlr	1429840_at	NA	-0.415872285186578	0	NA	-1.25794561512656	-0.1
ENSMUSG00000097639	Platr4	1441279_at	NA	0.276610630723096	0	NA	-1.65561327789348	-0.1
ENSMUSG00000097640	Gm20033	1440273_at	NA	-0.0180102692972868	0	NA	-1.54235634274611	-0.1
ENSMUSG00000097648	9330185C12Rik	1454220_at	NA	-0.860505941455251	-0.1	NA	-0.943712642739645	-0.1
ENSMUSG00000097650	4921507G05Rik	1430179_at	NA	-1.39780599317064	-0.2	NA	-1.23980086117561	-0.1
ENSMUSG00000097654	Gm26714	1459451_at	NA	0.293596943074299	0.1	NA	1.596654947298	0.1
ENSMUSG00000097666	A330094K24Rik	1460479_at	NA	0.802153651866435	0.1	NA	-1.45867741248131	-0.1
ENSMUSG00000097677	Gm26611	1445542_at	NA	1.13888635802105	0.2	NA	-2.37861741769063	-0.2
ENSMUSG00000097682	4930554H23Rik	1454020_at	NA	0.639981241062226	0.1	NA	-1.35374664446041	-0.1
ENSMUSG00000097684	Gm26645	1441368_at	NA	-0.835069749620738	-0.1	NA	0.736320305248481	0.1
ENSMUSG00000097690	4930505N22Rik	1453909_at	NA	-0.466102847273191	-0.1	NA	-2.49513938377495	-0.2
ENSMUSG00000097693	4930471M09Rik	1430739_at	NA	0.139897032752078	0	NA	-1.10920991937157	-0.1
ENSMUSG00000097694	G730013B05Rik	1442957_at	0.301333421021053	1.51642039906941	0.3	NA	0.516368550589238	0
ENSMUSG00000097699	5430400D12Rik	1429182_at	NA	0.301481887142422	0	NA	-1.13529901428528	-0.1
ENSMUSG00000097701	Gm17508	1444173_at	NA	-1.27130290968242	-0.2	NA	-0.817908480497316	-0.1
ENSMUSG00000097705	Gm26740	1440188_at	NA	-0.0176298420255486	0	NA	-0.518266291622954	0
ENSMUSG00000097710	2310026I22Rik	1432145_at	NA	-0.131363701686411	0	NA	0.250206098533859	0
ENSMUSG00000097717	1700066J03Rik	1444567_at	NA	0.216639928101092	0	NA	-0.150803483861953	0
ENSMUSG00000097725	4930593A02Rik	1454099_at	NA	-0.258324495279142	0	NA	-0.810894152437272	-0.1
ENSMUSG00000097729	2310015A10Rik	1439804_at	NA	1.87723726329754	0.2	NA	1.8575809275754	0.2
ENSMUSG00000097736	9530059O14Rik	1441197_at	NA	-0.112927444861643	0	NA	-0.791504179033834	-0.1
ENSMUSG00000097738	4930445N18Rik	1432369_at	NA	-1.16315933126181	-0.2	0.113450189297527	-2.20098122111698	-0.2
ENSMUSG00000097746	Gm6225	1443895_at	NA	-0.887592157889144	-0.1	NA	-1.58860779542258	-0.1
ENSMUSG00000097752	Gm26688	1430490_at	NA	-0.381447903986821	-0.1	NA	-0.763530783121547	-0.1
ENSMUSG00000097756	A730056A06Rik	1455415_at	NA	0.521918531795614	0.1	NA	-0.756826294124856	-0.1
ENSMUSG00000097760	6030442K20Rik	1454391_at	NA	0.33335881864622	0	NA	-1.20265129071508	-0.1
ENSMUSG00000097761	4930534D22Rik	1441812_at	NA	-0.470980493999462	-0.1	NA	0.629407333403148	0.1
ENSMUSG00000097766	5730420D15Rik	1454163_at	NA	0.866854236682051	0.1	0.108400696507622	-2.23451824787426	-0.2
ENSMUSG00000097767	Miat	1455325_at	NA	-0.0480665516749842	0	NA	0.0703456643601429	0
ENSMUSG00000097768	2310043M15Rik	1453442_at	0.0199959925582962	-4.43969025474332	-0.8	NA	-1.20276194947462	-0.1
ENSMUSG00000097772	5430416N02Rik	1439071_at	NA	-0.323746988425067	0	0.0433076483057877	2.99408179407658	0.3
ENSMUSG00000097777	Gm16794	1457335_at	NA	0.691351289237881	0.1	NA	-1.37734375549465	-0.1
ENSMUSG00000097779	4833407H14Rik	1431688_at	NA	0.221587640927476	0	0.072527753871648	-2.57107930680092	-0.2
ENSMUSG00000097784	A430105J06Rik	1430830_at	NA	0.788974116813551	0.1	NA	-1.53515879783682	-0.1
ENSMUSG00000097785	B230217O12Rik	1456356_at	NA	-1.47240689941805	-0.2	NA	0.838672726591798	0.1
ENSMUSG00000097787	2700046G09Rik	1431163_at	NA	-2.19725268370126	-0.3	NA	1.24935982848643	0.1
ENSMUSG00000097789	Gm2115	1456523_at	0.00889304978086934	5.62224758989342	0.6	0.0318962457172361	3.25007913314774	0.4
ENSMUSG00000097794	Gm2990	1443372_at	NA	0.243966331041835	0	NA	-0.534603171825914	0
ENSMUSG00000097806	Gm6556	1457143_at	NA	-1.1187068878716	-0.1	NA	0.148748408392116	0
ENSMUSG00000097814	Panct2	1442588_at	NA	2.49154495015745	0.3	NA	-1.38751445655875	-0.1
ENSMUSG00000097820	E530011L22Rik	1444623_at	NA	-0.367675142295536	0	NA	-1.27286464728816	-0.1
ENSMUSG00000097825	9630001P10Rik	1445167_at	NA	-0.0495770869619674	0	NA	0.88690214551634	0.1
ENSMUSG00000097827	5330439K02Rik	1431847_at	NA	-0.903763613905514	-0.2	NA	-0.689499954890593	-0.1
ENSMUSG00000097828	6430562O15Rik	1456982_at	NA	0.677501034058429	0.1	NA	-0.700160502471235	-0.1
ENSMUSG00000097831	4930540M05Rik	1430426_at	NA	-0.123110488966251	0	NA	-2.05053426969479	-0.2
ENSMUSG00000097834	Gm26911	1443047_at	NA	0.567877166003542	0.1	NA	-1.55922071288144	-0.1
ENSMUSG00000097835	Gm26910	1442268_a_at	NA	-0.136508239634167	0	NA	-1.42281885473733	-0.1
ENSMUSG00000097841	4930511A02Rik	1430812_at	NA	1.56463054009002	0.2	NA	-0.397560557975769	0
ENSMUSG00000097852	4933405D12Rik	1431736_at	NA	1.02744769770675	0.1	NA	0.145027183707957	0
ENSMUSG00000097855	A930007I19Rik	1453892_at	NA	0.880762663880885	0.1	NA	-1.53794922216471	-0.1
ENSMUSG00000097863	1010001B22Rik	1457715_at	NA	-0.116934583500859	0	NA	-0.80280657136413	-0.1
ENSMUSG00000097874	C030010L15Rik	1458717_at	NA	-1.237303358255	-0.1	NA	-1.0718104244555	-0.1
ENSMUSG00000097875	Gm26704	1458904_at	0.342074506705067	1.38399267624042	0.3	NA	-0.951373912355646	-0.1
ENSMUSG00000097881	Celrr	1456988_at	NA	0.431538235340884	0	NA	-0.438372062282105	0
ENSMUSG00000097882	0610038B21Rik	1430930_at	NA	0.317184202540877	0	NA	-0.953347589364336	-0.1
ENSMUSG00000097885	5031434O11Rik	1429955_at	NA	-0.206151817007344	0	NA	-0.0405713914191921	0
ENSMUSG00000097892	Gm26801	1446367_at	NA	0.847138929433031	0.2	NA	-1.25540005257237	-0.1
ENSMUSG00000097893	1700034P13Rik	1431585_at	0.429252672919956	-1.09228547066215	-0.2	NA	-1.13227871214796	-0.1
ENSMUSG00000097908	4933404O12Rik	1430679_at	NA	0.344673903374059	0.1	NA	-0.158276740736485	0
ENSMUSG00000097915	A330009N23Rik	1435844_at	NA	0.676708423052109	0.1	NA	-0.497322442442626	0
ENSMUSG00000097929	Tunar	1430951_at	NA	1.00496609953134	0.1	NA	0.330578085573004	0
ENSMUSG00000097932	C430039J16Rik	1454207_at	NA	-0.575072908947503	-0.1	NA	-0.819660770958326	-0.1
ENSMUSG00000097934	6720483E21Rik	1432267_at	NA	-1.28274662400133	-0.1	NA	-0.823721473962484	-0.1
ENSMUSG00000097944	A130014A01Rik	1438876_at	NA	-0.669750602589872	-0.1	NA	0.0829993876091648	0
ENSMUSG00000097962	1700034G24Rik	1430060_at	NA	-1.69447716462598	-0.2	NA	-0.739566546611971	-0.1
ENSMUSG00000097971	Gm26917	AFFX-18SRNAMur/X00686_5_at	0.161781868851813	-2.183459628593	-0.7	0.203759170924801	-1.69786478070367	-0.3
ENSMUSG00000097986	Gm26953	1447262_at	NA	-1.70695261990314	-0.2	NA	-0.781032809715271	-0.1
ENSMUSG00000097992	Gm27016	1459438_at	NA	0.176460847706289	0	NA	0.643128407044974	0.1
ENSMUSG00000098008	A930001A20Rik	1431522_at	NA	-0.216638702829998	0	NA	-0.473562651885625	0
ENSMUSG00000098022	Zfp82	1458925_at	NA	0.199348491338374	0	NA	-1.50790894741697	-0.1
ENSMUSG00000098087	Gm17750	1455557_at	NA	-0.328077570133157	0	NA	0.515686931091582	0
ENSMUSG00000098090	2700099C18Rik	1445682_at	NA	0.557017528826925	0.1	0.150800762740157	-1.94849422256707	-0.2
ENSMUSG00000098098	Bvht	1447975_a_at	NA	0.589812179014255	0.1	NA	0.306387577700332	0
ENSMUSG00000098120	Gm5914	1442355_at	NA	-0.935644984787721	-0.1	NA	0.312116828344213	0
ENSMUSG00000098129	Gm27040	1440763_at	NA	0.923360486975704	0.2	NA	-0.580677052923106	0
ENSMUSG00000098132	Rassf10	1453201_at	NA	1.22730705076244	0.2	NA	-0.0918510432694203	0
ENSMUSG00000098134	Rnf113a2	1428415_at	NA	1.21582849937162	0.1	0.654459361498869	0.600236251598897	0.1
ENSMUSG00000098137	Gm33962	1458231_at	NA	-0.0285716490083276	0	NA	-1.93454583694388	-0.2
ENSMUSG00000098145	Gm26936	1444284_at	0.614901208654029	-0.648010897606208	-0.2	NA	0.22214448307766	0
ENSMUSG00000098150	4921515E04Rik	1453701_at	NA	0.873445251638936	0.1	NA	-0.370797517499907	0
ENSMUSG00000098178	Gm42418	AFFX-18SRNAMur/X00686_3_at	0.133144515113876	-2.38092487065759	-0.5	0.129842050258426	-2.07694612847779	-0.3
ENSMUSG00000098202	B830012L14Rik	1439311_at	NA	0.633917121629746	0.1	NA	-0.473216414085449	0
ENSMUSG00000098207	Arl14	1430234_at	NA	0.272473482355356	0	NA	-0.281817447741923	0
ENSMUSG00000098221	Gm27030	1439576_at	NA	1.18814041788833	0.1	NA	-2.11745093139672	-0.2
ENSMUSG00000098318	Lockd	1441757_at	NA	2.44165576545247	0.4	0.0375489065595264	3.11704832475111	0.3
ENSMUSG00000098322	5830468F06Rik	1432288_at	0.634767209020889	-0.607486466474961	-0.2	NA	0.949178860905364	0.1
ENSMUSG00000098332	2310009A05Rik	1435237_at	NA	-2.6489689434618	-0.4	0.00409397616213656	5.15150580013807	0.5
ENSMUSG00000098419	Mir6963	1457561_at	NA	1.161433390272	0.2	0.0727722615123669	2.56846023735961	0.2
ENSMUSG00000098429	Gm27226	1445593_at	NA	-0.294928062982989	0	NA	-0.822995239180488	-0.1
ENSMUSG00000098431	Mir7666	1456899_at	NA	-0.356325259144648	0	NA	-0.921485421952077	-0.1
ENSMUSG00000098499	Mir6975	1445915_at	NA	0.530506686031916	0.1	NA	-3.0451787730749	-0.2
ENSMUSG00000098528	Zfp572	1454555_at	NA	0.162782529367748	0	NA	-1.36466471550224	-0.1
ENSMUSG00000098609	Anxa11os	1431387_at	NA	-1.3163926522547	-0.2	NA	-2.29836102249595	-0.2
ENSMUSG00000098627	4930524O08Rik	1454108_at	NA	-0.128462439070343	0	NA	0.829929318203925	0.1
ENSMUSG00000098659	1110015O18Rik	1453443_at	NA	-0.647351906850788	-0.1	0.797767062455372	0.353384117497795	0
ENSMUSG00000098702	1500015A07Rik	1429162_at	NA	0.459659878270229	0.1	0.434322685211942	1.024878148907	0.1
ENSMUSG00000098758	7630403G23Rik	1430881_at	NA	-0.0513359025274111	0	0.0476273389931741	-2.91299376308669	-0.3
ENSMUSG00000098905	Zfp953	1439176_at	NA	1.40682690238506	0.2	0.718284539341266	-0.488127861780017	-0.1
ENSMUSG00000098912	1500004A13Rik	1430660_at	NA	-0.705017030455316	-0.1	NA	-1.24976119136979	-0.1
ENSMUSG00000098919	Mir8102	1432542_at	NA	0.609666681365365	0.1	NA	-1.06658910566402	-0.1
ENSMUSG00000098959	Gm27230	1442468_at	NA	-1.51415068698742	-0.2	NA	1.02875895580349	0.1
ENSMUSG00000099032	Tcf24	1439816_at	NA	1.18739975067366	0.2	NA	0.921970674087509	0.1
ENSMUSG00000099034	2810039B14Rik	1453248_at	NA	1.48688847269448	0.2	NA	-0.298608487228045	0
ENSMUSG00000099094	Gm19569	1456990_at	NA	2.43965605499657	0.2	NA	0.635813297989229	0
ENSMUSG00000099139	1110028F18Rik	1431584_at	NA	-0.526793027993719	-0.1	NA	-0.90084913237917	-0.1
ENSMUSG00000099170	5730403I07Rik	1430396_at	NA	0.88179767222325	0.1	0.0521304118909775	-2.83571179581649	-0.3
ENSMUSG00000099310	Gm19427	1440068_at	NA	1.75433457707035	0.3	NA	-0.896546625966867	-0.1
ENSMUSG00000099338	2810030D12Rik	1444603_at	NA	-0.0951235656388524	0	NA	0.0820230455044604	0
ENSMUSG00000099364	5730419F03Rik	1431869_at	NA	-0.0893737802351135	0	NA	-1.26197054614045	-0.1
ENSMUSG00000099370	Platr10	1454215_at	NA	1.30413580061841	0.2	NA	-1.82790417218122	-0.2
ENSMUSG00000099391	1700003C15Rik	1457418_at	NA	0.166025094676336	0	NA	1.01840897952156	0.1
ENSMUSG00000099411	2310015D24Rik	1431714_at	NA	0.667468168918846	0.1	NA	0.818921190813961	0.1
ENSMUSG00000099413	Gm17767	1441428_at	NA	-0.00812655868624911	0	NA	-0.557866272119948	0
ENSMUSG00000099435	1700065I16Rik	1440839_x_at	NA	-0.80969930811508	-0.1	0.489184958717272	-0.904614916635316	-0.1
ENSMUSG00000099446	2310005E17Rik	1453945_at	NA	-0.20356640797369	0	NA	-1.0674725007527	-0.1
ENSMUSG00000099528	2410012E07Rik	1432118_at	NA	1.24445839282154	0.2	NA	-0.300679831094532	0
ENSMUSG00000099552	9830004L10Rik	1443929_at	NA	-0.768148600979394	-0.1	NA	-0.142502483557174	0
ENSMUSG00000099553	Gm29538	1445630_at	NA	0.907289308893862	0.2	NA	-1.23494780930425	-0.1
ENSMUSG00000099590	C330022C24Rik	1431497_at	NA	1.06085148869248	0.1	NA	-0.105911161735147	0
ENSMUSG00000099608	4933411E06Rik	1432642_at	NA	0.779684644882093	0.1	NA	0.0119703659922481	0
ENSMUSG00000099632	2900093K20Rik	1440917_at	NA	-0.596897474219879	-0.1	NA	1.92275763364661	0.1
ENSMUSG00000099639	1700084F23Rik	1430508_at	NA	-0.537295293637587	-0.1	NA	-1.22427829967076	-0.1
ENSMUSG00000099655	2310034G01Rik	1440229_at	NA	-1.25898819676694	-0.1	NA	1.97680538463107	0.2
ENSMUSG00000099681	1700052K11Rik	1429136_at	0.235892796627193	1.81372881679389	0.4	0.0264973285680743	3.41951311455076	0.3
ENSMUSG00000099689	Zfp383	1453212_at	0.595753140010432	0.686368082969156	0.2	0.139404368707223	2.01391360308241	0.3
ENSMUSG00000099696	2900052N01Rik	1457495_at	NA	-0.47657136342352	0	NA	-0.095593671316357	0
ENSMUSG00000099718	Gm2087	1447492_at	NA	0.149448302736644	0	NA	-1.31076511681252	-0.1
ENSMUSG00000099724	4930554C24Rik	1432314_at	NA	0.227380755474382	0	NA	0.410618556480274	0
ENSMUSG00000099751	1700022A22Rik	1432341_at	NA	0.534026843668642	0.1	NA	-1.45642467203878	-0.1
ENSMUSG00000099784	Dalir	1459946_at	NA	-1.57091455336636	-0.2	NA	-0.426066176478095	0
ENSMUSG00000099808	1700019P21Rik	1447710_at	NA	-0.803819023926075	-0.1	NA	-1.2007384377121	-0.1
ENSMUSG00000099825	1810012K16Rik	1447595_x_at	NA	0.0520237061309967	0	NA	-0.139895605090746	0
ENSMUSG00000099863	1700031L13Rik	1442345_at	NA	0.588464929479808	0.1	NA	-0.780920135445978	-0.1
ENSMUSG00000099876	Gm29650	1442153_at	NA	1.34906148319347	0.1	NA	0.00279340463962521	0
ENSMUSG00000099881	2810013P06Rik	1429767_at	NA	-0.639160459874588	-0.1	NA	0.0616979207711527	0
ENSMUSG00000099906	Gm28653	1446563_at	NA	-1.07740106888866	-0.1	NA	0.548480367373908	0
ENSMUSG00000099907	Gm10421	1442558_at	NA	0.246296727439796	0	NA	1.17027827115254	0.1
ENSMUSG00000099923	1700105P06Rik	1430061_at	NA	-0.168402716103192	0	NA	-0.232120212945874	0
ENSMUSG00000099945	1700126A01Rik	1432907_at	NA	0.796635063983385	0.1	NA	-0.101998533777442	0
ENSMUSG00000099957	2610027F03Rik	1454178_at	NA	-0.371916489384437	-0.1	0.26106141206885	-1.47357533319564	-0.2
ENSMUSG00000099958	1700010B13Rik	1431526_at	NA	-2.60715856374341	-0.3	NA	0.312129866977726	0
ENSMUSG00000099964	Gm29514	1441666_at	NA	-1.04903815019498	-0.2	NA	0.397498385609353	0
ENSMUSG00000100000	1700023F02Rik	1441078_at	NA	0.985786386227083	0.1	NA	-0.675021595023851	0
ENSMUSG00000100001	1810007D17Rik	1456198_at	NA	-0.993459447644302	-0.1	NA	-1.17980349109938	-0.1
ENSMUSG00000100009	Gm7967	1441623_at	NA	1.49700337932554	0.2	NA	1.07501820915049	0.1
ENSMUSG00000100014	Gm29290	1458840_at	NA	1.47021926961224	0.3	0.0340980887489671	-3.20186568614216	-0.3
ENSMUSG00000100017	2410022M11Rik	1453081_at	NA	-1.5654707982839	-0.2	NA	-0.492667523549568	0
ENSMUSG00000100075	1700018L02Rik	1431148_at	NA	0.811171233783339	0.1	NA	-1.36494811614259	-0.1
ENSMUSG00000100084	2310068J16Rik	1432268_at	NA	1.63294018454564	0.3	NA	0.833143406521874	0.1
ENSMUSG00000100094	1810008I18Rik	1459141_at	0.410938378668863	-1.13890743947362	-0.3	NA	0.792588697969805	0.1
ENSMUSG00000100119	2700089I24Rik	1431912_at	NA	1.07467487322152	0.1	NA	0.846570588965311	0.1
ENSMUSG00000100127	Gsdmcl-ps	1454049_at	NA	0.121251646139555	0	NA	-1.12713027557021	-0.1
ENSMUSG00000100147	1700047M11Rik	1438044_at	NA	-1.07996978522945	-0.1	NA	0.286488177283615	0
ENSMUSG00000100157	2310034O05Rik	1430964_at	NA	0.672174517443227	0.1	NA	-1.65434817947996	-0.1
ENSMUSG00000100164	2610306M01Rik	1452988_at	NA	0.598947222555006	0.1	NA	2.0265545431992	0.2
ENSMUSG00000100182	1810006J02Rik	1431552_at	NA	-0.311387543098335	0	NA	-1.21662136157261	-0.1
ENSMUSG00000100199	Gm20324	1442042_at	NA	1.79216492807711	0.2	NA	-0.202083732672691	0
ENSMUSG00000100205	Gm4850	1457858_at	NA	-1.92229616679355	-0.3	NA	-0.495681914053935	0
ENSMUSG00000100219	1700054K19Rik	1440775_at	NA	-2.2341402511995	-0.3	NA	-1.57588917890112	-0.1
ENSMUSG00000100235	Gm28557	1439751_at	NA	0.0189526764646551	0	NA	-1.5539389667808	-0.1
ENSMUSG00000100252	Mir124-2hg	1455537_at	NA	-0.502606641194464	-0.1	NA	-0.187179418312453	0
ENSMUSG00000100274	1700006F04Rik	1457663_at	NA	-1.6350088797774	-0.2	NA	-1.29812991902082	-0.1
ENSMUSG00000100277	1810053B23Rik	1431742_at	NA	-1.15172596248659	-0.2	NA	-1.88778675921803	-0.1
ENSMUSG00000100291	2310069B03Rik	1431599_at	NA	0.578384113140549	0.1	NA	0.293482593836399	0
ENSMUSG00000100301	6030407O03Rik	1443994_at	NA	-0.355083861610947	0	NA	-1.31407996324274	-0.1
ENSMUSG00000100303	2600014E21Rik	1430946_at	NA	-0.0770679987120139	0	NA	1.66843655280866	0.1
ENSMUSG00000100394	Gm28791	1440107_at	NA	-0.548248377062076	-0.1	NA	-0.256396463215083	0
ENSMUSG00000100430	1700095A13Rik	1444770_at	NA	-0.987072868351099	-0.1	NA	-1.67990015777027	-0.1
ENSMUSG00000100455	Gm29170	1455086_at	NA	-2.32840841154102	-0.3	0.227481423491202	-1.60044355016927	-0.2
ENSMUSG00000100510	Hand2os1	1446812_at	NA	0.997476551882382	0.1	NA	-0.616743791671366	-0.1
ENSMUSG00000100511	1700111N16Rik	1432256_at	NA	0.559717838086749	0.1	NA	-1.7515968336906	-0.2
ENSMUSG00000100518	4930440C22Rik	1454083_at	NA	1.74463316729138	0.3	0.0443135621482702	-2.9730919800962	-0.3
ENSMUSG00000100573	1700081H04Rik	1454345_at	0.213293052757529	-1.91726971419789	-0.4	NA	-0.132499126806712	0
ENSMUSG00000100580	4933436I20Rik	1454093_at	0.481292352997166	-0.946827301313792	-0.3	NA	-0.630983717165104	0
ENSMUSG00000100594	2810414N06Rik	1454572_at	NA	-0.221296700990695	0	NA	-1.10106540889233	-0.1
ENSMUSG00000100599	1700120C14Rik	1444789_at	NA	-0.838383458598357	-0.1	NA	-1.37400487193211	-0.1
ENSMUSG00000100666	1700007F19Rik	1431984_at	NA	-0.668061840445641	-0.1	0.444722810469588	0.998715665232761	0.1
ENSMUSG00000100691	2010320M18Rik	1434792_at	NA	-0.548741527710892	-0.1	NA	1.8210794620038	0.2
ENSMUSG00000100707	Gm28523	1440087_at	NA	0.447738408729073	0.1	0.184439570093076	1.78210927700393	0.2
ENSMUSG00000100714	2010308F09Rik	1459059_at	NA	0.771528798985641	0.1	NA	0.28864748582724	0
ENSMUSG00000100727	1700003P14Rik	1431103_at	NA	-0.154141100605081	0	NA	0.0247194366181489	0
ENSMUSG00000100733	4932411K12Rik	1454129_at	NA	1.29778760981269	0.1	NA	0.208154524709875	0
ENSMUSG00000100763	Gm28777	1444553_at	NA	0.976850508889639	0.1	NA	0.569091918171233	0
ENSMUSG00000100783	2310047D07Rik	1458587_at	NA	-1.23481029448053	-0.2	NA	0.029666407942388	0
ENSMUSG00000100798	Gm19589	1444710_at	NA	-0.184291141554894	0	NA	-1.45881977847872	-0.1
ENSMUSG00000100826	Snhg14	1440557_at	NA	2.43127175672573	0.2	NA	0.606847658293969	0.1
ENSMUSG00000100837	1700063D05Rik	1457421_at	NA	-1.13783843533676	-0.2	NA	0.205035147667774	0
ENSMUSG00000100850	4930434B07Rik	1432382_at	NA	-1.12461395873012	-0.2	0.08999444634609	-2.39641798559894	-0.3
ENSMUSG00000100876	2810454H06Rik	1441191_at	NA	1.08971647294775	0.1	NA	-0.417626264646667	0
ENSMUSG00000100890	1700085C21Rik	1432319_at	NA	-1.71129682765673	-0.2	NA	0.249342135889127	0
ENSMUSG00000100891	2810049E08Rik	1431614_at	NA	-0.831858957631588	-0.1	NA	0.0387300405770595	0
ENSMUSG00000100980	Gm29100	1459993_at	NA	0.0844611326383585	0	NA	1.48502919120563	0.1
ENSMUSG00000101009	1700108F19Rik	1430202_at	NA	-1.18382237531255	-0.1	NA	-1.21033392282302	-0.1
ENSMUSG00000101012	1700008K24Rik	1434368_at	NA	-1.52170050096365	-0.2	NA	-0.182773533577459	0
ENSMUSG00000101026	Ly6g6g	1431171_at	NA	-1.50927336520241	-0.2	NA	-1.8778233060418	-0.1
ENSMUSG00000101088	1810018F18Rik	1453870_at	NA	-0.0316912545924393	0	0.331614477543747	-1.259582830726	-0.1
ENSMUSG00000101144	Gm29054	1431596_at	NA	0.204609559587916	0	NA	-0.508733738448329	0
ENSMUSG00000101153	4933404I11Rik	1454341_at	NA	0.341782466788335	0	0.0823055039775542	-2.47355055670825	-0.2
ENSMUSG00000101189	1700029M03Rik	1440794_x_at	NA	-0.221969438938476	0	NA	-2.81781531064858	-0.2
ENSMUSG00000101225	1700008J07Rik	1428732_at	NA	1.05282730383306	0.2	NA	0.13794757687897	0
ENSMUSG00000101234	1700007E05Rik	1430199_at	NA	-0.757733580372564	-0.1	NA	0.437944188443037	0
ENSMUSG00000101257	2310015K22Rik	1431572_at	NA	0.10882514575505	0	NA	-0.414112551570676	0
ENSMUSG00000101275	1700012E03Rik	1453454_at	NA	0.302561064259462	0	NA	-1.09722251964271	-0.1
ENSMUSG00000101304	Plet1os	1453552_at	NA	-1.01288159415619	-0.1	NA	-1.78436408934094	-0.2
ENSMUSG00000101320	Gm28529	1440742_at	NA	-0.338936291738145	0	NA	1.08414811149714	0.1
ENSMUSG00000101356	Gm28876	1457011_at	NA	1.05142492906391	0.1	0.385838249120201	-1.12892697054035	-0.1
ENSMUSG00000101360	4933417O13Rik	1432040_at	NA	1.19875365188596	0.2	NA	-1.98395881827781	-0.2
ENSMUSG00000101365	Gm19325	1438393_at	NA	0.461493479062331	0	NA	0.705269361224385	0
ENSMUSG00000101411	Gm28111	1431344_at	NA	-0.407253481606638	0	NA	-1.51818657828231	-0.1
ENSMUSG00000101481	1700123O21Rik	1447798_at	NA	-0.583707128327096	-0.1	NA	1.39572111949707	0.1
ENSMUSG00000101493	2810405F17Rik	1460457_at	NA	-0.365377122362034	0	0.162003080520711	1.89350576962561	0.2
ENSMUSG00000101555	Gm28731	1454442_at	NA	-0.73679826408092	-0.1	NA	-0.564905633608982	0
ENSMUSG00000101568	1700040F17Rik	1432476_at	NA	-0.976557168380265	-0.1	NA	-0.0617801423976304	0
ENSMUSG00000101581	C430002N11Rik	1440510_at	NA	-0.53486081964549	-0.1	NA	-0.349345272421832	0
ENSMUSG00000101585	1600010M07Rik	1453585_at	NA	-0.793778328842384	-0.1	NA	-0.199731057947752	0
ENSMUSG00000101599	Gm20342	1442150_at	NA	2.35331626728423	0.3	0.174716433614012	1.82626745124112	0.2
ENSMUSG00000101609	Kcnq1ot1	1458161_at	NA	1.313365742543	0.1	NA	-1.20954401081105	-0.1
ENSMUSG00000101636	4930579H20Rik	1454095_at	NA	-0.583012685898249	-0.1	NA	-0.767837616763174	-0.1
ENSMUSG00000101655	2310040G24Rik	1443575_at	NA	-1.58457350071925	-0.2	NA	-0.813673110100339	-0.1
ENSMUSG00000101674	4930444A19Rik	1458323_at	NA	2.27665843105203	0.3	NA	0.800612525950327	0.1
ENSMUSG00000101693	Gm19461	1443198_at	NA	-0.288848918687485	0	NA	0.254172122403935	0
ENSMUSG00000101746	2310043L19Rik	1440008_at	0.117282042541304	2.49961931074125	0.4	0.207370780736262	-1.68172900599764	-0.2
ENSMUSG00000101791	2210011K15Rik	1431943_at	NA	-0.33160462896373	0	0.0227896000740665	-3.58341454784589	-0.3
ENSMUSG00000101810	1700066C05Rik	1432564_at	NA	-0.38637032310743	-0.1	NA	-1.55029688395361	-0.1
ENSMUSG00000101848	4933417E11Rik	1431461_at	NA	-0.892278736999727	-0.1	NA	0.503394090632626	0
ENSMUSG00000101856	1700096K18Rik	1440953_at	NA	0.643905420242989	0.1	NA	1.93809277504987	0.2
ENSMUSG00000101888	1700025H01Rik	1454273_at	NA	-2.23268657154468	-0.2	NA	-1.40395749903452	-0.1
ENSMUSG00000101894	1700016P04Rik	1438791_at	NA	-0.0703701722990165	0	NA	0.958680425256675	0.1
ENSMUSG00000101912	1700052I22Rik	1440768_x_at	0.450652096881218	-1.03237528985221	-0.3	0.0575102941986902	-2.75765638979229	-0.2
ENSMUSG00000101959	Ldhal6b	1434247_at	NA	0.748804941678254	0.1	NA	-1.293863040502	-0.1
ENSMUSG00000101970	1810026B05Rik	1447923_at	0.461549313950817	-1.00310013204446	-0.2	0.0232230458804446	3.55855212192783	0.4
ENSMUSG00000101972	H3c11	1443475_at	NA	0.434825020467312	0.1	NA	-0.0368907589654792	0
ENSMUSG00000102004	4933402C06Rik	1432403_at	NA	-0.706804974113665	-0.1	NA	-0.336475381381835	0
ENSMUSG00000102009	4933400F21Rik	1432390_at	NA	-1.84564839302626	-0.2	NA	-1.78288404295772	-0.2
ENSMUSG00000102014	2900009J06Rik	1445606_a_at	NA	0.417299340593306	0	NA	0.0431355924435464	0
ENSMUSG00000102046	2810404M03Rik	1453940_at	NA	-0.0462174265086942	0	0.172353202302068	-1.83848690652876	-0.2
ENSMUSG00000102069	1700012I11Rik	1453460_at	NA	-0.096110053231916	0	NA	1.07693448443745	0.1
ENSMUSG00000102098	2310016D03Rik	1431558_at	NA	-0.307397016921938	0	NA	0.281606930878822	0
ENSMUSG00000102099	1700011B04Rik	1442926_at	NA	0.110016569602114	0	NA	0.228292511719746	0
ENSMUSG00000102139	Gm37109	1459321_at	NA	0.216313498349635	0	NA	-0.240319310368199	0
ENSMUSG00000102140	Gm38058	1430809_at	NA	0.740812376695527	0.1	NA	-0.440840574390853	0
ENSMUSG00000102157	Gm37470	1446061_at	NA	-0.917612778237938	-0.1	0.18171573696309	-1.79385316746523	-0.2
ENSMUSG00000102184	Gm37192	1447590_at	NA	0.473767687069986	0.1	NA	-0.122504131807474	0
ENSMUSG00000102185	5033404E19Rik	1432336_at	NA	1.1185349237349	0.2	NA	-1.775981723404	-0.2
ENSMUSG00000102205	9430092D12Rik	1454331_at	NA	-0.640443208459009	-0.1	0.829383018645293	0.29834234661729	0
ENSMUSG00000102212	C230085N15Rik	1438125_at	NA	0.53414453605979	0.1	NA	-2.6902446440004	-0.2
ENSMUSG00000102224	4930447F24Rik	1441749_at	NA	1.88729995983793	0.2	NA	-1.63365107012737	-0.1
ENSMUSG00000102249	4930423C22Rik	1433128_at	NA	-0.170868193226764	0	0.973300348884654	-0.0518286887000397	0
ENSMUSG00000102252	Snrpn	1441905_x_at	NA	-0.96417467501164	-0.1	NA	0.443623320829816	0
ENSMUSG00000102267	9530003O04Rik	1443648_at	NA	0.929672106810539	0.1	NA	0.518185369328951	0
ENSMUSG00000102271	C630050I24Rik	1431656_at	NA	0.10196190182014	0	0.484668629638871	-0.912892540170592	-0.1
ENSMUSG00000102276	2900069G24Rik	1433123_at	0.655960075556892	-0.566898579693688	-0.1	NA	0.281733680210486	0
ENSMUSG00000102302	Gm38190	1458522_at	0.575645311428741	-0.729432302666207	-0.2	0.923240172263615	-0.136650741141569	0
ENSMUSG00000102308	2310046K23Rik	1454264_at	NA	-0.823791065936394	-0.1	NA	-0.112757028773083	0
ENSMUSG00000102322	4930566N20Rik	1433218_at	NA	-0.765714020366182	-0.1	NA	0.698451676422515	0.1
ENSMUSG00000102326	Gm37788	1444671_at	NA	0.431343680084543	0	NA	0.461340509955275	0
ENSMUSG00000102330	Gm37234	1446984_at	NA	-0.419825727271537	-0.1	NA	-1.28190792094836	-0.1
ENSMUSG00000102336	Gm37233	1447014_at	NA	0.847730527618501	0.1	NA	-0.670503050073	-0.1
ENSMUSG00000102344	9430053O09Rik	1442179_at	NA	2.06066906859978	0.2	0.0295897186434584	-3.32012855218747	-0.3
ENSMUSG00000102353	Gm38345	1440665_at	NA	0.23672992114212	0	NA	-0.223789332595386	0
ENSMUSG00000102362	4930509J09Rik	1432038_at	NA	-1.16469631634979	-0.2	NA	-0.648511059700686	-0.1
ENSMUSG00000102375	A930036K24Rik	1431174_at	NA	1.28331892068573	0.2	NA	-0.863082413126995	-0.1
ENSMUSG00000102386	2900022M07Rik	1433388_at	NA	-0.00258427176406455	0	NA	1.23612991133744	0.1
ENSMUSG00000102404	5530400K19Rik	1432682_at	NA	0.280728932440266	0	NA	-0.949827180576103	-0.1
ENSMUSG00000102408	4930568G15Rik	1430884_at	0.374269634573263	-1.25415506378155	-0.3	0.0260143999017813	-3.44116117160395	-0.3
ENSMUSG00000102416	4933424G06Rik	1430235_at	NA	-1.57916736184015	-0.2	NA	-0.546664935119547	0
ENSMUSG00000102423	Gm37465	1441321_at	0.353531880215482	-1.34371776502484	-0.4	0.257679655359188	-1.48649940383531	-0.2
ENSMUSG00000102424	Paupar	1440049_at	NA	0.0355334782693814	0	NA	0.875734806154357	0.1
ENSMUSG00000102448	Gm37101	1444447_at	0.360326767820827	-1.30937509213567	-0.3	NA	-1.0188110745343	-0.1
ENSMUSG00000102469	Gm38201	1443693_at	NA	-0.718186440357543	-0.1	NA	-0.358946637626791	0
ENSMUSG00000102474	2610012C04Rik	1432606_at	NA	-0.432268098327784	-0.1	NA	-0.855824144395747	-0.1
ENSMUSG00000102523	Gm37783	1458102_at	NA	0.610983181649253	0.1	0.808070693135828	-0.332850394028136	0
ENSMUSG00000102556	Gm37569	1444175_at	NA	-0.765848281236919	-0.1	NA	-0.0570444941733963	0
ENSMUSG00000102602	A930004J17Rik	1457760_at	NA	1.32738559342549	0.1	NA	1.15467258203648	0.1
ENSMUSG00000102615	Gm37844	1446549_at	NA	0.110820905832456	0	NA	0.404677635803414	0
ENSMUSG00000102621	Gm37674	1446420_at	NA	0.817371988915241	0.1	NA	-1.45509543645496	-0.1
ENSMUSG00000102644	Thap6	1453843_at	NA	-1.38682232813879	-0.2	NA	-0.804877669727463	-0.1
ENSMUSG00000102649	Gm38021	1459328_at	NA	0.891815352486429	0.1	NA	-0.823548611406053	-0.1
ENSMUSG00000102674	8030442B05Rik	1460505_at	NA	0.389483365695785	0	0.285140664110633	-1.40128746725821	-0.2
ENSMUSG00000102687	Gm37219	1458768_at	NA	1.50529371164831	0.2	NA	-1.40079333226767	-0.1
ENSMUSG00000102693	4933401J01Rik	1433330_at	NA	2.16158538445637	0.3	NA	0.562456598425458	0
ENSMUSG00000102721	A630081D01Rik	1457759_at	NA	0.838070485908075	0.1	NA	-0.307330864355795	0
ENSMUSG00000102723	Gm37936	1444190_at	NA	0.446826360979638	0.1	NA	-0.994039256041459	-0.1
ENSMUSG00000102729	Gm32444	1442913_at	NA	-0.515634530981558	-0.1	NA	0.240650777745495	0
ENSMUSG00000102737	1700016A09Rik	1432470_at	NA	-0.797111094346244	-0.1	NA	0.306605601652914	0
ENSMUSG00000102749	Gm37598	1443222_at	NA	0.931119393328935	0.1	NA	0.688689275372833	0.1
ENSMUSG00000102752	Gm7694	1435839_at	NA	0.68011160781443	0.1	NA	-0.486929699189738	0
ENSMUSG00000102758	Naaladl2	1430934_at	NA	-1.04722003995798	-0.1	NA	-0.364139575054195	0
ENSMUSG00000102786	Gm38252	1443347_at	NA	-0.244858777042964	0	0.801512344716932	-0.3446981919722	0
ENSMUSG00000102801	Gm37478	1442491_at	NA	0.521208554988359	0.1	NA	0.0406613622402004	0
ENSMUSG00000102808	5430420F09Rik	1453660_at	NA	0.727240435207706	0.1	NA	-0.213368772883794	0
ENSMUSG00000102813	Gm37795	1443051_at	NA	2.88267372586546	0.3	NA	-0.638452468591438	0
ENSMUSG00000102840	Gm38037	1443999_at	NA	0.310203124417556	0.1	0.140435081120625	-2.00519649438628	-0.2
ENSMUSG00000102861	Gm37637	1443032_at	NA	-0.0148739469434086	0	NA	-1.42826084656501	-0.1
ENSMUSG00000102880	4930517J16Rik	1453452_at	NA	-1.21915155336305	-0.1	NA	1.51759252709777	0.1
ENSMUSG00000102887	Gm10857	1439480_at	NA	0.132079095102288	0	0.0860648797701069	-2.44005414958388	-0.2
ENSMUSG00000102895	5830415G21Rik	1432729_at	NA	-1.15900008278894	-0.1	NA	-0.456786228164378	0
ENSMUSG00000102902	Gm38263	1446514_at	NA	-0.554282978341398	-0.1	NA	-0.607878892487495	0
ENSMUSG00000102909	Gm2453	1440680_at	NA	0.180894795335442	0	NA	-1.12552404877194	-0.1
ENSMUSG00000102930	Gm38115	1457822_at	NA	1.30475652335364	0.2	NA	1.15585901295432	0.1
ENSMUSG00000102937	Gm38116	1457152_at	NA	-0.678877477002961	-0.1	NA	1.4800948247184	0.1
ENSMUSG00000102950	Gm37018	1443191_at	NA	-0.171998718066853	0	NA	0.134512342220462	0
ENSMUSG00000102959	Gm37015	1441695_at	NA	-1.60461970770698	-0.3	NA	-1.41934031003426	-0.1
ENSMUSG00000102964	9430034N14Rik	1441352_at	NA	0.260243564870556	0	NA	0.685197006472115	0
ENSMUSG00000102971	A730062M13Rik	1446810_at	NA	0.149613461942073	0	NA	-0.247665651280181	0
ENSMUSG00000102973	E430014B02Rik	1437699_at	NA	-1.43737684127335	-0.2	NA	0.327436646443799	0
ENSMUSG00000102985	4930456G14Rik	1454485_at	0.272293563442761	-1.64175054870702	-0.4	0.140042177602813	2.00795373463903	0.2
ENSMUSG00000102997	Gm17244	1441582_at	NA	-1.81728524750485	-0.2	NA	-1.12376857332158	-0.1
ENSMUSG00000103001	A930005N03Rik	1430065_at	NA	2.37476067781592	0.3	NA	-1.25094554710499	-0.1
ENSMUSG00000103006	4933417C20Rik	1431517_at	NA	-1.60083903221482	-0.2	0.0207210330506435	-3.6550443586144	-0.3
ENSMUSG00000103038	Gm37124	1456650_at	0.419863662241201	-1.1162683854582	-0.2	NA	0.481303961590182	0
ENSMUSG00000103041	Gm37305	1437383_at	NA	-0.101083995257567	0	NA	-0.888462040310469	-0.1
ENSMUSG00000103079	Gm36307	1443965_at	NA	0.39680412885551	0.1	NA	0.993504819122821	0.1
ENSMUSG00000103082	Gm38124	1441459_at	NA	0.354265039636597	0	NA	-2.74991297601719	-0.2
ENSMUSG00000103108	Rncr4	1456817_at	NA	-1.393442504354	-0.2	NA	-1.00578056350088	-0.1
ENSMUSG00000103136	Gm37980	1432932_at	NA	1.2631104927969	0.1	NA	-0.18360619106468	0
ENSMUSG00000103149	AA914427	1444070_at	NA	1.04370096930868	0.1	NA	0.155331965824104	0
ENSMUSG00000103164	Gm38150	1447393_at	NA	1.12408920559994	0.1	NA	-1.02554536768754	-0.1
ENSMUSG00000103178	Fgfr3-ps	1457411_at	NA	1.28716606040171	0.2	NA	0.310432248759966	0
ENSMUSG00000103192	Gm37645	1444878_at	NA	0.732799322072186	0.1	NA	0.606770832364864	0.1
ENSMUSG00000103200	Gm37328	1458155_at	NA	-0.763823021157312	-0.1	NA	-0.245425965495704	0
ENSMUSG00000103259	2610105M22Rik	1432773_at	NA	-0.586355701576843	-0.1	0.0803797093903203	-2.49179302047805	-0.2
ENSMUSG00000103284	3110080O07Rik	1430967_at	NA	-1.73873146367045	-0.2	NA	-0.845209790208295	-0.1
ENSMUSG00000103287	1700034J04Rik	1454251_at	NA	0.251555405804339	0	NA	0.479028193337981	0
ENSMUSG00000103291	Gm38235	1459612_at	NA	0.515351322075371	0.1	NA	-1.36457460295373	-0.1
ENSMUSG00000103303	Gm37802	1446396_at	NA	1.01940480184995	0.2	NA	-0.599045977388561	-0.1
ENSMUSG00000103309	BC037039	1437444_at	NA	0.68681088913375	0.1	NA	2.15126458782752	0.2
ENSMUSG00000103317	Gm38359	1446426_at	NA	0.448207623284156	0.1	NA	-0.250931791991094	0
ENSMUSG00000103321	4933403L11Rik	1454546_at	NA	0.671087531756951	0.1	NA	-0.383696337221064	0
ENSMUSG00000103331	Gm37995	1446142_at	NA	-0.267167897177431	0	NA	-1.5419821084092	-0.1
ENSMUSG00000103334	Gm29771	1438898_at	NA	-0.705055039746641	-0.1	NA	-1.23936211234204	-0.1
ENSMUSG00000103366	C630004L07Rik	1447082_at	NA	1.35937100727067	0.1	NA	0.54730251753637	0
ENSMUSG00000103373	Gm37238	1458122_at	NA	-1.24974099418306	-0.1	NA	0.591901011452724	0.1
ENSMUSG00000103378	Gm37176	1443553_at	NA	0.121766001183655	0	NA	-0.682891477315216	0
ENSMUSG00000103407	4930540E01Rik	1454346_at	NA	0.836756345057389	0.1	NA	-1.54763420872964	-0.1
ENSMUSG00000103427	Gm37534	1444462_at	0.490759309579804	0.9223204572193	0.2	NA	-1.453138151569	-0.1
ENSMUSG00000103428	Gm20754	1446282_at	NA	1.09840630644784	0.2	NA	0.612005395845588	0.1
ENSMUSG00000103454	Gm38098	1445064_at	NA	-1.06097912577403	-0.1	NA	-0.124822160216748	0
ENSMUSG00000103477	5930409G06Rik	1430745_at	NA	-1.7016831885087	-0.2	NA	0.74000449707245	0.1
ENSMUSG00000103497	Gm37407	1458290_at	NA	0.129727865164865	0	NA	2.81953065434524	0.2
ENSMUSG00000103502	9330121J05Rik	1440987_at	NA	-1.33256362017827	-0.2	NA	-0.878765433726511	-0.1
ENSMUSG00000103503	1700023G09Rik	1432069_at	NA	-0.119989289994903	0	NA	0.950859869115133	0.1
ENSMUSG00000103522	9430087J23Rik	1432775_at	NA	0.739950219360376	0.1	NA	-0.191917089981229	0
ENSMUSG00000103529	A730089K16Rik	1437263_at	NA	0.0820394582114404	0	NA	0.748643157795376	0.1
ENSMUSG00000103563	8030445P17Rik	1458779_at	NA	1.45670042204853	0.3	0.564658225261235	0.763589143221949	0.1
ENSMUSG00000103572	Gm37115	1443195_at	NA	-0.11231296508226	0	NA	0.203504777607194	0
ENSMUSG00000103608	4930442P19Rik	1430870_at	NA	-0.120205097163176	0	NA	-0.349067157977952	0
ENSMUSG00000103614	Gm37949	1457169_at	NA	1.02388208382732	0.2	NA	-0.766726299071434	-0.1
ENSMUSG00000103616	1700018A14Rik	1453900_at	NA	0.0664465303428199	0	NA	0.313722269475537	0
ENSMUSG00000103622	Gm38391	1459230_at	0.51469429103395	0.863445559730986	0.2	NA	-0.488782453915265	0
ENSMUSG00000103634	3110062G12Rik	1433092_at	NA	-0.144083471282714	0	NA	0.220317668033168	0
ENSMUSG00000103695	A830029E22Rik	1446677_at	NA	-0.683824869554776	-0.1	NA	0.162161672773876	0
ENSMUSG00000103697	Gm38020	1439305_at	NA	-0.290133817998094	0	0.587038556681432	0.72280280286488	0.1
ENSMUSG00000103705	4930518J20Rik	1430342_at	NA	-0.770237327049349	-0.1	NA	-0.701253280153812	-0.1
ENSMUSG00000103706	6820402A03Rik	1432880_at	NA	0.492469132245568	0	NA	-1.9955557478383	-0.2
ENSMUSG00000103713	Gm2136	1457494_at	NA	-0.778467620407244	-0.1	NA	0.0114810261403558	0
ENSMUSG00000103715	4933431K14Rik	1453204_at	NA	-0.270177765823301	0	NA	0.596876861406226	0
ENSMUSG00000103722	2700078F05Rik	1433077_at	NA	0.619297823881292	0.1	NA	-0.645379049813529	-0.1
ENSMUSG00000103755	Gm37805	1442234_at	NA	-0.0390958611293354	0	NA	-1.36202068448004	-0.1
ENSMUSG00000103821	D430013B06Rik	1458924_at	NA	1.21011458804462	0.1	NA	-0.253798676931754	0
ENSMUSG00000103822	6030460B20Rik	1433339_at	NA	-0.174724362158955	0	NA	-1.34515169446208	-0.1
ENSMUSG00000103831	Gm37608	1457171_at	NA	1.22467848435753	0.2	NA	-1.88838332884279	-0.1
ENSMUSG00000103835	Gm37612	1459455_at	NA	-2.0583038632611	-0.3	NA	1.08940384628187	0.1
ENSMUSG00000103839	Gm37607	1457365_at	NA	-0.465331687094882	-0.1	NA	-0.414789270284954	0
ENSMUSG00000103843	Gm31266	1441872_x_at	NA	0.452728815050274	0.1	NA	0.720255233285218	0.1
ENSMUSG00000103844	4933436E23Rik	1454185_at	NA	-1.02553138284709	-0.2	NA	0.033687718327338	0
ENSMUSG00000103898	Gm30238	1444653_at	NA	0.578689440487537	0.1	NA	-1.68408057356019	-0.1
ENSMUSG00000103906	Tigd5	1440377_at	NA	-1.22096488141321	-0.1	NA	0.594161942340165	0
ENSMUSG00000103928	Gm37893	1446613_at	NA	0.874208469764588	0.1	NA	0.425824093111895	0
ENSMUSG00000103932	Gm36963	1456787_at	NA	0.237110741180191	0	NA	-1.88822447952066	-0.1
ENSMUSG00000103935	AY702102	1447542_at	NA	-0.321637224596689	0	NA	-1.0445971548568	-0.1
ENSMUSG00000103965	Gm30173	1457444_at	NA	-1.09650653024956	-0.1	NA	-1.96919751825027	-0.2
ENSMUSG00000103983	Gm20045	1457772_at	NA	0.0950428259754449	0	NA	-1.24853177173978	-0.1
ENSMUSG00000103995	5730488B01Rik	1432886_at	NA	-0.120340478835682	0	NA	-1.5791057060213	-0.1
ENSMUSG00000104004	4930565D16Rik	1432277_at	NA	1.79548721144022	0.3	NA	-2.99442165673204	-0.2
ENSMUSG00000104018	4833412K13Rik	1432719_at	0.447330570465038	1.0440205859801	0.2	NA	-1.50808108818971	-0.1
ENSMUSG00000104027	Gm37211	1446358_at	NA	0.0177123809431115	0	NA	-0.586330490403852	0
ENSMUSG00000104030	5330406M23Rik	1429900_at	NA	0.212654376545439	0	NA	1.17574424846197	0.1
ENSMUSG00000104034	2900092N22Rik	1454472_at	NA	-0.981409206839689	-0.1	NA	0.44169596546159	0
ENSMUSG00000104044	Gm37566	1457503_at	NA	1.69763918969936	0.2	NA	-1.39778154964632	-0.1
ENSMUSG00000104069	Gm37198	1444369_at	NA	0.353386695761326	0	NA	-1.46222677483254	-0.1
ENSMUSG00000104086	1700039M15Rik	1454548_at	NA	1.01201725626998	0.1	NA	1.12831638805729	0.1
ENSMUSG00000104107	Gm37879	1457524_at	NA	-1.49605470977448	-0.2	NA	1.06951453817382	0.1
ENSMUSG00000104114	Gm37297	1459389_at	NA	2.11149718586115	0.3	NA	-2.35240326059486	-0.2
ENSMUSG00000104116	Gm37296	1458712_at	NA	-0.536239609076574	-0.1	NA	-0.572744011153504	0
ENSMUSG00000104156	Gm38102	1437562_at	NA	-1.93549359098134	-0.3	NA	-0.924531339165511	-0.1
ENSMUSG00000104158	Gm38100	1442362_at	NA	1.08152764994818	0.1	0.737948235835191	-0.451250226626535	-0.1
ENSMUSG00000104167	A030012G06Rik	1459943_at	NA	0.488185531585285	0.1	NA	-0.0878859409543056	0
ENSMUSG00000104186	Gm37819	1445583_x_at	0.410938378668863	-1.13953654343685	-0.4	NA	-2.29826202654975	-0.2
ENSMUSG00000104212	Gm37986	1441136_at	NA	0.134086725296713	0	NA	-0.95167565611217	-0.1
ENSMUSG00000104220	4930578I07Rik	1432109_at	NA	0.301509069144575	0	NA	-0.335123508020262	0
ENSMUSG00000104234	5330439B14Rik	1454117_at	NA	-0.774619773694853	-0.1	NA	1.2644592364367	0.1
ENSMUSG00000104236	4930533L02Rik	1432240_at	NA	0.612539751895214	0.1	NA	-1.9268773998251	-0.2
ENSMUSG00000104244	2900018N21Rik	1432825_at	NA	-0.018028768878319	0	NA	0.443781511526417	0
ENSMUSG00000104262	Gm37747	1446152_at	0.520569988568236	-0.849978957869281	-0.2	NA	0.85688719378914	0.1
ENSMUSG00000104266	Gm37748	1439982_at	NA	0.85609998869002	0.1	NA	0.170390086953948	0
ENSMUSG00000104271	Gm37891	1441521_at	NA	-1.73030280613422	-0.3	NA	-1.53675835208212	-0.1
ENSMUSG00000104273	A530064N14Rik	1445107_at	NA	-0.0104533565093292	0	NA	1.65958935423046	0.1
ENSMUSG00000104277	Gm38299	1458891_at	NA	1.1760756672745	0.1	NA	-0.678246132163833	-0.1
ENSMUSG00000104291	A130071D04Rik	1438052_at	NA	0.43445874969354	0.1	NA	-0.61462383088526	0
ENSMUSG00000104342	Gm36401	1444443_at	NA	1.17613031988409	0.1	NA	0.133587865093278	0
ENSMUSG00000104343	5730408A14Rik	1432942_at	NA	0.771321232551982	0.1	NA	0.668927838264146	0.1
ENSMUSG00000104365	4930470B04Rik	1454057_at	NA	0.0907276120748252	0	NA	-1.97362841704725	-0.2
ENSMUSG00000104366	4933409D19Rik	1454085_at	NA	-2.43688129830172	-0.3	NA	0.694690932251938	0.1
ENSMUSG00000104380	4933436F18Rik	1431499_at	NA	-0.311212308261239	0	NA	0.811809858162022	0.1
ENSMUSG00000104394	Gm37254	1431266_at	NA	-0.450027484410731	-0.1	NA	0.163388381474277	0
ENSMUSG00000104415	Gm37069	1440532_a_at	NA	-1.39134999519624	-0.1	NA	0.771240243380198	0.1
ENSMUSG00000104436	Gm37423	1446330_at	NA	0.865456168275165	0.1	NA	-0.739193240539617	-0.1
ENSMUSG00000104443	4932442E05Rik	1453663_at	NA	-1.0851348367361	-0.1	NA	1.4475644440855	0.1
ENSMUSG00000104484	Gm33142	1442877_at	NA	-0.417644807928229	-0.1	0.422391424684427	-1.04769097510188	-0.1
ENSMUSG00000104507	A430027H14Rik	1439657_at	NA	-1.17865276780132	-0.1	NA	-1.11881702755428	-0.1
ENSMUSG00000104520	Gm37336	1440127_a_at	NA	-0.624524224117646	-0.1	NA	-1.90692666613768	-0.2
ENSMUSG00000104526	1700045I11Rik	1432557_at	NA	1.01497126312963	0.1	NA	-1.68197669844465	-0.1
ENSMUSG00000104529	Rbakdn	1434259_at	NA	-1.00362308673078	-0.1	NA	-0.565367029548622	0
ENSMUSG00000104571	Gm43010	1459600_at	NA	-0.265056391003859	0	0.778141699864446	-0.382839658864016	0
ENSMUSG00000104579	5830437K03Rik	1432731_at	NA	-0.651337110486096	-0.1	NA	-0.51391110000349	0
ENSMUSG00000104585	4921511C10Rik	1432070_at	NA	-0.329092741158096	0	NA	0.420272484328244	0
ENSMUSG00000104586	4921539H07Rik	1453922_at	NA	0.0473915765324074	0	NA	0.275950744779996	0
ENSMUSG00000104597	B230334C09Rik	1458307_at	NA	-0.424306566488072	0	NA	0.601238891815534	0
ENSMUSG00000104614	Fbxw27	1454262_at	NA	-0.414511582799404	-0.1	NA	-0.677798998245495	-0.1
ENSMUSG00000104638	4930568A13Rik	1454196_at	NA	1.28544360494916	0.2	NA	-0.642564322021443	-0.1
ENSMUSG00000104667	Gm4961	1456841_at	NA	0.147001594262318	0	NA	-0.758944062805274	-0.1
ENSMUSG00000104682	Gm42636	1444695_at	NA	1.01413267374989	0.1	NA	0.488882057879721	0
ENSMUSG00000104693	Gm42941	1458868_at	0.477757963384666	-0.961676168971959	-0.2	NA	1.39919290718083	0.1
ENSMUSG00000104703	4921521D15Rik	1454050_at	NA	-0.0668341182533028	0	0.0970133521230199	2.33303515951841	0.2
ENSMUSG00000104704	Gm43133	1459001_at	0.34103310756897	-1.38976765611675	-0.4	NA	-0.755343865205442	-0.1
ENSMUSG00000104705	4930405N21Rik	1454139_at	NA	0.428486222462583	0.1	NA	0.152345761860267	0
ENSMUSG00000104719	4933437G19Rik	1430836_at	NA	-1.71085993328797	-0.3	NA	-1.46916708456709	-0.1
ENSMUSG00000104724	Gm43162	1444343_at	NA	1.61560521354728	0.2	NA	-0.676168744756134	-0.1
ENSMUSG00000104727	Gm42500	1441721_at	NA	1.64595639028967	0.2	NA	-1.44635093258601	-0.1
ENSMUSG00000104735	C130075A20Rik	1442845_at	NA	-0.671501415580585	-0.1	NA	1.58542932069032	0.1
ENSMUSG00000104781	Gm43303	1419793_at	NA	-0.884075256149655	-0.1	NA	0.232307982699067	0
ENSMUSG00000104795	Gm42783	1456803_at	NA	1.56040336805501	0.2	NA	-1.84190179395138	-0.2
ENSMUSG00000104814	Gm42979	1456880_at	NA	0.823247357902757	0.1	NA	-0.202627915847782	0
ENSMUSG00000104833	Gm42489	1457920_at	NA	1.29538196555196	0.2	NA	-0.870938864098986	-0.1
ENSMUSG00000104835	Gm5547	1446745_at	NA	-0.259173013863587	0	NA	-1.12787753798505	-0.1
ENSMUSG00000104852	Gm43201	1446571_at	NA	0.684523939254702	0.1	NA	-0.521658451400631	0
ENSMUSG00000104861	3110039M20Rik	1440204_at	NA	-1.4013274611042	-0.1	NA	-0.919843451893361	-0.1
ENSMUSG00000104868	Gm9954	1441025_at	NA	0.99922427774104	0.1	NA	0.118509202523185	0
ENSMUSG00000104876	Trdc	1459400_at	NA	-0.526978156665613	-0.1	NA	-0.155012449772607	0
ENSMUSG00000104888	1500005C15Rik	1454321_at	0.406936612693384	-1.15149063449702	-0.4	NA	-0.51790170926638	0
ENSMUSG00000104891	2510017J16Rik	1430393_at	NA	0.837990376734469	0.1	NA	-0.346737247983075	0
ENSMUSG00000104904	9330198I05Rik	1432303_at	NA	-1.06020106176861	-0.2	0.252867429429734	-1.50626671465596	-0.2
ENSMUSG00000104912	Gm43023	1440309_at	NA	0.272780165098579	0	NA	-1.2272663246336	-0.1
ENSMUSG00000104917	Gm43289	1447411_at	NA	0.0678003573628857	0	0.362612868192005	1.18049268995235	0.1
ENSMUSG00000104936	2610011E03Rik	1454404_at	NA	-0.283980828978369	0	NA	-0.364261892940778	0
ENSMUSG00000104943	Gm42868	1458160_at	NA	-2.42362021649248	-0.3	0.0970133521230199	-2.33523197954427	-0.2
ENSMUSG00000104950	4833413G10Rik	1430382_at	NA	0.241761053424077	0	NA	-0.174077389807772	0
ENSMUSG00000104951	Gm43413	1441510_at	0.274527313340295	1.62773020593371	0.4	NA	-0.904128332329835	-0.1
ENSMUSG00000104956	4930429D17Rik	1431990_at	NA	0.401640875836992	0	NA	-1.81706700269998	-0.1
ENSMUSG00000104963	Gm42974	1446108_at	NA	-0.900928416355872	-0.1	NA	-1.28595672729999	-0.1
ENSMUSG00000104964	4930597L12Rik	1432438_at	NA	0.645375188686041	0.1	NA	-1.68308074054335	-0.1
ENSMUSG00000104969	Gm43445	1439651_at	NA	0.279160824012113	0	NA	1.04717365299874	0.1
ENSMUSG00000104971	9430087B13Rik	1454561_at	NA	-0.351522551992023	0	NA	-0.361394502570429	0
ENSMUSG00000104986	1600023N17Rik	1457647_x_at	NA	-0.807693860119449	-0.1	NA	-1.79267549449688	-0.2
ENSMUSG00000104999	4930477O15Rik	1433317_at	NA	0.410841616232261	0.1	NA	0.160860203345549	0
ENSMUSG00000105006	Gm9484	1441813_at	NA	-0.170456973060928	0	NA	-1.61030695966301	-0.1
ENSMUSG00000105019	Gm43547	1442782_at	NA	-1.57764330042023	-0.2	NA	0.987817087809619	0.1
ENSMUSG00000105059	Gm42498	1444261_at	NA	-0.461240829906761	-0.1	NA	-1.02992811732776	-0.1
ENSMUSG00000105071	Gm43336	1442972_at	NA	1.78695362738866	0.2	NA	0.602836845040093	0
ENSMUSG00000105137	Gm42869	1446565_at	NA	0.900367896986987	0.1	NA	-0.0283066549666037	0
ENSMUSG00000105160	A530030E21Rik	1442023_at	NA	1.78229858321641	0.2	NA	-0.558862580177968	-0.1
ENSMUSG00000105184	Gm42537	1446392_at	NA	1.1146061895232	0.1	NA	1.63934861451005	0.1
ENSMUSG00000105185	4930519H02Rik	1442391_at	NA	0.683934452107725	0.1	0.668478491840728	0.576377271979683	0.1
ENSMUSG00000105203	4933428P19Rik	1454291_at	NA	-0.496233725462134	-0.1	NA	0.652059857934444	0.1
ENSMUSG00000105226	A930028O11Rik	1454352_at	NA	1.7839793870671	0.2	0.293691759306156	-1.37202004179781	-0.1
ENSMUSG00000105229	Gm43149	1457515_at	NA	1.08212653390854	0.2	NA	-1.22561854144678	-0.1
ENSMUSG00000105265	Sox2ot	1460587_at	NA	-1.06349065688696	-0.2	NA	-1.90024013532134	-0.1
ENSMUSG00000105274	1700048F04Rik	1432345_at	NA	0.702217845283333	0.1	NA	-0.659132965900125	0
ENSMUSG00000105290	Gm43528	1446279_at	NA	-0.677179639194797	-0.1	NA	0.713152762315462	0.1
ENSMUSG00000105300	Gm30613	1443913_at	NA	-0.701873570298731	-0.1	NA	-0.191690225017377	0
ENSMUSG00000105326	6030400A10Rik	1433203_at	NA	0.940632034458619	0.2	NA	-1.27311420409504	-0.1
ENSMUSG00000105345	BC030343	1441387_at	NA	-0.575547804048455	-0.1	NA	1.58265633779618	0.1
ENSMUSG00000105350	4930537H20Rik	1454419_at	NA	1.9496034872231	0.3	NA	-0.596563791720368	-0.1
ENSMUSG00000105368	Gm43759	1433151_at	NA	-1.79453534646271	-0.2	NA	-0.838514277282972	-0.1
ENSMUSG00000105447	Gm43653	1446336_at	NA	-0.606560428340496	-0.1	NA	0.530613403180053	0
ENSMUSG00000105449	Gm43379	1444684_at	NA	-0.875108040063682	-0.1	NA	-1.29079581380499	-0.1
ENSMUSG00000105457	Gm43200	1460063_at	NA	0.589193824680706	0.1	NA	-1.24792862624857	-0.1
ENSMUSG00000105459	4930449I04Rik	1433295_at	NA	-0.555775852586292	-0.1	0.014064342876344	-4.03841808867837	-0.4
ENSMUSG00000105469	A930036I15Rik	1433364_at	NA	0.902999171202042	0.2	NA	-0.218724023290303	0
ENSMUSG00000105481	6430500D05Rik	1454386_at	NA	-0.818312972923419	-0.1	NA	1.14306858729608	0.1
ENSMUSG00000105490	4933438B17Rik	1432234_at	NA	-0.729463723164924	-0.1	NA	0.38228002642447	0
ENSMUSG00000105501	5330426L24Rik	1430914_at	NA	0.962766185969369	0.1	NA	-1.42532925392121	-0.1
ENSMUSG00000105502	Gm42536	1446599_at	NA	1.06415147969086	0.2	NA	0.191501646492444	0
ENSMUSG00000105509	C130013H08Rik	1457071_x_at	NA	-1.03293853709095	-0.1	NA	0.68260336963917	0.1
ENSMUSG00000105527	4933424H11Rik	1432909_at	NA	-0.317852670265391	0	NA	-0.810386485098661	-0.1
ENSMUSG00000105545	4930599N24Rik	1432596_at	NA	-1.80544477574024	-0.2	NA	-1.28612732422141	-0.1
ENSMUSG00000105565	Gm43566	1442980_at	0.450652096881218	1.03165213333384	0.3	NA	-2.50740091574499	-0.2
ENSMUSG00000105572	Gm43300	1458757_at	NA	0.852944275776584	0.1	0.257304867052374	-1.49021894248836	-0.2
ENSMUSG00000105586	Gm43009	1446663_at	NA	-0.777810632976634	-0.1	NA	-0.411528647836267	0
ENSMUSG00000105594	Gm43398	1457523_at	NA	-1.38465798341251	-0.2	NA	-1.4130055205465	-0.1
ENSMUSG00000105597	4633401B06Rik	1429822_at	NA	3.82020635801967	0.4	NA	0.453858740434122	0
ENSMUSG00000105607	Gm43513	1453336_at	NA	0.345093130586121	0.1	NA	-0.3033996315408	0
ENSMUSG00000105619	9530034A14Rik	1430473_at	NA	0.0915765287751168	0	NA	0.295840196140435	0
ENSMUSG00000105638	4930408K08Rik	1454110_at	NA	0.28206578787414	0	NA	0.418029034209541	0
ENSMUSG00000105652	4930519L02Rik	1454269_s_at	NA	1.01724380548699	0.1	NA	0.338899098055849	0
ENSMUSG00000105655	Gm42659	1440380_at	NA	0.071878672949957	0	NA	-0.949389861084516	-0.1
ENSMUSG00000105692	Gm43737	1447361_at	NA	-0.458971832380577	-0.1	0.14843890289065	1.96037807865374	0.2
ENSMUSG00000105695	Gm43327	1442551_at	NA	1.63477992246547	0.3	NA	-0.626313281541887	0
ENSMUSG00000105698	Gm31881	1457330_at	NA	0.154324826622293	0	NA	0.0281239788392915	0
ENSMUSG00000105707	Gm43753	1446649_at	NA	0.258965782844582	0	NA	-1.24094147960081	-0.1
ENSMUSG00000105720	Gm42440	1444675_at	NA	2.50644290278744	0.3	NA	0.371934798335096	0
ENSMUSG00000105729	5330425B07Rik	1454581_at	NA	0.249571843736238	0	NA	-0.252812301754007	0
ENSMUSG00000105735	4933415J04Rik	1454329_at	NA	-0.876807885260802	-0.1	NA	-1.36804405012767	-0.1
ENSMUSG00000105741	C79130	1459606_at	NA	-0.812226068575584	-0.1	NA	-2.08962637968777	-0.2
ENSMUSG00000105771	2900064K03Rik	1433032_at	NA	-0.140548386019598	0	NA	0.0451238201581021	0
ENSMUSG00000105834	4930592C13Rik	1442611_at	NA	1.19008355879628	0.1	NA	0.278377491691063	0
ENSMUSG00000105838	4930425O10Rik	1432085_at	NA	1.36988778868315	0.2	NA	-1.49425892679375	-0.1
ENSMUSG00000105843	Gm19439	1435119_at	NA	-0.939218181649816	-0.1	NA	0.394247876533586	0
ENSMUSG00000105851	9130604C24Rik	1440961_at	NA	-0.787779642975065	-0.2	NA	0.36464529030073	0
ENSMUSG00000105867	Gm42517	1440407_at	NA	-1.21713604999151	-0.2	NA	0.491020955034286	0.1
ENSMUSG00000105881	4932422M17Rik	1453828_at	NA	0.290207515052205	0	NA	-1.56419455338456	-0.1
ENSMUSG00000105890	Gm42780	1459595_at	NA	-1.01806254317677	-0.2	NA	0.0545068755079091	0
ENSMUSG00000105891	A230001M10Rik	1457570_at	NA	-0.0703350236252176	0	NA	0.919810990742787	0.1
ENSMUSG00000105896	Gm43311	1443118_at	0.926770955612458	-0.128405480335223	0	NA	-1.65890830971549	-0.1
ENSMUSG00000105929	Gm43693	1458917_at	NA	0.362639184238254	0	NA	-0.641148482242563	-0.1
ENSMUSG00000105935	Gm43628	1456703_at	NA	-0.627205087392253	-0.1	NA	-1.76721721222866	-0.1
ENSMUSG00000105945	Gm43570	1459206_at	NA	-0.145177498290652	0	NA	-0.69285708021549	-0.1
ENSMUSG00000105957	Gm43254	1437573_at	NA	-1.43369396001791	-0.1	NA	1.20569870316148	0.1
ENSMUSG00000105959	D530037P16Rik	1433375_at	NA	0.201743793744988	0	NA	0.409589421910734	0
ENSMUSG00000105962	Gm42432	1439467_at	NA	0.417340239056177	0.1	NA	-1.81513117335022	-0.2
ENSMUSG00000105981	2810428J06Rik	1431271_at	NA	0.185265656839348	0	NA	-0.61943377892093	0
ENSMUSG00000105987	AI506816	1445226_at	NA	0.525165175780015	0.1	NA	-0.029615216505029	0
ENSMUSG00000106002	5430434I15Rik	1432175_at	NA	-0.988741449047796	-0.1	NA	-2.05110940509171	-0.2
ENSMUSG00000106019	Gm43672	1435171_at	NA	0.651366238497888	0.1	NA	1.3024737494238	0.1
ENSMUSG00000106035	Gm43545	1441633_at	NA	-0.431563496031217	-0.1	0.199636555561573	1.71598341703993	0.2
ENSMUSG00000106087	Gm43609	1457991_at	NA	1.29608918011708	0.1	NA	-0.221775441834804	0
ENSMUSG00000106092	Gm43072	1445578_at	NA	0.793884499156562	0.1	NA	-1.65585082851227	-0.1
ENSMUSG00000106115	Gm43420	1445212_at	NA	-0.388149441420331	0	NA	0.22278951732053	0
ENSMUSG00000106120	Gm42697	1443066_at	NA	0.319518053951923	0	NA	-0.438434274444335	0
ENSMUSG00000106130	Gm44361	1459235_at	NA	-0.818049602238118	-0.1	NA	-1.10067786687572	-0.1
ENSMUSG00000106150	4921527H02Rik	1432694_at	NA	1.47033723854165	0.2	NA	0.770875168490147	0.1
ENSMUSG00000106164	9430085M18Rik	1430874_at	NA	-0.0403611554637746	0	NA	0.488641181596047	0
ENSMUSG00000106202	Gm43727	1441692_at	NA	0.6462955032388	0.1	0.207370780736262	-1.6821565922829	-0.2
ENSMUSG00000106205	C230096K16Rik	1458487_at	0.306794868516829	-1.48827809868791	-0.4	NA	-1.09425412167404	-0.1
ENSMUSG00000106219	5830416I19Rik	1431286_at	NA	-0.465277889251297	-0.1	NA	-0.820336139091367	-0.1
ENSMUSG00000106230	Gm29811	1439683_at	NA	0.783567877123997	0.1	NA	-0.744848686052411	-0.1
ENSMUSG00000106255	Gm36793	1445844_at	NA	-0.0613601511753395	0	NA	-0.929169079295655	-0.1
ENSMUSG00000106270	C820005J03Rik	1441432_at	NA	-1.35183439994318	-0.1	NA	0.252455092791221	0
ENSMUSG00000106296	4632404M16Rik	1454395_at	NA	1.54556836872859	0.2	NA	-0.934580787917651	-0.1
ENSMUSG00000106304	Gm42518	1443543_at	NA	0.64329823978225	0.1	NA	-0.551142490724471	-0.1
ENSMUSG00000106306	4933401H06Rik	1432210_at	NA	0.712879534705235	0.1	NA	-0.8574632327054	-0.1
ENSMUSG00000106321	Gm43674	1445099_at	NA	-1.09356534732975	-0.1	NA	-0.889577916009106	-0.1
ENSMUSG00000106333	4930428O21Rik	1453401_at	NA	-0.323615115377881	0	NA	-3.83764080538714	-0.3
ENSMUSG00000106371	9530097N15Rik	1431498_at	NA	0.895470635242821	0.1	NA	-0.455469821486764	0
ENSMUSG00000106379	Lhfpl3	1433990_at	NA	0.798657556454606	0.1	NA	0.971345307790587	0.1
ENSMUSG00000106438	Gm32051	1431283_at	NA	0.430059971293893	0	NA	0.694488685441369	0.1
ENSMUSG00000106450	Gm43018	1441869_x_at	NA	1.58501482991603	0.2	NA	0.87316510945817	0.1
ENSMUSG00000106475	Gm43011	1444281_at	NA	-0.30665552083333	0	NA	-0.601155066928356	-0.1
ENSMUSG00000106485	3830422I06Rik	1433237_at	NA	0.465331286447057	0.1	NA	0.313244269933813	0
ENSMUSG00000106508	4933425M03Rik	1432711_at	NA	1.69729869849301	0.2	NA	-0.264072928649977	0
ENSMUSG00000106547	B230303O12Rik	1456750_at	NA	0.21594734671399	0	NA	-0.577607849190099	0
ENSMUSG00000106553	6720482G16Rik	1433220_at	0.359001312324562	1.31360832797064	0.3	NA	-0.802640628238393	-0.1
ENSMUSG00000106557	Gm42442	1442360_at	NA	-0.804263807386992	-0.1	NA	-0.481744293016301	0
ENSMUSG00000106572	4933417G07Rik	1433280_at	NA	-0.288579987389592	0	NA	0.483375366840578	0
ENSMUSG00000106583	4930447N08Rik	1432242_at	NA	0.810437570448206	0.1	NA	-0.385541528271589	0
ENSMUSG00000106594	4930432H08Rik	1454495_at	NA	-0.308243848438248	0	0.0872768733421171	-2.42681871455234	-0.2
ENSMUSG00000106621	Gm42752	1432783_at	NA	-0.782843278795203	-0.2	NA	-0.165099463160348	0
ENSMUSG00000106662	Gm43034	1453404_at	NA	-1.47547836450724	-0.2	NA	1.72611396183537	0.1
ENSMUSG00000106665	Gm43389	1459477_at	NA	1.86924257031411	0.3	NA	0.52459630684177	0
ENSMUSG00000106683	Gm43263	1453429_at	NA	0.0357475026696955	0	NA	-1.67227506375106	-0.1
ENSMUSG00000106691	2700029L08Rik	1430823_at	NA	0.439250554864023	0.1	NA	-0.626290841952808	-0.1
ENSMUSG00000106718	Gm20052	1439339_at	NA	-0.149027690021386	0	NA	-0.709111594407573	-0.1
ENSMUSG00000106746	2900064F13Rik	1432813_at	NA	0.352507719005608	0	NA	-1.45324053081792	-0.1
ENSMUSG00000106749	Gm43281	1445398_at	NA	0.329390381426239	0	NA	0.0692317383544148	0
ENSMUSG00000106751	Gm42467	1458603_at	NA	-0.557301141183098	-0.1	NA	0.540096580080989	0
ENSMUSG00000106757	Gm43482	1446056_at	NA	1.38730846556752	0.1	0.235022687989087	-1.57069776535625	-0.2
ENSMUSG00000106762	4930478P22Rik	1432100_a_at	NA	-0.925231635723198	-0.1	NA	-0.707356229059824	-0.1
ENSMUSG00000106766	4933424N20Rik	1453618_at	NA	-0.347183240005396	0	NA	-1.08787906903128	-0.1
ENSMUSG00000106791	4930553P18Rik	1429931_at	NA	0.673669552113822	0.1	0.202274053643953	-1.70429564766769	-0.2
ENSMUSG00000106851	4930421C12Rik	1454440_at	NA	0.0785847040205957	0	0.984443297926011	-0.031800459653231	0
ENSMUSG00000106860	1700008H02Rik	1432652_at	NA	1.03929865523763	0.1	NA	0.137327318888248	0
ENSMUSG00000106864	Gtf3c2	1440307_at	NA	-0.346035902484686	0	NA	0.680518837101193	0
ENSMUSG00000106865	4930519E07Rik	1454426_at	NA	-0.189465684707559	0	0.807225685044662	0.334944443627673	0
ENSMUSG00000106866	Gm43659	1433301_at	NA	-1.17611571125123	-0.2	NA	-0.419564969856941	0
ENSMUSG00000106870	Gm43681	1458536_at	NA	0.687106441480755	0.1	NA	-0.485496653770206	0
ENSMUSG00000106887	A930005G22Rik	1443134_at	0.273360969836686	-1.63407411157506	-0.5	NA	-0.529236477225999	0
ENSMUSG00000106902	4930557J02Rik	1454189_at	NA	0.834508800515851	0.1	NA	-2.23995401582553	-0.2
ENSMUSG00000106944	Gm43843	1429344_at	NA	0.232299357521887	0	NA	-0.334347587433734	0
ENSMUSG00000106950	4930478M09Rik	1454550_at	NA	-0.806176647992119	-0.1	NA	-0.51267848320113	0
ENSMUSG00000106951	5930430L01Rik	1445558_at	0.436637738030909	1.070463605707	0.3	NA	0.323126616457597	0
ENSMUSG00000106981	Gm45495	1439994_at	NA	0.66481045703782	0.1	NA	0.996479612670246	0.1
ENSMUSG00000106990	Gm42547	1446090_at	NA	0.308069947339319	0	NA	1.080702424457	0.1
ENSMUSG00000107005	9030607J07Rik	1433009_at	NA	1.91487771431135	0.3	0.311088145134121	-1.31552951349828	-0.2
ENSMUSG00000107008	Gm2762	1431157_at	NA	-0.958927090014443	-0.2	NA	0.956504839339755	0.1
ENSMUSG00000107009	6720475M21Rik	1433246_at	NA	0.979208841271849	0.1	NA	1.42870047675033	0.1
ENSMUSG00000107019	Gm43682	1444704_at	NA	-0.399929909013863	0	NA	0.387838387936203	0
ENSMUSG00000107042	4921513H07Rik	1453494_at	NA	0.849379666264024	0.1	NA	-1.43544617134515	-0.1
ENSMUSG00000107049	Gm43771	1433021_at	NA	0.726069870422173	0.1	NA	-0.173214485551352	0
ENSMUSG00000107081	Gm43701	1460160_at	NA	-1.20935643127428	-0.2	NA	-0.22270309960789	0
ENSMUSG00000107086	Gm43808	1447489_at	NA	-0.519657932761755	-0.1	NA	-0.773018962050655	-0.1
ENSMUSG00000107134	Gm42528	1445894_at	NA	1.01608070697323	0.2	NA	-0.90697421937821	-0.1
ENSMUSG00000107142	4930566F21Rik	1429932_at	NA	0.270475860838958	0	NA	0.511134451720878	0
ENSMUSG00000107144	4930413E15Rik	1454128_at	NA	-0.391810990948288	-0.1	0.705178179035292	-0.510945021340121	-0.1
ENSMUSG00000107155	Gm43793	1446481_at	NA	0.384929735292789	0	NA	-1.214539487665	-0.1
ENSMUSG00000107164	4933425D22Rik	1429263_at	NA	0.812575994018848	0.1	NA	0.911440698611579	0.1
ENSMUSG00000107172	4933430H06Rik	1432736_at	NA	-0.525392625510526	-0.1	NA	0.695502223226478	0.1
ENSMUSG00000107182	Gm43268	1457190_at	NA	0.497364545753915	0	NA	0.653848302621413	0.1
ENSMUSG00000107198	Gm19619	1457487_at	NA	0.938209901223816	0.1	NA	0.176785078734657	0
ENSMUSG00000107214	4930500F04Rik	1454059_at	NA	-1.66530929637166	-0.2	NA	-1.24960597880133	-0.1
ENSMUSG00000107217	4930524B17Rik	1431544_at	0.209778696355787	-1.93362030860067	-0.4	0.725466832660765	0.473959165515473	0.1
ENSMUSG00000107232	1700017L05Rik	1457258_at	NA	-0.028212734985849	0	NA	0.0659781132929913	0
ENSMUSG00000107256	Gm13821	1459282_at	NA	1.35568330291366	0.2	NA	-0.168030921739712	0
ENSMUSG00000107271	BC028471	1444293_at	NA	0.407402493575161	0.1	NA	0.743642258915305	0.1
ENSMUSG00000107277	Gm10461	1447030_at	NA	-0.978620142814944	-0.1	NA	1.15778007793125	0.1
ENSMUSG00000107278	Gm42600	1444207_at	NA	2.51744129454381	0.2	NA	-0.447753272733577	0
ENSMUSG00000107284	Gm43280	1454300_at	NA	0.226243326032186	0	0.045570718979123	-2.94835838566165	-0.3
ENSMUSG00000107286	Gm43788	1447526_at	NA	-1.25541632600725	-0.1	NA	-0.831907731797485	-0.1
ENSMUSG00000107305	Gm43262	1430499_at	NA	-0.637033108661831	-0.1	NA	1.32310965963148	0.1
ENSMUSG00000107317	Gm19719	1459234_at	NA	-0.660148489336261	-0.1	NA	0.325261417598923	0
ENSMUSG00000107318	Gm30003	1446221_at	NA	-0.0747221878149124	0	NA	0.66315367116864	0.1
ENSMUSG00000107353	4930430O22Rik	1430900_at	NA	-0.875013549551254	-0.1	NA	-0.242533239349281	0
ENSMUSG00000107355	AI839979	1443071_at	NA	0.110723167333077	0	NA	0.830606482984409	0.1
ENSMUSG00000107370	Gm43588	1443678_at	NA	-0.624613000945967	-0.1	NA	-0.0239253029461822	0
ENSMUSG00000107375	Gm43084	1458772_at	0.357169791348829	-1.32040365718824	-0.3	0.0353253286901588	-3.16621099005794	-0.3
ENSMUSG00000107385	C330024D21Rik	1441180_at	NA	1.52633579837007	0.2	NA	-0.210579073793529	0
ENSMUSG00000107387	5430435K18Rik	1453944_at	NA	-0.667756399478123	-0.1	NA	0.150192412031293	0
ENSMUSG00000107397	4930402H05Rik	1432659_at	0.357169791348829	-1.31877409961163	-0.3	NA	-0.00595252145786173	0
ENSMUSG00000107402	4732416N19Rik	1446122_at	NA	0.511440824157061	0.1	NA	-3.19295652507461	-0.2
ENSMUSG00000107412	Gm20383	1443333_at	NA	-0.456756811288184	-0.1	NA	0.150527336714489	0
ENSMUSG00000107414	6330419E04Rik	1454501_at	NA	1.45335125081123	0.2	NA	-0.536652878955487	-0.1
ENSMUSG00000107434	Gm4640	1431845_at	NA	-0.642749928241301	-0.1	NA	-1.14147986818377	-0.1
ENSMUSG00000107446	Gm43906	1440758_at	NA	0.0839969905104928	0	NA	-1.3593287011709	-0.1
ENSMUSG00000107451	Gm44421	1456551_at	NA	0.073614045474609	0	NA	-0.394787645516938	0
ENSMUSG00000107468	5730507A11Rik	1432627_at	0.289805334270333	1.56830338974687	0.3	NA	-1.78718510077619	-0.1
ENSMUSG00000107476	Zfp862-ps	1434591_at	0.353119684394257	1.34600998262595	0.3	0.0943195023946604	2.35790959599014	0.2
ENSMUSG00000107479	2610300M13Rik	1430923_at	NA	-0.696664041987695	-0.1	NA	1.17903113872602	0.1
ENSMUSG00000107481	4833403J16Rik	1429969_at	NA	0.115701088937798	0	NA	0.739164773132741	0.1
ENSMUSG00000107496	4933431M02Rik	1430867_at	NA	0.489508330545447	0.1	NA	-0.411944070534879	0
ENSMUSG00000107526	1700003I16Rik	1430276_at	NA	1.00234139316367	0.1	NA	0.00772221328162397	0
ENSMUSG00000107553	Gm44266	1447180_at	NA	1.73627149764736	0.2	NA	0.324397395203367	0
ENSMUSG00000107567	4930480K02Rik	1454569_at	NA	-0.24096579259033	0	NA	-1.71654670191994	-0.1
ENSMUSG00000107585	3300002P13Rik	1430841_at	0.225126029574275	1.86243123794804	0.4	NA	-1.17320471119146	-0.1
ENSMUSG00000107598	Gm35216	1443661_at	NA	-0.0809265223999989	0	0.824203607944915	-0.30743647843705	0
ENSMUSG00000107614	Gm44196	1432222_at	NA	0.527554093742076	0.1	NA	0.719726504361016	0.1
ENSMUSG00000107655	Gm44220	1458324_x_at	NA	0.670283574787918	0.1	NA	0.125822333432242	0
ENSMUSG00000107666	4933406J09Rik	1431520_at	NA	0.385924595502906	0	NA	-0.871970010048756	-0.1
ENSMUSG00000107667	C530044C16Rik	1445247_at	NA	1.20063386642457	0.2	NA	0.174631918977837	0
ENSMUSG00000107689	Gm44386	1439521_at	NA	-1.9551426198011	-0.2	NA	-0.020589019999904	0
ENSMUSG00000107726	Gm44037	1444542_at	NA	0.15708408647	0	NA	0.114360178561582	0
ENSMUSG00000107728	Gm38910	1444238_at	NA	1.65558277317617	0.2	NA	-1.54551927902124	-0.1
ENSMUSG00000107729	B230112I24Rik	1433188_at	NA	-0.229761516117143	0	NA	-1.60905590747041	-0.1
ENSMUSG00000107737	1700027F06Rik	1458398_at	NA	0.319095860700974	0	NA	1.41631952555658	0.1
ENSMUSG00000107741	Gm2011	1429966_at	NA	0.080218435920292	0	NA	-0.327777195381132	0
ENSMUSG00000107742	9530085L11Rik	1446355_at	NA	-0.563834298916807	-0.1	NA	-0.664175462575597	-0.1
ENSMUSG00000107793	4933406L23Rik	1431519_at	NA	-2.2211322267959	-0.2	NA	-1.43797132551425	-0.1
ENSMUSG00000107823	Gm44436	1447512_at	NA	0.683242479268956	0.1	0.530237439139429	-0.827019362254188	-0.1
ENSMUSG00000107830	4933439N06Rik	1454480_at	NA	0.0232618345979596	0	NA	0.722234560815602	0.1
ENSMUSG00000107838	Gm45769	1446155_at	NA	-0.906240790437407	-0.1	NA	-0.0130640010768997	0
ENSMUSG00000107868	Gm5112	1439294_at	NA	-0.668424009560302	-0.1	NA	-0.78200090128107	-0.1
ENSMUSG00000107875	Gm44696	1443450_at	NA	0.196667613703095	0	NA	-0.230054639893412	0
ENSMUSG00000107879	9330102E08Rik	1439874_at	NA	0.912309870087046	0.1	NA	-1.223991479	-0.1
ENSMUSG00000107881	Gm44250	1447340_at	NA	-0.898235660894158	-0.1	NA	-0.855354445649893	-0.1
ENSMUSG00000107893	Gm44192	1447022_at	NA	1.68878853525073	0.2	NA	-0.456009239571739	0
ENSMUSG00000107937	Gm44200	1444806_at	NA	-0.0214405875539634	0	NA	0.592318373772306	0.1
ENSMUSG00000107970	Gm49058	1457099_at	NA	-0.416671820602426	-0.1	NA	-0.23004865127053	0
ENSMUSG00000107997	Gm44243	1442572_at	0.315816757673969	-1.4582322087205	-0.3	0.311088145134121	-1.31593363070371	-0.2
ENSMUSG00000108035	Gm44021	1446046_at	NA	0.822916097837626	0.1	NA	-0.791282211629896	-0.1
ENSMUSG00000108049	Gm44168	1443460_at	NA	-0.337052184057926	-0.1	NA	-0.927389000724689	-0.1
ENSMUSG00000108077	6330415B21Rik	1430791_at	NA	0.252860957200427	0	NA	0.659441018937936	0.1
ENSMUSG00000108108	Gm44270	1446132_at	NA	0.645206198447557	0.1	NA	0.156133491696698	0
ENSMUSG00000108113	Zim2	1432297_at	NA	0.352400833918566	0	NA	-2.79072490548397	-0.2
ENSMUSG00000108122	Gm44116	1444485_at	NA	0.80771952767006	0.1	NA	-0.702571046329547	-0.1
ENSMUSG00000108128	4922502N22Rik	1432246_at	NA	-1.93809055732292	-0.3	NA	-1.00267920111121	-0.1
ENSMUSG00000108132	Gm44175	1456522_at	NA	-3.29643388221917	-0.4	NA	0.280310212963317	0
ENSMUSG00000108137	Gm44053	1440003_at	NA	0.703666141155412	0.1	NA	-1.34589247276088	-0.1
ENSMUSG00000108147	4930443G03Rik	1432743_at	NA	-0.348594847474532	0	NA	-0.10699410438908	0
ENSMUSG00000108175	Gm16499	1440733_at	NA	0.144266194419979	0	NA	-0.163811605287169	0
ENSMUSG00000108181	C030015A19Rik	1431409_at	NA	-0.248989660737526	0	NA	0.336678418608929	0
ENSMUSG00000108187	4930511E03Rik	1431540_at	NA	0.0218726761216721	0	NA	-1.74108329006745	-0.2
ENSMUSG00000108194	1700097M23Rik	1460489_at	NA	-1.54311341426634	-0.2	0.342860748727237	-1.22968808970817	-0.2
ENSMUSG00000108195	Gm44415	1458657_at	NA	-1.53677325423345	-0.2	NA	-0.447910900898557	0
ENSMUSG00000108207	1810059H22Rik	1432519_at	NA	-1.22298049769711	-0.1	NA	-0.960912109155199	-0.1
ENSMUSG00000108227	4933412L11Rik	1433351_at	NA	1.15115998404472	0.2	NA	-1.07668699669193	-0.1
ENSMUSG00000108232	Gm43916	1439893_at	NA	0.918005843527208	0.1	NA	-0.965019283684589	-0.1
ENSMUSG00000108236	0610033M10Rik	1432291_at	NA	-1.17033065401755	-0.1	NA	-1.33458807861718	-0.1
ENSMUSG00000108238	Gm43984	1440982_at	NA	-0.011223007971722	0	NA	-1.47255113059179	-0.1
ENSMUSG00000108239	Gm19434	1457903_at	NA	2.92847602628927	0.4	NA	0.540320605045369	0.1
ENSMUSG00000108242	9330118I20Rik	1454194_at	NA	0.686695910581196	0.1	NA	-1.57100787131858	-0.1
ENSMUSG00000108345	4933435G04Rik	1432833_at	0.315247998922567	-1.46103281597747	-0.4	NA	-0.298626665723224	0
ENSMUSG00000108348	Gm42372	1442301_at	NA	0.728140663870332	0.1	NA	-1.54342376650481	-0.1
ENSMUSG00000108354	4931431B13Rik	1430416_at	NA	-0.874484590994906	-0.1	NA	0.795512128939598	0.1
ENSMUSG00000108358	Gm44509	1452763_at	NA	1.44915071414335	0.2	NA	-0.170781981088652	0
ENSMUSG00000108379	A730082K24Rik	1439219_at	NA	-1.15989604425412	-0.2	NA	-1.06903549626155	-0.1
ENSMUSG00000108382	4930448A20Rik	1454205_at	NA	-0.764912827630859	-0.1	NA	-2.80277177144527	-0.2
ENSMUSG00000108391	Gm9768	1446449_at	NA	1.21116953578977	0.2	NA	-2.40000910807096	-0.2
ENSMUSG00000108393	Gm32633	1447479_at	0.429447593317922	-1.09118424700951	-0.3	NA	0.288104776041051	0
ENSMUSG00000108402	9430064I24Rik	1442912_at	NA	-0.0519011275645644	0	0.101519221703264	2.29815537872643	0.2
ENSMUSG00000108452	4930413G21Rik	1460528_at	NA	-0.567739189632511	-0.1	0.134249812823066	-2.05099102488336	-0.2
ENSMUSG00000108456	4732496C06Rik	1457884_at	NA	-0.462769855628843	-0.1	NA	-1.28309552944456	-0.1
ENSMUSG00000108477	Gm44878	1460023_at	NA	0.315452716410488	0	NA	0.859699612958789	0.1
ENSMUSG00000108481	Gm33248	1441073_at	NA	-1.75486197058591	-0.2	NA	-0.196277657752025	0
ENSMUSG00000108494	Gm45203	1458383_at	NA	1.14046835725619	0.2	NA	1.34394322635796	0.1
ENSMUSG00000108519	4833421K07Rik	1431580_at	NA	-0.314936264003686	0	NA	0.972169820008145	0.1
ENSMUSG00000108523	4933430L12Rik	1432220_at	0.294544517400078	-1.54447023656122	-0.3	0.184624741174543	-1.78099885055443	-0.2
ENSMUSG00000108524	Gm44876	1445783_at	NA	1.20541680113066	0.2	NA	-1.58889227566942	-0.1
ENSMUSG00000108557	Gm44835	1447663_at	NA	1.44009443331587	0.2	NA	-0.397567561613503	0
ENSMUSG00000108576	Gm44778	1445289_at	NA	0.36551654149595	0.1	NA	-0.739277021133913	-0.1
ENSMUSG00000108591	Particl	1439541_at	NA	-0.104999402302889	0	NA	0.00853265826265808	0
ENSMUSG00000108603	5330411O13Rik	1454088_at	NA	0.159173013040583	0	NA	-0.410392181988156	0
ENSMUSG00000108624	Gm45091	1444054_at	NA	-1.97499436174358	-0.3	NA	0.254029400178251	0
ENSMUSG00000108645	Gm44722	1446250_at	NA	0.24957568093191	0	0.0468614707541085	-2.92469587803805	-0.3
ENSMUSG00000108652	0610006L08Rik	1430444_at	NA	0.42913822982366	0	0.185061375618427	-1.77755051747982	-0.2
ENSMUSG00000108671	2700080J24Rik	1454377_at	NA	1.02910046388102	0.1	0.416524293407806	-1.06177319532513	-0.1
ENSMUSG00000108688	Gm44985	1443408_at	NA	-0.900428418205653	-0.1	NA	-3.14445485215023	-0.2
ENSMUSG00000108701	Gm44616	1445327_at	NA	1.21162520767452	0.1	0.06570977715505	-2.65061845376694	-0.3
ENSMUSG00000108709	4933431G14Rik	1453656_a_at	NA	-1.04197071380259	-0.1	NA	-0.169008531803364	0
ENSMUSG00000108723	Gm44837	1442428_at	NA	-1.31293718344762	-0.1	NA	0.555237045738416	0
ENSMUSG00000108752	Gm45191	1438981_at	NA	-3.29279232082671	-0.4	NA	-0.243851109102889	0
ENSMUSG00000108778	Gm20083	1442377_at	NA	-0.404651612551631	0	NA	-0.146715403828272	0
ENSMUSG00000108780	5430434F05Rik	1454255_at	NA	-0.417319796710454	-0.1	NA	-1.59862597108294	-0.1
ENSMUSG00000108784	4930517G19Rik	1432692_at	NA	0.0505270227172489	0	NA	-0.333033516637559	0
ENSMUSG00000108788	4921513I08Rik	1432299_at	NA	-1.41599200409541	-0.2	0.119752118267033	-2.15469530339902	-0.2
ENSMUSG00000108801	Gm39090	1440906_at	NA	1.35661229582719	0.2	NA	-0.0721202913481507	0
ENSMUSG00000108811	4933432K03Rik	1431536_at	NA	1.56845932972365	0.2	NA	-1.75812823442243	-0.1
ENSMUSG00000108821	4933423L19Rik	1454459_at	NA	0.503039678008694	0.1	NA	-2.44333507694519	-0.2
ENSMUSG00000108826	4931412I15Rik	1433075_at	NA	0.434004628858203	0	NA	-1.86534901685782	-0.2
ENSMUSG00000108830	Gm44661	1445863_at	NA	1.23233539273725	0.2	NA	-0.165012697243294	0
ENSMUSG00000108841	Frmpd2	1458506_at	NA	0.0378708291393593	0	NA	1.99569916196089	0.2
ENSMUSG00000108848	4933430N04Rik	1430958_at	NA	-0.878395103306968	-0.1	NA	-3.43635908477156	-0.3
ENSMUSG00000108854	D830036C21Rik	1446634_at	NA	0.226056027627929	0	NA	-0.562890792789548	-0.1
ENSMUSG00000108885	4930402F11Rik	1432402_at	NA	-0.595497434410542	-0.1	NA	-0.215635029324665	0
ENSMUSG00000108923	4933431C10Rik	1454499_at	NA	0.790547612187227	0.1	NA	-0.99507912561136	-0.1
ENSMUSG00000108924	4933436H12Rik	1432036_at	NA	-1.57973783919917	-0.2	NA	-0.183372013747026	0
ENSMUSG00000108929	Cc2d2b	1445822_at	0.306671481427948	-1.4902143811521	-0.4	NA	-0.457623109459444	0
ENSMUSG00000108935	4930588G17Rik	1431570_at	NA	-0.149252498360023	0	NA	-0.958269598856615	-0.1
ENSMUSG00000108941	D530014G21Rik	1453464_at	NA	-0.469982278541348	-0.1	0.672283947968977	-0.570880034179948	-0.1
ENSMUSG00000108950	9130015G15Rik	1430921_at	NA	-0.9283777763173	-0.1	NA	-2.29009944698354	-0.2
ENSMUSG00000108985	A930030B08Rik	1430944_at	NA	-1.87460402642146	-0.3	NA	-0.627745951378004	-0.1
ENSMUSG00000109015	Gm31024	1440756_at	NA	-0.123706533358001	0	NA	-0.954517788712778	-0.1
ENSMUSG00000109032	Gm7972	1457100_at	NA	-0.387308729839201	0	NA	-0.733664103540343	-0.1
ENSMUSG00000109089	4833411C07Rik	1430319_at	NA	-1.08569762616478	-0.1	NA	-1.51934240735042	-0.1
ENSMUSG00000109093	Gm19950	1460052_at	NA	0.676910963560632	0.1	NA	-1.08875281745815	-0.1
ENSMUSG00000109106	4933430H16Rik	1432076_at	NA	0.795767907132411	0.1	NA	-0.648246752397466	0
ENSMUSG00000109118	Gm32031	1458656_at	NA	-0.293901075694097	0	NA	2.22043761951829	0.2
ENSMUSG00000109122	A230103L15Rik	1440628_at	NA	-1.06230976056936	-0.1	NA	-2.25765646391431	-0.2
ENSMUSG00000109147	4930431P19Rik	1429885_at	NA	-0.590549869844155	-0.1	NA	-1.29377418010963	-0.1
ENSMUSG00000109162	2900027M19Rik	1431703_at	NA	1.25314080135898	0.1	NA	0.617456560128563	0.1
ENSMUSG00000109190	Gm44621	1442850_at	NA	0.400603578797889	0	NA	-0.489553528325596	0
ENSMUSG00000109197	4933402C05Rik	1430883_at	NA	-0.907743309701278	-0.1	NA	-1.76779103896303	-0.1
ENSMUSG00000109215	4930453L07Rik	1432078_at	NA	0.843122192496554	0.2	NA	-1.44106724431947	-0.1
ENSMUSG00000109216	Gm44907	1440988_at	NA	0.46935181542463	0	NA	-0.341996775181122	0
ENSMUSG00000109225	4930513N20Rik	1433149_at	NA	-1.57787903696338	-0.2	NA	0.820877148384492	0.1
ENSMUSG00000109237	9130214F15Rik	1454335_at	NA	0.535188800174855	0	NA	-0.308875836723764	0
ENSMUSG00000109242	A930002H02Rik	1431529_at	0.306671481427948	1.49090984967655	0.3	0.0872824311196413	-2.42592073943064	-0.2
ENSMUSG00000109251	E230032D23Rik	1444420_at	NA	-0.660116221574995	-0.1	NA	0.658775722378073	0.1
ENSMUSG00000109277	Gm39121	1442209_at	0.237688389053606	1.80458358515302	0.4	0.121244241908954	-2.13901154408485	-0.2
ENSMUSG00000109279	Gm45220	1441328_at	NA	1.73212846679066	0.2	NA	-0.623883131899412	-0.1
ENSMUSG00000109284	B230311B06Rik	1445281_a_at	NA	-0.144227418752212	0	NA	-1.56983665522032	-0.1
ENSMUSG00000109286	Gm44541	1459483_at	NA	-0.36267913618947	-0.1	NA	-0.19415669091393	0
ENSMUSG00000109305	Smim38	1458909_at	NA	0.484374982770151	0.1	NA	-1.71558617854961	-0.1
ENSMUSG00000109321	A330076H08Rik	1457557_at	NA	0.522678505373645	0.1	NA	-0.187831232760386	0
ENSMUSG00000109334	Gm44925	1446151_at	NA	-0.115416164563343	0	NA	0.701802993731374	0.1
ENSMUSG00000109341	Gm30873	1446894_at	NA	0.359776375093205	0	NA	-1.06709261391911	-0.1
ENSMUSG00000109359	Gm44797	1443271_at	NA	-1.43861054883399	-0.1	NA	-0.464630325871176	0
ENSMUSG00000109367	Gm18782	1447015_at	NA	-1.36703879370931	-0.2	NA	-1.90785040098858	-0.2
ENSMUSG00000109382	4930567K12Rik	1432163_at	NA	-1.52948701579961	-0.3	NA	1.02957191770104	0.1
ENSMUSG00000109394	A230057D06Rik	1445875_at	NA	1.22862926152426	0.2	0.112233384273753	2.21019540276817	0.2
ENSMUSG00000109401	Cpeb1os1	1429985_at	NA	-3.06558811740261	-0.4	NA	-1.47797255419592	-0.1
ENSMUSG00000109408	A930037H05Rik	1460018_at	NA	1.95614194488783	0.2	NA	-0.650203602721084	-0.1
ENSMUSG00000109429	Gm45223	1455773_at	NA	0.636910456836068	0.1	NA	0.321765453562004	0
ENSMUSG00000109438	Gm45073	1457577_at	NA	-0.877011189244095	-0.1	0.024108283943392	-3.5262888091763	-0.3
ENSMUSG00000109445	4930560O18Rik	1433018_at	NA	0.602735830277776	0.1	NA	-1.23067699995562	-0.1
ENSMUSG00000109446	Gm9195	1458169_at	NA	0.0651773233766033	0	NA	-0.875873116879914	-0.1
ENSMUSG00000109453	4930405G09Rik	1433336_at	NA	0.187459847359057	0	0.108400696507622	-2.23430101323624	-0.2
ENSMUSG00000109481	Gm45130	1446585_at	NA	0.738412778730709	0.1	0.30154857871124	-1.34611365116936	-0.2
ENSMUSG00000109511	Nup62	1447905_x_at	NA	-0.915159259996197	-0.1	0.00695335175735547	-4.64895239857935	-0.4
ENSMUSG00000109536	9330162G02Rik	1442220_at	NA	-0.0557715241839164	0	NA	1.45104606594352	0.1
ENSMUSG00000109551	4930435N07Rik	1432897_at	NA	-1.10971186416517	-0.1	0.484668629638871	-0.91258240883972	-0.1
ENSMUSG00000109561	Ankrd31	1445768_at	NA	0.411131500183962	0	NA	-1.35023841589456	-0.1
ENSMUSG00000109564	Muc16	1432358_at	NA	-0.376084842848402	0	NA	0.297936746300583	0
ENSMUSG00000109568	Gm45074	1440069_at	NA	1.93884401321469	0.2	NA	0.211070539547778	0
ENSMUSG00000109582	4933439N14Rik	1432316_at	NA	0.145996939147819	0	NA	-1.01533582280451	-0.1
ENSMUSG00000109625	3110080E11Rik	1430770_at	NA	0.311622038157102	0	NA	-0.6107004476678	0
ENSMUSG00000109708	Gm45809	1438592_at	NA	0.659373462522325	0.1	NA	-2.51827386324585	-0.2
ENSMUSG00000109715	Gm45606	1455783_at	NA	2.15855208199642	0.3	NA	-1.02752963625491	-0.1
ENSMUSG00000109718	Trim61	1436701_at	NA	-1.19460884971932	-0.1	0.622315041180977	0.657311753126213	0.1
ENSMUSG00000109745	1700018G05Rik	1441861_at	NA	-1.50477133001484	-0.3	NA	-0.591755713369389	0
ENSMUSG00000109764	Klkb1	1440993_at	NA	1.49290429725889	0.2	NA	-1.20263156040908	-0.1
ENSMUSG00000109808	5430402P08Rik	1432248_at	NA	-0.367712437587523	-0.1	NA	-0.764616228666349	-0.1
ENSMUSG00000109814	Gm45847	1442036_a_at	NA	-0.552782254462708	-0.1	NA	0.632823076487308	0.1
ENSMUSG00000109816	4930483O08Rik	1454208_at	NA	-0.553929191959399	-0.1	0.231908767468992	-1.5837715173079	-0.2
ENSMUSG00000109864	Eid3	1429350_at	NA	-1.14529825796298	-0.2	NA	-0.228836043054316	0
ENSMUSG00000109877	Gm45609	1444522_at	NA	-0.724415479876526	-0.1	NA	0.683981959324077	0
ENSMUSG00000109890	AU023762	1443888_at	NA	-0.701302040223226	-0.1	NA	-0.552291434672112	0
ENSMUSG00000109915	7420700N18Rik	1431457_at	NA	-0.498266437934672	-0.1	0.134442825195836	-2.04685971275786	-0.3
ENSMUSG00000109927	Gm45264	1459303_at	NA	1.40094708821463	0.2	NA	1.87445578068113	0.1
ENSMUSG00000109936	Gm45889	1458549_at	NA	-0.806062887970141	-0.1	NA	-0.891494533453493	-0.1
ENSMUSG00000109946	Brd3os	1454767_at	NA	-0.316307951836426	-0.1	NA	-1.3151389782452	-0.1
ENSMUSG00000109953	5430430B14Rik	1433007_at	NA	0.142184747130093	0	NA	-1.67598143514778	-0.1
ENSMUSG00000109998	Gm45437	1447194_at	0.831967511468664	0.283334317122707	0.1	0.151127641412679	-1.9451871735273	-0.2
ENSMUSG00000110009	4930543E12Rik	1430767_a_at	NA	0.613704676842908	0.1	NA	-0.140910777327816	0
ENSMUSG00000110018	5430437J10Rik	1431577_at	NA	0.825594488022674	0.1	0.914779270540202	-0.149495034759391	0
ENSMUSG00000110037	4930543N07Rik	1432274_at	NA	0.49118536712856	0.1	NA	-1.96552448258409	-0.1
ENSMUSG00000110038	Gm45570	1447514_at	NA	0.609696266284676	0.1	NA	-0.284738487724413	0
ENSMUSG00000110052	1700020G03Rik	1447505_at	NA	-0.907350827256699	-0.2	NA	-1.50002196467161	-0.1
ENSMUSG00000110067	6330411D24Rik	1432020_at	NA	-1.40877236488934	-0.2	NA	0.817563062186289	0.1
ENSMUSG00000110116	4933430A20Rik	1432025_at	NA	-0.613790221952367	-0.1	NA	-1.74024175478071	-0.1
ENSMUSG00000110120	Gm45251	1460131_at	NA	-1.09472999927446	-0.2	NA	0.75756792662619	0.1
ENSMUSG00000110127	6430710M23Rik	1454343_at	NA	0.439714765923418	0	0.281648097810198	-1.412013728813	-0.1
ENSMUSG00000110140	5430421F17Rik	1430239_at	NA	-0.963354055134738	-0.1	NA	0.879796334139097	0.1
ENSMUSG00000110145	Gm45683	1433164_at	NA	1.86325948379971	0.2	NA	0.851865736126013	0.1
ENSMUSG00000110148	5830408C22Rik	1430159_at	NA	0.739220326051113	0.1	NA	0.774177578920784	0.1
ENSMUSG00000110162	Gm45356	1445055_at	NA	-0.0334259467332403	0	NA	-0.797535919302771	-0.1
ENSMUSG00000110185	Igip	1455538_at	0.546193925273703	0.79349806735672	0.3	NA	-2.70500028044082	-0.2
ENSMUSG00000110243	Gm45631	1432191_at	NA	-1.38891821943923	-0.2	NA	1.24934267990478	0.1
ENSMUSG00000110249	9330121K16Rik	1439701_at	NA	0.680822425519296	0.1	NA	-0.715743464172399	-0.1
ENSMUSG00000110256	Gm45412	1430800_at	NA	0.322244707216508	0	NA	0.202138607130688	0
ENSMUSG00000110316	Gm45311	1442221_at	NA	-0.298333131987091	0	NA	0.42796378385997	0
ENSMUSG00000110317	Gm45250	1457090_at	NA	-0.869223314572698	-0.1	NA	-1.93287169448965	-0.1
ENSMUSG00000110332	Gm19935	1435688_at	NA	-0.299614295736561	0	NA	-1.84100800762911	-0.2
ENSMUSG00000110344	Gm45716	1435645_at	NA	1.36840198047963	0.2	0.104581259303411	-2.26562462930243	-0.2
ENSMUSG00000110357	A030001D20Rik	1429258_at	NA	-0.689183207908378	-0.1	NA	0.0100085402218982	0
ENSMUSG00000110358	A730009L09Rik	1458434_at	NA	0.881179544715139	0.1	NA	-0.824458696008065	-0.1
ENSMUSG00000110410	4933421D24Rik	1431579_at	NA	-2.0201235595555	-0.2	NA	-0.52819929718459	0
ENSMUSG00000110419	AW046200	1458264_at	NA	0.720388072509659	0.1	NA	-0.80789639868213	-0.1
ENSMUSG00000110424	1700012D14Rik	1438880_at	NA	1.14249009834719	0.1	NA	1.21871367587027	0.1
ENSMUSG00000110427	4933406B17Rik	1432061_at	NA	-0.699088296103342	-0.1	NA	-2.09325222160248	-0.2
ENSMUSG00000110444	Gm10033	1438123_at	NA	0.106708340528843	0	NA	0.166526022396015	0
ENSMUSG00000110445	Gm45747	1433400_at	NA	-0.0170753281608206	0	0.258234496093068	-1.4837400468762	-0.2
ENSMUSG00000110464	1700061N14Rik	1441773_at	NA	0.0317625668694645	0	NA	0.371159063834252	0
ENSMUSG00000110476	4930422C21Rik	1431842_at	NA	-1.37354727712827	-0.1	NA	-1.65798815572587	-0.1
ENSMUSG00000110497	9230110F11Rik	1458478_at	NA	-0.418182442832789	-0.1	NA	0.624994460171814	0.1
ENSMUSG00000110523	C230057M02Rik	1456364_at	NA	-0.65001407666837	-0.1	NA	-0.617365763978587	-0.1
ENSMUSG00000110573	Gm5485	1441622_at	0.419863662241201	-1.1165026037078	-0.3	NA	0.0247067770823202	0
ENSMUSG00000110592	4930488N15Rik	1431557_at	NA	-1.12646602820322	-0.1	NA	-0.308171587612007	0
ENSMUSG00000110615	Gm45890	1430475_at	NA	-0.914555220013266	-0.1	NA	-1.64697967057784	-0.1
ENSMUSG00000110631	Gm42047	1428670_at	NA	-0.961050470112972	-0.2	NA	-1.15383593413266	-0.1
ENSMUSG00000110697	Gm31718	1442988_at	NA	1.07872329047154	0.1	NA	-1.78129871515761	-0.1
ENSMUSG00000110709	1700018P08Rik	1432854_at	NA	-1.44813390722005	-0.2	NA	0.155777310042927	0
ENSMUSG00000110737	4930444F02Rik	1446239_at	0.355053956401797	-1.33093888372205	-0.3	NA	-0.0228574569289796	0
ENSMUSG00000110738	Gm47092	1446015_at	0.443198513569087	-1.05383883176344	-0.2	NA	0.654703491259698	0.1
ENSMUSG00000110851	Gm48902	1459527_at	NA	-0.307520960742464	0	NA	-0.984077103788227	-0.1
ENSMUSG00000110876	4933411E02Rik	1432370_at	NA	-0.000349933960484835	0	NA	-0.646886977890365	-0.1
ENSMUSG00000110877	Gm47427	1458960_at	NA	0.927599333451765	0.2	0.249940365024326	-1.51700240040221	-0.2
ENSMUSG00000110945	Gm9856	1431209_s_at	NA	1.26971882058788	0.1	NA	-1.60479714916422	-0.1
ENSMUSG00000110958	Gm33332	1457101_at	NA	0.907130440974489	0.1	NA	-0.395776301087665	0
ENSMUSG00000110972	5830462O15Rik	1432998_at	NA	-0.433804273280391	0	NA	1.24961220754002	0.1
ENSMUSG00000110997	2610028D06Rik	1431551_at	NA	-0.0753196206676981	0	NA	-0.214009983903965	0
ENSMUSG00000111008	Gm31562	1446709_at	NA	0.0929038209205484	0	NA	0.725115176998996	0.1
ENSMUSG00000111030	Gm47234	1457618_at	NA	0.886816100532128	0.2	NA	-0.970756548594984	-0.1
ENSMUSG00000111067	Gm48714	1459551_at	NA	0.218680805450642	0	NA	-0.107104209317045	0
ENSMUSG00000111080	Gm20300	1455014_at	0.391074518947055	1.20369873381339	0.3	0.901585032454681	0.177640772017211	0
ENSMUSG00000111131	9930024M15Rik	1457801_at	NA	-0.662537776505067	-0.1	NA	-0.260036648130533	0
ENSMUSG00000111246	4930517E14Rik	1446637_at	0.84614802387881	0.259441070309024	0.1	NA	0.199921172693633	0
ENSMUSG00000111278	Gm32743	1447095_at	NA	-1.05477083066519	-0.1	0.0847721281560572	-2.45071028726213	-0.3
ENSMUSG00000111342	4933404K13Rik	1454567_at	NA	-0.643113622360142	-0.1	NA	-1.19778277205284	-0.1
ENSMUSG00000111345	Gm48562	1444372_at	NA	0.878275762116446	0.1	0.0437084485753318	2.98538533853251	0.3
ENSMUSG00000111358	2900078I11Rik	1454594_at	NA	-0.0121389710236221	0	NA	-0.37265021818432	0
ENSMUSG00000111369	Gm47043	1443590_at	NA	-0.943270292385585	-0.1	NA	-1.24104647980645	-0.1
ENSMUSG00000111375	Btbd8	1436117_at	0.647704898571789	-0.582044297488598	-0.1	NA	0.350936095646321	0
ENSMUSG00000111390	Gm48796	1446131_at	NA	-0.196509302477434	0	NA	0.149611909651969	0
ENSMUSG00000111422	1700027J07Rik	1430507_at	NA	-0.73822548402331	-0.1	NA	0.453997650714922	0
ENSMUSG00000111444	Gm47923	1443316_at	NA	-1.19615013735125	-0.2	NA	-1.00906175941649	-0.1
ENSMUSG00000111468	5033425B01Rik	1454493_at	NA	0.752270290533244	0.1	NA	-1.22061604574139	-0.1
ENSMUSG00000111474	Gm32926	1442737_at	NA	-0.0956180617660507	0	NA	0.613082310330464	0.1
ENSMUSG00000111481	Gm47652	1458814_at	NA	1.32141257068373	0.1	NA	0.293796310316151	0
ENSMUSG00000111487	1700092E16Rik	1432501_at	NA	-0.215510469383875	0	NA	0.242632427411849	0
ENSMUSG00000111531	Gm32688	1442698_at	0.298503101579225	1.53048030080877	0.4	NA	-0.429434029701298	0
ENSMUSG00000111547	Gm48069	1443776_at	NA	-2.2813546697342	-0.3	NA	1.35868940903882	0.1
ENSMUSG00000111605	4632418H02Rik	1454397_at	NA	1.31119605670103	0.1	NA	1.15123315241757	0.1
ENSMUSG00000111629	4930442G15Rik	1431767_at	NA	1.27786801392794	0.1	NA	0.135644097095226	0
ENSMUSG00000111639	1700019L13Rik	1433001_at	NA	-1.52354901791608	-0.2	NA	1.66161829646647	0.1
ENSMUSG00000111690	Gm48720	1445748_at	NA	0.219544875768807	0	0.186900692162279	-1.7695867394161	-0.2
ENSMUSG00000111729	Gm48038	1459564_at	NA	0.845837466994368	0.1	NA	-0.116256680651533	0
ENSMUSG00000111746	4933422A05Rik	1432117_at	NA	-0.259469868044773	0	NA	-0.748775636471842	-0.1
ENSMUSG00000111761	9230112J17Rik	1454392_at	NA	-1.130514029221	-0.2	NA	-0.499753865434179	0
ENSMUSG00000111807	4933433G08Rik	1430741_at	NA	-0.806258273473917	-0.1	NA	0.428787098577693	0
ENSMUSG00000111836	4933407I05Rik	1431476_at	NA	0.579875978471173	0.1	NA	0.780362807191494	0.1
ENSMUSG00000111856	6530413G14Rik	1454456_at	NA	-0.765054239682081	-0.1	NA	-1.27772928806228	-0.1
ENSMUSG00000111866	E130101E03Rik	1454170_at	NA	0.974793529314238	0.1	NA	0.415285531526503	0
ENSMUSG00000111901	Gm6150	1439338_at	NA	-1.52107539178657	-0.2	NA	0.401538508042174	0
ENSMUSG00000111903	4930458K08Rik	1454135_at	NA	1.20831956274301	0.1	NA	0.157049057003047	0
ENSMUSG00000111905	Gm48045	1430242_at	NA	0.537104041663205	0.1	NA	1.43548272982231	0.1
ENSMUSG00000111924	4930556N09Rik	1454217_at	NA	-1.15657732672988	-0.1	NA	-1.18198332795963	-0.1
ENSMUSG00000111938	2900045O20Rik	1431588_at	NA	0.248730763476871	0	0.31376857523768	-1.30622310902246	-0.1
ENSMUSG00000111977	Gm47163	1435598_at	NA	-1.68205378076897	-0.2	0.0575102941986902	2.7575470136106	0.3
ENSMUSG00000111990	Gm47033	1446382_at	0.306107700712669	1.4968646621624	0.3	NA	0.455276320480414	0
ENSMUSG00000111994	A330049N07Rik	1457993_at	NA	-0.143315873389592	0	NA	-0.494746835994968	0
ENSMUSG00000112041	9530020I12Rik	1432194_at	NA	-0.519544754570849	-0.1	NA	-1.62525921532175	-0.1
ENSMUSG00000112067	Gm48015	1447204_at	NA	1.741377014222	0.2	NA	0.284612915094885	0
ENSMUSG00000112071	5430401H09Rik	1454193_at	NA	1.57817674033755	0.2	0.103221306866637	-2.27901266484751	-0.2
ENSMUSG00000112096	A430103D13Rik	1458664_at	NA	-0.0831166268608828	0	NA	1.05150482032426	0.1
ENSMUSG00000112103	Gm47018	1439286_at	NA	-1.05665199183095	-0.2	NA	0.966062725585466	0.1
ENSMUSG00000112117	Rmst	1438822_at	NA	-0.728910217511533	-0.1	NA	1.0650914149802	0.1
ENSMUSG00000112121	C230072F16Rik	1446236_at	0.490759309579804	0.922439500895416	0.2	NA	0.36636450838178	0
ENSMUSG00000112141	4930563J15Rik	1457994_at	NA	0.403529079387576	0	NA	-1.91216207970896	-0.1
ENSMUSG00000112157	4930545H06Rik	1447306_at	NA	0.484585613761986	0.1	NA	-0.48553116564116	0
ENSMUSG00000112164	Gm19990	1442835_at	NA	0.784326922045531	0.1	0.105647224920037	-2.25638490389453	-0.2
ENSMUSG00000112201	4930532I03Rik	1431952_at	NA	0.922014271298886	0.1	0.269978327854597	1.44613847880831	0.2
ENSMUSG00000112213	4930555G07Rik	1446413_at	NA	-0.7503330528059	-0.1	NA	-0.942514190693115	-0.1
ENSMUSG00000112243	Gm47342	1443337_at	NA	0.627687715804603	0.1	0.231970798235275	-1.58312658514253	-0.2
ENSMUSG00000112248	Gm47910	1445029_at	NA	-0.393977503473268	-0.1	NA	1.30002190137589	0.1
ENSMUSG00000112275	Gm47078	1457525_at	NA	-0.130476304894459	0	NA	-0.108661059190769	0
ENSMUSG00000112280	A830082N09Rik	1447591_x_at	NA	-0.567772745110043	-0.1	NA	-0.25307336160615	0
ENSMUSG00000112287	Gm47024	1443026_at	NA	-0.0174203302976046	0	NA	-0.885773693983567	-0.1
ENSMUSG00000112289	1110019B22Rik	1431884_at	NA	0.20158418820383	0	NA	0.485689462688263	0
ENSMUSG00000112294	Gm4129	1458395_at	NA	0.377114000865635	0.1	NA	-0.957064434046825	-0.1
ENSMUSG00000112302	Gm48226	1430038_at	0.157267980706848	-2.2072623441252	-0.4	0.542666726728251	-0.803133251785521	-0.1
ENSMUSG00000112332	4930466K18Rik	1439671_at	NA	-0.397431616560587	0	NA	0.0573672669317754	0
ENSMUSG00000112347	Gm47257	1441130_at	NA	1.48319576915262	0.3	0.0500145291171019	-2.86756408515734	-0.3
ENSMUSG00000112364	4930503E24Rik	1431486_at	NA	0.265121304396356	0	NA	-1.9197283887742	-0.1
ENSMUSG00000112366	C730027H18Rik	1442546_at	NA	0.320641430798049	0	0.164203385180526	-1.87815238872989	-0.2
ENSMUSG00000112388	AI463170	1441099_at	NA	0.069106188836942	0	NA	-1.58025728641624	-0.1
ENSMUSG00000112398	9230102K24Rik	1445056_at	NA	0.336303003837875	0	NA	0.0747894675756893	0
ENSMUSG00000112406	4921515L22Rik	1431477_at	NA	1.01807181832458	0.1	0.167045088877939	-1.8653801455701	-0.2
ENSMUSG00000112417	A430028G04Rik	1442193_at	NA	1.78017818570115	0.3	NA	-0.0768727484572851	0
ENSMUSG00000112421	4933406B15Rik	1432228_at	NA	0.323640840528034	0	NA	-1.28212163481795	-0.1
ENSMUSG00000112482	1700025K04Rik	1454165_at	NA	-0.0540416089798163	0	NA	-0.444674949274805	0
ENSMUSG00000112484	4930473O22Rik	1432067_at	NA	0.654724031286315	0.1	NA	-0.132140447455912	0
ENSMUSG00000112494	4930444K16Rik	1432956_at	NA	0.889976424775972	0.1	NA	-2.47515138446381	-0.2
ENSMUSG00000112500	4933411E08Rik	1431965_at	NA	2.49695829903687	0.3	NA	-1.87930647527019	-0.2
ENSMUSG00000112513	4930422I22Rik	1432049_at	NA	0.181006362710441	0	NA	-0.689779642430416	-0.1
ENSMUSG00000112623	4933436P19Rik	1433080_at	NA	-0.837248538246676	-0.1	NA	-2.10353458537023	-0.2
ENSMUSG00000112627	4933412E12Rik	1447711_x_at	NA	-0.668354153178963	-0.1	NA	1.93309327950549	0.1
ENSMUSG00000112654	4930455C13Rik	1431634_at	NA	0.713865705806753	0.1	NA	-1.79300488364873	-0.1
ENSMUSG00000112709	Gm19395	1438813_at	NA	1.25209736282615	0.1	NA	0.57193057851398	0
ENSMUSG00000112716	4930471E19Rik	1454094_at	NA	-0.0767604654149094	0	0.468455325937027	0.949845737501336	0.1
ENSMUSG00000112734	Gm47644	1459238_at	NA	-0.808464634654377	-0.2	NA	-0.210874866412289	0
ENSMUSG00000112762	4930459C07Rik	1432208_at	NA	-0.206981560212669	0	0.411562889310052	-1.07303061291606	-0.1
ENSMUSG00000112765	9430078K24Rik	1432317_at	NA	-0.498775419334974	-0.1	NA	-0.530020869321972	0
ENSMUSG00000112785	Gm47645	1439335_at	NA	-2.51016872104779	-0.3	NA	0.280314125516503	0
ENSMUSG00000112822	A130012E19Rik	1440671_at	NA	0.119338052155345	0	0.633036399477003	-0.636583056785831	-0.1
ENSMUSG00000112828	Gm48495	1445177_at	NA	-1.32950795159685	-0.2	0.859626173845271	-0.249237823073754	0
ENSMUSG00000112832	4930484H19Rik	1431944_at	NA	0.73753443518923	0.1	NA	-0.660941808969827	0
ENSMUSG00000112846	4930432O09Rik	1453965_at	NA	0.0825946133838557	0	NA	-0.240819912384449	0
ENSMUSG00000112854	Gm38403	1459342_at	NA	-1.01099908527355	-0.1	NA	1.16628927271322	0.1
ENSMUSG00000112873	Gm48877	1444830_at	NA	0.399492551905004	0	NA	-1.72139484865878	-0.1
ENSMUSG00000112913	Gm30853	1442521_at	NA	0.120898383723062	0	NA	0.418793160334806	0
ENSMUSG00000112922	Gm47572	1446676_at	NA	0.0710704843870768	0	0.0433076483057877	-2.99660193990819	-0.3
ENSMUSG00000112924	4930579P08Rik	1453941_at	NA	-0.449208460818433	0	NA	-0.410676749482014	0
ENSMUSG00000112940	4930511J24Rik	1431565_at	NA	-0.0867255421237729	0	NA	0.00080836643034358	0
ENSMUSG00000112980	D430020J02Rik	1437655_at	NA	0.980381329350206	0.1	0.00378849098946703	5.24277706802776	0.5
ENSMUSG00000113009	3732407C23Rik	1431793_at	NA	0.859970208295597	0.2	NA	-0.971947134037973	-0.1
ENSMUSG00000113029	Gm40578	1457918_at	NA	0.790335829341533	0.1	NA	-0.14697271733233	0
ENSMUSG00000113035	5830428M24Rik	1440266_at	NA	-1.62295711431584	-0.2	NA	0.272712452148307	0
ENSMUSG00000113052	Gm31513	1459273_at	NA	-1.50650031670986	-0.3	NA	-1.39316411656538	-0.1
ENSMUSG00000113056	6030440G07Rik	1431495_at	NA	0.802854840075617	0.1	NA	-1.84101507439619	-0.2
ENSMUSG00000113087	4930473H19Rik	1431683_at	NA	0.340201238447215	0	NA	-1.00702294479439	-0.1
ENSMUSG00000113106	Gm47139	1454315_at	NA	-0.116551358123136	0	0.434373597522946	-1.02434140979386	-0.1
ENSMUSG00000113121	Gm35161	1444633_at	NA	0.955824766629815	0.1	NA	-0.68554491788573	-0.1
ENSMUSG00000113128	Gm47813	1457830_at	NA	0.433967053247392	0.1	NA	-1.45793718286962	-0.1
ENSMUSG00000113170	Gm36839	1440485_at	NA	-0.930057722462944	-0.1	NA	-1.94672591521884	-0.2
ENSMUSG00000113184	Gm49654	1442218_at	NA	-1.0492737475634	-0.1	NA	0.696874816817947	0.1
ENSMUSG00000113204	Gm46430	1440202_at	NA	1.89814214844962	0.2	NA	0.639611415912348	0.1
ENSMUSG00000113210	4930474N09Rik	1431448_at	NA	0.532534204037135	0.1	0.979313497429944	0.0394986496243956	0
ENSMUSG00000113211	4921525O09Rik	1447836_x_at	NA	2.70979917039283	0.4	NA	-1.73026303765316	-0.2
ENSMUSG00000113218	4933409F18Rik	1431555_at	NA	0.234626097819467	0	0.29458897036704	-1.36862626262844	-0.1
ENSMUSG00000113227	4933433N18Rik	1433190_at	NA	-1.12674598904258	-0.1	NA	0.812015881147162	0.1
ENSMUSG00000113302	Gm32219	1459660_at	NA	-0.224677664042019	0	0.0236662547304059	3.54366040009899	0.3
ENSMUSG00000113303	4930423D22Rik	1445332_at	NA	-1.09064377797464	-0.2	NA	-2.1149000074405	-0.2
ENSMUSG00000113326	Gm47586	1458947_at	NA	-0.572482069353606	-0.1	0.860800559852694	0.242566815131715	0
ENSMUSG00000113331	3110009F21Rik	1430198_at	NA	0.498337394016493	0.1	NA	0.411466142098239	0
ENSMUSG00000113334	D030007L05Rik	1444476_at	NA	-0.987945669030903	-0.1	NA	0.112930918162329	0
ENSMUSG00000113346	Eprn	1436619_at	NA	-0.489297000467532	0	NA	-1.77689937307706	-0.2
ENSMUSG00000113361	B930059L03Rik	1444000_at	NA	2.04336303217903	0.2	NA	-0.130959450081247	0
ENSMUSG00000113425	Gm48653	1440099_at	NA	0.159611953056843	0	NA	-0.65616166439065	-0.1
ENSMUSG00000113427	Gm46378	1457512_at	0.192013345778544	-2.01508005382405	-0.5	0.0113719938101459	-4.22043515446915	-0.3
ENSMUSG00000113432	8430406P12Rik	1430506_at	NA	-0.273405769421362	0	NA	0.395323167729217	0
ENSMUSG00000113434	3200001D21Rik	1431850_at	NA	0.486604519864703	0.1	NA	-1.33115775512652	-0.1
ENSMUSG00000113440	Gm46404	1440608_at	NA	-0.622184613696734	-0.1	NA	0.403056613920614	0
ENSMUSG00000113441	Gm40438	1444277_at	NA	-1.28628983388527	-0.1	NA	-0.594737140284312	-0.1
ENSMUSG00000113449	Gm48073	1442958_at	0.642990985790106	-0.590822599292292	-0.2	NA	-0.669686611821056	-0.1
ENSMUSG00000113470	4930448F12Rik	1432457_at	NA	0.313151399433933	0	NA	-0.333159616100227	0
ENSMUSG00000113527	Gm48079	1443177_at	NA	0.751994287267794	0.1	NA	-1.2578566665043	-0.1
ENSMUSG00000113535	AU015791	1442012_at	NA	0.164447512691891	0	0.9560264232228	-0.0823684185977245	0
ENSMUSG00000113540	Gm47206	1459258_at	NA	-0.215338751386835	0	NA	-0.62001264223469	-0.1
ENSMUSG00000113544	4833405L11Rik	1430709_at	NA	1.88710464066607	0.3	NA	-1.43765204395331	-0.1
ENSMUSG00000113575	A930023M06Rik	1432306_at	NA	2.66913478516553	0.3	NA	-0.123784035164413	0
ENSMUSG00000113581	Dio3os	1435121_at	NA	-0.911941643658971	-0.1	NA	-0.646220269944806	0
ENSMUSG00000113585	Gm19605	1443981_at	NA	0.263685203080662	0.1	NA	-0.132784867865689	0
ENSMUSG00000113589	Gm48374	1432614_at	NA	-1.04389923589759	-0.1	NA	-0.972352117076461	-0.1
ENSMUSG00000113605	4930425K24Rik	1431866_at	NA	-0.815390516357139	-0.1	NA	0.16537708367291	0
ENSMUSG00000113621	2900060N12Rik	1454358_at	0.481825996759004	-0.943251140297532	-0.3	NA	-0.900812256133468	-0.1
ENSMUSG00000113623	Gm48691	1447097_at	NA	0.806970900274486	0.1	NA	0.737916340368444	0.1
ENSMUSG00000113647	Gm47210	1458281_at	NA	1.28756362120551	0.1	0.633036399477003	0.63756855865428	0.1
ENSMUSG00000113652	4930518P08Rik	1454162_at	NA	-2.36561221093522	-0.3	NA	2.5495578413964	0.2
ENSMUSG00000113669	Gm36723	1441600_at	NA	0.371453778290407	0	NA	-1.00833021633808	-0.1
ENSMUSG00000113695	9330159N22Rik	1433308_at	NA	-1.22042906817237	-0.1	NA	-1.51291522799211	-0.1
ENSMUSG00000113696	1700015C15Rik	1447673_x_at	0.256958601701174	-1.72074427584191	-0.4	NA	-0.660359910542775	-0.1
ENSMUSG00000113701	B230303A05Rik	1445415_at	0.838860077333127	-0.271225468163464	-0.1	0.859626173845271	0.248307460973298	0
ENSMUSG00000113722	Snhg10	1447994_at	NA	-0.852420667114688	-0.1	NA	-0.119865795677935	0
ENSMUSG00000113761	Gm4263	1445059_at	NA	0.42146331289945	0.1	NA	0.000533776885300901	0
ENSMUSG00000113769	5033406O09Rik	1430079_at	NA	0.94035290010193	0.1	NA	0.358597920735789	0
ENSMUSG00000113771	Gm36529	1459359_at	NA	-0.118325997809076	0	NA	-1.2890199547272	-0.1
ENSMUSG00000113791	Gm47216	1459115_at	NA	-2.77411568682541	-0.4	NA	-0.290886421280771	0
ENSMUSG00000113800	2210039B01Rik	1432355_at	NA	0.745592880522543	0.1	0.235297364091938	-1.56949375776985	-0.2
ENSMUSG00000113802	4933416O17Rik	1430903_at	NA	-1.18905366451916	-0.2	NA	0.315128492166737	0
ENSMUSG00000113925	Gm7544	1438768_at	NA	1.27082298138828	0.1	NA	-0.216470572542799	0
ENSMUSG00000113927	5330409N07Rik	1446643_at	NA	-0.482283149409228	0	NA	-1.56195488413216	-0.1
ENSMUSG00000113960	4933412O06Rik	1453893_at	NA	-0.192100048715611	0	0.0780382727206954	-2.51408188194893	-0.3
ENSMUSG00000113965	A730091E23Rik	1446519_at	NA	0.82796045898635	0.1	NA	-0.137655058917661	0
ENSMUSG00000113973	A030014E15Rik	1442425_at	NA	1.7380624116343	0.3	NA	-1.45143769483858	-0.1
ENSMUSG00000113974	4930442G10Rik	1454204_at	NA	0.61908537764031	0.1	NA	-0.553365755819243	0
ENSMUSG00000113985	9130015A21Rik	1453953_at	NA	-0.815618082070266	-0.1	NA	-0.340182961494633	0
ENSMUSG00000114010	Gm47432	1444989_at	NA	0.862494292789559	0.1	NA	-1.33696145635303	-0.1
ENSMUSG00000114019	Gm47155	1447057_at	NA	0.954390356086752	0.2	NA	1.21182556765726	0.1
ENSMUSG00000114028	9630002D21Rik	1440546_at	NA	1.02312365994021	0.2	NA	0.0433561972414499	0
ENSMUSG00000114045	Gm34220	1460098_at	NA	0.571407130758438	0.1	NA	-2.49469629659413	-0.2
ENSMUSG00000114048	4930549C15Rik	1430947_at	NA	1.00621086050552	0.1	NA	-2.98656926039268	-0.2
ENSMUSG00000114069	E130119H09Rik	1460518_at	NA	-0.392926108978912	0	NA	-1.2934066080641	-0.1
ENSMUSG00000114104	Gm47585	1440563_at	NA	0.887180802570964	0.1	NA	0.599734991187991	0
ENSMUSG00000114136	4921511I17Rik	1432124_at	NA	0.44337181763519	0	NA	-1.48618439306712	-0.1
ENSMUSG00000114143	Gm48548	1445287_at	NA	-1.06185229041806	-0.1	0.946524548303814	0.0966322265594672	0
ENSMUSG00000114190	4930556H04Rik	1453543_at	NA	1.74051325677087	0.2	NA	-0.505377529111075	-0.1
ENSMUSG00000114210	A330084C13Rik	1459083_at	NA	0.193367489777063	0	NA	-1.66558679390325	-0.1
ENSMUSG00000114256	Gm29844	1459194_at	NA	0.752833207842858	0.1	NA	0.371469471286455	0
ENSMUSG00000114282	5330431K02Rik	1430033_at	NA	1.83786914386552	0.2	NA	0.277745663642302	0
ENSMUSG00000114284	9630015K15Rik	1454272_at	NA	-0.8871001108028	-0.1	NA	-1.6573819017763	-0.2
ENSMUSG00000114290	4930435F18Rik	1431547_at	NA	-1.33429878622386	-0.1	0.42592842774765	-1.04078810439797	-0.1
ENSMUSG00000114303	Gm4022	1431996_at	NA	0.0579770312847082	0	NA	-0.851074573487488	-0.1
ENSMUSG00000114306	Gm3227	1458475_at	NA	-0.235892422585457	0	NA	-0.170291460195899	0
ENSMUSG00000114307	4930526H09Rik	1432231_at	NA	0.346163170844829	0	NA	-0.809759542543424	-0.1
ENSMUSG00000114337	Gm48704	1458519_at	NA	0.0961861941531762	0	NA	-1.06171247538797	-0.1
ENSMUSG00000114342	4921520N01Rik	1453615_at	NA	0.172014186024189	0	NA	-0.937636573095873	-0.1
ENSMUSG00000114352	4931407E12Rik	1431603_at	NA	-0.969875960246238	-0.1	NA	0.0467596343980183	0
ENSMUSG00000114362	4933433G19Rik	1454195_at	NA	0.25314621363568	0.1	NA	-0.616041237666887	-0.1
ENSMUSG00000114372	2310067P03Rik	1431764_at	NA	-0.662987887174365	-0.1	NA	-0.920662041300118	-0.1
ENSMUSG00000114382	Gm4814	1457835_at	NA	0.695829320282963	0.1	0.407065747734056	-1.08174844960801	-0.1
ENSMUSG00000114384	4930455J16Rik	1430907_at	NA	0.144565486347906	0	NA	0.00519707746951729	0
ENSMUSG00000114388	Gm48510	1457959_at	NA	-0.0394541365481618	0	NA	0.204512158238557	0
ENSMUSG00000114511	0710001A04Rik	1454126_at	NA	0.938531728712094	0.1	NA	-2.06311655581809	-0.2
ENSMUSG00000114518	Gm48208	1446010_at	NA	-0.942929394303924	-0.1	NA	0.409673100813377	0
ENSMUSG00000114598	D130062J10Rik	1439594_at	NA	-0.507371915958789	-0.1	NA	-0.706866467191931	-0.1
ENSMUSG00000114605	C130051F05Rik	1459433_at	NA	0.369018650325432	0	0.12683844480637	-2.0969373683089	-0.2
ENSMUSG00000114621	Gm31107	1441392_at	NA	1.26693311543186	0.2	NA	-0.666786397680143	-0.1
ENSMUSG00000114655	4631422I05Rik	1432688_at	NA	-0.144725098770138	0	NA	-0.142446719703017	0
ENSMUSG00000114656	2810403G07Rik	1432701_at	NA	-0.549731239981361	-0.1	NA	-2.15315100404291	-0.2
ENSMUSG00000114680	Gm47202	1440550_at	NA	-0.542212962116456	-0.1	NA	-0.748697057802675	-0.1
ENSMUSG00000114693	Gm41177	1457953_at	NA	-0.728529932445732	-0.1	NA	0.139582922954574	0
ENSMUSG00000114710	Gm40923	1447309_at	NA	-1.04159916933935	-0.1	NA	-1.05462373487173	-0.1
ENSMUSG00000114746	4933436N17Rik	1432079_at	NA	0.251389570594075	0	0.0349064289157345	-3.17812214190201	-0.3
ENSMUSG00000114751	5430425E15Rik	1433233_at	NA	-2.3459542885824	-0.3	0.132610322008281	-2.0596477252932	-0.2
ENSMUSG00000114771	Gm49064	1443564_at	NA	-0.201835434449559	0	NA	-1.54282812096092	-0.2
ENSMUSG00000114787	4930455M05Rik	1460529_at	NA	0.823108896213581	0.1	NA	-0.241168544310771	0
ENSMUSG00000114790	4921509O07Rik	1454017_at	NA	-1.39942569650149	-0.2	NA	-2.37730243389615	-0.2
ENSMUSG00000114797	Gm49336	1434200_at	0.805253639013206	-0.325707344044386	-0.1	NA	-0.979708301148872	-0.1
ENSMUSG00000114837	Gm48090	1446578_at	NA	-0.250328437574538	0	NA	-1.9613129009094	-0.2
ENSMUSG00000114882	Gm48581	1456834_at	NA	1.5063028984765	0.2	0.125655636823585	-2.10844381985715	-0.2
ENSMUSG00000114892	Gm5463	1446741_at	0.230414898694505	1.84516013863647	0.3	NA	-0.40324675242342	0
ENSMUSG00000114907	Gm47794	1441514_at	NA	-1.01112672847757	-0.2	NA	-0.0328061683679157	0
ENSMUSG00000114922	Ppifos	1431348_at	NA	0.11700931989401	0	NA	-1.02344116406233	-0.1
ENSMUSG00000114980	4933432I03Rik	1432339_at	NA	0.0137136874163467	0	NA	-2.49013873498306	-0.2
ENSMUSG00000114985	1810028F09Rik	1430027_at	NA	0.181796933818919	0	0.20701431072255	-1.68475203973128	-0.2
ENSMUSG00000115001	4930474H20Rik	1432058_at	NA	2.61594936181994	0.3	NA	0.798014668487734	0.1
ENSMUSG00000115007	5830448L01Rik	1433134_at	NA	-0.833734953686771	-0.1	NA	0.450165534137317	0
ENSMUSG00000115008	4933429O19Rik	1430908_at	NA	0.108285552881513	0	NA	-1.12783088532381	-0.1
ENSMUSG00000115044	Gm48978	1445640_at	NA	1.33090816132812	0.2	NA	-0.636553247844858	0
ENSMUSG00000115062	4930544F09Rik	1431949_at	0.364181031160914	-1.29649046404747	-0.3	NA	-0.78348018318979	-0.1
ENSMUSG00000115095	Gm49311	1458037_at	NA	-0.806123510143378	-0.1	NA	-1.70951778818241	-0.1
ENSMUSG00000115109	Gm49032	1439729_at	NA	-1.37878703029236	-0.2	NA	-3.06224737652505	-0.2
ENSMUSG00000115118	Gm36617	1445319_at	NA	0.76506417582948	0.1	NA	-0.414727960565577	0
ENSMUSG00000115124	Gm49201	1440264_at	NA	0.574492461048674	0.1	NA	-0.408170503334373	0
ENSMUSG00000115139	Gm4251	1458944_at	NA	0.92049751904322	0.1	NA	-0.260177366590818	0
ENSMUSG00000115161	Gm20555	1446351_at	NA	-0.832601653400265	-0.1	0.484176476241687	-0.914669779537215	-0.1
ENSMUSG00000115177	4930523O13Rik	1454133_s_at	NA	0.376335140604114	0.1	0.564658225261235	-0.763240955066872	-0.1
ENSMUSG00000115222	Gm49747	1439937_at	NA	-3.33934682153791	-0.3	NA	0.298413911117845	0
ENSMUSG00000115231	4930402D18Rik	1431969_at	NA	1.36622286318104	0.1	NA	0.223831794809048	0
ENSMUSG00000115263	Gm5089	1438132_at	NA	0.412479268281688	0	NA	-0.847435968197029	-0.1
ENSMUSG00000115270	5430430K15Rik	1454445_at	NA	-0.0751677418620353	0	NA	-1.16083617468454	-0.1
ENSMUSG00000115271	4930529K09Rik	1453948_at	NA	-0.816837681841941	-0.1	NA	-0.901400556656553	-0.1
ENSMUSG00000115275	9630050E16Rik	1443257_at	NA	0.369842311599475	0.1	NA	0.936521827600053	0.1
ENSMUSG00000115276	9930017N22Rik	1456758_at	NA	1.00638139324153	0.1	NA	-0.162803569195761	0
ENSMUSG00000115304	4930434J06Rik	1432030_at	NA	0.387291180225276	0	NA	0.0594511284407753	0
ENSMUSG00000115311	Gm35823	1444208_at	NA	0.887591120281445	0.1	NA	1.84631634591919	0.2
ENSMUSG00000115317	Gm32618	1439911_at	NA	0.214395080847372	0	0.236858824714216	1.56441866031314	0.2
ENSMUSG00000115320	4930524C18Rik	1431903_at	NA	-0.632817822954455	-0.1	NA	-0.64549704182685	0
ENSMUSG00000115337	4930570B17Rik	1432204_at	NA	0.803239124573763	0.1	NA	-2.05287866783546	-0.2
ENSMUSG00000115355	4930445E18Rik	1432451_at	NA	2.93160074647414	0.3	NA	-0.0115571525624768	0
ENSMUSG00000115372	1700100I10Rik	1453679_at	NA	1.60246251008753	0.2	NA	1.22705004935752	0.1
ENSMUSG00000115410	2810457G06Rik	1432847_at	NA	-1.71501559982004	-0.2	NA	-0.0441334816238664	0
ENSMUSG00000115422	4930452G13Rik	1430755_at	NA	0.00530569930411873	0	NA	-0.915060947371751	-0.1
ENSMUSG00000115480	Gm49249	1419844_a_at	NA	0.29118856956622	0.1	NA	-1.59600604572231	-0.1
ENSMUSG00000115518	Gm10791	1447012_at	NA	0.958211747675731	0.1	NA	0.546869182302443	0
ENSMUSG00000115520	Gm41335	1445425_at	NA	0.215843745727448	0	NA	-0.525716580346136	0
ENSMUSG00000115526	4930413F20Rik	1453650_at	0.298503101579225	-1.52999159241244	-0.4	NA	0.121311984681836	0
ENSMUSG00000115529	9630013A20Rik	1442517_a_at	NA	-0.605712505233635	-0.1	NA	-0.312696091933771	0
ENSMUSG00000115540	4930597G03Rik	1454177_at	NA	-0.917310407306183	-0.2	0.255510065618516	-1.49652077767236	-0.2
ENSMUSG00000115548	5430440P10Rik	1432388_at	NA	0.635206564956477	0.1	NA	-0.584129668597001	0
ENSMUSG00000115596	Gm48969	1458844_at	NA	-1.73195176821318	-0.2	NA	-0.831831146711009	-0.1
ENSMUSG00000115665	4933425B07Rik	1453883_at	NA	0.386100456136422	0	NA	-0.888965775724728	-0.1
ENSMUSG00000115676	4930449C09Rik	1430840_at	NA	-0.556496687137469	-0.1	NA	0.442841040808083	0
ENSMUSG00000115689	4930435M08Rik	1431556_at	NA	-0.0404601198815604	0	NA	2.80037065973392	0.2
ENSMUSG00000115725	4930572G02Rik	1453952_at	NA	1.77942664868943	0.2	NA	-0.0932396721326071	0
ENSMUSG00000115727	4930432J09Rik	1432324_at	NA	-0.00653613285588075	0	NA	-1.11196430621745	-0.1
ENSMUSG00000115774	4933431J24Rik	1431640_at	NA	1.74255251391074	0.2	NA	-0.225072679348042	0
ENSMUSG00000115779	4930592A05Rik	1431638_at	NA	-0.657744759842896	-0.1	NA	0.831711159052592	0.1
ENSMUSG00000115790	9530086P17Rik	1433414_at	NA	-0.104433959420013	0	0.21193583587025	1.66400368213979	0.2
ENSMUSG00000115810	Gm49066	1459678_at	NA	-0.927425130766375	-0.1	NA	-1.26934799072415	-0.1
ENSMUSG00000115821	6330576A10Rik	1453653_at	NA	-0.401252291138394	-0.1	NA	0.0581327787863572	0
ENSMUSG00000115829	Gm48960	1432084_at	NA	-0.473836489132836	-0.1	NA	-0.930702207270099	-0.1
ENSMUSG00000115837	9130002K18Rik	1431525_at	NA	-2.24338165232076	-0.3	0.354253725074985	1.20140189176397	0.1
ENSMUSG00000115845	4933402J15Rik	1431977_at	NA	-0.947240212476939	-0.1	NA	-0.784102016033178	-0.1
ENSMUSG00000115858	4930588J15Rik	1431290_at	NA	0.321448277322672	0	NA	-0.788951249129091	-0.1
ENSMUSG00000115867	Gm17753	1457363_at	NA	0.695269006105681	0.1	NA	-1.53335117202846	-0.1
ENSMUSG00000115924	Gm19277	1445764_at	NA	0.202959696504059	0	0.0353253286901588	-3.16763824311409	-0.3
ENSMUSG00000115935	4930573C08Rik	1454563_at	NA	-0.289297461899803	0	NA	-1.16463838360577	-0.1
ENSMUSG00000115969	Gm46519	1445444_at	NA	1.6646574738254	0.2	NA	-0.732985781868075	-0.1
ENSMUSG00000115970	8430426J06Rik	1439844_at	NA	0.416104364184647	0.1	NA	0.354771839227585	0
ENSMUSG00000115976	Gm31462	1459648_at	NA	-1.32883339938969	-0.1	NA	-0.0800834328956458	0
ENSMUSG00000115988	Gm49441	1442947_x_at	0.256958601701174	-1.71440780475338	-0.7	NA	1.00299042251402	0.1
ENSMUSG00000116004	Gm49539	1439839_at	NA	0.250974056024667	0	0.360717398781994	1.18498930740916	0.1
ENSMUSG00000116066	Gm49477	1458081_at	NA	-1.67753181883255	-0.2	NA	1.72071688430273	0.1
ENSMUSG00000116096	4933404G15Rik	1431509_at	NA	-0.0864051510429302	0	NA	-1.52574575011847	-0.1
ENSMUSG00000116145	5730521K06Rik	1430765_at	NA	0.13029269511931	0	NA	-1.75020405931869	-0.2
ENSMUSG00000116167	4930504C09Rik	1432292_at	NA	0.827001664487486	0.1	NA	0.174941370406614	0
ENSMUSG00000116298	4833412C15Rik	1430360_at	NA	1.80517570331599	0.2	NA	-0.0877540806758647	0
ENSMUSG00000116360	9430014N10Rik	1432258_at	NA	0.143267023169921	0	NA	0.0380427446810113	0
ENSMUSG00000116396	Gm20556	1443499_at	NA	-0.351293796611749	0	0.249545615357106	-1.51893930166697	-0.2
ENSMUSG00000116397	Gm49525	1444803_at	NA	-0.512636786782158	-0.1	NA	0.423594137229915	0
ENSMUSG00000116506	5730414N17Rik	1429899_at	NA	0.234373030767377	0	NA	-0.631451034730018	-0.1
ENSMUSG00000116508	Gm49463	1456277_at	0.482201906261718	0.941908078087552	0.3	0.528861093907854	0.829970793165179	0.1
ENSMUSG00000116520	4930414F18Rik	1431859_at	NA	0.588360068027806	0.1	NA	-1.23424760056552	-0.1
ENSMUSG00000116537	Gm49698	1431160_x_at	NA	-0.963767480683994	-0.2	NA	1.02968603719489	0.1
ENSMUSG00000116554	4930563N14Rik	1433365_at	NA	-0.568430858465722	-0.1	NA	-0.569883064548884	0
ENSMUSG00000116557	4933432I09Rik	1430725_at	NA	1.19173973245828	0.2	NA	-0.551849986543039	0
ENSMUSG00000116564	Riok2	1440381_at	NA	-0.368013013366353	-0.1	0.285140664110633	1.40174391013063	0.1
ENSMUSG00000116607	4930534H18Rik	1458986_at	NA	-0.120885905436417	0	NA	-0.585234828080445	-0.1
ENSMUSG00000116624	Gm49706	1441696_at	NA	-1.24419084018256	-0.1	NA	-1.08049410471836	-0.1
ENSMUSG00000116628	4930478L05Rik	1453629_at	NA	0.785297659691768	0.1	NA	1.08955660429636	0.1
ENSMUSG00000116632	Magef1	1429479_at	NA	-0.246461797593773	0	NA	0.319463224542611	0
ENSMUSG00000116644	4933426B08Rik	1432153_at	NA	0.622878416910245	0.1	NA	0.156485753775329	0
ENSMUSG00000116652	B830017H08Rik	1436286_at	NA	-1.01492669207371	-0.1	NA	-0.800338320201676	-0.1
ENSMUSG00000116657	Gm49774	1459681_at	NA	-0.551980499222918	-0.1	NA	1.58474247136017	0.1
ENSMUSG00000116660	9030404E10Rik	1432206_at	NA	0.011804431442554	0	NA	-0.128197776120091	0
ENSMUSG00000116689	4930405D01Rik	1454218_at	NA	-0.213225598363327	0	NA	-1.46467014787153	-0.1
ENSMUSG00000116693	Gm29805	1458008_at	NA	0.286681874683243	0	NA	-0.577254566004707	-0.1
ENSMUSG00000116730	4930403O18Rik	1432751_at	NA	0.463111858228206	0	NA	-1.08000332678948	-0.1
ENSMUSG00000116755	6430553K19Rik	1458647_at	NA	0.0753931892207408	0	NA	1.30109284350395	0.1
ENSMUSG00000116786	4930570E03Rik	1431855_at	NA	0.321788505807384	0	NA	0.674369963435334	0.1
ENSMUSG00000116789	Gm49579	1457224_at	NA	0.481505088459047	0.1	NA	-0.209811132358058	0
ENSMUSG00000116795	Gm49600	1433135_at	NA	1.37446927031123	0.2	NA	-2.15027081926582	-0.2
ENSMUSG00000116813	4930579D07Rik	1430200_at	NA	-0.913170797312653	-0.1	NA	-1.29899210977993	-0.1
ENSMUSG00000116832	Gm49658	1446395_at	NA	0.750419500082767	0.1	NA	-0.470908444852417	0
ENSMUSG00000116848	4930542D17Rik	1432111_at	NA	-0.530612263831812	-0.1	NA	1.02711958001762	0.1
ENSMUSG00000116858	Gm49797	1438419_at	0.219544064193552	1.88637717763835	0.5	0.184689497747193	1.7800170640411	0.3
ENSMUSG00000116877	4921517D16Rik	1454039_at	NA	-0.763143045187078	-0.1	NA	-0.802685356397975	-0.1
ENSMUSG00000116885	4930420G21Rik	1431621_at	NA	-1.6201669380991	-0.2	NA	0.384082879719461	0
ENSMUSG00000116898	Gm49785	1445694_at	NA	0.418834702733047	0.1	NA	-0.641216329519638	-0.1
ENSMUSG00000116922	4833419O12Rik	1432338_at	0.994897208453157	0.00659681316224473	0	NA	-1.0889186145876	-0.1
ENSMUSG00000116924	4933401D09Rik	1432132_at	NA	0.029256368780774	0	NA	0.0829999995216139	0
ENSMUSG00000116975	4930470H14Rik	1454068_at	NA	-0.222836664209431	0	0.0438565523862257	-2.98164211596758	-0.3
ENSMUSG00000116993	Gm32461	1442097_at	NA	0.986692522096957	0.1	NA	-1.74864681294683	-0.1
ENSMUSG00000117000	Gm32509	1431801_at	NA	-1.23542749768547	-0.2	NA	0.203241930766981	0
ENSMUSG00000117013	Gm30531	1453668_at	NA	0.437577676108693	0	NA	-0.634125511554366	-0.1
ENSMUSG00000117026	C87487	1444840_at	NA	-1.7536559246197	-0.2	0.0260787641543063	3.43724029575078	0.3
ENSMUSG00000117050	1700023B13Rik	1433360_at	NA	0.165546068652652	0	NA	-1.11566512013711	-0.1
ENSMUSG00000117080	1700063J08Rik	1441875_at	NA	-0.240020114966034	0	NA	-0.884389703485666	-0.1
ENSMUSG00000117093	Gm49949	1446555_at	NA	-2.84278646731648	-0.3	NA	0.57182881052348	0
ENSMUSG00000117113	Gm49883	1457914_at	NA	0.0384068739868451	0	NA	-0.83465824662204	-0.1
ENSMUSG00000117146	Fut4-ps1	1431699_at	NA	-0.651663509827551	-0.1	NA	-0.935537689170605	-0.1
ENSMUSG00000117172	A230051N06Rik	1440843_at	NA	-0.507509172265119	0	NA	-0.273081033367978	0
ENSMUSG00000117235	Gm49938	1447390_at	NA	-0.783508319956972	-0.1	NA	-0.442285145274868	0
ENSMUSG00000117286	Gm1043	1447065_at	NA	-0.388024378081739	0	NA	-2.54884068089594	-0.2
ENSMUSG00000117289	1700093J21Rik	1453967_at	NA	1.0098832803821	0.2	NA	-0.686627894922478	-0.1
ENSMUSG00000117314	C030013G03Rik	1442754_at	NA	1.46426764111995	0.2	NA	-1.03707999156573	-0.1
ENSMUSG00000117315	1600022D10Rik	1431723_at	NA	-1.93291085068868	-0.2	NA	-0.72602002180453	-0.1
ENSMUSG00000117322	6330415G19Rik	1444059_at	NA	0.364772210740013	0	NA	-2.03149733624725	-0.2
ENSMUSG00000117326	4930564C03Rik	1431600_at	NA	-1.56688620655076	-0.2	NA	-0.201481634777192	0
ENSMUSG00000117333	Gm16386	1457326_at	NA	-0.157166081338946	0	NA	-0.516406467812433	0
ENSMUSG00000117383	4930415O11Rik	1430248_at	NA	1.8289004346186	0.3	NA	-1.41429886714955	-0.1
ENSMUSG00000117391	4930500A05Rik	1453910_at	NA	-0.80654368435607	-0.2	0.140338588967342	-2.00617459988768	-0.2
ENSMUSG00000117437	Gm33727	1445622_at	NA	-2.3402114095587	-0.3	NA	-1.19519690123494	-0.1
ENSMUSG00000117442	1810073O08Rik	1430387_at	NA	0.712973494138619	0.1	0.918139738381266	-0.144165490133728	0
ENSMUSG00000117450	4933424G05Rik	1431548_at	NA	-1.54918196990566	-0.2	NA	0.350726391535932	0
ENSMUSG00000117475	Gm7788	1447892_at	0.42822840102541	-1.09635125108143	-0.4	NA	-1.6441634330523	-0.1
ENSMUSG00000117485	Gm19696	1443908_at	NA	-0.354484272585679	-0.1	NA	-1.4553073722349	-0.1
ENSMUSG00000117534	Gm20161	1458609_at	NA	-0.728415009635704	-0.1	NA	0.639666445312602	0
ENSMUSG00000117571	4933433H22Rik	1431925_at	NA	0.872364518112742	0.1	NA	-0.382402289446549	0
ENSMUSG00000117592	Gm46603	1440744_at	NA	-1.26504247174749	-0.1	NA	-0.262545277995117	0
ENSMUSG00000117600	Gm50094	1457206_at	0.597145351018123	0.682898640692625	0.2	NA	-1.15139274251813	-0.1
ENSMUSG00000117613	Gm2629	1441805_at	NA	-0.0854383123821099	0	NA	0.335261000130738	0
ENSMUSG00000117619	Gm50079	1446535_at	NA	-0.355009612688646	0	NA	-0.224509691721136	0
ENSMUSG00000117628	Gm50012	1440925_at	NA	1.43981832619237	0.2	NA	0.901766503010438	0.1
ENSMUSG00000117633	8430422H06Rik	1432165_at	NA	0.357271219645524	0	NA	0.0162958197616819	0
ENSMUSG00000117634	Gm50069	1440612_at	NA	0.288978632841561	0	NA	0.727417479474025	0.1
ENSMUSG00000117650	4933435E02Rik	1453933_at	NA	-0.931636489673469	-0.1	NA	-1.44588646051571	-0.1
ENSMUSG00000117655	6720468P15Rik	1429743_at	NA	1.54588125143439	0.2	NA	-0.416011564096215	0
ENSMUSG00000117661	4931439C15Rik	1431456_at	NA	0.70218773177165	0.1	NA	-1.59067441443072	-0.1
ENSMUSG00000117662	Gm4013	1430975_at	NA	1.30573941663418	0.2	NA	0.328411851018114	0
ENSMUSG00000117666	Gm550	1456549_at	NA	-0.89582092465367	-0.1	NA	-0.421287157445985	0
ENSMUSG00000117692	Gm50114	1442304_at	NA	-0.847009211047927	-0.1	NA	0.24377553064335	0
ENSMUSG00000117698	BC037704	1440913_at	NA	0.0408617803814682	0	NA	0.368413000728438	0
ENSMUSG00000117725	Gm50240	1428989_at	NA	0.106933295671329	0	0.144814257253001	1.98023643077556	0.2
ENSMUSG00000117763	9830166K06Rik	1457389_at	NA	1.12750424297686	0.1	NA	-2.64298635695421	-0.2
ENSMUSG00000117768	8030456M14Rik	1453680_at	NA	0.177894949109335	0	NA	-0.389449745806961	0
ENSMUSG00000117775	Gm50462	1458530_at	NA	0.311211087397358	0	NA	-0.00044626436399531	0
ENSMUSG00000117786	Gm10503	1458719_at	0.0731945032197371	3.00428671735411	0.5	0.0398617035401347	3.0594902120258	0.3
ENSMUSG00000117792	4930588A03Rik	1454115_at	0.286973641620208	-1.58495582776854	-0.4	NA	1.25612666066797	0.1
ENSMUSG00000117797	2900057B20Rik	1431631_at	NA	-0.561002013158464	-0.1	NA	-0.598163654265575	-0.1
ENSMUSG00000117800	1700122C19Rik	1432974_at	0.928808635590178	0.123400837151124	0	NA	-0.874321231263589	-0.1
ENSMUSG00000117811	Gm29677	1446398_at	NA	-0.0944091354527914	0	0.451112715194799	-0.986805607175107	-0.1
ENSMUSG00000117814	Gm50431	1453062_at	NA	1.49049891343461	0.1	NA	1.1417043933381	0.1
ENSMUSG00000117827	D730002M21Rik	1458422_at	NA	0.679476731631344	0.1	0.434429837856119	-1.02379596586546	-0.1
ENSMUSG00000117852	4930471G03Rik	1453838_at	NA	-2.55781736580586	-0.3	NA	0.297592445508187	0
ENSMUSG00000117861	1810058N15Rik	1454307_at	NA	-0.975793346275252	-0.1	NA	-0.71555979943405	-0.1
ENSMUSG00000117864	Gm19500	1459662_at	NA	-1.80794142996643	-0.2	NA	1.1156745407738	0.1
ENSMUSG00000117872	A530088E08Rik	1459276_at	0.266630427104267	-1.66923761287392	-0.3	NA	-0.611633183525133	0
ENSMUSG00000117926	C030004G16Rik	1432378_at	NA	1.64745493986804	0.2	NA	0.47303064197554	0
ENSMUSG00000117975	Itprip	1433943_at	NA	0.202773639389592	0	0.116627294408209	-2.17912076724944	-0.3
ENSMUSG00000118004	BC026513	1431860_at	NA	0.363754459147083	0.1	NA	-0.409539842460366	0
ENSMUSG00000118014	4930535F04Rik	1433046_at	NA	1.16683817208289	0.1	NA	0.579078005639713	0.1
ENSMUSG00000118018	AC156546.1	1436463_at	NA	-0.626292526991252	-0.1	NA	-1.80840723061133	-0.2
ENSMUSG00000118029	AC132288.1	1458561_at	NA	1.3832427059703	0.1	NA	0.798709051349338	0.1
ENSMUSG00000118038	Gm9895	1444178_at	NA	0.55105265575945	0.1	NA	-1.69450343882359	-0.1
ENSMUSG00000118049	Gm50103	1445109_at	NA	0.447746784705427	0.1	NA	-0.11123002105469	0
ENSMUSG00000118060	4933401L05Rik	1432127_at	NA	0.645178604975882	0.1	NA	-0.894367178560951	-0.1
ENSMUSG00000118084	AA388235	1441497_at	NA	1.25308954805485	0.1	NA	0.145297307155969	0
ENSMUSG00000118087	4833438C02Rik	1436524_at	NA	2.04401838659029	0.3	NA	0.999852603189713	0.1
ENSMUSG00000118094	AC142100.1	1444118_at	NA	-1.51930875359864	-0.2	0.15928344037709	1.90454578372443	0.2
ENSMUSG00000118103	4933434P08Rik	1432137_at	NA	-0.86232641208127	-0.1	NA	-1.51406039990405	-0.1
ENSMUSG00000118106	AC115752.1	1429750_at	NA	-0.856622162712289	-0.1	NA	-0.99260842524295	-0.1
ENSMUSG00000118138	Gm50322	1458902_at	NA	1.2906069537544	0.2	NA	1.26077854169709	0.1
ENSMUSG00000118202	C030017B01Rik	1441369_at	NA	-0.726287995433481	-0.1	NA	-0.480348242203955	0
ENSMUSG00000118204	4930414N06Rik	1441651_at	NA	0.95516516054223	0.1	NA	-0.628920080911393	0
ENSMUSG00000118216	Gm19784	1446869_at	NA	0.410612977286119	0	NA	-1.46309186721124	-0.1
ENSMUSG00000118219	Gm29695	1439954_at	NA	-1.65343106420425	-0.2	NA	-1.18087575806374	-0.1
ENSMUSG00000118239	Gm50107	1457467_at	NA	1.58222070829745	0.3	0.257613584027208	1.48712747121931	0.2
ENSMUSG00000118267	G630055G22Rik	1459580_at	NA	0.843935639834751	0.1	NA	1.56041667961693	0.1
ENSMUSG00000118310	Gm50268	1446641_at	NA	0.120445551412057	0	NA	0.201131588882604	0
ENSMUSG00000118322	2210409D07Rik	1432559_at	NA	-1.52750474327235	-0.2	NA	-1.92908857754479	-0.1
ENSMUSG00000118326	Gm8887	1459181_at	NA	1.00389897121519	0.2	0.109944473542525	-2.22439896560776	-0.3
ENSMUSG00000118333	4921531P14Rik	1431738_at	NA	1.4552995320442	0.2	NA	-0.0994017737699121	0
ENSMUSG00000118339	4930592I03Rik	1444636_at	0.277356946898659	-1.61995551552785	-0.5	0.314792239248894	-1.30286987105891	-0.1
ENSMUSG00000118365	Gm41724	1458236_at	0.289805334270333	1.56693446058729	0.4	0.0300350836402112	3.30618915762713	0.4
ENSMUSG00000118366	9130016M20Rik	1453397_at	NA	-0.482880004217462	-0.1	NA	0.426730971206029	0
ENSMUSG00000118384	9030625G05Rik	1432351_at	NA	0.221964212276261	0	NA	0.986217963516101	0.1
ENSMUSG00000118396	Iqcf2	1454175_at	NA	-1.38605360399173	-0.3	NA	-1.14022630404379	-0.1
ENSMUSG00000118423	Lrrc70	1429717_at	NA	-1.10146842637865	-0.1	NA	-0.299289338397328	0
