Term	Accession	Genes (tot)	Stat (non-dir.) p	p adj (non-dir.)	Significant..in.gene.set.	Non.significant..in.gene.set.	Significant..not.in.gene.set.	Non.significant..not.in.gene.set.	effect.size
GO:0000002	mitochondrial genome maintenance	  7	0.563170298527647	1	3	4	1897	2940	1.09263157894737
GO:0000012	single strand break repair	  8	0.387889435544869	1	4	4	1896	2940	1.27473684210526
GO:0000027	ribosomal large subunit assembly	  7	0.83118932937518	1	2	5	1898	2939	0.728421052631579
GO:0000038	very long-chain fatty acid metabolic process	  8	0.668338816317314	1	3	5	1897	2939	0.956052631578947
GO:0000045	autophagosome assembly	 20	0.222009403104782	1	10	10	1890	2934	1.27473684210526
GO:0000049	tRNA binding	 21	0.00996369617546033	0.387827414424563	14	7	1886	2937	1.69964912280702
GO:0000062	fatty-acyl-CoA binding	  6	0.0374065477785077	0.668750781505298	5	1	1895	2943	2.12456140350877
GO:0000070	mitotic sister chromatid segregation	 11	0.445796419414966	1	5	6	1895	2938	1.15885167464115
GO:0000077	DNA damage checkpoint	 10	0.598206974532865	1	4	6	1896	2938	1.01978947368421
GO:0000079	regulation of cyclin-dependent protein serine/threonine kinase activity	 18	0.240790015246695	1	9	9	1891	2935	1.27473684210526
GO:0000082	G1/S transition of mitotic cell cycle	 24	0.0449588354741945	0.700531030233308	14	10	1886	2934	1.48719298245614
GO:0000086	G2/M transition of mitotic cell cycle	 18	0.240790015246695	1	9	9	1891	2935	1.27473684210526
GO:0000118	histone deacetylase complex	  8	0.981454138647988	1	1	7	1899	2937	0.318684210526316
GO:0000123	histone acetyltransferase complex	  8	0.161693655219476	1	5	3	1895	2941	1.59342105263158
GO:0000124	SAGA complex	  5	0.917188765638001	1	1	4	1899	2940	0.509894736842105
GO:0000132	establishment of mitotic spindle orientation	 10	0.598206974532865	1	4	6	1896	2938	1.01978947368421
GO:0000149	SNARE binding	 23	0.144601017125202	1	12	11	1888	2933	1.33016018306636
GO:0000151	ubiquitin ligase complex	 28	0.415411441121114	1	12	16	1888	2928	1.09263157894737
GO:0000165	MAPK cascade	 21	0.957290823226915	1	5	16	1895	2928	0.607017543859649
GO:0000175	3	  9	0.92316276301718	1	2	7	1898	2937	0.566549707602339
GO:0000176	nuclear exosome (RNase complex)	  7	0.563170298527647	1	3	4	1897	2940	1.09263157894737
GO:0000177	cytoplasmic exosome (RNase complex)	  5	0.304039849485138	1	3	2	1897	2942	1.52968421052632
GO:0000178	exosome (RNase complex)	  5	0.649601443719976	1	2	3	1898	2941	1.01978947368421
GO:0000184	nuclear-transcribed mRNA catabolic process, nonsense-mediated decay	  9	0.497900286521984	1	4	5	1896	2939	1.13309941520468
GO:0000185	activation of MAPKKK activity	  5	0.917188765638001	1	1	4	1899	2940	0.509894736842105
GO:0000186	activation of MAPKK activity	 11	0.685298720314521	1	4	7	1896	2937	0.927081339712919
GO:0000187	activation of MAPK activity	 26	0.605196542254626	1	10	16	1890	2928	0.980566801619433
GO:0000188	inactivation of MAPK activity	  9	0.250375871823477	1	5	4	1895	2940	1.41637426900585
GO:0000209	protein polyubiquitination	 39	0.342651578667719	1	17	22	1883	2922	1.11130904183536
GO:0000226	microtubule cytoskeleton organization	 43	0.301504094272718	1	19	24	1881	2920	1.12651162790698
GO:0000228	nuclear chromosome	 16	0.447143882954465	1	7	9	1893	2935	1.11539473684211
GO:0000242	pericentriolar material	  7	0.563170298527647	1	3	4	1897	2940	1.09263157894737
GO:0000244	spliceosomal tri-snRNP complex assembly	  7	0.274791545382173	1	4	3	1896	2941	1.45684210526316
GO:0000245	spliceosomal complex assembly	  7	0.563170298527647	1	3	4	1897	2940	1.09263157894737
GO:0000266	mitochondrial fission	  7	0.563170298527647	1	3	4	1897	2940	1.09263157894737
GO:0000278	mitotic cell cycle	 50	0.129261473724608	1	24	26	1876	2918	1.22374736842105
GO:0000281	mitotic cytokinesis	 20	0.727338785506498	1	7	13	1893	2931	0.892315789473684
GO:0000287	magnesium ion binding	 57	0.00135463044443642	0.153161357788266	34	23	1866	2921	1.52073868882733
GO:0000289	nuclear-transcribed mRNA poly(A) tail shortening	  5	1	1	0	5	1900	2939	0
GO:0000302	response to reactive oxygen species	  5	0.649601443719976	1	2	3	1898	2941	1.01978947368421
GO:0000307	cyclin-dependent protein kinase holoenzyme complex	 13	0.402691105215304	1	6	7	1894	2937	1.17668016194332
GO:0000346	transcription export complex	  6	0.168500294647832	1	4	2	1896	2942	1.69964912280702
GO:0000380	alternative mRNA splicing, via spliceosome	 10	0.820137126935884	1	3	7	1897	2937	0.764842105263158
GO:0000381	regulation of alternative mRNA splicing, via spliceosome	 29	0.972053827852121	1	7	22	1893	2922	0.615390199637024
GO:0000387	spliceosomal snRNP assembly	 10	0.15331148914129	1	6	4	1894	2940	1.52968421052632
GO:0000398	mRNA splicing, via spliceosome	 55	0.0511115096727564	0.700531030233308	28	27	1872	2917	1.29791387559809
GO:0000400	four-way junction DNA binding	  6	0.754612463418742	1	2	4	1898	2940	0.849824561403509
GO:0000407	phagophore assembly site	  7	0.563170298527647	1	3	4	1897	2940	1.09263157894737
GO:0000413	protein peptidyl-prolyl isomerization	 16	0.0507934373406584	0.700531030233308	10	6	1890	2938	1.59342105263158
GO:0000421	autophagosome membrane	  9	0.497900286521984	1	4	5	1896	2939	1.13309941520468
GO:0000422	autophagy of mitochondrion	  8	0.668338816317314	1	3	5	1897	2939	0.956052631578947
GO:0000460	maturation of 5.8S rRNA	  5	0.917188765638001	1	1	4	1899	2940	0.509894736842105
GO:0000462	maturation of SSU-rRNA from tricistronic rRNA transcript (SSU-rRNA, 5.8S rRNA, LSU-rRNA)	  9	0.0221782251673199	0.562734580302472	7	2	1893	2942	1.98292397660819
GO:0000502	proteasome complex	 24	0.0990687638663571	0.853323386243832	13	11	1887	2933	1.3809649122807
GO:0000712	resolution of meiotic recombination intermediates	  5	0.304039849485138	1	3	2	1897	2942	1.52968421052632
GO:0000722	telomere maintenance via recombination	  5	0.304039849485138	1	3	2	1897	2942	1.52968421052632
GO:0000723	telomere maintenance	 16	0.261993676791498	1	8	8	1892	2936	1.27473684210526
GO:0000724	double-strand break repair via homologous recombination	 26	0.0930031363308108	0.807866226602382	14	12	1886	2932	1.37279352226721
GO:0000727	double-strand break repair via break-induced replication	  6	0.754612463418742	1	2	4	1898	2940	0.849824561403509
GO:0000731	DNA synthesis involved in DNA repair	  6	0.439579404322443	1	3	3	1897	2941	1.27473684210526
GO:0000775	chromosome, centromeric region	 51	0.439298426844291	1	21	30	1879	2914	1.04978328173375
GO:0000776	kinetochore	 49	0.463081359996722	1	20	29	1880	2915	1.0406015037594
GO:0000777	condensed chromosome kinetochore	 37	0.496891929829366	1	15	22	1885	2922	1.03357041251778
GO:0000778	condensed nuclear chromosome kinetochore	  6	1	1	0	6	1900	2938	0
GO:0000781	chromosome, telomeric region	 21	0.446954511259723	1	9	12	1891	2932	1.09263157894737
GO:0000784	nuclear chromosome, telomeric region	 28	0.087331779862202	0.790509169841492	15	13	1885	2931	1.36578947368421
GO:0000785	chromatin	 62	0.137141231690638	1	29	33	1871	2911	1.19249575551783
GO:0000786	nucleosome	 16	0.261993676791498	1	8	8	1892	2936	1.27473684210526
GO:0000788	nuclear nucleosome	  7	0.969456475532965	1	1	6	1899	2938	0.364210526315789
GO:0000790	nuclear chromatin	 86	0.605343973830368	1	33	53	1867	2891	0.97828641370869
GO:0000791	euchromatin	  7	0.274791545382173	1	4	3	1896	2941	1.45684210526316
GO:0000792	heterochromatin	 14	0.700618363148246	1	5	9	1895	2935	0.910526315789474
GO:0000793	condensed chromosome	 13	0.0278892980747787	0.645149512594856	9	4	1891	2940	1.76502024291498
GO:0000794	condensed nuclear chromosome	 17	0.525932428638354	1	7	10	1893	2934	1.04978328173375
GO:0000795	synaptonemal complex	  5	0.304039849485138	1	3	2	1897	2942	1.52968421052632
GO:0000796	condensin complex	  6	0.168500294647832	1	4	2	1896	2942	1.69964912280702
GO:0000900	translation repressor activity, mRNA regulatory element binding	  5	0.917188765638001	1	1	4	1899	2940	0.509894736842105
GO:0000902	cell morphogenesis	 33	0.892660786145433	1	10	23	1890	2921	0.772567783094099
GO:0000922	spindle pole	 48	0.649810936018701	1	18	30	1882	2914	0.956052631578947
GO:0000930	gamma-tubulin complex	  6	0.754612463418742	1	2	4	1898	2940	0.849824561403509
GO:0000932	P-body	 24	0.95345069278584	1	6	18	1894	2926	0.637368421052632
GO:0000940	condensed chromosome outer kinetochore	  7	0.83118932937518	1	2	5	1898	2939	0.728421052631579
GO:0000974	Prp19 complex	  9	0.753558081214978	1	3	6	1897	2938	0.849824561403509
GO:0000976	transcription regulatory region sequence-specific DNA binding	 32	0.769879431180324	1	11	21	1889	2923	0.876381578947368
GO:0000979	RNA polymerase II core promoter sequence-specific DNA binding	 10	0.347440254505663	1	5	5	1895	2939	1.27473684210526
GO:0000987	cis-regulatory region sequence-specific DNA binding	 24	0.995717450485455	1	4	20	1896	2924	0.424912280701754
GO:0000993	RNA polymerase II complex binding	  8	0.885472833727802	1	2	6	1898	2938	0.637368421052632
GO:0001012	RNA polymerase II regulatory region DNA binding	  6	0.754612463418742	1	2	4	1898	2940	0.849824561403509
GO:0001047	core promoter binding	  5	0.649601443719976	1	2	3	1898	2941	1.01978947368421
GO:0001054	RNA polymerase I activity	  6	0.00362418365152984	0.227436014866414	6	0	1894	2944	2.54947368421053
GO:0001056	RNA polymerase III activity	  6	0.439579404322443	1	3	3	1897	2941	1.27473684210526
GO:0001085	RNA polymerase II transcription factor binding	 26	0.862170775967996	1	8	18	1892	2926	0.784453441295547
GO:0001102	RNA polymerase II activating transcription factor binding	 18	0.894632894444347	1	5	13	1895	2931	0.708187134502924
GO:0001103	RNA polymerase II repressing transcription factor binding	 11	0.966300870397195	1	2	9	1898	2935	0.463540669856459
GO:0001221	transcription cofactor binding	  5	1	1	0	5	1900	2939	0
GO:0001223	transcription coactivator binding	 10	0.820137126935884	1	3	7	1897	2937	0.764842105263158
GO:0001227	DNA-binding transcription repressor activity, RNA polymerase II-specific	 80	0.990043370047436	1	22	58	1878	2886	0.701105263157895
GO:0001501	skeletal system development	 50	0.39442496806612	1	21	29	1879	2915	1.07077894736842
GO:0001502	cartilage condensation	  8	0.387889435544869	1	4	4	1896	2940	1.27473684210526
GO:0001503	ossification	 52	0.597191058488366	1	20	32	1880	2912	0.980566801619433
GO:0001510	RNA methylation	  7	0.0168564242510799	0.492429936432315	6	1	1894	2943	2.18526315789474
GO:0001516	prostaglandin biosynthetic process	  7	0.0887818565970774	0.790509169841492	5	2	1895	2942	1.82105263157895
GO:0001518	voltage-gated sodium channel complex	  5	0.917188765638001	1	1	4	1899	2940	0.509894736842105
GO:0001520	outer dense fiber	  5	0.649601443719976	1	2	3	1898	2941	1.01978947368421
GO:0001523	retinoid metabolic process	  7	0.563170298527647	1	3	4	1897	2940	1.09263157894737
GO:0001525	angiogenesis	 96	0.0116725330313217	0.437719988674566	49	47	1851	2897	1.30129385964912
GO:0001527	microfibril	  7	0.83118932937518	1	2	5	1898	2939	0.728421052631579
GO:0001530	lipopolysaccharide binding	 11	0.445796419414966	1	5	6	1895	2938	1.15885167464115
GO:0001533	cornified envelope	 11	0.966300870397195	1	2	9	1898	2935	0.463540669856459
GO:0001540	amyloid-beta binding	 24	0.786805098890883	1	8	16	1892	2928	0.849824561403509
GO:0001541	ovarian follicle development	 21	0.282571239662319	1	10	11	1890	2933	1.2140350877193
GO:0001556	oocyte maturation	  9	0.497900286521984	1	4	5	1896	2939	1.13309941520468
GO:0001558	regulation of cell growth	 15	0.029138658982514	0.645149512594856	10	5	1890	2939	1.69964912280702
GO:0001568	blood vessel development	 31	0.193055201806107	1	15	16	1885	2928	1.23361629881155
GO:0001569	branching involved in blood vessel morphogenesis	 12	0.539753870792073	1	5	7	1895	2937	1.06228070175439
GO:0001570	vasculogenesis	 29	0.330198486311445	1	13	16	1887	2928	1.14286751361162
GO:0001578	microtubule bundle formation	 11	0.445796419414966	1	5	6	1895	2938	1.15885167464115
GO:0001649	osteoblast differentiation	 32	0.36122225854692	1	14	18	1886	2926	1.11539473684211
GO:0001650	fibrillar center	 45	0.190429738000674	1	21	24	1879	2920	1.18975438596491
GO:0001654	eye development	 12	0.758071145075746	1	4	8	1896	2936	0.849824561403509
GO:0001655	urogenital system development	  7	0.969456475532965	1	1	6	1899	2938	0.364210526315789
GO:0001656	metanephros development	 16	0.127695138712544	1	9	7	1891	2937	1.43407894736842
GO:0001657	ureteric bud development	 28	0.832095975843903	1	9	19	1891	2925	0.819473684210526
GO:0001658	branching involved in ureteric bud morphogenesis	 17	0.334588817691767	1	8	9	1892	2935	1.19975232198142
GO:0001662	behavioral fear response	  8	0.668338816317314	1	3	5	1897	2939	0.956052631578947
GO:0001664	G protein-coupled receptor binding	 22	0.968949184563959	1	5	17	1895	2927	0.579425837320574
GO:0001666	response to hypoxia	 81	0.0623147981158717	0.790509169841492	39	42	1861	2902	1.22752436647174
GO:0001669	acrosomal vesicle	 22	0.20522964316453	1	11	11	1889	2933	1.27473684210526
GO:0001671	ATPase activator activity	  8	0.161693655219476	1	5	3	1895	2941	1.59342105263158
GO:0001673	male germ cell nucleus	  5	0.304039849485138	1	3	2	1897	2942	1.52968421052632
GO:0001676	long-chain fatty acid metabolic process	 10	0.598206974532865	1	4	6	1896	2938	1.01978947368421
GO:0001678	cellular glucose homeostasis	  8	0.981454138647988	1	1	7	1899	2937	0.318684210526316
GO:0001701	in utero embryonic development	100	0.919186593237848	1	33	67	1867	2877	0.841326315789474
GO:0001702	gastrulation with mouth forming second	 14	0.990661969616714	1	2	12	1898	2932	0.364210526315789
GO:0001706	endoderm formation	  5	0.917188765638001	1	1	4	1899	2940	0.509894736842105
GO:0001707	mesoderm formation	 17	0.860530440789414	1	5	12	1895	2932	0.74984520123839
GO:0001708	cell fate specification	  8	0.668338816317314	1	3	5	1897	2939	0.956052631578947
GO:0001725	stress fiber	 32	0.142353648598973	1	16	16	1884	2928	1.27473684210526
GO:0001726	ruffle	 35	0.661164421373573	1	13	22	1887	2922	0.946947368421053
GO:0001731	formation of translation preinitiation complex	  5	0.917188765638001	1	1	4	1899	2940	0.509894736842105
GO:0001732	formation of cytoplasmic translation initiation complex	  9	0.0221782251673199	0.562734580302472	7	2	1893	2942	1.98292397660819
GO:0001736	establishment of planar polarity	  7	0.969456475532965	1	1	6	1899	2938	0.364210526315789
GO:0001741	XY body	  7	0.274791545382173	1	4	3	1896	2941	1.45684210526316
GO:0001750	photoreceptor outer segment	 14	0.863591930787843	1	4	10	1896	2934	0.728421052631579
GO:0001755	neural crest cell migration	 14	0.490057624310308	1	6	8	1894	2936	1.09263157894737
GO:0001756	somitogenesis	 21	0.779351019984895	1	7	14	1893	2930	0.849824561403509
GO:0001758	retinal dehydrogenase activity	  6	0.754612463418742	1	2	4	1898	2940	0.849824561403509
GO:0001764	neuron migration	 41	0.795359046009978	1	14	27	1886	2917	0.870551989730424
GO:0001772	immunological synapse	 11	0.445796419414966	1	5	6	1895	2938	1.15885167464115
GO:0001774	microglial cell activation	 11	0.870701529418895	1	3	8	1897	2936	0.695311004784689
GO:0001775	cell activation	  6	0.00362418365152984	0.227436014866414	6	0	1894	2944	2.54947368421053
GO:0001779	natural killer cell differentiation	  6	0.754612463418742	1	2	4	1898	2940	0.849824561403509
GO:0001782	B cell homeostasis	  6	0.754612463418742	1	2	4	1898	2940	0.849824561403509
GO:0001784	phosphotyrosine residue binding	 13	0.817028054319387	1	4	9	1896	2935	0.784453441295547
GO:0001786	phosphatidylserine binding	 20	0.222009403104782	1	10	10	1890	2934	1.27473684210526
GO:0001816	cytokine production	  7	0.563170298527647	1	3	4	1897	2940	1.09263157894737
GO:0001818	negative regulation of cytokine production	  6	0.754612463418742	1	2	4	1898	2940	0.849824561403509
GO:0001819	positive regulation of cytokine production	  7	0.83118932937518	1	2	5	1898	2939	0.728421052631579
GO:0001822	kidney development	 51	0.234528472271917	1	23	28	1877	2916	1.14976264189886
GO:0001824	blastocyst development	 10	0.820137126935884	1	3	7	1897	2937	0.764842105263158
GO:0001825	blastocyst formation	 12	0.144569725741978	1	7	5	1893	2939	1.48719298245614
GO:0001829	trophectodermal cell differentiation	  8	0.668338816317314	1	3	5	1897	2939	0.956052631578947
GO:0001833	inner cell mass cell proliferation	  5	0.0811044634016161	0.790509169841492	4	1	1896	2943	2.03957894736842
GO:0001835	blastocyst hatching	 11	0.00503156201062634	0.286519503382889	9	2	1891	2942	2.08593301435407
GO:0001836	release of cytochrome c from mitochondria	 10	0.820137126935884	1	3	7	1897	2937	0.764842105263158
GO:0001837	epithelial to mesenchymal transition	 14	0.490057624310308	1	6	8	1894	2936	1.09263157894737
GO:0001841	neural tube formation	  8	0.387889435544869	1	4	4	1896	2940	1.27473684210526
GO:0001843	neural tube closure	 30	0.678550613982208	1	11	19	1889	2925	0.93480701754386
GO:0001878	response to yeast	  5	0.304039849485138	1	3	2	1897	2942	1.52968421052632
GO:0001886	endothelial cell morphogenesis	  7	0.563170298527647	1	3	4	1897	2940	1.09263157894737
GO:0001889	liver development	 45	0.282994932561654	1	20	25	1880	2919	1.13309941520468
GO:0001890	placenta development	 20	0.859813452414517	1	6	14	1894	2930	0.764842105263158
GO:0001892	embryonic placenta development	 12	0.908244990866611	1	3	9	1897	2935	0.637368421052632
GO:0001894	tissue homeostasis	 12	0.144569725741978	1	7	5	1893	2939	1.48719298245614
GO:0001913	T cell mediated cytotoxicity	  8	0.387889435544869	1	4	4	1896	2940	1.27473684210526
GO:0001916	positive regulation of T cell mediated cytotoxicity	  7	0.274791545382173	1	4	3	1896	2941	1.45684210526316
GO:0001917	photoreceptor inner segment	  9	0.497900286521984	1	4	5	1896	2939	1.13309941520468
GO:0001921	positive regulation of receptor recycling	  5	0.304039849485138	1	3	2	1897	2942	1.52968421052632
GO:0001932	regulation of protein phosphorylation	 23	0.0697592193206024	0.790509169841492	13	10	1887	2934	1.44100686498856
GO:0001933	negative regulation of protein phosphorylation	 36	0.0340099957801064	0.668750781505298	20	16	1880	2928	1.41637426900585
GO:0001934	positive regulation of protein phosphorylation	 70	0.305067515610769	1	30	40	1870	2904	1.09263157894737
GO:0001935	endothelial cell proliferation	  7	0.0887818565970774	0.790509169841492	5	2	1895	2942	1.82105263157895
GO:0001937	negative regulation of endothelial cell proliferation	 16	0.447143882954465	1	7	9	1893	2935	1.11539473684211
GO:0001938	positive regulation of endothelial cell proliferation	 28	0.832095975843903	1	9	19	1891	2925	0.819473684210526
GO:0001942	hair follicle development	 16	0.127695138712544	1	9	7	1891	2937	1.43407894736842
GO:0001944	vasculature development	 13	0.935610071830779	1	3	10	1897	2934	0.58834008097166
GO:0001945	lymph vessel development	  5	0.649601443719976	1	2	3	1898	2941	1.01978947368421
GO:0001947	heart looping	 18	0.999874592116613	1	1	17	1899	2927	0.141637426900585
GO:0001952	regulation of cell-matrix adhesion	  5	0.304039849485138	1	3	2	1897	2942	1.52968421052632
GO:0001953	negative regulation of cell-matrix adhesion	  5	0.304039849485138	1	3	2	1897	2942	1.52968421052632
GO:0001954	positive regulation of cell-matrix adhesion	  9	0.497900286521984	1	4	5	1896	2939	1.13309941520468
GO:0001958	endochondral ossification	 12	0.539753870792073	1	5	7	1895	2937	1.06228070175439
GO:0001961	positive regulation of cytokine-mediated signaling pathway	  5	0.00925457767269283	0.36958216030559	5	0	1895	2944	2.54947368421053
GO:0001965	G-protein alpha-subunit binding	 15	0.194844407752021	1	8	7	1892	2937	1.35971929824561
GO:0001968	fibronectin binding	 17	0.0809138013204091	0.790509169841492	10	7	1890	2937	1.49969040247678
GO:0001972	retinoic acid binding	  5	0.917188765638001	1	1	4	1899	2940	0.509894736842105
GO:0001974	blood vessel remodeling	 14	0.863591930787843	1	4	10	1896	2934	0.728421052631579
GO:0001975	response to amphetamine	 10	0.347440254505663	1	5	5	1895	2939	1.27473684210526
GO:0002009	morphogenesis of an epithelium	  7	0.563170298527647	1	3	4	1897	2940	1.09263157894737
GO:0002020	protease binding	 40	0.0143185226567386	0.492429936432315	23	17	1877	2927	1.46594736842105
GO:0002024	diet induced thermogenesis	  6	0.949704026081852	1	1	5	1899	2939	0.424912280701754
GO:0002026	regulation of the force of heart contraction	 11	0.966300870397195	1	2	9	1898	2935	0.463540669856459
GO:0002027	regulation of heart rate	 14	0.990661969616714	1	2	12	1898	2932	0.364210526315789
GO:0002028	regulation of sodium ion transport	  9	0.753558081214978	1	3	6	1897	2938	0.849824561403509
GO:0002031	G protein-coupled receptor internalization	  6	0.168500294647832	1	4	2	1896	2942	1.69964912280702
GO:0002039	p53 binding	 19	0.484279592379304	1	8	11	1892	2933	1.07346260387812
GO:0002040	sprouting angiogenesis	  6	0.168500294647832	1	4	2	1896	2942	1.69964912280702
GO:0002042	cell migration involved in sprouting angiogenesis	  7	0.274791545382173	1	4	3	1896	2941	1.45684210526316
GO:0002052	positive regulation of neuroblast proliferation	  8	0.885472833727802	1	2	6	1898	2938	0.637368421052632
GO:0002053	positive regulation of mesenchymal cell proliferation	 12	0.908244990866611	1	3	9	1897	2935	0.637368421052632
GO:0002062	chondrocyte differentiation	 14	0.700618363148246	1	5	9	1895	2935	0.910526315789474
GO:0002063	chondrocyte development	 11	0.870701529418895	1	3	8	1897	2936	0.695311004784689
GO:0002076	osteoblast development	  7	1	1	0	7	1900	2937	0
GO:0002082	regulation of oxidative phosphorylation	  5	0.00925457767269283	0.36958216030559	5	0	1895	2944	2.54947368421053
GO:0002088	lens development in camera-type eye	 12	0.758071145075746	1	4	8	1896	2936	0.849824561403509
GO:0002089	lens morphogenesis in camera-type eye	  7	0.563170298527647	1	3	4	1897	2940	1.09263157894737
GO:0002091	negative regulation of receptor internalization	  6	0.754612463418742	1	2	4	1898	2940	0.849824561403509
GO:0002092	positive regulation of receptor internalization	  7	0.969456475532965	1	1	6	1899	2938	0.364210526315789
GO:0002102	podosome	 13	0.817028054319387	1	4	9	1896	2935	0.784453441295547
GO:0002161	aminoacyl-tRNA editing activity	  6	0.0374065477785077	0.668750781505298	5	1	1895	2943	2.12456140350877
GO:0002162	dystroglycan binding	  5	1	1	0	5	1900	2939	0
GO:0002181	cytoplasmic translation	  6	0.168500294647832	1	4	2	1896	2942	1.69964912280702
GO:0002183	cytoplasmic translational initiation	  7	0.0014188102182715	0.153161357788266	7	0	1893	2944	2.54947368421053
GO:0002199	zona pellucida receptor complex	  5	0.649601443719976	1	2	3	1898	2941	1.01978947368421
GO:0002218	activation of innate immune response	 12	0.539753870792073	1	5	7	1895	2937	1.06228070175439
GO:0002227	innate immune response in mucosa	  6	0.949704026081852	1	1	5	1899	2939	0.424912280701754
GO:0002230	positive regulation of defense response to virus by host	  9	0.753558081214978	1	3	6	1897	2938	0.849824561403509
GO:0002244	hematopoietic progenitor cell differentiation	 23	0.937811543753604	1	6	17	1894	2927	0.665080091533181
GO:0002250	adaptive immune response	 31	0.994993274283894	1	6	25	1894	2919	0.493446519524618
GO:0002523	leukocyte migration involved in inflammatory response	  7	0.563170298527647	1	3	4	1897	2940	1.09263157894737
GO:0002526	acute inflammatory response	  8	0.668338816317314	1	3	5	1897	2939	0.956052631578947
GO:0002548	monocyte chemotaxis	  9	0.92316276301718	1	2	7	1898	2937	0.566549707602339
GO:0002687	positive regulation of leukocyte migration	  8	0.885472833727802	1	2	6	1898	2938	0.637368421052632
GO:0002931	response to ischemia	 19	0.667415580666289	1	7	12	1893	2932	0.939279778393352
GO:0002934	desmosome organization	  5	1	1	0	5	1900	2939	0
GO:0003007	heart morphogenesis	 22	0.968949184563959	1	5	17	1895	2927	0.579425837320574
GO:0003009	skeletal muscle contraction	 15	0.764593080383169	1	5	10	1895	2934	0.849824561403509
GO:0003016	respiratory system process	  5	0.304039849485138	1	3	2	1897	2942	1.52968421052632
GO:0003073	regulation of systemic arterial blood pressure	  7	0.969456475532965	1	1	6	1899	2938	0.364210526315789
GO:0003084	positive regulation of systemic arterial blood pressure	  7	0.969456475532965	1	1	6	1899	2938	0.364210526315789
GO:0003094	glomerular filtration	  5	0.304039849485138	1	3	2	1897	2942	1.52968421052632
GO:0003143	embryonic heart tube morphogenesis	  5	0.917188765638001	1	1	4	1899	2940	0.509894736842105
GO:0003148	outflow tract septum morphogenesis	 14	0.955251383024307	1	3	11	1897	2933	0.546315789473684
GO:0003149	membranous septum morphogenesis	  5	0.304039849485138	1	3	2	1897	2942	1.52968421052632
GO:0003151	outflow tract morphogenesis	 27	0.508518661199015	1	11	16	1889	2928	1.03867446393762
GO:0003170	heart valve development	  5	0.304039849485138	1	3	2	1897	2942	1.52968421052632
GO:0003180	aortic valve morphogenesis	  7	0.274791545382173	1	4	3	1896	2941	1.45684210526316
GO:0003181	atrioventricular valve morphogenesis	  6	0.754612463418742	1	2	4	1898	2940	0.849824561403509
GO:0003183	mitral valve morphogenesis	  5	0.917188765638001	1	1	4	1899	2940	0.509894736842105
GO:0003184	pulmonary valve morphogenesis	  5	0.0811044634016161	0.790509169841492	4	1	1896	2943	2.03957894736842
GO:0003197	endocardial cushion development	  5	0.304039849485138	1	3	2	1897	2942	1.52968421052632
GO:0003198	epithelial to mesenchymal transition involved in endocardial cushion formation	  5	0.304039849485138	1	3	2	1897	2942	1.52968421052632
GO:0003203	endocardial cushion morphogenesis	  9	0.92316276301718	1	2	7	1898	2937	0.566549707602339
GO:0003281	ventricular septum development	 12	0.758071145075746	1	4	8	1896	2936	0.849824561403509
GO:0003323	type B pancreatic cell development	  5	0.649601443719976	1	2	3	1898	2941	1.01978947368421
GO:0003341	cilium movement	  6	0.754612463418742	1	2	4	1898	2940	0.849824561403509
GO:0003382	epithelial cell morphogenesis	  6	0.439579404322443	1	3	3	1897	2941	1.27473684210526
GO:0003407	neural retina development	  5	0.0811044634016161	0.790509169841492	4	1	1896	2943	2.03957894736842
GO:0003417	growth plate cartilage development	  5	1	1	0	5	1900	2939	0
GO:0003429	growth plate cartilage chondrocyte morphogenesis	  9	0.250375871823477	1	5	4	1895	2940	1.41637426900585
GO:0003678	DNA helicase activity	 20	0.556129628820188	1	8	12	1892	2932	1.01978947368421
GO:0003680	AT DNA binding	  6	0.168500294647832	1	4	2	1896	2942	1.69964912280702
GO:0003684	damaged DNA binding	 19	0.167243668696311	1	10	9	1890	2935	1.34182825484765
GO:0003688	DNA replication origin binding	 11	0.685298720314521	1	4	7	1896	2937	0.927081339712919
GO:0003689	DNA clamp loader activity	  5	0.0811044634016161	0.790509169841492	4	1	1896	2943	2.03957894736842
GO:0003690	double-stranded DNA binding	 54	0.946557882056858	1	16	38	1884	2906	0.755399610136452
GO:0003691	double-stranded telomeric DNA binding	  5	0.649601443719976	1	2	3	1898	2941	1.01978947368421
GO:0003697	single-stranded DNA binding	 40	0.275741172915783	1	18	22	1882	2922	1.14726315789474
GO:0003707	steroid hormone receptor activity	 20	0.995662993141759	1	3	17	1897	2927	0.382421052631579
GO:0003712	transcription coregulator activity	 35	0.661164421373573	1	13	22	1887	2922	0.946947368421053
GO:0003713	transcription coactivator activity	 80	0.485655418525681	1	32	48	1868	2896	1.01978947368421
GO:0003714	transcription corepressor activity	 57	0.947187009601729	1	17	40	1883	2904	0.760369344413666
GO:0003724	RNA helicase activity	 27	0.662065884052043	1	10	17	1890	2927	0.944249512670565
GO:0003725	double-stranded RNA binding	 25	0.544010903471796	1	10	15	1890	2929	1.01978947368421
GO:0003727	single-stranded RNA binding	 16	0.447143882954465	1	7	9	1893	2935	1.11539473684211
GO:0003729	mRNA binding	 61	0.247081849828443	1	27	34	1873	2910	1.12845556514236
GO:0003730	mRNA 3	 26	0.974541520982313	1	6	20	1894	2924	0.58834008097166
GO:0003735	structural constituent of ribosome	 40	0.000827172829305316	0.149620967653756	26	14	1874	2930	1.65715789473684
GO:0003743	translation initiation factor activity	 20	0.0483569876983946	0.700531030233308	12	8	1888	2936	1.52968421052632
GO:0003746	translation elongation factor activity	  6	0.0374065477785077	0.668750781505298	5	1	1895	2943	2.12456140350877
GO:0003755	peptidyl-prolyl cis-trans isomerase activity	 16	0.0507934373406584	0.700531030233308	10	6	1890	2938	1.59342105263158
GO:0003774	motor activity	 27	0.794104406083542	1	9	18	1891	2926	0.849824561403509
GO:0003777	microtubule motor activity	 17	0.714557516553351	1	6	11	1894	2933	0.899814241486068
GO:0003785	actin monomer binding	  8	0.668338816317314	1	3	5	1897	2939	0.956052631578947
GO:0003823	antigen binding	  7	0.83118932937518	1	2	5	1898	2939	0.728421052631579
GO:0003887	DNA-directed DNA polymerase activity	 13	0.0278892980747787	0.645149512594856	9	4	1891	2940	1.76502024291498
GO:0003899	DNA-directed 5	 12	0.314255987487018	1	6	6	1894	2938	1.27473684210526
GO:0003950	NAD+ ADP-ribosyltransferase activity	  8	0.668338816317314	1	3	5	1897	2939	0.956052631578947
GO:0003954	NADH dehydrogenase activity	  8	0.0450347774236384	0.700531030233308	6	2	1894	2942	1.91210526315789
GO:0003993	acid phosphatase activity	  5	0.917188765638001	1	1	4	1899	2940	0.509894736842105
GO:0004028	3-chloroallyl aldehyde dehydrogenase activity	  5	0.917188765638001	1	1	4	1899	2940	0.509894736842105
GO:0004029	aldehyde dehydrogenase (NAD+) activity	  7	0.83118932937518	1	2	5	1898	2939	0.728421052631579
GO:0004032	alditol:NADP+ 1-oxidoreductase activity	  6	0.949704026081852	1	1	5	1899	2939	0.424912280701754
GO:0004033	aldo-keto reductase (NADP) activity	  5	1	1	0	5	1900	2939	0
GO:0004089	carbonate dehydratase activity	  8	0.387889435544869	1	4	4	1896	2940	1.27473684210526
GO:0004114	3	  5	0.649601443719976	1	2	3	1898	2941	1.01978947368421
GO:0004126	cytidine deaminase activity	  5	0.304039849485138	1	3	2	1897	2942	1.52968421052632
GO:0004129	cytochrome-c oxidase activity	  6	0.0374065477785077	0.668750781505298	5	1	1895	2943	2.12456140350877
GO:0004175	endopeptidase activity	 39	0.342651578667719	1	17	22	1883	2922	1.11130904183536
GO:0004177	aminopeptidase activity	  8	0.387889435544869	1	4	4	1896	2940	1.27473684210526
GO:0004180	carboxypeptidase activity	 12	0.314255987487018	1	6	6	1894	2938	1.27473684210526
GO:0004181	metallocarboxypeptidase activity	  6	0.949704026081852	1	1	5	1899	2939	0.424912280701754
GO:0004190	aspartic-type endopeptidase activity	  5	0.917188765638001	1	1	4	1899	2940	0.509894736842105
GO:0004197	cysteine-type endopeptidase activity	 21	0.0734657082845183	0.790509169841492	12	9	1888	2935	1.45684210526316
GO:0004222	metalloendopeptidase activity	 24	0.479584034332685	1	10	14	1890	2930	1.06228070175439
GO:0004252	serine-type endopeptidase activity	 49	0.956182091902603	1	14	35	1886	2909	0.728421052631579
GO:0004298	threonine-type endopeptidase activity	  8	0.668338816317314	1	3	5	1897	2939	0.956052631578947
GO:0004303	estradiol 17-beta-dehydrogenase activity	  7	0.969456475532965	1	1	6	1899	2938	0.364210526315789
GO:0004364	glutathione transferase activity	 15	0.029138658982514	0.645149512594856	10	5	1890	2939	1.69964912280702
GO:0004386	helicase activity	 44	0.588757535075323	1	17	27	1883	2917	0.985023923444976
GO:0004402	histone acetyltransferase activity	 13	0.211081683470683	1	7	6	1893	2938	1.37279352226721
GO:0004407	histone deacetylase activity	  8	0.668338816317314	1	3	5	1897	2939	0.956052631578947
GO:0004435	phosphatidylinositol phospholipase C activity	  7	0.83118932937518	1	2	5	1898	2939	0.728421052631579
GO:0004467	long-chain fatty acid-CoA ligase activity	  5	0.304039849485138	1	3	2	1897	2942	1.52968421052632
GO:0004497	monooxygenase activity	 21	0.891998425386366	1	6	15	1894	2929	0.728421052631579
GO:0004518	nuclease activity	 35	0.390099101890356	1	15	20	1885	2924	1.09263157894737
GO:0004519	endonuclease activity	 23	0.144601017125202	1	12	11	1888	2933	1.33016018306636
GO:0004521	endoribonuclease activity	  6	0.168500294647832	1	4	2	1896	2942	1.69964912280702
GO:0004527	exonuclease activity	 18	0.409627859647824	1	8	10	1892	2934	1.13309941520468
GO:0004535	poly(A)-specific ribonuclease activity	  5	0.917188765638001	1	1	4	1899	2940	0.509894736842105
GO:0004540	ribonuclease activity	  5	0.917188765638001	1	1	4	1899	2940	0.509894736842105
GO:0004550	nucleoside diphosphate kinase activity	  7	0.0887818565970774	0.790509169841492	5	2	1895	2942	1.82105263157895
GO:0004553	hydrolase activity, hydrolyzing O-glycosyl compounds	 10	0.15331148914129	1	6	4	1894	2940	1.52968421052632
GO:0004601	peroxidase activity	 10	0.0490388104662654	0.700531030233308	7	3	1893	2941	1.78463157894737
GO:0004602	glutathione peroxidase activity	 11	0.0898936829136167	0.790509169841492	7	4	1893	2940	1.62239234449761
GO:0004620	phospholipase activity	  7	0.563170298527647	1	3	4	1897	2940	1.09263157894737
GO:0004622	lysophospholipase activity	  6	0.754612463418742	1	2	4	1898	2940	0.849824561403509
GO:0004623	phospholipase A2 activity	  9	0.988740560601839	1	1	8	1899	2936	0.28327485380117
GO:0004675	transmembrane receptor protein serine/threonine kinase activity	  9	1	1	0	9	1900	2935	0
GO:0004693	cyclin-dependent protein serine/threonine kinase activity	  5	0.304039849485138	1	3	2	1897	2942	1.52968421052632
GO:0004709	MAP kinase kinase kinase activity	  5	0.649601443719976	1	2	3	1898	2941	1.01978947368421
GO:0004712	protein serine/threonine/tyrosine kinase activity	  8	0.668338816317314	1	3	5	1897	2939	0.956052631578947
GO:0004713	protein tyrosine kinase activity	 36	0.990631298491317	1	8	28	1892	2916	0.566549707602339
GO:0004714	transmembrane receptor protein tyrosine kinase activity	 20	0.94174501421726	1	5	15	1895	2929	0.637368421052632
GO:0004715	non-membrane spanning protein tyrosine kinase activity	 10	0.948919172037504	1	2	8	1898	2936	0.509894736842105
GO:0004721	phosphoprotein phosphatase activity	 35	0.023669146229635	0.591728655740876	20	15	1880	2929	1.45684210526316
GO:0004722	protein serine/threonine phosphatase activity	 10	0.0490388104662654	0.700531030233308	7	3	1893	2941	1.78463157894737
GO:0004725	protein tyrosine phosphatase activity	 27	0.355343292648724	1	12	15	1888	2929	1.13309941520468
GO:0004745	retinol dehydrogenase activity	  5	0.649601443719976	1	2	3	1898	2941	1.01978947368421
GO:0004806	triglyceride lipase activity	  6	0.439579404322443	1	3	3	1897	2941	1.27473684210526
GO:0004812	aminoacyl-tRNA ligase activity	 17	4.23550566510822e-05	0.0278368241811278	15	2	1885	2942	2.24953560371517
GO:0004842	ubiquitin-protein transferase activity	 79	0.716313304500626	1	29	50	1871	2894	0.935882744836775
GO:0004843	thiol-dependent ubiquitin-specific protease activity	 24	0.786805098890883	1	8	16	1892	2928	0.849824561403509
GO:0004857	enzyme inhibitor activity	 15	0.194844407752021	1	8	7	1892	2937	1.35971929824561
GO:0004860	protein kinase inhibitor activity	 11	0.229412856614498	1	6	5	1894	2939	1.39062200956938
GO:0004861	cyclin-dependent protein serine/threonine kinase inhibitor activity	  5	0.304039849485138	1	3	2	1897	2942	1.52968421052632
GO:0004864	protein phosphatase inhibitor activity	  6	0.949704026081852	1	1	5	1899	2939	0.424912280701754
GO:0004866	endopeptidase inhibitor activity	 12	0.908244990866611	1	3	9	1897	2935	0.637368421052632
GO:0004867	serine-type endopeptidase inhibitor activity	 25	0.699935595853847	1	9	16	1891	2928	0.91781052631579
GO:0004869	cysteine-type endopeptidase inhibitor activity	 13	0.935610071830779	1	3	10	1897	2934	0.58834008097166
GO:0004879	nuclear receptor activity	 16	0.978914829710732	1	3	13	1897	2931	0.478026315789474
GO:0004888	transmembrane signaling receptor activity	 42	0.98874873666121	1	10	32	1890	2912	0.607017543859649
GO:0004890	GABA-A receptor activity	  5	1	1	0	5	1900	2939	0
GO:0004896	cytokine receptor activity	 20	0.859813452414517	1	6	14	1894	2930	0.764842105263158
GO:0004930	G protein-coupled receptor activity	 94	0.999999999528736	1	11	83	1889	2861	0.298342665173572
GO:0004935	adrenergic receptor activity	  5	1	1	0	5	1900	2939	0
GO:0004950	chemokine receptor activity	  7	1	1	0	7	1900	2937	0
GO:0004970	ionotropic glutamate receptor activity	  7	1	1	0	7	1900	2937	0
GO:0004984	olfactory receptor activity	  9	1	1	0	9	1900	2935	0
GO:0004993	G protein-coupled serotonin receptor activity	  5	1	1	0	5	1900	2939	0
GO:0005003	ephrin receptor activity	  5	0.917188765638001	1	1	4	1899	2940	0.509894736842105
GO:0005024	transforming growth factor beta-activated receptor activity	  6	1	1	0	6	1900	2938	0
GO:0005044	scavenger receptor activity	 15	0.764593080383169	1	5	10	1895	2934	0.849824561403509
GO:0005070	SH3/SH2 adaptor activity	  9	0.497900286521984	1	4	5	1896	2939	1.13309941520468
GO:0005080	protein kinase C binding	 22	0.347022570077142	1	10	12	1890	2932	1.15885167464115
GO:0005085	guanyl-nucleotide exchange factor activity	 46	0.917898476855186	1	14	32	1886	2912	0.775926773455378
GO:0005089	Rho guanyl-nucleotide exchange factor activity	 20	0.94174501421726	1	5	15	1895	2929	0.637368421052632
GO:0005092	GDP-dissociation inhibitor activity	  6	0.439579404322443	1	3	3	1897	2941	1.27473684210526
GO:0005096	GTPase activator activity	 57	0.780990553631889	1	20	37	1880	2907	0.89455216989843
GO:0005104	fibroblast growth factor receptor binding	  5	0.649601443719976	1	2	3	1898	2941	1.01978947368421
GO:0005109	frizzled binding	 19	0.921262123766574	1	5	14	1895	2930	0.670914127423823
GO:0005112	Notch binding	  7	0.0887818565970774	0.790509169841492	5	2	1895	2942	1.82105263157895
GO:0005123	death receptor binding	  5	0.304039849485138	1	3	2	1897	2942	1.52968421052632
GO:0005125	cytokine activity	 52	0.920825470510044	1	16	36	1884	2908	0.784453441295547
GO:0005154	epidermal growth factor receptor binding	 13	0.935610071830779	1	3	10	1897	2934	0.58834008097166
GO:0005158	insulin receptor binding	 11	0.0898936829136167	0.790509169841492	7	4	1893	2940	1.62239234449761
GO:0005159	insulin-like growth factor receptor binding	  7	0.83118932937518	1	2	5	1898	2939	0.728421052631579
GO:0005160	transforming growth factor beta receptor binding	  6	0.439579404322443	1	3	3	1897	2941	1.27473684210526
GO:0005161	platelet-derived growth factor receptor binding	  8	0.387889435544869	1	4	4	1896	2940	1.27473684210526
GO:0005164	tumor necrosis factor receptor binding	 11	0.445796419414966	1	5	6	1895	2938	1.15885167464115
GO:0005178	integrin binding	 60	0.00919025568226513	0.36958216030559	33	27	1867	2917	1.40221052631579
GO:0005179	hormone activity	 21	0.999590814414626	1	2	19	1898	2925	0.24280701754386
GO:0005184	neuropeptide hormone activity	  9	1	1	0	9	1900	2935	0
GO:0005198	structural molecule activity	 46	0.990837011854869	1	11	35	1889	2909	0.609656750572082
GO:0005200	structural constituent of cytoskeleton	 23	0.413343098059112	1	10	13	1890	2931	1.10846681922197
GO:0005201	extracellular matrix structural constituent	 50	0.00531439914326704	0.297123224828112	29	21	1871	2923	1.47869473684211
GO:0005212	structural constituent of eye lens	  5	1	1	0	5	1900	2939	0
GO:0005216	ion channel activity	 49	0.999994071656319	1	6	43	1894	2901	0.31218045112782
GO:0005230	extracellular ligand-gated ion channel activity	 11	0.995851588224611	1	1	10	1899	2934	0.23177033492823
GO:0005242	inward rectifier potassium channel activity	  5	1	1	0	5	1900	2939	0
GO:0005243	gap junction channel activity	  5	0.917188765638001	1	1	4	1899	2940	0.509894736842105
GO:0005244	voltage-gated ion channel activity	 33	0.999378773998761	1	5	28	1895	2916	0.386283891547049
GO:0005245	voltage-gated calcium channel activity	 13	0.935610071830779	1	3	10	1897	2934	0.58834008097166
GO:0005248	voltage-gated sodium channel activity	  9	0.753558081214978	1	3	6	1897	2938	0.849824561403509
GO:0005249	voltage-gated potassium channel activity	  9	0.92316276301718	1	2	7	1898	2937	0.566549707602339
GO:0005254	chloride channel activity	 16	0.978914829710732	1	3	13	1897	2931	0.478026315789474
GO:0005261	cation channel activity	  9	0.753558081214978	1	3	6	1897	2938	0.849824561403509
GO:0005262	calcium channel activity	 24	0.983953223035519	1	5	19	1895	2925	0.531140350877193
GO:0005267	potassium channel activity	 15	0.764593080383169	1	5	10	1895	2934	0.849824561403509
GO:0005272	sodium channel activity	  8	0.981454138647988	1	1	7	1899	2937	0.318684210526316
GO:0005319	lipid transporter activity	  6	0.949704026081852	1	1	5	1899	2939	0.424912280701754
GO:0005385	zinc ion transmembrane transporter activity	  8	0.387889435544869	1	4	4	1896	2940	1.27473684210526
GO:0005484	SNAP receptor activity	 10	0.347440254505663	1	5	5	1895	2939	1.27473684210526
GO:0005496	steroid binding	  7	0.274791545382173	1	4	3	1896	2941	1.45684210526316
GO:0005506	iron ion binding	 41	0.217459974825813	1	19	22	1881	2922	1.18146341463415
GO:0005507	copper ion binding	 18	0.240790015246695	1	9	9	1891	2935	1.27473684210526
GO:0005513	detection of calcium ion	  6	0.949704026081852	1	1	5	1899	2939	0.424912280701754
GO:0005516	calmodulin binding	 46	0.561161415681318	1	18	28	1882	2916	0.997620137299771
GO:0005518	collagen binding	 28	0.275252428018871	1	13	15	1887	2929	1.18368421052632
GO:0005520	insulin-like growth factor binding	 14	4.52631287498013e-05	0.0278368241811278	13	1	1887	2943	2.36736842105263
GO:0005521	lamin binding	  9	0.92316276301718	1	2	7	1898	2937	0.566549707602339
GO:0005523	tropomyosin binding	  8	0.885472833727802	1	2	6	1898	2938	0.637368421052632
GO:0005537	mannose binding	  9	0.250375871823477	1	5	4	1895	2940	1.41637426900585
GO:0005539	glycosaminoglycan binding	  8	0.0450347774236384	0.700531030233308	6	2	1894	2942	1.91210526315789
GO:0005540	hyaluronic acid binding	  6	0.949704026081852	1	1	5	1899	2939	0.424912280701754
GO:0005543	phospholipid binding	 35	0.931746228087862	1	10	25	1890	2919	0.728421052631579
GO:0005544	calcium-dependent phospholipid binding	 15	0.366140667758168	1	7	8	1893	2936	1.18975438596491
GO:0005545	1-phosphatidylinositol binding	  7	0.83118932937518	1	2	5	1898	2939	0.728421052631579
GO:0005546	phosphatidylinositol-4,5-bisphosphate binding	 24	0.890894096656898	1	7	17	1893	2927	0.74359649122807
GO:0005547	phosphatidylinositol-3,4,5-trisphosphate binding	 14	0.700618363148246	1	5	9	1895	2935	0.910526315789474
GO:0005577	fibrinogen complex	  5	0.649601443719976	1	2	3	1898	2941	1.01978947368421
GO:0005581	collagen trimer	 33	0.28616878235822	1	15	18	1885	2926	1.15885167464115
GO:0005604	basement membrane	 48	0.0121348770476077	0.449575264113178	27	21	1873	2923	1.43407894736842
GO:0005614	interstitial matrix	  8	0.0450347774236384	0.700531030233308	6	2	1894	2942	1.91210526315789
GO:0005635	nuclear envelope	 74	0.54684065717516	1	29	45	1871	2899	0.999118065433855
GO:0005637	nuclear inner membrane	 16	0.647983956112763	1	6	10	1894	2934	0.956052631578947
GO:0005640	nuclear outer membrane	  5	0.304039849485138	1	3	2	1897	2942	1.52968421052632
GO:0005642	annulate lamellae	  6	0.439579404322443	1	3	3	1897	2941	1.27473684210526
GO:0005643	nuclear pore	 28	0.415411441121114	1	12	16	1888	2928	1.09263157894737
GO:0005657	replication fork	  9	0.0907478819362753	0.790509169841492	6	3	1894	2941	1.69964912280702
GO:0005662	DNA replication factor A complex	  6	0.439579404322443	1	3	3	1897	2941	1.27473684210526
GO:0005664	nuclear origin of replication recognition complex	  5	0.304039849485138	1	3	2	1897	2942	1.52968421052632
GO:0005666	RNA polymerase III complex	  6	0.439579404322443	1	3	3	1897	2941	1.27473684210526
GO:0005667	transcription factor complex	 86	0.968429881444065	1	26	60	1874	2884	0.770771113831089
GO:0005669	transcription factor TFIID complex	  8	0.668338816317314	1	3	5	1897	2939	0.956052631578947
GO:0005671	Ada2/Gcn5/Ada3 transcription activator complex	  8	0.0450347774236384	0.700531030233308	6	2	1894	2942	1.91210526315789
GO:0005675	transcription factor TFIIH holo complex	  7	0.0168564242510799	0.492429936432315	6	1	1894	2943	2.18526315789474
GO:0005680	anaphase-promoting complex	 10	0.0490388104662654	0.700531030233308	7	3	1893	2941	1.78463157894737
GO:0005681	spliceosomal complex	 69	0.089424755215858	0.790509169841492	33	36	1867	2908	1.21931350114416
GO:0005682	U5 snRNP	  5	0.304039849485138	1	3	2	1897	2942	1.52968421052632
GO:0005685	U1 snRNP	  6	0.754612463418742	1	2	4	1898	2940	0.849824561403509
GO:0005686	U2 snRNP	 10	0.0490388104662654	0.700531030233308	7	3	1893	2941	1.78463157894737
GO:0005687	U4 snRNP	  5	0.0811044634016161	0.790509169841492	4	1	1896	2943	2.03957894736842
GO:0005689	U12-type spliceosomal complex	  9	0.0221782251673199	0.562734580302472	7	2	1893	2942	1.98292397660819
GO:0005697	telomerase holoenzyme complex	  9	0.0907478819362753	0.790509169841492	6	3	1894	2941	1.69964912280702
GO:0005719	nuclear euchromatin	 16	0.261993676791498	1	8	8	1892	2936	1.27473684210526
GO:0005720	nuclear heterochromatin	 11	0.229412856614498	1	6	5	1894	2939	1.39062200956938
GO:0005721	pericentric heterochromatin	  8	0.387889435544869	1	4	4	1896	2940	1.27473684210526
GO:0005736	RNA polymerase I complex	  6	0.00362418365152984	0.227436014866414	6	0	1894	2944	2.54947368421053
GO:0005740	mitochondrial envelope	  8	0.981454138647988	1	1	7	1899	2937	0.318684210526316
GO:0005741	mitochondrial outer membrane	 57	0.194935059274999	1	26	31	1874	2913	1.16291782086796
GO:0005742	mitochondrial outer membrane translocase complex	  5	0.304039849485138	1	3	2	1897	2942	1.52968421052632
GO:0005747	mitochondrial respiratory chain complex I	 20	0.00124506382069418	0.153161357788266	15	5	1885	2939	1.91210526315789
GO:0005753	mitochondrial proton-transporting ATP synthase complex	  5	0.649601443719976	1	2	3	1898	2941	1.01978947368421
GO:0005758	mitochondrial intermembrane space	 29	0.330198486311445	1	13	16	1887	2928	1.14286751361162
GO:0005759	mitochondrial matrix	 72	0.000127345386187077	0.0652645104208768	44	28	1856	2916	1.55801169590643
GO:0005761	mitochondrial ribosome	 11	0.0256931690677788	0.612453448708682	8	3	1892	2941	1.85416267942584
GO:0005762	mitochondrial large ribosomal subunit	 27	0.0274975492897423	0.645149512594856	16	11	1884	2933	1.5107992202729
GO:0005763	mitochondrial small ribosomal subunit	  9	0.00325947262962911	0.227436014866414	8	1	1892	2943	2.26619883040936
GO:0005765	lysosomal membrane	 65	0.00122835104138682	0.153161357788266	38	27	1862	2917	1.49046153846154
GO:0005769	early endosome	 79	0.147320264330387	1	36	43	1864	2901	1.1617854763491
GO:0005770	late endosome	 46	0.676879798864982	1	17	29	1883	2915	0.942196796338673
GO:0005771	multivesicular body	 12	0.908244990866611	1	3	9	1897	2935	0.637368421052632
GO:0005773	vacuole	  7	0.0887818565970774	0.790509169841492	5	2	1895	2942	1.82105263157895
GO:0005774	vacuolar membrane	 10	0.15331148914129	1	6	4	1894	2940	1.52968421052632
GO:0005776	autophagosome	 21	0.779351019984895	1	7	14	1893	2930	0.849824561403509
GO:0005777	peroxisome	 50	0.199448187358929	1	23	27	1877	2917	1.17275789473684
GO:0005778	peroxisomal membrane	 21	0.282571239662319	1	10	11	1890	2933	1.2140350877193
GO:0005779	integral component of peroxisomal membrane	  6	0.754612463418742	1	2	4	1898	2940	0.849824561403509
GO:0005782	peroxisomal matrix	 10	0.15331148914129	1	6	4	1894	2940	1.52968421052632
GO:0005788	endoplasmic reticulum lumen	 43	0.203430107791651	1	20	23	1880	2921	1.18580171358629
GO:0005790	smooth endoplasmic reticulum	 15	0.0844379316908582	0.790509169841492	9	6	1891	2938	1.52968421052632
GO:0005791	rough endoplasmic reticulum	 14	0.863591930787843	1	4	10	1896	2934	0.728421052631579
GO:0005793	endoplasmic reticulum-Golgi intermediate compartment	 28	0.00626775418493434	0.331042047224475	18	10	1882	2934	1.63894736842105
GO:0005795	Golgi stack	 12	0.758071145075746	1	4	8	1896	2936	0.849824561403509
GO:0005796	Golgi lumen	 13	0.0875594762602301	0.790509169841492	8	5	1892	2939	1.56890688259109
GO:0005797	Golgi medial cisterna	  6	0.168500294647832	1	4	2	1896	2942	1.69964912280702
GO:0005798	Golgi-associated vesicle	  7	0.274791545382173	1	4	3	1896	2941	1.45684210526316
GO:0005801	cis-Golgi network	 17	0.525932428638354	1	7	10	1893	2934	1.04978328173375
GO:0005802	trans-Golgi network	 49	0.0336226696981919	0.668750781505298	26	23	1874	2921	1.35278195488722
GO:0005811	lipid droplet	 26	0.0174577459937907	0.492429936432315	16	10	1884	2934	1.56890688259109
GO:0005814	centriole	 38	0.548970936533474	1	15	23	1885	2921	1.00637119113573
GO:0005815	microtubule organizing center	 95	0.561403234289095	1	37	58	1863	2886	0.992952908587257
GO:0005819	spindle	 63	0.107488500135509	0.905553802511476	30	33	1870	2911	1.2140350877193
GO:0005832	chaperonin-containing T-complex	  6	0.439579404322443	1	3	3	1897	2941	1.27473684210526
GO:0005834	heterotrimeric G-protein complex	 13	0.935610071830779	1	3	10	1897	2934	0.58834008097166
GO:0005838	proteasome regulatory particle	  5	0.304039849485138	1	3	2	1897	2942	1.52968421052632
GO:0005839	proteasome core complex	  7	0.563170298527647	1	3	4	1897	2940	1.09263157894737
GO:0005840	ribosome	 52	0.00221268755143372	0.213307048823817	31	21	1869	2923	1.51987854251012
GO:0005844	polysome	 15	0.899591512753179	1	4	11	1896	2933	0.679859649122807
GO:0005847	mRNA cleavage and polyadenylation specificity factor complex	  8	0.161693655219476	1	5	3	1895	2941	1.59342105263158
GO:0005852	eukaryotic translation initiation factor 3 complex	  9	0.0221782251673199	0.562734580302472	7	2	1893	2942	1.98292397660819
GO:0005861	troponin complex	  7	0.274791545382173	1	4	3	1896	2941	1.45684210526316
GO:0005865	striated muscle thin filament	 10	0.347440254505663	1	5	5	1895	2939	1.27473684210526
GO:0005868	cytoplasmic dynein complex	  7	0.83118932937518	1	2	5	1898	2939	0.728421052631579
GO:0005871	kinesin complex	 16	0.127695138712544	1	9	7	1891	2937	1.43407894736842
GO:0005874	microtubule	 97	0.174557719082601	1	43	54	1857	2890	1.13017905588714
GO:0005875	microtubule associated complex	 13	0.00655596906365367	0.331042047224475	10	3	1890	2941	1.96113360323887
GO:0005876	spindle microtubule	 23	0.739137634792692	1	8	15	1892	2929	0.886773455377574
GO:0005881	cytoplasmic microtubule	 20	0.00124506382069418	0.153161357788266	15	5	1885	2939	1.91210526315789
GO:0005882	intermediate filament	 39	0.974699316527087	1	10	29	1890	2915	0.653711201079622
GO:0005884	actin filament	 29	0.625721743958957	1	11	18	1889	2926	0.967041742286751
GO:0005891	voltage-gated calcium channel complex	  9	0.988740560601839	1	1	8	1899	2936	0.28327485380117
GO:0005892	acetylcholine-gated channel complex	  5	0.917188765638001	1	1	4	1899	2940	0.509894736842105
GO:0005901	caveola	 31	0.444956403086538	1	13	18	1887	2926	1.06913412563667
GO:0005902	microvillus	 27	0.125695241427832	1	14	13	1886	2931	1.32194931773879
GO:0005903	brush border	 20	0.222009403104782	1	10	10	1890	2934	1.27473684210526
GO:0005905	clathrin-coated pit	 18	0.599944427086873	1	7	11	1893	2933	0.991461988304093
GO:0005911	cell-cell junction	 71	0.941804970085552	1	22	49	1878	2895	0.78997776130467
GO:0005912	adherens junction	 52	0.79487243848469	1	18	34	1882	2910	0.88251012145749
GO:0005916	fascia adherens	  5	0.304039849485138	1	3	2	1897	2942	1.52968421052632
GO:0005921	gap junction	 14	0.700618363148246	1	5	9	1895	2935	0.910526315789474
GO:0005922	connexin complex	  7	0.969456475532965	1	1	6	1899	2938	0.364210526315789
GO:0005923	bicellular tight junction	 44	0.965638289662739	1	12	32	1888	2912	0.695311004784689
GO:0005925	focal adhesion	 60	0.395360507904933	1	25	35	1875	2909	1.06228070175439
GO:0005929	cilium	 78	0.984820307591033	1	22	56	1878	2888	0.719082321187584
GO:0005930	axoneme	 24	0.95345069278584	1	6	18	1894	2926	0.637368421052632
GO:0005938	cell cortex	 59	0.458075105377581	1	24	35	1876	2909	1.03707404103479
GO:0005942	phosphatidylinositol 3-kinase complex	  6	0.949704026081852	1	1	5	1899	2939	0.424912280701754
GO:0005975	carbohydrate metabolic process	 68	0.0735051332770745	0.790509169841492	33	35	1867	2909	1.23724458204334
GO:0005977	glycogen metabolic process	 14	0.135960953852734	1	8	6	1892	2938	1.45684210526316
GO:0005978	glycogen biosynthetic process	  8	0.161693655219476	1	5	3	1895	2941	1.59342105263158
GO:0005980	glycogen catabolic process	  6	0.168500294647832	1	4	2	1896	2942	1.69964912280702
GO:0006002	fructose 6-phosphate metabolic process	  6	0.439579404322443	1	3	3	1897	2941	1.27473684210526
GO:0006006	glucose metabolic process	 15	0.0844379316908582	0.790509169841492	9	6	1891	2938	1.52968421052632
GO:0006012	galactose metabolic process	  5	0.00925457767269283	0.36958216030559	5	0	1895	2944	2.54947368421053
GO:0006024	glycosaminoglycan biosynthetic process	  6	0.439579404322443	1	3	3	1897	2941	1.27473684210526
GO:0006044	N-acetylglucosamine metabolic process	  9	0.0907478819362753	0.790509169841492	6	3	1894	2941	1.69964912280702
GO:0006081	cellular aldehyde metabolic process	  5	0.917188765638001	1	1	4	1899	2940	0.509894736842105
GO:0006082	organic acid metabolic process	  6	0.754612463418742	1	2	4	1898	2940	0.849824561403509
GO:0006094	gluconeogenesis	 10	0.820137126935884	1	3	7	1897	2937	0.764842105263158
GO:0006096	glycolytic process	  7	0.274791545382173	1	4	3	1896	2941	1.45684210526316
GO:0006099	tricarboxylic acid cycle	 11	0.0898936829136167	0.790509169841492	7	4	1893	2940	1.62239234449761
GO:0006103	2-oxoglutarate metabolic process	  6	0.439579404322443	1	3	3	1897	2941	1.27473684210526
GO:0006119	oxidative phosphorylation	  5	0.0811044634016161	0.790509169841492	4	1	1896	2943	2.03957894736842
GO:0006120	mitochondrial electron transport, NADH to ubiquinone	  8	0.0450347774236384	0.700531030233308	6	2	1894	2942	1.91210526315789
GO:0006139	nucleobase-containing compound metabolic process	  8	0.0450347774236384	0.700531030233308	6	2	1894	2942	1.91210526315789
GO:0006164	purine nucleotide biosynthetic process	  6	0.00362418365152984	0.227436014866414	6	0	1894	2944	2.54947368421053
GO:0006165	nucleoside diphosphate phosphorylation	  7	0.0887818565970774	0.790509169841492	5	2	1895	2942	1.82105263157895
GO:0006228	UTP biosynthetic process	  5	0.304039849485138	1	3	2	1897	2942	1.52968421052632
GO:0006241	CTP biosynthetic process	  6	0.439579404322443	1	3	3	1897	2941	1.27473684210526
GO:0006259	DNA metabolic process	 12	0.539753870792073	1	5	7	1895	2937	1.06228070175439
GO:0006260	DNA replication	 53	0.00746309938629852	0.358604571409347	30	23	1870	2921	1.44309831181728
GO:0006261	DNA-dependent DNA replication	  9	0.0221782251673199	0.562734580302472	7	2	1893	2942	1.98292397660819
GO:0006267	pre-replicative complex assembly involved in nuclear cell cycle DNA replication	  5	0.649601443719976	1	2	3	1898	2941	1.01978947368421
GO:0006270	DNA replication initiation	 14	0.490057624310308	1	6	8	1894	2936	1.09263157894737
GO:0006275	regulation of DNA replication	  8	0.668338816317314	1	3	5	1897	2939	0.956052631578947
GO:0006284	base-excision repair	 17	0.334588817691767	1	8	9	1892	2935	1.19975232198142
GO:0006289	nucleotide-excision repair	 16	0.127695138712544	1	9	7	1891	2937	1.43407894736842
GO:0006302	double-strand break repair	 20	0.112477934287839	0.929757118105124	11	9	1889	2935	1.40221052631579
GO:0006303	double-strand break repair via nonhomologous end joining	 12	0.0508393666076445	0.700531030233308	8	4	1892	2940	1.69964912280702
GO:0006306	DNA methylation	  7	1	1	0	7	1900	2937	0
GO:0006310	DNA recombination	 33	0.179739567251537	1	16	17	1884	2927	1.23610845295056
GO:0006325	chromatin organization	 83	0.874811162768637	1	28	55	1872	2889	0.8600634115409
GO:0006334	nucleosome assembly	 23	0.0697592193206024	0.790509169841492	13	10	1887	2934	1.44100686498856
GO:0006335	DNA replication-dependent nucleosome assembly	  6	0.168500294647832	1	4	2	1896	2942	1.69964912280702
GO:0006338	chromatin remodeling	 40	0.392107095962628	1	17	23	1883	2921	1.08352631578947
GO:0006342	chromatin silencing	 12	0.539753870792073	1	5	7	1895	2937	1.06228070175439
GO:0006346	methylation-dependent chromatin silencing	  5	0.917188765638001	1	1	4	1899	2940	0.509894736842105
GO:0006349	regulation of gene expression by genetic imprinting	  5	0.917188765638001	1	1	4	1899	2940	0.509894736842105
GO:0006351	transcription, DNA-templated	 40	0.179922255864375	1	19	21	1881	2923	1.211
GO:0006352	DNA-templated transcription, initiation	  6	0.949704026081852	1	1	5	1899	2939	0.424912280701754
GO:0006353	DNA-templated transcription, termination	  5	0.649601443719976	1	2	3	1898	2941	1.01978947368421
GO:0006360	transcription by RNA polymerase I	  7	0.0168564242510799	0.492429936432315	6	1	1894	2943	2.18526315789474
GO:0006364	rRNA processing	 45	0.00144444857751535	0.153161357788266	28	17	1872	2927	1.58633918128655
GO:0006366	transcription by RNA polymerase II	 43	0.301504094272718	1	19	24	1881	2920	1.12651162790698
GO:0006367	transcription initiation from RNA polymerase II promoter	  9	0.92316276301718	1	2	7	1898	2937	0.566549707602339
GO:0006368	transcription elongation from RNA polymerase II promoter	  6	0.949704026081852	1	1	5	1899	2939	0.424912280701754
GO:0006376	mRNA splice site selection	  7	0.563170298527647	1	3	4	1897	2940	1.09263157894737
GO:0006378	mRNA polyadenylation	 11	0.445796419414966	1	5	6	1895	2938	1.15885167464115
GO:0006383	transcription by RNA polymerase III	  5	0.304039849485138	1	3	2	1897	2942	1.52968421052632
GO:0006390	mitochondrial transcription	  8	0.161693655219476	1	5	3	1895	2941	1.59342105263158
GO:0006396	RNA processing	 25	0.699935595853847	1	9	16	1891	2928	0.91781052631579
GO:0006400	tRNA modification	  5	0.304039849485138	1	3	2	1897	2942	1.52968421052632
GO:0006401	RNA catabolic process	  6	0.439579404322443	1	3	3	1897	2941	1.27473684210526
GO:0006405	RNA export from nucleus	  7	0.83118932937518	1	2	5	1898	2939	0.728421052631579
GO:0006406	mRNA export from nucleus	 21	0.282571239662319	1	10	11	1890	2933	1.2140350877193
GO:0006412	translation	 85	4.24144548661748e-06	0.00652122243567437	54	31	1846	2913	1.61966563467492
GO:0006413	translational initiation	 24	0.0990687638663571	0.853323386243832	13	11	1887	2933	1.3809649122807
GO:0006414	translational elongation	  6	0.0374065477785077	0.668750781505298	5	1	1895	2943	2.12456140350877
GO:0006417	regulation of translation	 48	0.838507376589669	1	16	32	1884	2912	0.849824561403509
GO:0006418	tRNA aminoacylation for protein translation	 15	0.000216682304123014	0.0832872606472834	13	2	1887	2942	2.20954385964912
GO:0006446	regulation of translational initiation	  9	0.497900286521984	1	4	5	1896	2939	1.13309941520468
GO:0006457	protein folding	 35	0.0501067568028494	0.700531030233308	19	16	1881	2928	1.384
GO:0006464	cellular protein modification process	 13	0.625418099277554	1	5	8	1895	2936	0.980566801619433
GO:0006465	signal peptide processing	  6	0.168500294647832	1	4	2	1896	2942	1.69964912280702
GO:0006469	negative regulation of protein kinase activity	 19	0.0772114136636449	0.790509169841492	11	8	1889	2936	1.47601108033241
GO:0006470	protein dephosphorylation	 42	0.0566746551313758	0.767729359158504	22	20	1878	2924	1.33543859649123
GO:0006471	protein ADP-ribosylation	  9	0.753558081214978	1	3	6	1897	2938	0.849824561403509
GO:0006479	protein methylation	  9	0.0907478819362753	0.790509169841492	6	3	1894	2941	1.69964912280702
GO:0006486	protein glycosylation	 49	0.463081359996722	1	20	29	1880	2915	1.0406015037594
GO:0006487	protein N-linked glycosylation	 13	0.935610071830779	1	3	10	1897	2934	0.58834008097166
GO:0006493	protein O-linked glycosylation	 10	0.347440254505663	1	5	5	1895	2939	1.27473684210526
GO:0006506	GPI anchor biosynthetic process	 10	0.820137126935884	1	3	7	1897	2937	0.764842105263158
GO:0006509	membrane protein ectodomain proteolysis	 12	0.758071145075746	1	4	8	1896	2936	0.849824561403509
GO:0006511	ubiquitin-dependent protein catabolic process	 76	0.342089098110819	1	32	44	1868	2900	1.07346260387812
GO:0006513	protein monoubiquitination	 11	0.229412856614498	1	6	5	1894	2939	1.39062200956938
GO:0006515	protein quality control for misfolded or incompletely synthesized proteins	  7	0.563170298527647	1	3	4	1897	2940	1.09263157894737
GO:0006518	peptide metabolic process	  7	0.83118932937518	1	2	5	1898	2939	0.728421052631579
GO:0006520	cellular amino acid metabolic process	  8	0.387889435544869	1	4	4	1896	2940	1.27473684210526
GO:0006541	glutamine metabolic process	  7	0.0168564242510799	0.492429936432315	6	1	1894	2943	2.18526315789474
GO:0006563	L-serine metabolic process	  5	0.0811044634016161	0.790509169841492	4	1	1896	2943	2.03957894736842
GO:0006590	thyroid hormone generation	  6	0.439579404322443	1	3	3	1897	2941	1.27473684210526
GO:0006605	protein targeting	 13	0.0875594762602301	0.790509169841492	8	5	1892	2939	1.56890688259109
GO:0006606	protein import into nucleus	 29	0.117378909643256	0.965080607360992	15	14	1885	2930	1.31869328493648
GO:0006611	protein export from nucleus	  6	0.439579404322443	1	3	3	1897	2941	1.27473684210526
GO:0006612	protein targeting to membrane	  9	0.753558081214978	1	3	6	1897	2938	0.849824561403509
GO:0006622	protein targeting to lysosome	  6	0.754612463418742	1	2	4	1898	2940	0.849824561403509
GO:0006626	protein targeting to mitochondrion	  9	0.753558081214978	1	3	6	1897	2938	0.849824561403509
GO:0006631	fatty acid metabolic process	 59	0.0013260497262819	0.153161357788266	35	24	1865	2920	1.51239964317574
GO:0006633	fatty acid biosynthetic process	 23	0.000766769674520428	0.147363546821895	17	6	1883	2938	1.88439359267735
GO:0006635	fatty acid beta-oxidation	 18	0.119858271310697	0.972464866175182	10	8	1890	2936	1.41637426900585
GO:0006636	unsaturated fatty acid biosynthetic process	  7	0.0887818565970774	0.790509169841492	5	2	1895	2942	1.82105263157895
GO:0006637	acyl-CoA metabolic process	  8	0.668338816317314	1	3	5	1897	2939	0.956052631578947
GO:0006641	triglyceride metabolic process	 10	0.0490388104662654	0.700531030233308	7	3	1893	2941	1.78463157894737
GO:0006644	phospholipid metabolic process	 19	0.667415580666289	1	7	12	1893	2932	0.939279778393352
GO:0006654	phosphatidic acid biosynthetic process	  5	0.649601443719976	1	2	3	1898	2941	1.01978947368421
GO:0006656	phosphatidylcholine biosynthetic process	  5	0.304039849485138	1	3	2	1897	2942	1.52968421052632
GO:0006661	phosphatidylinositol biosynthetic process	  6	0.949704026081852	1	1	5	1899	2939	0.424912280701754
GO:0006665	sphingolipid metabolic process	 13	0.625418099277554	1	5	8	1895	2936	0.980566801619433
GO:0006672	ceramide metabolic process	  7	0.83118932937518	1	2	5	1898	2939	0.728421052631579
GO:0006693	prostaglandin metabolic process	 13	0.625418099277554	1	5	8	1895	2936	0.980566801619433
GO:0006694	steroid biosynthetic process	 26	0.605196542254626	1	10	16	1890	2928	0.980566801619433
GO:0006695	cholesterol biosynthetic process	 11	0.0256931690677788	0.612453448708682	8	3	1892	2941	1.85416267942584
GO:0006703	estrogen biosynthetic process	  6	1	1	0	6	1900	2938	0
GO:0006729	tetrahydrobiopterin biosynthetic process	  5	0.304039849485138	1	3	2	1897	2942	1.52968421052632
GO:0006730	one-carbon metabolic process	  6	0.439579404322443	1	3	3	1897	2941	1.27473684210526
GO:0006749	glutathione metabolic process	 20	0.0174157918262571	0.492429936432315	13	7	1887	2937	1.65715789473684
GO:0006779	porphyrin-containing compound biosynthetic process	  5	0.304039849485138	1	3	2	1897	2942	1.52968421052632
GO:0006782	protoporphyrinogen IX biosynthetic process	  6	0.439579404322443	1	3	3	1897	2941	1.27473684210526
GO:0006783	heme biosynthetic process	  6	0.439579404322443	1	3	3	1897	2941	1.27473684210526
GO:0006790	sulfur compound metabolic process	  7	0.563170298527647	1	3	4	1897	2940	1.09263157894737
GO:0006805	xenobiotic metabolic process	  5	0.649601443719976	1	2	3	1898	2941	1.01978947368421
GO:0006807	nitrogen compound metabolic process	  8	0.161693655219476	1	5	3	1895	2941	1.59342105263158
GO:0006812	cation transport	 16	0.447143882954465	1	7	9	1893	2935	1.11539473684211
GO:0006813	potassium ion transport	 29	0.990230130864884	1	6	23	1894	2921	0.527477313974592
GO:0006814	sodium ion transport	 23	0.998739643515117	1	3	20	1897	2924	0.33254004576659
GO:0006816	calcium ion transport	 42	0.897960552778357	1	13	29	1887	2915	0.789122807017544
GO:0006820	anion transport	  7	0.969456475532965	1	1	6	1899	2938	0.364210526315789
GO:0006821	chloride transport	 19	0.993508285437782	1	3	16	1897	2928	0.402548476454294
GO:0006826	iron ion transport	  6	0.439579404322443	1	3	3	1897	2941	1.27473684210526
GO:0006829	zinc ion transport	 10	0.347440254505663	1	5	5	1895	2939	1.27473684210526
GO:0006833	water transport	  5	0.917188765638001	1	1	4	1899	2940	0.509894736842105
GO:0006836	neurotransmitter transport	  5	0.917188765638001	1	1	4	1899	2940	0.509894736842105
GO:0006839	mitochondrial transport	  8	0.885472833727802	1	2	6	1898	2938	0.637368421052632
GO:0006865	amino acid transport	 10	0.598206974532865	1	4	6	1896	2938	1.01978947368421
GO:0006869	lipid transport	 28	0.91432402984426	1	8	20	1892	2924	0.728421052631579
GO:0006874	cellular calcium ion homeostasis	 33	0.977393029603626	1	8	25	1892	2919	0.618054226475279
GO:0006878	cellular copper ion homeostasis	  6	0.439579404322443	1	3	3	1897	2941	1.27473684210526
GO:0006879	cellular iron ion homeostasis	 16	0.817597227778807	1	5	11	1895	2933	0.796710526315789
GO:0006882	cellular zinc ion homeostasis	  9	0.250375871823477	1	5	4	1895	2940	1.41637426900585
GO:0006886	intracellular protein transport	 95	0.00142285592127107	0.153161357788266	52	43	1848	2901	1.39550138504155
GO:0006887	exocytosis	 25	0.699935595853847	1	9	16	1891	2928	0.91781052631579
GO:0006888	endoplasmic reticulum to Golgi vesicle-mediated transport	 33	0.0246638134376274	0.606729810565634	19	14	1881	2930	1.46787878787879
GO:0006890	retrograde vesicle-mediated transport, Golgi to endoplasmic reticulum	 16	0.261993676791498	1	8	8	1892	2936	1.27473684210526
GO:0006891	intra-Golgi vesicle-mediated transport	 10	0.0490388104662654	0.700531030233308	7	3	1893	2941	1.78463157894737
GO:0006893	Golgi to plasma membrane transport	  7	0.563170298527647	1	3	4	1897	2940	1.09263157894737
GO:0006895	Golgi to endosome transport	  5	0.649601443719976	1	2	3	1898	2941	1.01978947368421
GO:0006897	endocytosis	 76	0.782390972989563	1	27	49	1873	2895	0.905734072022161
GO:0006898	receptor-mediated endocytosis	 20	0.727338785506498	1	7	13	1893	2931	0.892315789473684
GO:0006904	vesicle docking involved in exocytosis	 10	0.347440254505663	1	5	5	1895	2939	1.27473684210526
GO:0006906	vesicle fusion	 12	0.908244990866611	1	3	9	1897	2935	0.637368421052632
GO:0006909	phagocytosis	 20	0.727338785506498	1	7	13	1893	2931	0.892315789473684
GO:0006910	phagocytosis, recognition	  9	0.92316276301718	1	2	7	1898	2937	0.566549707602339
GO:0006911	phagocytosis, engulfment	 11	0.966300870397195	1	2	9	1898	2935	0.463540669856459
GO:0006913	nucleocytoplasmic transport	 12	0.144569725741978	1	7	5	1893	2939	1.48719298245614
GO:0006914	autophagy	 55	0.207266294388402	1	25	30	1875	2914	1.15885167464115
GO:0006919	activation of cysteine-type endopeptidase activity involved in apoptotic process	 32	0.502248186192593	1	13	19	1887	2925	1.03572368421053
GO:0006935	chemotaxis	 38	0.872900586675351	1	12	26	1888	2918	0.805096952908587
GO:0006936	muscle contraction	 25	0.241266586651496	1	12	13	1888	2931	1.22374736842105
GO:0006937	regulation of muscle contraction	 14	0.863591930787843	1	4	10	1896	2934	0.728421052631579
GO:0006939	smooth muscle contraction	  6	0.754612463418742	1	2	4	1898	2940	0.849824561403509
GO:0006940	regulation of smooth muscle contraction	  7	0.969456475532965	1	1	6	1899	2938	0.364210526315789
GO:0006941	striated muscle contraction	  6	0.754612463418742	1	2	4	1898	2940	0.849824561403509
GO:0006952	defense response	 16	0.447143882954465	1	7	9	1893	2935	1.11539473684211
GO:0006953	acute-phase response	 12	0.977912046303312	1	2	10	1898	2934	0.424912280701754
GO:0006954	inflammatory response	 80	0.967369610940166	1	24	56	1876	2888	0.764842105263158
GO:0006955	immune response	 67	0.929066851516794	1	21	46	1879	2898	0.799088766692852
GO:0006958	complement activation, classical pathway	  9	0.988740560601839	1	1	8	1899	2936	0.28327485380117
GO:0006959	humoral immune response	  5	1	1	0	5	1900	2939	0
GO:0006970	response to osmotic stress	  8	0.885472833727802	1	2	6	1898	2938	0.637368421052632
GO:0006977	DNA damage response, signal transduction by p53 class mediator resulting in cell cycle arrest	  7	0.274791545382173	1	4	3	1896	2941	1.45684210526316
GO:0006978	DNA damage response, signal transduction by p53 class mediator resulting in transcription of p21 class mediator	  6	0.168500294647832	1	4	2	1896	2942	1.69964912280702
GO:0006979	response to oxidative stress	 42	0.0023585169626048	0.213307048823817	26	16	1874	2928	1.57824561403509
GO:0006983	ER overload response	  8	0.387889435544869	1	4	4	1896	2940	1.27473684210526
GO:0006986	response to unfolded protein	 21	0.446954511259723	1	9	12	1891	2932	1.09263157894737
GO:0006996	organelle organization	  5	0.649601443719976	1	2	3	1898	2941	1.01978947368421
GO:0006997	nucleus organization	  7	0.83118932937518	1	2	5	1898	2939	0.728421052631579
GO:0006998	nuclear envelope organization	  6	0.754612463418742	1	2	4	1898	2940	0.849824561403509
GO:0006999	nuclear pore organization	  5	0.649601443719976	1	2	3	1898	2941	1.01978947368421
GO:0007004	telomere maintenance via telomerase	  7	0.0014188102182715	0.153161357788266	7	0	1893	2944	2.54947368421053
GO:0007005	mitochondrion organization	 26	0.176474552524475	1	13	13	1887	2931	1.27473684210526
GO:0007006	mitochondrial membrane organization	  5	0.649601443719976	1	2	3	1898	2941	1.01978947368421
GO:0007009	plasma membrane organization	  7	0.83118932937518	1	2	5	1898	2939	0.728421052631579
GO:0007010	cytoskeleton organization	 42	0.945406350444373	1	12	30	1888	2914	0.728421052631579
GO:0007015	actin filament organization	 44	0.588757535075323	1	17	27	1883	2917	0.985023923444976
GO:0007017	microtubule-based process	 14	0.135960953852734	1	8	6	1892	2938	1.45684210526316
GO:0007018	microtubule-based movement	 20	0.859813452414517	1	6	14	1894	2930	0.764842105263158
GO:0007020	microtubule nucleation	  7	0.83118932937518	1	2	5	1898	2939	0.728421052631579
GO:0007021	tubulin complex assembly	  5	0.304039849485138	1	3	2	1897	2942	1.52968421052632
GO:0007026	negative regulation of microtubule depolymerization	  7	0.274791545382173	1	4	3	1896	2941	1.45684210526316
GO:0007029	endoplasmic reticulum organization	 11	0.870701529418895	1	3	8	1897	2936	0.695311004784689
GO:0007030	Golgi organization	 30	0.948561879718552	1	8	22	1892	2922	0.679859649122807
GO:0007031	peroxisome organization	  9	0.250375871823477	1	5	4	1895	2940	1.41637426900585
GO:0007032	endosome organization	 11	0.966300870397195	1	2	9	1898	2935	0.463540669856459
GO:0007034	vacuolar transport	  7	0.563170298527647	1	3	4	1897	2940	1.09263157894737
GO:0007040	lysosome organization	 14	0.286202413088633	1	7	7	1893	2937	1.27473684210526
GO:0007041	lysosomal transport	  5	0.0811044634016161	0.790509169841492	4	1	1896	2943	2.03957894736842
GO:0007043	cell-cell junction assembly	  9	0.753558081214978	1	3	6	1897	2938	0.849824561403509
GO:0007050	cell cycle arrest	 31	0.836660487135865	1	10	21	1890	2923	0.822410865874363
GO:0007051	spindle organization	  5	0.00925457767269283	0.36958216030559	5	0	1895	2944	2.54947368421053
GO:0007052	mitotic spindle organization	 18	0.240790015246695	1	9	9	1891	2935	1.27473684210526
GO:0007059	chromosome segregation	 30	0.387196589075344	1	13	17	1887	2927	1.10477192982456
GO:0007062	sister chromatid cohesion	 10	0.15331148914129	1	6	4	1894	2940	1.52968421052632
GO:0007076	mitotic chromosome condensation	 11	0.229412856614498	1	6	5	1894	2939	1.39062200956938
GO:0007080	mitotic metaphase plate congression	 14	0.0512583680658518	0.700531030233308	9	5	1891	2939	1.63894736842105
GO:0007088	regulation of mitotic nuclear division	  7	0.274791545382173	1	4	3	1896	2941	1.45684210526316
GO:0007093	mitotic cell cycle checkpoint	 11	0.870701529418895	1	3	8	1897	2936	0.695311004784689
GO:0007094	mitotic spindle assembly checkpoint	 13	0.817028054319387	1	4	9	1896	2935	0.784453441295547
GO:0007095	mitotic G2 DNA damage checkpoint	 10	0.598206974532865	1	4	6	1896	2938	1.01978947368421
GO:0007097	nuclear migration	  5	0.649601443719976	1	2	3	1898	2941	1.01978947368421
GO:0007098	centrosome cycle	 12	0.539753870792073	1	5	7	1895	2937	1.06228070175439
GO:0007129	synapsis	  7	0.563170298527647	1	3	4	1897	2940	1.09263157894737
GO:0007131	reciprocal meiotic recombination	  7	0.563170298527647	1	3	4	1897	2940	1.09263157894737
GO:0007140	male meiotic nuclear division	  6	1	1	0	6	1900	2938	0
GO:0007143	female meiotic nuclear division	  5	0.0811044634016161	0.790509169841492	4	1	1896	2943	2.03957894736842
GO:0007154	cell communication	 12	0.758071145075746	1	4	8	1896	2936	0.849824561403509
GO:0007156	homophilic cell adhesion via plasma membrane adhesion molecules	 34	0.959031323963144	1	9	25	1891	2919	0.674860681114551
GO:0007157	heterophilic cell-cell adhesion via plasma membrane cell adhesion molecules	 19	0.667415580666289	1	7	12	1893	2932	0.939279778393352
GO:0007159	leukocyte cell-cell adhesion	 12	0.539753870792073	1	5	7	1895	2937	1.06228070175439
GO:0007160	cell-matrix adhesion	 35	0.390099101890356	1	15	20	1885	2924	1.09263157894737
GO:0007162	negative regulation of cell adhesion	 16	0.261993676791498	1	8	8	1892	2936	1.27473684210526
GO:0007163	establishment or maintenance of cell polarity	 17	0.714557516553351	1	6	11	1894	2933	0.899814241486068
GO:0007166	cell surface receptor signaling pathway	 39	0.89598639080062	1	12	27	1888	2917	0.784453441295547
GO:0007169	transmembrane receptor protein tyrosine kinase signaling pathway	 35	0.86988038120518	1	11	24	1889	2920	0.801263157894737
GO:0007173	epidermal growth factor receptor signaling pathway	 15	0.764593080383169	1	5	10	1895	2934	0.849824561403509
GO:0007178	transmembrane receptor protein serine/threonine kinase signaling pathway	 10	1	1	0	10	1900	2934	0
GO:0007179	transforming growth factor beta receptor signaling pathway	 43	0.916614793926512	1	13	30	1887	2914	0.770771113831089
GO:0007183	SMAD protein complex assembly	  5	0.917188765638001	1	1	4	1899	2940	0.509894736842105
GO:0007187	G protein-coupled receptor signaling pathway, coupled to cyclic nucleotide second messenger	  5	0.917188765638001	1	1	4	1899	2940	0.509894736842105
GO:0007188	adenylate cyclase-modulating G protein-coupled receptor signaling pathway	 18	0.999874592116613	1	1	17	1899	2927	0.141637426900585
GO:0007189	adenylate cyclase-activating G protein-coupled receptor signaling pathway	 28	0.999094359818037	1	4	24	1896	2920	0.364210526315789
GO:0007190	activation of adenylate cyclase activity	  7	1	1	0	7	1900	2937	0
GO:0007193	adenylate cyclase-inhibiting G protein-coupled receptor signaling pathway	 16	0.817597227778807	1	5	11	1895	2933	0.796710526315789
GO:0007200	phospholipase C-activating G protein-coupled receptor signaling pathway	 12	0.997482455672001	1	1	11	1899	2933	0.212456140350877
GO:0007204	positive regulation of cytosolic calcium ion concentration	 55	0.999352431667728	1	11	44	1889	2900	0.509894736842105
GO:0007205	protein kinase C-activating G protein-coupled receptor signaling pathway	  8	0.668338816317314	1	3	5	1897	2939	0.956052631578947
GO:0007212	dopamine receptor signaling pathway	  7	0.274791545382173	1	4	3	1896	2941	1.45684210526316
GO:0007214	gamma-aminobutyric acid signaling pathway	  8	0.885472833727802	1	2	6	1898	2938	0.637368421052632
GO:0007218	neuropeptide signaling pathway	 29	1	1	0	29	1900	2915	0
GO:0007219	Notch signaling pathway	 48	0.534516961838391	1	19	29	1881	2915	1.00916666666667
GO:0007220	Notch receptor processing	  5	0.304039849485138	1	3	2	1897	2942	1.52968421052632
GO:0007224	smoothened signaling pathway	 16	0.447143882954465	1	7	9	1893	2935	1.11539473684211
GO:0007229	integrin-mediated signaling pathway	 36	0.0680972544165034	0.790509169841492	19	17	1881	2927	1.34555555555556
GO:0007249	I-kappaB kinase/NF-kappaB signaling	  9	0.250375871823477	1	5	4	1895	2940	1.41637426900585
GO:0007252	I-kappaB phosphorylation	  5	0.0811044634016161	0.790509169841492	4	1	1896	2943	2.03957894736842
GO:0007254	JNK cascade	  9	0.753558081214978	1	3	6	1897	2938	0.849824561403509
GO:0007257	activation of JUN kinase activity	 10	0.598206974532865	1	4	6	1896	2938	1.01978947368421
GO:0007259	receptor signaling pathway via JAK-STAT	  8	0.885472833727802	1	2	6	1898	2938	0.637368421052632
GO:0007264	small GTPase mediated signal transduction	 32	0.502248186192593	1	13	19	1887	2925	1.03572368421053
GO:0007265	Ras protein signal transduction	 18	0.0497582253281785	0.700531030233308	11	7	1889	2937	1.55801169590643
GO:0007266	Rho protein signal transduction	 27	0.508518661199015	1	11	16	1889	2928	1.03867446393762
GO:0007267	cell-cell signaling	 26	0.991923499422145	1	5	21	1895	2923	0.490283400809717
GO:0007268	chemical synaptic transmission	 39	0.999713503099682	1	6	33	1894	2911	0.392226720647773
GO:0007269	neurotransmitter secretion	  6	0.949704026081852	1	1	5	1899	2939	0.424912280701754
GO:0007271	synaptic transmission, cholinergic	  8	0.885472833727802	1	2	6	1898	2938	0.637368421052632
GO:0007274	neuromuscular synaptic transmission	 12	0.908244990866611	1	3	9	1897	2935	0.637368421052632
GO:0007276	gamete generation	  6	0.949704026081852	1	1	5	1899	2939	0.424912280701754
GO:0007281	germ cell development	 13	0.402691105215304	1	6	7	1894	2937	1.17668016194332
GO:0007286	spermatid development	 21	0.891998425386366	1	6	15	1894	2929	0.728421052631579
GO:0007338	single fertilization	 20	0.859813452414517	1	6	14	1894	2930	0.764842105263158
GO:0007339	binding of sperm to zona pellucida	 12	0.539753870792073	1	5	7	1895	2937	1.06228070175439
GO:0007346	regulation of mitotic cell cycle	 29	0.760309579494384	1	10	19	1890	2925	0.879128856624319
GO:0007368	determination of left/right symmetry	 15	0.764593080383169	1	5	10	1895	2934	0.849824561403509
GO:0007369	gastrulation	 16	0.99611958195926	1	2	14	1898	2930	0.318684210526316
GO:0007389	pattern specification process	 20	0.995662993141759	1	3	17	1897	2927	0.382421052631579
GO:0007405	neuroblast proliferation	  5	0.917188765638001	1	1	4	1899	2940	0.509894736842105
GO:0007406	negative regulation of neuroblast proliferation	  5	0.304039849485138	1	3	2	1897	2942	1.52968421052632
GO:0007409	axonogenesis	 34	0.914070271835667	1	10	24	1890	2920	0.74984520123839
GO:0007411	axon guidance	 55	0.395021427452062	1	23	32	1877	2912	1.06614354066986
GO:0007413	axonal fasciculation	  9	1	1	0	9	1900	2935	0
GO:0007416	synapse assembly	 10	0.347440254505663	1	5	5	1895	2939	1.27473684210526
GO:0007417	central nervous system development	 31	0.913920528074767	1	9	22	1891	2922	0.740169779286927
GO:0007420	brain development	 85	0.055335978992583	0.752912103549526	41	44	1859	2900	1.22974613003096
GO:0007422	peripheral nervous system development	  8	0.387889435544869	1	4	4	1896	2940	1.27473684210526
GO:0007492	endoderm development	 18	0.962413833636894	1	4	14	1896	2930	0.566549707602339
GO:0007498	mesoderm development	 10	0.598206974532865	1	4	6	1896	2938	1.01978947368421
GO:0007512	adult heart development	  6	0.949704026081852	1	1	5	1899	2939	0.424912280701754
GO:0007517	muscle organ development	 24	0.643802706596308	1	9	15	1891	2929	0.956052631578947
GO:0007519	skeletal muscle tissue development	 31	0.913920528074767	1	9	22	1891	2922	0.740169779286927
GO:0007528	neuromuscular junction development	 12	0.314255987487018	1	6	6	1894	2938	1.27473684210526
GO:0007548	sex differentiation	  5	0.917188765638001	1	1	4	1899	2940	0.509894736842105
GO:0007565	female pregnancy	 35	0.778872869835106	1	12	23	1888	2921	0.874105263157895
GO:0007566	embryo implantation	 22	0.0467261963395716	0.700531030233308	13	9	1887	2935	1.50650717703349
GO:0007568	aging	 83	0.327472399339762	1	35	48	1865	2896	1.07507926442613
GO:0007569	cell aging	 14	0.863591930787843	1	4	10	1896	2934	0.728421052631579
GO:0007584	response to nutrient	 23	0.144601017125202	1	12	11	1888	2933	1.33016018306636
GO:0007585	respiratory gaseous exchange by respiratory system	  5	0.304039849485138	1	3	2	1897	2942	1.52968421052632
GO:0007595	lactation	 15	0.0844379316908582	0.790509169841492	9	6	1891	2938	1.52968421052632
GO:0007596	blood coagulation	 24	0.643802706596308	1	9	15	1891	2929	0.956052631578947
GO:0007599	hemostasis	 17	0.860530440789414	1	5	12	1895	2932	0.74984520123839
GO:0007601	visual perception	 35	0.999999406307357	1	2	33	1898	2911	0.145684210526316
GO:0007602	phototransduction	  6	0.949704026081852	1	1	5	1899	2939	0.424912280701754
GO:0007605	sensory perception of sound	 41	0.998062703728689	1	8	33	1892	2911	0.497458279845956
GO:0007608	sensory perception of smell	 15	0.993968987928194	1	2	13	1898	2931	0.339929824561403
GO:0007611	learning or memory	 25	0.241266586651496	1	12	13	1888	2931	1.22374736842105
GO:0007612	learning	 15	0.194844407752021	1	8	7	1892	2937	1.35971929824561
GO:0007613	memory	 31	0.193055201806107	1	15	16	1885	2928	1.23361629881155
GO:0007616	long-term memory	  7	0.83118932937518	1	2	5	1898	2939	0.728421052631579
GO:0007623	circadian rhythm	 30	0.801189062250472	1	10	20	1890	2924	0.849824561403509
GO:0007625	grooming behavior	  7	0.83118932937518	1	2	5	1898	2939	0.728421052631579
GO:0007626	locomotory behavior	 35	0.931746228087862	1	10	25	1890	2919	0.728421052631579
GO:0007628	adult walking behavior	 13	0.935610071830779	1	3	10	1897	2934	0.58834008097166
GO:0007631	feeding behavior	  6	0.949704026081852	1	1	5	1899	2939	0.424912280701754
GO:0008009	chemokine activity	 14	0.863591930787843	1	4	10	1896	2934	0.728421052631579
GO:0008013	beta-catenin binding	 26	0.605196542254626	1	10	16	1890	2928	0.980566801619433
GO:0008016	regulation of heart contraction	 11	0.229412856614498	1	6	5	1894	2939	1.39062200956938
GO:0008017	microtubule binding	 67	0.474400636780791	1	27	40	1873	2904	1.02739984289081
GO:0008021	synaptic vesicle	 64	0.558194086671281	1	25	39	1875	2905	0.995888157894737
GO:0008022	protein C-terminus binding	 84	0.152465907370892	1	38	46	1862	2898	1.15333333333333
GO:0008023	transcription elongation factor complex	  8	0.981454138647988	1	1	7	1899	2937	0.318684210526316
GO:0008033	tRNA processing	 25	0.544010903471796	1	10	15	1890	2929	1.01978947368421
GO:0008045	motor neuron axon guidance	 18	0.409627859647824	1	8	10	1892	2934	1.13309941520468
GO:0008047	enzyme activator activity	 10	0.598206974532865	1	4	6	1896	2938	1.01978947368421
GO:0008053	mitochondrial fusion	  7	0.969456475532965	1	1	6	1899	2938	0.364210526315789
GO:0008066	glutamate receptor activity	  5	1	1	0	5	1900	2939	0
GO:0008076	voltage-gated potassium channel complex	 14	0.999073185227273	1	1	13	1899	2931	0.182105263157895
GO:0008080	N-acetyltransferase activity	  8	0.668338816317314	1	3	5	1897	2939	0.956052631578947
GO:0008081	phosphoric diester hydrolase activity	 19	0.30698172714204	1	9	10	1891	2934	1.20764542936288
GO:0008083	growth factor activity	 57	0.194935059274999	1	26	31	1874	2913	1.16291782086796
GO:0008089	anterograde axonal transport	 10	0.15331148914129	1	6	4	1894	2940	1.52968421052632
GO:0008090	retrograde axonal transport	  5	0.0811044634016161	0.790509169841492	4	1	1896	2943	2.03957894736842
GO:0008092	cytoskeletal protein binding	 34	0.3372707334903	1	15	19	1885	2925	1.12476780185759
GO:0008094	DNA-dependent ATPase activity	 18	0.0497582253281785	0.700531030233308	11	7	1889	2937	1.55801169590643
GO:0008097	5S rRNA binding	  5	0.917188765638001	1	1	4	1899	2940	0.509894736842105
GO:0008104	protein localization	 20	0.112477934287839	0.929757118105124	11	9	1889	2935	1.40221052631579
GO:0008106	alcohol dehydrogenase (NADP+) activity	  7	0.563170298527647	1	3	4	1897	2940	1.09263157894737
GO:0008137	NADH dehydrogenase (ubiquinone) activity	 12	0.0131200702978459	0.474637837245603	9	3	1891	2941	1.91210526315789
GO:0008138	protein tyrosine/serine/threonine phosphatase activity	 11	0.685298720314521	1	4	7	1896	2937	0.927081339712919
GO:0008139	nuclear localization sequence binding	  8	0.387889435544869	1	4	4	1896	2940	1.27473684210526
GO:0008143	poly(A) binding	 10	0.598206974532865	1	4	6	1896	2938	1.01978947368421
GO:0008144	drug binding	 34	0.738515687505437	1	12	22	1888	2922	0.899814241486068
GO:0008146	sulfotransferase activity	 12	0.144569725741978	1	7	5	1893	2939	1.48719298245614
GO:0008152	metabolic process	 57	0.0139865937757725	0.492429936432315	31	26	1869	2918	1.38655586334257
GO:0008154	actin polymerization or depolymerization	  7	0.83118932937518	1	2	5	1898	2939	0.728421052631579
GO:0008156	negative regulation of DNA replication	  5	1	1	0	5	1900	2939	0
GO:0008168	methyltransferase activity	 36	0.206436575602874	1	17	19	1883	2925	1.20391812865497
GO:0008179	adenylate cyclase binding	  7	0.969456475532965	1	1	6	1899	2938	0.364210526315789
GO:0008180	COP9 signalosome	  9	0.250375871823477	1	5	4	1895	2940	1.41637426900585
GO:0008191	metalloendopeptidase inhibitor activity	  9	0.753558081214978	1	3	6	1897	2938	0.849824561403509
GO:0008195	phosphatidate phosphatase activity	  6	0.0374065477785077	0.668750781505298	5	1	1895	2943	2.12456140350877
GO:0008198	ferrous iron binding	  7	0.274791545382173	1	4	3	1896	2941	1.45684210526316
GO:0008201	heparin binding	 60	0.0330801510441169	0.668750781505298	31	29	1869	2915	1.31722807017544
GO:0008202	steroid metabolic process	 33	0.179739567251537	1	16	17	1884	2927	1.23610845295056
GO:0008203	cholesterol metabolic process	 33	0.102631110030625	0.876640731511593	17	16	1883	2928	1.31336523125997
GO:0008207	C21-steroid hormone metabolic process	  5	0.917188765638001	1	1	4	1899	2940	0.509894736842105
GO:0008217	regulation of blood pressure	 21	0.623314316549703	1	8	13	1892	2931	0.971228070175439
GO:0008219	cell death	 14	0.286202413088633	1	7	7	1893	2937	1.27473684210526
GO:0008234	cysteine-type peptidase activity	 39	0.342651578667719	1	17	22	1883	2922	1.11130904183536
GO:0008236	serine-type peptidase activity	 48	0.972421108376028	1	13	35	1887	2909	0.690482456140351
GO:0008237	metallopeptidase activity	 40	0.646598977393293	1	15	25	1885	2919	0.956052631578947
GO:0008239	dipeptidyl-peptidase activity	  5	0.917188765638001	1	1	4	1899	2940	0.509894736842105
GO:0008266	poly(U) RNA binding	  5	0.917188765638001	1	1	4	1899	2940	0.509894736842105
GO:0008272	sulfate transport	  5	1	1	0	5	1900	2939	0
GO:0008276	protein methyltransferase activity	  5	0.304039849485138	1	3	2	1897	2942	1.52968421052632
GO:0008277	regulation of G protein-coupled receptor signaling pathway	 12	0.539753870792073	1	5	7	1895	2937	1.06228070175439
GO:0008278	cohesin complex	  5	0.649601443719976	1	2	3	1898	2941	1.01978947368421
GO:0008283	cell population proliferation	 67	0.376348192315907	1	28	39	1872	2905	1.0654516889238
GO:0008286	insulin receptor signaling pathway	 23	0.413343098059112	1	10	13	1890	2931	1.10846681922197
GO:0008289	lipid binding	 68	0.940545266482842	1	21	47	1879	2897	0.78733746130031
GO:0008301	DNA binding, bending	  9	0.497900286521984	1	4	5	1896	2939	1.13309941520468
GO:0008305	integrin complex	 11	0.229412856614498	1	6	5	1894	2939	1.39062200956938
GO:0008306	associative learning	 14	0.700618363148246	1	5	9	1895	2935	0.910526315789474
GO:0008307	structural constituent of muscle	 10	0.347440254505663	1	5	5	1895	2939	1.27473684210526
GO:0008327	methyl-CpG binding	 14	0.955251383024307	1	3	11	1897	2933	0.546315789473684
GO:0008328	ionotropic glutamate receptor complex	  5	0.649601443719976	1	2	3	1898	2941	1.01978947368421
GO:0008331	high voltage-gated calcium channel activity	  6	1	1	0	6	1900	2938	0
GO:0008333	endosome to lysosome transport	 11	0.685298720314521	1	4	7	1896	2937	0.927081339712919
GO:0008340	determination of adult lifespan	  8	0.981454138647988	1	1	7	1899	2937	0.318684210526316
GO:0008344	adult locomotory behavior	 28	0.832095975843903	1	9	19	1891	2925	0.819473684210526
GO:0008347	glial cell migration	  5	0.649601443719976	1	2	3	1898	2941	1.01978947368421
GO:0008353	RNA polymerase II CTD heptapeptide repeat kinase activity	  7	0.0887818565970774	0.790509169841492	5	2	1895	2942	1.82105263157895
GO:0008360	regulation of cell shape	 55	0.613571004288534	1	21	34	1879	2910	0.973435406698565
GO:0008361	regulation of cell size	  7	0.83118932937518	1	2	5	1898	2939	0.728421052631579
GO:0008374	O-acyltransferase activity	  5	0.304039849485138	1	3	2	1897	2942	1.52968421052632
GO:0008375	acetylglucosaminyltransferase activity	 16	0.647983956112763	1	6	10	1894	2934	0.956052631578947
GO:0008376	acetylgalactosaminyltransferase activity	  7	0.563170298527647	1	3	4	1897	2940	1.09263157894737
GO:0008378	galactosyltransferase activity	  8	0.668338816317314	1	3	5	1897	2939	0.956052631578947
GO:0008395	steroid hydroxylase activity	  6	0.949704026081852	1	1	5	1899	2939	0.424912280701754
GO:0008408	3	  7	0.274791545382173	1	4	3	1896	2941	1.45684210526316
GO:0008432	JUN kinase binding	  7	0.83118932937518	1	2	5	1898	2939	0.728421052631579
GO:0008483	transaminase activity	  8	0.885472833727802	1	2	6	1898	2938	0.637368421052632
GO:0008494	translation activator activity	  5	0.649601443719976	1	2	3	1898	2941	1.01978947368421
GO:0008514	organic anion transmembrane transporter activity	  5	1	1	0	5	1900	2939	0
GO:0008528	G protein-coupled peptide receptor activity	  6	0.949704026081852	1	1	5	1899	2939	0.424912280701754
GO:0008536	Ran GTPase binding	 14	0.700618363148246	1	5	9	1895	2935	0.910526315789474
GO:0008540	proteasome regulatory particle, base subcomplex	  5	0.0811044634016161	0.790509169841492	4	1	1896	2943	2.03957894736842
GO:0008541	proteasome regulatory particle, lid subcomplex	  5	0.0811044634016161	0.790509169841492	4	1	1896	2943	2.03957894736842
GO:0008542	visual learning	 23	0.977598529233503	1	5	18	1895	2926	0.554233409610984
GO:0008543	fibroblast growth factor receptor signaling pathway	 13	0.935610071830779	1	3	10	1897	2934	0.58834008097166
GO:0008544	epidermis development	 19	0.998985874832772	1	2	17	1898	2927	0.268365650969529
GO:0008553	proton-exporting ATPase activity, phosphorylative mechanism	  6	0.949704026081852	1	1	5	1899	2939	0.424912280701754
GO:0008574	ATP-dependent microtubule motor activity, plus-end-directed	  7	0.563170298527647	1	3	4	1897	2940	1.09263157894737
GO:0008584	male gonad development	 50	0.288998179836492	1	22	28	1878	2916	1.12176842105263
GO:0008585	female gonad development	 15	0.899591512753179	1	4	11	1896	2933	0.679859649122807
GO:0008589	regulation of smoothened signaling pathway	  7	0.563170298527647	1	3	4	1897	2940	1.09263157894737
GO:0008593	regulation of Notch signaling pathway	 11	0.685298720314521	1	4	7	1896	2937	0.927081339712919
GO:0008610	lipid biosynthetic process	  8	0.0450347774236384	0.700531030233308	6	2	1894	2942	1.91210526315789
GO:0008625	extrinsic apoptotic signaling pathway via death domain receptors	 10	0.598206974532865	1	4	6	1896	2938	1.01978947368421
GO:0008630	intrinsic apoptotic signaling pathway in response to DNA damage	 17	0.860530440789414	1	5	12	1895	2932	0.74984520123839
GO:0008631	intrinsic apoptotic signaling pathway in response to oxidative stress	  5	0.304039849485138	1	3	2	1897	2942	1.52968421052632
GO:0008637	apoptotic mitochondrial changes	  9	0.497900286521984	1	4	5	1896	2939	1.13309941520468
GO:0008641	ubiquitin-like modifier activating enzyme activity	  5	0.304039849485138	1	3	2	1897	2942	1.52968421052632
GO:0008643	carbohydrate transport	  9	0.497900286521984	1	4	5	1896	2939	1.13309941520468
GO:0008652	cellular amino acid biosynthetic process	 17	0.00874757892006073	0.36958216030559	12	5	1888	2939	1.79962848297214
GO:0008654	phospholipid biosynthetic process	 19	0.0772114136636449	0.790509169841492	11	8	1889	2936	1.47601108033241
GO:0008656	cysteine-type endopeptidase activator activity involved in apoptotic process	  5	0.649601443719976	1	2	3	1898	2941	1.01978947368421
GO:0009048	dosage compensation by inactivation of X chromosome	  7	0.83118932937518	1	2	5	1898	2939	0.728421052631579
GO:0009055	electron transfer activity	 19	0.00945978531531455	0.372933844161439	13	6	1887	2938	1.74437673130194
GO:0009058	biosynthetic process	 11	0.445796419414966	1	5	6	1895	2938	1.15885167464115
GO:0009060	aerobic respiration	  6	0.168500294647832	1	4	2	1896	2942	1.69964912280702
GO:0009062	fatty acid catabolic process	  6	0.0374065477785077	0.668750781505298	5	1	1895	2943	2.12456140350877
GO:0009086	methionine biosynthetic process	  5	0.0811044634016161	0.790509169841492	4	1	1896	2943	2.03957894736842
GO:0009116	nucleoside metabolic process	  8	0.00746363986022707	0.358604571409347	7	1	1893	2943	2.23078947368421
GO:0009117	nucleotide metabolic process	 11	0.445796419414966	1	5	6	1895	2938	1.15885167464115
GO:0009190	cyclic nucleotide biosynthetic process	  6	0.754612463418742	1	2	4	1898	2940	0.849824561403509
GO:0009267	cellular response to starvation	 26	0.605196542254626	1	10	16	1890	2928	0.980566801619433
GO:0009268	response to pH	  6	0.0374065477785077	0.668750781505298	5	1	1895	2943	2.12456140350877
GO:0009299	mRNA transcription	  5	0.649601443719976	1	2	3	1898	2941	1.01978947368421
GO:0009303	rRNA transcription	  5	0.649601443719976	1	2	3	1898	2941	1.01978947368421
GO:0009306	protein secretion	 15	0.366140667758168	1	7	8	1893	2936	1.18975438596491
GO:0009312	oligosaccharide biosynthetic process	  7	0.0887818565970774	0.790509169841492	5	2	1895	2942	1.82105263157895
GO:0009314	response to radiation	 20	0.0483569876983946	0.700531030233308	12	8	1888	2936	1.52968421052632
GO:0009395	phospholipid catabolic process	  6	0.754612463418742	1	2	4	1898	2940	0.849824561403509
GO:0009408	response to heat	 13	0.211081683470683	1	7	6	1893	2938	1.37279352226721
GO:0009409	response to cold	 16	0.926922941077969	1	4	12	1896	2932	0.637368421052632
GO:0009411	response to UV	 16	0.817597227778807	1	5	11	1895	2933	0.796710526315789
GO:0009416	response to light stimulus	 12	0.539753870792073	1	5	7	1895	2937	1.06228070175439
GO:0009566	fertilization	 10	0.347440254505663	1	5	5	1895	2939	1.27473684210526
GO:0009611	response to wounding	 24	0.0449588354741945	0.700531030233308	14	10	1886	2934	1.48719298245614
GO:0009612	response to mechanical stimulus	 34	0.0159076837333033	0.492429936432315	20	14	1880	2930	1.49969040247678
GO:0009615	response to virus	 19	0.484279592379304	1	8	11	1892	2933	1.07346260387812
GO:0009617	response to bacterium	 42	0.827045392999938	1	14	28	1886	2916	0.849824561403509
GO:0009636	response to toxic substance	 34	0.3372707334903	1	15	19	1885	2925	1.12476780185759
GO:0009653	anatomical structure morphogenesis	 22	0.823587840600774	1	7	15	1893	2929	0.811196172248804
GO:0009725	response to hormone	 27	0.125695241427832	1	14	13	1886	2931	1.32194931773879
GO:0009743	response to carbohydrate	  5	0.917188765638001	1	1	4	1899	2940	0.509894736842105
GO:0009749	response to glucose	 29	0.330198486311445	1	13	16	1887	2928	1.14286751361162
GO:0009755	hormone-mediated signaling pathway	 10	0.993165159331209	1	1	9	1899	2935	0.254947368421053
GO:0009791	post-embryonic development	 41	0.99425233629235	1	9	32	1891	2912	0.559640564826701
GO:0009792	embryo development ending in birth or egg hatching	  6	1	1	0	6	1900	2938	0
GO:0009887	animal organ morphogenesis	 45	0.514052259671669	1	18	27	1882	2917	1.01978947368421
GO:0009888	tissue development	 18	0.00464601798510272	0.269556703852658	13	5	1887	2939	1.8412865497076
GO:0009898	cytoplasmic side of plasma membrane	 12	0.539753870792073	1	5	7	1895	2937	1.06228070175439
GO:0009922	fatty acid elongase activity	  5	0.0811044634016161	0.790509169841492	4	1	1896	2943	2.03957894736842
GO:0009925	basal plasma membrane	 19	0.30698172714204	1	9	10	1891	2934	1.20764542936288
GO:0009948	anterior/posterior axis specification	 11	0.870701529418895	1	3	8	1897	2936	0.695311004784689
GO:0009952	anterior/posterior pattern specification	 48	0.987317386022644	1	12	36	1888	2908	0.637368421052632
GO:0009953	dorsal/ventral pattern formation	 12	0.908244990866611	1	3	9	1897	2935	0.637368421052632
GO:0009954	proximal/distal pattern formation	 12	0.314255987487018	1	6	6	1894	2938	1.27473684210526
GO:0009966	regulation of signal transduction	 16	0.926922941077969	1	4	12	1896	2932	0.637368421052632
GO:0009967	positive regulation of signal transduction	 16	0.261993676791498	1	8	8	1892	2936	1.27473684210526
GO:0009968	negative regulation of signal transduction	 19	0.484279592379304	1	8	11	1892	2933	1.07346260387812
GO:0009972	cytidine deamination	  5	0.304039849485138	1	3	2	1897	2942	1.52968421052632
GO:0009987	cellular process	 12	0.0508393666076445	0.700531030233308	8	4	1892	2940	1.69964912280702
GO:0010001	glial cell differentiation	  7	0.563170298527647	1	3	4	1897	2940	1.09263157894737
GO:0010008	endosome membrane	 53	0.311636498644376	1	23	30	1877	2914	1.10637537239325
GO:0010033	response to organic substance	 43	0.0742389484985534	0.790509169841492	22	21	1878	2923	1.30438188494492
GO:0010035	response to inorganic substance	 13	0.211081683470683	1	7	6	1893	2938	1.37279352226721
GO:0010038	response to metal ion	  6	0.439579404322443	1	3	3	1897	2941	1.27473684210526
GO:0010039	response to iron ion	 13	0.935610071830779	1	3	10	1897	2934	0.58834008097166
GO:0010043	response to zinc ion	 15	0.0844379316908582	0.790509169841492	9	6	1891	2938	1.52968421052632
GO:0010165	response to X-ray	 10	0.0490388104662654	0.700531030233308	7	3	1893	2941	1.78463157894737
GO:0010212	response to ionizing radiation	 14	0.135960953852734	1	8	6	1892	2938	1.45684210526316
GO:0010226	response to lithium ion	  5	0.0811044634016161	0.790509169841492	4	1	1896	2943	2.03957894736842
GO:0010243	response to organonitrogen compound	 15	0.764593080383169	1	5	10	1895	2934	0.849824561403509
GO:0010248	establishment or maintenance of transmembrane electrochemical gradient	  5	1	1	0	5	1900	2939	0
GO:0010259	multicellular organism aging	  6	0.439579404322443	1	3	3	1897	2941	1.27473684210526
GO:0010269	response to selenium ion	  8	0.161693655219476	1	5	3	1895	2941	1.59342105263158
GO:0010288	response to lead ion	  9	0.250375871823477	1	5	4	1895	2940	1.41637426900585
GO:0010314	phosphatidylinositol-5-phosphate binding	  6	0.439579404322443	1	3	3	1897	2941	1.27473684210526
GO:0010332	response to gamma radiation	  6	0.949704026081852	1	1	5	1899	2939	0.424912280701754
GO:0010458	exit from mitosis	  6	0.168500294647832	1	4	2	1896	2942	1.69964912280702
GO:0010460	positive regulation of heart rate	 10	0.820137126935884	1	3	7	1897	2937	0.764842105263158
GO:0010466	negative regulation of peptidase activity	 33	0.947129868988224	1	9	24	1891	2920	0.695311004784689
GO:0010467	gene expression	 14	0.955251383024307	1	3	11	1897	2933	0.546315789473684
GO:0010468	regulation of gene expression	 91	0.817937826177383	1	32	59	1868	2885	0.896518218623482
GO:0010469	regulation of signaling receptor activity	  5	0.917188765638001	1	1	4	1899	2940	0.509894736842105
GO:0010470	regulation of gastrulation	  5	0.917188765638001	1	1	4	1899	2940	0.509894736842105
GO:0010494	cytoplasmic stress granule	 28	0.91432402984426	1	8	20	1892	2924	0.728421052631579
GO:0010498	proteasomal protein catabolic process	 13	0.817028054319387	1	4	9	1896	2935	0.784453441295547
GO:0010499	proteasomal ubiquitin-independent protein catabolic process	  8	0.387889435544869	1	4	4	1896	2940	1.27473684210526
GO:0010506	regulation of autophagy	 22	0.516138162847665	1	9	13	1891	2931	1.04296650717703
GO:0010507	negative regulation of autophagy	 17	0.714557516553351	1	6	11	1894	2933	0.899814241486068
GO:0010508	positive regulation of autophagy	 16	0.926922941077969	1	4	12	1896	2932	0.637368421052632
GO:0010524	positive regulation of calcium ion transport into cytosol	  6	0.168500294647832	1	4	2	1896	2942	1.69964912280702
GO:0010544	negative regulation of platelet activation	  5	0.304039849485138	1	3	2	1897	2942	1.52968421052632
GO:0010564	regulation of cell cycle process	  6	0.754612463418742	1	2	4	1898	2940	0.849824561403509
GO:0010569	regulation of double-strand break repair via homologous recombination	  5	0.917188765638001	1	1	4	1899	2940	0.509894736842105
GO:0010575	positive regulation of vascular endothelial growth factor production	  7	0.83118932937518	1	2	5	1898	2939	0.728421052631579
GO:0010591	regulation of lamellipodium assembly	  5	0.917188765638001	1	1	4	1899	2940	0.509894736842105
GO:0010592	positive regulation of lamellipodium assembly	  6	0.754612463418742	1	2	4	1898	2940	0.849824561403509
GO:0010594	regulation of endothelial cell migration	  6	0.0374065477785077	0.668750781505298	5	1	1895	2943	2.12456140350877
GO:0010595	positive regulation of endothelial cell migration	 16	0.0161457919676275	0.492429936432315	11	5	1889	2939	1.75276315789474
GO:0010596	negative regulation of endothelial cell migration	 10	0.598206974532865	1	4	6	1896	2938	1.01978947368421
GO:0010608	posttranscriptional regulation of gene expression	 11	0.870701529418895	1	3	8	1897	2936	0.695311004784689
GO:0010613	positive regulation of cardiac muscle hypertrophy	 11	0.966300870397195	1	2	9	1898	2935	0.463540669856459
GO:0010614	negative regulation of cardiac muscle hypertrophy	  5	0.649601443719976	1	2	3	1898	2941	1.01978947368421
GO:0010629	negative regulation of gene expression	 91	0.599269749053322	1	35	56	1865	2888	0.980566801619433
GO:0010633	negative regulation of epithelial cell migration	  6	0.754612463418742	1	2	4	1898	2940	0.849824561403509
GO:0010634	positive regulation of epithelial cell migration	 18	0.599944427086873	1	7	11	1893	2933	0.991461988304093
GO:0010666	positive regulation of cardiac muscle cell apoptotic process	 13	0.935610071830779	1	3	10	1897	2934	0.58834008097166
GO:0010667	negative regulation of cardiac muscle cell apoptotic process	 12	0.758071145075746	1	4	8	1896	2936	0.849824561403509
GO:0010717	regulation of epithelial to mesenchymal transition	  7	1	1	0	7	1900	2937	0
GO:0010718	positive regulation of epithelial to mesenchymal transition	 22	0.684557832950868	1	8	14	1892	2930	0.927081339712919
GO:0010719	negative regulation of epithelial to mesenchymal transition	 10	0.820137126935884	1	3	7	1897	2937	0.764842105263158
GO:0010744	positive regulation of macrophage derived foam cell differentiation	  6	0.754612463418742	1	2	4	1898	2940	0.849824561403509
GO:0010759	positive regulation of macrophage chemotaxis	  7	0.969456475532965	1	1	6	1899	2938	0.364210526315789
GO:0010762	regulation of fibroblast migration	  8	0.387889435544869	1	4	4	1896	2940	1.27473684210526
GO:0010765	positive regulation of sodium ion transport	  8	0.668338816317314	1	3	5	1897	2939	0.956052631578947
GO:0010801	negative regulation of peptidyl-threonine phosphorylation	  7	0.274791545382173	1	4	3	1896	2941	1.45684210526316
GO:0010804	negative regulation of tumor necrosis factor-mediated signaling pathway	  5	0.649601443719976	1	2	3	1898	2941	1.01978947368421
GO:0010811	positive regulation of cell-substrate adhesion	 17	0.180324143278696	1	9	8	1891	2936	1.3497213622291
GO:0010812	negative regulation of cell-substrate adhesion	  9	0.497900286521984	1	4	5	1896	2939	1.13309941520468
GO:0010820	positive regulation of T cell chemotaxis	  7	0.83118932937518	1	2	5	1898	2939	0.728421052631579
GO:0010821	regulation of mitochondrion organization	  6	0.754612463418742	1	2	4	1898	2940	0.849824561403509
GO:0010824	regulation of centrosome duplication	  8	0.668338816317314	1	3	5	1897	2939	0.956052631578947
GO:0010828	positive regulation of glucose transmembrane transport	  7	0.83118932937518	1	2	5	1898	2939	0.728421052631579
GO:0010832	negative regulation of myotube differentiation	  5	0.649601443719976	1	2	3	1898	2941	1.01978947368421
GO:0010839	negative regulation of keratinocyte proliferation	  5	0.00925457767269283	0.36958216030559	5	0	1895	2944	2.54947368421053
GO:0010862	positive regulation of pathway-restricted SMAD protein phosphorylation	 21	0.957290823226915	1	5	16	1895	2928	0.607017543859649
GO:0010880	regulation of release of sequestered calcium ion into cytosol by sarcoplasmic reticulum	 10	0.598206974532865	1	4	6	1896	2938	1.01978947368421
GO:0010881	regulation of cardiac muscle contraction by regulation of the release of sequestered calcium ion	  5	0.917188765638001	1	1	4	1899	2940	0.509894736842105
GO:0010906	regulation of glucose metabolic process	  9	0.250375871823477	1	5	4	1895	2940	1.41637426900585
GO:0010923	negative regulation of phosphatase activity	  8	0.387889435544869	1	4	4	1896	2940	1.27473684210526
GO:0010941	regulation of cell death	  5	0.917188765638001	1	1	4	1899	2940	0.509894736842105
GO:0010942	positive regulation of cell death	 19	0.30698172714204	1	9	10	1891	2934	1.20764542936288
GO:0010951	negative regulation of endopeptidase activity	 45	0.634114309427541	1	17	28	1883	2916	0.963134502923977
GO:0010952	positive regulation of peptidase activity	  7	0.0168564242510799	0.492429936432315	6	1	1894	2943	2.18526315789474
GO:0010955	negative regulation of protein processing	  6	0.0374065477785077	0.668750781505298	5	1	1895	2943	2.12456140350877
GO:0010971	positive regulation of G2/M transition of mitotic cell cycle	 12	0.144569725741978	1	7	5	1893	2939	1.48719298245614
GO:0010975	regulation of neuron projection development	  7	0.274791545382173	1	4	3	1896	2941	1.45684210526316
GO:0010976	positive regulation of neuron projection development	 60	0.298294092071019	1	26	34	1874	2910	1.10477192982456
GO:0010977	negative regulation of neuron projection development	 28	0.415411441121114	1	12	16	1888	2928	1.09263157894737
GO:0012501	programmed cell death	  8	0.387889435544869	1	4	4	1896	2940	1.27473684210526
GO:0012505	endomembrane system	 63	0.415493938118247	1	26	37	1874	2907	1.05216374269006
GO:0012506	vesicle membrane	 10	0.948919172037504	1	2	8	1898	2936	0.509894736842105
GO:0012507	ER to Golgi transport vesicle membrane	  7	0.0887818565970774	0.790509169841492	5	2	1895	2942	1.82105263157895
GO:0014002	astrocyte development	  7	0.83118932937518	1	2	5	1898	2939	0.728421052631579
GO:0014003	oligodendrocyte development	  7	0.0887818565970774	0.790509169841492	5	2	1895	2942	1.82105263157895
GO:0014009	glial cell proliferation	  6	0.754612463418742	1	2	4	1898	2940	0.849824561403509
GO:0014032	neural crest cell development	  9	0.0907478819362753	0.790509169841492	6	3	1894	2941	1.69964912280702
GO:0014037	Schwann cell differentiation	  6	0.439579404322443	1	3	3	1897	2941	1.27473684210526
GO:0014044	Schwann cell development	  6	0.754612463418742	1	2	4	1898	2940	0.849824561403509
GO:0014049	positive regulation of glutamate secretion	  6	0.754612463418742	1	2	4	1898	2940	0.849824561403509
GO:0014059	regulation of dopamine secretion	  8	0.885472833727802	1	2	6	1898	2938	0.637368421052632
GO:0014065	phosphatidylinositol 3-kinase signaling	  8	0.0450347774236384	0.700531030233308	6	2	1894	2942	1.91210526315789
GO:0014066	regulation of phosphatidylinositol 3-kinase signaling	  5	0.917188765638001	1	1	4	1899	2940	0.509894736842105
GO:0014067	negative regulation of phosphatidylinositol 3-kinase signaling	  7	0.969456475532965	1	1	6	1899	2938	0.364210526315789
GO:0014068	positive regulation of phosphatidylinositol 3-kinase signaling	 27	0.355343292648724	1	12	15	1888	2929	1.13309941520468
GO:0014070	response to organic cyclic compound	 67	0.144009615304184	1	31	36	1869	2908	1.17960722702278
GO:0014704	intercalated disc	 19	0.667415580666289	1	7	12	1893	2932	0.939279778393352
GO:0014823	response to activity	 14	0.286202413088633	1	7	7	1893	2937	1.27473684210526
GO:0014842	regulation of skeletal muscle satellite cell proliferation	  5	1	1	0	5	1900	2939	0
GO:0014850	response to muscle activity	  8	0.161693655219476	1	5	3	1895	2941	1.59342105263158
GO:0014883	transition between fast and slow fiber	  7	0.563170298527647	1	3	4	1897	2940	1.09263157894737
GO:0014894	response to denervation involved in regulation of muscle adaptation	  7	0.969456475532965	1	1	6	1899	2938	0.364210526315789
GO:0014898	cardiac muscle hypertrophy in response to stress	  6	0.949704026081852	1	1	5	1899	2939	0.424912280701754
GO:0014911	positive regulation of smooth muscle cell migration	 21	0.623314316549703	1	8	13	1892	2931	0.971228070175439
GO:0014912	negative regulation of smooth muscle cell migration	  7	0.274791545382173	1	4	3	1896	2941	1.45684210526316
GO:0015012	heparan sulfate proteoglycan biosynthetic process	  7	0.563170298527647	1	3	4	1897	2940	1.09263157894737
GO:0015020	glucuronosyltransferase activity	  5	0.649601443719976	1	2	3	1898	2941	1.01978947368421
GO:0015026	coreceptor activity	  7	0.563170298527647	1	3	4	1897	2940	1.09263157894737
GO:0015030	Cajal body	 21	0.000630359498410475	0.129223697174147	16	5	1884	2939	1.94245614035088
GO:0015035	protein disulfide oxidoreductase activity	  6	0.00362418365152984	0.227436014866414	6	0	1894	2944	2.54947368421053
GO:0015078	proton transmembrane transporter activity	  5	0.304039849485138	1	3	2	1897	2942	1.52968421052632
GO:0015267	channel activity	 10	0.347440254505663	1	5	5	1895	2939	1.27473684210526
GO:0015276	ligand-gated ion channel activity	 10	0.993165159331209	1	1	9	1899	2935	0.254947368421053
GO:0015293	symporter activity	 16	0.647983956112763	1	6	10	1894	2934	0.956052631578947
GO:0015297	antiporter activity	 13	0.817028054319387	1	4	9	1896	2935	0.784453441295547
GO:0015459	potassium channel regulator activity	 13	0.985603314389227	1	2	11	1898	2933	0.392226720647773
GO:0015464	acetylcholine receptor activity	  5	0.917188765638001	1	1	4	1899	2940	0.509894736842105
GO:0015485	cholesterol binding	 13	0.935610071830779	1	3	10	1897	2934	0.58834008097166
GO:0015629	actin cytoskeleton	 69	0.196175372273124	1	31	38	1869	2906	1.14541571319603
GO:0015630	microtubule cytoskeleton	 56	0.547090026572234	1	22	34	1878	2910	1.00157894736842
GO:0015631	tubulin binding	 17	0.714557516553351	1	6	11	1894	2933	0.899814241486068
GO:0015643	toxic substance binding	  5	0.917188765638001	1	1	4	1899	2940	0.509894736842105
GO:0015711	organic anion transport	  5	1	1	0	5	1900	2939	0
GO:0015908	fatty acid transport	  6	0.439579404322443	1	3	3	1897	2941	1.27473684210526
GO:0015914	phospholipid transport	  7	0.83118932937518	1	2	5	1898	2939	0.728421052631579
GO:0015934	large ribosomal subunit	  5	0.649601443719976	1	2	3	1898	2941	1.01978947368421
GO:0016010	dystrophin-associated glycoprotein complex	  9	0.753558081214978	1	3	6	1897	2938	0.849824561403509
GO:0016032	viral process	 14	0.863591930787843	1	4	10	1896	2934	0.728421052631579
GO:0016042	lipid catabolic process	 37	0.496891929829366	1	15	22	1885	2922	1.03357041251778
GO:0016055	Wnt signaling pathway	 75	0.922304642258925	1	24	51	1876	2893	0.815831578947368
GO:0016070	RNA metabolic process	  5	0.304039849485138	1	3	2	1897	2942	1.52968421052632
GO:0016079	synaptic vesicle exocytosis	  9	0.92316276301718	1	2	7	1898	2937	0.566549707602339
GO:0016082	synaptic vesicle priming	  6	0.949704026081852	1	1	5	1899	2939	0.424912280701754
GO:0016125	sterol metabolic process	  6	0.00362418365152984	0.227436014866414	6	0	1894	2944	2.54947368421053
GO:0016126	sterol biosynthetic process	 14	0.0512583680658518	0.700531030233308	9	5	1891	2939	1.63894736842105
GO:0016180	snRNA processing	  5	0.649601443719976	1	2	3	1898	2941	1.01978947368421
GO:0016188	synaptic vesicle maturation	  6	0.754612463418742	1	2	4	1898	2940	0.849824561403509
GO:0016192	vesicle-mediated transport	 79	0.0661459124102381	0.790509169841492	38	41	1862	2903	1.22632911392405
GO:0016197	endosomal transport	 14	0.490057624310308	1	6	8	1894	2936	1.09263157894737
GO:0016209	antioxidant activity	  9	0.00325947262962911	0.227436014866414	8	1	1892	2943	2.26619883040936
GO:0016226	iron-sulfur cluster assembly	  8	0.161693655219476	1	5	3	1895	2941	1.59342105263158
GO:0016229	steroid dehydrogenase activity	  6	0.949704026081852	1	1	5	1899	2939	0.424912280701754
GO:0016234	inclusion body	  9	0.497900286521984	1	4	5	1896	2939	1.13309941520468
GO:0016235	aggresome	 10	0.820137126935884	1	3	7	1897	2937	0.764842105263158
GO:0016236	macroautophagy	 10	0.598206974532865	1	4	6	1896	2938	1.01978947368421
GO:0016239	positive regulation of macroautophagy	 12	0.539753870792073	1	5	7	1895	2937	1.06228070175439
GO:0016251	RNA polymerase II general transcription initiation factor activity	  5	0.304039849485138	1	3	2	1897	2942	1.52968421052632
GO:0016272	prefoldin complex	  6	0.439579404322443	1	3	3	1897	2941	1.27473684210526
GO:0016282	eukaryotic 43S preinitiation complex	  7	0.0014188102182715	0.153161357788266	7	0	1893	2944	2.54947368421053
GO:0016290	palmitoyl-CoA hydrolase activity	  8	0.387889435544869	1	4	4	1896	2940	1.27473684210526
GO:0016298	lipase activity	  5	0.304039849485138	1	3	2	1897	2942	1.52968421052632
GO:0016311	dephosphorylation	 52	0.484181247913049	1	21	31	1879	2913	1.0295951417004
GO:0016323	basolateral plasma membrane	 72	0.661289712033954	1	27	45	1873	2899	0.956052631578947
GO:0016327	apicolateral plasma membrane	 11	0.870701529418895	1	3	8	1897	2936	0.695311004784689
GO:0016328	lateral plasma membrane	 28	0.832095975843903	1	9	19	1891	2925	0.819473684210526
GO:0016331	morphogenesis of embryonic epithelium	  6	0.168500294647832	1	4	2	1896	2942	1.69964912280702
GO:0016338	calcium-independent cell-cell adhesion via plasma membrane cell-adhesion molecules	  9	1	1	0	9	1900	2935	0
GO:0016339	calcium-dependent cell-cell adhesion via plasma membrane cell adhesion molecules	 11	0.870701529418895	1	3	8	1897	2936	0.695311004784689
GO:0016342	catenin complex	 10	0.598206974532865	1	4	6	1896	2938	1.01978947368421
GO:0016358	dendrite development	 21	0.891998425386366	1	6	15	1894	2929	0.728421052631579
GO:0016363	nuclear matrix	 48	0.534516961838391	1	19	29	1881	2915	1.00916666666667
GO:0016407	acetyltransferase activity	  7	0.563170298527647	1	3	4	1897	2940	1.09263157894737
GO:0016459	myosin complex	 14	0.700618363148246	1	5	9	1895	2935	0.910526315789474
GO:0016477	cell migration	 96	0.0498349199441787	0.700531030233308	46	50	1854	2894	1.22162280701754
GO:0016485	protein processing	 18	0.771864061286588	1	6	12	1894	2932	0.849824561403509
GO:0016493	C-C chemokine receptor activity	  7	0.969456475532965	1	1	6	1899	2938	0.364210526315789
GO:0016504	peptidase activator activity	  6	0.168500294647832	1	4	2	1896	2942	1.69964912280702
GO:0016514	SWI/SNF complex	  5	0.0811044634016161	0.790509169841492	4	1	1896	2943	2.03957894736842
GO:0016525	negative regulation of angiogenesis	 40	0.91550705628823	1	12	28	1888	2916	0.764842105263158
GO:0016529	sarcoplasmic reticulum	 26	0.176474552524475	1	13	13	1887	2931	1.27473684210526
GO:0016538	cyclin-dependent protein serine/threonine kinase regulator activity	 15	0.366140667758168	1	7	8	1893	2936	1.18975438596491
GO:0016571	histone methylation	  6	0.439579404322443	1	3	3	1897	2941	1.27473684210526
GO:0016572	histone phosphorylation	  5	0.0811044634016161	0.790509169841492	4	1	1896	2943	2.03957894736842
GO:0016573	histone acetylation	 13	0.402691105215304	1	6	7	1894	2937	1.17668016194332
GO:0016574	histone ubiquitination	  7	0.83118932937518	1	2	5	1898	2939	0.728421052631579
GO:0016575	histone deacetylation	 12	0.314255987487018	1	6	6	1894	2938	1.27473684210526
GO:0016578	histone deubiquitination	  6	0.439579404322443	1	3	3	1897	2941	1.27473684210526
GO:0016579	protein deubiquitination	 22	0.684557832950868	1	8	14	1892	2930	0.927081339712919
GO:0016580	Sin3 complex	  7	0.969456475532965	1	1	6	1899	2938	0.364210526315789
GO:0016581	NuRD complex	  6	0.949704026081852	1	1	5	1899	2939	0.424912280701754
GO:0016584	nucleosome positioning	  5	0.917188765638001	1	1	4	1899	2940	0.509894736842105
GO:0016592	mediator complex	  8	0.161693655219476	1	5	3	1895	2941	1.59342105263158
GO:0016594	glycine binding	  5	0.649601443719976	1	2	3	1898	2941	1.01978947368421
GO:0016597	amino acid binding	 13	0.211081683470683	1	7	6	1893	2938	1.37279352226721
GO:0016601	Rac protein signal transduction	  7	0.969456475532965	1	1	6	1899	2938	0.364210526315789
GO:0016604	nuclear body	 97	0.701778579845496	1	36	61	1864	2883	0.946196418882257
GO:0016605	PML body	 31	0.960611045507694	1	8	23	1892	2921	0.657928692699491
GO:0016616	oxidoreductase activity, acting on the CH-OH group of donors, NAD or NADP as acceptor	 13	0.211081683470683	1	7	6	1893	2938	1.37279352226721
GO:0016620	oxidoreductase activity, acting on the aldehyde or oxo group of donors, NAD or NADP as acceptor	 12	0.758071145075746	1	4	8	1896	2936	0.849824561403509
GO:0016627	oxidoreductase activity, acting on the CH-CH group of donors	  6	0.168500294647832	1	4	2	1896	2942	1.69964912280702
GO:0016651	oxidoreductase activity, acting on NAD(P)H	  7	0.274791545382173	1	4	3	1896	2941	1.45684210526316
GO:0016655	oxidoreductase activity, acting on NAD(P)H, quinone or similar compound as acceptor	  5	0.649601443719976	1	2	3	1898	2941	1.01978947368421
GO:0016702	oxidoreductase activity, acting on single donors with incorporation of molecular oxygen, incorporation of two atoms of oxygen	  8	0.668338816317314	1	3	5	1897	2939	0.956052631578947
GO:0016705	oxidoreductase activity, acting on paired donors, with incorporation or reduction of molecular oxygen	 19	0.30698172714204	1	9	10	1891	2934	1.20764542936288
GO:0016746	transferase activity, transferring acyl groups	 41	0.32135254533402	1	18	23	1882	2921	1.1192811296534
GO:0016747	transferase activity, transferring acyl groups other than amino-acyl groups	  6	0.439579404322443	1	3	3	1897	2941	1.27473684210526
GO:0016757	transferase activity, transferring glycosyl groups	 63	0.318690280562583	1	27	36	1873	2908	1.09263157894737
GO:0016758	transferase activity, transferring hexosyl groups	  8	0.885472833727802	1	2	6	1898	2938	0.637368421052632
GO:0016772	transferase activity, transferring phosphorus-containing groups	  6	0.754612463418742	1	2	4	1898	2940	0.849824561403509
GO:0016773	phosphotransferase activity, alcohol group as acceptor	  8	0.668338816317314	1	3	5	1897	2939	0.956052631578947
GO:0016779	nucleotidyltransferase activity	 26	0.176474552524475	1	13	13	1887	2931	1.27473684210526
GO:0016788	hydrolase activity, acting on ester bonds	 12	0.539753870792073	1	5	7	1895	2937	1.06228070175439
GO:0016790	thiolester hydrolase activity	  7	0.83118932937518	1	2	5	1898	2939	0.728421052631579
GO:0016791	phosphatase activity	 40	0.646598977393293	1	15	25	1885	2919	0.956052631578947
GO:0016798	hydrolase activity, acting on glycosyl bonds	 24	0.0176153798398552	0.492429936432315	15	9	1885	2935	1.59342105263158
GO:0016805	dipeptidase activity	  5	0.649601443719976	1	2	3	1898	2941	1.01978947368421
GO:0016811	hydrolase activity, acting on carbon-nitrogen (but not peptide) bonds, in linear amides	  7	1	1	0	7	1900	2937	0
GO:0016829	lyase activity	 59	0.0452512234507508	0.700531030233308	30	29	1870	2915	1.29634255129349
GO:0016831	carboxy-lyase activity	  8	0.0450347774236384	0.700531030233308	6	2	1894	2942	1.91210526315789
GO:0016849	phosphorus-oxygen lyase activity	  6	0.754612463418742	1	2	4	1898	2940	0.849824561403509
GO:0016853	isomerase activity	 59	0.00656701296933106	0.331042047224475	33	26	1867	2918	1.42597680642284
GO:0016874	ligase activity	 43	2.71471630318501e-06	0.00652122243567437	32	11	1868	2933	1.89728274173807
GO:0016887	ATPase activity	 73	0.323760139147818	1	31	42	1869	2902	1.08265320836337
GO:0016922	nuclear receptor binding	  9	0.250375871823477	1	5	4	1895	2940	1.41637426900585
GO:0016925	protein sumoylation	 11	0.445796419414966	1	5	6	1895	2938	1.15885167464115
GO:0016973	poly(A)+ mRNA export from nucleus	  8	0.161693655219476	1	5	3	1895	2941	1.59342105263158
GO:0017015	regulation of transforming growth factor beta receptor signaling pathway	  9	0.497900286521984	1	4	5	1896	2939	1.13309941520468
GO:0017016	Ras GTPase binding	 11	0.870701529418895	1	3	8	1897	2936	0.695311004784689
GO:0017017	MAP kinase tyrosine/serine/threonine phosphatase activity	  6	0.439579404322443	1	3	3	1897	2941	1.27473684210526
GO:0017022	myosin binding	 10	0.820137126935884	1	3	7	1897	2937	0.764842105263158
GO:0017025	TBP-class protein binding	  8	0.387889435544869	1	4	4	1896	2940	1.27473684210526
GO:0017046	peptide hormone binding	 11	0.445796419414966	1	5	6	1895	2938	1.15885167464115
GO:0017048	Rho GTPase binding	  7	0.83118932937518	1	2	5	1898	2939	0.728421052631579
GO:0017053	transcriptional repressor complex	 15	0.764593080383169	1	5	10	1895	2934	0.849824561403509
GO:0017056	structural constituent of nuclear pore	 10	0.598206974532865	1	4	6	1896	2938	1.01978947368421
GO:0017069	snRNA binding	  5	0.649601443719976	1	2	3	1898	2941	1.01978947368421
GO:0017075	syntaxin-1 binding	  7	0.83118932937518	1	2	5	1898	2939	0.728421052631579
GO:0017101	aminoacyl-tRNA synthetase multienzyme complex	  9	0.0907478819362753	0.790509169841492	6	3	1894	2941	1.69964912280702
GO:0017116	single-stranded DNA helicase activity	 10	0.0490388104662654	0.700531030233308	7	3	1893	2941	1.78463157894737
GO:0017124	SH3 domain binding	 43	0.916614793926512	1	13	30	1887	2914	0.770771113831089
GO:0017134	fibroblast growth factor binding	 12	0.314255987487018	1	6	6	1894	2938	1.27473684210526
GO:0017137	Rab GTPase binding	 27	0.508518661199015	1	11	16	1889	2928	1.03867446393762
GO:0017144	drug metabolic process	  7	0.274791545382173	1	4	3	1896	2941	1.45684210526316
GO:0017147	Wnt-protein binding	 14	0.490057624310308	1	6	8	1894	2936	1.09263157894737
GO:0017148	negative regulation of translation	 29	0.864399854201185	1	9	20	1891	2924	0.791215970961887
GO:0017154	semaphorin receptor activity	  6	0.439579404322443	1	3	3	1897	2941	1.27473684210526
GO:0017156	calcium-ion regulated exocytosis	 11	0.870701529418895	1	3	8	1897	2936	0.695311004784689
GO:0017157	regulation of exocytosis	 13	0.402691105215304	1	6	7	1894	2937	1.17668016194332
GO:0017158	regulation of calcium ion-dependent exocytosis	  5	0.649601443719976	1	2	3	1898	2941	1.01978947368421
GO:0017160	Ral GTPase binding	  5	0.917188765638001	1	1	4	1899	2940	0.509894736842105
GO:0017166	vinculin binding	  5	0.649601443719976	1	2	3	1898	2941	1.01978947368421
GO:0018024	histone-lysine N-methyltransferase activity	  5	1	1	0	5	1900	2939	0
GO:0018105	peptidyl-serine phosphorylation	 44	0.588757535075323	1	17	27	1883	2917	0.985023923444976
GO:0018107	peptidyl-threonine phosphorylation	 21	0.446954511259723	1	9	12	1891	2932	1.09263157894737
GO:0018108	peptidyl-tyrosine phosphorylation	 45	0.945425162136391	1	13	32	1887	2912	0.736514619883041
GO:0018149	peptide cross-linking	  9	0.497900286521984	1	4	5	1896	2939	1.13309941520468
GO:0018279	protein N-linked glycosylation via asparagine	 10	0.347440254505663	1	5	5	1895	2939	1.27473684210526
GO:0018345	protein palmitoylation	  5	0.304039849485138	1	3	2	1897	2942	1.52968421052632
GO:0019001	guanyl nucleotide binding	 10	0.993165159331209	1	1	9	1899	2935	0.254947368421053
GO:0019003	GDP binding	 24	0.32060578727611	1	11	13	1889	2931	1.16850877192982
GO:0019005	SCF ubiquitin ligase complex	 21	0.957290823226915	1	5	16	1895	2928	0.607017543859649
GO:0019213	deacetylase activity	  5	0.304039849485138	1	3	2	1897	2942	1.52968421052632
GO:0019216	regulation of lipid metabolic process	 13	0.625418099277554	1	5	8	1895	2936	0.980566801619433
GO:0019221	cytokine-mediated signaling pathway	 30	0.891490193608635	1	9	21	1891	2923	0.764842105263158
GO:0019228	neuronal action potential	 10	0.820137126935884	1	3	7	1897	2937	0.764842105263158
GO:0019229	regulation of vasoconstriction	  5	1	1	0	5	1900	2939	0
GO:0019233	sensory perception of pain	 24	0.95345069278584	1	6	18	1894	2926	0.637368421052632
GO:0019367	fatty acid elongation, saturated fatty acid	  5	0.0811044634016161	0.790509169841492	4	1	1896	2943	2.03957894736842
GO:0019369	arachidonic acid metabolic process	  8	0.885472833727802	1	2	6	1898	2938	0.637368421052632
GO:0019370	leukotriene biosynthetic process	  6	0.949704026081852	1	1	5	1899	2939	0.424912280701754
GO:0019432	triglyceride biosynthetic process	  6	0.0374065477785077	0.668750781505298	5	1	1895	2943	2.12456140350877
GO:0019433	triglyceride catabolic process	  5	0.0811044634016161	0.790509169841492	4	1	1896	2943	2.03957894736842
GO:0019722	calcium-mediated signaling	 27	0.890830300129872	1	8	19	1892	2925	0.755399610136452
GO:0019731	antibacterial humoral response	 10	0.820137126935884	1	3	7	1897	2937	0.764842105263158
GO:0019789	SUMO transferase activity	  7	0.83118932937518	1	2	5	1898	2939	0.728421052631579
GO:0019827	stem cell population maintenance	 20	0.94174501421726	1	5	15	1895	2929	0.637368421052632
GO:0019835	cytolysis	  8	0.668338816317314	1	3	5	1897	2939	0.956052631578947
GO:0019838	growth factor binding	 24	0.190133270384047	1	12	12	1888	2932	1.27473684210526
GO:0019841	retinol binding	  5	0.917188765638001	1	1	4	1899	2940	0.509894736842105
GO:0019843	rRNA binding	 13	0.402691105215304	1	6	7	1894	2937	1.17668016194332
GO:0019855	calcium channel inhibitor activity	  5	0.917188765638001	1	1	4	1899	2940	0.509894736842105
GO:0019882	antigen processing and presentation	 12	0.758071145075746	1	4	8	1896	2936	0.849824561403509
GO:0019888	protein phosphatase regulator activity	 10	0.948919172037504	1	2	8	1898	2936	0.509894736842105
GO:0019894	kinesin binding	 15	0.764593080383169	1	5	10	1895	2934	0.849824561403509
GO:0019897	extrinsic component of plasma membrane	  8	0.387889435544869	1	4	4	1896	2940	1.27473684210526
GO:0019898	extrinsic component of membrane	 17	0.860530440789414	1	5	12	1895	2932	0.74984520123839
GO:0019900	kinase binding	 34	0.132826980619733	1	17	17	1883	2927	1.27473684210526
GO:0019902	phosphatase binding	 19	0.973387622935646	1	4	15	1896	2929	0.536731301939058
GO:0019903	protein phosphatase binding	 35	0.778872869835106	1	12	23	1888	2921	0.874105263157895
GO:0019905	syntaxin binding	 20	0.727338785506498	1	7	13	1893	2931	0.892315789473684
GO:0019915	lipid storage	  8	0.387889435544869	1	4	4	1896	2940	1.27473684210526
GO:0019933	cAMP-mediated signaling	  7	0.83118932937518	1	2	5	1898	2939	0.728421052631579
GO:0019934	cGMP-mediated signaling	  6	0.439579404322443	1	3	3	1897	2941	1.27473684210526
GO:0019955	cytokine binding	 14	0.700618363148246	1	5	9	1895	2935	0.910526315789474
GO:0019956	chemokine binding	  7	0.969456475532965	1	1	6	1899	2938	0.364210526315789
GO:0019957	C-C chemokine binding	  8	0.981454138647988	1	1	7	1899	2937	0.318684210526316
GO:0020037	heme binding	 33	0.892660786145433	1	10	23	1890	2921	0.772567783094099
GO:0021510	spinal cord development	 15	0.366140667758168	1	7	8	1893	2936	1.18975438596491
GO:0021522	spinal cord motor neuron differentiation	  6	0.754612463418742	1	2	4	1898	2940	0.849824561403509
GO:0021537	telencephalon development	  9	0.250375871823477	1	5	4	1895	2940	1.41637426900585
GO:0021549	cerebellum development	 21	0.779351019984895	1	7	14	1893	2930	0.849824561403509
GO:0021612	facial nerve structural organization	  5	0.649601443719976	1	2	3	1898	2941	1.01978947368421
GO:0021675	nerve development	 11	0.870701529418895	1	3	8	1897	2936	0.695311004784689
GO:0021680	cerebellar Purkinje cell layer development	  5	0.649601443719976	1	2	3	1898	2941	1.01978947368421
GO:0021756	striatum development	  5	0.917188765638001	1	1	4	1899	2940	0.509894736842105
GO:0021766	hippocampus development	 22	0.823587840600774	1	7	15	1893	2929	0.811196172248804
GO:0021772	olfactory bulb development	  7	0.274791545382173	1	4	3	1896	2941	1.45684210526316
GO:0021879	forebrain neuron differentiation	  6	0.949704026081852	1	1	5	1899	2939	0.424912280701754
GO:0021895	cerebral cortex neuron differentiation	  8	0.161693655219476	1	5	3	1895	2941	1.59342105263158
GO:0021904	dorsal/ventral neural tube patterning	  6	0.754612463418742	1	2	4	1898	2940	0.849824561403509
GO:0021915	neural tube development	 14	0.286202413088633	1	7	7	1893	2937	1.27473684210526
GO:0021952	central nervous system projection neuron axonogenesis	  5	0.917188765638001	1	1	4	1899	2940	0.509894736842105
GO:0021954	central nervous system neuron development	  6	0.754612463418742	1	2	4	1898	2940	0.849824561403509
GO:0021955	central nervous system neuron axonogenesis	  5	0.917188765638001	1	1	4	1899	2940	0.509894736842105
GO:0021983	pituitary gland development	 11	0.870701529418895	1	3	8	1897	2936	0.695311004784689
GO:0021984	adenohypophysis development	  5	1	1	0	5	1900	2939	0
GO:0021987	cerebral cortex development	 27	0.355343292648724	1	12	15	1888	2929	1.13309941520468
GO:0022008	neurogenesis	 16	0.447143882954465	1	7	9	1893	2935	1.11539473684211
GO:0022011	myelination in peripheral nervous system	  8	0.981454138647988	1	1	7	1899	2937	0.318684210526316
GO:0022407	regulation of cell-cell adhesion	  5	0.917188765638001	1	1	4	1899	2940	0.509894736842105
GO:0022409	positive regulation of cell-cell adhesion	 11	0.685298720314521	1	4	7	1896	2937	0.927081339712919
GO:0022604	regulation of cell morphogenesis	  8	0.668338816317314	1	3	5	1897	2939	0.956052631578947
GO:0022624	proteasome accessory complex	  9	0.0907478819362753	0.790509169841492	6	3	1894	2941	1.69964912280702
GO:0022625	cytosolic large ribosomal subunit	  8	0.668338816317314	1	3	5	1897	2939	0.956052631578947
GO:0022626	cytosolic ribosome	  6	0.754612463418742	1	2	4	1898	2940	0.849824561403509
GO:0022627	cytosolic small ribosomal subunit	  6	0.439579404322443	1	3	3	1897	2941	1.27473684210526
GO:0022848	acetylcholine-gated cation-selective channel activity	  6	0.949704026081852	1	1	5	1899	2939	0.424912280701754
GO:0022857	transmembrane transporter activity	 35	0.98735882084228	1	8	27	1892	2917	0.582736842105263
GO:0022900	electron transport chain	 21	1.53702254396956e-05	0.0157544810756879	18	3	1882	2941	2.18526315789474
GO:0022904	respiratory electron transport chain	  7	0.0168564242510799	0.492429936432315	6	1	1894	2943	2.18526315789474
GO:0023014	signal transduction by protein phosphorylation	 13	0.985603314389227	1	2	11	1898	2933	0.392226720647773
GO:0023019	signal transduction involved in regulation of gene expression	 11	1	1	0	11	1900	2933	0
GO:0030001	metal ion transport	  7	0.563170298527647	1	3	4	1897	2940	1.09263157894737
GO:0030010	establishment of cell polarity	  8	0.668338816317314	1	3	5	1897	2939	0.956052631578947
GO:0030016	myofibril	 15	0.969166350592089	1	3	12	1897	2932	0.509894736842105
GO:0030017	sarcomere	 20	0.376504537717979	1	9	11	1891	2933	1.14726315789474
GO:0030018	Z disc	 55	0.207266294388402	1	25	30	1875	2914	1.15885167464115
GO:0030020	extracellular matrix structural constituent conferring tensile strength	 20	0.222009403104782	1	10	10	1890	2934	1.27473684210526
GO:0030027	lamellipodium	 61	0.0425951616630154	0.700531030233308	31	30	1869	2914	1.29563416738568
GO:0030030	cell projection organization	 38	0.676680939762146	1	14	24	1886	2920	0.939279778393352
GO:0030031	cell projection assembly	  8	0.885472833727802	1	2	6	1898	2938	0.637368421052632
GO:0030032	lamellipodium assembly	 10	0.347440254505663	1	5	5	1895	2939	1.27473684210526
GO:0030033	microvillus assembly	  5	0.649601443719976	1	2	3	1898	2941	1.01978947368421
GO:0030036	actin cytoskeleton organization	 61	0.957197012535324	1	18	43	1882	2901	0.752303710094909
GO:0030041	actin filament polymerization	  7	0.563170298527647	1	3	4	1897	2940	1.09263157894737
GO:0030048	actin filament-based movement	  6	0.949704026081852	1	1	5	1899	2939	0.424912280701754
GO:0030056	hemidesmosome	  6	0.754612463418742	1	2	4	1898	2940	0.849824561403509
GO:0030057	desmosome	 11	0.870701529418895	1	3	8	1897	2936	0.695311004784689
GO:0030071	regulation of mitotic metaphase/anaphase transition	  6	0.439579404322443	1	3	3	1897	2941	1.27473684210526
GO:0030073	insulin secretion	 10	0.948919172037504	1	2	8	1898	2936	0.509894736842105
GO:0030097	hemopoiesis	 30	0.891490193608635	1	9	21	1891	2923	0.764842105263158
GO:0030099	myeloid cell differentiation	  6	0.949704026081852	1	1	5	1899	2939	0.424912280701754
GO:0030100	regulation of endocytosis	 10	0.820137126935884	1	3	7	1897	2937	0.764842105263158
GO:0030111	regulation of Wnt signaling pathway	  5	0.304039849485138	1	3	2	1897	2942	1.52968421052632
GO:0030117	membrane coat	 11	0.229412856614498	1	6	5	1894	2939	1.39062200956938
GO:0030126	COPI vesicle coat	  7	0.0168564242510799	0.492429936432315	6	1	1894	2943	2.18526315789474
GO:0030133	transport vesicle	 19	0.999923965299049	1	1	18	1899	2926	0.134182825484765
GO:0030134	COPII-coated ER to Golgi transport vesicle	 12	0.0131200702978459	0.474637837245603	9	3	1891	2941	1.91210526315789
GO:0030136	clathrin-coated vesicle	 17	0.947351402705217	1	4	13	1896	2931	0.599876160990712
GO:0030137	COPI-coated vesicle	  8	0.0450347774236384	0.700531030233308	6	2	1894	2942	1.91210526315789
GO:0030139	endocytic vesicle	 18	0.119858271310697	0.972464866175182	10	8	1890	2936	1.41637426900585
GO:0030140	trans-Golgi network transport vesicle	 10	0.820137126935884	1	3	7	1897	2937	0.764842105263158
GO:0030141	secretory granule	 53	0.982507519955273	1	14	39	1886	2905	0.673445878848064
GO:0030145	manganese ion binding	 17	0.714557516553351	1	6	11	1894	2933	0.899814241486068
GO:0030148	sphingolipid biosynthetic process	 11	0.0898936829136167	0.790509169841492	7	4	1893	2940	1.62239234449761
GO:0030150	protein import into mitochondrial matrix	  7	0.0168564242510799	0.492429936432315	6	1	1894	2943	2.18526315789474
GO:0030155	regulation of cell adhesion	 14	0.490057624310308	1	6	8	1894	2936	1.09263157894737
GO:0030159	receptor signaling complex adaptor activity	  5	0.0811044634016161	0.790509169841492	4	1	1896	2943	2.03957894736842
GO:0030163	protein catabolic process	 13	0.817028054319387	1	4	9	1896	2935	0.784453441295547
GO:0030165	PDZ domain binding	 34	0.841278020488871	1	11	23	1889	2921	0.824829721362229
GO:0030166	proteoglycan biosynthetic process	  6	0.754612463418742	1	2	4	1898	2940	0.849824561403509
GO:0030168	platelet activation	 18	0.998409286475405	1	2	16	1898	2928	0.28327485380117
GO:0030169	low-density lipoprotein particle binding	  5	0.649601443719976	1	2	3	1898	2941	1.01978947368421
GO:0030170	pyridoxal phosphate binding	 16	0.817597227778807	1	5	11	1895	2933	0.796710526315789
GO:0030173	integral component of Golgi membrane	 16	0.261993676791498	1	8	8	1892	2936	1.27473684210526
GO:0030175	filopodium	 32	0.0770719356239418	0.790509169841492	17	15	1883	2929	1.35440789473684
GO:0030176	integral component of endoplasmic reticulum membrane	 31	0.0256457680902795	0.612453448708682	18	13	1882	2931	1.48033955857385
GO:0030177	positive regulation of Wnt signaling pathway	 10	0.598206974532865	1	4	6	1896	2938	1.01978947368421
GO:0030178	negative regulation of Wnt signaling pathway	 13	0.935610071830779	1	3	10	1897	2934	0.58834008097166
GO:0030182	neuron differentiation	 55	0.956465851439304	1	16	39	1884	2905	0.741665071770335
GO:0030183	B cell differentiation	 13	0.817028054319387	1	4	9	1896	2935	0.784453441295547
GO:0030195	negative regulation of blood coagulation	  7	0.0887818565970774	0.790509169841492	5	2	1895	2942	1.82105263157895
GO:0030198	extracellular matrix organization	 56	0.106711766273735	0.901479893658616	27	29	1873	2915	1.22921052631579
GO:0030199	collagen fibril organization	 17	0.0297091825548331	0.645149512594856	11	6	1889	2938	1.64965944272446
GO:0030206	chondroitin sulfate biosynthetic process	  6	0.439579404322443	1	3	3	1897	2941	1.27473684210526
GO:0030215	semaphorin receptor binding	  7	0.274791545382173	1	4	3	1896	2941	1.45684210526316
GO:0030216	keratinocyte differentiation	 18	0.894632894444347	1	5	13	1895	2931	0.708187134502924
GO:0030217	T cell differentiation	 17	0.947351402705217	1	4	13	1896	2931	0.599876160990712
GO:0030218	erythrocyte differentiation	 15	0.764593080383169	1	5	10	1895	2934	0.849824561403509
GO:0030224	monocyte differentiation	  7	0.274791545382173	1	4	3	1896	2941	1.45684210526316
GO:0030225	macrophage differentiation	  6	0.754612463418742	1	2	4	1898	2940	0.849824561403509
GO:0030234	enzyme regulator activity	  7	0.83118932937518	1	2	5	1898	2939	0.728421052631579
GO:0030246	carbohydrate binding	 58	0.155160569883014	1	27	31	1873	2913	1.18682395644283
GO:0030247	polysaccharide binding	  8	0.668338816317314	1	3	5	1897	2939	0.956052631578947
GO:0030259	lipid glycosylation	  6	0.754612463418742	1	2	4	1898	2940	0.849824561403509
GO:0030261	chromosome condensation	  9	0.0221782251673199	0.562734580302472	7	2	1893	2942	1.98292397660819
GO:0030276	clathrin binding	 10	0.948919172037504	1	2	8	1898	2936	0.509894736842105
GO:0030277	maintenance of gastrointestinal epithelium	  5	1	1	0	5	1900	2939	0
GO:0030278	regulation of ossification	  8	0.668338816317314	1	3	5	1897	2939	0.956052631578947
GO:0030279	negative regulation of ossification	 11	0.685298720314521	1	4	7	1896	2937	0.927081339712919
GO:0030282	bone mineralization	 12	0.758071145075746	1	4	8	1896	2936	0.849824561403509
GO:0030285	integral component of synaptic vesicle membrane	 13	0.625418099277554	1	5	8	1895	2936	0.980566801619433
GO:0030286	dynein complex	  6	0.754612463418742	1	2	4	1898	2940	0.849824561403509
GO:0030295	protein kinase activator activity	  7	0.969456475532965	1	1	6	1899	2938	0.364210526315789
GO:0030296	protein tyrosine kinase activator activity	  5	0.304039849485138	1	3	2	1897	2942	1.52968421052632
GO:0030301	cholesterol transport	  5	0.917188765638001	1	1	4	1899	2940	0.509894736842105
GO:0030307	positive regulation of cell growth	 36	0.707376430251796	1	13	23	1887	2921	0.920643274853801
GO:0030308	negative regulation of cell growth	 50	0.816982759579758	1	17	33	1883	2911	0.866821052631579
GO:0030315	T-tubule	 25	0.827684865025959	1	8	17	1892	2927	0.815831578947368
GO:0030316	osteoclast differentiation	 12	0.977912046303312	1	2	10	1898	2934	0.424912280701754
GO:0030317	flagellated sperm motility	 10	0.820137126935884	1	3	7	1897	2937	0.764842105263158
GO:0030318	melanocyte differentiation	  6	0.949704026081852	1	1	5	1899	2939	0.424912280701754
GO:0030322	stabilization of membrane potential	  5	0.304039849485138	1	3	2	1897	2942	1.52968421052632
GO:0030324	lung development	 43	0.662294864656221	1	16	27	1884	2917	0.948641370869033
GO:0030325	adrenal gland development	 13	0.935610071830779	1	3	10	1897	2934	0.58834008097166
GO:0030326	embryonic limb morphogenesis	 16	0.447143882954465	1	7	9	1893	2935	1.11539473684211
GO:0030331	estrogen receptor binding	 13	0.935610071830779	1	3	10	1897	2934	0.58834008097166
GO:0030332	cyclin binding	 12	0.758071145075746	1	4	8	1896	2936	0.849824561403509
GO:0030334	regulation of cell migration	 33	0.0246638134376274	0.606729810565634	19	14	1881	2930	1.46787878787879
GO:0030336	negative regulation of cell migration	 52	0.998373250283023	1	11	41	1889	2903	0.539311740890688
GO:0030371	translation repressor activity	  5	0.649601443719976	1	2	3	1898	2941	1.01978947368421
GO:0030374	nuclear receptor transcription coactivator activity	 26	0.176474552524475	1	13	13	1887	2931	1.27473684210526
GO:0030414	peptidase inhibitor activity	 35	0.86988038120518	1	11	24	1889	2920	0.801263157894737
GO:0030426	growth cone	 64	0.356634236692957	1	27	37	1873	2907	1.07555921052632
GO:0030433	ubiquitin-dependent ERAD pathway	 16	0.0161457919676275	0.492429936432315	11	5	1889	2939	1.75276315789474
GO:0030479	actin cortical patch	  9	0.988740560601839	1	1	8	1899	2936	0.28327485380117
GO:0030488	tRNA methylation	  9	0.753558081214978	1	3	6	1897	2938	0.849824561403509
GO:0030490	maturation of SSU-rRNA	  5	0.917188765638001	1	1	4	1899	2940	0.509894736842105
GO:0030496	midbody	 54	0.0211515933088591	0.562734580302472	29	25	1871	2919	1.36916179337232
GO:0030500	regulation of bone mineralization	  6	0.949704026081852	1	1	5	1899	2939	0.424912280701754
GO:0030501	positive regulation of bone mineralization	 19	0.973387622935646	1	4	15	1896	2929	0.536731301939058
GO:0030502	negative regulation of bone mineralization	  5	0.917188765638001	1	1	4	1899	2940	0.509894736842105
GO:0030506	ankyrin binding	  6	0.439579404322443	1	3	3	1897	2941	1.27473684210526
GO:0030507	spectrin binding	  5	0.649601443719976	1	2	3	1898	2941	1.01978947368421
GO:0030509	BMP signaling pathway	 37	0.993095091692915	1	8	29	1892	2915	0.551237553342817
GO:0030510	regulation of BMP signaling pathway	  6	0.168500294647832	1	4	2	1896	2942	1.69964912280702
GO:0030511	positive regulation of transforming growth factor beta receptor signaling pathway	  8	0.668338816317314	1	3	5	1897	2939	0.956052631578947
GO:0030512	negative regulation of transforming growth factor beta receptor signaling pathway	 24	0.0176153798398552	0.492429936432315	15	9	1885	2935	1.59342105263158
GO:0030513	positive regulation of BMP signaling pathway	 19	0.973387622935646	1	4	15	1896	2929	0.536731301939058
GO:0030514	negative regulation of BMP signaling pathway	 20	0.222009403104782	1	10	10	1890	2934	1.27473684210526
GO:0030515	snoRNA binding	 11	0.000602402646006753	0.129223697174147	10	1	1890	2943	2.3177033492823
GO:0030516	regulation of axon extension	  5	0.0811044634016161	0.790509169841492	4	1	1896	2943	2.03957894736842
GO:0030517	negative regulation of axon extension	 10	0.598206974532865	1	4	6	1896	2938	1.01978947368421
GO:0030521	androgen receptor signaling pathway	  7	0.83118932937518	1	2	5	1898	2939	0.728421052631579
GO:0030522	intracellular receptor signaling pathway	 10	0.948919172037504	1	2	8	1898	2936	0.509894736842105
GO:0030534	adult behavior	  8	0.981454138647988	1	1	7	1899	2937	0.318684210526316
GO:0030539	male genitalia development	  8	0.981454138647988	1	1	7	1899	2937	0.318684210526316
GO:0030544	Hsp70 protein binding	 14	0.286202413088633	1	7	7	1893	2937	1.27473684210526
GO:0030550	acetylcholine receptor inhibitor activity	  5	0.649601443719976	1	2	3	1898	2941	1.01978947368421
GO:0030552	cAMP binding	  6	0.949704026081852	1	1	5	1899	2939	0.424912280701754
GO:0030574	collagen catabolic process	 10	0.15331148914129	1	6	4	1894	2940	1.52968421052632
GO:0030593	neutrophil chemotaxis	 18	0.962413833636894	1	4	14	1896	2930	0.566549707602339
GO:0030594	neurotransmitter receptor activity	  5	1	1	0	5	1900	2939	0
GO:0030595	leukocyte chemotaxis	  8	0.885472833727802	1	2	6	1898	2938	0.637368421052632
GO:0030619	U1 snRNA binding	  5	0.649601443719976	1	2	3	1898	2941	1.01978947368421
GO:0030658	transport vesicle membrane	 15	0.993968987928194	1	2	13	1898	2931	0.339929824561403
GO:0030659	cytoplasmic vesicle membrane	 47	0.810141649331385	1	16	31	1884	2913	0.867905935050392
GO:0030663	COPI-coated vesicle membrane	  9	0.0907478819362753	0.790509169841492	6	3	1894	2941	1.69964912280702
GO:0030667	secretory granule membrane	  8	0.981454138647988	1	1	7	1899	2937	0.318684210526316
GO:0030670	phagocytic vesicle membrane	 12	0.0508393666076445	0.700531030233308	8	4	1892	2940	1.69964912280702
GO:0030672	synaptic vesicle membrane	 22	0.990946621270994	1	4	18	1896	2926	0.463540669856459
GO:0030673	axolemma	  5	0.0811044634016161	0.790509169841492	4	1	1896	2943	2.03957894736842
GO:0030674	protein binding, bridging	 22	0.347022570077142	1	10	12	1890	2932	1.15885167464115
GO:0030676	Rac guanyl-nucleotide exchange factor activity	  5	0.649601443719976	1	2	3	1898	2941	1.01978947368421
GO:0030687	preribosome, large subunit precursor	  6	0.0374065477785077	0.668750781505298	5	1	1895	2943	2.12456140350877
GO:0030688	preribosome, small subunit precursor	  8	0.387889435544869	1	4	4	1896	2940	1.27473684210526
GO:0030705	cytoskeleton-dependent intracellular transport	  5	0.649601443719976	1	2	3	1898	2941	1.01978947368421
GO:0030728	ovulation	  5	0.304039849485138	1	3	2	1897	2942	1.52968421052632
GO:0030742	GTP-dependent protein binding	  8	0.981454138647988	1	1	7	1899	2937	0.318684210526316
GO:0030833	regulation of actin filament polymerization	 10	0.598206974532865	1	4	6	1896	2938	1.01978947368421
GO:0030837	negative regulation of actin filament polymerization	  9	0.92316276301718	1	2	7	1898	2937	0.566549707602339
GO:0030838	positive regulation of actin filament polymerization	 14	0.286202413088633	1	7	7	1893	2937	1.27473684210526
GO:0030850	prostate gland development	 10	0.598206974532865	1	4	6	1896	2938	1.01978947368421
GO:0030851	granulocyte differentiation	  5	0.917188765638001	1	1	4	1899	2940	0.509894736842105
GO:0030855	epithelial cell differentiation	 29	0.059287792066552	0.790509169841492	16	13	1884	2931	1.40660617059891
GO:0030857	negative regulation of epithelial cell differentiation	  7	0.83118932937518	1	2	5	1898	2939	0.728421052631579
GO:0030863	cortical cytoskeleton	  8	0.885472833727802	1	2	6	1898	2938	0.637368421052632
GO:0030864	cortical actin cytoskeleton	 13	0.935610071830779	1	3	10	1897	2934	0.58834008097166
GO:0030865	cortical cytoskeleton organization	  7	0.83118932937518	1	2	5	1898	2939	0.728421052631579
GO:0030866	cortical actin cytoskeleton organization	 10	0.347440254505663	1	5	5	1895	2939	1.27473684210526
GO:0030878	thyroid gland development	  8	0.981454138647988	1	1	7	1899	2937	0.318684210526316
GO:0030879	mammary gland development	 16	0.261993676791498	1	8	8	1892	2936	1.27473684210526
GO:0030890	positive regulation of B cell proliferation	 12	0.758071145075746	1	4	8	1896	2936	0.849824561403509
GO:0030900	forebrain development	 28	0.832095975843903	1	9	19	1891	2925	0.819473684210526
GO:0030901	midbrain development	 16	0.978914829710732	1	3	13	1897	2931	0.478026315789474
GO:0030902	hindbrain development	 10	0.820137126935884	1	3	7	1897	2937	0.764842105263158
GO:0030904	retromer complex	  7	0.0887818565970774	0.790509169841492	5	2	1895	2942	1.82105263157895
GO:0030915	Smc5-Smc6 complex	  5	0.304039849485138	1	3	2	1897	2942	1.52968421052632
GO:0030948	negative regulation of vascular endothelial growth factor receptor signaling pathway	  5	0.649601443719976	1	2	3	1898	2941	1.01978947368421
GO:0030950	establishment or maintenance of actin cytoskeleton polarity	  7	0.274791545382173	1	4	3	1896	2941	1.45684210526316
GO:0030953	astral microtubule organization	  7	0.274791545382173	1	4	3	1896	2941	1.45684210526316
GO:0030955	potassium ion binding	  5	0.917188765638001	1	1	4	1899	2940	0.509894736842105
GO:0030968	endoplasmic reticulum unfolded protein response	 23	0.413343098059112	1	10	13	1890	2931	1.10846681922197
GO:0030970	retrograde protein transport, ER to cytosol	  6	0.00362418365152984	0.227436014866414	6	0	1894	2944	2.54947368421053
GO:0030971	receptor tyrosine kinase binding	 23	0.0290084863541633	0.645149512594856	14	9	1886	2935	1.55185354691076
GO:0030992	intraciliary transport particle B	  8	0.885472833727802	1	2	6	1898	2938	0.637368421052632
GO:0031000	response to caffeine	  7	0.83118932937518	1	2	5	1898	2939	0.728421052631579
GO:0031005	filamin binding	  6	0.439579404322443	1	3	3	1897	2941	1.27473684210526
GO:0031011	Ino80 complex	  8	0.668338816317314	1	3	5	1897	2939	0.956052631578947
GO:0031012	extracellular matrix	 91	0.00304411260856909	0.227436014866414	49	42	1851	2902	1.37279352226721
GO:0031016	pancreas development	 10	0.993165159331209	1	1	9	1899	2935	0.254947368421053
GO:0031017	exocrine pancreas development	  5	0.0811044634016161	0.790509169841492	4	1	1896	2943	2.03957894736842
GO:0031018	endocrine pancreas development	 15	0.993968987928194	1	2	13	1898	2931	0.339929824561403
GO:0031032	actomyosin structure organization	  5	0.917188765638001	1	1	4	1899	2940	0.509894736842105
GO:0031047	gene silencing by RNA	 11	0.966300870397195	1	2	9	1898	2935	0.463540669856459
GO:0031062	positive regulation of histone methylation	  6	0.949704026081852	1	1	5	1899	2939	0.424912280701754
GO:0031069	hair follicle morphogenesis	 15	0.366140667758168	1	7	8	1893	2936	1.18975438596491
GO:0031072	heat shock protein binding	 15	0.572668928678401	1	6	9	1894	2935	1.01978947368421
GO:0031076	embryonic camera-type eye development	  7	0.563170298527647	1	3	4	1897	2940	1.09263157894737
GO:0031090	organelle membrane	 33	0.102631110030625	0.876640731511593	17	16	1883	2928	1.31336523125997
GO:0031091	platelet alpha granule	 12	0.144569725741978	1	7	5	1893	2939	1.48719298245614
GO:0031098	stress-activated protein kinase signaling cascade	 12	0.977912046303312	1	2	10	1898	2934	0.424912280701754
GO:0031100	animal organ regeneration	 19	0.0772114136636449	0.790509169841492	11	8	1889	2936	1.47601108033241
GO:0031103	axon regeneration	  9	0.497900286521984	1	4	5	1896	2939	1.13309941520468
GO:0031110	regulation of microtubule polymerization or depolymerization	  7	0.969456475532965	1	1	6	1899	2938	0.364210526315789
GO:0031115	negative regulation of microtubule polymerization	  5	0.649601443719976	1	2	3	1898	2941	1.01978947368421
GO:0031116	positive regulation of microtubule polymerization	  7	0.563170298527647	1	3	4	1897	2940	1.09263157894737
GO:0031122	cytoplasmic microtubule organization	 11	0.870701529418895	1	3	8	1897	2936	0.695311004784689
GO:0031145	anaphase-promoting complex-dependent catabolic process	  8	0.387889435544869	1	4	4	1896	2940	1.27473684210526
GO:0031146	SCF-dependent proteasomal ubiquitin-dependent protein catabolic process	 18	0.599944427086873	1	7	11	1893	2933	0.991461988304093
GO:0031175	neuron projection development	 52	0.0110943772593916	0.421175432995421	29	23	1871	2921	1.42182186234818
GO:0031201	SNARE complex	 15	0.572668928678401	1	6	9	1894	2935	1.01978947368421
GO:0031210	phosphatidylcholine binding	  8	0.981454138647988	1	1	7	1899	2937	0.318684210526316
GO:0031214	biomineral tissue development	  5	0.304039849485138	1	3	2	1897	2942	1.52968421052632
GO:0031225	anchored component of membrane	 31	0.444956403086538	1	13	18	1887	2926	1.06913412563667
GO:0031226	intrinsic component of plasma membrane	  7	0.83118932937518	1	2	5	1898	2939	0.728421052631579
GO:0031234	extrinsic component of cytoplasmic side of plasma membrane	 24	0.983953223035519	1	5	19	1895	2925	0.531140350877193
GO:0031252	cell leading edge	 23	0.260805883700581	1	11	12	1889	2932	1.21931350114416
GO:0031253	cell projection membrane	  8	0.981454138647988	1	1	7	1899	2937	0.318684210526316
GO:0031258	lamellipodium membrane	 10	0.598206974532865	1	4	6	1896	2938	1.01978947368421
GO:0031267	small GTPase binding	  8	0.668338816317314	1	3	5	1897	2939	0.956052631578947
GO:0031290	retinal ganglion cell axon guidance	  7	0.83118932937518	1	2	5	1898	2939	0.728421052631579
GO:0031295	T cell costimulation	  8	0.387889435544869	1	4	4	1896	2940	1.27473684210526
GO:0031297	replication fork processing	  6	0.439579404322443	1	3	3	1897	2941	1.27473684210526
GO:0031305	integral component of mitochondrial inner membrane	  6	0.168500294647832	1	4	2	1896	2942	1.69964912280702
GO:0031307	integral component of mitochondrial outer membrane	 12	0.314255987487018	1	6	6	1894	2938	1.27473684210526
GO:0031313	extrinsic component of endosome membrane	  5	0.649601443719976	1	2	3	1898	2941	1.01978947368421
GO:0031314	extrinsic component of mitochondrial inner membrane	  5	0.649601443719976	1	2	3	1898	2941	1.01978947368421
GO:0031333	negative regulation of protein-containing complex assembly	 19	0.167243668696311	1	10	9	1890	2935	1.34182825484765
GO:0031334	positive regulation of protein-containing complex assembly	 17	0.985678421211914	1	3	14	1897	2930	0.449907120743034
GO:0031369	translation initiation factor binding	 13	0.211081683470683	1	7	6	1893	2938	1.37279352226721
GO:0031394	positive regulation of prostaglandin biosynthetic process	  5	0.304039849485138	1	3	2	1897	2942	1.52968421052632
GO:0031397	negative regulation of protein ubiquitination	 12	0.314255987487018	1	6	6	1894	2938	1.27473684210526
GO:0031398	positive regulation of protein ubiquitination	 28	0.568764509484717	1	11	17	1889	2927	1.00157894736842
GO:0031418	L-ascorbic acid binding	  8	0.000555263126563562	0.129223697174147	8	0	1892	2944	2.54947368421053
GO:0031419	cobalamin binding	  6	0.439579404322443	1	3	3	1897	2941	1.27473684210526
GO:0031424	keratinization	  8	1	1	0	8	1900	2936	0
GO:0031430	M band	 10	0.598206974532865	1	4	6	1896	2938	1.01978947368421
GO:0031434	mitogen-activated protein kinase kinase binding	  9	0.497900286521984	1	4	5	1896	2939	1.13309941520468
GO:0031435	mitogen-activated protein kinase kinase kinase binding	  6	0.754612463418742	1	2	4	1898	2940	0.849824561403509
GO:0031461	cullin-RING ubiquitin ligase complex	  6	0.949704026081852	1	1	5	1899	2939	0.424912280701754
GO:0031462	Cul2-RING ubiquitin ligase complex	  6	0.949704026081852	1	1	5	1899	2939	0.424912280701754
GO:0031463	Cul3-RING ubiquitin ligase complex	 11	0.870701529418895	1	3	8	1897	2936	0.695311004784689
GO:0031489	myosin V binding	  6	1	1	0	6	1900	2938	0
GO:0031490	chromatin DNA binding	 24	0.786805098890883	1	8	16	1892	2928	0.849824561403509
GO:0031491	nucleosome binding	  7	0.563170298527647	1	3	4	1897	2940	1.09263157894737
GO:0031492	nucleosomal DNA binding	  8	0.387889435544869	1	4	4	1896	2940	1.27473684210526
GO:0031514	motile cilium	 28	0.91432402984426	1	8	20	1892	2924	0.728421052631579
GO:0031519	PcG protein complex	 10	0.820137126935884	1	3	7	1897	2937	0.764842105263158
GO:0031526	brush border membrane	 18	0.771864061286588	1	6	12	1894	2932	0.849824561403509
GO:0031527	filopodium membrane	  5	0.304039849485138	1	3	2	1897	2942	1.52968421052632
GO:0031528	microvillus membrane	 10	0.347440254505663	1	5	5	1895	2939	1.27473684210526
GO:0031529	ruffle organization	  5	0.304039849485138	1	3	2	1897	2942	1.52968421052632
GO:0031532	actin cytoskeleton reorganization	 14	0.700618363148246	1	5	9	1895	2935	0.910526315789474
GO:0031573	intra-S DNA damage checkpoint	  6	0.439579404322443	1	3	3	1897	2941	1.27473684210526
GO:0031589	cell-substrate adhesion	  9	0.0907478819362753	0.790509169841492	6	3	1894	2941	1.69964912280702
GO:0031593	polyubiquitin modification-dependent protein binding	  8	0.387889435544869	1	4	4	1896	2940	1.27473684210526
GO:0031594	neuromuscular junction	 33	0.102631110030625	0.876640731511593	17	16	1883	2928	1.31336523125997
GO:0031597	cytosolic proteasome complex	  6	0.168500294647832	1	4	2	1896	2942	1.69964912280702
GO:0031616	spindle pole centrosome	  7	0.969456475532965	1	1	6	1899	2938	0.364210526315789
GO:0031623	receptor internalization	 15	0.029138658982514	0.645149512594856	10	5	1890	2939	1.69964912280702
GO:0031624	ubiquitin conjugating enzyme binding	  5	0.917188765638001	1	1	4	1899	2940	0.509894736842105
GO:0031629	synaptic vesicle fusion to presynaptic active zone membrane	  6	0.439579404322443	1	3	3	1897	2941	1.27473684210526
GO:0031638	zymogen activation	  8	0.885472833727802	1	2	6	1898	2938	0.637368421052632
GO:0031640	killing of cells of other organism	  7	0.563170298527647	1	3	4	1897	2940	1.09263157894737
GO:0031641	regulation of myelination	 15	0.572668928678401	1	6	9	1894	2935	1.01978947368421
GO:0031642	negative regulation of myelination	  5	0.917188765638001	1	1	4	1899	2940	0.509894736842105
GO:0031643	positive regulation of myelination	  6	0.754612463418742	1	2	4	1898	2940	0.849824561403509
GO:0031647	regulation of protein stability	 26	0.0431191636489071	0.700531030233308	15	11	1885	2933	1.47085020242915
GO:0031648	protein destabilization	 21	0.282571239662319	1	10	11	1890	2933	1.2140350877193
GO:0031667	response to nutrient levels	 30	0.948561879718552	1	8	22	1892	2922	0.679859649122807
GO:0031668	cellular response to extracellular stimulus	 10	0.15331148914129	1	6	4	1894	2940	1.52968421052632
GO:0031672	A band	  8	0.668338816317314	1	3	5	1897	2939	0.956052631578947
GO:0031674	I band	 12	0.539753870792073	1	5	7	1895	2937	1.06228070175439
GO:0031681	G-protein beta-subunit binding	  7	0.83118932937518	1	2	5	1898	2939	0.728421052631579
GO:0031683	G-protein beta/gamma-subunit complex binding	 12	0.908244990866611	1	3	9	1897	2935	0.637368421052632
GO:0031698	beta-2 adrenergic receptor binding	  5	0.917188765638001	1	1	4	1899	2940	0.509894736842105
GO:0031748	D1 dopamine receptor binding	  8	0.387889435544869	1	4	4	1896	2940	1.27473684210526
GO:0031901	early endosome membrane	 45	0.514052259671669	1	18	27	1882	2917	1.01978947368421
GO:0031902	late endosome membrane	 38	0.0148637277444228	0.492429936432315	22	16	1878	2928	1.47601108033241
GO:0031915	positive regulation of synaptic plasticity	  5	0.917188765638001	1	1	4	1899	2940	0.509894736842105
GO:0031929	TOR signaling	  5	0.649601443719976	1	2	3	1898	2941	1.01978947368421
GO:0031932	TORC2 complex	  5	0.304039849485138	1	3	2	1897	2942	1.52968421052632
GO:0031941	filamentous actin	 16	0.0507934373406584	0.700531030233308	10	6	1890	2938	1.59342105263158
GO:0031954	positive regulation of protein autophosphorylation	  8	0.0450347774236384	0.700531030233308	6	2	1894	2942	1.91210526315789
GO:0031965	nuclear membrane	 95	0.719415773431629	1	35	60	1865	2884	0.939279778393352
GO:0031966	mitochondrial membrane	 54	0.0211515933088591	0.562734580302472	29	25	1871	2919	1.36916179337232
GO:0031982	vesicle	 36	0.0680972544165034	0.790509169841492	19	17	1881	2927	1.34555555555556
GO:0031985	Golgi cisterna	  6	1	1	0	6	1900	2938	0
GO:0031994	insulin-like growth factor I binding	  9	0.0907478819362753	0.790509169841492	6	3	1894	2941	1.69964912280702
GO:0031995	insulin-like growth factor II binding	  7	0.0887818565970774	0.790509169841492	5	2	1895	2942	1.82105263157895
GO:0032000	positive regulation of fatty acid beta-oxidation	  6	0.754612463418742	1	2	4	1898	2940	0.849824561403509
GO:0032006	regulation of TOR signaling	  8	0.668338816317314	1	3	5	1897	2939	0.956052631578947
GO:0032007	negative regulation of TOR signaling	  6	0.754612463418742	1	2	4	1898	2940	0.849824561403509
GO:0032008	positive regulation of TOR signaling	 10	0.15331148914129	1	6	4	1894	2940	1.52968421052632
GO:0032024	positive regulation of insulin secretion	 19	0.667415580666289	1	7	12	1893	2932	0.939279778393352
GO:0032026	response to magnesium ion	  7	0.969456475532965	1	1	6	1899	2938	0.364210526315789
GO:0032039	integrator complex	  6	0.439579404322443	1	3	3	1897	2941	1.27473684210526
GO:0032040	small-subunit processome	  9	0.0221782251673199	0.562734580302472	7	2	1893	2942	1.98292397660819
GO:0032051	clathrin light chain binding	  5	0.649601443719976	1	2	3	1898	2941	1.01978947368421
GO:0032060	bleb assembly	  5	0.649601443719976	1	2	3	1898	2941	1.01978947368421
GO:0032088	negative regulation of NF-kappaB transcription factor activity	 18	0.409627859647824	1	8	10	1892	2934	1.13309941520468
GO:0032091	negative regulation of protein binding	 22	0.347022570077142	1	10	12	1890	2932	1.15885167464115
GO:0032092	positive regulation of protein binding	 32	0.502248186192593	1	13	19	1887	2925	1.03572368421053
GO:0032094	response to food	  7	1	1	0	7	1900	2937	0
GO:0032147	activation of protein kinase activity	 32	0.932274664576554	1	9	23	1891	2921	0.717039473684211
GO:0032148	activation of protein kinase B activity	 12	0.314255987487018	1	6	6	1894	2938	1.27473684210526
GO:0032153	cell division site	  7	0.274791545382173	1	4	3	1896	2941	1.45684210526316
GO:0032154	cleavage furrow	 15	0.764593080383169	1	5	10	1895	2934	0.849824561403509
GO:0032212	positive regulation of telomere maintenance via telomerase	 12	0.908244990866611	1	3	9	1897	2935	0.637368421052632
GO:0032233	positive regulation of actin filament bundle assembly	  8	0.668338816317314	1	3	5	1897	2939	0.956052631578947
GO:0032259	methylation	 33	0.28616878235822	1	15	18	1885	2926	1.15885167464115
GO:0032266	phosphatidylinositol-3-phosphate binding	  8	0.668338816317314	1	3	5	1897	2939	0.956052631578947
GO:0032279	asymmetric synapse	  5	1	1	0	5	1900	2939	0
GO:0032281	AMPA glutamate receptor complex	  8	0.981454138647988	1	1	7	1899	2937	0.318684210526316
GO:0032331	negative regulation of chondrocyte differentiation	 11	0.870701529418895	1	3	8	1897	2936	0.695311004784689
GO:0032332	positive regulation of chondrocyte differentiation	  9	0.753558081214978	1	3	6	1897	2938	0.849824561403509
GO:0032355	response to estradiol	 40	0.275741172915783	1	18	22	1882	2922	1.14726315789474
GO:0032391	photoreceptor connecting cilium	 12	0.539753870792073	1	5	7	1895	2937	1.06228070175439
GO:0032418	lysosome localization	  8	0.0450347774236384	0.700531030233308	6	2	1894	2942	1.91210526315789
GO:0032420	stereocilium	 14	0.700618363148246	1	5	9	1895	2935	0.910526315789474
GO:0032432	actin filament bundle	  5	0.917188765638001	1	1	4	1899	2940	0.509894736842105
GO:0032433	filopodium tip	  6	0.754612463418742	1	2	4	1898	2940	0.849824561403509
GO:0032434	regulation of proteasomal ubiquitin-dependent protein catabolic process	  6	0.949704026081852	1	1	5	1899	2939	0.424912280701754
GO:0032435	negative regulation of proteasomal ubiquitin-dependent protein catabolic process	  8	0.161693655219476	1	5	3	1895	2941	1.59342105263158
GO:0032436	positive regulation of proteasomal ubiquitin-dependent protein catabolic process	 26	0.176474552524475	1	13	13	1887	2931	1.27473684210526
GO:0032437	cuticular plate	  6	0.168500294647832	1	4	2	1896	2942	1.69964912280702
GO:0032446	protein modification by small protein conjugation	  6	0.168500294647832	1	4	2	1896	2942	1.69964912280702
GO:0032452	histone demethylase activity	  5	0.917188765638001	1	1	4	1899	2940	0.509894736842105
GO:0032456	endocytic recycling	 13	0.0875594762602301	0.790509169841492	8	5	1892	2939	1.56890688259109
GO:0032465	regulation of cytokinesis	 15	0.764593080383169	1	5	10	1895	2934	0.849824561403509
GO:0032467	positive regulation of cytokinesis	 14	0.863591930787843	1	4	10	1896	2934	0.728421052631579
GO:0032469	endoplasmic reticulum calcium ion homeostasis	  8	0.668338816317314	1	3	5	1897	2939	0.956052631578947
GO:0032482	Rab protein signal transduction	 25	0.38294373062402	1	11	14	1889	2930	1.12176842105263
GO:0032496	response to lipopolysaccharide	 66	0.634580468349542	1	25	41	1875	2903	0.965709728867624
GO:0032508	DNA duplex unwinding	 29	0.207626510120319	1	14	15	1886	2929	1.23078039927405
GO:0032509	endosome transport via multivesicular body sorting pathway	  7	0.83118932937518	1	2	5	1898	2939	0.728421052631579
GO:0032515	negative regulation of phosphoprotein phosphatase activity	 10	0.598206974532865	1	4	6	1896	2938	1.01978947368421
GO:0032526	response to retinoic acid	 27	0.794104406083542	1	9	18	1891	2926	0.849824561403509
GO:0032543	mitochondrial translation	 14	0.0512583680658518	0.700531030233308	9	5	1891	2939	1.63894736842105
GO:0032570	response to progesterone	 12	0.314255987487018	1	6	6	1894	2938	1.27473684210526
GO:0032580	Golgi cisterna membrane	 27	0.662065884052043	1	10	17	1890	2927	0.944249512670565
GO:0032587	ruffle membrane	 36	0.443634192069104	1	15	21	1885	2923	1.06228070175439
GO:0032588	trans-Golgi network membrane	 13	0.985603314389227	1	2	11	1898	2933	0.392226720647773
GO:0032590	dendrite membrane	 10	0.948919172037504	1	2	8	1898	2936	0.509894736842105
GO:0032592	integral component of mitochondrial membrane	  6	0.439579404322443	1	3	3	1897	2941	1.27473684210526
GO:0032593	insulin-responsive compartment	  6	0.439579404322443	1	3	3	1897	2941	1.27473684210526
GO:0032689	negative regulation of interferon-gamma production	  8	0.161693655219476	1	5	3	1895	2941	1.59342105263158
GO:0032691	negative regulation of interleukin-1 beta production	  7	0.563170298527647	1	3	4	1897	2940	1.09263157894737
GO:0032695	negative regulation of interleukin-12 production	  5	0.649601443719976	1	2	3	1898	2941	1.01978947368421
GO:0032700	negative regulation of interleukin-17 production	  6	0.949704026081852	1	1	5	1899	2939	0.424912280701754
GO:0032715	negative regulation of interleukin-6 production	 10	0.347440254505663	1	5	5	1895	2939	1.27473684210526
GO:0032720	negative regulation of tumor necrosis factor production	 21	0.779351019984895	1	7	14	1893	2930	0.849824561403509
GO:0032722	positive regulation of chemokine production	  6	0.0374065477785077	0.668750781505298	5	1	1895	2943	2.12456140350877
GO:0032727	positive regulation of interferon-alpha production	  5	1	1	0	5	1900	2939	0
GO:0032728	positive regulation of interferon-beta production	 10	0.993165159331209	1	1	9	1899	2935	0.254947368421053
GO:0032729	positive regulation of interferon-gamma production	 14	0.700618363148246	1	5	9	1895	2935	0.910526315789474
GO:0032731	positive regulation of interleukin-1 beta production	  6	0.754612463418742	1	2	4	1898	2940	0.849824561403509
GO:0032733	positive regulation of interleukin-10 production	  6	0.754612463418742	1	2	4	1898	2940	0.849824561403509
GO:0032735	positive regulation of interleukin-12 production	  9	1	1	0	9	1900	2935	0
GO:0032753	positive regulation of interleukin-4 production	  5	0.917188765638001	1	1	4	1899	2940	0.509894736842105
GO:0032755	positive regulation of interleukin-6 production	 15	0.572668928678401	1	6	9	1894	2935	1.01978947368421
GO:0032757	positive regulation of interleukin-8 production	  6	0.168500294647832	1	4	2	1896	2942	1.69964912280702
GO:0032760	positive regulation of tumor necrosis factor production	 18	0.894632894444347	1	5	13	1895	2931	0.708187134502924
GO:0032781	positive regulation of ATPase activity	 15	0.366140667758168	1	7	8	1893	2936	1.18975438596491
GO:0032794	GTPase activating protein binding	  7	0.563170298527647	1	3	4	1897	2940	1.09263157894737
GO:0032801	receptor catabolic process	  8	0.387889435544869	1	4	4	1896	2940	1.27473684210526
GO:0032809	neuronal cell body membrane	 11	0.966300870397195	1	2	9	1898	2935	0.463540669856459
GO:0032835	glomerulus development	  6	0.754612463418742	1	2	4	1898	2940	0.849824561403509
GO:0032836	glomerular basement membrane development	  5	0.649601443719976	1	2	3	1898	2941	1.01978947368421
GO:0032839	dendrite cytoplasm	 10	0.948919172037504	1	2	8	1898	2936	0.509894736842105
GO:0032868	response to insulin	 25	0.0661425356559395	0.790509169841492	14	11	1886	2933	1.42770526315789
GO:0032869	cellular response to insulin stimulus	 41	0.217459974825813	1	19	22	1881	2922	1.18146341463415
GO:0032870	cellular response to hormone stimulus	 21	0.155391382891492	1	11	10	1889	2934	1.33543859649123
GO:0032880	regulation of protein localization	 23	0.739137634792692	1	8	15	1892	2929	0.886773455377574
GO:0032922	circadian regulation of gene expression	 22	0.684557832950868	1	8	14	1892	2930	0.927081339712919
GO:0032924	activin receptor signaling pathway	  9	1	1	0	9	1900	2935	0
GO:0032930	positive regulation of superoxide anion generation	  8	0.668338816317314	1	3	5	1897	2939	0.956052631578947
GO:0032940	secretion by cell	  5	0.304039849485138	1	3	2	1897	2942	1.52968421052632
GO:0032956	regulation of actin cytoskeleton organization	 27	0.890830300129872	1	8	19	1892	2925	0.755399610136452
GO:0032959	inositol trisphosphate biosynthetic process	  5	0.917188765638001	1	1	4	1899	2940	0.509894736842105
GO:0032963	collagen metabolic process	  5	0.304039849485138	1	3	2	1897	2942	1.52968421052632
GO:0032964	collagen biosynthetic process	  5	0.0811044634016161	0.790509169841492	4	1	1896	2943	2.03957894736842
GO:0032967	positive regulation of collagen biosynthetic process	 16	0.261993676791498	1	8	8	1892	2936	1.27473684210526
GO:0032968	positive regulation of transcription elongation from RNA polymerase II promoter	  6	0.439579404322443	1	3	3	1897	2941	1.27473684210526
GO:0032981	mitochondrial respiratory chain complex I assembly	 16	0.00399248383776968	0.240723290218466	12	4	1888	2940	1.91210526315789
GO:0032982	myosin filament	  6	0.949704026081852	1	1	5	1899	2939	0.424912280701754
GO:0032993	protein-DNA complex	 21	0.623314316549703	1	8	13	1892	2931	0.971228070175439
GO:0033017	sarcoplasmic reticulum membrane	 12	0.758071145075746	1	4	8	1896	2936	0.849824561403509
GO:0033077	T cell differentiation in thymus	 15	0.366140667758168	1	7	8	1893	2936	1.18975438596491
GO:0033116	endoplasmic reticulum-Golgi intermediate compartment membrane	 11	0.229412856614498	1	6	5	1894	2939	1.39062200956938
GO:0033120	positive regulation of RNA splicing	  5	0.649601443719976	1	2	3	1898	2941	1.01978947368421
GO:0033130	acetylcholine receptor binding	  7	0.563170298527647	1	3	4	1897	2940	1.09263157894737
GO:0033137	negative regulation of peptidyl-serine phosphorylation	  9	0.753558081214978	1	3	6	1897	2938	0.849824561403509
GO:0033138	positive regulation of peptidyl-serine phosphorylation	 20	0.112477934287839	0.929757118105124	11	9	1889	2935	1.40221052631579
GO:0033147	negative regulation of intracellular estrogen receptor signaling pathway	  5	0.649601443719976	1	2	3	1898	2941	1.01978947368421
GO:0033189	response to vitamin A	  7	0.563170298527647	1	3	4	1897	2940	1.09263157894737
GO:0033197	response to vitamin E	  8	0.161693655219476	1	5	3	1895	2941	1.59342105263158
GO:0033198	response to ATP	  6	0.439579404322443	1	3	3	1897	2941	1.27473684210526
GO:0033209	tumor necrosis factor-mediated signaling pathway	  7	0.274791545382173	1	4	3	1896	2941	1.45684210526316
GO:0033210	leptin-mediated signaling pathway	  5	1	1	0	5	1900	2939	0
GO:0033268	node of Ranvier	  6	0.949704026081852	1	1	5	1899	2939	0.424912280701754
GO:0033270	paranode region of axon	  7	0.563170298527647	1	3	4	1897	2940	1.09263157894737
GO:0033280	response to vitamin D	  5	0.649601443719976	1	2	3	1898	2941	1.01978947368421
GO:0033290	eukaryotic 48S preinitiation complex	  8	0.00746363986022707	0.358604571409347	7	1	1893	2943	2.23078947368421
GO:0033314	mitotic DNA replication checkpoint	  5	1	1	0	5	1900	2939	0
GO:0033327	Leydig cell differentiation	  5	0.917188765638001	1	1	4	1899	2940	0.509894736842105
GO:0033344	cholesterol efflux	  8	0.387889435544869	1	4	4	1896	2940	1.27473684210526
GO:0033365	protein localization to organelle	  9	0.753558081214978	1	3	6	1897	2938	0.849824561403509
GO:0033574	response to testosterone	 17	0.334588817691767	1	8	9	1892	2935	1.19975232198142
GO:0033603	positive regulation of dopamine secretion	  5	0.917188765638001	1	1	4	1899	2940	0.509894736842105
GO:0033612	receptor serine/threonine kinase binding	  5	0.649601443719976	1	2	3	1898	2941	1.01978947368421
GO:0033613	activating transcription factor binding	 10	0.598206974532865	1	4	6	1896	2938	1.01978947368421
GO:0033619	membrane protein proteolysis	  5	0.917188765638001	1	1	4	1899	2940	0.509894736842105
GO:0033622	integrin activation	  5	0.0811044634016161	0.790509169841492	4	1	1896	2943	2.03957894736842
GO:0033625	positive regulation of integrin activation	  6	0.949704026081852	1	1	5	1899	2939	0.424912280701754
GO:0033627	cell adhesion mediated by integrin	 11	0.445796419414966	1	5	6	1895	2938	1.15885167464115
GO:0033628	regulation of cell adhesion mediated by integrin	  5	0.917188765638001	1	1	4	1899	2940	0.509894736842105
GO:0033630	positive regulation of cell adhesion mediated by integrin	  8	0.885472833727802	1	2	6	1898	2938	0.637368421052632
GO:0033631	cell-cell adhesion mediated by integrin	  5	0.649601443719976	1	2	3	1898	2941	1.01978947368421
GO:0033673	negative regulation of kinase activity	  6	1	1	0	6	1900	2938	0
GO:0033674	positive regulation of kinase activity	 21	0.779351019984895	1	7	14	1893	2930	0.849824561403509
GO:0033962	cytoplasmic mRNA processing body assembly	  5	0.917188765638001	1	1	4	1899	2940	0.509894736842105
GO:0033993	response to lipid	 15	0.572668928678401	1	6	9	1894	2935	1.01978947368421
GO:0034045	phagophore assembly site membrane	  5	0.649601443719976	1	2	3	1898	2941	1.01978947368421
GO:0034063	stress granule assembly	  8	1	1	0	8	1900	2936	0
GO:0034067	protein localization to Golgi apparatus	  7	0.274791545382173	1	4	3	1896	2941	1.45684210526316
GO:0034097	response to cytokine	 31	0.444956403086538	1	13	18	1887	2926	1.06913412563667
GO:0034101	erythrocyte homeostasis	  6	0.754612463418742	1	2	4	1898	2940	0.849824561403509
GO:0034113	heterotypic cell-cell adhesion	 12	0.144569725741978	1	7	5	1893	2939	1.48719298245614
GO:0034116	positive regulation of heterotypic cell-cell adhesion	  6	0.754612463418742	1	2	4	1898	2940	0.849824561403509
GO:0034122	negative regulation of toll-like receptor signaling pathway	 10	0.598206974532865	1	4	6	1896	2938	1.01978947368421
GO:0034145	positive regulation of toll-like receptor 4 signaling pathway	  6	0.949704026081852	1	1	5	1899	2939	0.424912280701754
GO:0034184	positive regulation of maintenance of mitotic sister chromatid cohesion	  5	0.304039849485138	1	3	2	1897	2942	1.52968421052632
GO:0034185	apolipoprotein binding	  6	0.00362418365152984	0.227436014866414	6	0	1894	2944	2.54947368421053
GO:0034198	cellular response to amino acid starvation	 19	0.484279592379304	1	8	11	1892	2933	1.07346260387812
GO:0034214	protein hexamerization	  5	0.917188765638001	1	1	4	1899	2940	0.509894736842105
GO:0034220	ion transmembrane transport	 44	0.999957363473554	1	6	38	1894	2906	0.347655502392344
GO:0034236	protein kinase A catalytic subunit binding	  6	0.439579404322443	1	3	3	1897	2941	1.27473684210526
GO:0034260	negative regulation of GTPase activity	 17	0.714557516553351	1	6	11	1894	2933	0.899814241486068
GO:0034314	Arp2/3 complex-mediated actin nucleation	  5	0.649601443719976	1	2	3	1898	2941	1.01978947368421
GO:0034332	adherens junction organization	 12	0.758071145075746	1	4	8	1896	2936	0.849824561403509
GO:0034333	adherens junction assembly	  5	0.304039849485138	1	3	2	1897	2942	1.52968421052632
GO:0034361	very-low-density lipoprotein particle	  9	0.250375871823477	1	5	4	1895	2940	1.41637426900585
GO:0034362	low-density lipoprotein particle	  6	0.754612463418742	1	2	4	1898	2940	0.849824561403509
GO:0034364	high-density lipoprotein particle	  6	0.754612463418742	1	2	4	1898	2940	0.849824561403509
GO:0034389	lipid droplet organization	  6	0.168500294647832	1	4	2	1896	2942	1.69964912280702
GO:0034394	protein localization to cell surface	  7	0.274791545382173	1	4	3	1896	2941	1.45684210526316
GO:0034399	nuclear periphery	  8	0.668338816317314	1	3	5	1897	2939	0.956052631578947
GO:0034446	substrate adhesion-dependent cell spreading	 21	0.155391382891492	1	11	10	1889	2934	1.33543859649123
GO:0034451	centriolar satellite	 15	0.764593080383169	1	5	10	1895	2934	0.849824561403509
GO:0034504	protein localization to nucleus	 16	0.817597227778807	1	5	11	1895	2933	0.796710526315789
GO:0034599	cellular response to oxidative stress	 29	0.475561762163232	1	12	17	1888	2927	1.05495462794918
GO:0034605	cellular response to heat	 17	0.947351402705217	1	4	13	1896	2931	0.599876160990712
GO:0034612	response to tumor necrosis factor	 11	0.685298720314521	1	4	7	1896	2937	0.927081339712919
GO:0034613	cellular protein localization	 21	0.957290823226915	1	5	16	1895	2928	0.607017543859649
GO:0034614	cellular response to reactive oxygen species	 11	0.445796419414966	1	5	6	1895	2938	1.15885167464115
GO:0034622	cellular protein-containing complex assembly	  9	0.988740560601839	1	1	8	1899	2936	0.28327485380117
GO:0034625	fatty acid elongation, monounsaturated fatty acid	  5	0.0811044634016161	0.790509169841492	4	1	1896	2943	2.03957894736842
GO:0034626	fatty acid elongation, polyunsaturated fatty acid	  5	0.0811044634016161	0.790509169841492	4	1	1896	2943	2.03957894736842
GO:0034629	cellular protein-containing complex localization	  5	0.304039849485138	1	3	2	1897	2942	1.52968421052632
GO:0034644	cellular response to UV	 25	0.241266586651496	1	12	13	1888	2931	1.22374736842105
GO:0034704	calcium channel complex	  5	0.917188765638001	1	1	4	1899	2940	0.509894736842105
GO:0034707	chloride channel complex	 12	0.977912046303312	1	2	10	1898	2934	0.424912280701754
GO:0034709	methylosome	  5	0.0811044634016161	0.790509169841492	4	1	1896	2943	2.03957894736842
GO:0034713	type I transforming growth factor beta receptor binding	  7	0.274791545382173	1	4	3	1896	2941	1.45684210526316
GO:0034719	SMN-Sm protein complex	  6	0.439579404322443	1	3	3	1897	2941	1.27473684210526
GO:0034720	histone H3-K4 demethylation	  5	0.649601443719976	1	2	3	1898	2941	1.01978947368421
GO:0034765	regulation of ion transmembrane transport	 34	0.998232135318059	1	6	28	1894	2916	0.449907120743034
GO:0034968	histone lysine methylation	  5	1	1	0	5	1900	2939	0
GO:0034976	response to endoplasmic reticulum stress	 28	0.0412519964354361	0.700531030233308	16	12	1884	2932	1.45684210526316
GO:0035019	somatic stem cell population maintenance	 13	0.935610071830779	1	3	10	1897	2934	0.58834008097166
GO:0035020	regulation of Rac protein signal transduction	  5	0.649601443719976	1	2	3	1898	2941	1.01978947368421
GO:0035023	regulation of Rho protein signal transduction	 27	0.794104406083542	1	9	18	1891	2926	0.849824561403509
GO:0035024	negative regulation of Rho protein signal transduction	  7	0.83118932937518	1	2	5	1898	2939	0.728421052631579
GO:0035025	positive regulation of Rho protein signal transduction	  8	0.668338816317314	1	3	5	1897	2939	0.956052631578947
GO:0035035	histone acetyltransferase binding	 17	0.860530440789414	1	5	12	1895	2932	0.74984520123839
GO:0035050	embryonic heart tube development	  8	0.981454138647988	1	1	7	1899	2937	0.318684210526316
GO:0035064	methylated histone binding	 14	0.700618363148246	1	5	9	1895	2935	0.910526315789474
GO:0035066	positive regulation of histone acetylation	  7	0.274791545382173	1	4	3	1896	2941	1.45684210526316
GO:0035091	phosphatidylinositol binding	 29	0.990230130864884	1	6	23	1894	2921	0.527477313974592
GO:0035094	response to nicotine	 19	0.998985874832772	1	2	17	1898	2927	0.268365650969529
GO:0035097	histone methyltransferase complex	 10	0.820137126935884	1	3	7	1897	2937	0.764842105263158
GO:0035098	ESC/E(Z) complex	  7	0.83118932937518	1	2	5	1898	2939	0.728421052631579
GO:0035102	PRC1 complex	  5	0.649601443719976	1	2	3	1898	2941	1.01978947368421
GO:0035108	limb morphogenesis	 11	0.995851588224611	1	1	10	1899	2934	0.23177033492823
GO:0035115	embryonic forelimb morphogenesis	 17	0.997511736725573	1	2	15	1898	2929	0.299938080495356
GO:0035116	embryonic hindlimb morphogenesis	 16	0.978914829710732	1	3	13	1897	2931	0.478026315789474
GO:0035136	forelimb morphogenesis	  5	1	1	0	5	1900	2939	0
GO:0035137	hindlimb morphogenesis	  5	1	1	0	5	1900	2939	0
GO:0035145	exon-exon junction complex	  5	1	1	0	5	1900	2939	0
GO:0035162	embryonic hemopoiesis	  5	0.649601443719976	1	2	3	1898	2941	1.01978947368421
GO:0035176	social behavior	 10	0.948919172037504	1	2	8	1898	2936	0.509894736842105
GO:0035198	miRNA binding	  9	0.250375871823477	1	5	4	1895	2940	1.41637426900585
GO:0035235	ionotropic glutamate receptor signaling pathway	 10	0.993165159331209	1	1	9	1899	2935	0.254947368421053
GO:0035249	synaptic transmission, glutamatergic	 13	0.985603314389227	1	2	11	1898	2933	0.392226720647773
GO:0035253	ciliary rootlet	  5	0.917188765638001	1	1	4	1899	2940	0.509894736842105
GO:0035255	ionotropic glutamate receptor binding	 13	0.817028054319387	1	4	9	1896	2935	0.784453441295547
GO:0035257	nuclear hormone receptor binding	 10	0.598206974532865	1	4	6	1896	2938	1.01978947368421
GO:0035259	glucocorticoid receptor binding	 10	0.820137126935884	1	3	7	1897	2937	0.764842105263158
GO:0035264	multicellular organism growth	 37	0.957876574202167	1	10	27	1890	2917	0.689046941678521
GO:0035267	NuA4 histone acetyltransferase complex	  5	0.304039849485138	1	3	2	1897	2942	1.52968421052632
GO:0035307	positive regulation of protein dephosphorylation	 10	0.820137126935884	1	3	7	1897	2937	0.764842105263158
GO:0035313	wound healing, spreading of epidermal cells	  9	0.497900286521984	1	4	5	1896	2939	1.13309941520468
GO:0035327	transcriptionally active chromatin	 10	0.598206974532865	1	4	6	1896	2938	1.01978947368421
GO:0035329	hippo signaling	  9	0.250375871823477	1	5	4	1895	2940	1.41637426900585
GO:0035335	peptidyl-tyrosine dephosphorylation	 26	0.296802615903229	1	12	14	1888	2930	1.17668016194332
GO:0035338	long-chain fatty-acyl-CoA biosynthetic process	  6	0.0374065477785077	0.668750781505298	5	1	1895	2943	2.12456140350877
GO:0035371	microtubule plus-end	  7	0.83118932937518	1	2	5	1898	2939	0.728421052631579
GO:0035374	chondroitin sulfate binding	  5	0.0811044634016161	0.790509169841492	4	1	1896	2943	2.03957894736842
GO:0035418	protein localization to synapse	  6	0.754612463418742	1	2	4	1898	2940	0.849824561403509
GO:0035457	cellular response to interferon-alpha	  7	0.83118932937518	1	2	5	1898	2939	0.728421052631579
GO:0035458	cellular response to interferon-beta	  6	0.949704026081852	1	1	5	1899	2939	0.424912280701754
GO:0035493	SNARE complex assembly	  6	0.168500294647832	1	4	2	1896	2942	1.69964912280702
GO:0035497	cAMP response element binding	 10	0.820137126935884	1	3	7	1897	2937	0.764842105263158
GO:0035563	positive regulation of chromatin binding	  6	0.754612463418742	1	2	4	1898	2940	0.849824561403509
GO:0035567	non-canonical Wnt signaling pathway	  5	1	1	0	5	1900	2939	0
GO:0035584	calcium-mediated signaling using intracellular calcium source	  8	0.668338816317314	1	3	5	1897	2939	0.956052631578947
GO:0035613	RNA stem-loop binding	  6	1	1	0	6	1900	2938	0
GO:0035641	locomotory exploration behavior	  5	0.917188765638001	1	1	4	1899	2940	0.509894736842105
GO:0035690	cellular response to drug	 22	0.105553122618454	0.896618375833556	12	10	1888	2934	1.39062200956938
GO:0035725	sodium ion transmembrane transport	 16	0.817597227778807	1	5	11	1895	2933	0.796710526315789
GO:0035729	cellular response to hepatocyte growth factor stimulus	  6	0.439579404322443	1	3	3	1897	2941	1.27473684210526
GO:0035748	myelin sheath abaxonal region	  6	0.0374065477785077	0.668750781505298	5	1	1895	2943	2.12456140350877
GO:0035767	endothelial cell chemotaxis	  5	0.649601443719976	1	2	3	1898	2941	1.01978947368421
GO:0035770	ribonucleoprotein granule	  7	0.563170298527647	1	3	4	1897	2940	1.09263157894737
GO:0035774	positive regulation of insulin secretion involved in cellular response to glucose stimulus	 13	0.625418099277554	1	5	8	1895	2936	0.980566801619433
GO:0035810	positive regulation of urine volume	  6	0.949704026081852	1	1	5	1899	2939	0.424912280701754
GO:0035815	positive regulation of renal sodium excretion	  5	0.649601443719976	1	2	3	1898	2941	1.01978947368421
GO:0035855	megakaryocyte development	  5	0.649601443719976	1	2	3	1898	2941	1.01978947368421
GO:0035861	site of double-strand break	 22	0.347022570077142	1	10	12	1890	2932	1.15885167464115
GO:0035869	ciliary transition zone	 10	0.820137126935884	1	3	7	1897	2937	0.764842105263158
GO:0035902	response to immobilization stress	  6	0.168500294647832	1	4	2	1896	2942	1.69964912280702
GO:0035904	aorta development	 11	0.0256931690677788	0.612453448708682	8	3	1892	2941	1.85416267942584
GO:0035909	aorta morphogenesis	  5	0.917188765638001	1	1	4	1899	2940	0.509894736842105
GO:0035914	skeletal muscle cell differentiation	 24	0.890894096656898	1	7	17	1893	2927	0.74359649122807
GO:0035924	cellular response to vascular endothelial growth factor stimulus	 11	0.229412856614498	1	6	5	1894	2939	1.39062200956938
GO:0035925	mRNA 3	  9	0.250375871823477	1	5	4	1895	2940	1.41637426900585
GO:0035987	endodermal cell differentiation	 18	0.0169507007899768	0.492429936432315	12	6	1888	2938	1.69964912280702
GO:0035988	chondrocyte proliferation	  6	0.168500294647832	1	4	2	1896	2942	1.69964912280702
GO:0036002	pre-mRNA binding	  6	0.754612463418742	1	2	4	1898	2940	0.849824561403509
GO:0036064	ciliary basal body	 32	0.502248186192593	1	13	19	1887	2925	1.03572368421053
GO:0036065	fucosylation	  5	0.917188765638001	1	1	4	1899	2940	0.509894736842105
GO:0036066	protein O-linked fucosylation	  6	0.949704026081852	1	1	5	1899	2939	0.424912280701754
GO:0036120	cellular response to platelet-derived growth factor stimulus	  9	0.0907478819362753	0.790509169841492	6	3	1894	2941	1.69964912280702
GO:0036122	BMP binding	  5	1	1	0	5	1900	2939	0
GO:0036126	sperm flagellum	 12	0.977912046303312	1	2	10	1898	2934	0.424912280701754
GO:0036297	interstrand cross-link repair	  5	0.304039849485138	1	3	2	1897	2942	1.52968421052632
GO:0036342	post-anal tail morphogenesis	  8	0.885472833727802	1	2	6	1898	2938	0.637368421052632
GO:0036459	thiol-dependent ubiquitinyl hydrolase activity	 24	0.786805098890883	1	8	16	1892	2928	0.849824561403509
GO:0036464	cytoplasmic ribonucleoprotein granule	 25	0.38294373062402	1	11	14	1889	2930	1.12176842105263
GO:0036477	somatodendritic compartment	  5	0.649601443719976	1	2	3	1898	2941	1.01978947368421
GO:0038023	signaling receptor activity	 48	0.90224578818446	1	15	33	1885	2911	0.79671052631579
GO:0038024	cargo receptor activity	  5	0.649601443719976	1	2	3	1898	2941	1.01978947368421
GO:0038063	collagen-activated tyrosine kinase receptor signaling pathway	  5	0.649601443719976	1	2	3	1898	2941	1.01978947368421
GO:0038083	peptidyl-tyrosine autophosphorylation	  6	0.754612463418742	1	2	4	1898	2940	0.849824561403509
GO:0038084	vascular endothelial growth factor signaling pathway	  7	0.274791545382173	1	4	3	1896	2941	1.45684210526316
GO:0038092	nodal signaling pathway	  5	0.917188765638001	1	1	4	1899	2940	0.509894736842105
GO:0039706	co-receptor binding	  5	0.304039849485138	1	3	2	1897	2942	1.52968421052632
GO:0040008	regulation of growth	 27	0.508518661199015	1	11	16	1889	2928	1.03867446393762
GO:0040014	regulation of multicellular organism growth	  8	0.668338816317314	1	3	5	1897	2939	0.956052631578947
GO:0040015	negative regulation of multicellular organism growth	  8	0.885472833727802	1	2	6	1898	2938	0.637368421052632
GO:0040018	positive regulation of multicellular organism growth	 20	0.981298275115242	1	4	16	1896	2928	0.509894736842105
GO:0040019	positive regulation of embryonic development	  6	0.168500294647832	1	4	2	1896	2942	1.69964912280702
GO:0040037	negative regulation of fibroblast growth factor receptor signaling pathway	  8	0.668338816317314	1	3	5	1897	2939	0.956052631578947
GO:0042026	protein refolding	  6	0.0374065477785077	0.668750781505298	5	1	1895	2943	2.12456140350877
GO:0042043	neurexin family protein binding	  5	0.649601443719976	1	2	3	1898	2941	1.01978947368421
GO:0042054	histone methyltransferase activity	  5	0.649601443719976	1	2	3	1898	2941	1.01978947368421
GO:0042056	chemoattractant activity	 12	0.144569725741978	1	7	5	1893	2939	1.48719298245614
GO:0042059	negative regulation of epidermal growth factor receptor signaling pathway	  5	0.304039849485138	1	3	2	1897	2942	1.52968421052632
GO:0042060	wound healing	 50	0.288998179836492	1	22	28	1878	2916	1.12176842105263
GO:0042073	intraciliary transport	 13	0.935610071830779	1	3	10	1897	2934	0.58834008097166
GO:0042074	cell migration involved in gastrulation	  5	0.917188765638001	1	1	4	1899	2940	0.509894736842105
GO:0042098	T cell proliferation	 12	0.539753870792073	1	5	7	1895	2937	1.06228070175439
GO:0042102	positive regulation of T cell proliferation	 20	0.859813452414517	1	6	14	1894	2930	0.764842105263158
GO:0042104	positive regulation of activated T cell proliferation	 15	0.366140667758168	1	7	8	1893	2936	1.18975438596491
GO:0042110	T cell activation	 10	0.598206974532865	1	4	6	1896	2938	1.01978947368421
GO:0042113	B cell activation	  7	0.969456475532965	1	1	6	1899	2938	0.364210526315789
GO:0042118	endothelial cell activation	  7	0.83118932937518	1	2	5	1898	2939	0.728421052631579
GO:0042127	regulation of cell population proliferation	 69	0.270949412817759	1	30	39	1870	2905	1.10846681922197
GO:0042130	negative regulation of T cell proliferation	 12	0.977912046303312	1	2	10	1898	2934	0.424912280701754
GO:0042147	retrograde transport, endosome to Golgi	 18	0.240790015246695	1	9	9	1891	2935	1.27473684210526
GO:0042149	cellular response to glucose starvation	 20	0.376504537717979	1	9	11	1891	2933	1.14726315789474
GO:0042162	telomeric DNA binding	 11	0.445796419414966	1	5	6	1895	2938	1.15885167464115
GO:0042166	acetylcholine binding	  5	0.917188765638001	1	1	4	1899	2940	0.509894736842105
GO:0042169	SH2 domain binding	 13	0.935610071830779	1	3	10	1897	2934	0.58834008097166
GO:0042176	regulation of protein catabolic process	  6	0.168500294647832	1	4	2	1896	2942	1.69964912280702
GO:0042177	negative regulation of protein catabolic process	 14	0.490057624310308	1	6	8	1894	2936	1.09263157894737
GO:0042178	xenobiotic catabolic process	  6	0.0374065477785077	0.668750781505298	5	1	1895	2943	2.12456140350877
GO:0042220	response to cocaine	 16	0.647983956112763	1	6	10	1894	2934	0.956052631578947
GO:0042246	tissue regeneration	  9	0.00325947262962911	0.227436014866414	8	1	1892	2943	2.26619883040936
GO:0042254	ribosome biogenesis	 34	0.00226522218521312	0.213307048823817	22	12	1878	2932	1.64965944272446
GO:0042273	ribosomal large subunit biogenesis	 10	0.0490388104662654	0.700531030233308	7	3	1893	2941	1.78463157894737
GO:0042277	peptide binding	 42	0.258169076990386	1	19	23	1881	2921	1.15333333333333
GO:0042307	positive regulation of protein import into nucleus	 13	0.00655596906365367	0.331042047224475	10	3	1890	2941	1.96113360323887
GO:0042308	negative regulation of protein import into nucleus	  5	0.917188765638001	1	1	4	1899	2940	0.509894736842105
GO:0042310	vasoconstriction	  7	0.969456475532965	1	1	6	1899	2938	0.364210526315789
GO:0042311	vasodilation	  6	1	1	0	6	1900	2938	0
GO:0042325	regulation of phosphorylation	  5	0.649601443719976	1	2	3	1898	2941	1.01978947368421
GO:0042326	negative regulation of phosphorylation	  6	0.754612463418742	1	2	4	1898	2940	0.849824561403509
GO:0042327	positive regulation of phosphorylation	 12	0.144569725741978	1	7	5	1893	2939	1.48719298245614
GO:0042383	sarcolemma	 59	0.183388531652979	1	27	32	1873	2912	1.16670829616414
GO:0042391	regulation of membrane potential	 26	0.991923499422145	1	5	21	1895	2923	0.490283400809717
GO:0042393	histone binding	 40	0.108487240620546	0.911470669148029	20	20	1880	2924	1.27473684210526
GO:0042405	nuclear inclusion body	  6	0.754612463418742	1	2	4	1898	2940	0.849824561403509
GO:0042407	cristae formation	  6	0.168500294647832	1	4	2	1896	2942	1.69964912280702
GO:0042416	dopamine biosynthetic process	  5	1	1	0	5	1900	2939	0
GO:0042417	dopamine metabolic process	  7	0.83118932937518	1	2	5	1898	2939	0.728421052631579
GO:0042462	eye photoreceptor cell development	  5	0.917188765638001	1	1	4	1899	2940	0.509894736842105
GO:0042470	melanosome	 39	0.000459768138719205	0.125138090274984	26	13	1874	2931	1.69964912280702
GO:0042472	inner ear morphogenesis	 19	0.921262123766574	1	5	14	1895	2930	0.670914127423823
GO:0042474	middle ear morphogenesis	  8	0.387889435544869	1	4	4	1896	2940	1.27473684210526
GO:0042475	odontogenesis of dentin-containing tooth	 26	0.176474552524475	1	13	13	1887	2931	1.27473684210526
GO:0042476	odontogenesis	 15	0.194844407752021	1	8	7	1892	2937	1.35971929824561
GO:0042531	positive regulation of tyrosine phosphorylation of STAT protein	 16	0.926922941077969	1	4	12	1896	2932	0.637368421052632
GO:0042535	positive regulation of tumor necrosis factor biosynthetic process	  9	0.753558081214978	1	3	6	1897	2938	0.849824561403509
GO:0042542	response to hydrogen peroxide	 24	0.190133270384047	1	12	12	1888	2932	1.27473684210526
GO:0042551	neuron maturation	  9	1	1	0	9	1900	2935	0
GO:0042552	myelination	 22	0.684557832950868	1	8	14	1892	2930	0.927081339712919
GO:0042562	hormone binding	  7	0.563170298527647	1	3	4	1897	2940	1.09263157894737
GO:0042572	retinol metabolic process	 11	0.229412856614498	1	6	5	1894	2939	1.39062200956938
GO:0042573	retinoic acid metabolic process	  8	0.668338816317314	1	3	5	1897	2939	0.956052631578947
GO:0042574	retinal metabolic process	  7	0.83118932937518	1	2	5	1898	2939	0.728421052631579
GO:0042577	lipid phosphatase activity	  5	0.304039849485138	1	3	2	1897	2942	1.52968421052632
GO:0042581	specific granule	  7	0.83118932937518	1	2	5	1898	2939	0.728421052631579
GO:0042593	glucose homeostasis	 38	0.931635565302161	1	11	27	1889	2917	0.738005540166205
GO:0042594	response to starvation	 19	0.029792270175112	0.645149512594856	12	7	1888	2937	1.61019390581717
GO:0042623	ATPase activity, coupled	  7	0.83118932937518	1	2	5	1898	2939	0.728421052631579
GO:0042626	ATPase-coupled transmembrane transporter activity	 13	0.935610071830779	1	3	10	1897	2934	0.58834008097166
GO:0042627	chylomicron	  5	0.917188765638001	1	1	4	1899	2940	0.509894736842105
GO:0042629	mast cell granule	  6	0.949704026081852	1	1	5	1899	2939	0.424912280701754
GO:0042632	cholesterol homeostasis	 27	0.355343292648724	1	12	15	1888	2929	1.13309941520468
GO:0042633	hair cycle	  6	0.754612463418742	1	2	4	1898	2940	0.849824561403509
GO:0042645	mitochondrial nucleoid	 18	0.119858271310697	0.972464866175182	10	8	1890	2936	1.41637426900585
GO:0042692	muscle cell differentiation	  6	0.949704026081852	1	1	5	1899	2939	0.424912280701754
GO:0042698	ovulation cycle	  5	0.917188765638001	1	1	4	1899	2940	0.509894736842105
GO:0042711	maternal behavior	  6	0.949704026081852	1	1	5	1899	2939	0.424912280701754
GO:0042733	embryonic digit morphogenesis	 24	0.890894096656898	1	7	17	1893	2927	0.74359649122807
GO:0042734	presynaptic membrane	 23	0.977598529233503	1	5	18	1895	2926	0.554233409610984
GO:0042742	defense response to bacterium	 31	0.984626365356537	1	7	24	1893	2920	0.575687606112054
GO:0042752	regulation of circadian rhythm	 21	0.446954511259723	1	9	12	1891	2932	1.09263157894737
GO:0042755	eating behavior	 11	0.995851588224611	1	1	10	1899	2934	0.23177033492823
GO:0042761	very long-chain fatty acid biosynthetic process	  6	0.0374065477785077	0.668750781505298	5	1	1895	2943	2.12456140350877
GO:0042771	intrinsic apoptotic signaling pathway in response to DNA damage by p53 class mediator	 11	0.445796419414966	1	5	6	1895	2938	1.15885167464115
GO:0042775	mitochondrial ATP synthesis coupled electron transport	  5	0.0811044634016161	0.790509169841492	4	1	1896	2943	2.03957894736842
GO:0042800	histone methyltransferase activity (H3-K4 specific)	  5	0.917188765638001	1	1	4	1899	2940	0.509894736842105
GO:0042805	actinin binding	  5	0.649601443719976	1	2	3	1898	2941	1.01978947368421
GO:0042813	Wnt-activated receptor activity	 10	0.598206974532865	1	4	6	1896	2938	1.01978947368421
GO:0042826	histone deacetylase binding	 39	0.720133165579775	1	14	25	1886	2919	0.915195681511471
GO:0042832	defense response to protozoan	  8	0.981454138647988	1	1	7	1899	2937	0.318684210526316
GO:0042923	neuropeptide binding	  8	1	1	0	8	1900	2936	0
GO:0042981	regulation of apoptotic process	 60	0.298294092071019	1	26	34	1874	2910	1.10477192982456
GO:0042989	sequestering of actin monomers	  5	0.649601443719976	1	2	3	1898	2941	1.01978947368421
GO:0043001	Golgi to plasma membrane protein transport	 11	0.445796419414966	1	5	6	1895	2938	1.15885167464115
GO:0043008	ATP-dependent protein binding	  6	0.168500294647832	1	4	2	1896	2942	1.69964912280702
GO:0043010	camera-type eye development	 29	0.864399854201185	1	9	20	1891	2924	0.791215970961887
GO:0043011	myeloid dendritic cell differentiation	  7	1	1	0	7	1900	2937	0
GO:0043014	alpha-tubulin binding	 15	0.0844379316908582	0.790509169841492	9	6	1891	2938	1.52968421052632
GO:0043015	gamma-tubulin binding	  7	0.274791545382173	1	4	3	1896	2941	1.45684210526316
GO:0043021	ribonucleoprotein complex binding	 16	0.127695138712544	1	9	7	1891	2937	1.43407894736842
GO:0043022	ribosome binding	 18	0.409627859647824	1	8	10	1892	2934	1.13309941520468
GO:0043024	ribosomal small subunit binding	  6	1	1	0	6	1900	2938	0
GO:0043027	cysteine-type endopeptidase inhibitor activity involved in apoptotic process	 12	0.908244990866611	1	3	9	1897	2935	0.637368421052632
GO:0043029	T cell homeostasis	 10	0.948919172037504	1	2	8	1898	2936	0.509894736842105
GO:0043032	positive regulation of macrophage activation	  5	0.304039849485138	1	3	2	1897	2942	1.52968421052632
GO:0043034	costamere	  8	0.981454138647988	1	1	7	1899	2937	0.318684210526316
GO:0043039	tRNA aminoacylation	  6	0.0374065477785077	0.668750781505298	5	1	1895	2943	2.12456140350877
GO:0043044	ATP-dependent chromatin remodeling	  8	0.387889435544869	1	4	4	1896	2940	1.27473684210526
GO:0043069	negative regulation of programmed cell death	  5	0.304039849485138	1	3	2	1897	2942	1.52968421052632
GO:0043083	synaptic cleft	  5	0.0811044634016161	0.790509169841492	4	1	1896	2943	2.03957894736842
GO:0043085	positive regulation of catalytic activity	 23	0.86053480564181	1	7	16	1893	2928	0.775926773455378
GO:0043086	negative regulation of catalytic activity	 17	0.0809138013204091	0.790509169841492	10	7	1890	2937	1.49969040247678
GO:0043087	regulation of GTPase activity	 24	0.95345069278584	1	6	18	1894	2926	0.637368421052632
GO:0043113	receptor clustering	 13	0.0875594762602301	0.790509169841492	8	5	1892	2939	1.56890688259109
GO:0043116	negative regulation of vascular permeability	  8	0.387889435544869	1	4	4	1896	2940	1.27473684210526
GO:0043123	positive regulation of I-kappaB kinase/NF-kappaB signaling	 30	0.801189062250472	1	10	20	1890	2924	0.849824561403509
GO:0043124	negative regulation of I-kappaB kinase/NF-kappaB signaling	 13	0.935610071830779	1	3	10	1897	2934	0.58834008097166
GO:0043129	surfactant homeostasis	  6	0.168500294647832	1	4	2	1896	2942	1.69964912280702
GO:0043130	ubiquitin binding	 25	0.699935595853847	1	9	16	1891	2928	0.91781052631579
GO:0043138	3	  6	0.168500294647832	1	4	2	1896	2942	1.69964912280702
GO:0043153	entrainment of circadian clock by photoperiod	  7	0.563170298527647	1	3	4	1897	2940	1.09263157894737
GO:0043154	negative regulation of cysteine-type endopeptidase activity involved in apoptotic process	 33	0.557968374250851	1	13	20	1887	2924	1.00433811802233
GO:0043161	proteasome-mediated ubiquitin-dependent protein catabolic process	 55	0.922407206687146	1	17	38	1883	2906	0.788019138755981
GO:0043162	ubiquitin-dependent protein catabolic process via the multivesicular body sorting pathway	  6	0.439579404322443	1	3	3	1897	2941	1.27473684210526
GO:0043171	peptide catabolic process	  7	0.563170298527647	1	3	4	1897	2940	1.09263157894737
GO:0043186	P granule	  5	0.917188765638001	1	1	4	1899	2940	0.509894736842105
GO:0043194	axon initial segment	  5	1	1	0	5	1900	2939	0
GO:0043195	terminal bouton	 24	0.890894096656898	1	7	17	1893	2927	0.74359649122807
GO:0043197	dendritic spine	 68	0.903377065640401	1	22	46	1878	2898	0.824829721362229
GO:0043198	dendritic shaft	 22	0.917652394680963	1	6	16	1894	2928	0.695311004784689
GO:0043200	response to amino acid	 13	0.402691105215304	1	6	7	1894	2937	1.17668016194332
GO:0043202	lysosomal lumen	  8	0.0450347774236384	0.700531030233308	6	2	1894	2942	1.91210526315789
GO:0043203	axon hillock	  7	0.83118932937518	1	2	5	1898	2939	0.728421052631579
GO:0043204	perikaryon	 66	0.80436979939107	1	23	43	1877	2901	0.888452950558214
GO:0043209	myelin sheath	 64	0.000332463596923848	0.102232556054083	39	25	1861	2919	1.55358552631579
GO:0043220	Schmidt-Lanterman incisure	  8	0.668338816317314	1	3	5	1897	2939	0.956052631578947
GO:0043235	receptor complex	 74	0.861626634063048	1	25	49	1875	2895	0.861308677098151
GO:0043236	laminin binding	 11	0.229412856614498	1	6	5	1894	2939	1.39062200956938
GO:0043248	proteasome assembly	  7	0.0887818565970774	0.790509169841492	5	2	1895	2942	1.82105263157895
GO:0043254	regulation of protein-containing complex assembly	  5	0.917188765638001	1	1	4	1899	2940	0.509894736842105
GO:0043268	positive regulation of potassium ion transport	  7	0.274791545382173	1	4	3	1896	2941	1.45684210526316
GO:0043274	phospholipase binding	  7	0.83118932937518	1	2	5	1898	2939	0.728421052631579
GO:0043277	apoptotic cell clearance	 11	0.685298720314521	1	4	7	1896	2937	0.927081339712919
GO:0043278	response to morphine	 16	0.647983956112763	1	6	10	1894	2934	0.956052631578947
GO:0043280	positive regulation of cysteine-type endopeptidase activity involved in apoptotic process	 15	0.969166350592089	1	3	12	1897	2932	0.509894736842105
GO:0043292	contractile fiber	 10	0.598206974532865	1	4	6	1896	2938	1.01978947368421
GO:0043295	glutathione binding	  9	0.0221782251673199	0.562734580302472	7	2	1893	2942	1.98292397660819
GO:0043296	apical junction complex	  6	0.949704026081852	1	1	5	1899	2939	0.424912280701754
GO:0043306	positive regulation of mast cell degranulation	  6	0.754612463418742	1	2	4	1898	2940	0.849824561403509
GO:0043325	phosphatidylinositol-3,4-bisphosphate binding	  9	0.92316276301718	1	2	7	1898	2937	0.566549707602339
GO:0043353	enucleate erythrocyte differentiation	  5	0.917188765638001	1	1	4	1899	2940	0.509894736842105
GO:0043388	positive regulation of DNA binding	 16	0.447143882954465	1	7	9	1893	2935	1.11539473684211
GO:0043392	negative regulation of DNA binding	 14	0.286202413088633	1	7	7	1893	2937	1.27473684210526
GO:0043393	regulation of protein binding	  9	0.250375871823477	1	5	4	1895	2940	1.41637426900585
GO:0043394	proteoglycan binding	  8	0.161693655219476	1	5	3	1895	2941	1.59342105263158
GO:0043395	heparan sulfate proteoglycan binding	  7	0.274791545382173	1	4	3	1896	2941	1.45684210526316
GO:0043401	steroid hormone mediated signaling pathway	 20	0.995662993141759	1	3	17	1897	2927	0.382421052631579
GO:0043403	skeletal muscle tissue regeneration	 11	0.445796419414966	1	5	6	1895	2938	1.15885167464115
GO:0043406	positive regulation of MAP kinase activity	 16	0.261993676791498	1	8	8	1892	2936	1.27473684210526
GO:0043407	negative regulation of MAP kinase activity	 11	0.229412856614498	1	6	5	1894	2939	1.39062200956938
GO:0043408	regulation of MAPK cascade	 10	0.598206974532865	1	4	6	1896	2938	1.01978947368421
GO:0043409	negative regulation of MAPK cascade	  7	0.274791545382173	1	4	3	1896	2941	1.45684210526316
GO:0043410	positive regulation of MAPK cascade	 38	0.676680939762146	1	14	24	1886	2920	0.939279778393352
GO:0043422	protein kinase B binding	  5	0.917188765638001	1	1	4	1899	2940	0.509894736842105
GO:0043425	bHLH transcription factor binding	 15	0.999437770748635	1	1	14	1899	2930	0.169964912280702
GO:0043433	negative regulation of DNA-binding transcription factor activity	 28	0.568764509484717	1	11	17	1889	2927	1.00157894736842
GO:0043434	response to peptide hormone	 37	0.629629885941057	1	14	23	1886	2921	0.964665718349929
GO:0043473	pigmentation	 15	0.764593080383169	1	5	10	1895	2934	0.849824561403509
GO:0043484	regulation of RNA splicing	 19	0.998985874832772	1	2	17	1898	2927	0.268365650969529
GO:0043488	regulation of mRNA stability	  9	0.497900286521984	1	4	5	1896	2939	1.13309941520468
GO:0043491	protein kinase B signaling	 15	0.0844379316908582	0.790509169841492	9	6	1891	2938	1.52968421052632
GO:0043507	positive regulation of JUN kinase activity	 13	0.625418099277554	1	5	8	1895	2936	0.980566801619433
GO:0043508	negative regulation of JUN kinase activity	  7	0.83118932937518	1	2	5	1898	2939	0.728421052631579
GO:0043517	positive regulation of DNA damage response, signal transduction by p53 class mediator	  5	0.917188765638001	1	1	4	1899	2940	0.509894736842105
GO:0043518	negative regulation of DNA damage response, signal transduction by p53 class mediator	 11	0.229412856614498	1	6	5	1894	2939	1.39062200956938
GO:0043522	leucine zipper domain binding	  5	0.649601443719976	1	2	3	1898	2941	1.01978947368421
GO:0043523	regulation of neuron apoptotic process	  7	0.563170298527647	1	3	4	1897	2940	1.09263157894737
GO:0043524	negative regulation of neuron apoptotic process	 55	0.395021427452062	1	23	32	1877	2912	1.06614354066986
GO:0043525	positive regulation of neuron apoptotic process	 25	0.544010903471796	1	10	15	1890	2929	1.01978947368421
GO:0043531	ADP binding	  6	0.439579404322443	1	3	3	1897	2941	1.27473684210526
GO:0043534	blood vessel endothelial cell migration	  5	0.304039849485138	1	3	2	1897	2942	1.52968421052632
GO:0043536	positive regulation of blood vessel endothelial cell migration	 15	0.00779039262835021	0.368545497418106	11	4	1889	2940	1.86961403508772
GO:0043537	negative regulation of blood vessel endothelial cell migration	  7	0.563170298527647	1	3	4	1897	2940	1.09263157894737
GO:0043539	protein serine/threonine kinase activator activity	  7	0.83118932937518	1	2	5	1898	2939	0.728421052631579
GO:0043542	endothelial cell migration	  9	0.753558081214978	1	3	6	1897	2938	0.849824561403509
GO:0043546	molybdopterin cofactor binding	  5	0.649601443719976	1	2	3	1898	2941	1.01978947368421
GO:0043547	positive regulation of GTPase activity	 86	0.918890012635848	1	28	58	1872	2886	0.830061199510404
GO:0043548	phosphatidylinositol 3-kinase binding	 13	0.817028054319387	1	4	9	1896	2935	0.784453441295547
GO:0043551	regulation of phosphatidylinositol 3-kinase activity	  8	0.981454138647988	1	1	7	1899	2937	0.318684210526316
GO:0043552	positive regulation of phosphatidylinositol 3-kinase activity	 10	0.948919172037504	1	2	8	1898	2936	0.509894736842105
GO:0043567	regulation of insulin-like growth factor receptor signaling pathway	  6	0.168500294647832	1	4	2	1896	2942	1.69964912280702
GO:0043568	positive regulation of insulin-like growth factor receptor signaling pathway	  5	0.304039849485138	1	3	2	1897	2942	1.52968421052632
GO:0043586	tongue development	  5	0.917188765638001	1	1	4	1899	2940	0.509894736842105
GO:0043588	skin development	 20	0.112477934287839	0.929757118105124	11	9	1889	2935	1.40221052631579
GO:0043589	skin morphogenesis	  9	0.250375871823477	1	5	4	1895	2940	1.41637426900585
GO:0043621	protein self-association	 24	0.983953223035519	1	5	19	1895	2925	0.531140350877193
GO:0043627	response to estrogen	 31	0.193055201806107	1	15	16	1885	2928	1.23361629881155
GO:0043651	linoleic acid metabolic process	  5	0.649601443719976	1	2	3	1898	2941	1.01978947368421
GO:0043653	mitochondrial fragmentation involved in apoptotic process	  6	0.168500294647832	1	4	2	1896	2942	1.69964912280702
GO:0043666	regulation of phosphoprotein phosphatase activity	 19	0.667415580666289	1	7	12	1893	2932	0.939279778393352
GO:0043679	axon terminus	 31	0.960611045507694	1	8	23	1892	2921	0.657928692699491
GO:0043922	negative regulation by host of viral transcription	  6	0.168500294647832	1	4	2	1896	2942	1.69964912280702
GO:0043923	positive regulation by host of viral transcription	 10	0.15331148914129	1	6	4	1894	2940	1.52968421052632
GO:0043928	exonucleolytic catabolism of deadenylated mRNA	  5	0.649601443719976	1	2	3	1898	2941	1.01978947368421
GO:0043950	positive regulation of cAMP-mediated signaling	  7	1	1	0	7	1900	2937	0
GO:0043966	histone H3 acetylation	 12	0.0508393666076445	0.700531030233308	8	4	1892	2940	1.69964912280702
GO:0043967	histone H4 acetylation	 11	0.229412856614498	1	6	5	1894	2939	1.39062200956938
GO:0043968	histone H2A acetylation	  5	0.304039849485138	1	3	2	1897	2942	1.52968421052632
GO:0043981	histone H4-K5 acetylation	  5	0.304039849485138	1	3	2	1897	2942	1.52968421052632
GO:0043982	histone H4-K8 acetylation	  5	0.304039849485138	1	3	2	1897	2942	1.52968421052632
GO:0043984	histone H4-K16 acetylation	  5	0.304039849485138	1	3	2	1897	2942	1.52968421052632
GO:0044030	regulation of DNA methylation	  6	0.949704026081852	1	1	5	1899	2939	0.424912280701754
GO:0044183	protein folding chaperone	  8	0.668338816317314	1	3	5	1897	2939	0.956052631578947
GO:0044212	transcription regulatory region DNA binding	 94	0.996546453336586	1	25	69	1875	2875	0.678051511758119
GO:0044255	cellular lipid metabolic process	  6	0.754612463418742	1	2	4	1898	2940	0.849824561403509
GO:0044291	cell-cell contact zone	  8	0.161693655219476	1	5	3	1895	2941	1.59342105263158
GO:0044295	axonal growth cone	 11	0.685298720314521	1	4	7	1896	2937	0.927081339712919
GO:0044297	cell body	 53	0.220442291262246	1	24	29	1876	2915	1.15447864945382
GO:0044306	neuron projection terminus	  8	1	1	0	8	1900	2936	0
GO:0044319	wound healing, spreading of cells	  6	0.168500294647832	1	4	2	1896	2942	1.69964912280702
GO:0044320	cellular response to leptin stimulus	  6	0.949704026081852	1	1	5	1899	2939	0.424912280701754
GO:0044321	response to leptin	  6	1	1	0	6	1900	2938	0
GO:0044325	ion channel binding	 45	0.74304827111028	1	16	29	1884	2915	0.906479532163743
GO:0044331	cell-cell adhesion mediated by cadherin	  5	0.304039849485138	1	3	2	1897	2942	1.52968421052632
GO:0044342	type B pancreatic cell proliferation	  6	0.168500294647832	1	4	2	1896	2942	1.69964912280702
GO:0044344	cellular response to fibroblast growth factor stimulus	 12	0.539753870792073	1	5	7	1895	2937	1.06228070175439
GO:0044389	ubiquitin-like protein ligase binding	  8	0.387889435544869	1	4	4	1896	2940	1.27473684210526
GO:0044548	S100 protein binding	  5	0.649601443719976	1	2	3	1898	2941	1.01978947368421
GO:0044615	nuclear pore nuclear basket	  9	0.753558081214978	1	3	6	1897	2938	0.849824561403509
GO:0044754	autolysosome	  5	0.649601443719976	1	2	3	1898	2941	1.01978947368421
GO:0044772	mitotic cell cycle phase transition	 12	0.314255987487018	1	6	6	1894	2938	1.27473684210526
GO:0044782	cilium organization	  6	0.168500294647832	1	4	2	1896	2942	1.69964912280702
GO:0044798	nuclear transcription factor complex	  8	0.668338816317314	1	3	5	1897	2939	0.956052631578947
GO:0044849	estrous cycle	  6	0.439579404322443	1	3	3	1897	2941	1.27473684210526
GO:0044853	plasma membrane raft	 12	0.539753870792073	1	5	7	1895	2937	1.06228070175439
GO:0045010	actin nucleation	  5	0.917188765638001	1	1	4	1899	2940	0.509894736842105
GO:0045019	negative regulation of nitric oxide biosynthetic process	  7	0.0887818565970774	0.790509169841492	5	2	1895	2942	1.82105263157895
GO:0045022	early endosome to late endosome transport	  7	0.83118932937518	1	2	5	1898	2939	0.728421052631579
GO:0045055	regulated exocytosis	  5	0.304039849485138	1	3	2	1897	2942	1.52968421052632
GO:0045070	positive regulation of viral genome replication	  8	0.885472833727802	1	2	6	1898	2938	0.637368421052632
GO:0045071	negative regulation of viral genome replication	 10	0.598206974532865	1	4	6	1896	2938	1.01978947368421
GO:0045080	positive regulation of chemokine biosynthetic process	  5	0.917188765638001	1	1	4	1899	2940	0.509894736842105
GO:0045087	innate immune response	 91	0.870362813873971	1	31	60	1869	2884	0.868502024291498
GO:0045088	regulation of innate immune response	  5	0.304039849485138	1	3	2	1897	2942	1.52968421052632
GO:0045089	positive regulation of innate immune response	  7	0.83118932937518	1	2	5	1898	2939	0.728421052631579
GO:0045095	keratin filament	 10	0.598206974532865	1	4	6	1896	2938	1.01978947368421
GO:0045104	intermediate filament cytoskeleton organization	  5	0.917188765638001	1	1	4	1899	2940	0.509894736842105
GO:0045109	intermediate filament organization	  9	0.988740560601839	1	1	8	1899	2936	0.28327485380117
GO:0045111	intermediate filament cytoskeleton	 18	0.409627859647824	1	8	10	1892	2934	1.13309941520468
GO:0045116	protein neddylation	  6	0.439579404322443	1	3	3	1897	2941	1.27473684210526
GO:0045120	pronucleus	  6	0.754612463418742	1	2	4	1898	2940	0.849824561403509
GO:0045121	membrane raft	 82	0.222380233259276	1	36	46	1864	2898	1.1192811296534
GO:0045132	meiotic chromosome segregation	  5	0.649601443719976	1	2	3	1898	2941	1.01978947368421
GO:0045165	cell fate commitment	 19	0.973387622935646	1	4	15	1896	2929	0.536731301939058
GO:0045171	intercellular bridge	 21	0.446954511259723	1	9	12	1891	2932	1.09263157894737
GO:0045176	apical protein localization	  7	0.969456475532965	1	1	6	1899	2938	0.364210526315789
GO:0045177	apical part of cell	 42	0.168180535363434	1	20	22	1880	2922	1.2140350877193
GO:0045178	basal part of cell	  6	0.754612463418742	1	2	4	1898	2940	0.849824561403509
GO:0045182	translation regulator activity	  8	0.668338816317314	1	3	5	1897	2939	0.956052631578947
GO:0045184	establishment of protein localization	 19	0.30698172714204	1	9	10	1891	2934	1.20764542936288
GO:0045197	establishment or maintenance of epithelial cell apical/basal polarity	  7	0.83118932937518	1	2	5	1898	2939	0.728421052631579
GO:0045198	establishment of epithelial cell apical/basal polarity	  7	0.83118932937518	1	2	5	1898	2939	0.728421052631579
GO:0045211	postsynaptic membrane	 54	0.999116338731132	1	11	43	1889	2901	0.519337231968811
GO:0045214	sarcomere organization	 19	0.667415580666289	1	7	12	1893	2932	0.939279778393352
GO:0045216	cell-cell junction organization	  9	0.92316276301718	1	2	7	1898	2937	0.566549707602339
GO:0045236	CXCR chemokine receptor binding	  6	0.439579404322443	1	3	3	1897	2941	1.27473684210526
GO:0045292	mRNA cis splicing, via spliceosome	 10	0.948919172037504	1	2	8	1898	2936	0.509894736842105
GO:0045294	alpha-catenin binding	  6	0.754612463418742	1	2	4	1898	2940	0.849824561403509
GO:0045296	cadherin binding	 18	0.771864061286588	1	6	12	1894	2932	0.849824561403509
GO:0045324	late endosome to vacuole transport	  5	0.649601443719976	1	2	3	1898	2941	1.01978947368421
GO:0045332	phospholipid translocation	  9	0.92316276301718	1	2	7	1898	2937	0.566549707602339
GO:0045333	cellular respiration	  5	0.649601443719976	1	2	3	1898	2941	1.01978947368421
GO:0045334	clathrin-coated endocytic vesicle	  5	0.649601443719976	1	2	3	1898	2941	1.01978947368421
GO:0045335	phagocytic vesicle	 26	0.176474552524475	1	13	13	1887	2931	1.27473684210526
GO:0045348	positive regulation of MHC class II biosynthetic process	  5	0.917188765638001	1	1	4	1899	2940	0.509894736842105
GO:0045410	positive regulation of interleukin-6 biosynthetic process	  5	0.649601443719976	1	2	3	1898	2941	1.01978947368421
GO:0045429	positive regulation of nitric oxide biosynthetic process	 12	0.314255987487018	1	6	6	1894	2938	1.27473684210526
GO:0045444	fat cell differentiation	 30	0.992986775781825	1	6	24	1894	2920	0.509894736842105
GO:0045445	myoblast differentiation	  9	0.250375871823477	1	5	4	1895	2940	1.41637426900585
GO:0045453	bone resorption	 10	0.820137126935884	1	3	7	1897	2937	0.764842105263158
GO:0045454	cell redox homeostasis	 19	0.000488343766926765	0.125138090274984	15	4	1885	2940	2.01274238227147
GO:0045471	response to ethanol	 57	0.780990553631889	1	20	37	1880	2907	0.89455216989843
GO:0045494	photoreceptor cell maintenance	  8	0.981454138647988	1	1	7	1899	2937	0.318684210526316
GO:0045499	chemorepellent activity	  6	0.439579404322443	1	3	3	1897	2941	1.27473684210526
GO:0045505	dynein intermediate chain binding	  5	0.304039849485138	1	3	2	1897	2942	1.52968421052632
GO:0045579	positive regulation of B cell differentiation	  7	0.274791545382173	1	4	3	1896	2941	1.45684210526316
GO:0045582	positive regulation of T cell differentiation	  5	0.649601443719976	1	2	3	1898	2941	1.01978947368421
GO:0045591	positive regulation of regulatory T cell differentiation	  5	0.917188765638001	1	1	4	1899	2940	0.509894736842105
GO:0045595	regulation of cell differentiation	 12	0.539753870792073	1	5	7	1895	2937	1.06228070175439
GO:0045596	negative regulation of cell differentiation	 16	0.817597227778807	1	5	11	1895	2933	0.796710526315789
GO:0045597	positive regulation of cell differentiation	 27	0.508518661199015	1	11	16	1889	2928	1.03867446393762
GO:0045598	regulation of fat cell differentiation	  8	0.885472833727802	1	2	6	1898	2938	0.637368421052632
GO:0045599	negative regulation of fat cell differentiation	 20	0.222009403104782	1	10	10	1890	2934	1.27473684210526
GO:0045600	positive regulation of fat cell differentiation	 20	0.112477934287839	0.929757118105124	11	9	1889	2935	1.40221052631579
GO:0045602	negative regulation of endothelial cell differentiation	  6	0.754612463418742	1	2	4	1898	2940	0.849824561403509
GO:0045603	positive regulation of endothelial cell differentiation	  6	0.754612463418742	1	2	4	1898	2940	0.849824561403509
GO:0045616	regulation of keratinocyte differentiation	  8	0.387889435544869	1	4	4	1896	2940	1.27473684210526
GO:0045618	positive regulation of keratinocyte differentiation	  7	0.274791545382173	1	4	3	1896	2941	1.45684210526316
GO:0045638	negative regulation of myeloid cell differentiation	  7	0.563170298527647	1	3	4	1897	2940	1.09263157894737
GO:0045648	positive regulation of erythrocyte differentiation	  9	0.753558081214978	1	3	6	1897	2938	0.849824561403509
GO:0045651	positive regulation of macrophage differentiation	  6	0.439579404322443	1	3	3	1897	2941	1.27473684210526
GO:0045654	positive regulation of megakaryocyte differentiation	  5	0.917188765638001	1	1	4	1899	2940	0.509894736842105
GO:0045662	negative regulation of myoblast differentiation	 13	0.402691105215304	1	6	7	1894	2937	1.17668016194332
GO:0045663	positive regulation of myoblast differentiation	 15	0.899591512753179	1	4	11	1896	2933	0.679859649122807
GO:0045664	regulation of neuron differentiation	 11	0.870701529418895	1	3	8	1897	2936	0.695311004784689
GO:0045665	negative regulation of neuron differentiation	 26	0.296802615903229	1	12	14	1888	2930	1.17668016194332
GO:0045666	positive regulation of neuron differentiation	 47	0.265723306090796	1	21	26	1879	2918	1.13912653975364
GO:0045667	regulation of osteoblast differentiation	  7	0.563170298527647	1	3	4	1897	2940	1.09263157894737
GO:0045668	negative regulation of osteoblast differentiation	 24	0.190133270384047	1	12	12	1888	2932	1.27473684210526
GO:0045669	positive regulation of osteoblast differentiation	 33	0.947129868988224	1	9	24	1891	2920	0.695311004784689
GO:0045670	regulation of osteoclast differentiation	  5	0.649601443719976	1	2	3	1898	2941	1.01978947368421
GO:0045671	negative regulation of osteoclast differentiation	  9	1	1	0	9	1900	2935	0
GO:0045672	positive regulation of osteoclast differentiation	 10	0.948919172037504	1	2	8	1898	2936	0.509894736842105
GO:0045687	positive regulation of glial cell differentiation	  6	0.949704026081852	1	1	5	1899	2939	0.424912280701754
GO:0045722	positive regulation of gluconeogenesis	  5	0.917188765638001	1	1	4	1899	2940	0.509894736842105
GO:0045725	positive regulation of glycogen biosynthetic process	  7	0.563170298527647	1	3	4	1897	2940	1.09263157894737
GO:0045727	positive regulation of translation	 32	0.36122225854692	1	14	18	1886	2926	1.11539473684211
GO:0045732	positive regulation of protein catabolic process	 22	0.20522964316453	1	11	11	1889	2933	1.27473684210526
GO:0045736	negative regulation of cyclin-dependent protein serine/threonine kinase activity	 11	0.445796419414966	1	5	6	1895	2938	1.15885167464115
GO:0045737	positive regulation of cyclin-dependent protein serine/threonine kinase activity	 16	0.127695138712544	1	9	7	1891	2937	1.43407894736842
GO:0045739	positive regulation of DNA repair	  8	0.885472833727802	1	2	6	1898	2938	0.637368421052632
GO:0045740	positive regulation of DNA replication	 11	0.685298720314521	1	4	7	1896	2937	0.927081339712919
GO:0045741	positive regulation of epidermal growth factor-activated receptor activity	  7	0.563170298527647	1	3	4	1897	2940	1.09263157894737
GO:0045742	positive regulation of epidermal growth factor receptor signaling pathway	  6	0.754612463418742	1	2	4	1898	2940	0.849824561403509
GO:0045745	positive regulation of G protein-coupled receptor signaling pathway	  6	0.754612463418742	1	2	4	1898	2940	0.849824561403509
GO:0045746	negative regulation of Notch signaling pathway	 13	0.0875594762602301	0.790509169841492	8	5	1892	2939	1.56890688259109
GO:0045747	positive regulation of Notch signaling pathway	 13	0.625418099277554	1	5	8	1895	2936	0.980566801619433
GO:0045765	regulation of angiogenesis	  8	0.0450347774236384	0.700531030233308	6	2	1894	2942	1.91210526315789
GO:0045766	positive regulation of angiogenesis	 47	0.178367512006481	1	22	25	1878	2919	1.19337066069429
GO:0045773	positive regulation of axon extension	 15	0.194844407752021	1	8	7	1892	2937	1.35971929824561
GO:0045776	negative regulation of blood pressure	 11	0.685298720314521	1	4	7	1896	2937	0.927081339712919
GO:0045777	positive regulation of blood pressure	  8	0.885472833727802	1	2	6	1898	2938	0.637368421052632
GO:0045778	positive regulation of ossification	 10	0.820137126935884	1	3	7	1897	2937	0.764842105263158
GO:0045779	negative regulation of bone resorption	  5	1	1	0	5	1900	2939	0
GO:0045780	positive regulation of bone resorption	  9	0.497900286521984	1	4	5	1896	2939	1.13309941520468
GO:0045785	positive regulation of cell adhesion	 24	0.890894096656898	1	7	17	1893	2927	0.74359649122807
GO:0045786	negative regulation of cell cycle	 17	0.860530440789414	1	5	12	1895	2932	0.74984520123839
GO:0045787	positive regulation of cell cycle	 16	0.447143882954465	1	7	9	1893	2935	1.11539473684211
GO:0045807	positive regulation of endocytosis	  9	0.497900286521984	1	4	5	1896	2939	1.13309941520468
GO:0045821	positive regulation of glycolytic process	 11	0.870701529418895	1	3	8	1897	2936	0.695311004784689
GO:0045823	positive regulation of heart contraction	  5	1	1	0	5	1900	2939	0
GO:0045824	negative regulation of innate immune response	  8	0.387889435544869	1	4	4	1896	2940	1.27473684210526
GO:0045840	positive regulation of mitotic nuclear division	 12	0.539753870792073	1	5	7	1895	2937	1.06228070175439
GO:0045842	positive regulation of mitotic metaphase/anaphase transition	  7	0.563170298527647	1	3	4	1897	2940	1.09263157894737
GO:0045859	regulation of protein kinase activity	  9	0.92316276301718	1	2	7	1898	2937	0.566549707602339
GO:0045860	positive regulation of protein kinase activity	 26	0.00612318790162044	0.331042047224475	17	9	1883	2935	1.66696356275304
GO:0045861	negative regulation of proteolysis	 11	0.0898936829136167	0.790509169841492	7	4	1893	2940	1.62239234449761
GO:0045862	positive regulation of proteolysis	 11	0.229412856614498	1	6	5	1894	2939	1.39062200956938
GO:0045879	negative regulation of smoothened signaling pathway	 10	0.820137126935884	1	3	7	1897	2937	0.764842105263158
GO:0045880	positive regulation of smoothened signaling pathway	 11	0.966300870397195	1	2	9	1898	2935	0.463540669856459
GO:0045899	positive regulation of RNA polymerase II transcriptional preinitiation complex assembly	  6	0.754612463418742	1	2	4	1898	2940	0.849824561403509
GO:0045906	negative regulation of vasoconstriction	  5	0.917188765638001	1	1	4	1899	2940	0.509894736842105
GO:0045907	positive regulation of vasoconstriction	 14	0.863591930787843	1	4	10	1896	2934	0.728421052631579
GO:0045921	positive regulation of exocytosis	 11	0.685298720314521	1	4	7	1896	2937	0.927081339712919
GO:0045926	negative regulation of growth	  5	0.917188765638001	1	1	4	1899	2940	0.509894736842105
GO:0045930	negative regulation of mitotic cell cycle	 18	0.599944427086873	1	7	11	1893	2933	0.991461988304093
GO:0045931	positive regulation of mitotic cell cycle	 18	0.00464601798510272	0.269556703852658	13	5	1887	2939	1.8412865497076
GO:0045948	positive regulation of translational initiation	  7	0.969456475532965	1	1	6	1899	2938	0.364210526315789
GO:0045954	positive regulation of natural killer cell mediated cytotoxicity	  5	0.649601443719976	1	2	3	1898	2941	1.01978947368421
GO:0045956	positive regulation of calcium ion-dependent exocytosis	  6	0.754612463418742	1	2	4	1898	2940	0.849824561403509
GO:0045987	positive regulation of smooth muscle contraction	  5	0.917188765638001	1	1	4	1899	2940	0.509894736842105
GO:0045995	regulation of embryonic development	  8	0.885472833727802	1	2	6	1898	2938	0.637368421052632
GO:0046034	ATP metabolic process	 15	0.969166350592089	1	3	12	1897	2932	0.509894736842105
GO:0046039	GTP metabolic process	  6	0.439579404322443	1	3	3	1897	2941	1.27473684210526
GO:0046325	negative regulation of glucose import	  6	0.168500294647832	1	4	2	1896	2942	1.69964912280702
GO:0046326	positive regulation of glucose import	 16	0.261993676791498	1	8	8	1892	2936	1.27473684210526
GO:0046329	negative regulation of JNK cascade	  7	0.83118932937518	1	2	5	1898	2939	0.728421052631579
GO:0046330	positive regulation of JNK cascade	 19	0.820071052342111	1	6	13	1894	2931	0.805096952908587
GO:0046332	SMAD binding	 25	0.96544287013504	1	6	19	1894	2925	0.611873684210526
GO:0046426	negative regulation of receptor signaling pathway via JAK-STAT	  8	0.387889435544869	1	4	4	1896	2940	1.27473684210526
GO:0046427	positive regulation of receptor signaling pathway via JAK-STAT	  6	0.949704026081852	1	1	5	1899	2939	0.424912280701754
GO:0046488	phosphatidylinositol metabolic process	  7	0.969456475532965	1	1	6	1899	2938	0.364210526315789
GO:0046513	ceramide biosynthetic process	  8	0.668338816317314	1	3	5	1897	2939	0.956052631578947
GO:0046540	U4/U6 x U5 tri-snRNP complex	 14	0.0512583680658518	0.700531030233308	9	5	1891	2939	1.63894736842105
GO:0046579	positive regulation of Ras protein signal transduction	  6	0.754612463418742	1	2	4	1898	2940	0.849824561403509
GO:0046580	negative regulation of Ras protein signal transduction	  9	0.753558081214978	1	3	6	1897	2938	0.849824561403509
GO:0046597	negative regulation of viral entry into host cell	  6	0.168500294647832	1	4	2	1896	2942	1.69964912280702
GO:0046620	regulation of organ growth	  5	0.649601443719976	1	2	3	1898	2941	1.01978947368421
GO:0046626	regulation of insulin receptor signaling pathway	  5	0.304039849485138	1	3	2	1897	2942	1.52968421052632
GO:0046627	negative regulation of insulin receptor signaling pathway	  7	0.0887818565970774	0.790509169841492	5	2	1895	2942	1.82105263157895
GO:0046628	positive regulation of insulin receptor signaling pathway	  5	0.649601443719976	1	2	3	1898	2941	1.01978947368421
GO:0046632	alpha-beta T cell differentiation	  5	0.304039849485138	1	3	2	1897	2942	1.52968421052632
GO:0046658	anchored component of plasma membrane	  6	0.439579404322443	1	3	3	1897	2941	1.27473684210526
GO:0046676	negative regulation of insulin secretion	 11	0.870701529418895	1	3	8	1897	2936	0.695311004784689
GO:0046677	response to antibiotic	 13	0.817028054319387	1	4	9	1896	2935	0.784453441295547
GO:0046685	response to arsenic-containing substance	  5	0.649601443719976	1	2	3	1898	2941	1.01978947368421
GO:0046686	response to cadmium ion	 15	0.029138658982514	0.645149512594856	10	5	1890	2939	1.69964912280702
GO:0046688	response to copper ion	  6	0.439579404322443	1	3	3	1897	2941	1.27473684210526
GO:0046697	decidualization	 17	0.334588817691767	1	8	9	1892	2935	1.19975232198142
GO:0046716	muscle cell cellular homeostasis	  9	0.250375871823477	1	5	4	1895	2940	1.41637426900585
GO:0046718	viral entry into host cell	 14	0.490057624310308	1	6	8	1894	2936	1.09263157894737
GO:0046777	protein autophosphorylation	 49	0.956182091902603	1	14	35	1886	2909	0.728421052631579
GO:0046835	carbohydrate phosphorylation	  9	0.497900286521984	1	4	5	1896	2939	1.13309941520468
GO:0046839	phospholipid dephosphorylation	  5	0.304039849485138	1	3	2	1897	2942	1.52968421052632
GO:0046847	filopodium assembly	  6	0.754612463418742	1	2	4	1898	2940	0.849824561403509
GO:0046849	bone remodeling	  7	0.969456475532965	1	1	6	1899	2938	0.364210526315789
GO:0046854	phosphatidylinositol phosphorylation	 16	0.99611958195926	1	2	14	1898	2930	0.318684210526316
GO:0046855	inositol phosphate dephosphorylation	  6	0.949704026081852	1	1	5	1899	2939	0.424912280701754
GO:0046856	phosphatidylinositol dephosphorylation	  8	0.981454138647988	1	1	7	1899	2937	0.318684210526316
GO:0046873	metal ion transmembrane transporter activity	  7	0.563170298527647	1	3	4	1897	2940	1.09263157894737
GO:0046875	ephrin receptor binding	 10	0.15331148914129	1	6	4	1894	2940	1.52968421052632
GO:0046887	positive regulation of hormone secretion	  5	0.917188765638001	1	1	4	1899	2940	0.509894736842105
GO:0046889	positive regulation of lipid biosynthetic process	  5	0.649601443719976	1	2	3	1898	2941	1.01978947368421
GO:0046907	intracellular transport	  6	0.754612463418742	1	2	4	1898	2940	0.849824561403509
GO:0046914	transition metal ion binding	  5	0.304039849485138	1	3	2	1897	2942	1.52968421052632
GO:0046928	regulation of neurotransmitter secretion	  6	0.949704026081852	1	1	5	1899	2939	0.424912280701754
GO:0046930	pore complex	  6	0.754612463418742	1	2	4	1898	2940	0.849824561403509
GO:0046935	1-phosphatidylinositol-3-kinase regulator activity	  6	0.949704026081852	1	1	5	1899	2939	0.424912280701754
GO:0046961	proton-transporting ATPase activity, rotational mechanism	  7	0.0887818565970774	0.790509169841492	5	2	1895	2942	1.82105263157895
GO:0046965	retinoid X receptor binding	  8	0.885472833727802	1	2	6	1898	2938	0.637368421052632
GO:0046966	thyroid hormone receptor binding	  7	0.563170298527647	1	3	4	1897	2940	1.09263157894737
GO:0046983	protein dimerization activity	 71	0.793008491863129	1	25	46	1875	2898	0.89770200148258
GO:0047485	protein N-terminus binding	 54	0.772323133392062	1	19	35	1881	2909	0.897037037037037
GO:0047617	acyl-CoA hydrolase activity	  9	0.497900286521984	1	4	5	1896	2939	1.13309941520468
GO:0048008	platelet-derived growth factor receptor signaling pathway	 17	0.525932428638354	1	7	10	1893	2934	1.04978328173375
GO:0048010	vascular endothelial growth factor receptor signaling pathway	  6	0.168500294647832	1	4	2	1896	2942	1.69964912280702
GO:0048013	ephrin receptor signaling pathway	 12	0.758071145075746	1	4	8	1896	2936	0.849824561403509
GO:0048015	phosphatidylinositol-mediated signaling	 16	0.447143882954465	1	7	9	1893	2935	1.11539473684211
GO:0048018	receptor ligand activity	 14	0.700618363148246	1	5	9	1895	2935	0.910526315789474
GO:0048020	CCR chemokine receptor binding	  6	1	1	0	6	1900	2938	0
GO:0048024	regulation of mRNA splicing, via spliceosome	  7	0.969456475532965	1	1	6	1899	2938	0.364210526315789
GO:0048025	negative regulation of mRNA splicing, via spliceosome	 10	0.948919172037504	1	2	8	1898	2936	0.509894736842105
GO:0048026	positive regulation of mRNA splicing, via spliceosome	  6	0.439579404322443	1	3	3	1897	2941	1.27473684210526
GO:0048027	mRNA 5	  9	0.988740560601839	1	1	8	1899	2936	0.28327485380117
GO:0048029	monosaccharide binding	  7	0.274791545382173	1	4	3	1896	2941	1.45684210526316
GO:0048037	cofactor binding	  6	0.168500294647832	1	4	2	1896	2942	1.69964912280702
GO:0048038	quinone binding	  6	0.0374065477785077	0.668750781505298	5	1	1895	2943	2.12456140350877
GO:0048041	focal adhesion assembly	 12	0.144569725741978	1	7	5	1893	2939	1.48719298245614
GO:0048048	embryonic eye morphogenesis	  8	1	1	0	8	1900	2936	0
GO:0048102	autophagic cell death	  5	0.649601443719976	1	2	3	1898	2941	1.01978947368421
GO:0048146	positive regulation of fibroblast proliferation	 27	0.0626461815978634	0.790509169841492	15	12	1885	2932	1.41637426900585
GO:0048147	negative regulation of fibroblast proliferation	 11	0.966300870397195	1	2	9	1898	2935	0.463540669856459
GO:0048148	behavioral response to cocaine	  8	0.885472833727802	1	2	6	1898	2938	0.637368421052632
GO:0048149	behavioral response to ethanol	  5	0.649601443719976	1	2	3	1898	2941	1.01978947368421
GO:0048156	tau protein binding	  8	0.668338816317314	1	3	5	1897	2939	0.956052631578947
GO:0048167	regulation of synaptic plasticity	  8	0.387889435544869	1	4	4	1896	2940	1.27473684210526
GO:0048168	regulation of neuronal synaptic plasticity	 10	0.948919172037504	1	2	8	1898	2936	0.509894736842105
GO:0048169	regulation of long-term neuronal synaptic plasticity	 11	0.685298720314521	1	4	7	1896	2937	0.927081339712919
GO:0048185	activin binding	 10	0.948919172037504	1	2	8	1898	2936	0.509894736842105
GO:0048193	Golgi vesicle transport	  5	0.304039849485138	1	3	2	1897	2942	1.52968421052632
GO:0048240	sperm capacitation	  6	0.949704026081852	1	1	5	1899	2939	0.424912280701754
GO:0048245	eosinophil chemotaxis	  8	1	1	0	8	1900	2936	0
GO:0048247	lymphocyte chemotaxis	  9	0.988740560601839	1	1	8	1899	2936	0.28327485380117
GO:0048255	mRNA stabilization	  9	0.497900286521984	1	4	5	1896	2939	1.13309941520468
GO:0048260	positive regulation of receptor-mediated endocytosis	 15	0.969166350592089	1	3	12	1897	2932	0.509894736842105
GO:0048265	response to pain	  5	1	1	0	5	1900	2939	0
GO:0048268	clathrin coat assembly	  8	0.885472833727802	1	2	6	1898	2938	0.637368421052632
GO:0048278	vesicle docking	  7	0.563170298527647	1	3	4	1897	2940	1.09263157894737
GO:0048286	lung alveolus development	 15	0.194844407752021	1	8	7	1892	2937	1.35971929824561
GO:0048304	positive regulation of isotype switching to IgG isotypes	  5	0.917188765638001	1	1	4	1899	2940	0.509894736842105
GO:0048306	calcium-dependent protein binding	 27	0.508518661199015	1	11	16	1889	2928	1.03867446393762
GO:0048312	intracellular distribution of mitochondria	  5	0.0811044634016161	0.790509169841492	4	1	1896	2943	2.03957894736842
GO:0048333	mesodermal cell differentiation	  7	0.274791545382173	1	4	3	1896	2941	1.45684210526316
GO:0048365	Rac GTPase binding	 14	0.700618363148246	1	5	9	1895	2935	0.910526315789474
GO:0048384	retinoic acid receptor signaling pathway	  5	1	1	0	5	1900	2939	0
GO:0048407	platelet-derived growth factor binding	  9	0.00325947262962911	0.227436014866414	8	1	1892	2943	2.26619883040936
GO:0048468	cell development	 11	0.685298720314521	1	4	7	1896	2937	0.927081339712919
GO:0048469	cell maturation	 12	0.908244990866611	1	3	9	1897	2935	0.637368421052632
GO:0048477	oogenesis	 12	0.314255987487018	1	6	6	1894	2938	1.27473684210526
GO:0048484	enteric nervous system development	  6	0.949704026081852	1	1	5	1899	2939	0.424912280701754
GO:0048485	sympathetic nervous system development	  9	0.92316276301718	1	2	7	1898	2937	0.566549707602339
GO:0048487	beta-tubulin binding	 16	0.0507934373406584	0.700531030233308	10	6	1890	2938	1.59342105263158
GO:0048488	synaptic vesicle endocytosis	 12	0.314255987487018	1	6	6	1894	2938	1.27473684210526
GO:0048489	synaptic vesicle transport	  8	0.885472833727802	1	2	6	1898	2938	0.637368421052632
GO:0048511	rhythmic process	 48	0.649810936018701	1	18	30	1882	2914	0.956052631578947
GO:0048513	animal organ development	  8	1	1	0	8	1900	2936	0
GO:0048514	blood vessel morphogenesis	 15	0.572668928678401	1	6	9	1894	2935	1.01978947368421
GO:0048535	lymph node development	  7	0.563170298527647	1	3	4	1897	2940	1.09263157894737
GO:0048536	spleen development	 16	0.261993676791498	1	8	8	1892	2936	1.27473684210526
GO:0048538	thymus development	 16	0.817597227778807	1	5	11	1895	2933	0.796710526315789
GO:0048545	response to steroid hormone	 17	0.180324143278696	1	9	8	1891	2936	1.3497213622291
GO:0048546	digestive tract morphogenesis	  6	0.949704026081852	1	1	5	1899	2939	0.424912280701754
GO:0048557	embryonic digestive tract morphogenesis	  9	0.250375871823477	1	5	4	1895	2940	1.41637426900585
GO:0048565	digestive tract development	  8	0.161693655219476	1	5	3	1895	2941	1.59342105263158
GO:0048568	embryonic organ development	 18	0.240790015246695	1	9	9	1891	2935	1.27473684210526
GO:0048589	developmental growth	 14	0.490057624310308	1	6	8	1894	2936	1.09263157894737
GO:0048592	eye morphogenesis	  5	0.304039849485138	1	3	2	1897	2942	1.52968421052632
GO:0048593	camera-type eye morphogenesis	 10	0.820137126935884	1	3	7	1897	2937	0.764842105263158
GO:0048596	embryonic camera-type eye morphogenesis	  6	1	1	0	6	1900	2938	0
GO:0048598	embryonic morphogenesis	 10	0.820137126935884	1	3	7	1897	2937	0.764842105263158
GO:0048639	positive regulation of developmental growth	  5	0.917188765638001	1	1	4	1899	2940	0.509894736842105
GO:0048644	muscle organ morphogenesis	  5	0.649601443719976	1	2	3	1898	2941	1.01978947368421
GO:0048646	anatomical structure formation involved in morphogenesis	  5	0.917188765638001	1	1	4	1899	2940	0.509894736842105
GO:0048660	regulation of smooth muscle cell proliferation	  5	0.649601443719976	1	2	3	1898	2941	1.01978947368421
GO:0048661	positive regulation of smooth muscle cell proliferation	 34	0.3372707334903	1	15	19	1885	2925	1.12476780185759
GO:0048662	negative regulation of smooth muscle cell proliferation	 16	0.647983956112763	1	6	10	1894	2934	0.956052631578947
GO:0048663	neuron fate commitment	 11	0.685298720314521	1	4	7	1896	2937	0.927081339712919
GO:0048665	neuron fate specification	  5	1	1	0	5	1900	2939	0
GO:0048666	neuron development	 17	0.997511736725573	1	2	15	1898	2929	0.299938080495356
GO:0048667	cell morphogenesis involved in neuron differentiation	  8	0.387889435544869	1	4	4	1896	2940	1.27473684210526
GO:0048672	positive regulation of collateral sprouting	  5	0.304039849485138	1	3	2	1897	2942	1.52968421052632
GO:0048675	axon extension	  8	0.161693655219476	1	5	3	1895	2941	1.59342105263158
GO:0048678	response to axon injury	 12	0.539753870792073	1	5	7	1895	2937	1.06228070175439
GO:0048681	negative regulation of axon regeneration	  5	0.649601443719976	1	2	3	1898	2941	1.01978947368421
GO:0048701	embryonic cranial skeleton morphogenesis	 21	0.891998425386366	1	6	15	1894	2929	0.728421052631579
GO:0048704	embryonic skeletal system morphogenesis	 22	0.823587840600774	1	7	15	1893	2929	0.811196172248804
GO:0048705	skeletal system morphogenesis	 25	0.827684865025959	1	8	17	1892	2927	0.815831578947368
GO:0048706	embryonic skeletal system development	 18	0.599944427086873	1	7	11	1893	2933	0.991461988304093
GO:0048709	oligodendrocyte differentiation	 12	0.758071145075746	1	4	8	1896	2936	0.849824561403509
GO:0048711	positive regulation of astrocyte differentiation	  5	0.0811044634016161	0.790509169841492	4	1	1896	2943	2.03957894736842
GO:0048714	positive regulation of oligodendrocyte differentiation	 11	0.445796419414966	1	5	6	1895	2938	1.15885167464115
GO:0048715	negative regulation of oligodendrocyte differentiation	  7	0.274791545382173	1	4	3	1896	2941	1.45684210526316
GO:0048729	tissue morphogenesis	  5	0.917188765638001	1	1	4	1899	2940	0.509894736842105
GO:0048738	cardiac muscle tissue development	 12	0.539753870792073	1	5	7	1895	2937	1.06228070175439
GO:0048741	skeletal muscle fiber development	  9	0.497900286521984	1	4	5	1896	2939	1.13309941520468
GO:0048743	positive regulation of skeletal muscle fiber development	  5	0.917188765638001	1	1	4	1899	2940	0.509894736842105
GO:0048745	smooth muscle tissue development	  7	0.0887818565970774	0.790509169841492	5	2	1895	2942	1.82105263157895
GO:0048747	muscle fiber development	  9	0.497900286521984	1	4	5	1896	2939	1.13309941520468
GO:0048754	branching morphogenesis of an epithelial tube	 17	0.334588817691767	1	8	9	1892	2935	1.19975232198142
GO:0048762	mesenchymal cell differentiation	  7	0.274791545382173	1	4	3	1896	2941	1.45684210526316
GO:0048771	tissue remodeling	  7	0.274791545382173	1	4	3	1896	2941	1.45684210526316
GO:0048786	presynaptic active zone	  9	0.92316276301718	1	2	7	1898	2937	0.566549707602339
GO:0048812	neuron projection morphogenesis	 21	0.779351019984895	1	7	14	1893	2930	0.849824561403509
GO:0048813	dendrite morphogenesis	 14	0.286202413088633	1	7	7	1893	2937	1.27473684210526
GO:0048814	regulation of dendrite morphogenesis	  8	0.885472833727802	1	2	6	1898	2938	0.637368421052632
GO:0048821	erythrocyte development	  6	0.754612463418742	1	2	4	1898	2940	0.849824561403509
GO:0048839	inner ear development	 20	0.556129628820188	1	8	12	1892	2932	1.01978947368421
GO:0048843	negative regulation of axon extension involved in axon guidance	  8	0.668338816317314	1	3	5	1897	2939	0.956052631578947
GO:0048844	artery morphogenesis	 13	0.935610071830779	1	3	10	1897	2934	0.58834008097166
GO:0048846	axon extension involved in axon guidance	  5	0.649601443719976	1	2	3	1898	2941	1.01978947368421
GO:0048854	brain morphogenesis	  5	0.649601443719976	1	2	3	1898	2941	1.01978947368421
GO:0048856	anatomical structure development	 16	0.926922941077969	1	4	12	1896	2932	0.637368421052632
GO:0048863	stem cell differentiation	 14	0.863591930787843	1	4	10	1896	2934	0.728421052631579
GO:0048870	cell motility	 10	0.347440254505663	1	5	5	1895	2939	1.27473684210526
GO:0048872	homeostasis of number of cells	 12	0.539753870792073	1	5	7	1895	2937	1.06228070175439
GO:0048873	homeostasis of number of cells within a tissue	 13	0.817028054319387	1	4	9	1896	2935	0.784453441295547
GO:0050431	transforming growth factor beta binding	 14	0.286202413088633	1	7	7	1893	2937	1.27473684210526
GO:0050482	arachidonic acid secretion	 13	0.985603314389227	1	2	11	1898	2933	0.392226720647773
GO:0050650	chondroitin sulfate proteoglycan biosynthetic process	  5	0.917188765638001	1	1	4	1899	2940	0.509894736842105
GO:0050660	flavin adenine dinucleotide binding	 22	0.105553122618454	0.896618375833556	12	10	1888	2934	1.39062200956938
GO:0050661	NADP binding	 12	0.758071145075746	1	4	8	1896	2936	0.849824561403509
GO:0050662	coenzyme binding	  6	0.754612463418742	1	2	4	1898	2940	0.849824561403509
GO:0050678	regulation of epithelial cell proliferation	  5	1	1	0	5	1900	2939	0
GO:0050679	positive regulation of epithelial cell proliferation	 26	0.446113881419266	1	11	15	1889	2929	1.07862348178138
GO:0050680	negative regulation of epithelial cell proliferation	 33	0.693575526846629	1	12	21	1888	2923	0.927081339712919
GO:0050681	androgen receptor binding	 11	0.870701529418895	1	3	8	1897	2936	0.695311004784689
GO:0050699	WW domain binding	 12	0.314255987487018	1	6	6	1894	2938	1.27473684210526
GO:0050710	negative regulation of cytokine secretion	  5	1	1	0	5	1900	2939	0
GO:0050714	positive regulation of protein secretion	 16	0.817597227778807	1	5	11	1895	2933	0.796710526315789
GO:0050715	positive regulation of cytokine secretion	 10	0.948919172037504	1	2	8	1898	2936	0.509894736842105
GO:0050718	positive regulation of interleukin-1 beta secretion	 10	0.820137126935884	1	3	7	1897	2937	0.764842105263158
GO:0050727	regulation of inflammatory response	 22	0.823587840600774	1	7	15	1893	2929	0.811196172248804
GO:0050728	negative regulation of inflammatory response	 32	0.769879431180324	1	11	21	1889	2923	0.876381578947368
GO:0050729	positive regulation of inflammatory response	 20	0.859813452414517	1	6	14	1894	2930	0.764842105263158
GO:0050730	regulation of peptidyl-tyrosine phosphorylation	 10	0.347440254505663	1	5	5	1895	2939	1.27473684210526
GO:0050731	positive regulation of peptidyl-tyrosine phosphorylation	 38	0.417037452883068	1	16	22	1884	2922	1.07346260387812
GO:0050732	negative regulation of peptidyl-tyrosine phosphorylation	 12	0.144569725741978	1	7	5	1893	2939	1.48719298245614
GO:0050750	low-density lipoprotein particle receptor binding	 11	0.685298720314521	1	4	7	1896	2937	0.927081339712919
GO:0050766	positive regulation of phagocytosis	 21	0.779351019984895	1	7	14	1893	2930	0.849824561403509
GO:0050767	regulation of neurogenesis	 12	0.977912046303312	1	2	10	1898	2934	0.424912280701754
GO:0050768	negative regulation of neurogenesis	 11	0.685298720314521	1	4	7	1896	2937	0.927081339712919
GO:0050769	positive regulation of neurogenesis	 13	0.817028054319387	1	4	9	1896	2935	0.784453441295547
GO:0050770	regulation of axonogenesis	  9	0.988740560601839	1	1	8	1899	2936	0.28327485380117
GO:0050771	negative regulation of axonogenesis	  7	0.83118932937518	1	2	5	1898	2939	0.728421052631579
GO:0050772	positive regulation of axonogenesis	 14	0.490057624310308	1	6	8	1894	2936	1.09263157894737
GO:0050775	positive regulation of dendrite morphogenesis	 11	0.966300870397195	1	2	9	1898	2935	0.463540669856459
GO:0050776	regulation of immune response	 15	0.999437770748635	1	1	14	1899	2930	0.169964912280702
GO:0050790	regulation of catalytic activity	 22	0.684557832950868	1	8	14	1892	2930	0.927081339712919
GO:0050796	regulation of insulin secretion	 10	1	1	0	10	1900	2934	0
GO:0050804	modulation of chemical synaptic transmission	 31	0.836660487135865	1	10	21	1890	2923	0.822410865874363
GO:0050806	positive regulation of synaptic transmission	  8	0.981454138647988	1	1	7	1899	2937	0.318684210526316
GO:0050807	regulation of synapse organization	  9	0.497900286521984	1	4	5	1896	2939	1.13309941520468
GO:0050808	synapse organization	 12	0.314255987487018	1	6	6	1894	2938	1.27473684210526
GO:0050819	negative regulation of coagulation	  5	0.0811044634016161	0.790509169841492	4	1	1896	2943	2.03957894736842
GO:0050821	protein stabilization	 63	0.415493938118247	1	26	37	1874	2907	1.05216374269006
GO:0050829	defense response to Gram-negative bacterium	 11	0.870701529418895	1	3	8	1897	2936	0.695311004784689
GO:0050830	defense response to Gram-positive bacterium	 23	0.739137634792692	1	8	15	1892	2929	0.886773455377574
GO:0050832	defense response to fungus	  5	0.649601443719976	1	2	3	1898	2941	1.01978947368421
GO:0050839	cell adhesion molecule binding	 24	0.786805098890883	1	8	16	1892	2928	0.849824561403509
GO:0050840	extracellular matrix binding	 12	0.144569725741978	1	7	5	1893	2939	1.48719298245614
GO:0050850	positive regulation of calcium-mediated signaling	  7	0.563170298527647	1	3	4	1897	2940	1.09263157894737
GO:0050852	T cell receptor signaling pathway	 15	0.899591512753179	1	4	11	1896	2933	0.679859649122807
GO:0050853	B cell receptor signaling pathway	 10	0.993165159331209	1	1	9	1899	2935	0.254947368421053
GO:0050868	negative regulation of T cell activation	  6	0.949704026081852	1	1	5	1899	2939	0.424912280701754
GO:0050871	positive regulation of B cell activation	  7	1	1	0	7	1900	2937	0
GO:0050872	white fat cell differentiation	  6	0.754612463418742	1	2	4	1898	2940	0.849824561403509
GO:0050873	brown fat cell differentiation	 20	0.556129628820188	1	8	12	1892	2932	1.01978947368421
GO:0050877	nervous system process	 12	0.977912046303312	1	2	10	1898	2934	0.424912280701754
GO:0050884	neuromuscular process controlling posture	  6	0.949704026081852	1	1	5	1899	2939	0.424912280701754
GO:0050885	neuromuscular process controlling balance	 23	0.582220704497449	1	9	14	1891	2930	0.997620137299771
GO:0050890	cognition	 15	0.764593080383169	1	5	10	1895	2934	0.849824561403509
GO:0050892	intestinal absorption	  7	0.563170298527647	1	3	4	1897	2940	1.09263157894737
GO:0050896	response to stimulus	 30	0.999999693306894	1	1	29	1899	2915	0.0849824561403509
GO:0050900	leukocyte migration	  8	0.161693655219476	1	5	3	1895	2941	1.59342105263158
GO:0050901	leukocyte tethering or rolling	  8	0.885472833727802	1	2	6	1898	2938	0.637368421052632
GO:0050905	neuromuscular process	 10	0.598206974532865	1	4	6	1896	2938	1.01978947368421
GO:0050908	detection of light stimulus involved in visual perception	  6	0.949704026081852	1	1	5	1899	2939	0.424912280701754
GO:0050911	detection of chemical stimulus involved in sensory perception of smell	  9	1	1	0	9	1900	2935	0
GO:0050918	positive chemotaxis	 16	0.261993676791498	1	8	8	1892	2936	1.27473684210526
GO:0050919	negative chemotaxis	 12	0.144569725741978	1	7	5	1893	2939	1.48719298245614
GO:0050921	positive regulation of chemotaxis	  6	0.0374065477785077	0.668750781505298	5	1	1895	2943	2.12456140350877
GO:0050927	positive regulation of positive chemotaxis	  5	0.917188765638001	1	1	4	1899	2940	0.509894736842105
GO:0050930	induction of positive chemotaxis	  7	0.563170298527647	1	3	4	1897	2940	1.09263157894737
GO:0050965	detection of temperature stimulus involved in sensory perception of pain	  6	0.439579404322443	1	3	3	1897	2941	1.27473684210526
GO:0050966	detection of mechanical stimulus involved in sensory perception of pain	  5	0.649601443719976	1	2	3	1898	2941	1.01978947368421
GO:0050998	nitric-oxide synthase binding	  9	0.497900286521984	1	4	5	1896	2939	1.13309941520468
GO:0051000	positive regulation of nitric-oxide synthase activity	  8	0.668338816317314	1	3	5	1897	2939	0.956052631578947
GO:0051010	microtubule plus-end binding	  7	0.563170298527647	1	3	4	1897	2940	1.09263157894737
GO:0051015	actin filament binding	 61	0.541097448761182	1	24	37	1876	2907	1.00307161345988
GO:0051016	barbed-end actin filament capping	  7	0.563170298527647	1	3	4	1897	2940	1.09263157894737
GO:0051017	actin filament bundle assembly	 12	0.00233539258155314	0.213307048823817	10	2	1890	2942	2.12456140350877
GO:0051019	mitogen-activated protein kinase binding	 10	0.948919172037504	1	2	8	1898	2936	0.509894736842105
GO:0051020	GTPase binding	 14	0.490057624310308	1	6	8	1894	2936	1.09263157894737
GO:0051028	mRNA transport	 43	0.301504094272718	1	19	24	1881	2920	1.12651162790698
GO:0051044	positive regulation of membrane protein ectodomain proteolysis	  8	0.885472833727802	1	2	6	1898	2938	0.637368421052632
GO:0051059	NF-kappaB binding	  7	0.563170298527647	1	3	4	1897	2940	1.09263157894737
GO:0051082	unfolded protein binding	 34	0.0357549110631045	0.668750781505298	19	15	1881	2929	1.42470588235294
GO:0051085	chaperone cofactor-dependent protein refolding	 10	0.347440254505663	1	5	5	1895	2939	1.27473684210526
GO:0051087	chaperone binding	 35	0.390099101890356	1	15	20	1885	2924	1.09263157894737
GO:0051091	positive regulation of DNA-binding transcription factor activity	 41	0.442224902657893	1	17	24	1883	2920	1.05709884467266
GO:0051092	positive regulation of NF-kappaB transcription factor activity	 28	0.568764509484717	1	11	17	1889	2927	1.00157894736842
GO:0051117	ATPase binding	 31	0.109712792111458	0.919255683222705	16	15	1884	2929	1.31585738539898
GO:0051127	positive regulation of actin nucleation	  6	0.949704026081852	1	1	5	1899	2939	0.424912280701754
GO:0051131	chaperone-mediated protein complex assembly	  6	0.168500294647832	1	4	2	1896	2942	1.69964912280702
GO:0051145	smooth muscle cell differentiation	  6	0.949704026081852	1	1	5	1899	2939	0.424912280701754
GO:0051146	striated muscle cell differentiation	  8	0.668338816317314	1	3	5	1897	2939	0.956052631578947
GO:0051209	release of sequestered calcium ion into cytosol	 23	0.582220704497449	1	9	14	1891	2930	0.997620137299771
GO:0051213	dioxygenase activity	 25	0.134738844427643	1	13	12	1887	2932	1.32572631578947
GO:0051216	cartilage development	 34	0.959031323963144	1	9	25	1891	2919	0.674860681114551
GO:0051219	phosphoprotein binding	 17	0.00201119422014839	0.20614740756521	13	4	1887	2940	1.94959752321981
GO:0051223	regulation of protein transport	  5	0.304039849485138	1	3	2	1897	2942	1.52968421052632
GO:0051225	spindle assembly	  9	0.250375871823477	1	5	4	1895	2940	1.41637426900585
GO:0051233	spindle midzone	 12	0.0508393666076445	0.700531030233308	8	4	1892	2940	1.69964912280702
GO:0051246	regulation of protein metabolic process	  6	0.439579404322443	1	3	3	1897	2941	1.27473684210526
GO:0051252	regulation of RNA metabolic process	 12	0.314255987487018	1	6	6	1894	2938	1.27473684210526
GO:0051258	protein polymerization	  8	0.981454138647988	1	1	7	1899	2937	0.318684210526316
GO:0051259	protein complex oligomerization	 15	0.366140667758168	1	7	8	1893	2936	1.18975438596491
GO:0051260	protein homooligomerization	 48	0.212585051527938	1	22	26	1878	2918	1.16850877192982
GO:0051262	protein tetramerization	 16	0.447143882954465	1	7	9	1893	2935	1.11539473684211
GO:0051276	chromosome organization	 14	0.0149064814130715	0.492429936432315	10	4	1890	2940	1.82105263157895
GO:0051281	positive regulation of release of sequestered calcium ion into cytosol	 10	0.820137126935884	1	3	7	1897	2937	0.764842105263158
GO:0051287	NAD binding	 18	0.409627859647824	1	8	10	1892	2934	1.13309941520468
GO:0051289	protein homotetramerization	 29	0.117378909643256	0.965080607360992	15	14	1885	2930	1.31869328493648
GO:0051290	protein heterotetramerization	 10	0.0490388104662654	0.700531030233308	7	3	1893	2941	1.78463157894737
GO:0051291	protein heterooligomerization	 10	0.820137126935884	1	3	7	1897	2937	0.764842105263158
GO:0051292	nuclear pore complex assembly	  5	0.649601443719976	1	2	3	1898	2941	1.01978947368421
GO:0051315	attachment of mitotic spindle microtubules to kinetochore	  5	0.917188765638001	1	1	4	1899	2940	0.509894736842105
GO:0051321	meiotic cell cycle	 29	0.625721743958957	1	11	18	1889	2926	0.967041742286751
GO:0051371	muscle alpha-actinin binding	  7	0.0168564242510799	0.492429936432315	6	1	1894	2943	2.18526315789474
GO:0051382	kinetochore assembly	  6	0.754612463418742	1	2	4	1898	2940	0.849824561403509
GO:0051384	response to glucocorticoid	 27	0.125695241427832	1	14	13	1886	2931	1.32194931773879
GO:0051393	alpha-actinin binding	  9	0.753558081214978	1	3	6	1897	2938	0.849824561403509
GO:0051400	BH domain binding	  6	0.754612463418742	1	2	4	1898	2940	0.849824561403509
GO:0051402	neuron apoptotic process	 23	0.739137634792692	1	8	15	1892	2929	0.886773455377574
GO:0051412	response to corticosterone	  9	0.753558081214978	1	3	6	1897	2938	0.849824561403509
GO:0051443	positive regulation of ubiquitin-protein transferase activity	  8	0.668338816317314	1	3	5	1897	2939	0.956052631578947
GO:0051451	myoblast migration	  6	0.754612463418742	1	2	4	1898	2940	0.849824561403509
GO:0051457	maintenance of protein location in nucleus	  5	0.649601443719976	1	2	3	1898	2941	1.01978947368421
GO:0051480	regulation of cytosolic calcium ion concentration	 14	0.863591930787843	1	4	10	1896	2934	0.728421052631579
GO:0051481	negative regulation of cytosolic calcium ion concentration	  9	0.753558081214978	1	3	6	1897	2938	0.849824561403509
GO:0051482	positive regulation of cytosolic calcium ion concentration involved in phospholipase C-activating G protein-coupled signaling pathway	  8	0.981454138647988	1	1	7	1899	2937	0.318684210526316
GO:0051489	regulation of filopodium assembly	  7	0.969456475532965	1	1	6	1899	2938	0.364210526315789
GO:0051491	positive regulation of filopodium assembly	 12	0.314255987487018	1	6	6	1894	2938	1.27473684210526
GO:0051493	regulation of cytoskeleton organization	  5	0.917188765638001	1	1	4	1899	2940	0.509894736842105
GO:0051496	positive regulation of stress fiber assembly	 25	0.699935595853847	1	9	16	1891	2928	0.91781052631579
GO:0051497	negative regulation of stress fiber assembly	  9	0.988740560601839	1	1	8	1899	2936	0.28327485380117
GO:0051536	iron-sulfur cluster binding	 26	0.0174577459937907	0.492429936432315	16	10	1884	2934	1.56890688259109
GO:0051537	2 iron, 2 sulfur cluster binding	  7	0.0887818565970774	0.790509169841492	5	2	1895	2942	1.82105263157895
GO:0051539	4 iron, 4 sulfur cluster binding	 21	0.0295254472588018	0.645149512594856	13	8	1887	2936	1.57824561403509
GO:0051568	histone H3-K4 methylation	  5	0.917188765638001	1	1	4	1899	2940	0.509894736842105
GO:0051591	response to cAMP	 23	0.0697592193206024	0.790509169841492	13	10	1887	2934	1.44100686498856
GO:0051592	response to calcium ion	 34	0.472002680470293	1	14	20	1886	2924	1.04978328173375
GO:0051593	response to folic acid	  6	0.754612463418742	1	2	4	1898	2940	0.849824561403509
GO:0051602	response to electrical stimulus	  8	0.668338816317314	1	3	5	1897	2939	0.956052631578947
GO:0051603	proteolysis involved in cellular protein catabolic process	 23	0.0290084863541633	0.645149512594856	14	9	1886	2935	1.55185354691076
GO:0051604	protein maturation	  5	0.0811044634016161	0.790509169841492	4	1	1896	2943	2.03957894736842
GO:0051607	defense response to virus	 45	0.987980003263978	1	11	34	1889	2910	0.623204678362573
GO:0051642	centrosome localization	 10	0.347440254505663	1	5	5	1895	2939	1.27473684210526
GO:0051660	establishment of centrosome localization	  5	0.304039849485138	1	3	2	1897	2942	1.52968421052632
GO:0051683	establishment of Golgi localization	  5	0.649601443719976	1	2	3	1898	2941	1.01978947368421
GO:0051693	actin filament capping	 10	0.948919172037504	1	2	8	1898	2936	0.509894736842105
GO:0051721	protein phosphatase 2A binding	 15	0.969166350592089	1	3	12	1897	2932	0.509894736842105
GO:0051726	regulation of cell cycle	 56	0.106711766273735	0.901479893658616	27	29	1873	2915	1.22921052631579
GO:0051764	actin crosslink formation	  5	0.00925457767269283	0.36958216030559	5	0	1895	2944	2.54947368421053
GO:0051770	positive regulation of nitric-oxide synthase biosynthetic process	  7	0.563170298527647	1	3	4	1897	2940	1.09263157894737
GO:0051775	response to redox state	  5	0.649601443719976	1	2	3	1898	2941	1.01978947368421
GO:0051781	positive regulation of cell division	 19	0.0772114136636449	0.790509169841492	11	8	1889	2936	1.47601108033241
GO:0051787	misfolded protein binding	  9	0.497900286521984	1	4	5	1896	2939	1.13309941520468
GO:0051865	protein autoubiquitination	 24	0.643802706596308	1	9	15	1891	2929	0.956052631578947
GO:0051879	Hsp90 protein binding	 17	0.0297091825548331	0.645149512594856	11	6	1889	2938	1.64965944272446
GO:0051881	regulation of mitochondrial membrane potential	 10	0.347440254505663	1	5	5	1895	2939	1.27473684210526
GO:0051893	regulation of focal adhesion assembly	 10	0.598206974532865	1	4	6	1896	2938	1.01978947368421
GO:0051894	positive regulation of focal adhesion assembly	  8	0.885472833727802	1	2	6	1898	2938	0.637368421052632
GO:0051895	negative regulation of focal adhesion assembly	  9	0.250375871823477	1	5	4	1895	2940	1.41637426900585
GO:0051896	regulation of protein kinase B signaling	  5	0.304039849485138	1	3	2	1897	2942	1.52968421052632
GO:0051897	positive regulation of protein kinase B signaling	 39	0.720133165579775	1	14	25	1886	2919	0.915195681511471
GO:0051898	negative regulation of protein kinase B signaling	 16	0.647983956112763	1	6	10	1894	2934	0.956052631578947
GO:0051899	membrane depolarization	  7	0.274791545382173	1	4	3	1896	2941	1.45684210526316
GO:0051901	positive regulation of mitochondrial depolarization	  5	0.917188765638001	1	1	4	1899	2940	0.509894736842105
GO:0051924	regulation of calcium ion transport	 16	0.817597227778807	1	5	11	1895	2933	0.796710526315789
GO:0051926	negative regulation of calcium ion transport	  5	0.649601443719976	1	2	3	1898	2941	1.01978947368421
GO:0051928	positive regulation of calcium ion transport	 11	0.870701529418895	1	3	8	1897	2936	0.695311004784689
GO:0051930	regulation of sensory perception of pain	 10	0.993165159331209	1	1	9	1899	2935	0.254947368421053
GO:0051959	dynein light intermediate chain binding	  5	0.649601443719976	1	2	3	1898	2941	1.01978947368421
GO:0051963	regulation of synapse assembly	  5	0.649601443719976	1	2	3	1898	2941	1.01978947368421
GO:0051965	positive regulation of synapse assembly	 16	0.926922941077969	1	4	12	1896	2932	0.637368421052632
GO:0051966	regulation of synaptic transmission, glutamatergic	  7	0.0887818565970774	0.790509169841492	5	2	1895	2942	1.82105263157895
GO:0051973	positive regulation of telomerase activity	 10	0.820137126935884	1	3	7	1897	2937	0.764842105263158
GO:0052689	carboxylic ester hydrolase activity	 15	0.764593080383169	1	5	10	1895	2934	0.849824561403509
GO:0055003	cardiac myofibril assembly	  9	0.497900286521984	1	4	5	1896	2939	1.13309941520468
GO:0055007	cardiac muscle cell differentiation	 14	0.700618363148246	1	5	9	1895	2935	0.910526315789474
GO:0055008	cardiac muscle tissue morphogenesis	  6	0.439579404322443	1	3	3	1897	2941	1.27473684210526
GO:0055010	ventricular cardiac muscle tissue morphogenesis	 16	0.647983956112763	1	6	10	1894	2934	0.956052631578947
GO:0055015	ventricular cardiac muscle cell development	  5	0.304039849485138	1	3	2	1897	2942	1.52968421052632
GO:0055037	recycling endosome	 28	0.415411441121114	1	12	16	1888	2928	1.09263157894737
GO:0055038	recycling endosome membrane	 21	0.155391382891492	1	11	10	1889	2934	1.33543859649123
GO:0055072	iron ion homeostasis	 10	0.598206974532865	1	4	6	1896	2938	1.01978947368421
GO:0055074	calcium ion homeostasis	 15	0.969166350592089	1	3	12	1897	2932	0.509894736842105
GO:0055088	lipid homeostasis	 11	0.870701529418895	1	3	8	1897	2936	0.695311004784689
GO:0055089	fatty acid homeostasis	  5	0.304039849485138	1	3	2	1897	2942	1.52968421052632
GO:0055093	response to hyperoxia	  7	0.0887818565970774	0.790509169841492	5	2	1895	2942	1.82105263157895
GO:0055117	regulation of cardiac muscle contraction	  7	0.83118932937518	1	2	5	1898	2939	0.728421052631579
GO:0055123	digestive system development	  8	0.668338816317314	1	3	5	1897	2939	0.956052631578947
GO:0055129	L-proline biosynthetic process	  5	0.304039849485138	1	3	2	1897	2942	1.52968421052632
GO:0060021	roof of mouth development	 27	0.794104406083542	1	9	18	1891	2926	0.849824561403509
GO:0060037	pharyngeal system development	  7	0.969456475532965	1	1	6	1899	2938	0.364210526315789
GO:0060038	cardiac muscle cell proliferation	  8	0.885472833727802	1	2	6	1898	2938	0.637368421052632
GO:0060041	retina development in camera-type eye	 23	0.937811543753604	1	6	17	1894	2927	0.665080091533181
GO:0060044	negative regulation of cardiac muscle cell proliferation	  8	0.981454138647988	1	1	7	1899	2937	0.318684210526316
GO:0060045	positive regulation of cardiac muscle cell proliferation	  6	0.949704026081852	1	1	5	1899	2939	0.424912280701754
GO:0060047	heart contraction	  5	0.917188765638001	1	1	4	1899	2940	0.509894736842105
GO:0060048	cardiac muscle contraction	 23	0.739137634792692	1	8	15	1892	2929	0.886773455377574
GO:0060056	mammary gland involution	  5	0.649601443719976	1	2	3	1898	2941	1.01978947368421
GO:0060065	uterus development	  6	0.439579404322443	1	3	3	1897	2941	1.27473684210526
GO:0060070	canonical Wnt signaling pathway	 29	0.760309579494384	1	10	19	1890	2925	0.879128856624319
GO:0060074	synapse maturation	  5	1	1	0	5	1900	2939	0
GO:0060076	excitatory synapse	 11	0.870701529418895	1	3	8	1897	2936	0.695311004784689
GO:0060077	inhibitory synapse	  7	0.969456475532965	1	1	6	1899	2938	0.364210526315789
GO:0060078	regulation of postsynaptic membrane potential	 19	0.993508285437782	1	3	16	1897	2928	0.402548476454294
GO:0060079	excitatory postsynaptic potential	 16	0.647983956112763	1	6	10	1894	2934	0.956052631578947
GO:0060090	molecular adaptor activity	 24	0.190133270384047	1	12	12	1888	2932	1.27473684210526
GO:0060100	positive regulation of phagocytosis, engulfment	  8	0.981454138647988	1	1	7	1899	2937	0.318684210526316
GO:0060122	inner ear receptor cell stereocilium organization	 10	0.948919172037504	1	2	8	1898	2936	0.509894736842105
GO:0060124	positive regulation of growth hormone secretion	  6	0.439579404322443	1	3	3	1897	2941	1.27473684210526
GO:0060135	maternal process involved in female pregnancy	  8	0.387889435544869	1	4	4	1896	2940	1.27473684210526
GO:0060136	embryonic process involved in female pregnancy	  6	0.754612463418742	1	2	4	1898	2940	0.849824561403509
GO:0060170	ciliary membrane	 14	0.700618363148246	1	5	9	1895	2935	0.910526315789474
GO:0060173	limb development	 22	0.823587840600774	1	7	15	1893	2929	0.811196172248804
GO:0060216	definitive hemopoiesis	  7	0.83118932937518	1	2	5	1898	2939	0.728421052631579
GO:0060236	regulation of mitotic spindle organization	  7	0.274791545382173	1	4	3	1896	2941	1.45684210526316
GO:0060252	positive regulation of glial cell proliferation	  6	0.754612463418742	1	2	4	1898	2940	0.849824561403509
GO:0060259	regulation of feeding behavior	  6	1	1	0	6	1900	2938	0
GO:0060261	positive regulation of transcription initiation from RNA polymerase II promoter	  7	0.563170298527647	1	3	4	1897	2940	1.09263157894737
GO:0060271	cilium assembly	 36	0.443634192069104	1	15	21	1885	2923	1.06228070175439
GO:0060291	long-term synaptic potentiation	 16	0.647983956112763	1	6	10	1894	2934	0.956052631578947
GO:0060292	long-term synaptic depression	  6	0.168500294647832	1	4	2	1896	2942	1.69964912280702
GO:0060307	regulation of ventricular cardiac muscle cell membrane repolarization	  5	0.917188765638001	1	1	4	1899	2940	0.509894736842105
GO:0060314	regulation of ryanodine-sensitive calcium-release channel activity	  7	0.563170298527647	1	3	4	1897	2940	1.09263157894737
GO:0060315	negative regulation of ryanodine-sensitive calcium-release channel activity	  8	0.387889435544869	1	4	4	1896	2940	1.27473684210526
GO:0060324	face development	  7	0.969456475532965	1	1	6	1899	2938	0.364210526315789
GO:0060325	face morphogenesis	 10	0.598206974532865	1	4	6	1896	2938	1.01978947368421
GO:0060326	cell chemotaxis	 31	0.836660487135865	1	10	21	1890	2923	0.822410865874363
GO:0060337	type I interferon signaling pathway	  5	0.917188765638001	1	1	4	1899	2940	0.509894736842105
GO:0060346	bone trabecula formation	  7	0.563170298527647	1	3	4	1897	2940	1.09263157894737
GO:0060347	heart trabecula formation	  7	0.274791545382173	1	4	3	1896	2941	1.45684210526316
GO:0060348	bone development	 26	0.750091565406376	1	9	17	1891	2927	0.88251012145749
GO:0060349	bone morphogenesis	 16	0.978914829710732	1	3	13	1897	2931	0.478026315789474
GO:0060384	innervation	  8	0.668338816317314	1	3	5	1897	2939	0.956052631578947
GO:0060389	pathway-restricted SMAD protein phosphorylation	  6	1	1	0	6	1900	2938	0
GO:0060391	positive regulation of SMAD protein signal transduction	  7	0.83118932937518	1	2	5	1898	2939	0.728421052631579
GO:0060394	negative regulation of pathway-restricted SMAD protein phosphorylation	  8	0.885472833727802	1	2	6	1898	2938	0.637368421052632
GO:0060395	SMAD protein signal transduction	 23	0.86053480564181	1	7	16	1893	2928	0.775926773455378
GO:0060396	growth hormone receptor signaling pathway	  5	0.917188765638001	1	1	4	1899	2940	0.509894736842105
GO:0060402	calcium ion transport into cytosol	  5	1	1	0	5	1900	2939	0
GO:0060411	cardiac septum morphogenesis	  5	0.917188765638001	1	1	4	1899	2940	0.509894736842105
GO:0060412	ventricular septum morphogenesis	 22	0.684557832950868	1	8	14	1892	2930	0.927081339712919
GO:0060413	atrial septum morphogenesis	  5	0.917188765638001	1	1	4	1899	2940	0.509894736842105
GO:0060425	lung morphogenesis	  8	0.387889435544869	1	4	4	1896	2940	1.27473684210526
GO:0060429	epithelium development	  8	0.885472833727802	1	2	6	1898	2938	0.637368421052632
GO:0060430	lung saccule development	  5	0.649601443719976	1	2	3	1898	2941	1.01978947368421
GO:0060441	epithelial tube branching involved in lung morphogenesis	 11	0.870701529418895	1	3	8	1897	2936	0.695311004784689
GO:0060444	branching involved in mammary gland duct morphogenesis	  9	0.92316276301718	1	2	7	1898	2937	0.566549707602339
GO:0060445	branching involved in salivary gland morphogenesis	  5	0.649601443719976	1	2	3	1898	2941	1.01978947368421
GO:0060452	positive regulation of cardiac muscle contraction	  5	0.649601443719976	1	2	3	1898	2941	1.01978947368421
GO:0060510	type II pneumocyte differentiation	  5	0.649601443719976	1	2	3	1898	2941	1.01978947368421
GO:0060541	respiratory system development	  6	0.949704026081852	1	1	5	1899	2939	0.424912280701754
GO:0060546	negative regulation of necroptotic process	  9	0.0907478819362753	0.790509169841492	6	3	1894	2941	1.69964912280702
GO:0060548	negative regulation of cell death	 33	0.179739567251537	1	16	17	1884	2927	1.23610845295056
GO:0060612	adipose tissue development	 14	0.0512583680658518	0.700531030233308	9	5	1891	2939	1.63894736842105
GO:0060674	placenta blood vessel development	  7	0.0887818565970774	0.790509169841492	5	2	1895	2942	1.82105263157895
GO:0060707	trophoblast giant cell differentiation	  8	0.668338816317314	1	3	5	1897	2939	0.956052631578947
GO:0060711	labyrinthine layer development	  5	0.917188765638001	1	1	4	1899	2940	0.509894736842105
GO:0060712	spongiotrophoblast layer development	  5	0.917188765638001	1	1	4	1899	2940	0.509894736842105
GO:0060716	labyrinthine layer blood vessel development	  9	0.497900286521984	1	4	5	1896	2939	1.13309941520468
GO:0060749	mammary gland alveolus development	  6	0.439579404322443	1	3	3	1897	2941	1.27473684210526
GO:0060765	regulation of androgen receptor signaling pathway	  5	0.304039849485138	1	3	2	1897	2942	1.52968421052632
GO:0060766	negative regulation of androgen receptor signaling pathway	 10	0.598206974532865	1	4	6	1896	2938	1.01978947368421
GO:0060828	regulation of canonical Wnt signaling pathway	  6	0.439579404322443	1	3	3	1897	2941	1.27473684210526
GO:0060976	coronary vasculature development	 11	0.229412856614498	1	6	5	1894	2939	1.39062200956938
GO:0060997	dendritic spine morphogenesis	  7	0.969456475532965	1	1	6	1899	2938	0.364210526315789
GO:0060999	positive regulation of dendritic spine development	  7	0.969456475532965	1	1	6	1899	2938	0.364210526315789
GO:0061001	regulation of dendritic spine morphogenesis	  6	0.439579404322443	1	3	3	1897	2941	1.27473684210526
GO:0061003	positive regulation of dendritic spine morphogenesis	  7	0.969456475532965	1	1	6	1899	2938	0.364210526315789
GO:0061024	membrane organization	  6	0.439579404322443	1	3	3	1897	2941	1.27473684210526
GO:0061025	membrane fusion	 10	0.820137126935884	1	3	7	1897	2937	0.764842105263158
GO:0061028	establishment of endothelial barrier	  6	0.949704026081852	1	1	5	1899	2939	0.424912280701754
GO:0061036	positive regulation of cartilage development	  7	0.83118932937518	1	2	5	1898	2939	0.728421052631579
GO:0061037	negative regulation of cartilage development	  6	1	1	0	6	1900	2938	0
GO:0061045	negative regulation of wound healing	  6	0.949704026081852	1	1	5	1899	2939	0.424912280701754
GO:0061051	positive regulation of cell growth involved in cardiac muscle cell development	  5	0.0811044634016161	0.790509169841492	4	1	1896	2943	2.03957894736842
GO:0061052	negative regulation of cell growth involved in cardiac muscle cell development	  6	0.439579404322443	1	3	3	1897	2941	1.27473684210526
GO:0061053	somite development	  6	0.439579404322443	1	3	3	1897	2941	1.27473684210526
GO:0061077	chaperone-mediated protein folding	 10	0.347440254505663	1	5	5	1895	2939	1.27473684210526
GO:0061098	positive regulation of protein tyrosine kinase activity	 18	0.409627859647824	1	8	10	1892	2934	1.13309941520468
GO:0061154	endothelial tube morphogenesis	  5	0.917188765638001	1	1	4	1899	2940	0.509894736842105
GO:0061157	mRNA destabilization	  6	0.754612463418742	1	2	4	1898	2940	0.849824561403509
GO:0061158	3	  6	0.439579404322443	1	3	3	1897	2941	1.27473684210526
GO:0061178	regulation of insulin secretion involved in cellular response to glucose stimulus	  5	1	1	0	5	1900	2939	0
GO:0061179	negative regulation of insulin secretion involved in cellular response to glucose stimulus	  5	0.649601443719976	1	2	3	1898	2941	1.01978947368421
GO:0061298	retina vasculature development in camera-type eye	  6	0.949704026081852	1	1	5	1899	2939	0.424912280701754
GO:0061299	retina vasculature morphogenesis in camera-type eye	  5	0.304039849485138	1	3	2	1897	2942	1.52968421052632
GO:0061337	cardiac conduction	  5	1	1	0	5	1900	2939	0
GO:0061351	neural precursor cell proliferation	  7	0.83118932937518	1	2	5	1898	2939	0.728421052631579
GO:0061370	testosterone biosynthetic process	  5	1	1	0	5	1900	2939	0
GO:0061436	establishment of skin barrier	 10	1	1	0	10	1900	2934	0
GO:0061469	regulation of type B pancreatic cell proliferation	  5	0.917188765638001	1	1	4	1899	2940	0.509894736842105
GO:0061512	protein localization to cilium	 11	0.685298720314521	1	4	7	1896	2937	0.927081339712919
GO:0061549	sympathetic ganglion development	  7	0.969456475532965	1	1	6	1899	2938	0.364210526315789
GO:0061564	axon development	  5	0.304039849485138	1	3	2	1897	2942	1.52968421052632
GO:0061575	cyclin-dependent protein serine/threonine kinase activator activity	  5	0.304039849485138	1	3	2	1897	2942	1.52968421052632
GO:0061617	MICOS complex	  5	0.0811044634016161	0.790509169841492	4	1	1896	2943	2.03957894736842
GO:0061626	pharyngeal arch artery morphogenesis	  5	0.649601443719976	1	2	3	1898	2941	1.01978947368421
GO:0061630	ubiquitin protein ligase activity	 71	0.965984352780516	1	21	50	1879	2894	0.754069681245367
GO:0061631	ubiquitin conjugating enzyme activity	 12	0.144569725741978	1	7	5	1893	2939	1.48719298245614
GO:0061676	importin-alpha family protein binding	  5	0.649601443719976	1	2	3	1898	2941	1.01978947368421
GO:0061844	antimicrobial humoral immune response mediated by antimicrobial peptide	 19	0.667415580666289	1	7	12	1893	2932	0.939279778393352
GO:0061952	midbody abscission	  8	0.885472833727802	1	2	6	1898	2938	0.637368421052632
GO:0062009	secondary palate development	  7	1	1	0	7	1900	2937	0
GO:0065003	protein-containing complex assembly	 32	0.644263834993619	1	12	20	1888	2924	0.956052631578947
GO:0070034	telomerase RNA binding	  9	0.250375871823477	1	5	4	1895	2940	1.41637426900585
GO:0070050	neuron cellular homeostasis	  5	0.917188765638001	1	1	4	1899	2940	0.509894736842105
GO:0070059	intrinsic apoptotic signaling pathway in response to endoplasmic reticulum stress	 18	0.409627859647824	1	8	10	1892	2934	1.13309941520468
GO:0070062	extracellular exosome	 28	0.087331779862202	0.790509169841492	15	13	1885	2931	1.36578947368421
GO:0070063	RNA polymerase binding	  7	0.274791545382173	1	4	3	1896	2941	1.45684210526316
GO:0070064	proline-rich region binding	  7	0.83118932937518	1	2	5	1898	2939	0.728421052631579
GO:0070098	chemokine-mediated signaling pathway	 20	0.94174501421726	1	5	15	1895	2929	0.637368421052632
GO:0070160	tight junction	  8	0.885472833727802	1	2	6	1898	2938	0.637368421052632
GO:0070192	chromosome organization involved in meiotic cell cycle	  5	0.649601443719976	1	2	3	1898	2941	1.01978947368421
GO:0070207	protein homotrimerization	  6	0.439579404322443	1	3	3	1897	2941	1.27473684210526
GO:0070213	protein auto-ADP-ribosylation	  6	0.754612463418742	1	2	4	1898	2940	0.849824561403509
GO:0070266	necroptotic process	  6	0.754612463418742	1	2	4	1898	2940	0.849824561403509
GO:0070273	phosphatidylinositol-4-phosphate binding	  9	0.92316276301718	1	2	7	1898	2937	0.566549707602339
GO:0070300	phosphatidic acid binding	  6	0.949704026081852	1	1	5	1899	2939	0.424912280701754
GO:0070301	cellular response to hydrogen peroxide	 27	0.355343292648724	1	12	15	1888	2929	1.13309941520468
GO:0070306	lens fiber cell differentiation	  5	0.649601443719976	1	2	3	1898	2941	1.01978947368421
GO:0070328	triglyceride homeostasis	  7	0.274791545382173	1	4	3	1896	2941	1.45684210526316
GO:0070365	hepatocyte differentiation	  5	0.649601443719976	1	2	3	1898	2941	1.01978947368421
GO:0070371	ERK1 and ERK2 cascade	 12	0.314255987487018	1	6	6	1894	2938	1.27473684210526
GO:0070372	regulation of ERK1 and ERK2 cascade	  8	0.668338816317314	1	3	5	1897	2939	0.956052631578947
GO:0070373	negative regulation of ERK1 and ERK2 cascade	 29	0.475561762163232	1	12	17	1888	2927	1.05495462794918
GO:0070374	positive regulation of ERK1 and ERK2 cascade	 75	0.824498738639266	1	26	49	1874	2895	0.883817543859649
GO:0070382	exocytic vesicle	 10	0.347440254505663	1	5	5	1895	2939	1.27473684210526
GO:0070402	NADPH binding	  9	0.497900286521984	1	4	5	1896	2939	1.13309941520468
GO:0070403	NAD+ binding	  5	0.649601443719976	1	2	3	1898	2941	1.01978947368421
GO:0070410	co-SMAD binding	  5	0.917188765638001	1	1	4	1899	2940	0.509894736842105
GO:0070411	I-SMAD binding	  7	0.969456475532965	1	1	6	1899	2938	0.364210526315789
GO:0070412	R-SMAD binding	 11	0.870701529418895	1	3	8	1897	2936	0.695311004784689
GO:0070417	cellular response to cold	  7	0.83118932937518	1	2	5	1898	2939	0.728421052631579
GO:0070461	SAGA-type complex	  5	0.649601443719976	1	2	3	1898	2941	1.01978947368421
GO:0070469	respirasome	 25	0.000200302429107955	0.0832872606472834	19	6	1881	2938	1.9376
GO:0070491	repressing transcription factor binding	 13	0.998472384112233	1	1	12	1899	2932	0.196113360323887
GO:0070492	oligosaccharide binding	  6	0.949704026081852	1	1	5	1899	2939	0.424912280701754
GO:0070507	regulation of microtubule cytoskeleton organization	  9	0.497900286521984	1	4	5	1896	2939	1.13309941520468
GO:0070509	calcium ion import	  9	0.92316276301718	1	2	7	1898	2937	0.566549707602339
GO:0070527	platelet aggregation	 11	0.966300870397195	1	2	9	1898	2935	0.463540669856459
GO:0070528	protein kinase C signaling	  5	0.649601443719976	1	2	3	1898	2941	1.01978947368421
GO:0070530	K63-linked polyubiquitin modification-dependent protein binding	  6	0.754612463418742	1	2	4	1898	2940	0.849824561403509
GO:0070534	protein K63-linked ubiquitination	 12	0.314255987487018	1	6	6	1894	2938	1.27473684210526
GO:0070536	protein K63-linked deubiquitination	 10	0.820137126935884	1	3	7	1897	2937	0.764842105263158
GO:0070542	response to fatty acid	  9	0.00325947262962911	0.227436014866414	8	1	1892	2943	2.26619883040936
GO:0070555	response to interleukin-1	 10	0.820137126935884	1	3	7	1897	2937	0.764842105263158
GO:0070577	lysine-acetylated histone binding	  5	0.917188765638001	1	1	4	1899	2940	0.509894736842105
GO:0070584	mitochondrion morphogenesis	  5	0.649601443719976	1	2	3	1898	2941	1.01978947368421
GO:0070588	calcium ion transmembrane transport	 35	0.968476164843049	1	9	26	1891	2918	0.655578947368421
GO:0070700	BMP receptor binding	  5	0.917188765638001	1	1	4	1899	2940	0.509894736842105
GO:0070830	bicellular tight junction assembly	 15	0.572668928678401	1	6	9	1894	2935	1.01978947368421
GO:0070840	dynein complex binding	 11	0.229412856614498	1	6	5	1894	2939	1.39062200956938
GO:0070848	response to growth factor	  5	0.917188765638001	1	1	4	1899	2940	0.509894736842105
GO:0070878	primary miRNA binding	  5	0.917188765638001	1	1	4	1899	2940	0.509894736842105
GO:0070885	negative regulation of calcineurin-NFAT signaling cascade	  5	0.649601443719976	1	2	3	1898	2941	1.01978947368421
GO:0070886	positive regulation of calcineurin-NFAT signaling cascade	  6	0.168500294647832	1	4	2	1896	2942	1.69964912280702
GO:0070888	E-box binding	 22	0.917652394680963	1	6	16	1894	2928	0.695311004784689
GO:0070914	UV-damage excision repair	  5	0.649601443719976	1	2	3	1898	2941	1.01978947368421
GO:0070932	histone H3 deacetylation	  5	0.304039849485138	1	3	2	1897	2942	1.52968421052632
GO:0070935	3	  6	0.168500294647832	1	4	2	1896	2942	1.69964912280702
GO:0070936	protein K48-linked ubiquitination	 20	0.727338785506498	1	7	13	1893	2931	0.892315789473684
GO:0070971	endoplasmic reticulum exit site	  8	0.161693655219476	1	5	3	1895	2941	1.59342105263158
GO:0070979	protein K11-linked ubiquitination	 13	0.00655596906365367	0.331042047224475	10	3	1890	2941	1.96113360323887
GO:0071005	U2-type precatalytic spliceosome	 24	0.0449588354741945	0.700531030233308	14	10	1886	2934	1.48719298245614
GO:0071007	U2-type catalytic step 2 spliceosome	 16	0.261993676791498	1	8	8	1892	2936	1.27473684210526
GO:0071011	precatalytic spliceosome	 10	0.15331148914129	1	6	4	1894	2940	1.52968421052632
GO:0071013	catalytic step 2 spliceosome	 35	0.0960771622354011	0.832217672884108	18	17	1882	2927	1.31115789473684
GO:0071014	post-mRNA release spliceosomal complex	  5	0.649601443719976	1	2	3	1898	2941	1.01978947368421
GO:0071108	protein K48-linked deubiquitination	 14	0.990661969616714	1	2	12	1898	2932	0.364210526315789
GO:0071157	negative regulation of cell cycle arrest	  5	0.917188765638001	1	1	4	1899	2940	0.509894736842105
GO:0071158	positive regulation of cell cycle arrest	 12	0.758071145075746	1	4	8	1896	2936	0.849824561403509
GO:0071168	protein localization to chromatin	  6	0.439579404322443	1	3	3	1897	2941	1.27473684210526
GO:0071169	establishment of protein localization to chromatin	  5	0.0811044634016161	0.790509169841492	4	1	1896	2943	2.03957894736842
GO:0071222	cellular response to lipopolysaccharide	 47	0.932989179646622	1	14	33	1886	2911	0.759417693169093
GO:0071230	cellular response to amino acid stimulus	 29	0.00110688728578328	0.153161357788266	20	9	1880	2935	1.75825771324864
GO:0071236	cellular response to antibiotic	  6	0.754612463418742	1	2	4	1898	2940	0.849824561403509
GO:0071257	cellular response to electrical stimulus	  6	0.949704026081852	1	1	5	1899	2939	0.424912280701754
GO:0071260	cellular response to mechanical stimulus	 23	0.739137634792692	1	8	15	1892	2929	0.886773455377574
GO:0071276	cellular response to cadmium ion	  6	0.754612463418742	1	2	4	1898	2940	0.849824561403509
GO:0071277	cellular response to calcium ion	 31	0.591007966693234	1	12	19	1888	2925	0.986893039049236
GO:0071280	cellular response to copper ion	  6	0.439579404322443	1	3	3	1897	2941	1.27473684210526
GO:0071285	cellular response to lithium ion	  6	0.949704026081852	1	1	5	1899	2939	0.424912280701754
GO:0071300	cellular response to retinoic acid	 25	0.699935595853847	1	9	16	1891	2928	0.91781052631579
GO:0071305	cellular response to vitamin D	  7	0.563170298527647	1	3	4	1897	2940	1.09263157894737
GO:0071310	cellular response to organic substance	 16	0.926922941077969	1	4	12	1896	2932	0.637368421052632
GO:0071313	cellular response to caffeine	  5	0.649601443719976	1	2	3	1898	2941	1.01978947368421
GO:0071318	cellular response to ATP	  6	0.168500294647832	1	4	2	1896	2942	1.69964912280702
GO:0071320	cellular response to cAMP	 20	0.556129628820188	1	8	12	1892	2932	1.01978947368421
GO:0071333	cellular response to glucose stimulus	 27	0.662065884052043	1	10	17	1890	2927	0.944249512670565
GO:0071339	MLL1 complex	 11	0.445796419414966	1	5	6	1895	2938	1.15885167464115
GO:0071345	cellular response to cytokine stimulus	  7	0.969456475532965	1	1	6	1899	2938	0.364210526315789
GO:0071346	cellular response to interferon-gamma	 30	0.801189062250472	1	10	20	1890	2924	0.849824561403509
GO:0071347	cellular response to interleukin-1	 28	0.713899981033892	1	10	18	1890	2926	0.910526315789474
GO:0071353	cellular response to interleukin-4	  7	0.0168564242510799	0.492429936432315	6	1	1894	2943	2.18526315789474
GO:0071354	cellular response to interleukin-6	  6	0.168500294647832	1	4	2	1896	2942	1.69964912280702
GO:0071356	cellular response to tumor necrosis factor	 41	0.985174798851291	1	10	31	1890	2913	0.621822849807445
GO:0071360	cellular response to exogenous dsRNA	  5	0.649601443719976	1	2	3	1898	2941	1.01978947368421
GO:0071361	cellular response to ethanol	  5	1	1	0	5	1900	2939	0
GO:0071363	cellular response to growth factor stimulus	 33	0.808031383347172	1	11	22	1889	2922	0.849824561403509
GO:0071364	cellular response to epidermal growth factor stimulus	 21	0.00278182462640343	0.227436014866414	15	6	1885	2938	1.82105263157895
GO:0071375	cellular response to peptide hormone stimulus	  9	0.250375871823477	1	5	4	1895	2940	1.41637426900585
GO:0071377	cellular response to glucagon stimulus	  5	0.917188765638001	1	1	4	1899	2940	0.509894736842105
GO:0071380	cellular response to prostaglandin E stimulus	  6	1	1	0	6	1900	2938	0
GO:0071383	cellular response to steroid hormone stimulus	  6	0.754612463418742	1	2	4	1898	2940	0.849824561403509
GO:0071385	cellular response to glucocorticoid stimulus	 10	0.598206974532865	1	4	6	1896	2938	1.01978947368421
GO:0071391	cellular response to estrogen stimulus	  9	0.92316276301718	1	2	7	1898	2937	0.566549707602339
GO:0071392	cellular response to estradiol stimulus	 16	0.447143882954465	1	7	9	1893	2935	1.11539473684211
GO:0071398	cellular response to fatty acid	  6	0.439579404322443	1	3	3	1897	2941	1.27473684210526
GO:0071404	cellular response to low-density lipoprotein particle stimulus	  8	0.668338816317314	1	3	5	1897	2939	0.956052631578947
GO:0071407	cellular response to organic cyclic compound	 30	0.534471877555158	1	12	18	1888	2926	1.01978947368421
GO:0071421	manganese ion transmembrane transport	  5	0.917188765638001	1	1	4	1899	2940	0.509894736842105
GO:0071425	hematopoietic stem cell proliferation	  8	0.668338816317314	1	3	5	1897	2939	0.956052631578947
GO:0071437	invadopodium	  5	0.649601443719976	1	2	3	1898	2941	1.01978947368421
GO:0071456	cellular response to hypoxia	 52	0.484181247913049	1	21	31	1879	2913	1.0295951417004
GO:0071459	protein localization to chromosome, centromeric region	  5	1	1	0	5	1900	2939	0
GO:0071479	cellular response to ionizing radiation	 22	0.516138162847665	1	9	13	1891	2931	1.04296650717703
GO:0071480	cellular response to gamma radiation	 16	0.447143882954465	1	7	9	1893	2935	1.11539473684211
GO:0071481	cellular response to X-ray	  7	0.83118932937518	1	2	5	1898	2939	0.728421052631579
GO:0071498	cellular response to fluid shear stress	  5	0.00925457767269283	0.36958216030559	5	0	1895	2944	2.54947368421053
GO:0071526	semaphorin-plexin signaling pathway	 11	0.445796419414966	1	5	6	1895	2938	1.15885167464115
GO:0071542	dopaminergic neuron differentiation	 11	0.870701529418895	1	3	8	1897	2936	0.695311004784689
GO:0071549	cellular response to dexamethasone stimulus	 18	0.119858271310697	0.972464866175182	10	8	1890	2936	1.41637426900585
GO:0071560	cellular response to transforming growth factor beta stimulus	 30	0.948561879718552	1	8	22	1892	2922	0.679859649122807
GO:0071577	zinc ion transmembrane transport	  7	0.274791545382173	1	4	3	1896	2941	1.45684210526316
GO:0071636	positive regulation of transforming growth factor beta production	  7	0.274791545382173	1	4	3	1896	2941	1.45684210526316
GO:0071639	positive regulation of monocyte chemotactic protein-1 production	  5	0.917188765638001	1	1	4	1899	2940	0.509894736842105
GO:0071679	commissural neuron axon guidance	  6	0.754612463418742	1	2	4	1898	2940	0.849824561403509
GO:0071711	basement membrane organization	  5	0.304039849485138	1	3	2	1897	2942	1.52968421052632
GO:0071732	cellular response to nitric oxide	 10	0.598206974532865	1	4	6	1896	2938	1.01978947368421
GO:0071773	cellular response to BMP stimulus	 18	0.962413833636894	1	4	14	1896	2930	0.566549707602339
GO:0071782	endoplasmic reticulum tubular network	  8	0.885472833727802	1	2	6	1898	2938	0.637368421052632
GO:0071805	potassium ion transmembrane transport	 26	0.935114033977461	1	7	19	1893	2925	0.686396761133603
GO:0071837	HMG box domain binding	  9	0.753558081214978	1	3	6	1897	2938	0.849824561403509
GO:0071850	mitotic cell cycle arrest	  8	0.668338816317314	1	3	5	1897	2939	0.956052631578947
GO:0071880	adenylate cyclase-activating adrenergic receptor signaling pathway	  5	1	1	0	5	1900	2939	0
GO:0071889	14-3-3 protein binding	  8	0.387889435544869	1	4	4	1896	2940	1.27473684210526
GO:0071896	protein localization to adherens junction	  5	0.917188765638001	1	1	4	1899	2940	0.509894736842105
GO:0071897	DNA biosynthetic process	 16	0.00399248383776968	0.240723290218466	12	4	1888	2940	1.91210526315789
GO:0071901	negative regulation of protein serine/threonine kinase activity	  7	0.83118932937518	1	2	5	1898	2939	0.728421052631579
GO:0071902	positive regulation of protein serine/threonine kinase activity	 19	0.484279592379304	1	8	11	1892	2933	1.07346260387812
GO:0071944	cell periphery	 33	0.41652481994912	1	14	19	1886	2925	1.08159489633174
GO:0071949	FAD binding	 13	0.402691105215304	1	6	7	1894	2937	1.17668016194332
GO:0072015	glomerular visceral epithelial cell development	  5	0.649601443719976	1	2	3	1898	2941	1.01978947368421
GO:0072332	intrinsic apoptotic signaling pathway by p53 class mediator	  7	0.563170298527647	1	3	4	1897	2940	1.09263157894737
GO:0072341	modified amino acid binding	  5	1	1	0	5	1900	2939	0
GO:0072358	cardiovascular system development	  5	0.917188765638001	1	1	4	1899	2940	0.509894736842105
GO:0072546	ER membrane protein complex	  5	0.917188765638001	1	1	4	1899	2940	0.509894736842105
GO:0072583	clathrin-dependent endocytosis	  5	0.917188765638001	1	1	4	1899	2940	0.509894736842105
GO:0072593	reactive oxygen species metabolic process	 14	0.286202413088633	1	7	7	1893	2937	1.27473684210526
GO:0072657	protein localization to membrane	  7	0.83118932937518	1	2	5	1898	2939	0.728421052631579
GO:0072659	protein localization to plasma membrane	 52	0.0223263800965534	0.562734580302472	28	24	1872	2920	1.37279352226721
GO:0072686	mitotic spindle	 30	0.255662505774038	1	14	16	1886	2928	1.18975438596491
GO:0075522	IRES-dependent viral translational initiation	  6	0.168500294647832	1	4	2	1896	2942	1.69964912280702
GO:0075525	viral translational termination-reinitiation	  5	0.00925457767269283	0.36958216030559	5	0	1895	2944	2.54947368421053
GO:0080008	Cul4-RING E3 ubiquitin ligase complex	  5	0.649601443719976	1	2	3	1898	2941	1.01978947368421
GO:0080025	phosphatidylinositol-3,5-bisphosphate binding	 11	0.685298720314521	1	4	7	1896	2937	0.927081339712919
GO:0080111	DNA demethylation	  5	0.304039849485138	1	3	2	1897	2942	1.52968421052632
GO:0086002	cardiac muscle cell action potential involved in contraction	  8	0.981454138647988	1	1	7	1899	2937	0.318684210526316
GO:0086004	regulation of cardiac muscle cell contraction	  7	0.83118932937518	1	2	5	1898	2939	0.728421052631579
GO:0086005	ventricular cardiac muscle cell action potential	  5	0.917188765638001	1	1	4	1899	2940	0.509894736842105
GO:0086091	regulation of heart rate by cardiac conduction	 11	0.870701529418895	1	3	8	1897	2936	0.695311004784689
GO:0089720	caspase binding	  5	0.649601443719976	1	2	3	1898	2941	1.01978947368421
GO:0090023	positive regulation of neutrophil chemotaxis	  8	1	1	0	8	1900	2936	0
GO:0090026	positive regulation of monocyte chemotaxis	  5	0.304039849485138	1	3	2	1897	2942	1.52968421052632
GO:0090050	positive regulation of cell migration involved in sprouting angiogenesis	  9	0.250375871823477	1	5	4	1895	2940	1.41637426900585
GO:0090051	negative regulation of cell migration involved in sprouting angiogenesis	  6	0.439579404322443	1	3	3	1897	2941	1.27473684210526
GO:0090090	negative regulation of canonical Wnt signaling pathway	 43	0.417150104261444	1	18	25	1882	2919	1.06722154222766
GO:0090102	cochlea development	 11	0.229412856614498	1	6	5	1894	2939	1.39062200956938
GO:0090103	cochlea morphogenesis	  8	0.981454138647988	1	1	7	1899	2937	0.318684210526316
GO:0090141	positive regulation of mitochondrial fission	  6	0.168500294647832	1	4	2	1896	2942	1.69964912280702
GO:0090161	Golgi ribbon formation	  6	0.439579404322443	1	3	3	1897	2941	1.27473684210526
GO:0090179	planar cell polarity pathway involved in neural tube closure	  6	0.754612463418742	1	2	4	1898	2940	0.849824561403509
GO:0090190	positive regulation of branching involved in ureteric bud morphogenesis	  8	0.387889435544869	1	4	4	1896	2940	1.27473684210526
GO:0090200	positive regulation of release of cytochrome c from mitochondria	  7	0.83118932937518	1	2	5	1898	2939	0.728421052631579
GO:0090201	negative regulation of release of cytochrome c from mitochondria	  7	0.0168564242510799	0.492429936432315	6	1	1894	2943	2.18526315789474
GO:0090263	positive regulation of canonical Wnt signaling pathway	 35	0.390099101890356	1	15	20	1885	2924	1.09263157894737
GO:0090280	positive regulation of calcium ion import	  5	0.304039849485138	1	3	2	1897	2942	1.52968421052632
GO:0090303	positive regulation of wound healing	 10	0.948919172037504	1	2	8	1898	2936	0.509894736842105
GO:0090305	nucleic acid phosphodiester bond hydrolysis	 36	0.315149975640107	1	16	20	1884	2924	1.13309941520468
GO:0090307	mitotic spindle assembly	  8	0.161693655219476	1	5	3	1895	2941	1.59342105263158
GO:0090314	positive regulation of protein targeting to membrane	 11	0.0898936829136167	0.790509169841492	7	4	1893	2940	1.62239234449761
GO:0090316	positive regulation of intracellular protein transport	  7	1	1	0	7	1900	2937	0
GO:0090331	negative regulation of platelet aggregation	  5	0.917188765638001	1	1	4	1899	2940	0.509894736842105
GO:0090398	cellular senescence	 10	0.15331148914129	1	6	4	1894	2940	1.52968421052632
GO:0090501	RNA phosphodiester bond hydrolysis	  6	0.949704026081852	1	1	5	1899	2939	0.424912280701754
GO:0090502	RNA phosphodiester bond hydrolysis, endonucleolytic	 13	0.402691105215304	1	6	7	1894	2937	1.17668016194332
GO:0090503	RNA phosphodiester bond hydrolysis, exonucleolytic	  9	0.92316276301718	1	2	7	1898	2937	0.566549707602339
GO:0090543	Flemming body	 11	0.229412856614498	1	6	5	1894	2939	1.39062200956938
GO:0090575	RNA polymerase II transcription factor complex	 31	0.836660487135865	1	10	21	1890	2923	0.822410865874363
GO:0090630	activation of GTPase activity	 25	0.544010903471796	1	10	15	1890	2929	1.01978947368421
GO:0090647	modulation of age-related behavioral decline	  6	0.439579404322443	1	3	3	1897	2941	1.27473684210526
GO:0090650	cellular response to oxygen-glucose deprivation	  5	1	1	0	5	1900	2939	0
GO:0090734	site of DNA damage	  7	0.274791545382173	1	4	3	1896	2941	1.45684210526316
GO:0095500	acetylcholine receptor signaling pathway	  6	0.949704026081852	1	1	5	1899	2939	0.424912280701754
GO:0097009	energy homeostasis	 12	0.997482455672001	1	1	11	1899	2933	0.212456140350877
GO:0097038	perinuclear endoplasmic reticulum	  7	0.83118932937518	1	2	5	1898	2939	0.728421052631579
GO:0097060	synaptic membrane	 21	0.282571239662319	1	10	11	1890	2933	1.2140350877193
GO:0097067	cellular response to thyroid hormone stimulus	  7	0.563170298527647	1	3	4	1897	2940	1.09263157894737
GO:0097084	vascular smooth muscle cell development	  5	0.649601443719976	1	2	3	1898	2941	1.01978947368421
GO:0097110	scaffold protein binding	 26	0.750091565406376	1	9	17	1891	2927	0.88251012145749
GO:0097120	receptor localization to synapse	  5	0.649601443719976	1	2	3	1898	2941	1.01978947368421
GO:0097150	neuronal stem cell population maintenance	  8	0.161693655219476	1	5	3	1895	2941	1.59342105263158
GO:0097157	pre-mRNA intronic binding	  6	0.439579404322443	1	3	3	1897	2941	1.27473684210526
GO:0097190	apoptotic signaling pathway	 19	0.167243668696311	1	10	9	1890	2935	1.34182825484765
GO:0097191	extrinsic apoptotic signaling pathway	 13	0.625418099277554	1	5	8	1895	2936	0.980566801619433
GO:0097192	extrinsic apoptotic signaling pathway in absence of ligand	 15	0.366140667758168	1	7	8	1893	2936	1.18975438596491
GO:0097193	intrinsic apoptotic signaling pathway	  7	0.83118932937518	1	2	5	1898	2939	0.728421052631579
GO:0097202	activation of cysteine-type endopeptidase activity	  5	0.304039849485138	1	3	2	1897	2942	1.52968421052632
GO:0097208	alveolar lamellar body	  5	0.304039849485138	1	3	2	1897	2942	1.52968421052632
GO:0097225	sperm midpiece	  7	0.969456475532965	1	1	6	1899	2938	0.364210526315789
GO:0097228	sperm principal piece	  5	0.917188765638001	1	1	4	1899	2940	0.509894736842105
GO:0097320	plasma membrane tubulation	  7	0.83118932937518	1	2	5	1898	2939	0.728421052631579
GO:0097352	autophagosome maturation	  8	0.387889435544869	1	4	4	1896	2940	1.27473684210526
GO:0097421	liver regeneration	 14	0.700618363148246	1	5	9	1895	2935	0.910526315789474
GO:0097431	mitotic spindle pole	 13	0.402691105215304	1	6	7	1894	2937	1.17668016194332
GO:0097435	supramolecular fiber organization	  6	0.0374065477785077	0.668750781505298	5	1	1895	2943	2.12456140350877
GO:0097440	apical dendrite	  8	0.668338816317314	1	3	5	1897	2939	0.956052631578947
GO:0097449	astrocyte projection	  6	0.754612463418742	1	2	4	1898	2940	0.849824561403509
GO:0097512	cardiac myofibril	  5	0.649601443719976	1	2	3	1898	2941	1.01978947368421
GO:0097546	ciliary base	  6	0.754612463418742	1	2	4	1898	2940	0.849824561403509
GO:0097718	disordered domain specific binding	 17	0.525932428638354	1	7	10	1893	2934	1.04978328173375
GO:0097730	non-motile cilium	 12	0.758071145075746	1	4	8	1896	2936	0.849824561403509
GO:0097746	regulation of blood vessel diameter	  7	0.83118932937518	1	2	5	1898	2939	0.728421052631579
GO:0097755	positive regulation of blood vessel diameter	  9	0.753558081214978	1	3	6	1897	2938	0.849824561403509
GO:0097756	negative regulation of blood vessel diameter	  8	0.668338816317314	1	3	5	1897	2939	0.956052631578947
GO:0098531	ligand-activated transcription factor activity	  8	0.885472833727802	1	2	6	1898	2938	0.637368421052632
GO:0098586	cellular response to virus	  7	0.563170298527647	1	3	4	1897	2940	1.09263157894737
GO:0098609	cell-cell adhesion	 57	0.588833637977055	1	22	35	1878	2909	0.984007386888273
GO:0098632	cell-cell adhesion mediator activity	  7	0.274791545382173	1	4	3	1896	2941	1.45684210526316
GO:0098655	cation transmembrane transport	 16	0.447143882954465	1	7	9	1893	2935	1.11539473684211
GO:0098656	anion transmembrane transport	  5	0.917188765638001	1	1	4	1899	2940	0.509894736842105
GO:0098685	Schaffer collateral - CA1 synapse	 34	0.738515687505437	1	12	22	1888	2922	0.899814241486068
GO:0098686	hippocampal mossy fiber to CA3 synapse	 11	0.995851588224611	1	1	10	1899	2934	0.23177033492823
GO:0098688	parallel fiber to Purkinje cell synapse	  9	0.753558081214978	1	3	6	1897	2938	0.849824561403509
GO:0098696	regulation of neurotransmitter receptor localization to postsynaptic specialization membrane	  5	0.649601443719976	1	2	3	1898	2941	1.01978947368421
GO:0098761	cellular response to interleukin-7	  7	0.274791545382173	1	4	3	1896	2941	1.45684210526316
GO:0098789	pre-mRNA cleavage required for polyadenylation	  5	0.649601443719976	1	2	3	1898	2941	1.01978947368421
GO:0098793	presynapse	 49	0.249596183146364	1	22	27	1878	2917	1.14466165413534
GO:0098794	postsynapse	 60	0.604925398848626	1	23	37	1877	2907	0.977298245614035
GO:0098839	postsynaptic density membrane	 13	0.817028054319387	1	4	9	1896	2935	0.784453441295547
GO:0098869	cellular oxidant detoxification	 27	0.00024517453209962	0.0837679651340367	20	7	1880	2937	1.88849902534113
GO:0098911	regulation of ventricular cardiac muscle cell action potential	  7	0.563170298527647	1	3	4	1897	2940	1.09263157894737
GO:0098982	GABA-ergic synapse	 22	0.968949184563959	1	5	17	1895	2927	0.579425837320574
GO:0098993	anchored component of synaptic vesicle membrane	  6	0.949704026081852	1	1	5	1899	2939	0.424912280701754
GO:0099003	vesicle-mediated transport in synapse	  6	0.168500294647832	1	4	2	1896	2942	1.69964912280702
GO:0099055	integral component of postsynaptic membrane	 23	0.977598529233503	1	5	18	1895	2926	0.554233409610984
GO:0099056	integral component of presynaptic membrane	 27	0.99865614201511	1	4	23	1896	2921	0.377699805068226
GO:0099059	integral component of presynaptic active zone membrane	  5	0.917188765638001	1	1	4	1899	2940	0.509894736842105
GO:0099060	integral component of postsynaptic specialization membrane	 10	0.820137126935884	1	3	7	1897	2937	0.764842105263158
GO:0099061	integral component of postsynaptic density membrane	 13	0.998472384112233	1	1	12	1899	2932	0.196113360323887
GO:0099072	regulation of postsynaptic membrane neurotransmitter receptor levels	  5	0.649601443719976	1	2	3	1898	2941	1.01978947368421
GO:0099092	postsynaptic density, intracellular component	  9	0.753558081214978	1	3	6	1897	2938	0.849824561403509
GO:0099149	regulation of postsynaptic neurotransmitter receptor internalization	  7	0.0168564242510799	0.492429936432315	6	1	1894	2943	2.18526315789474
GO:0099170	postsynaptic modulation of chemical synaptic transmission	  5	0.917188765638001	1	1	4	1899	2940	0.509894736842105
GO:0099175	regulation of postsynapse organization	 10	0.948919172037504	1	2	8	1898	2936	0.509894736842105
GO:0099524	postsynaptic cytosol	  9	0.250375871823477	1	5	4	1895	2940	1.41637426900585
GO:0099560	synaptic membrane adhesion	  5	0.917188765638001	1	1	4	1899	2940	0.509894736842105
GO:0099645	neurotransmitter receptor localization to postsynaptic specialization membrane	  6	0.754612463418742	1	2	4	1898	2940	0.849824561403509
GO:0102336	3-oxo-arachidoyl-CoA synthase activity	  5	0.0811044634016161	0.790509169841492	4	1	1896	2943	2.03957894736842
GO:0102337	3-oxo-cerotoyl-CoA synthase activity	  5	0.0811044634016161	0.790509169841492	4	1	1896	2943	2.03957894736842
GO:0102338	3-oxo-lignoceronyl-CoA synthase activity	  5	0.0811044634016161	0.790509169841492	4	1	1896	2943	2.03957894736842
GO:0102567	phospholipase A2 activity (consuming 1,2-dipalmitoylphosphatidylcholine)	  8	0.981454138647988	1	1	7	1899	2937	0.318684210526316
GO:0102568	phospholipase A2 activity consuming 1,2-dioleoylphosphatidylethanolamine)	  8	0.981454138647988	1	1	7	1899	2937	0.318684210526316
GO:0102756	very-long-chain 3-ketoacyl-CoA synthase activity	  5	0.0811044634016161	0.790509169841492	4	1	1896	2943	2.03957894736842
GO:0102991	myristoyl-CoA hydrolase activity	  6	0.168500294647832	1	4	2	1896	2942	1.69964912280702
GO:0106074	aminoacyl-tRNA metabolism involved in translational fidelity	  6	0.0374065477785077	0.668750781505298	5	1	1895	2943	2.12456140350877
GO:0120020	cholesterol transfer activity	  5	1	1	0	5	1900	2939	0
GO:0120162	positive regulation of cold-induced thermogenesis	 35	0.266832908956893	1	16	19	1884	2925	1.16547368421053
GO:0120163	negative regulation of cold-induced thermogenesis	 20	0.376504537717979	1	9	11	1891	2933	1.14726315789474
GO:0140289	protein mono-ADP-ribosylation	  5	0.649601443719976	1	2	3	1898	2941	1.01978947368421
GO:0140326	ATPase-coupled intramembrane lipid transporter activity	  6	0.949704026081852	1	1	5	1899	2939	0.424912280701754
GO:0150093	amyloid-beta clearance by transcytosis	  5	0.304039849485138	1	3	2	1897	2942	1.52968421052632
GO:1900006	positive regulation of dendrite development	  6	0.439579404322443	1	3	3	1897	2941	1.27473684210526
GO:1900016	negative regulation of cytokine production involved in inflammatory response	  5	0.304039849485138	1	3	2	1897	2942	1.52968421052632
GO:1900025	negative regulation of substrate adhesion-dependent cell spreading	  5	0.0811044634016161	0.790509169841492	4	1	1896	2943	2.03957894736842
GO:1900026	positive regulation of substrate adhesion-dependent cell spreading	 12	0.539753870792073	1	5	7	1895	2937	1.06228070175439
GO:1900027	regulation of ruffle assembly	  6	0.168500294647832	1	4	2	1896	2942	1.69964912280702
GO:1900029	positive regulation of ruffle assembly	  7	0.274791545382173	1	4	3	1896	2941	1.45684210526316
GO:1900087	positive regulation of G1/S transition of mitotic cell cycle	 17	0.525932428638354	1	7	10	1893	2934	1.04978328173375
GO:1900153	positive regulation of nuclear-transcribed mRNA catabolic process, deadenylation-dependent decay	  5	0.304039849485138	1	3	2	1897	2942	1.52968421052632
GO:1900181	negative regulation of protein localization to nucleus	  7	0.563170298527647	1	3	4	1897	2940	1.09263157894737
GO:1900182	positive regulation of protein localization to nucleus	  7	0.274791545382173	1	4	3	1896	2941	1.45684210526316
GO:1900222	negative regulation of amyloid-beta clearance	  5	0.649601443719976	1	2	3	1898	2941	1.01978947368421
GO:1900242	regulation of synaptic vesicle endocytosis	  7	0.83118932937518	1	2	5	1898	2939	0.728421052631579
GO:1900244	positive regulation of synaptic vesicle endocytosis	  5	0.917188765638001	1	1	4	1899	2940	0.509894736842105
GO:1900271	regulation of long-term synaptic potentiation	  8	0.161693655219476	1	5	3	1895	2941	1.59342105263158
GO:1900272	negative regulation of long-term synaptic potentiation	  5	0.304039849485138	1	3	2	1897	2942	1.52968421052632
GO:1900273	positive regulation of long-term synaptic potentiation	  8	0.885472833727802	1	2	6	1898	2938	0.637368421052632
GO:1900745	positive regulation of p38MAPK cascade	 11	0.685298720314521	1	4	7	1896	2937	0.927081339712919
GO:1900747	negative regulation of vascular endothelial growth factor signaling pathway	  5	0.649601443719976	1	2	3	1898	2941	1.01978947368421
GO:1901166	neural crest cell migration involved in autonomic nervous system development	  6	0.439579404322443	1	3	3	1897	2941	1.27473684210526
GO:1901215	negative regulation of neuron death	 21	0.623314316549703	1	8	13	1892	2931	0.971228070175439
GO:1901216	positive regulation of neuron death	 21	0.623314316549703	1	8	13	1892	2931	0.971228070175439
GO:1901222	regulation of NIK/NF-kappaB signaling	  7	0.274791545382173	1	4	3	1896	2941	1.45684210526316
GO:1901223	negative regulation of NIK/NF-kappaB signaling	  7	0.0887818565970774	0.790509169841492	5	2	1895	2942	1.82105263157895
GO:1901224	positive regulation of NIK/NF-kappaB signaling	 19	0.484279592379304	1	8	11	1892	2933	1.07346260387812
GO:1901379	regulation of potassium ion transmembrane transport	  8	0.885472833727802	1	2	6	1898	2938	0.637368421052632
GO:1901381	positive regulation of potassium ion transmembrane transport	  5	1	1	0	5	1900	2939	0
GO:1901387	positive regulation of voltage-gated calcium channel activity	  7	0.563170298527647	1	3	4	1897	2940	1.09263157894737
GO:1901653	cellular response to peptide	  6	0.754612463418742	1	2	4	1898	2940	0.849824561403509
GO:1901673	regulation of mitotic spindle assembly	 14	0.490057624310308	1	6	8	1894	2936	1.09263157894737
GO:1901741	positive regulation of myoblast fusion	 12	0.758071145075746	1	4	8	1896	2936	0.849824561403509
GO:1901838	positive regulation of transcription of nucleolar large rRNA by RNA polymerase I	  5	0.0811044634016161	0.790509169841492	4	1	1896	2943	2.03957894736842
GO:1901841	regulation of high voltage-gated calcium channel activity	  5	0.917188765638001	1	1	4	1899	2940	0.509894736842105
GO:1901981	phosphatidylinositol phosphate binding	  5	0.304039849485138	1	3	2	1897	2942	1.52968421052632
GO:1901998	toxin transport	 19	0.30698172714204	1	9	10	1891	2934	1.20764542936288
GO:1902004	positive regulation of amyloid-beta formation	  9	0.92316276301718	1	2	7	1898	2937	0.566549707602339
GO:1902017	regulation of cilium assembly	  5	0.304039849485138	1	3	2	1897	2942	1.52968421052632
GO:1902042	negative regulation of extrinsic apoptotic signaling pathway via death domain receptors	 11	0.685298720314521	1	4	7	1896	2937	0.927081339712919
GO:1902043	positive regulation of extrinsic apoptotic signaling pathway via death domain receptors	  6	0.754612463418742	1	2	4	1898	2940	0.849824561403509
GO:1902230	negative regulation of intrinsic apoptotic signaling pathway in response to DNA damage	  8	0.161693655219476	1	5	3	1895	2941	1.59342105263158
GO:1902236	negative regulation of endoplasmic reticulum stress-induced intrinsic apoptotic signaling pathway	  5	0.0811044634016161	0.790509169841492	4	1	1896	2943	2.03957894736842
GO:1902287	semaphorin-plexin signaling pathway involved in axon guidance	  5	0.649601443719976	1	2	3	1898	2941	1.01978947368421
GO:1902305	regulation of sodium ion transmembrane transport	  5	0.917188765638001	1	1	4	1899	2940	0.509894736842105
GO:1902416	positive regulation of mRNA binding	  5	0.304039849485138	1	3	2	1897	2942	1.52968421052632
GO:1902430	negative regulation of amyloid-beta formation	  6	0.439579404322443	1	3	3	1897	2941	1.27473684210526
GO:1902476	chloride transmembrane transport	 24	0.983953223035519	1	5	19	1895	2925	0.531140350877193
GO:1902600	proton transmembrane transport	 26	0.176474552524475	1	13	13	1887	2931	1.27473684210526
GO:1902741	positive regulation of interferon-alpha secretion	  5	1	1	0	5	1900	2939	0
GO:1902807	negative regulation of cell cycle G1/S phase transition	  5	0.649601443719976	1	2	3	1898	2941	1.01978947368421
GO:1902808	positive regulation of cell cycle G1/S phase transition	  7	0.969456475532965	1	1	6	1899	2938	0.364210526315789
GO:1902894	negative regulation of pri-miRNA transcription by RNA polymerase II	  9	0.497900286521984	1	4	5	1896	2939	1.13309941520468
GO:1902895	positive regulation of pri-miRNA transcription by RNA polymerase II	 16	0.261993676791498	1	8	8	1892	2936	1.27473684210526
GO:1902916	positive regulation of protein polyubiquitination	  5	0.917188765638001	1	1	4	1899	2940	0.509894736842105
GO:1902961	positive regulation of aspartic-type endopeptidase activity involved in amyloid precursor protein catabolic process	  6	0.754612463418742	1	2	4	1898	2940	0.849824561403509
GO:1903076	regulation of protein localization to plasma membrane	  9	0.0221782251673199	0.562734580302472	7	2	1893	2942	1.98292397660819
GO:1903077	negative regulation of protein localization to plasma membrane	  5	0.649601443719976	1	2	3	1898	2941	1.01978947368421
GO:1903078	positive regulation of protein localization to plasma membrane	 22	0.20522964316453	1	11	11	1889	2933	1.27473684210526
GO:1903204	negative regulation of oxidative stress-induced neuron death	  5	0.649601443719976	1	2	3	1898	2941	1.01978947368421
GO:1903206	negative regulation of hydrogen peroxide-induced cell death	  5	0.00925457767269283	0.36958216030559	5	0	1895	2944	2.54947368421053
GO:1903348	positive regulation of bicellular tight junction assembly	  5	1	1	0	5	1900	2939	0
GO:1903428	positive regulation of reactive oxygen species biosynthetic process	  7	0.969456475532965	1	1	6	1899	2938	0.364210526315789
GO:1903506	regulation of nucleic acid-templated transcription	  6	0.439579404322443	1	3	3	1897	2941	1.27473684210526
GO:1903507	negative regulation of nucleic acid-templated transcription	 10	0.598206974532865	1	4	6	1896	2938	1.01978947368421
GO:1903508	positive regulation of nucleic acid-templated transcription	 24	0.479584034332685	1	10	14	1890	2930	1.06228070175439
GO:1903543	positive regulation of exosomal secretion	  8	0.668338816317314	1	3	5	1897	2939	0.956052631578947
GO:1903672	positive regulation of sprouting angiogenesis	  8	0.668338816317314	1	3	5	1897	2939	0.956052631578947
GO:1903827	regulation of cellular protein localization	  6	0.949704026081852	1	1	5	1899	2939	0.424912280701754
GO:1903861	positive regulation of dendrite extension	 10	0.948919172037504	1	2	8	1898	2936	0.509894736842105
GO:1904115	axon cytoplasm	 18	0.119858271310697	0.972464866175182	10	8	1890	2936	1.41637426900585
GO:1904263	positive regulation of TORC1 signaling	  5	0.00925457767269283	0.36958216030559	5	0	1895	2944	2.54947368421053
GO:1904315	transmitter-gated ion channel activity involved in regulation of postsynaptic membrane potential	 15	0.999437770748635	1	1	14	1899	2930	0.169964912280702
GO:1904469	positive regulation of tumor necrosis factor secretion	  6	0.754612463418742	1	2	4	1898	2940	0.849824561403509
GO:1904645	response to amyloid-beta	  5	0.304039849485138	1	3	2	1897	2942	1.52968421052632
GO:1904646	cellular response to amyloid-beta	 21	0.623314316549703	1	8	13	1892	2931	0.971228070175439
GO:1904706	negative regulation of vascular smooth muscle cell proliferation	  9	0.753558081214978	1	3	6	1897	2938	0.849824561403509
GO:1904707	positive regulation of vascular smooth muscle cell proliferation	 13	0.211081683470683	1	7	6	1893	2938	1.37279352226721
GO:1904754	positive regulation of vascular associated smooth muscle cell migration	  8	0.387889435544869	1	4	4	1896	2940	1.27473684210526
GO:1904798	positive regulation of core promoter binding	  6	0.754612463418742	1	2	4	1898	2940	0.849824561403509
GO:1904851	positive regulation of establishment of protein localization to telomere	  5	0.304039849485138	1	3	2	1897	2942	1.52968421052632
GO:1905050	positive regulation of metallopeptidase activity	  5	0.649601443719976	1	2	3	1898	2941	1.01978947368421
GO:1905168	positive regulation of double-strand break repair via homologous recombination	  5	1	1	0	5	1900	2939	0
GO:1905515	non-motile cilium assembly	 10	0.993165159331209	1	1	9	1899	2935	0.254947368421053
GO:1905564	positive regulation of vascular endothelial cell proliferation	  6	0.439579404322443	1	3	3	1897	2941	1.27473684210526
GO:1905606	regulation of presynapse assembly	  9	0.497900286521984	1	4	5	1896	2939	1.13309941520468
GO:1990000	amyloid fibril formation	  6	0.0374065477785077	0.668750781505298	5	1	1895	2943	2.12456140350877
GO:1990090	cellular response to nerve growth factor stimulus	 16	0.447143882954465	1	7	9	1893	2935	1.11539473684211
GO:1990124	messenger ribonucleoprotein complex	  6	0.949704026081852	1	1	5	1899	2939	0.424912280701754
GO:1990126	retrograde transport, endosome to plasma membrane	  5	0.0811044634016161	0.790509169841492	4	1	1896	2943	2.03957894736842
GO:1990138	neuron projection extension	 12	0.314255987487018	1	6	6	1894	2938	1.27473684210526
GO:1990247	N6-methyladenosine-containing RNA binding	  5	0.917188765638001	1	1	4	1899	2940	0.509894736842105
GO:1990253	cellular response to leucine starvation	  5	0.0811044634016161	0.790509169841492	4	1	1896	2943	2.03957894736842
GO:1990314	cellular response to insulin-like growth factor stimulus	  8	0.668338816317314	1	3	5	1897	2939	0.956052631578947
GO:1990380	Lys48-specific deubiquitinase activity	  6	1	1	0	6	1900	2938	0
GO:1990381	ubiquitin-specific protease binding	  5	0.649601443719976	1	2	3	1898	2941	1.01978947368421
GO:1990403	embryonic brain development	  6	0.754612463418742	1	2	4	1898	2940	0.849824561403509
GO:1990404	protein ADP-ribosylase activity	  7	0.83118932937518	1	2	5	1898	2939	0.728421052631579
GO:1990440	positive regulation of transcription from RNA polymerase II promoter in response to endoplasmic reticulum stress	  7	0.563170298527647	1	3	4	1897	2940	1.09263157894737
GO:1990573	potassium ion import across plasma membrane	  7	0.969456475532965	1	1	6	1899	2938	0.364210526315789
GO:1990782	protein tyrosine kinase binding	 12	0.908244990866611	1	3	9	1897	2935	0.637368421052632
GO:1990830	cellular response to leukemia inhibitory factor	 50	0.816982759579758	1	17	33	1883	2911	0.866821052631579
GO:1990837	sequence-specific double-stranded DNA binding	  7	0.83118932937518	1	2	5	1898	2939	0.728421052631579
GO:1990841	promoter-specific chromatin binding	 23	0.86053480564181	1	7	16	1893	2928	0.775926773455378
GO:1990869	cellular response to chemokine	  8	0.161693655219476	1	5	3	1895	2941	1.59342105263158
GO:1990904	ribonucleoprotein complex	 59	0.0013260497262819	0.153161357788266	35	24	1865	2920	1.51239964317574
GO:1990907	beta-catenin-TCF complex	  6	0.754612463418742	1	2	4	1898	2940	0.849824561403509
GO:2000009	negative regulation of protein localization to cell surface	  6	0.754612463418742	1	2	4	1898	2940	0.849824561403509
GO:2000036	regulation of stem cell population maintenance	  6	0.0374065477785077	0.668750781505298	5	1	1895	2943	2.12456140350877
GO:2000045	regulation of G1/S transition of mitotic cell cycle	  7	0.0887818565970774	0.790509169841492	5	2	1895	2942	1.82105263157895
GO:2000060	positive regulation of ubiquitin-dependent protein catabolic process	  5	0.917188765638001	1	1	4	1899	2940	0.509894736842105
GO:2000114	regulation of establishment of cell polarity	  7	0.969456475532965	1	1	6	1899	2938	0.364210526315789
GO:2000134	negative regulation of G1/S transition of mitotic cell cycle	 12	0.758071145075746	1	4	8	1896	2936	0.849824561403509
GO:2000144	positive regulation of DNA-templated transcription, initiation	  7	0.83118932937518	1	2	5	1898	2939	0.728421052631579
GO:2000146	negative regulation of cell motility	  7	0.969456475532965	1	1	6	1899	2938	0.364210526315789
GO:2000147	positive regulation of cell motility	  9	0.753558081214978	1	3	6	1897	2938	0.849824561403509
GO:2000178	negative regulation of neural precursor cell proliferation	  5	0.304039849485138	1	3	2	1897	2942	1.52968421052632
GO:2000179	positive regulation of neural precursor cell proliferation	 11	0.870701529418895	1	3	8	1897	2936	0.695311004784689
GO:2000234	positive regulation of rRNA processing	  5	0.917188765638001	1	1	4	1899	2940	0.509894736842105
GO:2000251	positive regulation of actin cytoskeleton reorganization	  6	0.439579404322443	1	3	3	1897	2941	1.27473684210526
GO:2000270	negative regulation of fibroblast apoptotic process	  5	0.917188765638001	1	1	4	1899	2940	0.509894736842105
GO:2000272	negative regulation of signaling receptor activity	 10	0.598206974532865	1	4	6	1896	2938	1.01978947368421
GO:2000300	regulation of synaptic vesicle exocytosis	 16	0.978914829710732	1	3	13	1897	2931	0.478026315789474
GO:2000347	positive regulation of hepatocyte proliferation	  7	0.563170298527647	1	3	4	1897	2940	1.09263157894737
GO:2000352	negative regulation of endothelial cell apoptotic process	 10	0.347440254505663	1	5	5	1895	2939	1.27473684210526
GO:2000353	positive regulation of endothelial cell apoptotic process	 11	0.445796419414966	1	5	6	1895	2938	1.15885167464115
GO:2000377	regulation of reactive oxygen species metabolic process	 12	0.539753870792073	1	5	7	1895	2937	1.06228070175439
GO:2000378	negative regulation of reactive oxygen species metabolic process	 11	0.870701529418895	1	3	8	1897	2936	0.695311004784689
GO:2000379	positive regulation of reactive oxygen species metabolic process	 14	0.286202413088633	1	7	7	1893	2937	1.27473684210526
GO:2000406	positive regulation of T cell migration	  7	0.274791545382173	1	4	3	1896	2941	1.45684210526316
GO:2000463	positive regulation of excitatory postsynaptic potential	  9	0.92316276301718	1	2	7	1898	2937	0.566549707602339
GO:2000573	positive regulation of DNA biosynthetic process	  7	0.0887818565970774	0.790509169841492	5	2	1895	2942	1.82105263157895
GO:2000637	positive regulation of gene silencing by miRNA	  5	1	1	0	5	1900	2939	0
GO:2000648	positive regulation of stem cell proliferation	  7	0.83118932937518	1	2	5	1898	2939	0.728421052631579
GO:2000679	positive regulation of transcription regulatory region DNA binding	  8	0.387889435544869	1	4	4	1896	2940	1.27473684210526
GO:2000772	regulation of cellular senescence	  6	1	1	0	6	1900	2938	0
GO:2000773	negative regulation of cellular senescence	  7	0.969456475532965	1	1	6	1899	2938	0.364210526315789
GO:2000774	positive regulation of cellular senescence	  6	0.439579404322443	1	3	3	1897	2941	1.27473684210526
GO:2000778	positive regulation of interleukin-6 secretion	  9	0.497900286521984	1	4	5	1896	2939	1.13309941520468
GO:2000781	positive regulation of double-strand break repair	  5	0.917188765638001	1	1	4	1899	2940	0.509894736842105
GO:2000810	regulation of bicellular tight junction assembly	  5	0.649601443719976	1	2	3	1898	2941	1.01978947368421
GO:2000811	negative regulation of anoikis	  9	0.250375871823477	1	5	4	1895	2940	1.41637426900585
GO:2001022	positive regulation of response to DNA damage stimulus	  7	0.563170298527647	1	3	4	1897	2940	1.09263157894737
GO:2001028	positive regulation of endothelial cell chemotaxis	  6	0.0374065477785077	0.668750781505298	5	1	1895	2943	2.12456140350877
GO:2001205	negative regulation of osteoclast development	  5	0.917188765638001	1	1	4	1899	2940	0.509894736842105
GO:2001222	regulation of neuron migration	  5	0.917188765638001	1	1	4	1899	2940	0.509894736842105
GO:2001224	positive regulation of neuron migration	  8	0.981454138647988	1	1	7	1899	2937	0.318684210526316
GO:2001234	negative regulation of apoptotic signaling pathway	 18	0.962413833636894	1	4	14	1896	2930	0.566549707602339
GO:2001235	positive regulation of apoptotic signaling pathway	 10	0.598206974532865	1	4	6	1896	2938	1.01978947368421
GO:2001237	negative regulation of extrinsic apoptotic signaling pathway	 16	0.447143882954465	1	7	9	1893	2935	1.11539473684211
GO:2001238	positive regulation of extrinsic apoptotic signaling pathway	 10	0.0106665457534861	0.409995352399624	8	2	1892	2942	2.03957894736842
GO:2001240	negative regulation of extrinsic apoptotic signaling pathway in absence of ligand	 12	0.314255987487018	1	6	6	1894	2938	1.27473684210526
GO:2001241	positive regulation of extrinsic apoptotic signaling pathway in absence of ligand	  5	0.649601443719976	1	2	3	1898	2941	1.01978947368421
GO:2001243	negative regulation of intrinsic apoptotic signaling pathway	 12	0.539753870792073	1	5	7	1895	2937	1.06228070175439
GO:2001244	positive regulation of intrinsic apoptotic signaling pathway	 15	0.572668928678401	1	6	9	1894	2935	1.01978947368421
GO:2001256	regulation of store-operated calcium entry	  7	0.969456475532965	1	1	6	1899	2938	0.364210526315789
