Gene.ID	g1_g3	g2_g4	g5_g7	g6_g8
ENSMUSG00000000001	96	44	NA	NA
ENSMUSG00000000003	15	37	NA	NA
ENSMUSG00000000028	89	81	NA	NA
ENSMUSG00000000031	36	98	NA	NA
ENSMUSG00000000037	45	54	51	64
ENSMUSG00000000049	29	31	NA	NA
ENSMUSG00000000056	33	34	NA	NA
ENSMUSG00000000058	90	11	NA	NA
ENSMUSG00000000078	41	28	44	83
ENSMUSG00000000085	2	77	4	38
ENSMUSG00000000088	45	54	NA	NA
ENSMUSG00000000093	72	33	NA	NA
ENSMUSG00000000094	27	5	36	69
ENSMUSG00000000103	0	5	NA	NA
ENSMUSG00000000120	7	16	NA	NA
ENSMUSG00000000125	9	4	NA	NA
ENSMUSG00000000126	84	59	95	95
ENSMUSG00000000127	29	37	NA	NA
ENSMUSG00000000131	83	4	NA	NA
ENSMUSG00000000134	NA	NA	77	41
ENSMUSG00000000142	54	34	NA	NA
ENSMUSG00000000148	8	6	NA	NA
ENSMUSG00000000149	84	47	NA	NA
ENSMUSG00000000154	29	20	NA	NA
ENSMUSG00000000157	66	30	38	61
ENSMUSG00000000159	11	30	NA	NA
ENSMUSG00000000167	NA	NA	17	50
ENSMUSG00000000168	93	83	NA	NA
ENSMUSG00000000171	74	82	NA	NA
ENSMUSG00000000182	63	13	NA	NA
ENSMUSG00000000183	39	69	NA	NA
ENSMUSG00000000184	97	49	NA	NA
ENSMUSG00000000194	NA	NA	30	10
ENSMUSG00000000197	NA	NA	12	42
ENSMUSG00000000202	77	13	NA	NA
ENSMUSG00000000204	37	21	NA	NA
ENSMUSG00000000214	51	4	NA	NA
ENSMUSG00000000215	53	3	NA	NA
ENSMUSG00000000216	41	48	NA	NA
ENSMUSG00000000223	NA	NA	68	58
ENSMUSG00000000244	32	37	15	12
ENSMUSG00000000247	31	53	NA	NA
ENSMUSG00000000248	52	19	NA	NA
ENSMUSG00000000253	63	74	NA	NA
ENSMUSG00000000263	23	1	35	79
ENSMUSG00000000266	47	57	NA	NA
ENSMUSG00000000275	91	76	NA	NA
ENSMUSG00000000276	76	23	93	39
ENSMUSG00000000278	81	98	NA	NA
ENSMUSG00000000282	32	6	NA	NA
ENSMUSG00000000290	99	32	NA	NA
ENSMUSG00000000295	53	88	NA	NA
ENSMUSG00000000296	94	76	NA	NA
ENSMUSG00000000301	59	71	NA	NA
ENSMUSG00000000303	66	33	NA	NA
ENSMUSG00000000305	59	42	78	8
ENSMUSG00000000308	49	25	NA	NA
ENSMUSG00000000317	29	25	NA	NA
ENSMUSG00000000318	50	5	NA	NA
ENSMUSG00000000320	6	47	NA	NA
ENSMUSG00000000325	39	62	NA	NA
ENSMUSG00000000326	67	57	NA	NA
ENSMUSG00000000339	67	6	NA	NA
ENSMUSG00000000340	75	47	NA	NA
ENSMUSG00000000346	21	8	NA	NA
ENSMUSG00000000355	16	82	NA	NA
ENSMUSG00000000359	60	3	NA	NA
ENSMUSG00000000365	61	59	28	20
ENSMUSG00000000374	52	37	NA	NA
ENSMUSG00000000378	77	95	NA	NA
ENSMUSG00000000381	28	6	NA	NA
ENSMUSG00000000384	55	93	78	99
ENSMUSG00000000385	46	49	79	0
ENSMUSG00000000386	9	16	NA	NA
ENSMUSG00000000392	46	29	NA	NA
ENSMUSG00000000394	35	77	NA	NA
ENSMUSG00000000399	89	83	NA	NA
ENSMUSG00000000402	49	25	NA	NA
ENSMUSG00000000409	44	83	NA	NA
ENSMUSG00000000411	57	81	NA	NA
ENSMUSG00000000416	NA	NA	47	31
ENSMUSG00000000420	34	71	NA	NA
ENSMUSG00000000435	90	94	NA	NA
ENSMUSG00000000439	79	46	NA	NA
ENSMUSG00000000440	13	86	NA	NA
ENSMUSG00000000441	61	0	NA	NA
ENSMUSG00000000486	9	18	NA	NA
ENSMUSG00000000489	84	94	NA	NA
ENSMUSG00000000530	58	5	73	16
ENSMUSG00000000531	70	46	94	71
ENSMUSG00000000532	58	40	NA	NA
ENSMUSG00000000538	72	31	41	8
ENSMUSG00000000544	25	49	NA	NA
ENSMUSG00000000552	94	1	NA	NA
ENSMUSG00000000555	55	97	NA	NA
ENSMUSG00000000560	14	63	57	27
ENSMUSG00000000561	24	38	NA	NA
ENSMUSG00000000562	NA	NA	54	17
ENSMUSG00000000563	64	87	NA	NA
ENSMUSG00000000567	17	93	NA	NA
ENSMUSG00000000568	92	89	89	73
ENSMUSG00000000581	66	74	NA	NA
ENSMUSG00000000594	74	84	93	98
ENSMUSG00000000600	30	64	56	73
ENSMUSG00000000605	35	43	NA	NA
ENSMUSG00000000606	54	20	NA	NA
ENSMUSG00000000627	16	21	64	54
ENSMUSG00000000628	99	3	NA	NA
ENSMUSG00000000631	71	26	NA	NA
ENSMUSG00000000632	20	5	NA	NA
ENSMUSG00000000673	62	79	NA	NA
ENSMUSG00000000682	35	51	NA	NA
ENSMUSG00000000686	NA	NA	36	14
ENSMUSG00000000690	12	1	NA	NA
ENSMUSG00000000693	85	0	NA	NA
ENSMUSG00000000706	46	23	NA	NA
ENSMUSG00000000708	67	92	NA	NA
ENSMUSG00000000711	NA	NA	71	27
ENSMUSG00000000724	8	27	NA	NA
ENSMUSG00000000730	7	4	NA	NA
ENSMUSG00000000731	57	12	NA	NA
ENSMUSG00000000732	20	5	NA	NA
ENSMUSG00000000738	73	38	NA	NA
ENSMUSG00000000739	45	7	NA	NA
ENSMUSG00000000743	1	78	NA	NA
ENSMUSG00000000751	91	91	NA	NA
ENSMUSG00000000753	15	51	NA	NA
ENSMUSG00000000759	72	10	NA	NA
ENSMUSG00000000766	64	46	59	35
ENSMUSG00000000776	74	41	NA	NA
ENSMUSG00000000782	60	88	NA	NA
ENSMUSG00000000787	87	81	NA	NA
ENSMUSG00000000791	37	86	NA	NA
ENSMUSG00000000792	64	40	94	64
ENSMUSG00000000794	80	3	NA	NA
ENSMUSG00000000804	NA	NA	89	57
ENSMUSG00000000805	25	34	NA	NA
ENSMUSG00000000811	40	88	NA	NA
ENSMUSG00000000817	50	43	NA	NA
ENSMUSG00000000823	NA	NA	60	44
ENSMUSG00000000826	67	35	NA	NA
ENSMUSG00000000827	17	83	NA	NA
ENSMUSG00000000838	39	43	NA	NA
ENSMUSG00000000861	56	15	2	88
ENSMUSG00000000869	31	77	NA	NA
ENSMUSG00000000876	73	91	84	75
ENSMUSG00000000881	84	81	NA	NA
ENSMUSG00000000884	67	94	NA	NA
ENSMUSG00000000889	49	52	NA	NA
ENSMUSG00000000901	85	83	NA	NA
ENSMUSG00000000902	64	64	NA	NA
ENSMUSG00000000903	61	18	NA	NA
ENSMUSG00000000915	3	80	NA	NA
ENSMUSG00000000916	76	56	52	70
ENSMUSG00000000934	93	86	NA	NA
ENSMUSG00000000938	45	97	NA	NA
ENSMUSG00000000942	10	49	NA	NA
ENSMUSG00000000957	94	91	NA	NA
ENSMUSG00000000958	82	31	42	43
ENSMUSG00000000959	52	64	40	40
ENSMUSG00000000976	46	51	50	19
ENSMUSG00000000982	21	2	NA	NA
ENSMUSG00000000983	23	11	NA	NA
ENSMUSG00000001014	66	14	NA	NA
ENSMUSG00000001016	69	69	NA	NA
ENSMUSG00000001017	17	72	NA	NA
ENSMUSG00000001018	81	98	60	99
ENSMUSG00000001021	66	21	NA	NA
ENSMUSG00000001023	69	36	NA	NA
ENSMUSG00000001025	97	37	NA	NA
ENSMUSG00000001027	71	25	NA	NA
ENSMUSG00000001029	6	15	NA	NA
ENSMUSG00000001034	40	9	NA	NA
ENSMUSG00000001036	64	75	90	51
ENSMUSG00000001039	45	77	NA	NA
ENSMUSG00000001052	52	29	NA	NA
ENSMUSG00000001053	20	49	NA	NA
ENSMUSG00000001054	38	45	NA	NA
ENSMUSG00000001056	92	99	NA	NA
ENSMUSG00000001062	35	39	NA	NA
ENSMUSG00000001065	40	84	11	74
ENSMUSG00000001082	85	29	NA	NA
ENSMUSG00000001089	23	36	NA	NA
ENSMUSG00000001095	0	65	NA	NA
ENSMUSG00000001098	88	71	NA	NA
ENSMUSG00000001100	77	7	NA	NA
ENSMUSG00000001103	4	6	15	64
ENSMUSG00000001105	91	98	NA	NA
ENSMUSG00000001119	96	99	NA	NA
ENSMUSG00000001120	74	16	NA	NA
ENSMUSG00000001123	95	99	NA	NA
ENSMUSG00000001127	60	34	41	31
ENSMUSG00000001128	57	36	NA	NA
ENSMUSG00000001131	81	92	NA	NA
ENSMUSG00000001138	10	63	NA	NA
ENSMUSG00000001143	NA	NA	97	2
ENSMUSG00000001150	66	78	NA	NA
ENSMUSG00000001151	NA	NA	42	63
ENSMUSG00000001155	64	21	NA	NA
ENSMUSG00000001156	7	45	8	43
ENSMUSG00000001157	77	76	49	19
ENSMUSG00000001158	86	97	NA	NA
ENSMUSG00000001166	15	21	NA	NA
ENSMUSG00000001168	17	59	NA	NA
ENSMUSG00000001173	NA	NA	69	8
ENSMUSG00000001175	86	12	60	94
ENSMUSG00000001211	92	46	10	6
ENSMUSG00000001225	51	43	46	11
ENSMUSG00000001227	37	7	NA	NA
ENSMUSG00000001228	99	66	36	29
ENSMUSG00000001229	NA	NA	96	0
ENSMUSG00000001240	34	91	NA	NA
ENSMUSG00000001247	35	10	NA	NA
ENSMUSG00000001248	25	67	NA	NA
ENSMUSG00000001249	70	14	NA	NA
ENSMUSG00000001260	26	62	NA	NA
ENSMUSG00000001280	66	72	92	7
ENSMUSG00000001281	30	19	NA	NA
ENSMUSG00000001285	9	89	60	48
ENSMUSG00000001288	90	64	NA	NA
ENSMUSG00000001289	1	67	6	72
ENSMUSG00000001300	83	92	NA	NA
ENSMUSG00000001305	45	75	NA	NA
ENSMUSG00000001323	70	92	NA	NA
ENSMUSG00000001333	36	10	NA	NA
ENSMUSG00000001334	NA	NA	84	57
ENSMUSG00000001348	33	75	NA	NA
ENSMUSG00000001349	80	83	NA	NA
ENSMUSG00000001366	36	82	NA	NA
ENSMUSG00000001376	14	50	6	66
ENSMUSG00000001380	59	11	NA	NA
ENSMUSG00000001383	54	81	NA	NA
ENSMUSG00000001403	99	82	NA	NA
ENSMUSG00000001415	22	84	NA	NA
ENSMUSG00000001416	66	95	67	17
ENSMUSG00000001418	51	89	NA	NA
ENSMUSG00000001419	75	31	70	6
ENSMUSG00000001420	45	38	NA	NA
ENSMUSG00000001424	73	43	NA	NA
ENSMUSG00000001435	99	99	NA	NA
ENSMUSG00000001436	64	85	NA	NA
ENSMUSG00000001440	88	85	NA	NA
ENSMUSG00000001441	82	4	63	13
ENSMUSG00000001444	1	29	NA	NA
ENSMUSG00000001445	7	47	NA	NA
ENSMUSG00000001467	99	93	NA	NA
ENSMUSG00000001472	13	28	NA	NA
ENSMUSG00000001473	45	84	NA	NA
ENSMUSG00000001482	46	67	NA	NA
ENSMUSG00000001493	9	36	NA	NA
ENSMUSG00000001494	68	76	NA	NA
ENSMUSG00000001496	23	17	NA	NA
ENSMUSG00000001497	60	64	12	42
ENSMUSG00000001504	34	86	NA	NA
ENSMUSG00000001506	92	84	NA	NA
ENSMUSG00000001507	72	89	NA	NA
ENSMUSG00000001508	93	37	NA	NA
ENSMUSG00000001510	29	92	NA	NA
ENSMUSG00000001517	85	66	NA	NA
ENSMUSG00000001518	49	4	NA	NA
ENSMUSG00000001520	NA	NA	29	22
ENSMUSG00000001521	71	28	47	84
ENSMUSG00000001524	17	86	NA	NA
ENSMUSG00000001525	97	42	NA	NA
ENSMUSG00000001542	25	88	73	92
ENSMUSG00000001552	88	89	NA	NA
ENSMUSG00000001555	93	81	NA	NA
ENSMUSG00000001558	1	43	NA	NA
ENSMUSG00000001566	15	45	NA	NA
ENSMUSG00000001576	46	27	NA	NA
ENSMUSG00000001583	40	64	NA	NA
ENSMUSG00000001588	NA	NA	39	0
ENSMUSG00000001604	79	6	NA	NA
ENSMUSG00000001622	8	17	NA	NA
ENSMUSG00000001627	75	91	NA	NA
ENSMUSG00000001630	NA	NA	79	49
ENSMUSG00000001632	4	68	NA	NA
ENSMUSG00000001655	93	96	NA	NA
ENSMUSG00000001657	65	82	NA	NA
ENSMUSG00000001661	36	53	NA	NA
ENSMUSG00000001663	33	94	NA	NA
ENSMUSG00000001665	17	73	NA	NA
ENSMUSG00000001670	74	61	NA	NA
ENSMUSG00000001672	62	69	44	4
ENSMUSG00000001674	5	67	NA	NA
ENSMUSG00000001687	92	79	NA	NA
ENSMUSG00000001700	33	50	NA	NA
ENSMUSG00000001707	88	55	12	37
ENSMUSG00000001729	9	34	29	10
ENSMUSG00000001739	12	23	NA	NA
ENSMUSG00000001741	15	26	73	22
ENSMUSG00000001750	92	63	NA	NA
ENSMUSG00000001751	20	22	NA	NA
ENSMUSG00000001755	82	75	14	87
ENSMUSG00000001761	NA	NA	27	11
ENSMUSG00000001763	47	7	NA	NA
ENSMUSG00000001767	51	26	NA	NA
ENSMUSG00000001768	11	91	NA	NA
ENSMUSG00000001773	11	34	NA	NA
ENSMUSG00000001774	63	91	79	20
ENSMUSG00000001783	36	84	48	56
ENSMUSG00000001785	13	45	NA	NA
ENSMUSG00000001786	NA	NA	62	29
ENSMUSG00000001794	54	75	NA	NA
ENSMUSG00000001802	NA	NA	92	17
ENSMUSG00000001815	27	60	NA	NA
ENSMUSG00000001819	25	78	89	29
ENSMUSG00000001823	49	81	NA	NA
ENSMUSG00000001827	53	28	NA	NA
ENSMUSG00000001829	96	92	NA	NA
ENSMUSG00000001833	86	0	66	58
ENSMUSG00000001844	72	63	NA	NA
ENSMUSG00000001847	64	13	NA	NA
ENSMUSG00000001855	NA	NA	76	71
ENSMUSG00000001864	97	99	NA	NA
ENSMUSG00000001865	7	16	NA	NA
ENSMUSG00000001870	93	86	50	48
ENSMUSG00000001891	94	99	NA	NA
ENSMUSG00000001909	66	92	NA	NA
ENSMUSG00000001910	78	84	NA	NA
ENSMUSG00000001911	89	50	NA	NA
ENSMUSG00000001918	94	73	NA	NA
ENSMUSG00000001924	25	81	20	95
ENSMUSG00000001930	8	88	NA	NA
ENSMUSG00000001942	3	21	NA	NA
ENSMUSG00000001943	29	17	NA	NA
ENSMUSG00000001946	44	34	NA	NA
ENSMUSG00000001948	56	22	NA	NA
ENSMUSG00000001962	61	83	NA	NA
ENSMUSG00000001964	89	43	NA	NA
ENSMUSG00000001985	22	62	8	9
ENSMUSG00000001986	8	73	8	24
ENSMUSG00000001988	57	63	NA	NA
ENSMUSG00000001995	56	31	NA	NA
ENSMUSG00000001998	NA	NA	87	21
ENSMUSG00000001999	91	69	NA	NA
ENSMUSG00000002006	NA	NA	71	68
ENSMUSG00000002007	94	86	96	53
ENSMUSG00000002010	91	8	NA	NA
ENSMUSG00000002012	40	41	NA	NA
ENSMUSG00000002014	10	23	NA	NA
ENSMUSG00000002015	87	53	NA	NA
ENSMUSG00000002017	44	89	NA	NA
ENSMUSG00000002020	73	68	NA	NA
ENSMUSG00000002028	78	66	NA	NA
ENSMUSG00000002031	79	7	NA	NA
ENSMUSG00000002032	NA	NA	13	3
ENSMUSG00000002033	27	74	NA	NA
ENSMUSG00000002043	30	97	9	69
ENSMUSG00000002052	47	51	NA	NA
ENSMUSG00000002055	97	10	NA	NA
ENSMUSG00000002057	71	41	8	9
ENSMUSG00000002058	90	54	NA	NA
ENSMUSG00000002059	87	29	NA	NA
ENSMUSG00000002064	39	91	NA	NA
ENSMUSG00000002068	85	92	46	83
ENSMUSG00000002076	NA	NA	3	71
ENSMUSG00000002083	68	41	NA	NA
ENSMUSG00000002100	16	46	NA	NA
ENSMUSG00000002102	89	75	NA	NA
ENSMUSG00000002103	23	45	NA	NA
ENSMUSG00000002104	78	13	NA	NA
ENSMUSG00000002105	34	83	NA	NA
ENSMUSG00000002107	53	92	9	58
ENSMUSG00000002108	12	52	NA	NA
ENSMUSG00000002109	3	49	NA	NA
ENSMUSG00000002111	38	79	NA	NA
ENSMUSG00000002129	79	85	NA	NA
ENSMUSG00000002147	14	10	NA	NA
ENSMUSG00000002190	23	23	3	8
ENSMUSG00000002204	26	6	69	69
ENSMUSG00000002205	42	58	NA	NA
ENSMUSG00000002210	NA	NA	64	3
ENSMUSG00000002221	86	11	NA	NA
ENSMUSG00000002222	81	88	69	43
ENSMUSG00000002227	69	31	33	2
ENSMUSG00000002228	NA	NA	18	63
ENSMUSG00000002233	95	64	NA	NA
ENSMUSG00000002240	NA	NA	53	48
ENSMUSG00000002249	30	70	NA	NA
ENSMUSG00000002250	33	13	88	93
ENSMUSG00000002257	NA	NA	83	45
ENSMUSG00000002265	69	86	NA	NA
ENSMUSG00000002266	34	23	67	52
ENSMUSG00000002274	84	97	NA	NA
ENSMUSG00000002279	78	17	NA	NA
ENSMUSG00000002280	80	83	NA	NA
ENSMUSG00000002289	67	96	NA	NA
ENSMUSG00000002297	97	57	NA	NA
ENSMUSG00000002307	35	59	NA	NA
ENSMUSG00000002308	3	93	NA	NA
ENSMUSG00000002320	NA	NA	38	71
ENSMUSG00000002324	63	40	NA	NA
ENSMUSG00000002325	3	43	NA	NA
ENSMUSG00000002326	76	85	41	80
ENSMUSG00000002329	43	94	NA	NA
ENSMUSG00000002332	16	89	46	92
ENSMUSG00000002341	8	48	NA	NA
ENSMUSG00000002342	82	60	48	52
ENSMUSG00000002343	53	72	NA	NA
ENSMUSG00000002345	NA	NA	54	96
ENSMUSG00000002346	8	9	13	60
ENSMUSG00000002365	36	86	NA	NA
ENSMUSG00000002372	53	77	52	32
ENSMUSG00000002379	31	42	NA	NA
ENSMUSG00000002384	22	71	59	31
ENSMUSG00000002393	73	64	NA	NA
ENSMUSG00000002395	92	56	72	29
ENSMUSG00000002396	77	14	NA	NA
ENSMUSG00000002409	32	1	NA	NA
ENSMUSG00000002413	0	32	79	3
ENSMUSG00000002416	1	5	42	17
ENSMUSG00000002428	11	83	NA	NA
ENSMUSG00000002455	52	46	NA	NA
ENSMUSG00000002458	78	84	NA	NA
ENSMUSG00000002459	37	21	32	86
ENSMUSG00000002475	20	59	NA	NA
ENSMUSG00000002477	88	95	NA	NA
ENSMUSG00000002486	NA	NA	7	5
ENSMUSG00000002489	94	10	49	69
ENSMUSG00000002496	7	30	NA	NA
ENSMUSG00000002500	87	68	NA	NA
ENSMUSG00000002504	69	72	NA	NA
ENSMUSG00000002524	8	36	58	15
ENSMUSG00000002546	42	40	NA	NA
ENSMUSG00000002565	42	47	NA	NA
ENSMUSG00000002578	18	51	30	36
ENSMUSG00000002580	29	84	NA	NA
ENSMUSG00000002588	4	46	NA	NA
ENSMUSG00000002602	78	86	NA	NA
ENSMUSG00000002603	91	46	82	17
ENSMUSG00000002608	19	8	NA	NA
ENSMUSG00000002617	24	5	NA	NA
ENSMUSG00000002625	77	87	NA	NA
ENSMUSG00000002633	5	68	26	74
ENSMUSG00000002635	90	28	NA	NA
ENSMUSG00000002658	5	75	NA	NA
ENSMUSG00000002660	63	81	NA	NA
ENSMUSG00000002661	NA	NA	92	8
ENSMUSG00000002664	38	56	NA	NA
ENSMUSG00000002668	NA	NA	32	57
ENSMUSG00000002679	0	66	NA	NA
ENSMUSG00000002688	61	41	81	29
ENSMUSG00000002699	65	58	NA	NA
ENSMUSG00000002718	31	37	NA	NA
ENSMUSG00000002731	95	92	NA	NA
ENSMUSG00000002732	96	99	NA	NA
ENSMUSG00000002733	28	79	NA	NA
ENSMUSG00000002741	60	74	NA	NA
ENSMUSG00000002748	78	64	NA	NA
ENSMUSG00000002763	62	24	NA	NA
ENSMUSG00000002767	77	92	NA	NA
ENSMUSG00000002768	82	17	NA	NA
ENSMUSG00000002769	51	40	NA	NA
ENSMUSG00000002771	21	41	24	6
ENSMUSG00000002778	86	2	NA	NA
ENSMUSG00000002781	32	34	87	1
ENSMUSG00000002797	59	11	19	66
ENSMUSG00000002799	91	86	NA	NA
ENSMUSG00000002803	NA	NA	97	1
ENSMUSG00000002804	71	82	NA	NA
ENSMUSG00000002808	70	55	NA	NA
ENSMUSG00000002812	73	52	NA	NA
ENSMUSG00000002814	9	61	NA	NA
ENSMUSG00000002820	37	89	79	78
ENSMUSG00000002825	90	86	NA	NA
ENSMUSG00000002831	16	99	NA	NA
ENSMUSG00000002833	0	83	NA	NA
ENSMUSG00000002844	91	61	NA	NA
ENSMUSG00000002845	85	87	70	61
ENSMUSG00000002846	62	66	NA	NA
ENSMUSG00000002847	38	37	NA	NA
ENSMUSG00000002870	89	87	NA	NA
ENSMUSG00000002871	60	67	NA	NA
ENSMUSG00000002881	95	24	NA	NA
ENSMUSG00000002897	63	51	NA	NA
ENSMUSG00000002900	97	92	11	28
ENSMUSG00000002908	27	24	NA	NA
ENSMUSG00000002910	NA	NA	26	95
ENSMUSG00000002930	33	35	NA	NA
ENSMUSG00000002944	41	7	NA	NA
ENSMUSG00000002948	50	18	NA	NA
ENSMUSG00000002949	16	31	NA	NA
ENSMUSG00000002957	21	25	NA	NA
ENSMUSG00000002963	63	64	NA	NA
ENSMUSG00000002968	47	39	77	56
ENSMUSG00000002980	93	36	NA	NA
ENSMUSG00000002981	2	47	59	2
ENSMUSG00000002983	88	58	NA	NA
ENSMUSG00000002984	54	94	NA	NA
ENSMUSG00000002985	80	49	NA	NA
ENSMUSG00000002996	63	88	36	20
ENSMUSG00000002997	NA	NA	97	55
ENSMUSG00000003031	33	86	NA	NA
ENSMUSG00000003032	98	72	NA	NA
ENSMUSG00000003033	15	48	76	90
ENSMUSG00000003037	65	57	8	23
ENSMUSG00000003039	17	78	NA	NA
ENSMUSG00000003051	25	66	NA	NA
ENSMUSG00000003062	65	37	NA	NA
ENSMUSG00000003068	35	64	NA	NA
ENSMUSG00000003070	6	49	60	74
ENSMUSG00000003072	51	71	NA	NA
ENSMUSG00000003099	28	40	NA	NA
ENSMUSG00000003119	18	69	74	15
ENSMUSG00000003123	45	63	8	13
ENSMUSG00000003131	46	45	26	84
ENSMUSG00000003134	37	5	NA	NA
ENSMUSG00000003135	NA	NA	44	36
ENSMUSG00000003153	47	57	NA	NA
ENSMUSG00000003154	84	59	NA	NA
ENSMUSG00000003161	95	73	49	46
ENSMUSG00000003166	71	67	NA	NA
ENSMUSG00000003184	20	65	NA	NA
ENSMUSG00000003190	NA	NA	92	12
ENSMUSG00000003198	22	43	NA	NA
ENSMUSG00000003199	78	55	NA	NA
ENSMUSG00000003200	72	83	NA	NA
ENSMUSG00000003206	7	69	NA	NA
ENSMUSG00000003208	NA	NA	84	24
ENSMUSG00000003226	3	85	20	28
ENSMUSG00000003227	60	11	NA	NA
ENSMUSG00000003228	NA	NA	39	70
ENSMUSG00000003233	62	14	NA	NA
ENSMUSG00000003234	91	86	NA	NA
ENSMUSG00000003235	73	93	NA	NA
ENSMUSG00000003269	35	55	NA	NA
ENSMUSG00000003271	77	60	NA	NA
ENSMUSG00000003273	21	63	NA	NA
ENSMUSG00000003279	NA	NA	50	45
ENSMUSG00000003282	44	11	51	63
ENSMUSG00000003283	19	34	NA	NA
ENSMUSG00000003299	21	80	NA	NA
ENSMUSG00000003308	73	4	NA	NA
ENSMUSG00000003309	34	7	NA	NA
ENSMUSG00000003316	83	88	NA	NA
ENSMUSG00000003341	60	52	46	14
ENSMUSG00000003344	80	18	NA	NA
ENSMUSG00000003345	77	44	NA	NA
ENSMUSG00000003346	72	32	92	45
ENSMUSG00000003348	NA	NA	79	30
ENSMUSG00000003352	93	81	NA	NA
ENSMUSG00000003354	14	33	NA	NA
ENSMUSG00000003355	92	90	NA	NA
ENSMUSG00000003360	NA	NA	69	4
ENSMUSG00000003363	33	96	NA	NA
ENSMUSG00000003378	72	26	NA	NA
ENSMUSG00000003380	17	31	NA	NA
ENSMUSG00000003382	31	6	56	55
ENSMUSG00000003402	82	38	NA	NA
ENSMUSG00000003410	48	48	NA	NA
ENSMUSG00000003411	35	24	NA	NA
ENSMUSG00000003418	NA	NA	52	86
ENSMUSG00000003420	93	92	NA	NA
ENSMUSG00000003421	15	52	NA	NA
ENSMUSG00000003423	22	86	NA	NA
ENSMUSG00000003435	42	57	NA	NA
ENSMUSG00000003436	19	7	NA	NA
ENSMUSG00000003437	63	76	NA	NA
ENSMUSG00000003438	68	97	NA	NA
ENSMUSG00000003444	11	53	NA	NA
ENSMUSG00000003452	20	58	57	39
ENSMUSG00000003458	81	86	NA	NA
ENSMUSG00000003464	74	3	60	85
ENSMUSG00000003469	NA	NA	42	30
ENSMUSG00000003476	18	23	NA	NA
ENSMUSG00000003477	27	88	NA	NA
ENSMUSG00000003484	71	66	36	96
ENSMUSG00000003500	44	37	NA	NA
ENSMUSG00000003505	60	44	NA	NA
ENSMUSG00000003518	75	84	73	97
ENSMUSG00000003526	72	95	NA	NA
ENSMUSG00000003527	8	5	NA	NA
ENSMUSG00000003528	NA	NA	99	95
ENSMUSG00000003531	45	25	NA	NA
ENSMUSG00000003534	56	88	NA	NA
ENSMUSG00000003541	73	43	NA	NA
ENSMUSG00000003545	56	49	NA	NA
ENSMUSG00000003546	15	61	NA	NA
ENSMUSG00000003549	61	95	72	97
ENSMUSG00000003555	14	38	NA	NA
ENSMUSG00000003559	83	51	NA	NA
ENSMUSG00000003573	73	17	NA	NA
ENSMUSG00000003575	NA	NA	89	61
ENSMUSG00000003581	NA	NA	11	73
ENSMUSG00000003585	1	90	NA	NA
ENSMUSG00000003604	NA	NA	87	91
ENSMUSG00000003617	90	90	69	34
ENSMUSG00000003623	83	98	NA	NA
ENSMUSG00000003644	69	43	NA	NA
ENSMUSG00000003657	41	11	NA	NA
ENSMUSG00000003660	NA	NA	92	59
ENSMUSG00000003662	78	60	NA	NA
ENSMUSG00000003665	10	61	NA	NA
ENSMUSG00000003680	14	60	NA	NA
ENSMUSG00000003721	20	93	NA	NA
ENSMUSG00000003731	79	44	NA	NA
ENSMUSG00000003746	79	88	NA	NA
ENSMUSG00000003752	NA	NA	57	33
ENSMUSG00000003762	53	54	NA	NA
ENSMUSG00000003778	59	20	13	94
ENSMUSG00000003779	98	52	NA	NA
ENSMUSG00000003808	NA	NA	22	56
ENSMUSG00000003809	90	73	NA	NA
ENSMUSG00000003810	3	86	NA	NA
ENSMUSG00000003812	NA	NA	6	34
ENSMUSG00000003813	93	49	96	57
ENSMUSG00000003814	76	3	NA	NA
ENSMUSG00000003824	3	78	NA	NA
ENSMUSG00000003847	88	72	55	29
ENSMUSG00000003848	NA	NA	69	72
ENSMUSG00000003849	88	17	NA	NA
ENSMUSG00000003863	NA	NA	65	81
ENSMUSG00000003865	85	20	NA	NA
ENSMUSG00000003868	25	96	NA	NA
ENSMUSG00000003872	48	32	NA	NA
ENSMUSG00000003873	87	1	NA	NA
ENSMUSG00000003882	3	22	NA	NA
ENSMUSG00000003923	31	34	74	51
ENSMUSG00000003929	42	33	31	63
ENSMUSG00000003934	0	18	NA	NA
ENSMUSG00000003948	93	98	NA	NA
ENSMUSG00000003949	53	43	NA	NA
ENSMUSG00000003955	68	98	NA	NA
ENSMUSG00000003970	48	82	NA	NA
ENSMUSG00000003974	NA	NA	7	23
ENSMUSG00000003992	93	92	31	33
ENSMUSG00000004018	57	71	68	80
ENSMUSG00000004031	NA	NA	35	1
ENSMUSG00000004032	9	99	NA	NA
ENSMUSG00000004035	76	94	NA	NA
ENSMUSG00000004038	6	48	NA	NA
ENSMUSG00000004040	84	22	NA	NA
ENSMUSG00000004043	45	21	NA	NA
ENSMUSG00000004044	93	80	NA	NA
ENSMUSG00000004054	66	47	NA	NA
ENSMUSG00000004056	87	94	87	88
ENSMUSG00000004069	99	62	NA	NA
ENSMUSG00000004070	80	24	NA	NA
ENSMUSG00000004071	32	0	75	90
ENSMUSG00000004085	6	34	81	44
ENSMUSG00000004096	58	65	NA	NA
ENSMUSG00000004098	97	17	NA	NA
ENSMUSG00000004099	96	44	NA	NA
ENSMUSG00000004105	89	97	1	83
ENSMUSG00000004110	68	28	83	7
ENSMUSG00000004113	29	7	3	11
ENSMUSG00000004127	14	77	77	81
ENSMUSG00000004151	20	3	38	26
ENSMUSG00000004187	27	34	NA	NA
ENSMUSG00000004207	45	84	84	95
ENSMUSG00000004221	56	84	40	94
ENSMUSG00000004233	NA	NA	8	75
ENSMUSG00000004263	86	69	NA	NA
ENSMUSG00000004264	70	92	46	29
ENSMUSG00000004266	29	13	NA	NA
ENSMUSG00000004267	90	99	NA	NA
ENSMUSG00000004268	12	68	NA	NA
ENSMUSG00000004270	9	27	NA	NA
ENSMUSG00000004296	71	62	NA	NA
ENSMUSG00000004317	93	20	NA	NA
ENSMUSG00000004319	75	44	17	27
ENSMUSG00000004328	6	44	92	71
ENSMUSG00000004341	49	3	NA	NA
ENSMUSG00000004344	34	23	NA	NA
ENSMUSG00000004347	33	49	67	31
ENSMUSG00000004356	52	95	NA	NA
ENSMUSG00000004359	20	55	NA	NA
ENSMUSG00000004360	NA	NA	36	55
ENSMUSG00000004364	37	68	72	1
ENSMUSG00000004366	64	41	NA	NA
ENSMUSG00000004371	28	39	NA	NA
ENSMUSG00000004383	44	70	NA	NA
ENSMUSG00000004393	84	92	NA	NA
ENSMUSG00000004394	40	25	NA	NA
ENSMUSG00000004415	3	54	17	40
ENSMUSG00000004446	5	60	NA	NA
ENSMUSG00000004451	95	35	NA	NA
ENSMUSG00000004460	63	53	NA	NA
ENSMUSG00000004462	NA	NA	68	94
ENSMUSG00000004473	21	55	NA	NA
ENSMUSG00000004500	NA	NA	83	86
ENSMUSG00000004508	56	69	71	75
ENSMUSG00000004530	78	95	NA	NA
ENSMUSG00000004535	23	44	10	84
ENSMUSG00000004540	34	57	NA	NA
ENSMUSG00000004542	38	16	NA	NA
ENSMUSG00000004552	31	49	NA	NA
ENSMUSG00000004558	46	5	NA	NA
ENSMUSG00000004561	14	1	51	20
ENSMUSG00000004562	61	73	NA	NA
ENSMUSG00000004565	65	39	NA	NA
ENSMUSG00000004567	4	70	38	59
ENSMUSG00000004568	41	80	57	5
ENSMUSG00000004591	NA	NA	91	66
ENSMUSG00000004609	13	1	38	6
ENSMUSG00000004612	12	17	NA	NA
ENSMUSG00000004626	56	5	NA	NA
ENSMUSG00000004630	30	11	NA	NA
ENSMUSG00000004631	81	96	NA	NA
ENSMUSG00000004633	36	75	NA	NA
ENSMUSG00000004637	33	58	59	60
ENSMUSG00000004642	NA	NA	53	53
ENSMUSG00000004651	46	50	NA	NA
ENSMUSG00000004654	43	7	NA	NA
ENSMUSG00000004655	88	93	NA	NA
ENSMUSG00000004661	34	24	NA	NA
ENSMUSG00000004665	87	21	NA	NA
ENSMUSG00000004667	62	89	NA	NA
ENSMUSG00000004668	NA	NA	5	4
ENSMUSG00000004677	51	75	NA	NA
ENSMUSG00000004698	37	9	82	62
ENSMUSG00000004707	5	39	NA	NA
ENSMUSG00000004709	16	64	NA	NA
ENSMUSG00000004730	46	44	NA	NA
ENSMUSG00000004748	75	96	NA	NA
ENSMUSG00000004768	67	56	95	96
ENSMUSG00000004771	41	14	NA	NA
ENSMUSG00000004788	45	74	NA	NA
ENSMUSG00000004789	87	83	87	4
ENSMUSG00000004791	88	53	NA	NA
ENSMUSG00000004798	3	55	NA	NA
ENSMUSG00000004814	35	60	NA	NA
ENSMUSG00000004815	49	20	NA	NA
ENSMUSG00000004821	28	7	NA	NA
ENSMUSG00000004837	NA	NA	73	19
ENSMUSG00000004842	22	10	NA	NA
ENSMUSG00000004843	NA	NA	9	96
ENSMUSG00000004846	73	9	NA	NA
ENSMUSG00000004849	85	63	NA	NA
ENSMUSG00000004864	67	5	NA	NA
ENSMUSG00000004865	48	49	70	50
ENSMUSG00000004872	55	24	69	44
ENSMUSG00000004880	93	80	NA	NA
ENSMUSG00000004885	95	31	NA	NA
ENSMUSG00000004891	77	97	NA	NA
ENSMUSG00000004892	54	9	NA	NA
ENSMUSG00000004894	25	62	75	82
ENSMUSG00000004895	22	9	NA	NA
ENSMUSG00000004896	39	73	NA	NA
ENSMUSG00000004897	72	87	NA	NA
ENSMUSG00000004902	NA	NA	10	55
ENSMUSG00000004929	96	95	NA	NA
ENSMUSG00000004931	74	40	NA	NA
ENSMUSG00000004933	26	11	NA	NA
ENSMUSG00000004934	7	14	90	78
ENSMUSG00000004936	77	81	NA	NA
ENSMUSG00000004937	36	10	NA	NA
ENSMUSG00000004939	NA	NA	97	28
ENSMUSG00000004945	77	46	86	32
ENSMUSG00000004947	45	80	NA	NA
ENSMUSG00000004948	10	50	NA	NA
ENSMUSG00000004952	91	57	47	62
ENSMUSG00000004961	6	53	NA	NA
ENSMUSG00000004980	71	91	NA	NA
ENSMUSG00000004988	70	29	NA	NA
ENSMUSG00000004994	89	63	NA	NA
ENSMUSG00000004996	87	85	NA	NA
ENSMUSG00000005034	40	19	43	60
ENSMUSG00000005043	14	25	NA	NA
ENSMUSG00000005045	NA	NA	33	36
ENSMUSG00000005054	89	91	NA	NA
ENSMUSG00000005057	57	23	NA	NA
ENSMUSG00000005069	68	67	NA	NA
ENSMUSG00000005078	33	80	43	94
ENSMUSG00000005087	87	87	95	56
ENSMUSG00000005089	35	19	30	19
ENSMUSG00000005102	33	69	NA	NA
ENSMUSG00000005103	87	38	NA	NA
ENSMUSG00000005107	14	20	6	83
ENSMUSG00000005124	86	75	NA	NA
ENSMUSG00000005125	73	76	NA	NA
ENSMUSG00000005131	NA	NA	5	54
ENSMUSG00000005142	89	96	NA	NA
ENSMUSG00000005148	90	98	NA	NA
ENSMUSG00000005150	38	13	NA	NA
ENSMUSG00000005161	56	78	NA	NA
ENSMUSG00000005198	91	64	NA	NA
ENSMUSG00000005202	15	40	NA	NA
ENSMUSG00000005204	42	7	NA	NA
ENSMUSG00000005220	1	3	NA	NA
ENSMUSG00000005225	NA	NA	91	80
ENSMUSG00000005232	21	44	NA	NA
ENSMUSG00000005233	96	15	NA	NA
ENSMUSG00000005237	NA	NA	97	54
ENSMUSG00000005251	16	27	NA	NA
ENSMUSG00000005262	4	93	NA	NA
ENSMUSG00000005267	28	3	77	90
ENSMUSG00000005268	1	7	28	46
ENSMUSG00000005299	30	71	NA	NA
ENSMUSG00000005312	6	41	NA	NA
ENSMUSG00000005320	92	40	NA	NA
ENSMUSG00000005338	58	49	NA	NA
ENSMUSG00000005339	7	74	NA	NA
ENSMUSG00000005354	38	83	NA	NA
ENSMUSG00000005355	42	62	NA	NA
ENSMUSG00000005357	36	99	NA	NA
ENSMUSG00000005360	22	98	26	87
ENSMUSG00000005362	69	81	NA	NA
ENSMUSG00000005364	39	8	NA	NA
ENSMUSG00000005370	95	60	NA	NA
ENSMUSG00000005371	89	17	NA	NA
ENSMUSG00000005373	60	9	NA	NA
ENSMUSG00000005374	67	79	74	81
ENSMUSG00000005397	99	46	10	50
ENSMUSG00000005410	99	98	99	99
ENSMUSG00000005413	60	60	NA	NA
ENSMUSG00000005417	68	92	95	95
ENSMUSG00000005447	96	7	NA	NA
ENSMUSG00000005465	34	22	NA	NA
ENSMUSG00000005469	81	75	NA	NA
ENSMUSG00000005470	97	92	NA	NA
ENSMUSG00000005474	79	25	NA	NA
ENSMUSG00000005481	10	95	NA	NA
ENSMUSG00000005483	88	67	NA	NA
ENSMUSG00000005493	22	30	NA	NA
ENSMUSG00000005501	NA	NA	20	96
ENSMUSG00000005503	3	28	NA	NA
ENSMUSG00000005505	21	86	NA	NA
ENSMUSG00000005506	89	43	NA	NA
ENSMUSG00000005514	48	50	NA	NA
ENSMUSG00000005533	28	25	75	59
ENSMUSG00000005534	18	25	18	73
ENSMUSG00000005540	34	60	NA	NA
ENSMUSG00000005553	26	30	NA	NA
ENSMUSG00000005566	89	94	96	94
ENSMUSG00000005575	26	79	NA	NA
ENSMUSG00000005580	42	59	NA	NA
ENSMUSG00000005583	97	57	NA	NA
ENSMUSG00000005609	17	37	47	72
ENSMUSG00000005610	25	59	67	87
ENSMUSG00000005611	31	36	52	55
ENSMUSG00000005615	72	63	NA	NA
ENSMUSG00000005621	NA	NA	16	9
ENSMUSG00000005625	72	84	NA	NA
ENSMUSG00000005628	69	70	NA	NA
ENSMUSG00000005640	16	15	NA	NA
ENSMUSG00000005649	40	44	NA	NA
ENSMUSG00000005656	89	89	97	95
ENSMUSG00000005667	97	91	NA	NA
ENSMUSG00000005672	9	24	NA	NA
ENSMUSG00000005674	20	88	81	98
ENSMUSG00000005677	50	28	NA	NA
ENSMUSG00000005681	59	8	NA	NA
ENSMUSG00000005682	66	18	NA	NA
ENSMUSG00000005683	51	91	NA	NA
ENSMUSG00000005686	87	77	NA	NA
ENSMUSG00000005687	58	71	NA	NA
ENSMUSG00000005696	4	56	NA	NA
ENSMUSG00000005698	88	50	NA	NA
ENSMUSG00000005699	34	40	NA	NA
ENSMUSG00000005705	40	22	NA	NA
ENSMUSG00000005716	87	91	NA	NA
ENSMUSG00000005718	60	90	NA	NA
ENSMUSG00000005763	4	18	NA	NA
ENSMUSG00000005774	86	71	NA	NA
ENSMUSG00000005779	38	41	NA	NA
ENSMUSG00000005800	41	52	NA	NA
ENSMUSG00000005802	26	5	NA	NA
ENSMUSG00000005803	87	95	NA	NA
ENSMUSG00000005804	65	78	59	90
ENSMUSG00000005813	62	42	NA	NA
ENSMUSG00000005823	35	41	NA	NA
ENSMUSG00000005824	13	39	NA	NA
ENSMUSG00000005836	76	67	NA	NA
ENSMUSG00000005846	79	64	NA	NA
ENSMUSG00000005864	49	15	NA	NA
ENSMUSG00000005871	49	28	94	38
ENSMUSG00000005873	91	82	NA	NA
ENSMUSG00000005881	76	69	NA	NA
ENSMUSG00000005882	98	74	41	4
ENSMUSG00000005883	22	0	NA	NA
ENSMUSG00000005886	19	17	4	0
ENSMUSG00000005891	40	63	NA	NA
ENSMUSG00000005892	31	56	NA	NA
ENSMUSG00000005893	45	55	24	85
ENSMUSG00000005897	70	63	11	87
ENSMUSG00000005899	43	51	NA	NA
ENSMUSG00000005907	NA	NA	69	79
ENSMUSG00000005917	NA	NA	56	8
ENSMUSG00000005936	61	74	NA	NA
ENSMUSG00000005947	13	23	42	38
ENSMUSG00000005949	47	52	NA	NA
ENSMUSG00000005950	28	57	NA	NA
ENSMUSG00000005951	NA	NA	12	14
ENSMUSG00000005952	NA	NA	71	33
ENSMUSG00000005958	39	62	NA	NA
ENSMUSG00000005968	1	73	NA	NA
ENSMUSG00000005973	83	95	NA	NA
ENSMUSG00000005980	30	58	NA	NA
ENSMUSG00000005981	93	88	NA	NA
ENSMUSG00000005982	77	7	79	44
ENSMUSG00000005983	NA	NA	10	33
ENSMUSG00000005986	NA	NA	84	46
ENSMUSG00000005994	49	13	NA	NA
ENSMUSG00000006005	82	72	NA	NA
ENSMUSG00000006007	81	40	NA	NA
ENSMUSG00000006010	74	19	NA	NA
ENSMUSG00000006014	72	3	NA	NA
ENSMUSG00000006019	NA	NA	22	74
ENSMUSG00000006021	72	75	25	35
ENSMUSG00000006024	91	5	NA	NA
ENSMUSG00000006050	80	90	NA	NA
ENSMUSG00000006056	24	51	NA	NA
ENSMUSG00000006057	NA	NA	45	67
ENSMUSG00000006058	74	71	NA	NA
ENSMUSG00000006095	24	77	NA	NA
ENSMUSG00000006127	50	42	NA	NA
ENSMUSG00000006134	67	4	NA	NA
ENSMUSG00000006143	NA	NA	75	18
ENSMUSG00000006154	20	36	NA	NA
ENSMUSG00000006169	67	84	NA	NA
ENSMUSG00000006179	32	13	NA	NA
ENSMUSG00000006191	0	2	27	50
ENSMUSG00000006200	37	13	NA	NA
ENSMUSG00000006204	NA	NA	22	84
ENSMUSG00000006205	51	96	NA	NA
ENSMUSG00000006215	76	65	16	22
ENSMUSG00000006216	12	54	NA	NA
ENSMUSG00000006218	NA	NA	32	51
ENSMUSG00000006219	75	85	NA	NA
ENSMUSG00000006221	97	23	NA	NA
ENSMUSG00000006235	74	71	NA	NA
ENSMUSG00000006241	37	61	NA	NA
ENSMUSG00000006262	15	43	31	3
ENSMUSG00000006269	39	18	NA	NA
ENSMUSG00000006270	9	9	NA	NA
ENSMUSG00000006273	73	35	NA	NA
ENSMUSG00000006276	24	84	10	53
ENSMUSG00000006281	66	75	NA	NA
ENSMUSG00000006288	3	2	NA	NA
ENSMUSG00000006289	86	48	15	5
ENSMUSG00000006299	37	37	NA	NA
ENSMUSG00000006301	93	21	NA	NA
ENSMUSG00000006304	82	87	NA	NA
ENSMUSG00000006307	NA	NA	94	26
ENSMUSG00000006310	1	43	30	21
ENSMUSG00000006311	78	26	NA	NA
ENSMUSG00000006313	21	29	NA	NA
ENSMUSG00000006315	79	83	NA	NA
ENSMUSG00000006333	29	56	NA	NA
ENSMUSG00000006335	23	67	NA	NA
ENSMUSG00000006342	2	42	NA	NA
ENSMUSG00000006344	56	28	NA	NA
ENSMUSG00000006345	77	70	NA	NA
ENSMUSG00000006356	1	31	NA	NA
ENSMUSG00000006360	96	93	NA	NA
ENSMUSG00000006362	2	26	NA	NA
ENSMUSG00000006369	98	41	67	61
ENSMUSG00000006373	63	93	NA	NA
ENSMUSG00000006378	67	95	NA	NA
ENSMUSG00000006386	5	1	NA	NA
ENSMUSG00000006389	25	64	NA	NA
ENSMUSG00000006390	84	76	NA	NA
ENSMUSG00000006392	82	95	34	24
ENSMUSG00000006395	48	54	NA	NA
ENSMUSG00000006398	99	76	NA	NA
ENSMUSG00000006403	82	24	NA	NA
ENSMUSG00000006411	36	65	NA	NA
ENSMUSG00000006412	65	52	45	93
ENSMUSG00000006418	36	35	NA	NA
ENSMUSG00000006423	88	77	NA	NA
ENSMUSG00000006435	93	96	65	96
ENSMUSG00000006442	21	89	NA	NA
ENSMUSG00000006445	42	28	NA	NA
ENSMUSG00000006456	2	98	NA	NA
ENSMUSG00000006457	97	76	NA	NA
ENSMUSG00000006463	NA	NA	91	48
ENSMUSG00000006464	NA	NA	47	81
ENSMUSG00000006469	NA	NA	14	28
ENSMUSG00000006471	NA	NA	20	69
ENSMUSG00000006476	38	81	NA	NA
ENSMUSG00000006488	34	1	20	54
ENSMUSG00000006490	23	26	NA	NA
ENSMUSG00000006494	84	97	96	99
ENSMUSG00000006498	41	31	NA	NA
ENSMUSG00000006517	98	27	NA	NA
ENSMUSG00000006519	13	69	NA	NA
ENSMUSG00000006522	15	46	NA	NA
ENSMUSG00000006526	21	64	74	75
ENSMUSG00000006527	0	19	93	79
ENSMUSG00000006529	4	56	NA	NA
ENSMUSG00000006538	65	9	NA	NA
ENSMUSG00000006542	NA	NA	98	56
ENSMUSG00000006546	32	1	NA	NA
ENSMUSG00000006567	30	46	6	30
ENSMUSG00000006570	55	0	NA	NA
ENSMUSG00000006574	29	38	NA	NA
ENSMUSG00000006575	13	59	NA	NA
ENSMUSG00000006576	96	28	81	22
ENSMUSG00000006585	97	39	NA	NA
ENSMUSG00000006586	24	4	47	19
ENSMUSG00000006587	82	49	98	66
ENSMUSG00000006589	81	74	NA	NA
ENSMUSG00000006599	12	91	NA	NA
ENSMUSG00000006611	70	14	NA	NA
ENSMUSG00000006638	82	76	NA	NA
ENSMUSG00000006641	42	31	NA	NA
ENSMUSG00000006642	10	12	NA	NA
ENSMUSG00000006649	50	35	NA	NA
ENSMUSG00000006651	89	95	NA	NA
ENSMUSG00000006673	83	26	NA	NA
ENSMUSG00000006675	NA	NA	56	33
ENSMUSG00000006676	48	76	10	1
ENSMUSG00000006678	95	86	NA	NA
ENSMUSG00000006699	72	80	31	71
ENSMUSG00000006705	85	62	47	36
ENSMUSG00000006711	NA	NA	23	3
ENSMUSG00000006715	96	84	NA	NA
ENSMUSG00000006717	34	99	NA	NA
ENSMUSG00000006720	NA	NA	26	65
ENSMUSG00000006724	24	70	NA	NA
ENSMUSG00000006728	93	25	NA	NA
ENSMUSG00000006731	67	69	NA	NA
ENSMUSG00000006732	51	70	14	25
ENSMUSG00000006736	60	42	NA	NA
ENSMUSG00000006740	63	55	78	69
ENSMUSG00000006763	47	52	NA	NA
ENSMUSG00000006764	NA	NA	24	48
ENSMUSG00000006777	48	10	NA	NA
ENSMUSG00000006782	56	79	NA	NA
ENSMUSG00000006784	NA	NA	63	10
ENSMUSG00000006800	98	99	99	99
ENSMUSG00000006818	65	11	87	89
ENSMUSG00000006850	28	63	67	43
ENSMUSG00000006906	57	44	NA	NA
ENSMUSG00000006920	72	34	80	26
ENSMUSG00000006930	16	21	NA	NA
ENSMUSG00000006931	70	65	NA	NA
ENSMUSG00000006932	84	81	NA	NA
ENSMUSG00000006941	3	0	NA	NA
ENSMUSG00000006948	50	43	NA	NA
ENSMUSG00000006958	96	58	NA	NA
ENSMUSG00000006998	NA	NA	66	13
ENSMUSG00000007021	1	48	NA	NA
ENSMUSG00000007029	83	97	NA	NA
ENSMUSG00000007030	34	20	NA	NA
ENSMUSG00000007033	39	10	NA	NA
ENSMUSG00000007034	84	65	NA	NA
ENSMUSG00000007035	61	25	NA	NA
ENSMUSG00000007036	57	51	14	34
ENSMUSG00000007038	46	88	NA	NA
ENSMUSG00000007039	98	85	NA	NA
ENSMUSG00000007041	96	72	34	71
ENSMUSG00000007050	95	91	NA	NA
ENSMUSG00000007080	94	90	NA	NA
ENSMUSG00000007097	99	73	99	51
ENSMUSG00000007107	NA	NA	58	27
ENSMUSG00000007122	72	52	NA	NA
ENSMUSG00000007207	45	19	NA	NA
ENSMUSG00000007209	38	69	NA	NA
ENSMUSG00000007216	NA	NA	9	61
ENSMUSG00000007279	26	28	NA	NA
ENSMUSG00000007338	32	18	NA	NA
ENSMUSG00000007379	NA	NA	78	80
ENSMUSG00000007411	48	4	NA	NA
ENSMUSG00000007415	60	68	NA	NA
ENSMUSG00000007440	30	50	NA	NA
ENSMUSG00000007476	63	64	NA	NA
ENSMUSG00000007480	0	19	83	47
ENSMUSG00000007564	18	67	NA	NA
ENSMUSG00000007570	41	70	21	18
ENSMUSG00000007589	5	91	57	18
ENSMUSG00000007591	NA	NA	43	78
ENSMUSG00000007594	NA	NA	66	28
ENSMUSG00000007603	41	50	70	69
ENSMUSG00000007610	14	35	82	4
ENSMUSG00000007613	65	35	NA	NA
ENSMUSG00000007617	69	42	96	35
ENSMUSG00000007646	60	11	NA	NA
ENSMUSG00000007653	44	36	NA	NA
ENSMUSG00000007655	97	89	NA	NA
ENSMUSG00000007656	44	18	NA	NA
ENSMUSG00000007659	58	27	NA	NA
ENSMUSG00000007670	NA	NA	95	86
ENSMUSG00000007682	83	83	NA	NA
ENSMUSG00000007721	NA	NA	88	87
ENSMUSG00000007739	41	84	67	84
ENSMUSG00000007777	82	98	NA	NA
ENSMUSG00000007783	NA	NA	95	99
ENSMUSG00000007805	10	87	NA	NA
ENSMUSG00000007812	NA	NA	97	77
ENSMUSG00000007815	2	15	12	16
ENSMUSG00000007817	70	7	88	94
ENSMUSG00000007827	7	51	77	46
ENSMUSG00000007833	59	83	82	87
ENSMUSG00000007836	NA	NA	75	63
ENSMUSG00000007837	46	12	NA	NA
ENSMUSG00000007850	93	60	NA	NA
ENSMUSG00000007867	NA	NA	38	98
ENSMUSG00000007872	99	99	NA	NA
ENSMUSG00000007877	55	16	NA	NA
ENSMUSG00000007880	59	2	NA	NA
ENSMUSG00000007888	98	23	NA	NA
ENSMUSG00000007891	62	84	NA	NA
ENSMUSG00000007907	NA	NA	48	65
ENSMUSG00000007908	NA	NA	74	91
ENSMUSG00000007944	NA	NA	51	73
ENSMUSG00000007946	25	5	NA	NA
ENSMUSG00000007950	96	65	NA	NA
ENSMUSG00000007987	49	76	8	36
ENSMUSG00000007989	57	33	94	95
ENSMUSG00000008028	NA	NA	54	27
ENSMUSG00000008035	84	20	NA	NA
ENSMUSG00000008036	78	45	NA	NA
ENSMUSG00000008090	99	22	99	38
ENSMUSG00000008129	NA	NA	89	10
ENSMUSG00000008136	67	90	NA	NA
ENSMUSG00000008140	56	47	NA	NA
ENSMUSG00000008153	45	58	NA	NA
ENSMUSG00000008167	58	49	NA	NA
ENSMUSG00000008193	50	22	NA	NA
ENSMUSG00000008200	72	48	NA	NA
ENSMUSG00000008206	22	66	NA	NA
ENSMUSG00000008226	56	44	NA	NA
ENSMUSG00000008301	60	95	NA	NA
ENSMUSG00000008305	70	84	NA	NA
ENSMUSG00000008307	NA	NA	35	72
ENSMUSG00000008333	76	50	NA	NA
ENSMUSG00000008348	65	50	NA	NA
ENSMUSG00000008373	55	88	NA	NA
ENSMUSG00000008384	36	79	NA	NA
ENSMUSG00000008393	84	60	NA	NA
ENSMUSG00000008398	92	38	NA	NA
ENSMUSG00000008429	29	84	NA	NA
ENSMUSG00000008435	36	88	NA	NA
ENSMUSG00000008438	37	12	NA	NA
ENSMUSG00000008450	NA	NA	79	34
ENSMUSG00000008461	81	27	NA	NA
ENSMUSG00000008475	86	78	NA	NA
ENSMUSG00000008482	0	15	NA	NA
ENSMUSG00000008489	55	23	NA	NA
ENSMUSG00000008496	26	53	39	65
ENSMUSG00000008540	98	99	NA	NA
ENSMUSG00000008575	99	42	99	94
ENSMUSG00000008590	55	15	NA	NA
ENSMUSG00000008601	32	36	NA	NA
ENSMUSG00000008604	7	93	NA	NA
ENSMUSG00000008658	92	67	6	5
ENSMUSG00000008668	39	27	NA	NA
ENSMUSG00000008683	NA	NA	59	25
ENSMUSG00000008690	21	91	NA	NA
ENSMUSG00000008730	65	50	NA	NA
ENSMUSG00000008734	77	94	NA	NA
ENSMUSG00000008763	53	37	83	71
ENSMUSG00000008822	69	99	NA	NA
ENSMUSG00000008843	20	16	NA	NA
ENSMUSG00000008845	70	24	NA	NA
ENSMUSG00000008855	89	68	96	48
ENSMUSG00000008859	73	96	NA	NA
ENSMUSG00000008932	NA	NA	46	17
ENSMUSG00000008958	44	49	NA	NA
ENSMUSG00000008976	14	6	NA	NA
ENSMUSG00000008999	4	25	NA	NA
ENSMUSG00000009013	84	68	93	18
ENSMUSG00000009030	48	81	NA	NA
ENSMUSG00000009035	78	88	NA	NA
ENSMUSG00000009070	NA	NA	69	48
ENSMUSG00000009073	4	14	NA	NA
ENSMUSG00000009075	0	58	10	72
ENSMUSG00000009076	60	60	NA	NA
ENSMUSG00000009079	34	29	NA	NA
ENSMUSG00000009090	51	31	NA	NA
ENSMUSG00000009092	13	19	11	6
ENSMUSG00000009093	NA	NA	10	70
ENSMUSG00000009097	83	81	NA	NA
ENSMUSG00000009108	60	67	NA	NA
ENSMUSG00000009112	60	1	62	37
ENSMUSG00000009114	NA	NA	24	38
ENSMUSG00000009115	NA	NA	80	12
ENSMUSG00000009145	8	78	NA	NA
ENSMUSG00000009185	17	13	NA	NA
ENSMUSG00000009207	NA	NA	19	63
ENSMUSG00000009210	NA	NA	16	13
ENSMUSG00000009214	83	74	NA	NA
ENSMUSG00000009216	NA	NA	19	36
ENSMUSG00000009246	33	54	10	52
ENSMUSG00000009248	40	41	NA	NA
ENSMUSG00000009281	1	29	NA	NA
ENSMUSG00000009291	96	87	NA	NA
ENSMUSG00000009292	NA	NA	49	46
ENSMUSG00000009293	90	67	NA	NA
ENSMUSG00000009350	13	2	NA	NA
ENSMUSG00000009356	15	11	NA	NA
ENSMUSG00000009376	72	58	96	88
ENSMUSG00000009378	NA	NA	44	12
ENSMUSG00000009394	70	59	40	39
ENSMUSG00000009406	7	58	29	75
ENSMUSG00000009418	NA	NA	94	39
ENSMUSG00000009470	37	62	NA	NA
ENSMUSG00000009471	21	43	NA	NA
ENSMUSG00000009487	81	76	NA	NA
ENSMUSG00000009535	94	63	34	13
ENSMUSG00000009545	43	20	NA	NA
ENSMUSG00000009549	67	94	NA	NA
ENSMUSG00000009551	NA	NA	59	82
ENSMUSG00000009555	2	62	77	39
ENSMUSG00000009563	40	90	NA	NA
ENSMUSG00000009566	57	78	NA	NA
ENSMUSG00000009569	13	49	93	81
ENSMUSG00000009575	47	66	NA	NA
ENSMUSG00000009580	NA	NA	21	59
ENSMUSG00000009585	92	77	NA	NA
ENSMUSG00000009588	44	50	NA	NA
ENSMUSG00000009596	17	20	NA	NA
ENSMUSG00000009614	5	5	NA	NA
ENSMUSG00000009621	74	62	10	91
ENSMUSG00000009628	43	16	NA	NA
ENSMUSG00000009630	31	29	NA	NA
ENSMUSG00000009633	51	57	NA	NA
ENSMUSG00000009640	56	88	NA	NA
ENSMUSG00000009646	23	35	NA	NA
ENSMUSG00000009647	NA	NA	99	80
ENSMUSG00000009654	58	40	NA	NA
ENSMUSG00000009670	28	6	NA	NA
ENSMUSG00000009681	87	35	97	23
ENSMUSG00000009687	83	44	NA	NA
ENSMUSG00000009731	49	2	89	10
ENSMUSG00000009733	76	55	NA	NA
ENSMUSG00000009734	NA	NA	58	23
ENSMUSG00000009739	17	33	NA	NA
ENSMUSG00000009741	68	65	NA	NA
ENSMUSG00000009772	NA	NA	68	11
ENSMUSG00000009828	32	73	93	78
ENSMUSG00000009863	84	83	NA	NA
ENSMUSG00000009876	51	54	NA	NA
ENSMUSG00000009894	41	73	NA	NA
ENSMUSG00000009900	78	2	NA	NA
ENSMUSG00000009905	NA	NA	78	86
ENSMUSG00000009907	80	64	93	61
ENSMUSG00000009927	82	86	NA	NA
ENSMUSG00000009941	27	41	NA	NA
ENSMUSG00000009995	45	86	35	58
ENSMUSG00000010025	71	84	NA	NA
ENSMUSG00000010044	38	32	NA	NA
ENSMUSG00000010045	76	14	NA	NA
ENSMUSG00000010047	56	62	NA	NA
ENSMUSG00000010048	77	92	NA	NA
ENSMUSG00000010054	76	56	NA	NA
ENSMUSG00000010057	56	50	NA	NA
ENSMUSG00000010064	26	0	2	5
ENSMUSG00000010066	82	47	NA	NA
ENSMUSG00000010067	84	81	63	78
ENSMUSG00000010080	1	29	NA	NA
ENSMUSG00000010086	10	11	NA	NA
ENSMUSG00000010095	97	86	NA	NA
ENSMUSG00000010097	20	27	13	30
ENSMUSG00000010110	80	55	NA	NA
ENSMUSG00000010122	36	22	NA	NA
ENSMUSG00000010136	NA	NA	46	90
ENSMUSG00000010142	61	15	NA	NA
ENSMUSG00000010154	47	69	NA	NA
ENSMUSG00000010175	64	6	35	77
ENSMUSG00000010277	79	83	NA	NA
ENSMUSG00000010290	61	71	NA	NA
ENSMUSG00000010307	NA	NA	17	70
ENSMUSG00000010311	48	87	NA	NA
ENSMUSG00000010342	90	29	NA	NA
ENSMUSG00000010358	36	45	86	54
ENSMUSG00000010362	34	56	NA	NA
ENSMUSG00000010376	30	92	NA	NA
ENSMUSG00000010392	68	43	NA	NA
ENSMUSG00000010406	11	51	52	87
ENSMUSG00000010435	NA	NA	89	10
ENSMUSG00000010453	NA	NA	66	73
ENSMUSG00000010461	14	74	96	98
ENSMUSG00000010476	54	42	NA	NA
ENSMUSG00000010505	70	4	NA	NA
ENSMUSG00000010517	85	68	NA	NA
ENSMUSG00000010529	NA	NA	11	73
ENSMUSG00000010538	NA	NA	82	70
ENSMUSG00000010554	NA	NA	38	29
ENSMUSG00000010592	10	66	NA	NA
ENSMUSG00000010601	NA	NA	13	21
ENSMUSG00000010607	55	17	NA	NA
ENSMUSG00000010608	82	72	77	68
ENSMUSG00000010609	26	78	NA	NA
ENSMUSG00000010651	29	51	NA	NA
ENSMUSG00000010660	85	91	NA	NA
ENSMUSG00000010663	96	43	91	10
ENSMUSG00000010721	66	40	46	45
ENSMUSG00000010751	79	29	NA	NA
ENSMUSG00000010755	91	89	NA	NA
ENSMUSG00000010760	2	36	NA	NA
ENSMUSG00000010796	51	65	NA	NA
ENSMUSG00000010797	47	42	NA	NA
ENSMUSG00000010803	5	69	43	24
ENSMUSG00000010825	4	27	NA	NA
ENSMUSG00000010830	94	91	NA	NA
ENSMUSG00000010841	NA	NA	84	48
ENSMUSG00000010911	91	79	NA	NA
ENSMUSG00000010914	NA	NA	97	35
ENSMUSG00000010936	33	46	NA	NA
ENSMUSG00000011008	50	39	NA	NA
ENSMUSG00000011034	19	73	NA	NA
ENSMUSG00000011096	NA	NA	65	7
ENSMUSG00000011114	85	33	NA	NA
ENSMUSG00000011118	NA	NA	2	39
ENSMUSG00000011148	98	87	NA	NA
ENSMUSG00000011154	NA	NA	3	76
ENSMUSG00000011158	NA	NA	63	5
ENSMUSG00000011171	9	7	NA	NA
ENSMUSG00000011179	87	97	NA	NA
ENSMUSG00000011254	NA	NA	45	5
ENSMUSG00000011256	79	90	NA	NA
ENSMUSG00000011263	NA	NA	22	29
ENSMUSG00000011267	4	70	NA	NA
ENSMUSG00000011305	56	17	75	16
ENSMUSG00000011306	82	65	67	3
ENSMUSG00000011349	NA	NA	20	18
ENSMUSG00000011382	NA	NA	58	55
ENSMUSG00000011427	48	25	NA	NA
ENSMUSG00000011463	6	31	NA	NA
ENSMUSG00000011486	NA	NA	90	81
ENSMUSG00000011589	NA	NA	7	26
ENSMUSG00000011632	44	44	NA	NA
ENSMUSG00000011658	NA	NA	31	62
ENSMUSG00000011751	21	60	NA	NA
ENSMUSG00000011831	90	93	NA	NA
ENSMUSG00000011832	NA	NA	5	86
ENSMUSG00000011837	79	69	NA	NA
ENSMUSG00000011877	32	53	NA	NA
ENSMUSG00000011884	93	84	NA	NA
ENSMUSG00000011958	45	81	NA	NA
ENSMUSG00000011960	12	87	7	93
ENSMUSG00000012017	NA	NA	35	98
ENSMUSG00000012042	NA	NA	20	44
ENSMUSG00000012076	NA	NA	92	97
ENSMUSG00000012114	72	65	11	76
ENSMUSG00000012117	70	90	NA	NA
ENSMUSG00000012123	NA	NA	40	24
ENSMUSG00000012126	67	47	53	45
ENSMUSG00000012187	3	55	NA	NA
ENSMUSG00000012211	NA	NA	90	47
ENSMUSG00000012282	6	75	NA	NA
ENSMUSG00000012296	12	1	NA	NA
ENSMUSG00000012350	41	16	NA	NA
ENSMUSG00000012405	31	80	NA	NA
ENSMUSG00000012422	91	72	45	14
ENSMUSG00000012428	21	61	NA	NA
ENSMUSG00000012429	23	60	27	0
ENSMUSG00000012443	92	84	NA	NA
ENSMUSG00000012483	72	94	NA	NA
ENSMUSG00000012519	NA	NA	74	77
ENSMUSG00000012520	29	54	6	38
ENSMUSG00000012535	79	48	NA	NA
ENSMUSG00000012609	NA	NA	46	89
ENSMUSG00000012640	NA	NA	56	60
ENSMUSG00000012705	50	15	NA	NA
ENSMUSG00000012819	11	3	NA	NA
ENSMUSG00000012848	8	61	NA	NA
ENSMUSG00000013033	85	46	NA	NA
ENSMUSG00000013076	NA	NA	89	77
ENSMUSG00000013083	NA	NA	42	80
ENSMUSG00000013089	NA	NA	91	31
ENSMUSG00000013091	NA	NA	52	61
ENSMUSG00000013150	73	37	NA	NA
ENSMUSG00000013155	6	34	NA	NA
ENSMUSG00000013158	NA	NA	45	58
ENSMUSG00000013160	62	94	92	95
ENSMUSG00000013236	78	69	20	30
ENSMUSG00000013275	68	67	51	35
ENSMUSG00000013338	NA	NA	50	30
ENSMUSG00000013353	NA	NA	63	49
ENSMUSG00000013367	NA	NA	25	18
ENSMUSG00000013415	51	42	46	29
ENSMUSG00000013418	62	47	NA	NA
ENSMUSG00000013419	79	28	6	67
ENSMUSG00000013465	58	56	NA	NA
ENSMUSG00000013483	19	29	NA	NA
ENSMUSG00000013495	56	73	72	95
ENSMUSG00000013523	NA	NA	71	71
ENSMUSG00000013539	11	42	65	82
ENSMUSG00000013562	NA	NA	50	83
ENSMUSG00000013584	28	57	NA	NA
ENSMUSG00000013593	79	82	NA	NA
ENSMUSG00000013611	NA	NA	2	55
ENSMUSG00000013622	77	93	NA	NA
ENSMUSG00000013629	33	93	71	66
ENSMUSG00000013643	20	33	NA	NA
ENSMUSG00000013646	17	72	NA	NA
ENSMUSG00000013653	56	21	NA	NA
ENSMUSG00000013662	40	32	48	82
ENSMUSG00000013663	85	87	98	53
ENSMUSG00000013668	NA	NA	51	43
ENSMUSG00000013698	60	92	NA	NA
ENSMUSG00000013707	NA	NA	78	67
ENSMUSG00000013736	63	18	NA	NA
ENSMUSG00000013766	NA	NA	83	62
ENSMUSG00000013787	87	69	NA	NA
ENSMUSG00000013833	70	9	NA	NA
ENSMUSG00000013846	78	48	NA	NA
ENSMUSG00000013858	72	17	NA	NA
ENSMUSG00000013878	NA	NA	27	20
ENSMUSG00000013921	NA	NA	91	94
ENSMUSG00000013936	99	85	NA	NA
ENSMUSG00000013973	73	82	NA	NA
ENSMUSG00000013974	NA	NA	43	46
ENSMUSG00000013997	53	48	NA	NA
ENSMUSG00000014030	38	63	81	54
ENSMUSG00000014039	NA	NA	61	80
ENSMUSG00000014074	NA	NA	95	26
ENSMUSG00000014075	NA	NA	96	99
ENSMUSG00000014077	51	23	NA	NA
ENSMUSG00000014104	6	37	NA	NA
ENSMUSG00000014158	56	1	NA	NA
ENSMUSG00000014177	NA	NA	51	98
ENSMUSG00000014195	85	13	NA	NA
ENSMUSG00000014198	NA	NA	20	48
ENSMUSG00000014226	69	38	NA	NA
ENSMUSG00000014232	72	74	NA	NA
ENSMUSG00000014243	94	85	NA	NA
ENSMUSG00000014294	48	90	NA	NA
ENSMUSG00000014303	93	82	NA	NA
ENSMUSG00000014313	19	97	NA	NA
ENSMUSG00000014329	95	99	98	99
ENSMUSG00000014349	51	43	15	36
ENSMUSG00000014351	65	17	NA	NA
ENSMUSG00000014353	NA	NA	91	86
ENSMUSG00000014355	67	80	91	56
ENSMUSG00000014361	5	38	NA	NA
ENSMUSG00000014402	9	50	NA	NA
ENSMUSG00000014418	NA	NA	43	91
ENSMUSG00000014426	75	21	93	85
ENSMUSG00000014444	NA	NA	92	90
ENSMUSG00000014453	36	25	NA	NA
ENSMUSG00000014470	71	72	NA	NA
ENSMUSG00000014496	45	10	61	56
ENSMUSG00000014498	NA	NA	10	25
ENSMUSG00000014503	81	72	NA	NA
ENSMUSG00000014504	57	97	NA	NA
ENSMUSG00000014529	NA	NA	2	23
ENSMUSG00000014542	12	2	NA	NA
ENSMUSG00000014543	8	53	NA	NA
ENSMUSG00000014547	60	17	NA	NA
ENSMUSG00000014550	NA	NA	75	93
ENSMUSG00000014551	86	67	NA	NA
ENSMUSG00000014554	70	41	NA	NA
ENSMUSG00000014592	NA	NA	34	13
ENSMUSG00000014599	81	50	NA	NA
ENSMUSG00000014601	NA	NA	23	51
ENSMUSG00000014602	63	8	NA	NA
ENSMUSG00000014603	6	4	0	18
ENSMUSG00000014606	82	72	NA	NA
ENSMUSG00000014609	34	27	NA	NA
ENSMUSG00000014633	66	52	NA	NA
ENSMUSG00000014668	58	73	88	52
ENSMUSG00000014725	18	5	NA	NA
ENSMUSG00000014748	4	72	NA	NA
ENSMUSG00000014763	50	58	90	76
ENSMUSG00000014767	35	67	NA	NA
ENSMUSG00000014769	11	51	NA	NA
ENSMUSG00000014771	89	31	NA	NA
ENSMUSG00000014773	89	19	NA	NA
ENSMUSG00000014776	93	88	74	95
ENSMUSG00000014778	NA	NA	95	85
ENSMUSG00000014782	NA	NA	49	99
ENSMUSG00000014786	NA	NA	76	47
ENSMUSG00000014791	51	28	NA	NA
ENSMUSG00000014813	96	20	NA	NA
ENSMUSG00000014837	NA	NA	82	50
ENSMUSG00000014846	68	77	NA	NA
ENSMUSG00000014850	57	6	29	79
ENSMUSG00000014856	21	40	NA	NA
ENSMUSG00000014859	22	21	NA	NA
ENSMUSG00000014867	47	17	NA	NA
ENSMUSG00000014873	18	11	NA	NA
ENSMUSG00000014905	93	7	NA	NA
ENSMUSG00000014907	2	44	NA	NA
ENSMUSG00000014932	0	25	53	26
ENSMUSG00000014956	65	43	NA	NA
ENSMUSG00000014959	44	38	NA	NA
ENSMUSG00000015001	65	3	NA	NA
ENSMUSG00000015002	74	29	NA	NA
ENSMUSG00000015013	49	92	NA	NA
ENSMUSG00000015016	20	31	NA	NA
ENSMUSG00000015023	73	14	NA	NA
ENSMUSG00000015027	86	60	NA	NA
ENSMUSG00000015053	85	75	NA	NA
ENSMUSG00000015083	24	66	NA	NA
ENSMUSG00000015085	82	60	NA	NA
ENSMUSG00000015087	10	57	NA	NA
ENSMUSG00000015090	81	8	NA	NA
ENSMUSG00000015092	25	52	NA	NA
ENSMUSG00000015093	96	72	NA	NA
ENSMUSG00000015094	58	77	NA	NA
ENSMUSG00000015095	40	50	NA	NA
ENSMUSG00000015112	32	0	NA	NA
ENSMUSG00000015120	NA	NA	92	34
ENSMUSG00000015126	88	10	NA	NA
ENSMUSG00000015127	NA	NA	70	80
ENSMUSG00000015133	92	89	NA	NA
ENSMUSG00000015134	1	74	NA	NA
ENSMUSG00000015143	95	40	NA	NA
ENSMUSG00000015149	87	86	NA	NA
ENSMUSG00000015165	95	79	33	15
ENSMUSG00000015176	54	96	NA	NA
ENSMUSG00000015189	52	78	NA	NA
ENSMUSG00000015202	NA	NA	82	94
ENSMUSG00000015214	51	54	NA	NA
ENSMUSG00000015222	16	73	25	0
ENSMUSG00000015224	37	5	NA	NA
ENSMUSG00000015242	NA	NA	66	25
ENSMUSG00000015243	46	1	NA	NA
ENSMUSG00000015247	62	28	NA	NA
ENSMUSG00000015289	59	29	NA	NA
ENSMUSG00000015290	28	70	NA	NA
ENSMUSG00000015291	78	91	NA	NA
ENSMUSG00000015305	93	99	NA	NA
ENSMUSG00000015312	36	54	NA	NA
ENSMUSG00000015314	38	17	35	20
ENSMUSG00000015316	79	22	NA	NA
ENSMUSG00000015335	27	51	NA	NA
ENSMUSG00000015337	89	89	NA	NA
ENSMUSG00000015340	43	4	1	7
ENSMUSG00000015341	41	15	3	86
ENSMUSG00000015342	9	33	NA	NA
ENSMUSG00000015354	94	84	NA	NA
ENSMUSG00000015355	15	19	NA	NA
ENSMUSG00000015357	79	76	NA	NA
ENSMUSG00000015363	26	38	2	64
ENSMUSG00000015365	9	42	NA	NA
ENSMUSG00000015377	NA	NA	12	27
ENSMUSG00000015396	66	53	NA	NA
ENSMUSG00000015401	17	8	NA	NA
ENSMUSG00000015405	33	15	NA	NA
ENSMUSG00000015437	34	50	NA	NA
ENSMUSG00000015441	30	6	NA	NA
ENSMUSG00000015443	45	7	NA	NA
ENSMUSG00000015452	1	41	86	83
ENSMUSG00000015461	45	84	NA	NA
ENSMUSG00000015468	36	15	NA	NA
ENSMUSG00000015474	33	10	NA	NA
ENSMUSG00000015476	29	77	NA	NA
ENSMUSG00000015484	NA	NA	46	89
ENSMUSG00000015488	60	68	NA	NA
ENSMUSG00000015501	18	34	NA	NA
ENSMUSG00000015519	8	24	NA	NA
ENSMUSG00000015522	48	51	81	58
ENSMUSG00000015533	44	72	33	35
ENSMUSG00000015536	69	97	NA	NA
ENSMUSG00000015542	93	71	NA	NA
ENSMUSG00000015568	26	99	NA	NA
ENSMUSG00000015575	52	56	NA	NA
ENSMUSG00000015579	23	1	NA	NA
ENSMUSG00000015597	75	54	5	59
ENSMUSG00000015599	NA	NA	44	18
ENSMUSG00000015605	42	25	NA	NA
ENSMUSG00000015619	53	75	NA	NA
ENSMUSG00000015627	68	33	NA	NA
ENSMUSG00000015647	90	95	NA	NA
ENSMUSG00000015652	94	69	NA	NA
ENSMUSG00000015653	NA	NA	67	85
ENSMUSG00000015659	64	67	NA	NA
ENSMUSG00000015668	50	77	NA	NA
ENSMUSG00000015671	62	78	NA	NA
ENSMUSG00000015672	94	80	83	6
ENSMUSG00000015697	60	1	NA	NA
ENSMUSG00000015702	9	41	NA	NA
ENSMUSG00000015709	30	44	97	29
ENSMUSG00000015711	92	1	NA	NA
ENSMUSG00000015714	35	1	NA	NA
ENSMUSG00000015721	41	42	NA	NA
ENSMUSG00000015733	12	89	NA	NA
ENSMUSG00000015745	58	81	NA	NA
ENSMUSG00000015747	48	2	NA	NA
ENSMUSG00000015748	26	88	NA	NA
ENSMUSG00000015749	85	8	NA	NA
ENSMUSG00000015750	55	41	NA	NA
ENSMUSG00000015755	57	77	NA	NA
ENSMUSG00000015757	8	45	NA	NA
ENSMUSG00000015759	43	55	NA	NA
ENSMUSG00000015766	80	97	NA	NA
ENSMUSG00000015776	9	58	NA	NA
ENSMUSG00000015787	10	14	NA	NA
ENSMUSG00000015790	62	92	NA	NA
ENSMUSG00000015804	80	22	NA	NA
ENSMUSG00000015806	27	51	NA	NA
ENSMUSG00000015829	NA	NA	35	68
ENSMUSG00000015837	61	71	13	48
ENSMUSG00000015839	85	38	79	55
ENSMUSG00000015843	13	61	NA	NA
ENSMUSG00000015846	33	30	NA	NA
ENSMUSG00000015850	68	99	NA	NA
ENSMUSG00000015852	63	1	NA	NA
ENSMUSG00000015854	74	31	NA	NA
ENSMUSG00000015869	23	95	NA	NA
ENSMUSG00000015879	NA	NA	47	76
ENSMUSG00000015880	13	82	NA	NA
ENSMUSG00000015882	28	27	10	47
ENSMUSG00000015889	59	36	NA	NA
ENSMUSG00000015890	29	38	62	8
ENSMUSG00000015932	79	45	NA	NA
ENSMUSG00000015937	95	95	NA	NA
ENSMUSG00000015942	13	4	NA	NA
ENSMUSG00000015943	63	61	NA	NA
ENSMUSG00000015944	69	75	8	50
ENSMUSG00000015947	12	11	55	12
ENSMUSG00000015950	42	65	11	71
ENSMUSG00000015957	42	67	NA	NA
ENSMUSG00000015961	61	26	NA	NA
ENSMUSG00000015962	NA	NA	28	3
ENSMUSG00000015966	56	70	NA	NA
ENSMUSG00000015968	59	79	NA	NA
ENSMUSG00000015970	45	49	NA	NA
ENSMUSG00000015971	57	79	NA	NA
ENSMUSG00000015980	NA	NA	46	68
ENSMUSG00000015981	69	19	NA	NA
ENSMUSG00000015994	4	87	47	89
ENSMUSG00000016018	43	56	37	93
ENSMUSG00000016024	80	76	82	9
ENSMUSG00000016028	44	32	NA	NA
ENSMUSG00000016087	29	18	NA	NA
ENSMUSG00000016128	87	81	NA	NA
ENSMUSG00000016150	51	55	16	36
ENSMUSG00000016179	71	32	NA	NA
ENSMUSG00000016181	49	78	63	18
ENSMUSG00000016194	50	16	NA	NA
ENSMUSG00000016200	NA	NA	60	18
ENSMUSG00000016206	30	56	NA	NA
ENSMUSG00000016239	NA	NA	68	53
ENSMUSG00000016252	60	47	NA	NA
ENSMUSG00000016253	78	90	NA	NA
ENSMUSG00000016256	9	72	NA	NA
ENSMUSG00000016257	61	77	NA	NA
ENSMUSG00000016262	NA	NA	99	96
ENSMUSG00000016308	57	82	NA	NA
ENSMUSG00000016319	1	83	NA	NA
ENSMUSG00000016327	44	0	NA	NA
ENSMUSG00000016346	19	56	66	33
ENSMUSG00000016349	64	30	NA	NA
ENSMUSG00000016356	47	50	68	64
ENSMUSG00000016382	95	84	NA	NA
ENSMUSG00000016386	NA	NA	89	56
ENSMUSG00000016409	33	2	56	87
ENSMUSG00000016427	38	95	NA	NA
ENSMUSG00000016458	54	31	NA	NA
ENSMUSG00000016477	32	14	95	90
ENSMUSG00000016481	91	81	23	63
ENSMUSG00000016487	NA	NA	7	96
ENSMUSG00000016493	32	27	NA	NA
ENSMUSG00000016494	98	99	NA	NA
ENSMUSG00000016495	75	98	NA	NA
ENSMUSG00000016496	58	42	NA	NA
ENSMUSG00000016498	30	6	NA	NA
ENSMUSG00000016503	74	95	NA	NA
ENSMUSG00000016510	NA	NA	36	65
ENSMUSG00000016520	17	22	NA	NA
ENSMUSG00000016526	23	80	NA	NA
ENSMUSG00000016528	37	51	NA	NA
ENSMUSG00000016529	49	41	NA	NA
ENSMUSG00000016534	65	95	NA	NA
ENSMUSG00000016541	22	23	NA	NA
ENSMUSG00000016552	NA	NA	88	99
ENSMUSG00000016554	79	86	NA	NA
ENSMUSG00000016559	29	30	NA	NA
ENSMUSG00000016619	34	91	NA	NA
ENSMUSG00000016624	NA	NA	55	7
ENSMUSG00000016626	NA	NA	83	84
ENSMUSG00000016637	43	70	NA	NA
ENSMUSG00000016664	59	79	NA	NA
ENSMUSG00000016756	48	48	24	25
ENSMUSG00000016757	NA	NA	70	95
ENSMUSG00000016758	6	81	NA	NA
ENSMUSG00000016763	16	47	NA	NA
ENSMUSG00000016831	78	53	NA	NA
ENSMUSG00000016833	92	38	NA	NA
ENSMUSG00000016918	NA	NA	98	95
ENSMUSG00000016921	85	66	93	81
ENSMUSG00000016933	NA	NA	92	50
ENSMUSG00000016940	67	40	53	12
ENSMUSG00000016942	NA	NA	69	7
ENSMUSG00000016946	92	15	NA	NA
ENSMUSG00000016982	NA	NA	11	2
ENSMUSG00000016984	67	12	56	73
ENSMUSG00000016995	62	5	NA	NA
ENSMUSG00000016998	40	8	NA	NA
ENSMUSG00000017000	13	48	NA	NA
ENSMUSG00000017002	27	81	NA	NA
ENSMUSG00000017003	25	47	NA	NA
ENSMUSG00000017004	36	22	NA	NA
ENSMUSG00000017007	26	33	NA	NA
ENSMUSG00000017009	75	99	NA	NA
ENSMUSG00000017049	1	53	NA	NA
ENSMUSG00000017057	8	63	NA	NA
ENSMUSG00000017064	17	2	NA	NA
ENSMUSG00000017119	49	57	NA	NA
ENSMUSG00000017132	67	63	16	42
ENSMUSG00000017144	87	98	NA	NA
ENSMUSG00000017146	36	24	NA	NA
ENSMUSG00000017165	61	55	NA	NA
ENSMUSG00000017167	26	79	NA	NA
ENSMUSG00000017176	61	66	NA	NA
ENSMUSG00000017188	55	57	NA	NA
ENSMUSG00000017195	NA	NA	28	65
ENSMUSG00000017204	26	58	26	39
ENSMUSG00000017210	43	9	NA	NA
ENSMUSG00000017211	NA	NA	78	78
ENSMUSG00000017221	46	82	NA	NA
ENSMUSG00000017264	47	45	NA	NA
ENSMUSG00000017286	46	95	NA	NA
ENSMUSG00000017288	46	55	NA	NA
ENSMUSG00000017291	22	14	45	69
ENSMUSG00000017299	63	60	NA	NA
ENSMUSG00000017300	96	85	NA	NA
ENSMUSG00000017307	78	84	NA	NA
ENSMUSG00000017309	NA	NA	23	24
ENSMUSG00000017310	NA	NA	80	34
ENSMUSG00000017311	20	17	NA	NA
ENSMUSG00000017314	4	19	NA	NA
ENSMUSG00000017316	6	66	NA	NA
ENSMUSG00000017344	5	22	NA	NA
ENSMUSG00000017376	47	7	36	3
ENSMUSG00000017386	16	97	NA	NA
ENSMUSG00000017390	95	97	NA	NA
ENSMUSG00000017400	86	35	NA	NA
ENSMUSG00000017405	67	23	33	16
ENSMUSG00000017412	18	47	45	37
ENSMUSG00000017417	26	27	NA	NA
ENSMUSG00000017418	NA	NA	84	16
ENSMUSG00000017421	62	45	NA	NA
ENSMUSG00000017428	78	85	NA	NA
ENSMUSG00000017446	2	84	NA	NA
ENSMUSG00000017453	73	60	NA	NA
ENSMUSG00000017466	73	90	NA	NA
ENSMUSG00000017485	14	1	NA	NA
ENSMUSG00000017491	4	74	NA	NA
ENSMUSG00000017493	94	70	NA	NA
ENSMUSG00000017499	94	88	NA	NA
ENSMUSG00000017548	69	70	NA	NA
ENSMUSG00000017550	NA	NA	94	33
ENSMUSG00000017561	61	43	NA	NA
ENSMUSG00000017588	47	31	NA	NA
ENSMUSG00000017607	NA	NA	61	28
ENSMUSG00000017615	57	83	NA	NA
ENSMUSG00000017631	83	67	NA	NA
ENSMUSG00000017639	NA	NA	27	75
ENSMUSG00000017652	30	58	27	91
ENSMUSG00000017664	24	56	NA	NA
ENSMUSG00000017667	26	36	NA	NA
ENSMUSG00000017670	81	4	18	65
ENSMUSG00000017677	52	15	NA	NA
ENSMUSG00000017679	NA	NA	73	57
ENSMUSG00000017686	6	70	32	19
ENSMUSG00000017688	14	69	NA	NA
ENSMUSG00000017692	26	13	NA	NA
ENSMUSG00000017697	87	39	NA	NA
ENSMUSG00000017707	93	87	57	82
ENSMUSG00000017713	66	16	NA	NA
ENSMUSG00000017715	11	23	NA	NA
ENSMUSG00000017716	99	40	NA	NA
ENSMUSG00000017718	17	25	NA	NA
ENSMUSG00000017720	NA	NA	6	14
ENSMUSG00000017721	8	21	85	82
ENSMUSG00000017723	11	64	NA	NA
ENSMUSG00000017724	16	97	25	71
ENSMUSG00000017733	78	61	NA	NA
ENSMUSG00000017734	NA	NA	48	82
ENSMUSG00000017737	50	26	NA	NA
ENSMUSG00000017740	22	13	NA	NA
ENSMUSG00000017747	70	53	NA	NA
ENSMUSG00000017754	87	85	NA	NA
ENSMUSG00000017756	94	76	NA	NA
ENSMUSG00000017760	27	92	54	1
ENSMUSG00000017764	4	73	NA	NA
ENSMUSG00000017765	62	25	NA	NA
ENSMUSG00000017767	NA	NA	10	8
ENSMUSG00000017774	29	66	NA	NA
ENSMUSG00000017776	76	83	NA	NA
ENSMUSG00000017781	67	50	NA	NA
ENSMUSG00000017801	8	0	NA	NA
ENSMUSG00000017802	63	89	NA	NA
ENSMUSG00000017817	93	10	82	69
ENSMUSG00000017830	28	41	NA	NA
ENSMUSG00000017831	61	76	NA	NA
ENSMUSG00000017832	NA	NA	6	70
ENSMUSG00000017837	56	36	NA	NA
ENSMUSG00000017843	9	83	90	92
ENSMUSG00000017858	NA	NA	75	90
ENSMUSG00000017861	58	79	NA	NA
ENSMUSG00000017868	7	79	NA	NA
ENSMUSG00000017897	46	26	NA	NA
ENSMUSG00000017922	37	3	NA	NA
ENSMUSG00000017929	53	63	29	96
ENSMUSG00000017943	2	78	67	3
ENSMUSG00000017950	18	20	NA	NA
ENSMUSG00000017969	92	96	NA	NA
ENSMUSG00000017978	4	62	NA	NA
ENSMUSG00000017999	86	92	NA	NA
ENSMUSG00000018001	74	22	40	66
ENSMUSG00000018008	NA	NA	35	55
ENSMUSG00000018012	81	66	NA	NA
ENSMUSG00000018040	NA	NA	50	30
ENSMUSG00000018042	11	61	NA	NA
ENSMUSG00000018068	NA	NA	93	39
ENSMUSG00000018076	NA	NA	47	68
ENSMUSG00000018102	99	76	NA	NA
ENSMUSG00000018143	87	69	NA	NA
ENSMUSG00000018160	21	33	NA	NA
ENSMUSG00000018166	88	95	NA	NA
ENSMUSG00000018167	9	61	NA	NA
ENSMUSG00000018168	NA	NA	53	22
ENSMUSG00000018169	69	78	NA	NA
ENSMUSG00000018171	89	82	NA	NA
ENSMUSG00000018189	87	54	NA	NA
ENSMUSG00000018196	79	14	NA	NA
ENSMUSG00000018199	68	20	95	91
ENSMUSG00000018209	12	21	80	61
ENSMUSG00000018211	54	20	NA	NA
ENSMUSG00000018217	17	94	NA	NA
ENSMUSG00000018238	76	39	NA	NA
ENSMUSG00000018239	30	50	NA	NA
ENSMUSG00000018259	70	31	NA	NA
ENSMUSG00000018263	28	25	NA	NA
ENSMUSG00000018286	52	90	NA	NA
ENSMUSG00000018287	75	58	NA	NA
ENSMUSG00000018293	95	73	NA	NA
ENSMUSG00000018322	38	77	NA	NA
ENSMUSG00000018326	36	49	NA	NA
ENSMUSG00000018334	74	25	NA	NA
ENSMUSG00000018339	65	99	NA	NA
ENSMUSG00000018340	96	16	NA	NA
ENSMUSG00000018341	37	67	NA	NA
ENSMUSG00000018347	69	11	NA	NA
ENSMUSG00000018363	NA	NA	85	96
ENSMUSG00000018372	NA	NA	6	0
ENSMUSG00000018377	NA	NA	91	88
ENSMUSG00000018378	47	2	55	20
ENSMUSG00000018379	73	45	31	51
ENSMUSG00000018381	NA	NA	21	6
ENSMUSG00000018387	30	0	NA	NA
ENSMUSG00000018395	45	30	NA	NA
ENSMUSG00000018398	72	19	51	89
ENSMUSG00000018401	89	51	98	91
ENSMUSG00000018405	41	10	NA	NA
ENSMUSG00000018411	0	11	36	72
ENSMUSG00000018412	15	6	49	45
ENSMUSG00000018415	50	19	NA	NA
ENSMUSG00000018417	22	9	94	80
ENSMUSG00000018425	17	93	NA	NA
ENSMUSG00000018427	NA	NA	13	93
ENSMUSG00000018428	74	75	NA	NA
ENSMUSG00000018433	63	92	45	48
ENSMUSG00000018442	35	40	NA	NA
ENSMUSG00000018446	60	77	NA	NA
ENSMUSG00000018449	NA	NA	63	44
ENSMUSG00000018451	17	29	NA	NA
ENSMUSG00000018459	8	40	NA	NA
ENSMUSG00000018470	23	7	NA	NA
ENSMUSG00000018474	NA	NA	61	83
ENSMUSG00000018476	NA	NA	50	86
ENSMUSG00000018479	NA	NA	40	40
ENSMUSG00000018481	84	30	1	31
ENSMUSG00000018486	57	33	50	30
ENSMUSG00000018500	11	17	13	68
ENSMUSG00000018501	75	4	89	69
ENSMUSG00000018507	12	1	NA	NA
ENSMUSG00000018509	40	91	NA	NA
ENSMUSG00000018537	81	56	NA	NA
ENSMUSG00000018541	NA	NA	81	24
ENSMUSG00000018543	NA	NA	63	81
ENSMUSG00000018547	NA	NA	73	26
ENSMUSG00000018548	82	35	87	74
ENSMUSG00000018554	12	32	NA	NA
ENSMUSG00000018559	49	36	NA	NA
ENSMUSG00000018565	25	73	48	85
ENSMUSG00000018566	96	67	NA	NA
ENSMUSG00000018567	44	95	NA	NA
ENSMUSG00000018569	15	32	NA	NA
ENSMUSG00000018570	NA	NA	19	64
ENSMUSG00000018572	2	57	NA	NA
ENSMUSG00000018574	81	37	NA	NA
ENSMUSG00000018581	0	1	NA	NA
ENSMUSG00000018583	95	75	NA	NA
ENSMUSG00000018585	84	14	92	13
ENSMUSG00000018589	NA	NA	49	43
ENSMUSG00000018593	89	91	NA	NA
ENSMUSG00000018595	51	41	NA	NA
ENSMUSG00000018599	NA	NA	97	76
ENSMUSG00000018604	21	76	26	45
ENSMUSG00000018620	58	14	NA	NA
ENSMUSG00000018623	3	21	NA	NA
ENSMUSG00000018634	31	27	NA	NA
ENSMUSG00000018648	93	90	NA	NA
ENSMUSG00000018651	13	29	NA	NA
ENSMUSG00000018654	15	9	34	1
ENSMUSG00000018659	2	61	NA	NA
ENSMUSG00000018661	15	23	NA	NA
ENSMUSG00000018666	84	6	NA	NA
ENSMUSG00000018669	87	55	NA	NA
ENSMUSG00000018672	10	98	NA	NA
ENSMUSG00000018677	48	74	NA	NA
ENSMUSG00000018678	69	54	NA	NA
ENSMUSG00000018697	91	95	NA	NA
ENSMUSG00000018698	14	59	NA	NA
ENSMUSG00000018707	59	35	NA	NA
ENSMUSG00000018727	18	50	NA	NA
ENSMUSG00000018733	85	69	NA	NA
ENSMUSG00000018736	86	83	NA	NA
ENSMUSG00000018740	42	7	NA	NA
ENSMUSG00000018750	NA	NA	89	96
ENSMUSG00000018761	2	86	NA	NA
ENSMUSG00000018765	77	43	NA	NA
ENSMUSG00000018770	45	73	NA	NA
ENSMUSG00000018774	41	67	NA	NA
ENSMUSG00000018776	56	55	NA	NA
ENSMUSG00000018796	98	97	NA	NA
ENSMUSG00000018800	NA	NA	93	29
ENSMUSG00000018809	NA	NA	99	99
ENSMUSG00000018819	68	86	NA	NA
ENSMUSG00000018820	60	20	72	2
ENSMUSG00000018821	98	91	NA	NA
ENSMUSG00000018822	45	50	56	91
ENSMUSG00000018830	76	18	NA	NA
ENSMUSG00000018841	44	87	60	68
ENSMUSG00000018844	NA	NA	86	70
ENSMUSG00000018845	NA	NA	98	77
ENSMUSG00000018846	92	46	NA	NA
ENSMUSG00000018848	97	43	NA	NA
ENSMUSG00000018849	40	16	NA	NA
ENSMUSG00000018858	58	87	19	54
ENSMUSG00000018861	26	40	NA	NA
ENSMUSG00000018862	NA	NA	9	9
ENSMUSG00000018865	11	7	62	23
ENSMUSG00000018868	NA	NA	8	5
ENSMUSG00000018882	26	33	NA	NA
ENSMUSG00000018893	95	51	NA	NA
ENSMUSG00000018899	71	27	NA	NA
ENSMUSG00000018900	68	54	NA	NA
ENSMUSG00000018906	80	96	NA	NA
ENSMUSG00000018907	66	12	NA	NA
ENSMUSG00000018909	37	17	NA	NA
ENSMUSG00000018914	35	41	NA	NA
ENSMUSG00000018916	6	12	NA	NA
ENSMUSG00000018919	72	49	NA	NA
ENSMUSG00000018920	13	50	NA	NA
ENSMUSG00000018921	26	93	NA	NA
ENSMUSG00000018923	69	20	NA	NA
ENSMUSG00000018924	16	7	NA	NA
ENSMUSG00000018927	48	30	NA	NA
ENSMUSG00000018930	39	32	NA	NA
ENSMUSG00000018931	48	82	NA	NA
ENSMUSG00000018932	74	14	NA	NA
ENSMUSG00000018973	5	2	NA	NA
ENSMUSG00000018974	25	79	NA	NA
ENSMUSG00000018983	NA	NA	3	99
ENSMUSG00000018986	48	41	NA	NA
ENSMUSG00000018995	NA	NA	18	55
ENSMUSG00000018999	28	21	NA	NA
ENSMUSG00000019027	24	81	35	61
ENSMUSG00000019039	65	27	NA	NA
ENSMUSG00000019054	79	63	NA	NA
ENSMUSG00000019055	79	88	NA	NA
ENSMUSG00000019066	94	36	NA	NA
ENSMUSG00000019080	66	51	NA	NA
ENSMUSG00000019082	39	37	NA	NA
ENSMUSG00000019087	13	72	NA	NA
ENSMUSG00000019102	86	97	NA	NA
ENSMUSG00000019122	42	76	NA	NA
ENSMUSG00000019124	NA	NA	93	9
ENSMUSG00000019132	78	45	NA	NA
ENSMUSG00000019139	30	92	NA	NA
ENSMUSG00000019143	29	22	NA	NA
ENSMUSG00000019146	5	2	17	0
ENSMUSG00000019158	31	23	NA	NA
ENSMUSG00000019173	6	32	NA	NA
ENSMUSG00000019178	31	46	NA	NA
ENSMUSG00000019179	55	59	NA	NA
ENSMUSG00000019188	27	7	48	76
ENSMUSG00000019189	97	74	3	6
ENSMUSG00000019194	71	83	NA	NA
ENSMUSG00000019210	88	78	36	49
ENSMUSG00000019214	84	95	NA	NA
ENSMUSG00000019230	38	18	41	77
ENSMUSG00000019232	NA	NA	62	14
ENSMUSG00000019235	10	63	NA	NA
ENSMUSG00000019254	39	68	89	35
ENSMUSG00000019256	94	98	NA	NA
ENSMUSG00000019261	71	85	NA	NA
ENSMUSG00000019278	92	45	NA	NA
ENSMUSG00000019295	55	72	95	69
ENSMUSG00000019297	78	94	NA	NA
ENSMUSG00000019301	5	20	NA	NA
ENSMUSG00000019302	65	84	NA	NA
ENSMUSG00000019303	67	1	54	95
ENSMUSG00000019312	62	0	NA	NA
ENSMUSG00000019320	67	49	NA	NA
ENSMUSG00000019326	96	99	NA	NA
ENSMUSG00000019338	NA	NA	82	41
ENSMUSG00000019359	24	73	NA	NA
ENSMUSG00000019362	6	44	NA	NA
ENSMUSG00000019368	39	22	NA	NA
ENSMUSG00000019370	95	5	NA	NA
ENSMUSG00000019373	4	92	55	56
ENSMUSG00000019428	48	10	NA	NA
ENSMUSG00000019432	65	89	NA	NA
ENSMUSG00000019433	85	30	NA	NA
ENSMUSG00000019437	87	74	NA	NA
ENSMUSG00000019461	84	70	NA	NA
ENSMUSG00000019464	42	27	78	74
ENSMUSG00000019467	87	94	NA	NA
ENSMUSG00000019470	15	78	NA	NA
ENSMUSG00000019471	7	78	NA	NA
ENSMUSG00000019478	77	34	NA	NA
ENSMUSG00000019487	68	49	NA	NA
ENSMUSG00000019489	29	49	NA	NA
ENSMUSG00000019494	69	55	NA	NA
ENSMUSG00000019518	31	36	NA	NA
ENSMUSG00000019528	99	34	99	42
ENSMUSG00000019539	97	96	NA	NA
ENSMUSG00000019558	2	53	NA	NA
ENSMUSG00000019564	59	25	NA	NA
ENSMUSG00000019577	55	94	NA	NA
ENSMUSG00000019578	74	54	NA	NA
ENSMUSG00000019579	84	64	NA	NA
ENSMUSG00000019590	46	88	NA	NA
ENSMUSG00000019647	53	77	34	26
ENSMUSG00000019659	39	34	NA	NA
ENSMUSG00000019689	8	18	NA	NA
ENSMUSG00000019699	45	43	47	80
ENSMUSG00000019710	92	43	NA	NA
ENSMUSG00000019715	69	88	44	37
ENSMUSG00000019718	9	40	NA	NA
ENSMUSG00000019726	53	22	NA	NA
ENSMUSG00000019731	77	57	NA	NA
ENSMUSG00000019732	NA	NA	69	21
ENSMUSG00000019734	57	75	NA	NA
ENSMUSG00000019737	12	44	NA	NA
ENSMUSG00000019738	76	57	NA	NA
ENSMUSG00000019756	NA	NA	41	0
ENSMUSG00000019761	78	59	NA	NA
ENSMUSG00000019762	15	1	NA	NA
ENSMUSG00000019768	47	3	88	84
ENSMUSG00000019772	25	60	NA	NA
ENSMUSG00000019773	NA	NA	99	68
ENSMUSG00000019774	NA	NA	68	95
ENSMUSG00000019775	43	35	14	30
ENSMUSG00000019777	61	94	81	95
ENSMUSG00000019779	9	6	15	68
ENSMUSG00000019782	NA	NA	21	71
ENSMUSG00000019785	NA	NA	42	18
ENSMUSG00000019787	70	50	NA	NA
ENSMUSG00000019789	32	27	NA	NA
ENSMUSG00000019790	NA	NA	87	50
ENSMUSG00000019791	77	92	NA	NA
ENSMUSG00000019792	NA	NA	79	31
ENSMUSG00000019794	67	37	NA	NA
ENSMUSG00000019795	16	15	NA	NA
ENSMUSG00000019796	NA	NA	50	97
ENSMUSG00000019797	29	31	NA	NA
ENSMUSG00000019802	76	12	35	97
ENSMUSG00000019803	NA	NA	56	45
ENSMUSG00000019804	49	65	NA	NA
ENSMUSG00000019806	92	78	NA	NA
ENSMUSG00000019808	42	82	NA	NA
ENSMUSG00000019809	90	75	NA	NA
ENSMUSG00000019810	5	10	1	15
ENSMUSG00000019813	74	88	0	49
ENSMUSG00000019814	84	2	NA	NA
ENSMUSG00000019815	NA	NA	73	37
ENSMUSG00000019817	98	73	NA	NA
ENSMUSG00000019818	45	94	NA	NA
ENSMUSG00000019820	70	15	NA	NA
ENSMUSG00000019822	12	27	NA	NA
ENSMUSG00000019823	45	50	NA	NA
ENSMUSG00000019826	NA	NA	67	80
ENSMUSG00000019828	33	13	34	15
ENSMUSG00000019831	95	79	NA	NA
ENSMUSG00000019832	39	96	NA	NA
ENSMUSG00000019834	NA	NA	87	77
ENSMUSG00000019837	42	35	4	83
ENSMUSG00000019838	NA	NA	56	43
ENSMUSG00000019841	25	85	NA	NA
ENSMUSG00000019842	35	30	NA	NA
ENSMUSG00000019843	67	48	NA	NA
ENSMUSG00000019845	NA	NA	94	9
ENSMUSG00000019846	53	66	NA	NA
ENSMUSG00000019848	94	80	NA	NA
ENSMUSG00000019849	26	31	76	82
ENSMUSG00000019850	NA	NA	66	41
ENSMUSG00000019851	28	82	NA	NA
ENSMUSG00000019852	NA	NA	60	62
ENSMUSG00000019853	92	98	38	36
ENSMUSG00000019854	81	45	3	59
ENSMUSG00000019856	NA	NA	79	88
ENSMUSG00000019857	40	46	NA	NA
ENSMUSG00000019861	35	65	76	55
ENSMUSG00000019863	39	79	NA	NA
ENSMUSG00000019864	12	44	NA	NA
ENSMUSG00000019865	47	56	NA	NA
ENSMUSG00000019866	94	94	NA	NA
ENSMUSG00000019867	NA	NA	29	27
ENSMUSG00000019868	57	54	57	92
ENSMUSG00000019872	84	99	NA	NA
ENSMUSG00000019873	89	81	94	92
ENSMUSG00000019874	16	46	NA	NA
ENSMUSG00000019876	52	45	NA	NA
ENSMUSG00000019877	49	95	NA	NA
ENSMUSG00000019878	4	1	60	59
ENSMUSG00000019880	NA	NA	5	39
ENSMUSG00000019883	94	61	NA	NA
ENSMUSG00000019888	7	28	NA	NA
ENSMUSG00000019889	63	28	5	24
ENSMUSG00000019890	11	36	NA	NA
ENSMUSG00000019891	65	63	NA	NA
ENSMUSG00000019893	30	24	NA	NA
ENSMUSG00000019894	20	39	NA	NA
ENSMUSG00000019897	24	71	NA	NA
ENSMUSG00000019899	41	52	NA	NA
ENSMUSG00000019905	16	24	NA	NA
ENSMUSG00000019906	NA	NA	65	59
ENSMUSG00000019907	NA	NA	80	71
ENSMUSG00000019909	NA	NA	11	82
ENSMUSG00000019913	44	53	NA	NA
ENSMUSG00000019916	85	96	NA	NA
ENSMUSG00000019917	75	85	4	53
ENSMUSG00000019920	86	75	NA	NA
ENSMUSG00000019923	2	67	65	36
ENSMUSG00000019927	77	95	NA	NA
ENSMUSG00000019929	86	52	56	63
ENSMUSG00000019932	38	51	NA	NA
ENSMUSG00000019933	NA	NA	86	97
ENSMUSG00000019936	11	24	NA	NA
ENSMUSG00000019942	99	26	NA	NA
ENSMUSG00000019943	NA	NA	83	27
ENSMUSG00000019944	NA	NA	62	95
ENSMUSG00000019945	NA	NA	66	96
ENSMUSG00000019947	56	53	93	95
ENSMUSG00000019948	47	86	NA	NA
ENSMUSG00000019951	3	49	NA	NA
ENSMUSG00000019952	NA	NA	95	0
ENSMUSG00000019960	90	74	NA	NA
ENSMUSG00000019961	96	89	99	90
ENSMUSG00000019966	21	19	NA	NA
ENSMUSG00000019969	27	70	NA	NA
ENSMUSG00000019970	98	35	NA	NA
ENSMUSG00000019971	6	55	NA	NA
ENSMUSG00000019975	97	98	77	99
ENSMUSG00000019977	35	58	NA	NA
ENSMUSG00000019978	95	23	76	27
ENSMUSG00000019979	20	3	NA	NA
ENSMUSG00000019982	6	97	NA	NA
ENSMUSG00000019984	60	1	NA	NA
ENSMUSG00000019986	71	31	NA	NA
ENSMUSG00000019987	53	89	NA	NA
ENSMUSG00000019988	30	68	NA	NA
ENSMUSG00000019989	72	66	NA	NA
ENSMUSG00000019990	55	5	NA	NA
ENSMUSG00000019992	0	47	NA	NA
ENSMUSG00000019996	24	63	43	83
ENSMUSG00000019997	98	96	NA	NA
ENSMUSG00000019998	5	91	NA	NA
ENSMUSG00000020000	17	14	NA	NA
ENSMUSG00000020003	74	94	NA	NA
ENSMUSG00000020007	NA	NA	23	43
ENSMUSG00000020009	30	5	NA	NA
ENSMUSG00000020010	62	7	NA	NA
ENSMUSG00000020014	NA	NA	54	45
ENSMUSG00000020015	NA	NA	35	89
ENSMUSG00000020017	62	0	NA	NA
ENSMUSG00000020019	51	30	97	15
ENSMUSG00000020020	NA	NA	36	8
ENSMUSG00000020021	60	34	58	41
ENSMUSG00000020023	89	39	90	14
ENSMUSG00000020024	NA	NA	95	25
ENSMUSG00000020027	91	75	78	96
ENSMUSG00000020029	85	66	NA	NA
ENSMUSG00000020032	NA	NA	53	95
ENSMUSG00000020033	NA	NA	8	86
ENSMUSG00000020034	NA	NA	93	98
ENSMUSG00000020037	NA	NA	5	45
ENSMUSG00000020038	22	9	NA	NA
ENSMUSG00000020042	NA	NA	6	99
ENSMUSG00000020044	94	43	NA	NA
ENSMUSG00000020048	66	98	NA	NA
ENSMUSG00000020051	16	8	NA	NA
ENSMUSG00000020052	41	20	41	75
ENSMUSG00000020053	96	97	98	99
ENSMUSG00000020056	49	99	15	25
ENSMUSG00000020057	68	94	NA	NA
ENSMUSG00000020059	38	40	NA	NA
ENSMUSG00000020061	NA	NA	97	4
ENSMUSG00000020062	4	54	NA	NA
ENSMUSG00000020063	24	80	NA	NA
ENSMUSG00000020064	59	41	70	46
ENSMUSG00000020067	NA	NA	99	93
ENSMUSG00000020069	86	57	NA	NA
ENSMUSG00000020070	34	23	14	22
ENSMUSG00000020072	7	21	NA	NA
ENSMUSG00000020074	NA	NA	56	95
ENSMUSG00000020075	70	94	NA	NA
ENSMUSG00000020076	92	73	36	73
ENSMUSG00000020077	86	17	NA	NA
ENSMUSG00000020078	57	96	NA	NA
ENSMUSG00000020079	72	60	NA	NA
ENSMUSG00000020080	43	67	33	68
ENSMUSG00000020081	61	22	NA	NA
ENSMUSG00000020083	26	63	NA	NA
ENSMUSG00000020085	NA	NA	66	33
ENSMUSG00000020086	48	79	NA	NA
ENSMUSG00000020087	62	65	NA	NA
ENSMUSG00000020088	65	44	85	80
ENSMUSG00000020089	84	89	NA	NA
ENSMUSG00000020091	60	51	NA	NA
ENSMUSG00000020092	87	98	NA	NA
ENSMUSG00000020096	14	2	NA	NA
ENSMUSG00000020097	77	35	NA	NA
ENSMUSG00000020098	14	19	NA	NA
ENSMUSG00000020099	63	89	9	91
ENSMUSG00000020100	26	88	NA	NA
ENSMUSG00000020101	55	23	NA	NA
ENSMUSG00000020102	59	14	28	76
ENSMUSG00000020105	NA	NA	34	79
ENSMUSG00000020107	83	74	NA	NA
ENSMUSG00000020108	86	64	NA	NA
ENSMUSG00000020109	6	25	NA	NA
ENSMUSG00000020111	96	3	25	89
ENSMUSG00000020114	94	80	85	93
ENSMUSG00000020115	27	37	65	45
ENSMUSG00000020116	95	59	NA	NA
ENSMUSG00000020120	56	46	NA	NA
ENSMUSG00000020121	49	6	69	59
ENSMUSG00000020122	2	27	99	95
ENSMUSG00000020123	79	92	NA	NA
ENSMUSG00000020124	14	53	25	62
ENSMUSG00000020125	34	51	NA	NA
ENSMUSG00000020128	63	60	NA	NA
ENSMUSG00000020130	77	62	NA	NA
ENSMUSG00000020131	56	26	NA	NA
ENSMUSG00000020132	76	87	NA	NA
ENSMUSG00000020133	75	92	NA	NA
ENSMUSG00000020134	16	20	22	57
ENSMUSG00000020135	67	5	NA	NA
ENSMUSG00000020137	17	2	69	84
ENSMUSG00000020140	65	57	3	2
ENSMUSG00000020142	91	94	NA	NA
ENSMUSG00000020143	29	36	39	48
ENSMUSG00000020149	70	71	NA	NA
ENSMUSG00000020150	49	21	NA	NA
ENSMUSG00000020151	31	67	NA	NA
ENSMUSG00000020152	93	39	78	18
ENSMUSG00000020153	81	75	NA	NA
ENSMUSG00000020154	1	37	60	21
ENSMUSG00000020155	53	36	NA	NA
ENSMUSG00000020156	91	71	NA	NA
ENSMUSG00000020159	16	25	NA	NA
ENSMUSG00000020160	64	74	21	16
ENSMUSG00000020164	NA	NA	90	64
ENSMUSG00000020166	32	13	NA	NA
ENSMUSG00000020167	93	46	NA	NA
ENSMUSG00000020170	NA	NA	96	97
ENSMUSG00000020171	65	71	NA	NA
ENSMUSG00000020173	NA	NA	80	36
ENSMUSG00000020175	NA	NA	48	80
ENSMUSG00000020176	51	37	NA	NA
ENSMUSG00000020177	NA	NA	3	48
ENSMUSG00000020178	15	48	NA	NA
ENSMUSG00000020180	58	82	NA	NA
ENSMUSG00000020181	NA	NA	90	35
ENSMUSG00000020182	90	48	6	22
ENSMUSG00000020183	NA	NA	47	97
ENSMUSG00000020184	2	79	NA	NA
ENSMUSG00000020185	NA	NA	99	94
ENSMUSG00000020186	97	96	NA	NA
ENSMUSG00000020189	NA	NA	37	89
ENSMUSG00000020190	73	27	NA	NA
ENSMUSG00000020191	NA	NA	35	53
ENSMUSG00000020193	13	22	NA	NA
ENSMUSG00000020196	NA	NA	33	3
ENSMUSG00000020198	49	55	87	48
ENSMUSG00000020205	99	98	NA	NA
ENSMUSG00000020211	10	89	NA	NA
ENSMUSG00000020212	30	35	8	36
ENSMUSG00000020213	NA	NA	22	88
ENSMUSG00000020214	3	0	NA	NA
ENSMUSG00000020216	NA	NA	96	38
ENSMUSG00000020218	9	13	NA	NA
ENSMUSG00000020220	NA	NA	42	59
ENSMUSG00000020225	90	90	NA	NA
ENSMUSG00000020226	45	20	NA	NA
ENSMUSG00000020227	NA	NA	57	69
ENSMUSG00000020228	63	65	NA	NA
ENSMUSG00000020229	36	66	NA	NA
ENSMUSG00000020231	NA	NA	37	80
ENSMUSG00000020232	78	76	NA	NA
ENSMUSG00000020234	NA	NA	81	25
ENSMUSG00000020235	89	51	NA	NA
ENSMUSG00000020238	57	81	NA	NA
ENSMUSG00000020241	96	99	NA	NA
ENSMUSG00000020246	NA	NA	16	99
ENSMUSG00000020248	15	11	NA	NA
ENSMUSG00000020250	75	62	NA	NA
ENSMUSG00000020251	NA	NA	87	76
ENSMUSG00000020253	95	19	NA	NA
ENSMUSG00000020255	29	74	22	51
ENSMUSG00000020256	NA	NA	97	98
ENSMUSG00000020257	76	37	NA	NA
ENSMUSG00000020258	60	22	NA	NA
ENSMUSG00000020260	89	31	NA	NA
ENSMUSG00000020261	NA	NA	63	91
ENSMUSG00000020262	15	55	53	10
ENSMUSG00000020263	2	97	34	11
ENSMUSG00000020264	NA	NA	30	25
ENSMUSG00000020267	55	13	NA	NA
ENSMUSG00000020268	NA	NA	62	42
ENSMUSG00000020270	NA	NA	34	14
ENSMUSG00000020271	68	1	NA	NA
ENSMUSG00000020272	45	44	NA	NA
ENSMUSG00000020273	55	16	NA	NA
ENSMUSG00000020275	23	47	45	70
ENSMUSG00000020277	97	65	21	45
ENSMUSG00000020279	13	42	NA	NA
ENSMUSG00000020280	63	34	NA	NA
ENSMUSG00000020282	18	5	NA	NA
ENSMUSG00000020283	88	47	NA	NA
ENSMUSG00000020284	5	68	NA	NA
ENSMUSG00000020286	31	18	NA	NA
ENSMUSG00000020287	18	45	69	10
ENSMUSG00000020288	60	30	NA	NA
ENSMUSG00000020289	85	45	NA	NA
ENSMUSG00000020290	47	95	NA	NA
ENSMUSG00000020297	9	65	6	65
ENSMUSG00000020299	2	29	NA	NA
ENSMUSG00000020300	95	0	NA	NA
ENSMUSG00000020303	87	58	71	43
ENSMUSG00000020305	71	84	44	70
ENSMUSG00000020308	39	2	NA	NA
ENSMUSG00000020309	87	82	NA	NA
ENSMUSG00000020310	40	70	NA	NA
ENSMUSG00000020311	66	95	NA	NA
ENSMUSG00000020312	NA	NA	56	97
ENSMUSG00000020315	92	90	73	98
ENSMUSG00000020317	29	8	NA	NA
ENSMUSG00000020319	21	85	NA	NA
ENSMUSG00000020321	57	30	NA	NA
ENSMUSG00000020325	97	65	NA	NA
ENSMUSG00000020326	91	91	NA	NA
ENSMUSG00000020327	73	38	NA	NA
ENSMUSG00000020328	72	80	NA	NA
ENSMUSG00000020329	43	62	NA	NA
ENSMUSG00000020330	96	55	40	0
ENSMUSG00000020331	25	15	NA	NA
ENSMUSG00000020332	NA	NA	5	37
ENSMUSG00000020333	93	66	NA	NA
ENSMUSG00000020334	90	5	NA	NA
ENSMUSG00000020335	40	63	NA	NA
ENSMUSG00000020340	80	22	38	12
ENSMUSG00000020346	53	61	NA	NA
ENSMUSG00000020349	72	20	NA	NA
ENSMUSG00000020354	57	65	NA	NA
ENSMUSG00000020357	63	49	NA	NA
ENSMUSG00000020358	71	0	NA	NA
ENSMUSG00000020359	78	72	NA	NA
ENSMUSG00000020361	66	56	65	23
ENSMUSG00000020362	97	41	NA	NA
ENSMUSG00000020363	7	24	NA	NA
ENSMUSG00000020364	62	10	NA	NA
ENSMUSG00000020366	41	54	NA	NA
ENSMUSG00000020368	63	2	66	16
ENSMUSG00000020372	NA	NA	32	63
ENSMUSG00000020374	NA	NA	8	40
ENSMUSG00000020375	37	91	NA	NA
ENSMUSG00000020376	1	55	NA	NA
ENSMUSG00000020377	79	59	NA	NA
ENSMUSG00000020380	62	65	NA	NA
ENSMUSG00000020381	10	80	27	56
ENSMUSG00000020383	26	14	NA	NA
ENSMUSG00000020385	66	59	NA	NA
ENSMUSG00000020386	3	97	NA	NA
ENSMUSG00000020387	NA	NA	12	71
ENSMUSG00000020388	49	31	NA	NA
ENSMUSG00000020389	NA	NA	60	34
ENSMUSG00000020390	0	99	NA	NA
ENSMUSG00000020392	58	73	40	93
ENSMUSG00000020393	32	96	80	98
ENSMUSG00000020395	70	69	61	67
ENSMUSG00000020396	6	17	NA	NA
ENSMUSG00000020397	87	63	NA	NA
ENSMUSG00000020399	44	48	NA	NA
ENSMUSG00000020400	5	35	NA	NA
ENSMUSG00000020401	NA	NA	15	10
ENSMUSG00000020402	23	60	NA	NA
ENSMUSG00000020405	33	54	NA	NA
ENSMUSG00000020407	60	93	NA	NA
ENSMUSG00000020409	82	42	41	53
ENSMUSG00000020411	NA	NA	4	43
ENSMUSG00000020412	92	39	NA	NA
ENSMUSG00000020413	38	81	NA	NA
ENSMUSG00000020415	99	58	NA	NA
ENSMUSG00000020419	NA	NA	73	6
ENSMUSG00000020422	NA	NA	96	49
ENSMUSG00000020423	73	90	NA	NA
ENSMUSG00000020424	NA	NA	56	31
ENSMUSG00000020427	99	99	99	99
ENSMUSG00000020428	64	66	NA	NA
ENSMUSG00000020429	9	75	NA	NA
ENSMUSG00000020430	77	19	NA	NA
ENSMUSG00000020431	NA	NA	57	81
ENSMUSG00000020432	58	91	81	97
ENSMUSG00000020434	10	46	NA	NA
ENSMUSG00000020435	NA	NA	30	57
ENSMUSG00000020436	62	51	26	57
ENSMUSG00000020437	12	61	NA	NA
ENSMUSG00000020439	89	57	NA	NA
ENSMUSG00000020440	86	38	NA	NA
ENSMUSG00000020441	55	37	NA	NA
ENSMUSG00000020444	20	50	NA	NA
ENSMUSG00000020447	NA	NA	53	14
ENSMUSG00000020448	98	47	NA	NA
ENSMUSG00000020451	65	21	NA	NA
ENSMUSG00000020453	70	42	88	38
ENSMUSG00000020454	39	55	NA	NA
ENSMUSG00000020455	54	75	NA	NA
ENSMUSG00000020456	49	64	NA	NA
ENSMUSG00000020457	87	90	NA	NA
ENSMUSG00000020458	19	67	72	2
ENSMUSG00000020459	25	79	80	87
ENSMUSG00000020461	NA	NA	32	70
ENSMUSG00000020462	15	99	NA	NA
ENSMUSG00000020463	8	0	28	56
ENSMUSG00000020464	38	61	NA	NA
ENSMUSG00000020467	20	17	NA	NA
ENSMUSG00000020469	25	35	NA	NA
ENSMUSG00000020471	84	97	NA	NA
ENSMUSG00000020472	NA	NA	93	13
ENSMUSG00000020473	89	99	NA	NA
ENSMUSG00000020474	3	67	NA	NA
ENSMUSG00000020475	99	11	NA	NA
ENSMUSG00000020476	42	79	NA	NA
ENSMUSG00000020477	41	60	NA	NA
ENSMUSG00000020481	81	7	71	52
ENSMUSG00000020482	44	59	NA	NA
ENSMUSG00000020483	97	95	NA	NA
ENSMUSG00000020484	80	89	NA	NA
ENSMUSG00000020486	74	84	NA	NA
ENSMUSG00000020490	6	38	NA	NA
ENSMUSG00000020491	NA	NA	69	95
ENSMUSG00000020492	87	60	NA	NA
ENSMUSG00000020493	NA	NA	74	91
ENSMUSG00000020495	51	60	NA	NA
ENSMUSG00000020496	26	82	NA	NA
ENSMUSG00000020513	63	28	NA	NA
ENSMUSG00000020515	9	75	NA	NA
ENSMUSG00000020516	37	8	71	57
ENSMUSG00000020519	60	70	90	93
ENSMUSG00000020520	90	83	11	92
ENSMUSG00000020521	73	45	36	53
ENSMUSG00000020522	45	48	13	75
ENSMUSG00000020523	33	89	NA	NA
ENSMUSG00000020524	16	36	NA	NA
ENSMUSG00000020525	64	33	74	9
ENSMUSG00000020526	72	21	NA	NA
ENSMUSG00000020527	54	69	35	30
ENSMUSG00000020530	45	87	17	13
ENSMUSG00000020532	NA	NA	98	81
ENSMUSG00000020534	31	29	NA	NA
ENSMUSG00000020536	89	66	NA	NA
ENSMUSG00000020537	12	88	NA	NA
ENSMUSG00000020541	70	13	32	87
ENSMUSG00000020542	9	36	NA	NA
ENSMUSG00000020544	NA	NA	75	16
ENSMUSG00000020545	NA	NA	75	67
ENSMUSG00000020546	82	72	11	73
ENSMUSG00000020547	90	85	31	52
ENSMUSG00000020548	NA	NA	78	82
ENSMUSG00000020549	83	89	NA	NA
ENSMUSG00000020553	0	45	NA	NA
ENSMUSG00000020561	NA	NA	63	77
ENSMUSG00000020562	NA	NA	37	87
ENSMUSG00000020564	8	34	78	56
ENSMUSG00000020566	56	29	NA	NA
ENSMUSG00000020570	20	72	78	47
ENSMUSG00000020571	76	88	NA	NA
ENSMUSG00000020572	10	80	64	85
ENSMUSG00000020573	23	7	NA	NA
ENSMUSG00000020576	NA	NA	13	86
ENSMUSG00000020577	72	9	NA	NA
ENSMUSG00000020580	47	82	NA	NA
ENSMUSG00000020581	9	5	NA	NA
ENSMUSG00000020583	20	13	1	87
ENSMUSG00000020585	71	96	NA	NA
ENSMUSG00000020589	NA	NA	14	71
ENSMUSG00000020590	NA	NA	82	59
ENSMUSG00000020591	45	54	NA	NA
ENSMUSG00000020592	92	89	NA	NA
ENSMUSG00000020593	86	95	NA	NA
ENSMUSG00000020594	30	56	NA	NA
ENSMUSG00000020598	6	43	34	63
ENSMUSG00000020599	2	4	64	12
ENSMUSG00000020600	NA	NA	66	1
ENSMUSG00000020601	26	71	NA	NA
ENSMUSG00000020604	11	33	NA	NA
ENSMUSG00000020605	69	58	NA	NA
ENSMUSG00000020607	42	31	NA	NA
ENSMUSG00000020608	33	33	32	68
ENSMUSG00000020609	10	11	84	68
ENSMUSG00000020610	25	4	NA	NA
ENSMUSG00000020611	22	20	90	93
ENSMUSG00000020612	80	36	NA	NA
ENSMUSG00000020614	NA	NA	96	82
ENSMUSG00000020617	NA	NA	3	66
ENSMUSG00000020620	34	49	NA	NA
ENSMUSG00000020621	17	89	NA	NA
ENSMUSG00000020622	43	75	NA	NA
ENSMUSG00000020623	80	79	NA	NA
ENSMUSG00000020624	NA	NA	60	48
ENSMUSG00000020627	NA	NA	46	58
ENSMUSG00000020628	79	61	68	16
ENSMUSG00000020629	50	88	NA	NA
ENSMUSG00000020630	58	14	NA	NA
ENSMUSG00000020633	NA	NA	27	84
ENSMUSG00000020634	79	41	NA	NA
ENSMUSG00000020635	85	94	NA	NA
ENSMUSG00000020636	1	0	NA	NA
ENSMUSG00000020638	52	66	NA	NA
ENSMUSG00000020639	NA	NA	8	29
ENSMUSG00000020640	13	6	12	80
ENSMUSG00000020641	55	23	NA	NA
ENSMUSG00000020642	28	43	19	4
ENSMUSG00000020644	95	91	NA	NA
ENSMUSG00000020646	73	72	58	16
ENSMUSG00000020647	93	84	17	12
ENSMUSG00000020648	NA	NA	96	73
ENSMUSG00000020649	85	27	NA	NA
ENSMUSG00000020650	88	85	57	7
ENSMUSG00000020651	66	51	NA	NA
ENSMUSG00000020652	68	61	1	49
ENSMUSG00000020653	NA	NA	25	16
ENSMUSG00000020654	24	68	NA	NA
ENSMUSG00000020656	24	53	NA	NA
ENSMUSG00000020657	3	59	NA	NA
ENSMUSG00000020658	NA	NA	87	51
ENSMUSG00000020659	43	76	NA	NA
ENSMUSG00000020660	65	32	NA	NA
ENSMUSG00000020661	41	69	NA	NA
ENSMUSG00000020664	97	17	NA	NA
ENSMUSG00000020668	8	13	37	53
ENSMUSG00000020669	46	59	NA	NA
ENSMUSG00000020671	75	67	NA	NA
ENSMUSG00000020672	58	75	NA	NA
ENSMUSG00000020673	41	53	NA	NA
ENSMUSG00000020674	NA	NA	96	70
ENSMUSG00000020676	59	32	NA	NA
ENSMUSG00000020677	64	37	NA	NA
ENSMUSG00000020679	11	35	NA	NA
ENSMUSG00000020680	NA	NA	69	8
ENSMUSG00000020681	30	57	NA	NA
ENSMUSG00000020684	NA	NA	45	27
ENSMUSG00000020686	NA	NA	87	15
ENSMUSG00000020687	50	56	53	71
ENSMUSG00000020689	18	42	78	96
ENSMUSG00000020691	NA	NA	10	90
ENSMUSG00000020692	32	74	NA	NA
ENSMUSG00000020694	48	49	82	71
ENSMUSG00000020695	95	90	NA	NA
ENSMUSG00000020696	10	62	NA	NA
ENSMUSG00000020697	85	9	NA	NA
ENSMUSG00000020698	51	46	NA	NA
ENSMUSG00000020700	27	50	NA	NA
ENSMUSG00000020701	NA	NA	9	57
ENSMUSG00000020702	40	7	NA	NA
ENSMUSG00000020703	NA	NA	22	36
ENSMUSG00000020704	8	69	NA	NA
ENSMUSG00000020705	56	33	9	22
ENSMUSG00000020706	92	85	NA	NA
ENSMUSG00000020707	80	88	NA	NA
ENSMUSG00000020708	61	86	42	73
ENSMUSG00000020709	40	71	NA	NA
ENSMUSG00000020712	34	7	2	66
ENSMUSG00000020713	59	66	NA	NA
ENSMUSG00000020715	69	62	89	77
ENSMUSG00000020716	72	69	33	70
ENSMUSG00000020717	18	40	NA	NA
ENSMUSG00000020718	25	38	NA	NA
ENSMUSG00000020719	90	97	NA	NA
ENSMUSG00000020720	66	64	NA	NA
ENSMUSG00000020721	29	44	45	56
ENSMUSG00000020722	91	67	NA	NA
ENSMUSG00000020723	36	9	17	32
ENSMUSG00000020728	26	30	58	25
ENSMUSG00000020732	49	4	43	69
ENSMUSG00000020733	94	89	NA	NA
ENSMUSG00000020734	42	2	NA	NA
ENSMUSG00000020736	82	74	NA	NA
ENSMUSG00000020737	26	85	NA	NA
ENSMUSG00000020739	78	74	NA	NA
ENSMUSG00000020740	NA	NA	55	60
ENSMUSG00000020741	53	94	NA	NA
ENSMUSG00000020743	6	26	22	63
ENSMUSG00000020744	73	85	NA	NA
ENSMUSG00000020745	80	83	NA	NA
ENSMUSG00000020747	37	11	NA	NA
ENSMUSG00000020752	33	3	43	23
ENSMUSG00000020755	66	71	NA	NA
ENSMUSG00000020758	46	67	NA	NA
ENSMUSG00000020766	84	88	NA	NA
ENSMUSG00000020770	49	6	NA	NA
ENSMUSG00000020773	61	93	NA	NA
ENSMUSG00000020774	55	71	NA	NA
ENSMUSG00000020775	93	97	29	41
ENSMUSG00000020776	70	55	NA	NA
ENSMUSG00000020777	21	70	NA	NA
ENSMUSG00000020778	67	80	NA	NA
ENSMUSG00000020780	5	42	NA	NA
ENSMUSG00000020781	NA	NA	53	75
ENSMUSG00000020782	15	79	NA	NA
ENSMUSG00000020783	78	32	35	25
ENSMUSG00000020785	78	57	NA	NA
ENSMUSG00000020787	70	17	NA	NA
ENSMUSG00000020788	94	10	NA	NA
ENSMUSG00000020790	11	43	70	69
ENSMUSG00000020792	76	58	NA	NA
ENSMUSG00000020793	83	71	NA	NA
ENSMUSG00000020794	78	27	52	94
ENSMUSG00000020798	NA	NA	28	37
ENSMUSG00000020799	53	23	NA	NA
ENSMUSG00000020801	48	98	NA	NA
ENSMUSG00000020802	22	29	NA	NA
ENSMUSG00000020803	66	98	NA	NA
ENSMUSG00000020804	39	1	NA	NA
ENSMUSG00000020805	NA	NA	42	0
ENSMUSG00000020806	NA	NA	14	67
ENSMUSG00000020808	98	63	NA	NA
ENSMUSG00000020810	23	7	NA	NA
ENSMUSG00000020811	NA	NA	18	47
ENSMUSG00000020812	NA	NA	88	98
ENSMUSG00000020814	NA	NA	95	35
ENSMUSG00000020817	68	16	NA	NA
ENSMUSG00000020818	NA	NA	41	74
ENSMUSG00000020821	22	89	50	51
ENSMUSG00000020823	71	6	NA	NA
ENSMUSG00000020826	48	42	NA	NA
ENSMUSG00000020827	50	69	NA	NA
ENSMUSG00000020828	50	85	NA	NA
ENSMUSG00000020829	80	49	NA	NA
ENSMUSG00000020832	57	46	NA	NA
ENSMUSG00000020834	NA	NA	31	87
ENSMUSG00000020836	93	90	NA	NA
ENSMUSG00000020838	25	32	NA	NA
ENSMUSG00000020839	36	66	NA	NA
ENSMUSG00000020840	78	22	NA	NA
ENSMUSG00000020841	83	38	74	16
ENSMUSG00000020843	51	78	NA	NA
ENSMUSG00000020844	79	29	NA	NA
ENSMUSG00000020846	65	65	92	60
ENSMUSG00000020847	NA	NA	36	90
ENSMUSG00000020848	49	11	NA	NA
ENSMUSG00000020849	30	16	NA	NA
ENSMUSG00000020850	66	81	NA	NA
ENSMUSG00000020859	NA	NA	95	95
ENSMUSG00000020863	97	53	10	92
ENSMUSG00000020864	68	30	NA	NA
ENSMUSG00000020865	76	2	NA	NA
ENSMUSG00000020866	61	59	NA	NA
ENSMUSG00000020868	71	12	NA	NA
ENSMUSG00000020869	34	83	NA	NA
ENSMUSG00000020871	56	10	15	66
ENSMUSG00000020872	99	47	NA	NA
ENSMUSG00000020873	14	59	NA	NA
ENSMUSG00000020875	25	3	NA	NA
ENSMUSG00000020876	31	53	NA	NA
ENSMUSG00000020877	17	81	NA	NA
ENSMUSG00000020878	55	63	NA	NA
ENSMUSG00000020882	94	36	97	82
ENSMUSG00000020883	10	89	78	6
ENSMUSG00000020884	53	47	NA	NA
ENSMUSG00000020886	7	68	57	12
ENSMUSG00000020888	85	67	NA	NA
ENSMUSG00000020889	72	80	NA	NA
ENSMUSG00000020890	9	23	NA	NA
ENSMUSG00000020891	24	32	NA	NA
ENSMUSG00000020892	36	64	NA	NA
ENSMUSG00000020893	53	30	NA	NA
ENSMUSG00000020894	4	4	NA	NA
ENSMUSG00000020895	NA	NA	99	94
ENSMUSG00000020897	99	80	NA	NA
ENSMUSG00000020898	90	69	NA	NA
ENSMUSG00000020899	NA	NA	76	93
ENSMUSG00000020900	NA	NA	98	21
ENSMUSG00000020901	NA	NA	71	17
ENSMUSG00000020902	88	94	NA	NA
ENSMUSG00000020903	75	93	NA	NA
ENSMUSG00000020904	NA	NA	100	11
ENSMUSG00000020905	31	63	NA	NA
ENSMUSG00000020907	47	43	NA	NA
ENSMUSG00000020908	94	65	NA	NA
ENSMUSG00000020910	42	56	NA	NA
ENSMUSG00000020911	47	92	NA	NA
ENSMUSG00000020912	53	41	NA	NA
ENSMUSG00000020913	NA	NA	74	76
ENSMUSG00000020914	99	92	NA	NA
ENSMUSG00000020916	50	68	NA	NA
ENSMUSG00000020917	97	48	NA	NA
ENSMUSG00000020918	65	81	NA	NA
ENSMUSG00000020919	55	21	NA	NA
ENSMUSG00000020921	67	74	NA	NA
ENSMUSG00000020922	32	71	91	22
ENSMUSG00000020923	30	28	NA	NA
ENSMUSG00000020925	73	71	NA	NA
ENSMUSG00000020926	14	5	17	3
ENSMUSG00000020928	53	78	NA	NA
ENSMUSG00000020929	70	91	NA	NA
ENSMUSG00000020930	NA	NA	70	67
ENSMUSG00000020932	52	80	25	85
ENSMUSG00000020935	86	3	NA	NA
ENSMUSG00000020936	75	68	52	76
ENSMUSG00000020937	NA	NA	94	98
ENSMUSG00000020941	74	54	NA	NA
ENSMUSG00000020945	NA	NA	13	14
ENSMUSG00000020946	39	27	NA	NA
ENSMUSG00000020948	NA	NA	45	4
ENSMUSG00000020949	77	80	NA	NA
ENSMUSG00000020950	8	2	NA	NA
ENSMUSG00000020952	36	58	NA	NA
ENSMUSG00000020953	9	34	NA	NA
ENSMUSG00000020954	29	68	20	40
ENSMUSG00000020955	80	29	NA	NA
ENSMUSG00000020956	19	31	83	69
ENSMUSG00000020961	NA	NA	64	41
ENSMUSG00000020962	71	9	NA	NA
ENSMUSG00000020963	34	17	56	15
ENSMUSG00000020964	83	75	93	90
ENSMUSG00000020974	NA	NA	82	38
ENSMUSG00000020978	79	11	34	25
ENSMUSG00000020982	NA	NA	82	60
ENSMUSG00000020986	30	94	NA	NA
ENSMUSG00000020988	46	44	NA	NA
ENSMUSG00000020990	NA	NA	60	76
ENSMUSG00000020992	NA	NA	35	53
ENSMUSG00000020994	64	35	NA	NA
ENSMUSG00000021000	78	4	NA	NA
ENSMUSG00000021003	8	82	NA	NA
ENSMUSG00000021007	NA	NA	87	61
ENSMUSG00000021009	25	40	NA	NA
ENSMUSG00000021010	42	20	70	7
ENSMUSG00000021012	33	33	NA	NA
ENSMUSG00000021013	80	78	NA	NA
ENSMUSG00000021022	64	12	NA	NA
ENSMUSG00000021023	NA	NA	21	74
ENSMUSG00000021024	64	81	NA	NA
ENSMUSG00000021025	77	72	91	94
ENSMUSG00000021027	1	56	88	19
ENSMUSG00000021028	17	45	NA	NA
ENSMUSG00000021032	13	17	NA	NA
ENSMUSG00000021033	83	87	NA	NA
ENSMUSG00000021036	76	88	28	14
ENSMUSG00000021037	32	65	51	65
ENSMUSG00000021039	53	59	22	5
ENSMUSG00000021040	52	96	NA	NA
ENSMUSG00000021044	39	70	NA	NA
ENSMUSG00000021047	58	7	NA	NA
ENSMUSG00000021048	35	96	59	8
ENSMUSG00000021051	NA	NA	58	78
ENSMUSG00000021054	37	84	NA	NA
ENSMUSG00000021055	57	46	NA	NA
ENSMUSG00000021056	47	52	NA	NA
ENSMUSG00000021057	NA	NA	49	12
ENSMUSG00000021061	43	9	11	9
ENSMUSG00000021062	26	44	NA	NA
ENSMUSG00000021065	68	76	7	45
ENSMUSG00000021066	NA	NA	24	6
ENSMUSG00000021067	38	87	NA	NA
ENSMUSG00000021068	42	4	95	51
ENSMUSG00000021069	43	52	NA	NA
ENSMUSG00000021070	46	18	86	96
ENSMUSG00000021071	NA	NA	21	66
ENSMUSG00000021072	91	82	NA	NA
ENSMUSG00000021076	83	50	NA	NA
ENSMUSG00000021078	NA	NA	11	25
ENSMUSG00000021079	47	1	NA	NA
ENSMUSG00000021081	NA	NA	23	67
ENSMUSG00000021086	26	42	NA	NA
ENSMUSG00000021087	55	43	NA	NA
ENSMUSG00000021090	NA	NA	61	87
ENSMUSG00000021091	47	12	NA	NA
ENSMUSG00000021094	97	89	68	28
ENSMUSG00000021095	55	3	NA	NA
ENSMUSG00000021096	88	61	82	31
ENSMUSG00000021097	75	8	70	33
ENSMUSG00000021098	NA	NA	8	30
ENSMUSG00000021099	3	10	NA	NA
ENSMUSG00000021101	NA	NA	71	48
ENSMUSG00000021102	NA	NA	34	88
ENSMUSG00000021103	74	90	NA	NA
ENSMUSG00000021108	49	47	39	24
ENSMUSG00000021109	0	33	NA	NA
ENSMUSG00000021111	50	78	NA	NA
ENSMUSG00000021112	85	34	NA	NA
ENSMUSG00000021113	NA	NA	17	7
ENSMUSG00000021114	85	96	NA	NA
ENSMUSG00000021115	86	48	45	14
ENSMUSG00000021116	52	76	NA	NA
ENSMUSG00000021118	49	62	NA	NA
ENSMUSG00000021120	23	69	6	19
ENSMUSG00000021123	21	17	NA	NA
ENSMUSG00000021124	67	94	NA	NA
ENSMUSG00000021125	33	3	NA	NA
ENSMUSG00000021127	73	94	NA	NA
ENSMUSG00000021130	25	23	NA	NA
ENSMUSG00000021131	NA	NA	0	39
ENSMUSG00000021133	58	90	NA	NA
ENSMUSG00000021135	35	28	NA	NA
ENSMUSG00000021136	57	83	NA	NA
ENSMUSG00000021140	53	81	NA	NA
ENSMUSG00000021143	96	82	96	94
ENSMUSG00000021144	72	20	NA	NA
ENSMUSG00000021147	NA	NA	66	65
ENSMUSG00000021149	90	14	NA	NA
ENSMUSG00000021156	58	57	87	12
ENSMUSG00000021171	NA	NA	83	80
ENSMUSG00000021175	88	63	NA	NA
ENSMUSG00000021176	NA	NA	90	98
ENSMUSG00000021177	38	87	NA	NA
ENSMUSG00000021179	71	87	NA	NA
ENSMUSG00000021180	NA	NA	92	7
ENSMUSG00000021182	15	12	50	85
ENSMUSG00000021185	77	79	NA	NA
ENSMUSG00000021186	80	99	75	70
ENSMUSG00000021187	27	38	50	42
ENSMUSG00000021188	34	34	45	11
ENSMUSG00000021189	NA	NA	68	17
ENSMUSG00000021190	18	84	NA	NA
ENSMUSG00000021192	81	61	NA	NA
ENSMUSG00000021193	58	37	NA	NA
ENSMUSG00000021194	80	2	NA	NA
ENSMUSG00000021196	78	17	67	44
ENSMUSG00000021200	NA	NA	64	46
ENSMUSG00000021203	95	35	NA	NA
ENSMUSG00000021207	17	9	NA	NA
ENSMUSG00000021208	57	3	NA	NA
ENSMUSG00000021209	NA	NA	63	43
ENSMUSG00000021210	9	55	NA	NA
ENSMUSG00000021211	41	63	NA	NA
ENSMUSG00000021213	16	55	NA	NA
ENSMUSG00000021214	20	36	NA	NA
ENSMUSG00000021215	77	85	NA	NA
ENSMUSG00000021217	NA	NA	98	97
ENSMUSG00000021218	73	16	64	30
ENSMUSG00000021219	40	12	NA	NA
ENSMUSG00000021221	35	37	NA	NA
ENSMUSG00000021222	54	15	NA	NA
ENSMUSG00000021223	8	78	NA	NA
ENSMUSG00000021224	66	52	NA	NA
ENSMUSG00000021226	91	24	99	79
ENSMUSG00000021228	NA	NA	2	7
ENSMUSG00000021235	73	81	NA	NA
ENSMUSG00000021236	46	80	36	94
ENSMUSG00000021238	40	97	NA	NA
ENSMUSG00000021239	2	59	NA	NA
ENSMUSG00000021240	88	46	NA	NA
ENSMUSG00000021241	73	88	NA	NA
ENSMUSG00000021242	87	15	98	95
ENSMUSG00000021244	49	60	48	3
ENSMUSG00000021245	74	43	NA	NA
ENSMUSG00000021248	31	71	NA	NA
ENSMUSG00000021250	83	22	NA	NA
ENSMUSG00000021252	97	63	NA	NA
ENSMUSG00000021253	43	98	NA	NA
ENSMUSG00000021254	NA	NA	32	80
ENSMUSG00000021255	0	67	NA	NA
ENSMUSG00000021257	25	70	NA	NA
ENSMUSG00000021258	89	82	NA	NA
ENSMUSG00000021259	28	89	NA	NA
ENSMUSG00000021260	NA	NA	4	60
ENSMUSG00000021262	93	31	NA	NA
ENSMUSG00000021263	39	49	NA	NA
ENSMUSG00000021264	40	61	NA	NA
ENSMUSG00000021265	87	37	NA	NA
ENSMUSG00000021266	98	92	95	37
ENSMUSG00000021268	38	33	39	65
ENSMUSG00000021271	NA	NA	23	80
ENSMUSG00000021275	NA	NA	41	61
ENSMUSG00000021276	82	30	35	42
ENSMUSG00000021277	51	67	NA	NA
ENSMUSG00000021278	39	10	NA	NA
ENSMUSG00000021279	NA	NA	89	30
ENSMUSG00000021280	NA	NA	94	54
ENSMUSG00000021281	92	42	NA	NA
ENSMUSG00000021282	97	77	99	54
ENSMUSG00000021285	NA	NA	15	37
ENSMUSG00000021286	75	36	NA	NA
ENSMUSG00000021287	NA	NA	38	79
ENSMUSG00000021288	73	85	NA	NA
ENSMUSG00000021290	39	80	NA	NA
ENSMUSG00000021294	NA	NA	69	80
ENSMUSG00000021298	20	43	77	79
ENSMUSG00000021301	NA	NA	38	93
ENSMUSG00000021302	15	27	NA	NA
ENSMUSG00000021303	51	25	70	96
ENSMUSG00000021306	33	66	NA	NA
ENSMUSG00000021311	NA	NA	66	78
ENSMUSG00000021313	60	26	NA	NA
ENSMUSG00000021314	23	36	NA	NA
ENSMUSG00000021318	6	8	97	64
ENSMUSG00000021319	58	22	NA	NA
ENSMUSG00000021322	18	63	62	22
ENSMUSG00000021326	45	64	28	26
ENSMUSG00000021327	33	87	80	95
ENSMUSG00000021335	27	53	NA	NA
ENSMUSG00000021337	31	15	NA	NA
ENSMUSG00000021338	57	89	NA	NA
ENSMUSG00000021339	32	2	43	87
ENSMUSG00000021340	4	64	NA	NA
ENSMUSG00000021342	41	29	NA	NA
ENSMUSG00000021345	6	3	NA	NA
ENSMUSG00000021346	10	35	NA	NA
ENSMUSG00000021347	NA	NA	12	33
ENSMUSG00000021348	47	1	NA	NA
ENSMUSG00000021356	19	6	NA	NA
ENSMUSG00000021357	NA	NA	82	95
ENSMUSG00000021359	5	34	NA	NA
ENSMUSG00000021360	81	38	NA	NA
ENSMUSG00000021361	52	27	NA	NA
ENSMUSG00000021362	24	61	NA	NA
ENSMUSG00000021363	59	31	NA	NA
ENSMUSG00000021364	1	16	NA	NA
ENSMUSG00000021365	62	98	NA	NA
ENSMUSG00000021366	86	82	NA	NA
ENSMUSG00000021367	13	62	NA	NA
ENSMUSG00000021368	NA	NA	63	60
ENSMUSG00000021371	NA	NA	83	77
ENSMUSG00000021373	87	38	NA	NA
ENSMUSG00000021374	34	33	88	58
ENSMUSG00000021375	52	5	85	97
ENSMUSG00000021376	16	19	80	54
ENSMUSG00000021377	99	91	NA	NA
ENSMUSG00000021379	58	37	NA	NA
ENSMUSG00000021381	71	62	NA	NA
ENSMUSG00000021384	NA	NA	62	88
ENSMUSG00000021385	17	88	NA	NA
ENSMUSG00000021388	54	35	NA	NA
ENSMUSG00000021390	91	99	NA	NA
ENSMUSG00000021391	NA	NA	97	99
ENSMUSG00000021392	NA	NA	75	17
ENSMUSG00000021395	88	14	NA	NA
ENSMUSG00000021396	4	24	41	58
ENSMUSG00000021400	76	56	NA	NA
ENSMUSG00000021403	18	68	NA	NA
ENSMUSG00000021404	65	55	NA	NA
ENSMUSG00000021408	77	8	NA	NA
ENSMUSG00000021411	NA	NA	15	70
ENSMUSG00000021413	28	56	NA	NA
ENSMUSG00000021414	NA	NA	59	21
ENSMUSG00000021415	39	54	NA	NA
ENSMUSG00000021416	35	33	NA	NA
ENSMUSG00000021417	39	86	NA	NA
ENSMUSG00000021418	85	66	59	7
ENSMUSG00000021420	28	86	NA	NA
ENSMUSG00000021423	61	42	NA	NA
ENSMUSG00000021427	81	68	93	76
ENSMUSG00000021428	22	88	79	35
ENSMUSG00000021431	64	64	NA	NA
ENSMUSG00000021432	33	71	NA	NA
ENSMUSG00000021439	47	3	NA	NA
ENSMUSG00000021440	50	55	NA	NA
ENSMUSG00000021441	4	14	NA	NA
ENSMUSG00000021448	57	52	NA	NA
ENSMUSG00000021451	56	84	NA	NA
ENSMUSG00000021453	42	49	NA	NA
ENSMUSG00000021456	52	78	NA	NA
ENSMUSG00000021457	56	81	4	60
ENSMUSG00000021458	76	22	40	24
ENSMUSG00000021460	17	73	61	58
ENSMUSG00000021461	45	41	60	48
ENSMUSG00000021464	10	32	NA	NA
ENSMUSG00000021466	42	60	58	4
ENSMUSG00000021468	69	43	NA	NA
ENSMUSG00000021469	66	50	NA	NA
ENSMUSG00000021470	60	40	NA	NA
ENSMUSG00000021474	84	35	NA	NA
ENSMUSG00000021476	87	70	73	20
ENSMUSG00000021477	89	99	70	27
ENSMUSG00000021478	NA	NA	42	29
ENSMUSG00000021481	89	27	NA	NA
ENSMUSG00000021482	74	83	81	91
ENSMUSG00000021483	41	1	NA	NA
ENSMUSG00000021484	39	5	NA	NA
ENSMUSG00000021485	97	76	NA	NA
ENSMUSG00000021486	94	30	NA	NA
ENSMUSG00000021488	2	27	36	63
ENSMUSG00000021490	50	33	NA	NA
ENSMUSG00000021492	37	23	NA	NA
ENSMUSG00000021493	85	59	NA	NA
ENSMUSG00000021494	43	80	NA	NA
ENSMUSG00000021495	36	30	NA	NA
ENSMUSG00000021496	67	91	NA	NA
ENSMUSG00000021497	NA	NA	74	98
ENSMUSG00000021499	NA	NA	28	11
ENSMUSG00000021500	58	73	92	84
ENSMUSG00000021501	3	3	NA	NA
ENSMUSG00000021504	58	73	NA	NA
ENSMUSG00000021506	82	44	NA	NA
ENSMUSG00000021508	71	77	NA	NA
ENSMUSG00000021509	30	61	56	57
ENSMUSG00000021510	NA	NA	38	1
ENSMUSG00000021514	12	52	45	50
ENSMUSG00000021518	25	62	NA	NA
ENSMUSG00000021519	69	92	1	26
ENSMUSG00000021532	NA	NA	29	49
ENSMUSG00000021534	NA	NA	20	65
ENSMUSG00000021536	50	7	NA	NA
ENSMUSG00000021537	84	95	NA	NA
ENSMUSG00000021538	58	43	NA	NA
ENSMUSG00000021539	0	22	NA	NA
ENSMUSG00000021540	4	22	96	34
ENSMUSG00000021541	15	17	NA	NA
ENSMUSG00000021545	1	3	NA	NA
ENSMUSG00000021546	92	10	NA	NA
ENSMUSG00000021548	78	49	NA	NA
ENSMUSG00000021549	90	88	NA	NA
ENSMUSG00000021550	40	37	NA	NA
ENSMUSG00000021553	12	51	25	14
ENSMUSG00000021555	42	19	39	25
ENSMUSG00000021556	95	55	98	93
ENSMUSG00000021557	64	60	38	57
ENSMUSG00000021559	59	3	NA	NA
ENSMUSG00000021565	NA	NA	58	6
ENSMUSG00000021566	NA	NA	5	12
ENSMUSG00000021567	2	79	49	93
ENSMUSG00000021569	95	94	69	78
ENSMUSG00000021572	NA	NA	72	58
ENSMUSG00000021573	NA	NA	48	79
ENSMUSG00000021575	10	52	NA	NA
ENSMUSG00000021576	50	51	NA	NA
ENSMUSG00000021577	65	89	5	2
ENSMUSG00000021578	62	54	90	36
ENSMUSG00000021583	44	15	40	52
ENSMUSG00000021585	63	70	98	84
ENSMUSG00000021587	27	37	NA	NA
ENSMUSG00000021589	NA	NA	98	50
ENSMUSG00000021590	NA	NA	51	0
ENSMUSG00000021591	84	96	NA	NA
ENSMUSG00000021592	NA	NA	54	20
ENSMUSG00000021594	NA	NA	48	33
ENSMUSG00000021595	75	62	NA	NA
ENSMUSG00000021596	NA	NA	41	26
ENSMUSG00000021597	83	83	45	80
ENSMUSG00000021598	55	33	NA	NA
ENSMUSG00000021600	NA	NA	41	37
ENSMUSG00000021604	66	47	NA	NA
ENSMUSG00000021607	25	20	NA	NA
ENSMUSG00000021608	89	94	NA	NA
ENSMUSG00000021609	32	54	NA	NA
ENSMUSG00000021610	39	61	NA	NA
ENSMUSG00000021611	22	42	50	25
ENSMUSG00000021612	63	35	NA	NA
ENSMUSG00000021613	11	28	36	41
ENSMUSG00000021614	98	8	NA	NA
ENSMUSG00000021615	77	31	NA	NA
ENSMUSG00000021619	48	90	NA	NA
ENSMUSG00000021620	48	46	NA	NA
ENSMUSG00000021621	86	88	NA	NA
ENSMUSG00000021622	94	76	NA	NA
ENSMUSG00000021624	30	48	NA	NA
ENSMUSG00000021629	58	90	NA	NA
ENSMUSG00000021635	13	72	NA	NA
ENSMUSG00000021636	26	79	NA	NA
ENSMUSG00000021638	28	75	21	51
ENSMUSG00000021639	6	94	NA	NA
ENSMUSG00000021640	26	22	NA	NA
ENSMUSG00000021643	72	85	NA	NA
ENSMUSG00000021645	67	87	3	74
ENSMUSG00000021646	70	66	16	90
ENSMUSG00000021647	71	55	NA	NA
ENSMUSG00000021650	10	88	NA	NA
ENSMUSG00000021661	79	54	4	44
ENSMUSG00000021662	68	16	NA	NA
ENSMUSG00000021665	94	94	NA	NA
ENSMUSG00000021666	95	40	NA	NA
ENSMUSG00000021668	46	16	NA	NA
ENSMUSG00000021669	70	14	11	70
ENSMUSG00000021670	96	0	NA	NA
ENSMUSG00000021671	82	24	35	1
ENSMUSG00000021675	11	6	96	49
ENSMUSG00000021676	0	41	35	9
ENSMUSG00000021678	25	32	NA	NA
ENSMUSG00000021680	NA	NA	29	7
ENSMUSG00000021681	20	78	NA	NA
ENSMUSG00000021684	NA	NA	73	55
ENSMUSG00000021685	53	62	71	72
ENSMUSG00000021686	63	54	NA	NA
ENSMUSG00000021687	12	21	73	86
ENSMUSG00000021690	14	36	56	82
ENSMUSG00000021693	73	25	NA	NA
ENSMUSG00000021694	38	59	NA	NA
ENSMUSG00000021696	24	82	0	85
ENSMUSG00000021697	NA	NA	98	78
ENSMUSG00000021700	4	60	89	55
ENSMUSG00000021701	99	39	NA	NA
ENSMUSG00000021702	18	50	NA	NA
ENSMUSG00000021703	NA	NA	96	97
ENSMUSG00000021704	NA	NA	84	88
ENSMUSG00000021706	76	40	NA	NA
ENSMUSG00000021707	51	82	41	52
ENSMUSG00000021708	5	29	27	37
ENSMUSG00000021709	52	40	NA	NA
ENSMUSG00000021710	28	4	NA	NA
ENSMUSG00000021711	78	45	9	38
ENSMUSG00000021712	51	34	67	89
ENSMUSG00000021713	NA	NA	92	51
ENSMUSG00000021714	90	89	NA	NA
ENSMUSG00000021715	23	52	NA	NA
ENSMUSG00000021716	33	90	53	45
ENSMUSG00000021718	19	10	NA	NA
ENSMUSG00000021719	NA	NA	87	49
ENSMUSG00000021720	NA	NA	43	2
ENSMUSG00000021721	52	22	NA	NA
ENSMUSG00000021725	2	45	NA	NA
ENSMUSG00000021728	56	96	NA	NA
ENSMUSG00000021730	46	28	7	15
ENSMUSG00000021731	81	92	NA	NA
ENSMUSG00000021732	0	67	NA	NA
ENSMUSG00000021733	82	7	64	55
ENSMUSG00000021737	59	77	NA	NA
ENSMUSG00000021738	18	30	60	87
ENSMUSG00000021743	45	68	NA	NA
ENSMUSG00000021745	76	28	73	96
ENSMUSG00000021747	NA	NA	7	30
ENSMUSG00000021748	12	1	NA	NA
ENSMUSG00000021749	10	78	NA	NA
ENSMUSG00000021750	NA	NA	94	92
ENSMUSG00000021751	34	58	NA	NA
ENSMUSG00000021752	NA	NA	26	68
ENSMUSG00000021754	74	60	59	45
ENSMUSG00000021756	97	98	93	98
ENSMUSG00000021758	10	28	NA	NA
ENSMUSG00000021759	81	96	NA	NA
ENSMUSG00000021760	82	98	NA	NA
ENSMUSG00000021764	87	98	10	79
ENSMUSG00000021765	84	97	97	99
ENSMUSG00000021767	NA	NA	66	13
ENSMUSG00000021768	91	30	NA	NA
ENSMUSG00000021770	97	32	21	60
ENSMUSG00000021771	72	58	NA	NA
ENSMUSG00000021772	72	69	NA	NA
ENSMUSG00000021773	89	6	NA	NA
ENSMUSG00000021774	39	95	0	38
ENSMUSG00000021775	46	6	37	3
ENSMUSG00000021779	5	2	NA	NA
ENSMUSG00000021782	96	82	13	66
ENSMUSG00000021785	57	74	NA	NA
ENSMUSG00000021786	18	45	9	82
ENSMUSG00000021789	0	65	NA	NA
ENSMUSG00000021790	NA	NA	88	61
ENSMUSG00000021791	NA	NA	65	61
ENSMUSG00000021792	12	26	NA	NA
ENSMUSG00000021794	34	5	NA	NA
ENSMUSG00000021795	7	12	NA	NA
ENSMUSG00000021796	46	1	NA	NA
ENSMUSG00000021797	NA	NA	23	5
ENSMUSG00000021798	95	98	NA	NA
ENSMUSG00000021799	16	30	77	80
ENSMUSG00000021803	97	58	NA	NA
ENSMUSG00000021804	70	56	NA	NA
ENSMUSG00000021806	99	98	NA	NA
ENSMUSG00000021807	70	74	NA	NA
ENSMUSG00000021809	53	12	29	92
ENSMUSG00000021810	15	85	NA	NA
ENSMUSG00000021814	4	20	NA	NA
ENSMUSG00000021815	NA	NA	99	27
ENSMUSG00000021816	86	70	34	47
ENSMUSG00000021819	NA	NA	87	89
ENSMUSG00000021820	93	89	NA	NA
ENSMUSG00000021822	23	2	NA	NA
ENSMUSG00000021823	45	30	NA	NA
ENSMUSG00000021824	76	33	NA	NA
ENSMUSG00000021830	12	79	NA	NA
ENSMUSG00000021831	90	70	NA	NA
ENSMUSG00000021832	36	87	NA	NA
ENSMUSG00000021835	97	99	NA	NA
ENSMUSG00000021838	75	45	53	11
ENSMUSG00000021840	NA	NA	79	98
ENSMUSG00000021843	70	90	61	67
ENSMUSG00000021846	71	52	97	97
ENSMUSG00000021848	68	6	NA	NA
ENSMUSG00000021850	68	0	NA	NA
ENSMUSG00000021852	38	25	10	75
ENSMUSG00000021868	62	65	NA	NA
ENSMUSG00000021870	71	56	NA	NA
ENSMUSG00000021872	NA	NA	80	93
ENSMUSG00000021874	NA	NA	75	63
ENSMUSG00000021876	99	99	NA	NA
ENSMUSG00000021877	89	82	NA	NA
ENSMUSG00000021879	NA	NA	32	57
ENSMUSG00000021880	NA	NA	72	43
ENSMUSG00000021886	20	46	NA	NA
ENSMUSG00000021890	NA	NA	53	93
ENSMUSG00000021891	75	87	72	61
ENSMUSG00000021892	86	69	NA	NA
ENSMUSG00000021893	79	84	NA	NA
ENSMUSG00000021895	53	10	NA	NA
ENSMUSG00000021898	53	29	NA	NA
ENSMUSG00000021900	94	70	NA	NA
ENSMUSG00000021901	23	66	NA	NA
ENSMUSG00000021902	35	66	23	22
ENSMUSG00000021903	NA	NA	65	23
ENSMUSG00000021904	NA	NA	73	71
ENSMUSG00000021905	NA	NA	49	2
ENSMUSG00000021906	88	81	NA	NA
ENSMUSG00000021907	62	50	NA	NA
ENSMUSG00000021910	60	40	91	57
ENSMUSG00000021911	45	65	NA	NA
ENSMUSG00000021916	NA	NA	94	99
ENSMUSG00000021917	64	64	NA	NA
ENSMUSG00000021918	60	19	NA	NA
ENSMUSG00000021919	NA	NA	22	59
ENSMUSG00000021922	9	63	NA	NA
ENSMUSG00000021928	89	93	24	3
ENSMUSG00000021929	51	23	NA	NA
ENSMUSG00000021930	65	81	NA	NA
ENSMUSG00000021932	NA	NA	95	95
ENSMUSG00000021936	52	74	68	33
ENSMUSG00000021938	69	1	NA	NA
ENSMUSG00000021939	25	88	79	82
ENSMUSG00000021940	36	31	NA	NA
ENSMUSG00000021943	30	53	NA	NA
ENSMUSG00000021944	55	29	NA	NA
ENSMUSG00000021945	NA	NA	91	63
ENSMUSG00000021947	59	14	49	52
ENSMUSG00000021948	76	64	41	85
ENSMUSG00000021950	73	88	NA	NA
ENSMUSG00000021951	72	2	NA	NA
ENSMUSG00000021952	22	77	65	29
ENSMUSG00000021957	99	8	59	2
ENSMUSG00000021958	20	7	NA	NA
ENSMUSG00000021959	51	31	NA	NA
ENSMUSG00000021961	NA	NA	22	56
ENSMUSG00000021962	70	2	NA	NA
ENSMUSG00000021963	62	25	NA	NA
ENSMUSG00000021965	8	34	73	75
ENSMUSG00000021966	NA	NA	18	65
ENSMUSG00000021967	53	84	NA	NA
ENSMUSG00000021969	64	31	93	57
ENSMUSG00000021972	72	77	73	49
ENSMUSG00000021973	NA	NA	59	96
ENSMUSG00000021974	51	15	76	56
ENSMUSG00000021975	68	51	NA	NA
ENSMUSG00000021977	10	67	NA	NA
ENSMUSG00000021978	78	62	NA	NA
ENSMUSG00000021981	59	97	NA	NA
ENSMUSG00000021982	30	82	58	63
ENSMUSG00000021983	25	55	38	62
ENSMUSG00000021986	NA	NA	67	37
ENSMUSG00000021987	51	71	NA	NA
ENSMUSG00000021990	86	27	64	48
ENSMUSG00000021991	47	1	NA	NA
ENSMUSG00000021993	NA	NA	72	39
ENSMUSG00000021994	12	18	52	27
ENSMUSG00000021996	NA	NA	26	8
ENSMUSG00000021997	NA	NA	30	88
ENSMUSG00000021998	14	66	NA	NA
ENSMUSG00000021999	13	79	NA	NA
ENSMUSG00000022000	NA	NA	79	63
ENSMUSG00000022002	NA	NA	62	52
ENSMUSG00000022003	18	2	94	47
ENSMUSG00000022008	36	57	NA	NA
ENSMUSG00000022009	74	77	NA	NA
ENSMUSG00000022010	35	93	84	85
ENSMUSG00000022012	NA	NA	89	40
ENSMUSG00000022013	46	89	24	4
ENSMUSG00000022014	27	14	NA	NA
ENSMUSG00000022015	69	58	NA	NA
ENSMUSG00000022016	NA	NA	88	78
ENSMUSG00000022018	23	62	NA	NA
ENSMUSG00000022019	31	65	24	26
ENSMUSG00000022020	NA	NA	2	19
ENSMUSG00000022021	78	42	NA	NA
ENSMUSG00000022023	70	1	NA	NA
ENSMUSG00000022024	42	98	NA	NA
ENSMUSG00000022025	37	40	NA	NA
ENSMUSG00000022026	NA	NA	30	2
ENSMUSG00000022031	77	45	NA	NA
ENSMUSG00000022032	99	99	NA	NA
ENSMUSG00000022033	99	32	NA	NA
ENSMUSG00000022034	NA	NA	77	72
ENSMUSG00000022037	94	72	NA	NA
ENSMUSG00000022039	31	3	NA	NA
ENSMUSG00000022040	7	80	NA	NA
ENSMUSG00000022041	45	8	NA	NA
ENSMUSG00000022043	94	97	82	9
ENSMUSG00000022044	36	24	NA	NA
ENSMUSG00000022048	45	28	99	87
ENSMUSG00000022051	92	87	NA	NA
ENSMUSG00000022052	31	76	NA	NA
ENSMUSG00000022053	21	9	NA	NA
ENSMUSG00000022054	42	53	NA	NA
ENSMUSG00000022055	44	31	63	21
ENSMUSG00000022056	40	70	NA	NA
ENSMUSG00000022057	52	48	NA	NA
ENSMUSG00000022061	55	60	NA	NA
ENSMUSG00000022064	3	43	13	18
ENSMUSG00000022070	NA	NA	81	64
ENSMUSG00000022074	19	14	NA	NA
ENSMUSG00000022075	53	92	67	73
ENSMUSG00000022076	8	18	23	36
ENSMUSG00000022085	NA	NA	36	67
ENSMUSG00000022089	72	84	NA	NA
ENSMUSG00000022090	95	69	NA	NA
ENSMUSG00000022091	8	65	NA	NA
ENSMUSG00000022092	88	65	NA	NA
ENSMUSG00000022094	62	81	75	37
ENSMUSG00000022095	NA	NA	47	18
ENSMUSG00000022096	63	28	NA	NA
ENSMUSG00000022097	68	48	NA	NA
ENSMUSG00000022098	90	2	NA	NA
ENSMUSG00000022099	43	61	11	13
ENSMUSG00000022100	58	49	61	91
ENSMUSG00000022101	38	36	NA	NA
ENSMUSG00000022102	33	3	NA	NA
ENSMUSG00000022103	21	65	29	25
ENSMUSG00000022105	71	92	13	80
ENSMUSG00000022106	90	94	62	14
ENSMUSG00000022108	81	98	NA	NA
ENSMUSG00000022109	0	28	NA	NA
ENSMUSG00000022110	82	91	9	34
ENSMUSG00000022112	NA	NA	4	59
ENSMUSG00000022114	57	85	NA	NA
ENSMUSG00000022116	NA	NA	63	66
ENSMUSG00000022119	58	63	79	66
ENSMUSG00000022120	23	15	82	33
ENSMUSG00000022122	47	32	63	6
ENSMUSG00000022124	53	74	NA	NA
ENSMUSG00000022125	65	81	NA	NA
ENSMUSG00000022126	16	45	NA	NA
ENSMUSG00000022129	29	9	NA	NA
ENSMUSG00000022130	40	78	NA	NA
ENSMUSG00000022131	76	84	NA	NA
ENSMUSG00000022132	27	8	NA	NA
ENSMUSG00000022136	20	96	NA	NA
ENSMUSG00000022139	NA	NA	12	25
ENSMUSG00000022141	64	28	90	94
ENSMUSG00000022142	72	59	75	61
ENSMUSG00000022144	99	99	NA	NA
ENSMUSG00000022146	92	36	64	26
ENSMUSG00000022148	26	15	NA	NA
ENSMUSG00000022149	59	12	NA	NA
ENSMUSG00000022150	95	42	24	72
ENSMUSG00000022151	46	12	NA	NA
ENSMUSG00000022155	NA	NA	42	74
ENSMUSG00000022156	69	98	NA	NA
ENSMUSG00000022157	51	99	NA	NA
ENSMUSG00000022159	93	96	NA	NA
ENSMUSG00000022160	63	74	NA	NA
ENSMUSG00000022174	1	52	NA	NA
ENSMUSG00000022175	79	50	NA	NA
ENSMUSG00000022176	34	16	NA	NA
ENSMUSG00000022177	78	36	NA	NA
ENSMUSG00000022178	84	95	NA	NA
ENSMUSG00000022179	NA	NA	67	0
ENSMUSG00000022180	71	12	NA	NA
ENSMUSG00000022181	27	7	NA	NA
ENSMUSG00000022184	81	77	NA	NA
ENSMUSG00000022185	56	62	NA	NA
ENSMUSG00000022186	64	97	NA	NA
ENSMUSG00000022191	NA	NA	25	77
ENSMUSG00000022194	81	95	NA	NA
ENSMUSG00000022195	77	5	68	74
ENSMUSG00000022197	NA	NA	21	73
ENSMUSG00000022199	25	29	NA	NA
ENSMUSG00000022200	17	90	NA	NA
ENSMUSG00000022201	52	89	NA	NA
ENSMUSG00000022203	40	58	NA	NA
ENSMUSG00000022204	72	5	NA	NA
ENSMUSG00000022205	61	91	NA	NA
ENSMUSG00000022206	49	95	NA	NA
ENSMUSG00000022208	NA	NA	8	31
ENSMUSG00000022209	11	51	NA	NA
ENSMUSG00000022210	49	82	NA	NA
ENSMUSG00000022211	NA	NA	15	65
ENSMUSG00000022212	35	20	NA	NA
ENSMUSG00000022214	88	67	NA	NA
ENSMUSG00000022215	79	63	NA	NA
ENSMUSG00000022216	89	31	NA	NA
ENSMUSG00000022217	73	72	NA	NA
ENSMUSG00000022218	17	0	NA	NA
ENSMUSG00000022219	35	17	NA	NA
ENSMUSG00000022220	64	73	NA	NA
ENSMUSG00000022221	71	86	NA	NA
ENSMUSG00000022223	NA	NA	51	15
ENSMUSG00000022225	53	21	NA	NA
ENSMUSG00000022226	1	39	NA	NA
ENSMUSG00000022227	43	34	NA	NA
ENSMUSG00000022228	52	86	NA	NA
ENSMUSG00000022229	41	34	NA	NA
ENSMUSG00000022231	11	85	85	98
ENSMUSG00000022234	67	22	NA	NA
ENSMUSG00000022235	97	51	NA	NA
ENSMUSG00000022236	81	95	NA	NA
ENSMUSG00000022237	56	24	8	11
ENSMUSG00000022240	9	42	40	86
ENSMUSG00000022241	94	37	NA	NA
ENSMUSG00000022243	22	59	NA	NA
ENSMUSG00000022244	78	95	NA	NA
ENSMUSG00000022245	NA	NA	60	4
ENSMUSG00000022246	91	9	76	92
ENSMUSG00000022247	41	0	NA	NA
ENSMUSG00000022248	95	31	NA	NA
ENSMUSG00000022249	NA	NA	39	82
ENSMUSG00000022253	NA	NA	95	95
ENSMUSG00000022255	77	23	14	47
ENSMUSG00000022257	63	35	NA	NA
ENSMUSG00000022261	50	52	NA	NA
ENSMUSG00000022262	53	39	NA	NA
ENSMUSG00000022263	88	51	26	3
ENSMUSG00000022265	92	47	NA	NA
ENSMUSG00000022269	NA	NA	12	6
ENSMUSG00000022270	77	79	NA	NA
ENSMUSG00000022272	81	95	78	95
ENSMUSG00000022280	80	27	NA	NA
ENSMUSG00000022283	3	89	NA	NA
ENSMUSG00000022285	75	53	NA	NA
ENSMUSG00000022286	45	59	NA	NA
ENSMUSG00000022288	NA	NA	32	54
ENSMUSG00000022292	87	1	76	32
ENSMUSG00000022295	56	64	NA	NA
ENSMUSG00000022296	69	68	4	29
ENSMUSG00000022297	77	59	NA	NA
ENSMUSG00000022299	NA	NA	94	98
ENSMUSG00000022300	82	69	NA	NA
ENSMUSG00000022303	NA	NA	59	50
ENSMUSG00000022304	3	46	NA	NA
ENSMUSG00000022305	NA	NA	95	98
ENSMUSG00000022306	50	7	NA	NA
ENSMUSG00000022307	85	96	NA	NA
ENSMUSG00000022309	1	14	99	82
ENSMUSG00000022311	NA	NA	47	4
ENSMUSG00000022312	19	59	NA	NA
ENSMUSG00000022313	NA	NA	72	73
ENSMUSG00000022314	87	24	NA	NA
ENSMUSG00000022315	NA	NA	21	27
ENSMUSG00000022321	20	50	NA	NA
ENSMUSG00000022322	95	49	NA	NA
ENSMUSG00000022323	75	96	NA	NA
ENSMUSG00000022324	96	99	NA	NA
ENSMUSG00000022325	NA	NA	14	81
ENSMUSG00000022329	63	37	NA	NA
ENSMUSG00000022330	12	8	12	65
ENSMUSG00000022332	92	79	NA	NA
ENSMUSG00000022335	NA	NA	42	28
ENSMUSG00000022336	43	93	NA	NA
ENSMUSG00000022337	28	98	NA	NA
ENSMUSG00000022338	86	9	88	28
ENSMUSG00000022339	33	91	NA	NA
ENSMUSG00000022340	NA	NA	44	79
ENSMUSG00000022342	NA	NA	38	9
ENSMUSG00000022346	93	53	NA	NA
ENSMUSG00000022350	NA	NA	96	82
ENSMUSG00000022351	96	83	NA	NA
ENSMUSG00000022353	69	32	80	92
ENSMUSG00000022358	12	76	86	90
ENSMUSG00000022359	NA	NA	93	99
ENSMUSG00000022360	NA	NA	99	96
ENSMUSG00000022364	NA	NA	19	12
ENSMUSG00000022365	97	42	NA	NA
ENSMUSG00000022366	0	39	NA	NA
ENSMUSG00000022367	56	50	NA	NA
ENSMUSG00000022369	37	31	NA	NA
ENSMUSG00000022370	51	85	36	61
ENSMUSG00000022371	54	75	53	19
ENSMUSG00000022372	23	47	NA	NA
ENSMUSG00000022375	15	3	NA	NA
ENSMUSG00000022376	53	16	NA	NA
ENSMUSG00000022377	63	70	98	99
ENSMUSG00000022378	90	26	98	56
ENSMUSG00000022382	22	24	NA	NA
ENSMUSG00000022383	21	61	NA	NA
ENSMUSG00000022385	86	18	NA	NA
ENSMUSG00000022386	NA	NA	93	27
ENSMUSG00000022387	33	17	13	69
ENSMUSG00000022389	67	75	NA	NA
ENSMUSG00000022390	NA	NA	86	73
ENSMUSG00000022391	89	78	NA	NA
ENSMUSG00000022394	NA	NA	20	81
ENSMUSG00000022400	37	31	7	40
ENSMUSG00000022401	NA	NA	88	94
ENSMUSG00000022403	7	55	74	86
ENSMUSG00000022404	77	96	NA	NA
ENSMUSG00000022407	88	85	NA	NA
ENSMUSG00000022408	53	52	NA	NA
ENSMUSG00000022412	NA	NA	58	31
ENSMUSG00000022414	42	53	NA	NA
ENSMUSG00000022415	95	90	NA	NA
ENSMUSG00000022419	48	88	58	94
ENSMUSG00000022420	82	11	NA	NA
ENSMUSG00000022421	8	7	99	5
ENSMUSG00000022422	NA	NA	40	55
ENSMUSG00000022425	42	26	3	1
ENSMUSG00000022426	57	6	NA	NA
ENSMUSG00000022428	63	69	NA	NA
ENSMUSG00000022429	48	54	NA	NA
ENSMUSG00000022431	66	12	NA	NA
ENSMUSG00000022432	4	3	NA	NA
ENSMUSG00000022433	6	1	0	7
ENSMUSG00000022434	56	65	NA	NA
ENSMUSG00000022435	33	1	NA	NA
ENSMUSG00000022436	84	8	NA	NA
ENSMUSG00000022437	30	93	25	81
ENSMUSG00000022438	53	77	98	23
ENSMUSG00000022439	42	44	NA	NA
ENSMUSG00000022440	91	98	NA	NA
ENSMUSG00000022441	NA	NA	28	68
ENSMUSG00000022442	48	72	72	10
ENSMUSG00000022443	85	27	84	4
ENSMUSG00000022445	2	19	NA	NA
ENSMUSG00000022449	NA	NA	9	19
ENSMUSG00000022450	6	93	NA	NA
ENSMUSG00000022451	94	9	NA	NA
ENSMUSG00000022452	20	18	NA	NA
ENSMUSG00000022453	37	80	NA	NA
ENSMUSG00000022454	33	59	NA	NA
ENSMUSG00000022455	NA	NA	46	1
ENSMUSG00000022456	36	0	61	10
ENSMUSG00000022462	62	78	36	97
ENSMUSG00000022463	92	14	NA	NA
ENSMUSG00000022464	33	38	NA	NA
ENSMUSG00000022466	74	58	NA	NA
ENSMUSG00000022468	0	4	NA	NA
ENSMUSG00000022469	45	30	87	51
ENSMUSG00000022471	76	82	NA	NA
ENSMUSG00000022472	54	37	NA	NA
ENSMUSG00000022474	81	24	NA	NA
ENSMUSG00000022475	88	60	NA	NA
ENSMUSG00000022476	40	46	NA	NA
ENSMUSG00000022477	75	38	NA	NA
ENSMUSG00000022479	76	99	NA	NA
ENSMUSG00000022483	10	50	NA	NA
ENSMUSG00000022484	NA	NA	96	86
ENSMUSG00000022485	NA	NA	58	31
ENSMUSG00000022487	NA	NA	45	67
ENSMUSG00000022488	21	0	NA	NA
ENSMUSG00000022489	70	9	NA	NA
ENSMUSG00000022490	50	6	NA	NA
ENSMUSG00000022491	16	2	NA	NA
ENSMUSG00000022494	NA	NA	27	82
ENSMUSG00000022496	52	48	NA	NA
ENSMUSG00000022498	71	76	8	1
ENSMUSG00000022500	51	59	33	30
ENSMUSG00000022501	15	19	NA	NA
ENSMUSG00000022503	60	84	44	88
ENSMUSG00000022504	32	48	77	43
ENSMUSG00000022505	94	88	NA	NA
ENSMUSG00000022507	NA	NA	87	92
ENSMUSG00000022508	97	58	NA	NA
ENSMUSG00000022510	24	4	27	62
ENSMUSG00000022512	2	52	NA	NA
ENSMUSG00000022514	39	2	1	41
ENSMUSG00000022515	24	76	NA	NA
ENSMUSG00000022516	73	71	NA	NA
ENSMUSG00000022517	NA	NA	89	91
ENSMUSG00000022518	NA	NA	11	66
ENSMUSG00000022519	NA	NA	83	90
ENSMUSG00000022521	65	67	94	95
ENSMUSG00000022523	18	64	48	59
ENSMUSG00000022525	9	29	52	6
ENSMUSG00000022526	NA	NA	89	89
ENSMUSG00000022528	95	77	NA	NA
ENSMUSG00000022529	NA	NA	20	59
ENSMUSG00000022533	72	45	80	18
ENSMUSG00000022534	40	46	NA	NA
ENSMUSG00000022536	49	23	NA	NA
ENSMUSG00000022537	NA	NA	80	82
ENSMUSG00000022538	89	71	NA	NA
ENSMUSG00000022540	72	53	NA	NA
ENSMUSG00000022542	NA	NA	39	15
ENSMUSG00000022543	NA	NA	52	57
ENSMUSG00000022544	59	27	NA	NA
ENSMUSG00000022545	7	49	7	62
ENSMUSG00000022546	91	66	3	64
ENSMUSG00000022548	2	4	17	32
ENSMUSG00000022550	NA	NA	88	58
ENSMUSG00000022551	26	94	NA	NA
ENSMUSG00000022552	40	67	NA	NA
ENSMUSG00000022553	1	91	NA	NA
ENSMUSG00000022554	61	74	75	5
ENSMUSG00000022555	55	76	NA	NA
ENSMUSG00000022556	32	18	17	78
ENSMUSG00000022557	91	89	NA	NA
ENSMUSG00000022558	69	15	6	41
ENSMUSG00000022559	65	70	NA	NA
ENSMUSG00000022560	47	18	13	10
ENSMUSG00000022561	37	40	NA	NA
ENSMUSG00000022562	85	89	NA	NA
ENSMUSG00000022564	74	82	NA	NA
ENSMUSG00000022565	50	19	51	1
ENSMUSG00000022568	46	93	NA	NA
ENSMUSG00000022570	66	84	NA	NA
ENSMUSG00000022571	76	87	NA	NA
ENSMUSG00000022574	NA	NA	29	36
ENSMUSG00000022575	NA	NA	82	75
ENSMUSG00000022577	27	49	NA	NA
ENSMUSG00000022579	NA	NA	74	18
ENSMUSG00000022580	64	28	NA	NA
ENSMUSG00000022583	41	79	NA	NA
ENSMUSG00000022586	11	2	NA	NA
ENSMUSG00000022587	NA	NA	70	82
ENSMUSG00000022589	15	33	NA	NA
ENSMUSG00000022594	35	93	NA	NA
ENSMUSG00000022595	NA	NA	28	48
ENSMUSG00000022596	32	34	NA	NA
ENSMUSG00000022598	4	56	NA	NA
ENSMUSG00000022601	NA	NA	56	74
ENSMUSG00000022602	26	88	NA	NA
ENSMUSG00000022603	NA	NA	42	47
ENSMUSG00000022604	NA	NA	46	31
ENSMUSG00000022607	1	11	NA	NA
ENSMUSG00000022610	93	97	NA	NA
ENSMUSG00000022613	16	7	NA	NA
ENSMUSG00000022614	NA	NA	90	29
ENSMUSG00000022619	46	9	29	32
ENSMUSG00000022620	92	98	NA	NA
ENSMUSG00000022621	NA	NA	95	73
ENSMUSG00000022622	50	38	NA	NA
ENSMUSG00000022623	19	28	NA	NA
ENSMUSG00000022629	29	40	80	9
ENSMUSG00000022634	88	8	NA	NA
ENSMUSG00000022635	NA	NA	12	99
ENSMUSG00000022636	17	39	17	98
ENSMUSG00000022637	NA	NA	86	58
ENSMUSG00000022639	NA	NA	95	73
ENSMUSG00000022641	89	57	96	94
ENSMUSG00000022650	66	24	NA	NA
ENSMUSG00000022652	62	18	NA	NA
ENSMUSG00000022656	18	18	39	45
ENSMUSG00000022657	56	30	NA	NA
ENSMUSG00000022658	62	73	NA	NA
ENSMUSG00000022659	30	63	54	43
ENSMUSG00000022661	47	82	NA	NA
ENSMUSG00000022663	9	98	NA	NA
ENSMUSG00000022664	20	13	NA	NA
ENSMUSG00000022665	96	88	NA	NA
ENSMUSG00000022667	57	6	13	8
ENSMUSG00000022668	2	35	51	56
ENSMUSG00000022671	69	44	NA	NA
ENSMUSG00000022672	19	39	NA	NA
ENSMUSG00000022673	97	62	NA	NA
ENSMUSG00000022674	57	59	57	87
ENSMUSG00000022676	83	99	89	99
ENSMUSG00000022677	59	80	NA	NA
ENSMUSG00000022678	95	25	NA	NA
ENSMUSG00000022679	44	39	NA	NA
ENSMUSG00000022680	45	31	NA	NA
ENSMUSG00000022681	89	89	NA	NA
ENSMUSG00000022682	80	79	66	59
ENSMUSG00000022683	31	46	NA	NA
ENSMUSG00000022684	73	69	NA	NA
ENSMUSG00000022685	69	69	NA	NA
ENSMUSG00000022686	88	26	NA	NA
ENSMUSG00000022687	15	94	NA	NA
ENSMUSG00000022696	33	34	NA	NA
ENSMUSG00000022698	NA	NA	69	82
ENSMUSG00000022701	9	59	17	17
ENSMUSG00000022702	49	30	NA	NA
ENSMUSG00000022704	69	25	NA	NA
ENSMUSG00000022705	47	26	NA	NA
ENSMUSG00000022706	33	22	NA	NA
ENSMUSG00000022707	18	39	NA	NA
ENSMUSG00000022708	88	28	96	24
ENSMUSG00000022710	49	49	95	63
ENSMUSG00000022711	71	22	19	35
ENSMUSG00000022715	11	21	NA	NA
ENSMUSG00000022718	36	16	8	55
ENSMUSG00000022721	87	21	19	24
ENSMUSG00000022722	41	83	NA	NA
ENSMUSG00000022723	9	63	NA	NA
ENSMUSG00000022724	90	26	NA	NA
ENSMUSG00000022738	NA	NA	26	53
ENSMUSG00000022742	73	35	29	31
ENSMUSG00000022744	33	80	NA	NA
ENSMUSG00000022747	22	47	23	32
ENSMUSG00000022748	NA	NA	23	83
ENSMUSG00000022749	43	84	70	0
ENSMUSG00000022750	70	87	NA	NA
ENSMUSG00000022751	79	91	NA	NA
ENSMUSG00000022752	52	71	14	19
ENSMUSG00000022753	NA	NA	2	44
ENSMUSG00000022754	84	98	NA	NA
ENSMUSG00000022756	42	49	NA	NA
ENSMUSG00000022757	70	69	NA	NA
ENSMUSG00000022758	32	83	85	95
ENSMUSG00000022759	NA	NA	78	41
ENSMUSG00000022760	34	72	NA	NA
ENSMUSG00000022761	27	30	NA	NA
ENSMUSG00000022762	75	5	NA	NA
ENSMUSG00000022763	NA	NA	16	53
ENSMUSG00000022765	20	55	NA	NA
ENSMUSG00000022766	2	9	NA	NA
ENSMUSG00000022768	NA	NA	71	64
ENSMUSG00000022769	94	49	NA	NA
ENSMUSG00000022770	88	91	94	98
ENSMUSG00000022771	11	82	56	3
ENSMUSG00000022772	NA	NA	70	86
ENSMUSG00000022773	15	25	NA	NA
ENSMUSG00000022774	93	40	NA	NA
ENSMUSG00000022779	72	19	NA	NA
ENSMUSG00000022780	61	60	NA	NA
ENSMUSG00000022781	62	8	NA	NA
ENSMUSG00000022783	13	10	NA	NA
ENSMUSG00000022787	NA	NA	85	77
ENSMUSG00000022788	55	23	78	6
ENSMUSG00000022789	87	13	NA	NA
ENSMUSG00000022790	NA	NA	81	44
ENSMUSG00000022791	47	85	NA	NA
ENSMUSG00000022792	NA	NA	88	95
ENSMUSG00000022793	34	64	NA	NA
ENSMUSG00000022797	95	99	20	40
ENSMUSG00000022798	NA	NA	15	34
ENSMUSG00000022799	51	11	97	90
ENSMUSG00000022800	41	74	79	25
ENSMUSG00000022801	NA	NA	91	90
ENSMUSG00000022802	NA	NA	41	36
ENSMUSG00000022803	92	19	NA	NA
ENSMUSG00000022805	53	38	88	40
ENSMUSG00000022807	52	53	NA	NA
ENSMUSG00000022808	1	96	NA	NA
ENSMUSG00000022809	18	16	NA	NA
ENSMUSG00000022811	59	54	41	27
ENSMUSG00000022812	84	57	83	88
ENSMUSG00000022814	50	89	NA	NA
ENSMUSG00000022816	94	99	NA	NA
ENSMUSG00000022817	79	17	NA	NA
ENSMUSG00000022820	NA	NA	35	2
ENSMUSG00000022821	47	42	23	94
ENSMUSG00000022822	54	2	24	22
ENSMUSG00000022824	12	30	NA	NA
ENSMUSG00000022827	38	62	NA	NA
ENSMUSG00000022828	NA	NA	81	48
ENSMUSG00000022831	68	28	NA	NA
ENSMUSG00000022832	14	23	NA	NA
ENSMUSG00000022833	NA	NA	88	20
ENSMUSG00000022836	85	30	NA	NA
ENSMUSG00000022837	NA	NA	86	57
ENSMUSG00000022838	74	0	NA	NA
ENSMUSG00000022840	NA	NA	36	74
ENSMUSG00000022843	80	23	NA	NA
ENSMUSG00000022844	90	69	NA	NA
ENSMUSG00000022847	60	34	NA	NA
ENSMUSG00000022848	NA	NA	87	92
ENSMUSG00000022849	NA	NA	9	18
ENSMUSG00000022853	17	40	NA	NA
ENSMUSG00000022855	1	76	60	46
ENSMUSG00000022856	50	23	NA	NA
ENSMUSG00000022857	38	2	NA	NA
ENSMUSG00000022858	NA	NA	27	9
ENSMUSG00000022860	2	43	NA	NA
ENSMUSG00000022861	16	2	NA	NA
ENSMUSG00000022864	12	64	85	16
ENSMUSG00000022865	62	2	2	64
ENSMUSG00000022867	46	87	NA	NA
ENSMUSG00000022868	69	32	NA	NA
ENSMUSG00000022871	74	84	NA	NA
ENSMUSG00000022875	5	5	NA	NA
ENSMUSG00000022876	12	68	NA	NA
ENSMUSG00000022877	64	11	NA	NA
ENSMUSG00000022878	67	53	NA	NA
ENSMUSG00000022881	84	97	NA	NA
ENSMUSG00000022883	86	88	36	34
ENSMUSG00000022885	63	97	NA	NA
ENSMUSG00000022886	8	64	NA	NA
ENSMUSG00000022887	33	99	NA	NA
ENSMUSG00000022889	79	80	NA	NA
ENSMUSG00000022890	25	81	NA	NA
ENSMUSG00000022892	72	93	76	63
ENSMUSG00000022893	81	96	NA	NA
ENSMUSG00000022894	61	99	27	99
ENSMUSG00000022895	60	98	NA	NA
ENSMUSG00000022897	3	22	NA	NA
ENSMUSG00000022898	59	49	54	82
ENSMUSG00000022899	15	45	92	91
ENSMUSG00000022900	59	26	NA	NA
ENSMUSG00000022901	30	8	NA	NA
ENSMUSG00000022905	82	50	NA	NA
ENSMUSG00000022906	73	14	NA	NA
ENSMUSG00000022911	NA	NA	72	90
ENSMUSG00000022912	13	95	NA	NA
ENSMUSG00000022913	54	74	NA	NA
ENSMUSG00000022914	29	61	19	83
ENSMUSG00000022931	54	33	NA	NA
ENSMUSG00000022935	7	81	58	62
ENSMUSG00000022938	2	57	NA	NA
ENSMUSG00000022941	38	13	NA	NA
ENSMUSG00000022945	98	90	3	19
ENSMUSG00000022946	87	96	NA	NA
ENSMUSG00000022947	92	87	NA	NA
ENSMUSG00000022948	32	41	NA	NA
ENSMUSG00000022949	NA	NA	53	76
ENSMUSG00000022951	75	71	NA	NA
ENSMUSG00000022952	6	45	95	59
ENSMUSG00000022956	72	70	NA	NA
ENSMUSG00000022957	67	76	2	69
ENSMUSG00000022960	59	3	NA	NA
ENSMUSG00000022961	60	58	94	90
ENSMUSG00000022962	51	97	NA	NA
ENSMUSG00000022964	68	85	NA	NA
ENSMUSG00000022965	28	55	NA	NA
ENSMUSG00000022967	41	68	30	64
ENSMUSG00000022969	38	62	NA	NA
ENSMUSG00000022971	17	21	74	94
ENSMUSG00000022972	30	12	NA	NA
ENSMUSG00000022973	NA	NA	91	86
ENSMUSG00000022974	55	60	NA	NA
ENSMUSG00000022978	98	28	NA	NA
ENSMUSG00000022982	NA	NA	98	87
ENSMUSG00000022983	53	13	NA	NA
ENSMUSG00000022986	20	17	NA	NA
ENSMUSG00000022991	59	21	NA	NA
ENSMUSG00000022992	NA	NA	43	51
ENSMUSG00000022993	NA	NA	40	40
ENSMUSG00000022994	79	53	NA	NA
ENSMUSG00000022995	13	96	63	84
ENSMUSG00000022996	50	62	NA	NA
ENSMUSG00000022997	41	39	NA	NA
ENSMUSG00000022999	52	51	NA	NA
ENSMUSG00000023000	23	47	NA	NA
ENSMUSG00000023007	82	19	NA	NA
ENSMUSG00000023008	89	90	NA	NA
ENSMUSG00000023009	88	12	NA	NA
ENSMUSG00000023010	55	33	NA	NA
ENSMUSG00000023011	NA	NA	61	47
ENSMUSG00000023013	38	30	NA	NA
ENSMUSG00000023015	99	82	NA	NA
ENSMUSG00000023017	NA	NA	69	38
ENSMUSG00000023018	78	13	NA	NA
ENSMUSG00000023019	88	27	NA	NA
ENSMUSG00000023020	79	95	NA	NA
ENSMUSG00000023021	59	13	25	55
ENSMUSG00000023022	66	97	72	97
ENSMUSG00000023025	NA	NA	92	48
ENSMUSG00000023026	32	57	NA	NA
ENSMUSG00000023027	77	25	NA	NA
ENSMUSG00000023030	14	51	72	34
ENSMUSG00000023031	95	83	NA	NA
ENSMUSG00000023032	11	72	17	0
ENSMUSG00000023033	38	6	27	18
ENSMUSG00000023034	92	30	NA	NA
ENSMUSG00000023036	NA	NA	85	95
ENSMUSG00000023039	70	21	NA	NA
ENSMUSG00000023041	56	11	NA	NA
ENSMUSG00000023043	44	31	NA	NA
ENSMUSG00000023044	73	79	NA	NA
ENSMUSG00000023045	36	0	NA	NA
ENSMUSG00000023046	94	95	NA	NA
ENSMUSG00000023047	1	76	64	75
ENSMUSG00000023048	98	74	NA	NA
ENSMUSG00000023050	66	92	NA	NA
ENSMUSG00000023055	NA	NA	15	97
ENSMUSG00000023057	54	48	NA	NA
ENSMUSG00000023064	39	41	NA	NA
ENSMUSG00000023066	52	71	81	19
ENSMUSG00000023067	7	84	NA	NA
ENSMUSG00000023068	63	44	96	97
ENSMUSG00000023070	69	37	NA	NA
ENSMUSG00000023072	5	77	NA	NA
ENSMUSG00000023073	3	37	37	42
ENSMUSG00000023074	62	14	NA	NA
ENSMUSG00000023075	78	26	NA	NA
ENSMUSG00000023078	8	50	NA	NA
ENSMUSG00000023079	59	62	NA	NA
ENSMUSG00000023084	NA	NA	23	71
ENSMUSG00000023087	81	87	NA	NA
ENSMUSG00000023088	62	8	NA	NA
ENSMUSG00000023089	38	96	NA	NA
ENSMUSG00000023092	76	81	36	51
ENSMUSG00000023094	8	16	NA	NA
ENSMUSG00000023104	74	88	8	4
ENSMUSG00000023106	4	38	8	15
ENSMUSG00000023110	64	98	NA	NA
ENSMUSG00000023118	NA	NA	70	36
ENSMUSG00000023122	4	27	NA	NA
ENSMUSG00000023132	27	59	NA	NA
ENSMUSG00000023140	12	17	NA	NA
ENSMUSG00000023143	NA	NA	76	56
ENSMUSG00000023147	NA	NA	91	93
ENSMUSG00000023150	87	90	NA	NA
ENSMUSG00000023151	NA	NA	24	9
ENSMUSG00000023153	NA	NA	60	5
ENSMUSG00000023156	13	79	NA	NA
ENSMUSG00000023169	9	54	0	40
ENSMUSG00000023170	12	81	NA	NA
ENSMUSG00000023175	15	84	NA	NA
ENSMUSG00000023176	32	74	NA	NA
ENSMUSG00000023185	0	27	NA	NA
ENSMUSG00000023186	92	93	NA	NA
ENSMUSG00000023191	81	92	NA	NA
ENSMUSG00000023192	NA	NA	30	43
ENSMUSG00000023206	0	5	NA	NA
ENSMUSG00000023210	NA	NA	17	43
ENSMUSG00000023216	31	0	NA	NA
ENSMUSG00000023224	80	46	NA	NA
ENSMUSG00000023232	NA	NA	92	89
ENSMUSG00000023235	44	17	27	5
ENSMUSG00000023236	58	55	NA	NA
ENSMUSG00000023243	60	95	NA	NA
ENSMUSG00000023247	3	71	NA	NA
ENSMUSG00000023249	86	97	NA	NA
ENSMUSG00000023257	1	49	NA	NA
ENSMUSG00000023259	68	4	NA	NA
ENSMUSG00000023262	20	72	NA	NA
ENSMUSG00000023263	29	45	NA	NA
ENSMUSG00000023266	53	71	NA	NA
ENSMUSG00000023267	96	66	NA	NA
ENSMUSG00000023272	89	0	NA	NA
ENSMUSG00000023274	13	24	NA	NA
ENSMUSG00000023277	84	59	NA	NA
ENSMUSG00000023279	10	72	39	25
ENSMUSG00000023289	45	16	NA	NA
ENSMUSG00000023307	88	85	NA	NA
ENSMUSG00000023330	93	12	NA	NA
ENSMUSG00000023333	44	24	NA	NA
ENSMUSG00000023336	68	39	NA	NA
ENSMUSG00000023341	0	30	NA	NA
ENSMUSG00000023345	NA	NA	83	38
ENSMUSG00000023348	38	89	NA	NA
ENSMUSG00000023349	14	3	NA	NA
ENSMUSG00000023350	NA	NA	30	22
ENSMUSG00000023353	23	68	NA	NA
ENSMUSG00000023367	33	74	NA	NA
ENSMUSG00000023387	NA	NA	29	22
ENSMUSG00000023391	18	86	NA	NA
ENSMUSG00000023393	48	4	20	34
ENSMUSG00000023403	19	61	NA	NA
ENSMUSG00000023411	10	58	NA	NA
ENSMUSG00000023433	56	41	NA	NA
ENSMUSG00000023439	71	8	NA	NA
ENSMUSG00000023443	51	23	NA	NA
ENSMUSG00000023456	74	26	NA	NA
ENSMUSG00000023460	79	92	30	60
ENSMUSG00000023467	13	70	NA	NA
ENSMUSG00000023484	59	25	NA	NA
ENSMUSG00000023495	70	56	NA	NA
ENSMUSG00000023505	99	80	NA	NA
ENSMUSG00000023571	78	75	NA	NA
ENSMUSG00000023572	97	95	NA	NA
ENSMUSG00000023707	53	54	NA	NA
ENSMUSG00000023723	82	74	NA	NA
ENSMUSG00000023737	15	45	NA	NA
ENSMUSG00000023755	41	27	25	32
ENSMUSG00000023764	7	76	47	27
ENSMUSG00000023781	25	10	NA	NA
ENSMUSG00000023791	73	82	NA	NA
ENSMUSG00000023795	NA	NA	14	78
ENSMUSG00000023800	72	97	NA	NA
ENSMUSG00000023805	11	81	NA	NA
ENSMUSG00000023806	NA	NA	94	87
ENSMUSG00000023809	NA	NA	21	86
ENSMUSG00000023826	3	54	NA	NA
ENSMUSG00000023827	NA	NA	65	63
ENSMUSG00000023828	36	36	NA	NA
ENSMUSG00000023829	57	57	NA	NA
ENSMUSG00000023830	82	98	NA	NA
ENSMUSG00000023832	99	24	NA	NA
ENSMUSG00000023845	NA	NA	96	95
ENSMUSG00000023852	59	48	19	26
ENSMUSG00000023868	55	39	21	31
ENSMUSG00000023873	70	39	NA	NA
ENSMUSG00000023882	57	52	NA	NA
ENSMUSG00000023883	98	54	97	48
ENSMUSG00000023885	30	96	NA	NA
ENSMUSG00000023886	90	99	NA	NA
ENSMUSG00000023892	52	4	NA	NA
ENSMUSG00000023902	NA	NA	15	5
ENSMUSG00000023904	75	92	NA	NA
ENSMUSG00000023905	52	91	NA	NA
ENSMUSG00000023906	29	59	NA	NA
ENSMUSG00000023908	59	66	NA	NA
ENSMUSG00000023909	46	73	NA	NA
ENSMUSG00000023911	85	20	NA	NA
ENSMUSG00000023912	NA	NA	48	56
ENSMUSG00000023913	52	74	NA	NA
ENSMUSG00000023914	45	52	85	64
ENSMUSG00000023915	44	15	NA	NA
ENSMUSG00000023918	NA	NA	46	59
ENSMUSG00000023919	76	56	NA	NA
ENSMUSG00000023921	27	74	NA	NA
ENSMUSG00000023923	NA	NA	58	12
ENSMUSG00000023926	43	8	NA	NA
ENSMUSG00000023927	9	9	0	21
ENSMUSG00000023930	36	16	NA	NA
ENSMUSG00000023932	48	3	NA	NA
ENSMUSG00000023935	NA	NA	49	18
ENSMUSG00000023938	NA	NA	58	72
ENSMUSG00000023939	14	52	NA	NA
ENSMUSG00000023940	NA	NA	87	28
ENSMUSG00000023942	36	27	NA	NA
ENSMUSG00000023943	2	2	NA	NA
ENSMUSG00000023944	49	12	NA	NA
ENSMUSG00000023945	5	83	NA	NA
ENSMUSG00000023947	6	47	79	58
ENSMUSG00000023949	2	40	NA	NA
ENSMUSG00000023951	91	31	NA	NA
ENSMUSG00000023952	98	16	21	42
ENSMUSG00000023953	77	41	66	67
ENSMUSG00000023959	NA	NA	85	54
ENSMUSG00000023960	80	91	NA	NA
ENSMUSG00000023961	37	58	18	81
ENSMUSG00000023963	75	71	NA	NA
ENSMUSG00000023964	0	7	NA	NA
ENSMUSG00000023965	NA	NA	84	92
ENSMUSG00000023966	76	56	NA	NA
ENSMUSG00000023967	84	74	NA	NA
ENSMUSG00000023968	44	7	NA	NA
ENSMUSG00000023971	93	72	NA	NA
ENSMUSG00000023972	88	58	NA	NA
ENSMUSG00000023973	66	61	NA	NA
ENSMUSG00000023977	91	11	59	13
ENSMUSG00000023978	65	15	NA	NA
ENSMUSG00000023979	7	58	NA	NA
ENSMUSG00000023980	58	65	NA	NA
ENSMUSG00000023987	5	32	NA	NA
ENSMUSG00000023988	84	95	NA	NA
ENSMUSG00000023990	85	2	NA	NA
ENSMUSG00000023991	NA	NA	19	10
ENSMUSG00000023992	25	57	NA	NA
ENSMUSG00000023993	31	46	NA	NA
ENSMUSG00000023994	26	42	NA	NA
ENSMUSG00000023995	60	65	NA	NA
ENSMUSG00000023999	NA	NA	82	44
ENSMUSG00000024002	73	42	NA	NA
ENSMUSG00000024006	89	43	22	23
ENSMUSG00000024007	NA	NA	98	78
ENSMUSG00000024008	NA	NA	27	52
ENSMUSG00000024011	33	43	NA	NA
ENSMUSG00000024012	79	5	NA	NA
ENSMUSG00000024013	57	38	NA	NA
ENSMUSG00000024014	51	82	NA	NA
ENSMUSG00000024018	58	24	22	81
ENSMUSG00000024026	67	53	84	49
ENSMUSG00000024027	25	1	61	21
ENSMUSG00000024028	24	20	NA	NA
ENSMUSG00000024029	37	16	NA	NA
ENSMUSG00000024030	65	8	58	0
ENSMUSG00000024032	44	42	NA	NA
ENSMUSG00000024033	58	59	NA	NA
ENSMUSG00000024034	53	31	NA	NA
ENSMUSG00000024036	68	58	NA	NA
ENSMUSG00000024037	78	98	25	97
ENSMUSG00000024038	51	83	NA	NA
ENSMUSG00000024039	56	72	NA	NA
ENSMUSG00000024041	77	7	NA	NA
ENSMUSG00000024042	7	31	NA	NA
ENSMUSG00000024043	NA	NA	35	97
ENSMUSG00000024044	92	80	80	28
ENSMUSG00000024045	76	8	NA	NA
ENSMUSG00000024048	3	57	NA	NA
ENSMUSG00000024049	99	6	NA	NA
ENSMUSG00000024050	53	54	65	43
ENSMUSG00000024052	77	94	48	62
ENSMUSG00000024053	NA	NA	88	99
ENSMUSG00000024054	NA	NA	1	24
ENSMUSG00000024055	10	41	NA	NA
ENSMUSG00000024056	84	26	NA	NA
ENSMUSG00000024059	22	11	69	27
ENSMUSG00000024063	19	98	96	62
ENSMUSG00000024064	NA	NA	52	9
ENSMUSG00000024065	43	97	NA	NA
ENSMUSG00000024066	42	91	NA	NA
ENSMUSG00000024067	74	18	NA	NA
ENSMUSG00000024068	61	37	NA	NA
ENSMUSG00000024069	39	62	NA	NA
ENSMUSG00000024070	86	3	15	40
ENSMUSG00000024072	76	98	NA	NA
ENSMUSG00000024073	15	22	33	67
ENSMUSG00000024074	48	88	NA	NA
ENSMUSG00000024076	9	61	NA	NA
ENSMUSG00000024077	45	20	94	87
ENSMUSG00000024078	5	86	NA	NA
ENSMUSG00000024079	34	30	71	89
ENSMUSG00000024081	72	1	NA	NA
ENSMUSG00000024082	37	52	NA	NA
ENSMUSG00000024083	52	49	26	90
ENSMUSG00000024084	47	81	NA	NA
ENSMUSG00000024085	90	93	NA	NA
ENSMUSG00000024087	98	43	NA	NA
ENSMUSG00000024088	NA	NA	47	31
ENSMUSG00000024091	84	26	NA	NA
ENSMUSG00000024095	5	22	NA	NA
ENSMUSG00000024096	67	10	NA	NA
ENSMUSG00000024097	67	78	NA	NA
ENSMUSG00000024098	91	90	NA	NA
ENSMUSG00000024099	76	87	NA	NA
ENSMUSG00000024101	29	16	NA	NA
ENSMUSG00000024104	10	85	NA	NA
ENSMUSG00000024105	NA	NA	65	80
ENSMUSG00000024107	1	28	NA	NA
ENSMUSG00000024109	NA	NA	81	10
ENSMUSG00000024112	11	38	NA	NA
ENSMUSG00000024114	63	18	9	72
ENSMUSG00000024116	23	45	NA	NA
ENSMUSG00000024118	NA	NA	47	75
ENSMUSG00000024120	39	2	NA	NA
ENSMUSG00000024122	41	85	88	91
ENSMUSG00000024124	12	8	NA	NA
ENSMUSG00000024127	94	89	10	10
ENSMUSG00000024130	39	91	NA	NA
ENSMUSG00000024131	32	15	NA	NA
ENSMUSG00000024132	83	79	NA	NA
ENSMUSG00000024134	35	2	NA	NA
ENSMUSG00000024135	NA	NA	63	33
ENSMUSG00000024136	61	68	NA	NA
ENSMUSG00000024137	81	72	75	56
ENSMUSG00000024140	22	35	7	61
ENSMUSG00000024142	4	22	NA	NA
ENSMUSG00000024143	36	94	NA	NA
ENSMUSG00000024145	71	47	NA	NA
ENSMUSG00000024146	31	96	NA	NA
ENSMUSG00000024150	82	68	NA	NA
ENSMUSG00000024151	77	82	NA	NA
ENSMUSG00000024154	67	19	NA	NA
ENSMUSG00000024155	NA	NA	55	88
ENSMUSG00000024158	95	25	NA	NA
ENSMUSG00000024160	55	80	NA	NA
ENSMUSG00000024163	52	97	58	22
ENSMUSG00000024164	76	29	NA	NA
ENSMUSG00000024165	NA	NA	99	96
ENSMUSG00000024168	NA	NA	80	56
ENSMUSG00000024169	56	88	NA	NA
ENSMUSG00000024170	4	84	NA	NA
ENSMUSG00000024171	56	29	NA	NA
ENSMUSG00000024172	NA	NA	60	61
ENSMUSG00000024173	60	52	NA	NA
ENSMUSG00000024174	NA	NA	13	25
ENSMUSG00000024175	NA	NA	76	70
ENSMUSG00000024176	NA	NA	97	47
ENSMUSG00000024177	39	82	NA	NA
ENSMUSG00000024180	32	8	NA	NA
ENSMUSG00000024181	44	91	NA	NA
ENSMUSG00000024182	37	75	NA	NA
ENSMUSG00000024184	NA	NA	8	66
ENSMUSG00000024186	29	38	NA	NA
ENSMUSG00000024187	NA	NA	88	93
ENSMUSG00000024188	4	82	65	55
ENSMUSG00000024190	95	93	57	53
ENSMUSG00000024191	14	47	NA	NA
ENSMUSG00000024193	85	69	NA	NA
ENSMUSG00000024194	21	21	NA	NA
ENSMUSG00000024197	74	6	NA	NA
ENSMUSG00000024201	16	71	NA	NA
ENSMUSG00000024206	46	2	40	10
ENSMUSG00000024207	NA	NA	40	38
ENSMUSG00000024208	58	40	NA	NA
ENSMUSG00000024209	NA	NA	2	37
ENSMUSG00000024211	4	11	NA	NA
ENSMUSG00000024212	76	88	NA	NA
ENSMUSG00000024213	58	1	NA	NA
ENSMUSG00000024215	51	55	NA	NA
ENSMUSG00000024217	NA	NA	63	34
ENSMUSG00000024218	50	62	NA	NA
ENSMUSG00000024219	10	22	NA	NA
ENSMUSG00000024220	NA	NA	41	63
ENSMUSG00000024222	75	80	0	8
ENSMUSG00000024223	25	35	NA	NA
ENSMUSG00000024225	63	48	NA	NA
ENSMUSG00000024227	58	24	NA	NA
ENSMUSG00000024228	NA	NA	3	32
ENSMUSG00000024231	71	62	NA	NA
ENSMUSG00000024232	2	1	NA	NA
ENSMUSG00000024233	3	13	NA	NA
ENSMUSG00000024234	NA	NA	42	88
ENSMUSG00000024235	12	38	NA	NA
ENSMUSG00000024236	7	43	NA	NA
ENSMUSG00000024238	60	32	0	10
ENSMUSG00000024240	40	20	NA	NA
ENSMUSG00000024241	2	40	93	10
ENSMUSG00000024242	77	57	NA	NA
ENSMUSG00000024245	NA	NA	6	49
ENSMUSG00000024246	NA	NA	30	31
ENSMUSG00000024247	39	49	NA	NA
ENSMUSG00000024251	NA	NA	59	32
ENSMUSG00000024253	NA	NA	70	99
ENSMUSG00000024254	12	65	NA	NA
ENSMUSG00000024256	17	56	50	63
ENSMUSG00000024258	70	6	NA	NA
ENSMUSG00000024259	28	68	NA	NA
ENSMUSG00000024260	NA	NA	97	79
ENSMUSG00000024261	27	50	NA	NA
ENSMUSG00000024266	NA	NA	45	25
ENSMUSG00000024268	17	43	NA	NA
ENSMUSG00000024269	79	53	52	78
ENSMUSG00000024270	83	40	NA	NA
ENSMUSG00000024271	80	24	NA	NA
ENSMUSG00000024276	45	53	31	71
ENSMUSG00000024277	98	63	NA	NA
ENSMUSG00000024283	71	69	13	43
ENSMUSG00000024286	NA	NA	87	97
ENSMUSG00000024287	20	79	40	66
ENSMUSG00000024290	94	7	12	67
ENSMUSG00000024292	11	27	NA	NA
ENSMUSG00000024293	56	6	NA	NA
ENSMUSG00000024294	34	44	97	90
ENSMUSG00000024295	NA	NA	34	55
ENSMUSG00000024298	64	52	87	36
ENSMUSG00000024299	30	78	13	34
ENSMUSG00000024300	52	54	36	9
ENSMUSG00000024302	62	68	NA	NA
ENSMUSG00000024304	81	95	32	35
ENSMUSG00000024308	99	89	NA	NA
ENSMUSG00000024309	74	94	63	92
ENSMUSG00000024312	60	88	59	54
ENSMUSG00000024313	13	54	NA	NA
ENSMUSG00000024317	50	52	NA	NA
ENSMUSG00000024319	83	73	NA	NA
ENSMUSG00000024325	7	79	NA	NA
ENSMUSG00000024330	20	27	NA	NA
ENSMUSG00000024331	37	36	NA	NA
ENSMUSG00000024334	11	57	NA	NA
ENSMUSG00000024335	14	41	NA	NA
ENSMUSG00000024338	71	17	NA	NA
ENSMUSG00000024339	4	39	NA	NA
ENSMUSG00000024340	NA	NA	6	11
ENSMUSG00000024346	5	88	NA	NA
ENSMUSG00000024347	NA	NA	39	6
ENSMUSG00000024349	20	6	95	97
ENSMUSG00000024350	66	98	72	83
ENSMUSG00000024352	NA	NA	92	14
ENSMUSG00000024354	48	29	NA	NA
ENSMUSG00000024357	93	49	NA	NA
ENSMUSG00000024359	85	46	NA	NA
ENSMUSG00000024360	67	28	NA	NA
ENSMUSG00000024365	52	27	NA	NA
ENSMUSG00000024366	3	42	NA	NA
ENSMUSG00000024369	9	15	NA	NA
ENSMUSG00000024370	66	35	11	66
ENSMUSG00000024371	26	65	NA	NA
ENSMUSG00000024376	4	56	NA	NA
ENSMUSG00000024378	98	21	99	92
ENSMUSG00000024379	68	21	NA	NA
ENSMUSG00000024381	57	71	66	72
ENSMUSG00000024382	44	61	NA	NA
ENSMUSG00000024383	78	32	77	16
ENSMUSG00000024384	NA	NA	26	72
ENSMUSG00000024386	38	6	NA	NA
ENSMUSG00000024387	12	82	NA	NA
ENSMUSG00000024388	37	57	NA	NA
ENSMUSG00000024391	24	12	NA	NA
ENSMUSG00000024392	41	59	NA	NA
ENSMUSG00000024393	80	59	86	62
ENSMUSG00000024395	79	42	NA	NA
ENSMUSG00000024397	12	66	NA	NA
ENSMUSG00000024400	69	55	40	14
ENSMUSG00000024401	7	31	NA	NA
ENSMUSG00000024403	19	25	NA	NA
ENSMUSG00000024404	84	54	82	93
ENSMUSG00000024406	1	60	NA	NA
ENSMUSG00000024409	14	51	NA	NA
ENSMUSG00000024410	24	88	NA	NA
ENSMUSG00000024411	34	72	17	1
ENSMUSG00000024413	94	93	NA	NA
ENSMUSG00000024420	8	13	73	75
ENSMUSG00000024421	29	43	NA	NA
ENSMUSG00000024422	87	80	NA	NA
ENSMUSG00000024423	93	93	59	37
ENSMUSG00000024424	10	40	9	8
ENSMUSG00000024425	69	48	NA	NA
ENSMUSG00000024426	NA	NA	59	83
ENSMUSG00000024427	60	14	24	60
ENSMUSG00000024429	46	3	NA	NA
ENSMUSG00000024430	16	16	NA	NA
ENSMUSG00000024431	63	84	42	19
ENSMUSG00000024440	59	42	21	49
ENSMUSG00000024442	63	22	NA	NA
ENSMUSG00000024446	63	33	NA	NA
ENSMUSG00000024448	44	30	NA	NA
ENSMUSG00000024451	29	15	31	39
ENSMUSG00000024454	58	68	NA	NA
ENSMUSG00000024456	65	77	25	78
ENSMUSG00000024457	25	2	NA	NA
ENSMUSG00000024462	23	89	NA	NA
ENSMUSG00000024471	90	55	NA	NA
ENSMUSG00000024472	NA	NA	57	38
ENSMUSG00000024474	95	19	NA	NA
ENSMUSG00000024477	NA	NA	86	52
ENSMUSG00000024479	36	35	NA	NA
ENSMUSG00000024481	NA	NA	32	71
ENSMUSG00000024483	20	40	90	76
ENSMUSG00000024485	NA	NA	21	30
ENSMUSG00000024486	87	81	NA	NA
ENSMUSG00000024487	62	84	2	43
ENSMUSG00000024491	NA	NA	96	52
ENSMUSG00000024493	97	92	NA	NA
ENSMUSG00000024497	47	58	NA	NA
ENSMUSG00000024498	67	3	NA	NA
ENSMUSG00000024500	33	15	89	70
ENSMUSG00000024501	98	96	NA	NA
ENSMUSG00000024502	NA	NA	29	12
ENSMUSG00000024503	28	44	NA	NA
ENSMUSG00000024505	NA	NA	23	15
ENSMUSG00000024507	62	12	NA	NA
ENSMUSG00000024510	2	44	NA	NA
ENSMUSG00000024511	9	12	82	86
ENSMUSG00000024512	NA	NA	99	95
ENSMUSG00000024513	45	80	NA	NA
ENSMUSG00000024515	29	54	NA	NA
ENSMUSG00000024516	16	97	15	75
ENSMUSG00000024517	36	11	NA	NA
ENSMUSG00000024518	43	10	NA	NA
ENSMUSG00000024519	52	64	NA	NA
ENSMUSG00000024521	92	66	NA	NA
ENSMUSG00000024524	NA	NA	12	25
ENSMUSG00000024525	58	36	NA	NA
ENSMUSG00000024526	11	31	NA	NA
ENSMUSG00000024527	77	8	83	35
ENSMUSG00000024528	74	53	NA	NA
ENSMUSG00000024529	94	98	NA	NA
ENSMUSG00000024530	31	43	NA	NA
ENSMUSG00000024532	NA	NA	16	44
ENSMUSG00000024533	NA	NA	80	32
ENSMUSG00000024534	17	45	NA	NA
ENSMUSG00000024535	NA	NA	93	94
ENSMUSG00000024537	92	91	80	30
ENSMUSG00000024538	10	73	NA	NA
ENSMUSG00000024539	86	36	NA	NA
ENSMUSG00000024542	NA	NA	95	2
ENSMUSG00000024544	65	56	NA	NA
ENSMUSG00000024546	NA	NA	60	60
ENSMUSG00000024552	27	14	NA	NA
ENSMUSG00000024553	12	30	21	8
ENSMUSG00000024556	17	77	82	23
ENSMUSG00000024558	NA	NA	59	70
ENSMUSG00000024560	54	57	NA	NA
ENSMUSG00000024561	88	62	NA	NA
ENSMUSG00000024563	52	75	NA	NA
ENSMUSG00000024565	29	28	48	80
ENSMUSG00000024566	44	62	46	18
ENSMUSG00000024570	NA	NA	23	71
ENSMUSG00000024571	38	62	NA	NA
ENSMUSG00000024575	3	25	NA	NA
ENSMUSG00000024576	71	89	70	70
ENSMUSG00000024578	24	60	NA	NA
ENSMUSG00000024579	NA	NA	31	52
ENSMUSG00000024580	73	75	38	34
ENSMUSG00000024581	94	34	78	17
ENSMUSG00000024583	83	2	NA	NA
ENSMUSG00000024587	93	88	NA	NA
ENSMUSG00000024588	23	74	NA	NA
ENSMUSG00000024589	66	66	88	32
ENSMUSG00000024590	97	88	NA	NA
ENSMUSG00000024592	NA	NA	59	59
ENSMUSG00000024593	NA	NA	99	88
ENSMUSG00000024594	74	5	91	98
ENSMUSG00000024597	5	43	2	16
ENSMUSG00000024598	64	31	81	74
ENSMUSG00000024601	91	87	NA	NA
ENSMUSG00000024603	51	79	38	95
ENSMUSG00000024604	75	74	NA	NA
ENSMUSG00000024608	37	65	NA	NA
ENSMUSG00000024613	89	92	NA	NA
ENSMUSG00000024614	NA	NA	55	60
ENSMUSG00000024617	82	66	38	50
ENSMUSG00000024619	13	30	NA	NA
ENSMUSG00000024620	98	95	NA	NA
ENSMUSG00000024621	64	61	NA	NA
ENSMUSG00000024622	5	66	75	51
ENSMUSG00000024639	7	15	98	97
ENSMUSG00000024640	89	98	NA	NA
ENSMUSG00000024642	27	31	75	38
ENSMUSG00000024644	90	97	NA	NA
ENSMUSG00000024646	98	99	NA	NA
ENSMUSG00000024647	NA	NA	50	40
ENSMUSG00000024650	46	20	NA	NA
ENSMUSG00000024653	16	7	NA	NA
ENSMUSG00000024654	85	20	4	44
ENSMUSG00000024659	97	90	NA	NA
ENSMUSG00000024660	98	95	16	37
ENSMUSG00000024661	49	62	NA	NA
ENSMUSG00000024663	81	76	95	92
ENSMUSG00000024664	97	78	93	13
ENSMUSG00000024665	99	79	NA	NA
ENSMUSG00000024666	NA	NA	92	54
ENSMUSG00000024667	8	1	NA	NA
ENSMUSG00000024668	31	88	NA	NA
ENSMUSG00000024669	65	22	NA	NA
ENSMUSG00000024670	29	34	NA	NA
ENSMUSG00000024672	64	9	45	34
ENSMUSG00000024673	57	72	NA	NA
ENSMUSG00000024675	27	36	NA	NA
ENSMUSG00000024677	11	4	9	79
ENSMUSG00000024678	39	4	NA	NA
ENSMUSG00000024679	21	3	NA	NA
ENSMUSG00000024680	23	75	17	16
ENSMUSG00000024681	53	53	NA	NA
ENSMUSG00000024682	7	1	NA	NA
ENSMUSG00000024683	72	86	NA	NA
ENSMUSG00000024687	34	70	NA	NA
ENSMUSG00000024691	94	92	NA	NA
ENSMUSG00000024694	3	54	NA	NA
ENSMUSG00000024695	2	66	7	5
ENSMUSG00000024696	14	36	NA	NA
ENSMUSG00000024697	42	65	39	4
ENSMUSG00000024712	53	68	44	56
ENSMUSG00000024713	28	20	67	29
ENSMUSG00000024725	94	94	30	9
ENSMUSG00000024727	41	3	41	46
ENSMUSG00000024728	NA	NA	20	68
ENSMUSG00000024729	NA	NA	72	9
ENSMUSG00000024730	50	8	NA	NA
ENSMUSG00000024731	11	9	NA	NA
ENSMUSG00000024732	99	95	95	71
ENSMUSG00000024734	47	75	NA	NA
ENSMUSG00000024735	77	93	89	53
ENSMUSG00000024736	68	34	NA	NA
ENSMUSG00000024737	16	50	NA	NA
ENSMUSG00000024738	54	24	NA	NA
ENSMUSG00000024740	37	77	27	79
ENSMUSG00000024742	87	85	NA	NA
ENSMUSG00000024743	59	40	7	68
ENSMUSG00000024747	50	0	NA	NA
ENSMUSG00000024749	36	36	NA	NA
ENSMUSG00000024750	96	85	89	87
ENSMUSG00000024754	81	98	NA	NA
ENSMUSG00000024757	46	16	NA	NA
ENSMUSG00000024758	91	16	NA	NA
ENSMUSG00000024759	13	77	94	57
ENSMUSG00000024764	70	84	33	4
ENSMUSG00000024766	NA	NA	68	41
ENSMUSG00000024767	86	31	NA	NA
ENSMUSG00000024768	55	4	NA	NA
ENSMUSG00000024769	NA	NA	90	92
ENSMUSG00000024770	NA	NA	41	59
ENSMUSG00000024771	NA	NA	57	79
ENSMUSG00000024772	93	96	NA	NA
ENSMUSG00000024773	65	49	NA	NA
ENSMUSG00000024774	12	82	NA	NA
ENSMUSG00000024776	7	65	NA	NA
ENSMUSG00000024777	62	5	NA	NA
ENSMUSG00000024778	63	6	NA	NA
ENSMUSG00000024780	10	45	28	50
ENSMUSG00000024781	86	97	NA	NA
ENSMUSG00000024782	51	2	NA	NA
ENSMUSG00000024784	33	43	NA	NA
ENSMUSG00000024785	6	52	NA	NA
ENSMUSG00000024786	NA	NA	41	24
ENSMUSG00000024787	43	72	NA	NA
ENSMUSG00000024789	63	7	NA	NA
ENSMUSG00000024790	29	90	NA	NA
ENSMUSG00000024791	99	94	NA	NA
ENSMUSG00000024792	71	27	NA	NA
ENSMUSG00000024793	49	51	NA	NA
ENSMUSG00000024795	NA	NA	97	61
ENSMUSG00000024797	NA	NA	88	85
ENSMUSG00000024798	80	61	70	23
ENSMUSG00000024799	95	93	NA	NA
ENSMUSG00000024800	53	41	NA	NA
ENSMUSG00000024803	99	35	NA	NA
ENSMUSG00000024805	NA	NA	55	32
ENSMUSG00000024806	NA	NA	12	21
ENSMUSG00000024807	30	58	11	96
ENSMUSG00000024810	35	10	NA	NA
ENSMUSG00000024811	92	77	97	16
ENSMUSG00000024812	69	98	NA	NA
ENSMUSG00000024815	56	24	NA	NA
ENSMUSG00000024816	83	63	NA	NA
ENSMUSG00000024817	NA	NA	93	93
ENSMUSG00000024818	48	60	NA	NA
ENSMUSG00000024824	34	29	NA	NA
ENSMUSG00000024826	28	71	57	68
ENSMUSG00000024827	36	53	NA	NA
ENSMUSG00000024829	NA	NA	87	42
ENSMUSG00000024830	58	74	NA	NA
ENSMUSG00000024831	46	37	NA	NA
ENSMUSG00000024833	61	86	55	31
ENSMUSG00000024837	6	45	NA	NA
ENSMUSG00000024841	NA	NA	95	76
ENSMUSG00000024842	54	58	NA	NA
ENSMUSG00000024843	93	92	57	91
ENSMUSG00000024844	50	65	NA	NA
ENSMUSG00000024845	42	72	NA	NA
ENSMUSG00000024846	94	94	NA	NA
ENSMUSG00000024847	21	29	NA	NA
ENSMUSG00000024851	95	73	NA	NA
ENSMUSG00000024853	72	87	61	72
ENSMUSG00000024855	85	18	NA	NA
ENSMUSG00000024856	92	93	34	58
ENSMUSG00000024857	57	65	NA	NA
ENSMUSG00000024858	28	14	NA	NA
ENSMUSG00000024862	67	58	NA	NA
ENSMUSG00000024863	47	40	NA	NA
ENSMUSG00000024866	43	82	NA	NA
ENSMUSG00000024867	43	69	NA	NA
ENSMUSG00000024868	4	37	1	92
ENSMUSG00000024870	67	29	NA	NA
ENSMUSG00000024873	9	75	NA	NA
ENSMUSG00000024875	0	11	NA	NA
ENSMUSG00000024878	79	85	NA	NA
ENSMUSG00000024883	91	99	NA	NA
ENSMUSG00000024885	41	21	NA	NA
ENSMUSG00000024887	64	26	78	23
ENSMUSG00000024891	28	92	NA	NA
ENSMUSG00000024892	18	80	7	88
ENSMUSG00000024896	54	73	NA	NA
ENSMUSG00000024897	NA	NA	91	44
ENSMUSG00000024899	14	63	NA	NA
ENSMUSG00000024900	72	88	NA	NA
ENSMUSG00000024902	16	80	NA	NA
ENSMUSG00000024903	66	38	NA	NA
ENSMUSG00000024905	43	42	64	9
ENSMUSG00000024906	91	0	NA	NA
ENSMUSG00000024907	24	51	NA	NA
ENSMUSG00000024908	66	63	75	0
ENSMUSG00000024909	98	76	NA	NA
ENSMUSG00000024910	87	97	NA	NA
ENSMUSG00000024911	74	11	NA	NA
ENSMUSG00000024912	76	96	NA	NA
ENSMUSG00000024913	93	66	NA	NA
ENSMUSG00000024914	35	39	NA	NA
ENSMUSG00000024921	32	14	NA	NA
ENSMUSG00000024922	5	29	NA	NA
ENSMUSG00000024924	99	96	82	1
ENSMUSG00000024925	90	23	NA	NA
ENSMUSG00000024926	NA	NA	66	16
ENSMUSG00000024927	44	43	NA	NA
ENSMUSG00000024935	55	28	NA	NA
ENSMUSG00000024936	80	78	NA	NA
ENSMUSG00000024937	49	61	NA	NA
ENSMUSG00000024940	41	58	63	19
ENSMUSG00000024941	42	47	NA	NA
ENSMUSG00000024942	96	57	NA	NA
ENSMUSG00000024943	10	83	NA	NA
ENSMUSG00000024944	85	13	93	22
ENSMUSG00000024947	90	49	NA	NA
ENSMUSG00000024948	41	30	38	7
ENSMUSG00000024949	88	93	85	90
ENSMUSG00000024953	82	14	NA	NA
ENSMUSG00000024955	21	60	NA	NA
ENSMUSG00000024957	35	51	NA	NA
ENSMUSG00000024958	NA	NA	78	85
ENSMUSG00000024959	79	41	NA	NA
ENSMUSG00000024960	73	39	NA	NA
ENSMUSG00000024962	88	51	NA	NA
ENSMUSG00000024963	87	22	NA	NA
ENSMUSG00000024965	1	45	68	32
ENSMUSG00000024966	3	84	NA	NA
ENSMUSG00000024968	81	9	NA	NA
ENSMUSG00000024969	73	57	NA	NA
ENSMUSG00000024970	NA	NA	46	13
ENSMUSG00000024972	1	56	NA	NA
ENSMUSG00000024973	NA	NA	36	67
ENSMUSG00000024974	85	93	NA	NA
ENSMUSG00000024975	95	91	NA	NA
ENSMUSG00000024976	65	0	NA	NA
ENSMUSG00000024978	18	82	NA	NA
ENSMUSG00000024979	54	27	NA	NA
ENSMUSG00000024981	90	78	NA	NA
ENSMUSG00000024982	NA	NA	11	80
ENSMUSG00000024983	35	36	81	52
ENSMUSG00000024985	35	40	NA	NA
ENSMUSG00000024986	50	66	NA	NA
ENSMUSG00000024987	65	0	NA	NA
ENSMUSG00000024989	99	7	NA	NA
ENSMUSG00000024990	88	49	NA	NA
ENSMUSG00000024991	10	95	NA	NA
ENSMUSG00000024992	32	6	NA	NA
ENSMUSG00000024993	34	78	NA	NA
ENSMUSG00000024997	93	61	NA	NA
ENSMUSG00000024998	23	66	NA	NA
ENSMUSG00000024999	73	68	50	41
ENSMUSG00000025001	74	33	48	35
ENSMUSG00000025002	8	32	NA	NA
ENSMUSG00000025003	50	35	NA	NA
ENSMUSG00000025006	96	53	21	71
ENSMUSG00000025007	94	81	NA	NA
ENSMUSG00000025008	26	10	NA	NA
ENSMUSG00000025010	51	74	NA	NA
ENSMUSG00000025013	24	7	NA	NA
ENSMUSG00000025014	5	76	NA	NA
ENSMUSG00000025016	77	14	85	62
ENSMUSG00000025017	60	58	11	29
ENSMUSG00000025019	2	48	5	18
ENSMUSG00000025020	23	44	NA	NA
ENSMUSG00000025024	91	83	4	17
ENSMUSG00000025025	59	96	NA	NA
ENSMUSG00000025026	45	65	NA	NA
ENSMUSG00000025027	65	19	NA	NA
ENSMUSG00000025034	42	48	NA	NA
ENSMUSG00000025035	80	73	NA	NA
ENSMUSG00000025036	77	16	6	95
ENSMUSG00000025037	81	86	91	77
ENSMUSG00000025038	NA	NA	20	20
ENSMUSG00000025040	84	52	NA	NA
ENSMUSG00000025041	90	81	82	49
ENSMUSG00000025043	NA	NA	5	76
ENSMUSG00000025044	22	18	NA	NA
ENSMUSG00000025047	NA	NA	31	78
ENSMUSG00000025049	NA	NA	87	34
ENSMUSG00000025050	92	32	NA	NA
ENSMUSG00000025051	13	42	NA	NA
ENSMUSG00000025056	70	66	NA	NA
ENSMUSG00000025058	NA	NA	52	44
ENSMUSG00000025059	19	37	36	65
ENSMUSG00000025060	9	86	NA	NA
ENSMUSG00000025064	65	59	NA	NA
ENSMUSG00000025066	41	78	NA	NA
ENSMUSG00000025068	91	96	NA	NA
ENSMUSG00000025069	NA	NA	90	64
ENSMUSG00000025075	62	43	NA	NA
ENSMUSG00000025076	56	73	NA	NA
ENSMUSG00000025077	12	81	41	62
ENSMUSG00000025078	NA	NA	15	96
ENSMUSG00000025081	14	57	NA	NA
ENSMUSG00000025082	NA	NA	44	38
ENSMUSG00000025083	NA	NA	72	28
ENSMUSG00000025085	11	85	16	56
ENSMUSG00000025086	NA	NA	82	17
ENSMUSG00000025089	48	77	91	92
ENSMUSG00000025090	NA	NA	53	8
ENSMUSG00000025091	65	3	NA	NA
ENSMUSG00000025092	NA	NA	20	58
ENSMUSG00000025094	NA	NA	23	67
ENSMUSG00000025102	76	87	NA	NA
ENSMUSG00000025103	83	33	NA	NA
ENSMUSG00000025104	37	48	NA	NA
ENSMUSG00000025105	26	24	NA	NA
ENSMUSG00000025127	25	57	NA	NA
ENSMUSG00000025128	9	33	NA	NA
ENSMUSG00000025129	NA	NA	23	36
ENSMUSG00000025130	85	57	NA	NA
ENSMUSG00000025132	85	7	NA	NA
ENSMUSG00000025133	76	79	NA	NA
ENSMUSG00000025134	83	89	13	25
ENSMUSG00000025135	77	55	3	2
ENSMUSG00000025137	91	9	NA	NA
ENSMUSG00000025138	69	42	NA	NA
ENSMUSG00000025139	24	62	NA	NA
ENSMUSG00000025140	96	90	NA	NA
ENSMUSG00000025141	NA	NA	48	73
ENSMUSG00000025142	52	11	NA	NA
ENSMUSG00000025144	9	93	NA	NA
ENSMUSG00000025145	NA	NA	93	82
ENSMUSG00000025147	83	0	NA	NA
ENSMUSG00000025150	99	99	NA	NA
ENSMUSG00000025151	81	83	NA	NA
ENSMUSG00000025153	98	86	NA	NA
ENSMUSG00000025154	NA	NA	68	2
ENSMUSG00000025155	64	78	NA	NA
ENSMUSG00000025157	96	69	NA	NA
ENSMUSG00000025158	52	70	NA	NA
ENSMUSG00000025159	20	14	NA	NA
ENSMUSG00000025161	90	75	NA	NA
ENSMUSG00000025162	75	29	NA	NA
ENSMUSG00000025163	26	44	NA	NA
ENSMUSG00000025165	65	13	NA	NA
ENSMUSG00000025169	45	72	NA	NA
ENSMUSG00000025170	52	0	NA	NA
ENSMUSG00000025171	54	10	NA	NA
ENSMUSG00000025172	99	54	NA	NA
ENSMUSG00000025175	98	94	79	18
ENSMUSG00000025176	7	1	NA	NA
ENSMUSG00000025178	88	30	NA	NA
ENSMUSG00000025184	NA	NA	53	57
ENSMUSG00000025185	43	61	NA	NA
ENSMUSG00000025188	61	66	2	21
ENSMUSG00000025189	29	17	29	22
ENSMUSG00000025190	93	79	NA	NA
ENSMUSG00000025192	3	15	91	83
ENSMUSG00000025193	18	16	NA	NA
ENSMUSG00000025194	9	33	NA	NA
ENSMUSG00000025195	47	76	93	34
ENSMUSG00000025196	62	23	29	14
ENSMUSG00000025197	79	69	NA	NA
ENSMUSG00000025198	35	46	NA	NA
ENSMUSG00000025199	60	1	51	64
ENSMUSG00000025200	16	68	25	52
ENSMUSG00000025202	10	46	NA	NA
ENSMUSG00000025203	89	32	NA	NA
ENSMUSG00000025204	56	84	69	96
ENSMUSG00000025207	34	42	NA	NA
ENSMUSG00000025208	14	4	7	57
ENSMUSG00000025209	NA	NA	34	39
ENSMUSG00000025212	73	3	NA	NA
ENSMUSG00000025213	96	94	NA	NA
ENSMUSG00000025215	61	3	NA	NA
ENSMUSG00000025216	48	5	NA	NA
ENSMUSG00000025217	3	66	39	39
ENSMUSG00000025218	2	90	NA	NA
ENSMUSG00000025219	14	64	NA	NA
ENSMUSG00000025220	40	81	25	0
ENSMUSG00000025221	48	22	85	49
ENSMUSG00000025223	65	80	NA	NA
ENSMUSG00000025224	63	23	88	76
ENSMUSG00000025225	9	71	NA	NA
ENSMUSG00000025226	10	82	NA	NA
ENSMUSG00000025227	NA	NA	63	10
ENSMUSG00000025228	80	74	NA	NA
ENSMUSG00000025229	8	96	NA	NA
ENSMUSG00000025231	72	8	31	7
ENSMUSG00000025232	75	74	NA	NA
ENSMUSG00000025234	5	71	8	32
ENSMUSG00000025235	NA	NA	8	29
ENSMUSG00000025236	5	5	NA	NA
ENSMUSG00000025237	52	59	82	22
ENSMUSG00000025239	91	85	NA	NA
ENSMUSG00000025240	92	60	NA	NA
ENSMUSG00000025241	66	5	85	65
ENSMUSG00000025243	73	19	5	81
ENSMUSG00000025245	81	80	61	54
ENSMUSG00000025246	69	33	NA	NA
ENSMUSG00000025255	61	4	96	83
ENSMUSG00000025257	68	20	NA	NA
ENSMUSG00000025260	74	74	NA	NA
ENSMUSG00000025261	78	45	89	90
ENSMUSG00000025262	NA	NA	9	31
ENSMUSG00000025264	12	90	NA	NA
ENSMUSG00000025265	80	65	NA	NA
ENSMUSG00000025266	NA	NA	42	86
ENSMUSG00000025269	22	65	NA	NA
ENSMUSG00000025270	32	13	NA	NA
ENSMUSG00000025271	41	36	NA	NA
ENSMUSG00000025272	14	69	NA	NA
ENSMUSG00000025277	64	96	NA	NA
ENSMUSG00000025278	97	28	80	81
ENSMUSG00000025279	55	69	NA	NA
ENSMUSG00000025280	78	81	NA	NA
ENSMUSG00000025287	90	86	NA	NA
ENSMUSG00000025288	27	15	NA	NA
ENSMUSG00000025289	98	90	64	73
ENSMUSG00000025290	80	77	NA	NA
ENSMUSG00000025314	70	33	NA	NA
ENSMUSG00000025316	44	22	NA	NA
ENSMUSG00000025317	22	27	NA	NA
ENSMUSG00000025318	7	60	49	5
ENSMUSG00000025321	NA	NA	44	80
ENSMUSG00000025323	80	22	NA	NA
ENSMUSG00000025324	41	54	92	56
ENSMUSG00000025326	52	78	5	4
ENSMUSG00000025328	44	54	NA	NA
ENSMUSG00000025329	65	9	NA	NA
ENSMUSG00000025330	6	55	NA	NA
ENSMUSG00000025332	12	61	12	64
ENSMUSG00000025333	3	59	NA	NA
ENSMUSG00000025337	87	24	NA	NA
ENSMUSG00000025340	29	54	NA	NA
ENSMUSG00000025347	30	47	NA	NA
ENSMUSG00000025348	14	92	NA	NA
ENSMUSG00000025350	95	60	NA	NA
ENSMUSG00000025353	89	57	NA	NA
ENSMUSG00000025354	28	72	NA	NA
ENSMUSG00000025355	37	36	NA	NA
ENSMUSG00000025357	54	50	NA	NA
ENSMUSG00000025358	37	48	NA	NA
ENSMUSG00000025359	22	36	NA	NA
ENSMUSG00000025364	39	91	NA	NA
ENSMUSG00000025366	NA	NA	72	23
ENSMUSG00000025369	NA	NA	66	60
ENSMUSG00000025370	40	51	NA	NA
ENSMUSG00000025371	67	63	NA	NA
ENSMUSG00000025372	81	59	NA	NA
ENSMUSG00000025373	23	6	79	61
ENSMUSG00000025374	19	44	NA	NA
ENSMUSG00000025375	75	48	NA	NA
ENSMUSG00000025377	16	48	NA	NA
ENSMUSG00000025380	NA	NA	92	49
ENSMUSG00000025381	13	95	NA	NA
ENSMUSG00000025383	38	29	NA	NA
ENSMUSG00000025384	NA	NA	93	77
ENSMUSG00000025386	6	32	NA	NA
ENSMUSG00000025389	74	64	NA	NA
ENSMUSG00000025393	54	70	NA	NA
ENSMUSG00000025395	97	73	NA	NA
ENSMUSG00000025396	8	8	NA	NA
ENSMUSG00000025400	84	6	NA	NA
ENSMUSG00000025401	NA	NA	63	16
ENSMUSG00000025402	56	42	NA	NA
ENSMUSG00000025403	99	99	NA	NA
ENSMUSG00000025404	NA	NA	33	96
ENSMUSG00000025407	18	59	NA	NA
ENSMUSG00000025408	99	97	NA	NA
ENSMUSG00000025409	50	21	NA	NA
ENSMUSG00000025410	59	33	NA	NA
ENSMUSG00000025413	70	59	NA	NA
ENSMUSG00000025417	67	45	NA	NA
ENSMUSG00000025418	50	52	NA	NA
ENSMUSG00000025420	NA	NA	45	74
ENSMUSG00000025421	NA	NA	16	38
ENSMUSG00000025423	69	74	NA	NA
ENSMUSG00000025425	14	34	NA	NA
ENSMUSG00000025427	NA	NA	59	6
ENSMUSG00000025428	58	69	NA	NA
ENSMUSG00000025429	94	51	NA	NA
ENSMUSG00000025431	45	45	NA	NA
ENSMUSG00000025432	65	73	NA	NA
ENSMUSG00000025433	37	6	NA	NA
ENSMUSG00000025436	NA	NA	93	87
ENSMUSG00000025437	35	67	NA	NA
ENSMUSG00000025439	38	73	18	6
ENSMUSG00000025451	74	92	9	96
ENSMUSG00000025453	NA	NA	59	64
ENSMUSG00000025461	NA	NA	93	62
ENSMUSG00000025465	72	98	NA	NA
ENSMUSG00000025466	62	93	NA	NA
ENSMUSG00000025467	37	10	NA	NA
ENSMUSG00000025468	NA	NA	51	9
ENSMUSG00000025469	31	46	NA	NA
ENSMUSG00000025470	NA	NA	63	48
ENSMUSG00000025473	81	84	NA	NA
ENSMUSG00000025474	21	36	NA	NA
ENSMUSG00000025475	NA	NA	37	40
ENSMUSG00000025477	91	59	NA	NA
ENSMUSG00000025478	25	80	NA	NA
ENSMUSG00000025479	23	14	NA	NA
ENSMUSG00000025480	NA	NA	21	28
ENSMUSG00000025481	NA	NA	35	26
ENSMUSG00000025482	21	12	70	81
ENSMUSG00000025484	42	51	NA	NA
ENSMUSG00000025485	91	72	NA	NA
ENSMUSG00000025486	78	50	25	74
ENSMUSG00000025487	57	96	NA	NA
ENSMUSG00000025488	99	0	NA	NA
ENSMUSG00000025489	NA	NA	66	66
ENSMUSG00000025491	81	95	NA	NA
ENSMUSG00000025492	95	53	NA	NA
ENSMUSG00000025494	81	75	NA	NA
ENSMUSG00000025495	34	51	18	56
ENSMUSG00000025496	53	40	NA	NA
ENSMUSG00000025497	50	25	NA	NA
ENSMUSG00000025498	15	14	NA	NA
ENSMUSG00000025499	90	94	NA	NA
ENSMUSG00000025500	NA	NA	83	51
ENSMUSG00000025503	58	85	NA	NA
ENSMUSG00000025504	9	18	NA	NA
ENSMUSG00000025505	22	2	NA	NA
ENSMUSG00000025507	1	60	NA	NA
ENSMUSG00000025509	91	85	NA	NA
ENSMUSG00000025510	74	79	NA	NA
ENSMUSG00000025511	27	20	NA	NA
ENSMUSG00000025512	92	85	NA	NA
ENSMUSG00000025515	NA	NA	64	52
ENSMUSG00000025519	NA	NA	30	32
ENSMUSG00000025521	67	24	46	57
ENSMUSG00000025525	86	87	7	10
ENSMUSG00000025527	NA	NA	13	69
ENSMUSG00000025528	46	49	NA	NA
ENSMUSG00000025529	NA	NA	34	83
ENSMUSG00000025531	51	51	80	63
ENSMUSG00000025532	24	9	NA	NA
ENSMUSG00000025533	59	79	NA	NA
ENSMUSG00000025534	81	68	NA	NA
ENSMUSG00000025537	24	41	NA	NA
ENSMUSG00000025538	NA	NA	74	39
ENSMUSG00000025544	89	67	NA	NA
ENSMUSG00000025545	95	98	NA	NA
ENSMUSG00000025551	63	24	NA	NA
ENSMUSG00000025555	96	46	NA	NA
ENSMUSG00000025557	9	10	NA	NA
ENSMUSG00000025558	30	25	NA	NA
ENSMUSG00000025571	23	29	NA	NA
ENSMUSG00000025572	65	65	NA	NA
ENSMUSG00000025573	NA	NA	0	53
ENSMUSG00000025574	99	79	NA	NA
ENSMUSG00000025575	59	59	NA	NA
ENSMUSG00000025576	36	68	29	3
ENSMUSG00000025577	56	86	NA	NA
ENSMUSG00000025578	8	38	NA	NA
ENSMUSG00000025579	54	93	NA	NA
ENSMUSG00000025582	90	94	NA	NA
ENSMUSG00000025583	NA	NA	60	44
ENSMUSG00000025584	51	97	NA	NA
ENSMUSG00000025586	88	82	NA	NA
ENSMUSG00000025588	20	17	NA	NA
ENSMUSG00000025591	29	54	57	46
ENSMUSG00000025592	65	11	40	62
ENSMUSG00000025597	NA	NA	22	60
ENSMUSG00000025602	37	1	NA	NA
ENSMUSG00000025607	9	50	NA	NA
ENSMUSG00000025608	32	31	NA	NA
ENSMUSG00000025609	15	35	37	20
ENSMUSG00000025610	83	25	NA	NA
ENSMUSG00000025612	91	27	NA	NA
ENSMUSG00000025613	38	81	NA	NA
ENSMUSG00000025616	13	86	37	39
ENSMUSG00000025626	NA	NA	60	8
ENSMUSG00000025630	0	89	NA	NA
ENSMUSG00000025645	NA	NA	30	64
ENSMUSG00000025646	NA	NA	71	25
ENSMUSG00000025647	85	32	NA	NA
ENSMUSG00000025648	NA	NA	25	82
ENSMUSG00000025650	18	71	NA	NA
ENSMUSG00000025651	74	87	NA	NA
ENSMUSG00000025652	NA	NA	24	76
ENSMUSG00000025656	NA	NA	49	17
ENSMUSG00000025658	NA	NA	57	30
ENSMUSG00000025665	NA	NA	50	58
ENSMUSG00000025666	49	83	NA	NA
ENSMUSG00000025701	NA	NA	90	95
ENSMUSG00000025702	NA	NA	90	83
ENSMUSG00000025716	NA	NA	83	44
ENSMUSG00000025722	NA	NA	36	38
ENSMUSG00000025723	7	10	NA	NA
ENSMUSG00000025724	43	85	NA	NA
ENSMUSG00000025727	NA	NA	30	20
ENSMUSG00000025728	63	91	NA	NA
ENSMUSG00000025730	43	29	NA	NA
ENSMUSG00000025731	NA	NA	53	80
ENSMUSG00000025732	52	97	NA	NA
ENSMUSG00000025733	9	76	NA	NA
ENSMUSG00000025736	92	64	NA	NA
ENSMUSG00000025737	NA	NA	81	44
ENSMUSG00000025738	NA	NA	7	72
ENSMUSG00000025739	40	53	NA	NA
ENSMUSG00000025742	63	7	96	66
ENSMUSG00000025743	96	99	NA	NA
ENSMUSG00000025745	77	21	NA	NA
ENSMUSG00000025746	57	60	NA	NA
ENSMUSG00000025747	14	35	77	96
ENSMUSG00000025757	24	11	93	85
ENSMUSG00000025758	99	55	NA	NA
ENSMUSG00000025759	74	41	0	56
ENSMUSG00000025762	90	67	10	18
ENSMUSG00000025764	54	15	83	43
ENSMUSG00000025766	NA	NA	28	55
ENSMUSG00000025774	NA	NA	17	28
ENSMUSG00000025776	5	15	NA	NA
ENSMUSG00000025777	33	1	NA	NA
ENSMUSG00000025779	11	72	NA	NA
ENSMUSG00000025780	17	36	56	14
ENSMUSG00000025782	NA	NA	36	64
ENSMUSG00000025783	NA	NA	90	60
ENSMUSG00000025784	10	1	NA	NA
ENSMUSG00000025785	36	40	NA	NA
ENSMUSG00000025786	36	39	82	82
ENSMUSG00000025787	NA	NA	61	72
ENSMUSG00000025789	82	54	NA	NA
ENSMUSG00000025790	86	28	NA	NA
ENSMUSG00000025791	6	87	NA	NA
ENSMUSG00000025792	88	81	NA	NA
ENSMUSG00000025794	77	95	NA	NA
ENSMUSG00000025795	31	16	NA	NA
ENSMUSG00000025804	55	70	NA	NA
ENSMUSG00000025808	NA	NA	3	64
ENSMUSG00000025809	19	92	NA	NA
ENSMUSG00000025810	94	80	84	70
ENSMUSG00000025812	36	50	43	84
ENSMUSG00000025813	0	56	3	31
ENSMUSG00000025815	NA	NA	80	70
ENSMUSG00000025816	95	8	NA	NA
ENSMUSG00000025817	13	84	73	12
ENSMUSG00000025821	96	85	NA	NA
ENSMUSG00000025823	85	82	NA	NA
ENSMUSG00000025838	60	16	NA	NA
ENSMUSG00000025839	18	20	NA	NA
ENSMUSG00000025854	84	1	NA	NA
ENSMUSG00000025855	25	29	80	2
ENSMUSG00000025856	91	93	NA	NA
ENSMUSG00000025857	78	83	NA	NA
ENSMUSG00000025860	94	90	36	50
ENSMUSG00000025862	75	71	NA	NA
ENSMUSG00000025867	59	7	84	31
ENSMUSG00000025868	76	65	NA	NA
ENSMUSG00000025869	75	96	NA	NA
ENSMUSG00000025870	18	19	NA	NA
ENSMUSG00000025871	61	82	NA	NA
ENSMUSG00000025872	16	88	NA	NA
ENSMUSG00000025873	NA	NA	88	54
ENSMUSG00000025875	14	97	NA	NA
ENSMUSG00000025876	NA	NA	9	13
ENSMUSG00000025877	NA	NA	75	78
ENSMUSG00000025878	62	83	NA	NA
ENSMUSG00000025880	79	79	12	43
ENSMUSG00000025885	45	10	29	33
ENSMUSG00000025887	8	62	NA	NA
ENSMUSG00000025888	13	48	NA	NA
ENSMUSG00000025889	4	29	NA	NA
ENSMUSG00000025892	20	64	50	18
ENSMUSG00000025893	NA	NA	7	80
ENSMUSG00000025894	NA	NA	2	81
ENSMUSG00000025898	NA	NA	36	35
ENSMUSG00000025899	NA	NA	27	8
ENSMUSG00000025900	34	12	NA	NA
ENSMUSG00000025902	10	11	NA	NA
ENSMUSG00000025903	61	59	12	3
ENSMUSG00000025905	49	71	41	52
ENSMUSG00000025907	13	51	48	83
ENSMUSG00000025909	69	64	11	23
ENSMUSG00000025911	NA	NA	14	31
ENSMUSG00000025912	18	59	24	76
ENSMUSG00000025915	18	8	NA	NA
ENSMUSG00000025916	10	28	38	20
ENSMUSG00000025917	23	88	NA	NA
ENSMUSG00000025920	84	66	NA	NA
ENSMUSG00000025921	76	44	37	79
ENSMUSG00000025925	78	44	89	39
ENSMUSG00000025927	15	55	15	42
ENSMUSG00000025929	13	9	NA	NA
ENSMUSG00000025930	16	4	NA	NA
ENSMUSG00000025931	NA	NA	14	36
ENSMUSG00000025932	61	13	91	98
ENSMUSG00000025933	NA	NA	90	68
ENSMUSG00000025934	11	14	NA	NA
ENSMUSG00000025935	95	27	NA	NA
ENSMUSG00000025937	81	95	NA	NA
ENSMUSG00000025938	45	47	20	24
ENSMUSG00000025939	78	94	76	77
ENSMUSG00000025940	76	95	NA	NA
ENSMUSG00000025945	40	36	NA	NA
ENSMUSG00000025946	32	31	NA	NA
ENSMUSG00000025949	36	5	96	90
ENSMUSG00000025950	99	91	NA	NA
ENSMUSG00000025955	21	27	8	21
ENSMUSG00000025956	21	40	NA	NA
ENSMUSG00000025958	71	28	93	90
ENSMUSG00000025959	8	46	NA	NA
ENSMUSG00000025961	NA	NA	53	81
ENSMUSG00000025962	13	92	67	22
ENSMUSG00000025963	NA	NA	13	49
ENSMUSG00000025964	20	54	79	95
ENSMUSG00000025968	79	74	NA	NA
ENSMUSG00000025969	70	95	11	98
ENSMUSG00000025971	88	12	38	13
ENSMUSG00000025977	34	48	22	34
ENSMUSG00000025978	79	69	NA	NA
ENSMUSG00000025979	79	17	19	52
ENSMUSG00000025981	NA	NA	23	22
ENSMUSG00000025982	40	26	93	21
ENSMUSG00000025983	NA	NA	48	48
ENSMUSG00000025986	NA	NA	98	1
ENSMUSG00000025991	6	14	NA	NA
ENSMUSG00000025993	96	80	NA	NA
ENSMUSG00000025995	88	8	NA	NA
ENSMUSG00000025997	47	22	75	57
ENSMUSG00000026000	65	90	NA	NA
ENSMUSG00000026003	55	2	NA	NA
ENSMUSG00000026004	21	19	85	19
ENSMUSG00000026005	19	72	NA	NA
ENSMUSG00000026009	49	19	94	72
ENSMUSG00000026011	17	38	NA	NA
ENSMUSG00000026012	48	1	NA	NA
ENSMUSG00000026014	NA	NA	73	57
ENSMUSG00000026017	43	0	87	63
ENSMUSG00000026018	NA	NA	28	11
ENSMUSG00000026019	12	34	NA	NA
ENSMUSG00000026024	NA	NA	6	27
ENSMUSG00000026027	NA	NA	75	79
ENSMUSG00000026028	NA	NA	20	21
ENSMUSG00000026029	87	91	NA	NA
ENSMUSG00000026031	2	19	24	48
ENSMUSG00000026032	80	27	NA	NA
ENSMUSG00000026034	46	57	NA	NA
ENSMUSG00000026035	NA	NA	71	95
ENSMUSG00000026036	75	70	0	65
ENSMUSG00000026037	61	42	NA	NA
ENSMUSG00000026039	NA	NA	99	92
ENSMUSG00000026042	97	94	NA	NA
ENSMUSG00000026043	94	98	85	43
ENSMUSG00000026048	30	79	13	74
ENSMUSG00000026049	NA	NA	97	91
ENSMUSG00000026051	67	25	48	4
ENSMUSG00000026058	53	67	NA	NA
ENSMUSG00000026062	NA	NA	1	80
ENSMUSG00000026063	NA	NA	25	46
ENSMUSG00000026068	54	75	62	75
ENSMUSG00000026070	16	3	NA	NA
ENSMUSG00000026072	69	80	NA	NA
ENSMUSG00000026073	68	57	NA	NA
ENSMUSG00000026074	62	68	NA	NA
ENSMUSG00000026077	26	71	NA	NA
ENSMUSG00000026078	67	82	NA	NA
ENSMUSG00000026080	16	49	NA	NA
ENSMUSG00000026082	30	82	NA	NA
ENSMUSG00000026083	41	82	NA	NA
ENSMUSG00000026085	NA	NA	41	18
ENSMUSG00000026087	56	78	NA	NA
ENSMUSG00000026088	19	82	NA	NA
ENSMUSG00000026090	NA	NA	18	75
ENSMUSG00000026094	91	95	80	68
ENSMUSG00000026096	NA	NA	18	91
ENSMUSG00000026097	91	47	NA	NA
ENSMUSG00000026098	NA	NA	62	23
ENSMUSG00000026102	16	59	47	63
ENSMUSG00000026103	NA	NA	85	90
ENSMUSG00000026104	84	84	NA	NA
ENSMUSG00000026107	23	2	26	38
ENSMUSG00000026109	98	99	6	58
ENSMUSG00000026110	NA	NA	25	69
ENSMUSG00000026111	56	89	NA	NA
ENSMUSG00000026112	78	19	NA	NA
ENSMUSG00000026113	3	54	NA	NA
ENSMUSG00000026116	89	43	NA	NA
ENSMUSG00000026117	83	15	NA	NA
ENSMUSG00000026121	NA	NA	77	74
ENSMUSG00000026123	29	26	NA	NA
ENSMUSG00000026124	17	18	NA	NA
ENSMUSG00000026125	0	37	NA	NA
ENSMUSG00000026126	46	19	NA	NA
ENSMUSG00000026127	75	84	40	40
ENSMUSG00000026131	83	49	91	60
ENSMUSG00000026134	94	38	38	48
ENSMUSG00000026135	59	13	90	91
ENSMUSG00000026141	50	53	NA	NA
ENSMUSG00000026142	91	54	7	62
ENSMUSG00000026147	42	72	NA	NA
ENSMUSG00000026149	43	56	NA	NA
ENSMUSG00000026150	68	87	55	75
ENSMUSG00000026153	NA	NA	53	81
ENSMUSG00000026154	68	98	NA	NA
ENSMUSG00000026155	47	30	NA	NA
ENSMUSG00000026156	NA	NA	62	75
ENSMUSG00000026158	29	1	NA	NA
ENSMUSG00000026159	82	44	18	72
ENSMUSG00000026162	59	68	27	67
ENSMUSG00000026163	NA	NA	80	68
ENSMUSG00000026166	43	3	NA	NA
ENSMUSG00000026167	80	98	NA	NA
ENSMUSG00000026170	63	46	NA	NA
ENSMUSG00000026171	25	26	NA	NA
ENSMUSG00000026172	50	79	NA	NA
ENSMUSG00000026173	NA	NA	48	10
ENSMUSG00000026174	89	74	NA	NA
ENSMUSG00000026175	57	63	NA	NA
ENSMUSG00000026176	53	3	NA	NA
ENSMUSG00000026177	45	29	NA	NA
ENSMUSG00000026179	98	63	NA	NA
ENSMUSG00000026181	NA	NA	91	71
ENSMUSG00000026182	23	41	NA	NA
ENSMUSG00000026185	22	97	NA	NA
ENSMUSG00000026187	68	7	NA	NA
ENSMUSG00000026188	NA	NA	75	39
ENSMUSG00000026189	83	46	NA	NA
ENSMUSG00000026192	NA	NA	81	95
ENSMUSG00000026193	93	92	NA	NA
ENSMUSG00000026196	70	29	NA	NA
ENSMUSG00000026197	48	79	NA	NA
ENSMUSG00000026199	85	38	NA	NA
ENSMUSG00000026200	28	8	NA	NA
ENSMUSG00000026201	75	67	NA	NA
ENSMUSG00000026202	61	97	NA	NA
ENSMUSG00000026203	30	1	NA	NA
ENSMUSG00000026204	25	11	NA	NA
ENSMUSG00000026205	41	63	NA	NA
ENSMUSG00000026207	42	71	NA	NA
ENSMUSG00000026208	87	92	NA	NA
ENSMUSG00000026209	22	39	NA	NA
ENSMUSG00000026211	71	47	68	57
ENSMUSG00000026213	82	3	NA	NA
ENSMUSG00000026219	69	22	5	70
ENSMUSG00000026220	NA	NA	65	24
ENSMUSG00000026222	26	35	66	40
ENSMUSG00000026223	93	90	NA	NA
ENSMUSG00000026224	NA	NA	22	10
ENSMUSG00000026226	NA	NA	30	82
ENSMUSG00000026227	41	56	NA	NA
ENSMUSG00000026228	45	46	NA	NA
ENSMUSG00000026229	51	29	NA	NA
ENSMUSG00000026234	82	82	NA	NA
ENSMUSG00000026235	26	59	74	43
ENSMUSG00000026237	19	35	NA	NA
ENSMUSG00000026239	32	71	NA	NA
ENSMUSG00000026240	56	27	NA	NA
ENSMUSG00000026241	2	51	NA	NA
ENSMUSG00000026245	95	80	NA	NA
ENSMUSG00000026246	36	57	NA	NA
ENSMUSG00000026247	17	27	NA	NA
ENSMUSG00000026248	56	62	6	41
ENSMUSG00000026249	99	99	NA	NA
ENSMUSG00000026251	94	54	NA	NA
ENSMUSG00000026253	94	83	NA	NA
ENSMUSG00000026254	74	65	21	71
ENSMUSG00000026255	92	95	NA	NA
ENSMUSG00000026258	30	65	NA	NA
ENSMUSG00000026259	13	97	NA	NA
ENSMUSG00000026260	72	84	NA	NA
ENSMUSG00000026269	9	80	52	1
ENSMUSG00000026270	39	42	NA	NA
ENSMUSG00000026271	14	67	NA	NA
ENSMUSG00000026272	66	12	NA	NA
ENSMUSG00000026273	79	69	NA	NA
ENSMUSG00000026274	87	82	NA	NA
ENSMUSG00000026275	81	59	NA	NA
ENSMUSG00000026277	81	40	NA	NA
ENSMUSG00000026278	80	87	NA	NA
ENSMUSG00000026279	57	65	2	62
ENSMUSG00000026280	60	59	63	4
ENSMUSG00000026281	77	90	NA	NA
ENSMUSG00000026283	NA	NA	66	56
ENSMUSG00000026285	21	47	NA	NA
ENSMUSG00000026288	48	21	NA	NA
ENSMUSG00000026289	82	32	NA	NA
ENSMUSG00000026295	44	66	NA	NA
ENSMUSG00000026301	NA	NA	36	38
ENSMUSG00000026303	4	48	NA	NA
ENSMUSG00000026304	36	50	NA	NA
ENSMUSG00000026305	41	87	NA	NA
ENSMUSG00000026307	28	35	13	28
ENSMUSG00000026308	NA	NA	91	100
ENSMUSG00000026309	24	55	NA	NA
ENSMUSG00000026311	NA	NA	62	84
ENSMUSG00000026312	NA	NA	31	53
ENSMUSG00000026313	NA	NA	13	44
ENSMUSG00000026315	52	65	48	79
ENSMUSG00000026317	97	81	74	29
ENSMUSG00000026319	NA	NA	59	85
ENSMUSG00000026321	24	49	NA	NA
ENSMUSG00000026322	4	16	19	66
ENSMUSG00000026327	27	55	NA	NA
ENSMUSG00000026331	NA	NA	24	74
ENSMUSG00000026333	NA	NA	67	88
ENSMUSG00000026335	73	92	NA	NA
ENSMUSG00000026336	NA	NA	24	33
ENSMUSG00000026339	78	77	29	53
ENSMUSG00000026342	51	90	NA	NA
ENSMUSG00000026343	NA	NA	38	74
ENSMUSG00000026344	69	15	89	13
ENSMUSG00000026347	34	71	NA	NA
ENSMUSG00000026349	2	54	78	90
ENSMUSG00000026353	26	50	NA	NA
ENSMUSG00000026354	27	21	NA	NA
ENSMUSG00000026355	97	73	NA	NA
ENSMUSG00000026356	64	86	NA	NA
ENSMUSG00000026357	13	43	NA	NA
ENSMUSG00000026358	55	15	NA	NA
ENSMUSG00000026360	44	92	16	1
ENSMUSG00000026361	12	12	80	89
ENSMUSG00000026365	12	24	NA	NA
ENSMUSG00000026368	21	15	NA	NA
ENSMUSG00000026374	59	12	NA	NA
ENSMUSG00000026377	85	72	NA	NA
ENSMUSG00000026380	89	40	NA	NA
ENSMUSG00000026383	60	9	26	11
ENSMUSG00000026384	52	23	99	28
ENSMUSG00000026385	76	97	NA	NA
ENSMUSG00000026387	NA	NA	38	35
ENSMUSG00000026388	55	70	NA	NA
ENSMUSG00000026389	30	31	NA	NA
ENSMUSG00000026390	46	73	7	4
ENSMUSG00000026393	85	81	6	86
ENSMUSG00000026395	47	54	46	5
ENSMUSG00000026398	26	0	NA	NA
ENSMUSG00000026399	48	12	40	12
ENSMUSG00000026401	6	10	NA	NA
ENSMUSG00000026404	85	74	NA	NA
ENSMUSG00000026405	27	56	NA	NA
ENSMUSG00000026407	99	53	NA	NA
ENSMUSG00000026409	8	15	21	78
ENSMUSG00000026411	85	83	NA	NA
ENSMUSG00000026413	57	73	NA	NA
ENSMUSG00000026414	80	99	82	69
ENSMUSG00000026415	53	5	NA	NA
ENSMUSG00000026416	9	33	NA	NA
ENSMUSG00000026417	34	0	NA	NA
ENSMUSG00000026418	85	98	55	10
ENSMUSG00000026420	53	33	NA	NA
ENSMUSG00000026421	83	80	NA	NA
ENSMUSG00000026424	32	38	NA	NA
ENSMUSG00000026425	91	84	75	17
ENSMUSG00000026426	79	87	NA	NA
ENSMUSG00000026427	56	83	16	11
ENSMUSG00000026429	89	94	31	19
ENSMUSG00000026430	62	93	NA	NA
ENSMUSG00000026432	18	19	NA	NA
ENSMUSG00000026433	46	67	NA	NA
ENSMUSG00000026434	96	82	81	60
ENSMUSG00000026435	50	28	NA	NA
ENSMUSG00000026436	57	30	70	39
ENSMUSG00000026437	75	37	NA	NA
ENSMUSG00000026439	NA	NA	28	2
ENSMUSG00000026442	NA	NA	14	94
ENSMUSG00000026443	NA	NA	61	86
ENSMUSG00000026450	NA	NA	33	24
ENSMUSG00000026452	5	32	NA	NA
ENSMUSG00000026455	NA	NA	51	32
ENSMUSG00000026456	99	75	NA	NA
ENSMUSG00000026457	91	64	NA	NA
ENSMUSG00000026458	50	1	NA	NA
ENSMUSG00000026459	61	69	NA	NA
ENSMUSG00000026463	NA	NA	46	10
ENSMUSG00000026466	48	35	96	97
ENSMUSG00000026468	15	21	60	65
ENSMUSG00000026469	92	54	34	31
ENSMUSG00000026470	53	2	30	38
ENSMUSG00000026471	33	49	NA	NA
ENSMUSG00000026473	80	95	NA	NA
ENSMUSG00000026475	80	50	NA	NA
ENSMUSG00000026478	15	85	NA	NA
ENSMUSG00000026479	0	10	NA	NA
ENSMUSG00000026482	0	72	NA	NA
ENSMUSG00000026483	59	73	48	93
ENSMUSG00000026484	0	11	NA	NA
ENSMUSG00000026489	98	36	NA	NA
ENSMUSG00000026490	54	5	11	84
ENSMUSG00000026491	24	69	48	76
ENSMUSG00000026494	NA	NA	98	96
ENSMUSG00000026495	65	33	NA	NA
ENSMUSG00000026496	52	63	52	64
ENSMUSG00000026497	2	21	NA	NA
ENSMUSG00000026499	27	74	48	96
ENSMUSG00000026502	66	65	NA	NA
ENSMUSG00000026504	28	23	91	77
ENSMUSG00000026509	77	24	NA	NA
ENSMUSG00000026510	NA	NA	3	1
ENSMUSG00000026511	54	95	NA	NA
ENSMUSG00000026514	76	16	NA	NA
ENSMUSG00000026516	73	16	NA	NA
ENSMUSG00000026519	83	70	NA	NA
ENSMUSG00000026520	53	94	NA	NA
ENSMUSG00000026523	NA	NA	11	80
ENSMUSG00000026525	26	48	NA	NA
ENSMUSG00000026526	70	81	NA	NA
ENSMUSG00000026527	27	65	NA	NA
ENSMUSG00000026531	54	18	NA	NA
ENSMUSG00000026532	55	62	NA	NA
ENSMUSG00000026535	87	98	99	99
ENSMUSG00000026542	44	20	NA	NA
ENSMUSG00000026544	NA	NA	12	18
ENSMUSG00000026546	NA	NA	49	28
ENSMUSG00000026547	96	90	NA	NA
ENSMUSG00000026548	60	33	NA	NA
ENSMUSG00000026553	18	64	53	79
ENSMUSG00000026554	79	75	16	29
ENSMUSG00000026556	53	65	92	36
ENSMUSG00000026558	42	72	90	99
ENSMUSG00000026563	70	17	21	68
ENSMUSG00000026564	NA	NA	88	78
ENSMUSG00000026565	20	48	60	76
ENSMUSG00000026566	NA	NA	95	96
ENSMUSG00000026567	NA	NA	82	26
ENSMUSG00000026568	52	94	71	1
ENSMUSG00000026571	NA	NA	92	99
ENSMUSG00000026572	45	22	NA	NA
ENSMUSG00000026573	0	13	NA	NA
ENSMUSG00000026574	96	58	NA	NA
ENSMUSG00000026575	96	17	32	87
ENSMUSG00000026576	67	81	NA	NA
ENSMUSG00000026577	90	0	29	18
ENSMUSG00000026578	NA	NA	29	89
ENSMUSG00000026579	19	47	NA	NA
ENSMUSG00000026580	25	73	NA	NA
ENSMUSG00000026581	51	28	NA	NA
ENSMUSG00000026582	1	5	NA	NA
ENSMUSG00000026584	NA	NA	35	70
ENSMUSG00000026585	7	96	NA	NA
ENSMUSG00000026586	85	98	99	99
ENSMUSG00000026587	65	77	NA	NA
ENSMUSG00000026589	89	92	NA	NA
ENSMUSG00000026592	NA	NA	85	87
ENSMUSG00000026594	89	59	NA	NA
ENSMUSG00000026596	NA	NA	9	14
ENSMUSG00000026600	80	89	14	7
ENSMUSG00000026601	NA	NA	35	29
ENSMUSG00000026602	44	54	0	11
ENSMUSG00000026603	36	43	NA	NA
ENSMUSG00000026604	40	2	97	77
ENSMUSG00000026605	99	89	85	82
ENSMUSG00000026608	NA	NA	53	47
ENSMUSG00000026609	46	61	NA	NA
ENSMUSG00000026610	34	47	71	35
ENSMUSG00000026611	NA	NA	51	31
ENSMUSG00000026614	NA	NA	24	33
ENSMUSG00000026615	92	83	34	73
ENSMUSG00000026616	41	55	NA	NA
ENSMUSG00000026617	49	55	NA	NA
ENSMUSG00000026618	60	17	NA	NA
ENSMUSG00000026620	11	13	NA	NA
ENSMUSG00000026621	7	59	47	30
ENSMUSG00000026622	92	15	99	47
ENSMUSG00000026623	37	61	30	51
ENSMUSG00000026626	NA	NA	79	50
ENSMUSG00000026627	63	49	NA	NA
ENSMUSG00000026628	98	42	NA	NA
ENSMUSG00000026630	62	67	NA	NA
ENSMUSG00000026632	NA	NA	20	91
ENSMUSG00000026634	68	22	44	93
ENSMUSG00000026638	53	3	NA	NA
ENSMUSG00000026639	40	99	NA	NA
ENSMUSG00000026640	80	88	96	97
ENSMUSG00000026641	46	31	NA	NA
ENSMUSG00000026643	7	59	88	92
ENSMUSG00000026644	NA	NA	51	72
ENSMUSG00000026645	45	63	NA	NA
ENSMUSG00000026646	11	26	46	17
ENSMUSG00000026648	NA	NA	31	10
ENSMUSG00000026649	NA	NA	33	47
ENSMUSG00000026650	42	10	NA	NA
ENSMUSG00000026655	94	83	NA	NA
ENSMUSG00000026656	8	29	10	51
ENSMUSG00000026657	NA	NA	43	59
ENSMUSG00000026659	45	45	12	50
ENSMUSG00000026662	10	18	86	46
ENSMUSG00000026663	98	51	93	9
ENSMUSG00000026664	43	98	NA	NA
ENSMUSG00000026667	19	60	NA	NA
ENSMUSG00000026668	NA	NA	35	58
ENSMUSG00000026669	79	75	69	41
ENSMUSG00000026670	91	90	NA	NA
ENSMUSG00000026672	NA	NA	94	98
ENSMUSG00000026674	67	42	23	28
ENSMUSG00000026675	89	73	96	96
ENSMUSG00000026676	NA	NA	67	38
ENSMUSG00000026678	14	57	NA	NA
ENSMUSG00000026679	NA	NA	69	22
ENSMUSG00000026683	92	66	NA	NA
ENSMUSG00000026686	32	27	NA	NA
ENSMUSG00000026687	92	76	NA	NA
ENSMUSG00000026688	87	63	NA	NA
ENSMUSG00000026691	51	46	NA	NA
ENSMUSG00000026692	61	37	NA	NA
ENSMUSG00000026694	9	59	14	55
ENSMUSG00000026696	4	93	NA	NA
ENSMUSG00000026697	17	14	NA	NA
ENSMUSG00000026698	78	94	NA	NA
ENSMUSG00000026700	51	50	NA	NA
ENSMUSG00000026701	86	89	59	25
ENSMUSG00000026705	35	56	71	41
ENSMUSG00000026707	16	86	NA	NA
ENSMUSG00000026708	NA	NA	26	86
ENSMUSG00000026709	NA	NA	45	46
ENSMUSG00000026712	59	56	NA	NA
ENSMUSG00000026715	49	13	NA	NA
ENSMUSG00000026718	3	18	82	37
ENSMUSG00000026721	47	22	94	88
ENSMUSG00000026723	18	81	NA	NA
ENSMUSG00000026725	NA	NA	43	16
ENSMUSG00000026726	66	64	NA	NA
ENSMUSG00000026727	57	88	NA	NA
ENSMUSG00000026728	96	18	NA	NA
ENSMUSG00000026729	NA	NA	5	51
ENSMUSG00000026730	68	80	NA	NA
ENSMUSG00000026734	NA	NA	5	78
ENSMUSG00000026735	27	7	NA	NA
ENSMUSG00000026736	NA	NA	46	77
ENSMUSG00000026737	98	73	NA	NA
ENSMUSG00000026739	77	87	NA	NA
ENSMUSG00000026740	48	23	94	95
ENSMUSG00000026743	21	80	NA	NA
ENSMUSG00000026748	0	5	19	38
ENSMUSG00000026749	78	39	NA	NA
ENSMUSG00000026750	15	56	NA	NA
ENSMUSG00000026751	46	14	NA	NA
ENSMUSG00000026753	13	0	NA	NA
ENSMUSG00000026754	NA	NA	19	52
ENSMUSG00000026755	97	62	26	85
ENSMUSG00000026761	35	43	22	62
ENSMUSG00000026764	44	28	84	82
ENSMUSG00000026765	NA	NA	11	48
ENSMUSG00000026766	41	78	NA	NA
ENSMUSG00000026767	4	78	10	2
ENSMUSG00000026768	25	5	58	33
ENSMUSG00000026770	3	9	NA	NA
ENSMUSG00000026771	NA	NA	3	0
ENSMUSG00000026773	34	23	NA	NA
ENSMUSG00000026774	NA	NA	81	71
ENSMUSG00000026775	78	80	20	25
ENSMUSG00000026778	63	51	NA	NA
ENSMUSG00000026779	6	23	70	5
ENSMUSG00000026781	NA	NA	38	69
ENSMUSG00000026782	NA	NA	95	84
ENSMUSG00000026784	50	16	NA	NA
ENSMUSG00000026785	NA	NA	47	36
ENSMUSG00000026786	46	69	NA	NA
ENSMUSG00000026787	7	16	37	35
ENSMUSG00000026788	NA	NA	51	94
ENSMUSG00000026790	93	75	9	21
ENSMUSG00000026791	14	64	NA	NA
ENSMUSG00000026792	NA	NA	86	94
ENSMUSG00000026796	87	76	NA	NA
ENSMUSG00000026797	89	87	NA	NA
ENSMUSG00000026798	69	92	NA	NA
ENSMUSG00000026799	58	57	NA	NA
ENSMUSG00000026803	22	34	NA	NA
ENSMUSG00000026805	45	7	NA	NA
ENSMUSG00000026806	NA	NA	72	6
ENSMUSG00000026807	NA	NA	31	38
ENSMUSG00000026809	NA	NA	25	77
ENSMUSG00000026810	27	16	34	54
ENSMUSG00000026811	52	13	NA	NA
ENSMUSG00000026812	35	50	80	26
ENSMUSG00000026814	66	39	19	6
ENSMUSG00000026815	21	44	NA	NA
ENSMUSG00000026816	31	85	NA	NA
ENSMUSG00000026817	84	93	NA	NA
ENSMUSG00000026818	46	15	NA	NA
ENSMUSG00000026819	35	43	NA	NA
ENSMUSG00000026820	81	90	NA	NA
ENSMUSG00000026821	63	64	NA	NA
ENSMUSG00000026822	54	48	NA	NA
ENSMUSG00000026824	32	6	9	90
ENSMUSG00000026825	75	92	NA	NA
ENSMUSG00000026826	23	72	94	75
ENSMUSG00000026827	11	88	94	92
ENSMUSG00000026829	64	27	NA	NA
ENSMUSG00000026830	NA	NA	5	18
ENSMUSG00000026831	NA	NA	53	46
ENSMUSG00000026832	10	52	90	84
ENSMUSG00000026833	98	78	NA	NA
ENSMUSG00000026834	68	20	45	43
ENSMUSG00000026835	NA	NA	27	36
ENSMUSG00000026836	58	72	NA	NA
ENSMUSG00000026837	96	98	NA	NA
ENSMUSG00000026839	7	65	88	31
ENSMUSG00000026840	31	2	NA	NA
ENSMUSG00000026841	NA	NA	94	42
ENSMUSG00000026842	93	33	79	79
ENSMUSG00000026843	NA	NA	93	22
ENSMUSG00000026848	30	47	NA	NA
ENSMUSG00000026849	15	80	NA	NA
ENSMUSG00000026853	92	7	NA	NA
ENSMUSG00000026854	89	53	37	54
ENSMUSG00000026856	55	4	NA	NA
ENSMUSG00000026857	71	93	NA	NA
ENSMUSG00000026858	8	80	NA	NA
ENSMUSG00000026860	8	63	NA	NA
ENSMUSG00000026864	80	89	NA	NA
ENSMUSG00000026866	33	37	55	88
ENSMUSG00000026867	NA	NA	71	83
ENSMUSG00000026869	86	68	59	77
ENSMUSG00000026870	60	41	44	9
ENSMUSG00000026872	32	40	88	84
ENSMUSG00000026873	37	63	NA	NA
ENSMUSG00000026874	57	55	NA	NA
ENSMUSG00000026875	4	48	73	35
ENSMUSG00000026878	31	59	66	89
ENSMUSG00000026879	98	96	NA	NA
ENSMUSG00000026880	77	70	NA	NA
ENSMUSG00000026882	NA	NA	37	69
ENSMUSG00000026883	3	43	59	28
ENSMUSG00000026885	NA	NA	92	42
ENSMUSG00000026887	90	64	NA	NA
ENSMUSG00000026888	90	98	28	30
ENSMUSG00000026889	92	48	38	14
ENSMUSG00000026890	56	91	NA	NA
ENSMUSG00000026893	57	22	NA	NA
ENSMUSG00000026894	NA	NA	57	58
ENSMUSG00000026895	54	6	NA	NA
ENSMUSG00000026896	77	32	NA	NA
ENSMUSG00000026904	25	55	NA	NA
ENSMUSG00000026914	16	91	NA	NA
ENSMUSG00000026915	51	79	19	24
ENSMUSG00000026917	55	89	NA	NA
ENSMUSG00000026918	50	25	67	29
ENSMUSG00000026919	48	50	NA	NA
ENSMUSG00000026922	NA	NA	70	10
ENSMUSG00000026923	96	59	NA	NA
ENSMUSG00000026925	76	81	NA	NA
ENSMUSG00000026926	84	59	NA	NA
ENSMUSG00000026927	35	75	NA	NA
ENSMUSG00000026930	16	38	NA	NA
ENSMUSG00000026931	7	58	NA	NA
ENSMUSG00000026932	85	25	NA	NA
ENSMUSG00000026933	43	27	72	53
ENSMUSG00000026934	68	32	NA	NA
ENSMUSG00000026936	0	28	NA	NA
ENSMUSG00000026937	71	28	NA	NA
ENSMUSG00000026938	23	63	NA	NA
ENSMUSG00000026939	66	19	NA	NA
ENSMUSG00000026940	NA	NA	1	67
ENSMUSG00000026941	NA	NA	34	5
ENSMUSG00000026942	13	68	NA	NA
ENSMUSG00000026943	NA	NA	56	43
ENSMUSG00000026944	51	38	NA	NA
ENSMUSG00000026946	23	84	NA	NA
ENSMUSG00000026950	NA	NA	98	80
ENSMUSG00000026955	NA	NA	94	55
ENSMUSG00000026956	72	77	51	30
ENSMUSG00000026958	72	97	NA	NA
ENSMUSG00000026959	43	6	NA	NA
ENSMUSG00000026960	69	67	NA	NA
ENSMUSG00000026961	45	32	NA	NA
ENSMUSG00000026963	NA	NA	44	19
ENSMUSG00000026965	15	9	77	20
ENSMUSG00000026966	28	81	NA	NA
ENSMUSG00000026969	13	7	NA	NA
ENSMUSG00000026970	64	34	NA	NA
ENSMUSG00000026971	23	23	NA	NA
ENSMUSG00000026972	18	28	NA	NA
ENSMUSG00000026974	51	57	72	83
ENSMUSG00000026975	40	65	NA	NA
ENSMUSG00000026976	56	12	50	67
ENSMUSG00000026977	44	86	27	52
ENSMUSG00000026979	NA	NA	40	49
ENSMUSG00000026980	38	64	NA	NA
ENSMUSG00000026981	46	6	NA	NA
ENSMUSG00000026983	45	44	NA	NA
ENSMUSG00000026984	56	14	NA	NA
ENSMUSG00000026985	2	24	NA	NA
ENSMUSG00000026986	15	8	NA	NA
ENSMUSG00000026987	21	40	55	4
ENSMUSG00000026988	47	28	NA	NA
ENSMUSG00000026989	NA	NA	52	4
ENSMUSG00000026991	68	45	NA	NA
ENSMUSG00000026994	13	16	NA	NA
ENSMUSG00000027001	69	53	NA	NA
ENSMUSG00000027002	73	3	NA	NA
ENSMUSG00000027004	25	76	NA	NA
ENSMUSG00000027006	71	92	NA	NA
ENSMUSG00000027007	64	78	NA	NA
ENSMUSG00000027009	40	52	38	48
ENSMUSG00000027010	NA	NA	41	94
ENSMUSG00000027011	94	18	NA	NA
ENSMUSG00000027012	59	7	NA	NA
ENSMUSG00000027015	14	39	30	88
ENSMUSG00000027016	NA	NA	16	65
ENSMUSG00000027018	46	42	NA	NA
ENSMUSG00000027030	53	84	NA	NA
ENSMUSG00000027035	NA	NA	30	97
ENSMUSG00000027048	34	33	NA	NA
ENSMUSG00000027067	63	90	NA	NA
ENSMUSG00000027070	26	12	NA	NA
ENSMUSG00000027071	98	25	NA	NA
ENSMUSG00000027072	13	5	NA	NA
ENSMUSG00000027073	64	7	NA	NA
ENSMUSG00000027074	93	43	NA	NA
ENSMUSG00000027075	NA	NA	53	39
ENSMUSG00000027076	92	63	NA	NA
ENSMUSG00000027077	43	81	NA	NA
ENSMUSG00000027078	24	2	NA	NA
ENSMUSG00000027079	11	37	NA	NA
ENSMUSG00000027080	34	21	NA	NA
ENSMUSG00000027082	20	61	63	90
ENSMUSG00000027086	72	47	68	28
ENSMUSG00000027087	2	95	NA	NA
ENSMUSG00000027088	74	81	28	32
ENSMUSG00000027091	73	29	NA	NA
ENSMUSG00000027099	83	97	NA	NA
ENSMUSG00000027102	44	44	45	75
ENSMUSG00000027104	42	61	65	66
ENSMUSG00000027107	68	12	NA	NA
ENSMUSG00000027108	26	33	NA	NA
ENSMUSG00000027109	79	35	NA	NA
ENSMUSG00000027111	95	95	NA	NA
ENSMUSG00000027115	3	19	9	63
ENSMUSG00000027120	30	40	NA	NA
ENSMUSG00000027122	54	31	NA	NA
ENSMUSG00000027130	70	14	NA	NA
ENSMUSG00000027131	85	80	NA	NA
ENSMUSG00000027132	NA	NA	91	91
ENSMUSG00000027133	81	89	NA	NA
ENSMUSG00000027134	NA	NA	28	1
ENSMUSG00000027157	55	39	NA	NA
ENSMUSG00000027160	87	90	NA	NA
ENSMUSG00000027162	40	38	NA	NA
ENSMUSG00000027163	5	40	NA	NA
ENSMUSG00000027164	11	6	26	46
ENSMUSG00000027165	25	99	88	92
ENSMUSG00000027166	4	68	NA	NA
ENSMUSG00000027167	14	65	NA	NA
ENSMUSG00000027168	31	44	NA	NA
ENSMUSG00000027171	NA	NA	72	62
ENSMUSG00000027173	73	38	NA	NA
ENSMUSG00000027176	60	65	68	22
ENSMUSG00000027177	47	33	NA	NA
ENSMUSG00000027180	61	90	50	33
ENSMUSG00000027184	94	87	NA	NA
ENSMUSG00000027185	NA	NA	46	85
ENSMUSG00000027186	26	30	NA	NA
ENSMUSG00000027187	91	91	NA	NA
ENSMUSG00000027188	NA	NA	74	75
ENSMUSG00000027189	76	91	79	23
ENSMUSG00000027193	89	78	NA	NA
ENSMUSG00000027194	14	32	NA	NA
ENSMUSG00000027195	94	30	NA	NA
ENSMUSG00000027196	NA	NA	13	74
ENSMUSG00000027198	66	87	94	20
ENSMUSG00000027199	98	96	NA	NA
ENSMUSG00000027200	52	56	44	89
ENSMUSG00000027201	47	18	NA	NA
ENSMUSG00000027202	37	24	NA	NA
ENSMUSG00000027203	97	59	NA	NA
ENSMUSG00000027204	29	69	NA	NA
ENSMUSG00000027206	43	23	NA	NA
ENSMUSG00000027207	67	99	NA	NA
ENSMUSG00000027208	92	89	89	99
ENSMUSG00000027209	9	69	9	70
ENSMUSG00000027210	59	11	97	87
ENSMUSG00000027215	77	86	NA	NA
ENSMUSG00000027217	NA	NA	35	52
ENSMUSG00000027220	17	50	99	40
ENSMUSG00000027221	94	89	NA	NA
ENSMUSG00000027222	88	49	NA	NA
ENSMUSG00000027223	97	81	12	32
ENSMUSG00000027224	24	1	NA	NA
ENSMUSG00000027225	24	49	NA	NA
ENSMUSG00000027227	96	89	NA	NA
ENSMUSG00000027229	NA	NA	86	52
ENSMUSG00000027230	95	67	NA	NA
ENSMUSG00000027233	NA	NA	7	48
ENSMUSG00000027238	27	13	41	27
ENSMUSG00000027242	NA	NA	32	21
ENSMUSG00000027243	NA	NA	70	55
ENSMUSG00000027244	69	19	NA	NA
ENSMUSG00000027245	38	55	NA	NA
ENSMUSG00000027247	39	65	NA	NA
ENSMUSG00000027248	93	96	13	22
ENSMUSG00000027249	65	26	NA	NA
ENSMUSG00000027253	87	90	NA	NA
ENSMUSG00000027254	NA	NA	86	50
ENSMUSG00000027257	98	17	98	27
ENSMUSG00000027259	NA	NA	1	87
ENSMUSG00000027261	20	62	NA	NA
ENSMUSG00000027263	49	33	11	12
ENSMUSG00000027270	54	5	NA	NA
ENSMUSG00000027272	84	13	NA	NA
ENSMUSG00000027273	28	18	NA	NA
ENSMUSG00000027274	44	53	NA	NA
ENSMUSG00000027276	0	17	90	98
ENSMUSG00000027281	NA	NA	5	14
ENSMUSG00000027282	40	15	38	58
ENSMUSG00000027284	NA	NA	74	31
ENSMUSG00000027285	28	62	39	91
ENSMUSG00000027286	22	63	75	62
ENSMUSG00000027287	34	80	NA	NA
ENSMUSG00000027288	89	85	NA	NA
ENSMUSG00000027291	73	23	NA	NA
ENSMUSG00000027293	91	92	NA	NA
ENSMUSG00000027296	15	66	NA	NA
ENSMUSG00000027297	7	65	NA	NA
ENSMUSG00000027298	32	20	NA	NA
ENSMUSG00000027300	49	19	39	12
ENSMUSG00000027301	12	2	NA	NA
ENSMUSG00000027303	24	88	59	9
ENSMUSG00000027304	NA	NA	82	39
ENSMUSG00000027305	19	47	NA	NA
ENSMUSG00000027306	98	79	NA	NA
ENSMUSG00000027309	NA	NA	15	96
ENSMUSG00000027312	76	56	30	66
ENSMUSG00000027313	91	98	NA	NA
ENSMUSG00000027314	14	56	NA	NA
ENSMUSG00000027315	44	96	NA	NA
ENSMUSG00000027317	13	69	NA	NA
ENSMUSG00000027318	21	45	37	41
ENSMUSG00000027322	14	9	NA	NA
ENSMUSG00000027323	92	86	NA	NA
ENSMUSG00000027324	NA	NA	56	48
ENSMUSG00000027326	NA	NA	87	38
ENSMUSG00000027327	83	91	61	73
ENSMUSG00000027329	70	74	25	74
ENSMUSG00000027330	96	97	NA	NA
ENSMUSG00000027331	82	41	80	93
ENSMUSG00000027332	61	58	NA	NA
ENSMUSG00000027333	90	77	NA	NA
ENSMUSG00000027339	77	97	65	58
ENSMUSG00000027340	56	71	NA	NA
ENSMUSG00000027344	53	1	NA	NA
ENSMUSG00000027345	NA	NA	84	11
ENSMUSG00000027346	94	83	3	74
ENSMUSG00000027347	70	17	3	74
ENSMUSG00000027349	NA	NA	84	41
ENSMUSG00000027350	60	5	NA	NA
ENSMUSG00000027351	68	17	75	64
ENSMUSG00000027353	NA	NA	30	64
ENSMUSG00000027355	36	1	NA	NA
ENSMUSG00000027357	NA	NA	94	96
ENSMUSG00000027358	11	52	NA	NA
ENSMUSG00000027359	59	86	NA	NA
ENSMUSG00000027360	38	16	NA	NA
ENSMUSG00000027361	24	59	NA	NA
ENSMUSG00000027363	52	82	NA	NA
ENSMUSG00000027364	NA	NA	51	19
ENSMUSG00000027365	38	58	87	89
ENSMUSG00000027366	85	69	NA	NA
ENSMUSG00000027367	4	21	44	62
ENSMUSG00000027368	40	8	NA	NA
ENSMUSG00000027371	NA	NA	60	86
ENSMUSG00000027374	7	52	2	84
ENSMUSG00000027375	40	20	NA	NA
ENSMUSG00000027376	15	32	NA	NA
ENSMUSG00000027377	71	22	52	73
ENSMUSG00000027378	57	74	NA	NA
ENSMUSG00000027379	98	79	NA	NA
ENSMUSG00000027380	NA	NA	4	84
ENSMUSG00000027381	66	50	NA	NA
ENSMUSG00000027384	30	69	NA	NA
ENSMUSG00000027386	99	99	NA	NA
ENSMUSG00000027387	45	2	NA	NA
ENSMUSG00000027394	37	84	20	21
ENSMUSG00000027395	1	84	NA	NA
ENSMUSG00000027397	51	17	46	17
ENSMUSG00000027398	19	41	NA	NA
ENSMUSG00000027400	15	20	NA	NA
ENSMUSG00000027401	14	67	39	74
ENSMUSG00000027403	NA	NA	33	74
ENSMUSG00000027404	29	71	NA	NA
ENSMUSG00000027406	10	25	NA	NA
ENSMUSG00000027408	51	53	NA	NA
ENSMUSG00000027409	NA	NA	4	25
ENSMUSG00000027411	13	32	NA	NA
ENSMUSG00000027412	71	50	NA	NA
ENSMUSG00000027416	42	55	NA	NA
ENSMUSG00000027419	37	15	13	14
ENSMUSG00000027420	18	5	NA	NA
ENSMUSG00000027422	94	82	70	65
ENSMUSG00000027423	36	91	NA	NA
ENSMUSG00000027424	52	18	NA	NA
ENSMUSG00000027425	NA	NA	85	0
ENSMUSG00000027427	3	72	73	41
ENSMUSG00000027428	42	95	NA	NA
ENSMUSG00000027429	88	19	NA	NA
ENSMUSG00000027430	76	53	NA	NA
ENSMUSG00000027431	NA	NA	45	70
ENSMUSG00000027433	69	72	NA	NA
ENSMUSG00000027434	48	31	NA	NA
ENSMUSG00000027435	73	20	54	25
ENSMUSG00000027438	10	34	NA	NA
ENSMUSG00000027439	NA	NA	75	57
ENSMUSG00000027442	5	72	NA	NA
ENSMUSG00000027443	27	58	NA	NA
ENSMUSG00000027444	73	63	NA	NA
ENSMUSG00000027445	17	37	NA	NA
ENSMUSG00000027446	NA	NA	71	54
ENSMUSG00000027447	96	97	NA	NA
ENSMUSG00000027452	16	25	NA	NA
ENSMUSG00000027454	82	93	NA	NA
ENSMUSG00000027456	53	17	NA	NA
ENSMUSG00000027457	NA	NA	74	4
ENSMUSG00000027459	96	74	NA	NA
ENSMUSG00000027460	24	98	49	99
ENSMUSG00000027463	51	43	NA	NA
ENSMUSG00000027465	68	19	NA	NA
ENSMUSG00000027466	67	44	NA	NA
ENSMUSG00000027469	97	86	NA	NA
ENSMUSG00000027470	49	3	NA	NA
ENSMUSG00000027472	70	88	NA	NA
ENSMUSG00000027474	46	67	35	4
ENSMUSG00000027475	19	66	NA	NA
ENSMUSG00000027478	51	29	61	42
ENSMUSG00000027479	85	8	NA	NA
ENSMUSG00000027480	NA	NA	32	22
ENSMUSG00000027481	22	29	NA	NA
ENSMUSG00000027482	NA	NA	7	65
ENSMUSG00000027483	4	53	NA	NA
ENSMUSG00000027484	NA	NA	2	53
ENSMUSG00000027485	21	46	NA	NA
ENSMUSG00000027487	87	45	NA	NA
ENSMUSG00000027488	15	69	NA	NA
ENSMUSG00000027489	23	53	NA	NA
ENSMUSG00000027490	82	46	NA	NA
ENSMUSG00000027495	51	78	NA	NA
ENSMUSG00000027496	96	95	NA	NA
ENSMUSG00000027498	55	73	NA	NA
ENSMUSG00000027499	4	36	NA	NA
ENSMUSG00000027500	99	77	NA	NA
ENSMUSG00000027502	7	11	NA	NA
ENSMUSG00000027505	NA	NA	70	59
ENSMUSG00000027506	81	63	62	91
ENSMUSG00000027508	4	8	42	33
ENSMUSG00000027509	72	4	NA	NA
ENSMUSG00000027510	95	96	NA	NA
ENSMUSG00000027513	43	0	84	76
ENSMUSG00000027514	29	7	NA	NA
ENSMUSG00000027518	NA	NA	1	29
ENSMUSG00000027519	87	4	89	96
ENSMUSG00000027520	NA	NA	8	60
ENSMUSG00000027522	NA	NA	48	79
ENSMUSG00000027523	6	76	NA	NA
ENSMUSG00000027524	34	11	41	12
ENSMUSG00000027525	NA	NA	10	21
ENSMUSG00000027528	7	12	NA	NA
ENSMUSG00000027530	NA	NA	16	72
ENSMUSG00000027531	85	72	NA	NA
ENSMUSG00000027534	66	70	78	26
ENSMUSG00000027536	12	22	83	39
ENSMUSG00000027540	40	78	NA	NA
ENSMUSG00000027544	53	12	78	57
ENSMUSG00000027546	86	19	NA	NA
ENSMUSG00000027547	40	28	NA	NA
ENSMUSG00000027550	NA	NA	91	0
ENSMUSG00000027551	40	70	86	37
ENSMUSG00000027552	27	48	NA	NA
ENSMUSG00000027555	94	99	87	98
ENSMUSG00000027556	35	49	NA	NA
ENSMUSG00000027559	93	99	59	79
ENSMUSG00000027560	31	40	NA	NA
ENSMUSG00000027562	68	97	NA	NA
ENSMUSG00000027564	NA	NA	48	4
ENSMUSG00000027566	12	93	NA	NA
ENSMUSG00000027568	43	65	NA	NA
ENSMUSG00000027569	NA	NA	33	50
ENSMUSG00000027570	8	47	NA	NA
ENSMUSG00000027573	NA	NA	17	19
ENSMUSG00000027574	39	9	NA	NA
ENSMUSG00000027575	59	77	66	30
ENSMUSG00000027577	38	38	NA	NA
ENSMUSG00000027579	8	8	NA	NA
ENSMUSG00000027580	32	3	NA	NA
ENSMUSG00000027581	65	12	NA	NA
ENSMUSG00000027583	48	31	22	16
ENSMUSG00000027584	55	57	NA	NA
ENSMUSG00000027589	90	91	NA	NA
ENSMUSG00000027593	76	46	42	13
ENSMUSG00000027596	30	7	NA	NA
ENSMUSG00000027598	54	41	73	86
ENSMUSG00000027599	72	33	95	93
ENSMUSG00000027601	73	9	NA	NA
ENSMUSG00000027602	83	19	NA	NA
ENSMUSG00000027603	20	94	NA	NA
ENSMUSG00000027605	91	98	44	26
ENSMUSG00000027606	43	29	NA	NA
ENSMUSG00000027610	71	83	NA	NA
ENSMUSG00000027611	52	90	NA	NA
ENSMUSG00000027612	8	1	22	19
ENSMUSG00000027613	88	96	69	5
ENSMUSG00000027615	74	84	NA	NA
ENSMUSG00000027618	65	28	90	33
ENSMUSG00000027620	56	59	89	96
ENSMUSG00000027624	57	34	NA	NA
ENSMUSG00000027628	12	87	15	29
ENSMUSG00000027630	57	14	40	65
ENSMUSG00000027634	94	83	NA	NA
ENSMUSG00000027635	32	17	NA	NA
ENSMUSG00000027636	5	22	5	70
ENSMUSG00000027637	8	57	NA	NA
ENSMUSG00000027639	78	64	82	70
ENSMUSG00000027641	94	49	59	70
ENSMUSG00000027642	64	13	NA	NA
ENSMUSG00000027643	18	82	NA	NA
ENSMUSG00000027646	74	65	NA	NA
ENSMUSG00000027649	63	95	NA	NA
ENSMUSG00000027650	27	15	NA	NA
ENSMUSG00000027651	55	31	72	94
ENSMUSG00000027652	NA	NA	69	0
ENSMUSG00000027654	NA	NA	98	33
ENSMUSG00000027655	NA	NA	97	83
ENSMUSG00000027656	13	88	NA	NA
ENSMUSG00000027660	74	8	NA	NA
ENSMUSG00000027661	10	38	NA	NA
ENSMUSG00000027663	94	80	NA	NA
ENSMUSG00000027665	4	51	22	81
ENSMUSG00000027667	90	78	NA	NA
ENSMUSG00000027668	42	70	NA	NA
ENSMUSG00000027669	90	71	54	57
ENSMUSG00000027670	35	75	NA	NA
ENSMUSG00000027671	84	90	70	78
ENSMUSG00000027673	37	76	NA	NA
ENSMUSG00000027674	49	58	70	20
ENSMUSG00000027676	NA	NA	14	44
ENSMUSG00000027677	74	25	66	84
ENSMUSG00000027678	10	3	22	61
ENSMUSG00000027679	53	59	74	25
ENSMUSG00000027680	35	58	NA	NA
ENSMUSG00000027684	44	48	76	23
ENSMUSG00000027690	24	11	NA	NA
ENSMUSG00000027692	NA	NA	64	59
ENSMUSG00000027695	95	52	NA	NA
ENSMUSG00000027698	NA	NA	89	95
ENSMUSG00000027699	99	94	NA	NA
ENSMUSG00000027702	NA	NA	14	4
ENSMUSG00000027703	65	66	NA	NA
ENSMUSG00000027706	38	91	NA	NA
ENSMUSG00000027708	71	11	64	69
ENSMUSG00000027709	65	78	4	5
ENSMUSG00000027712	97	84	NA	NA
ENSMUSG00000027713	NA	NA	18	56
ENSMUSG00000027714	10	64	NA	NA
ENSMUSG00000027715	99	92	NA	NA
ENSMUSG00000027716	64	26	NA	NA
ENSMUSG00000027718	51	29	NA	NA
ENSMUSG00000027719	43	73	NA	NA
ENSMUSG00000027720	31	17	NA	NA
ENSMUSG00000027722	27	29	NA	NA
ENSMUSG00000027737	76	20	30	67
ENSMUSG00000027739	7	82	NA	NA
ENSMUSG00000027742	70	83	NA	NA
ENSMUSG00000027744	NA	NA	79	94
ENSMUSG00000027746	4	52	15	30
ENSMUSG00000027748	64	52	60	34
ENSMUSG00000027750	56	83	NA	NA
ENSMUSG00000027751	82	36	36	64
ENSMUSG00000027752	3	71	87	65
ENSMUSG00000027761	41	68	NA	NA
ENSMUSG00000027762	36	39	NA	NA
ENSMUSG00000027763	84	24	28	9
ENSMUSG00000027765	16	74	NA	NA
ENSMUSG00000027770	1	82	51	30
ENSMUSG00000027774	42	71	NA	NA
ENSMUSG00000027775	80	87	NA	NA
ENSMUSG00000027776	45	45	NA	NA
ENSMUSG00000027777	NA	NA	80	90
ENSMUSG00000027778	53	17	NA	NA
ENSMUSG00000027782	61	40	80	54
ENSMUSG00000027784	NA	NA	75	44
ENSMUSG00000027787	82	83	79	4
ENSMUSG00000027792	46	18	15	8
ENSMUSG00000027793	36	11	NA	NA
ENSMUSG00000027794	NA	NA	35	66
ENSMUSG00000027796	59	21	NA	NA
ENSMUSG00000027797	92	94	85	97
ENSMUSG00000027799	95	67	77	38
ENSMUSG00000027800	97	86	51	20
ENSMUSG00000027801	40	48	NA	NA
ENSMUSG00000027803	44	95	NA	NA
ENSMUSG00000027805	93	93	NA	NA
ENSMUSG00000027806	NA	NA	91	98
ENSMUSG00000027808	62	92	NA	NA
ENSMUSG00000027809	13	93	25	72
ENSMUSG00000027810	NA	NA	68	14
ENSMUSG00000027811	NA	NA	99	95
ENSMUSG00000027820	4	41	NA	NA
ENSMUSG00000027822	57	82	NA	NA
ENSMUSG00000027823	NA	NA	18	30
ENSMUSG00000027827	6	40	NA	NA
ENSMUSG00000027828	92	93	95	97
ENSMUSG00000027829	39	3	NA	NA
ENSMUSG00000027831	NA	NA	3	34
ENSMUSG00000027832	20	94	NA	NA
ENSMUSG00000027833	26	13	51	98
ENSMUSG00000027834	4	7	73	17
ENSMUSG00000027835	87	28	56	42
ENSMUSG00000027840	76	59	NA	NA
ENSMUSG00000027843	93	18	NA	NA
ENSMUSG00000027845	33	5	71	11
ENSMUSG00000027849	39	19	NA	NA
ENSMUSG00000027852	33	62	NA	NA
ENSMUSG00000027854	42	70	63	77
ENSMUSG00000027855	18	9	NA	NA
ENSMUSG00000027857	10	2	NA	NA
ENSMUSG00000027858	1	27	NA	NA
ENSMUSG00000027859	12	71	NA	NA
ENSMUSG00000027860	57	47	54	87
ENSMUSG00000027861	92	67	NA	NA
ENSMUSG00000027863	54	6	NA	NA
ENSMUSG00000027864	60	55	98	98
ENSMUSG00000027865	42	81	NA	NA
ENSMUSG00000027867	NA	NA	68	47
ENSMUSG00000027868	13	60	NA	NA
ENSMUSG00000027870	68	3	NA	NA
ENSMUSG00000027871	3	41	NA	NA
ENSMUSG00000027875	75	69	NA	NA
ENSMUSG00000027876	43	62	NA	NA
ENSMUSG00000027878	94	82	NA	NA
ENSMUSG00000027879	86	98	95	98
ENSMUSG00000027880	NA	NA	14	65
ENSMUSG00000027881	89	37	86	61
ENSMUSG00000027882	88	57	NA	NA
ENSMUSG00000027883	90	39	NA	NA
ENSMUSG00000027884	24	77	NA	NA
ENSMUSG00000027886	NA	NA	14	72
ENSMUSG00000027887	31	68	NA	NA
ENSMUSG00000027889	78	56	NA	NA
ENSMUSG00000027890	36	51	NA	NA
ENSMUSG00000027893	68	9	NA	NA
ENSMUSG00000027894	48	79	52	29
ENSMUSG00000027895	11	14	NA	NA
ENSMUSG00000027896	35	42	NA	NA
ENSMUSG00000027900	83	81	20	48
ENSMUSG00000027901	66	21	NA	NA
ENSMUSG00000027905	75	53	NA	NA
ENSMUSG00000027908	NA	NA	22	34
ENSMUSG00000027912	NA	NA	14	44
ENSMUSG00000027913	76	21	NA	NA
ENSMUSG00000027919	44	26	NA	NA
ENSMUSG00000027923	67	18	NA	NA
ENSMUSG00000027925	59	12	NA	NA
ENSMUSG00000027927	NA	NA	10	42
ENSMUSG00000027931	59	93	NA	NA
ENSMUSG00000027932	41	90	NA	NA
ENSMUSG00000027933	25	94	NA	NA
ENSMUSG00000027935	95	95	NA	NA
ENSMUSG00000027936	14	7	89	91
ENSMUSG00000027937	65	97	NA	NA
ENSMUSG00000027938	28	17	NA	NA
ENSMUSG00000027939	NA	NA	76	52
ENSMUSG00000027940	98	3	NA	NA
ENSMUSG00000027947	23	36	NA	NA
ENSMUSG00000027950	6	17	20	68
ENSMUSG00000027951	53	17	69	37
ENSMUSG00000027952	97	47	NA	NA
ENSMUSG00000027953	85	87	NA	NA
ENSMUSG00000027954	16	8	NA	NA
ENSMUSG00000027955	73	78	16	77
ENSMUSG00000027956	16	30	NA	NA
ENSMUSG00000027957	37	7	88	97
ENSMUSG00000027959	25	27	62	11
ENSMUSG00000027961	NA	NA	53	6
ENSMUSG00000027962	74	95	42	34
ENSMUSG00000027963	11	66	NA	NA
ENSMUSG00000027965	6	19	NA	NA
ENSMUSG00000027966	43	65	NA	NA
ENSMUSG00000027967	44	26	NA	NA
ENSMUSG00000027968	70	83	NA	NA
ENSMUSG00000027971	44	10	48	28
ENSMUSG00000027973	NA	NA	47	61
ENSMUSG00000027977	44	86	30	18
ENSMUSG00000027978	23	35	NA	NA
ENSMUSG00000027981	75	15	NA	NA
ENSMUSG00000027983	NA	NA	1	20
ENSMUSG00000027984	58	29	NA	NA
ENSMUSG00000027985	42	14	86	12
ENSMUSG00000027993	76	97	97	99
ENSMUSG00000027994	99	51	NA	NA
ENSMUSG00000027995	86	99	NA	NA
ENSMUSG00000027996	99	100	NA	NA
ENSMUSG00000027997	88	78	53	64
ENSMUSG00000027998	85	81	NA	NA
ENSMUSG00000027999	74	10	NA	NA
ENSMUSG00000028001	18	77	NA	NA
ENSMUSG00000028003	56	3	52	74
ENSMUSG00000028004	47	53	NA	NA
ENSMUSG00000028005	11	36	NA	NA
ENSMUSG00000028007	NA	NA	27	99
ENSMUSG00000028008	14	66	NA	NA
ENSMUSG00000028009	NA	NA	71	7
ENSMUSG00000028010	48	97	NA	NA
ENSMUSG00000028011	58	18	49	19
ENSMUSG00000028012	22	12	NA	NA
ENSMUSG00000028013	36	12	NA	NA
ENSMUSG00000028015	NA	NA	97	97
ENSMUSG00000028016	62	24	91	26
ENSMUSG00000028017	17	25	NA	NA
ENSMUSG00000028018	NA	NA	44	84
ENSMUSG00000028019	93	95	NA	NA
ENSMUSG00000028020	54	56	90	93
ENSMUSG00000028023	94	98	NA	NA
ENSMUSG00000028024	95	76	NA	NA
ENSMUSG00000028028	NA	NA	74	54
ENSMUSG00000028029	76	90	NA	NA
ENSMUSG00000028030	NA	NA	78	90
ENSMUSG00000028031	33	66	NA	NA
ENSMUSG00000028032	95	43	NA	NA
ENSMUSG00000028033	33	13	51	12
ENSMUSG00000028034	47	83	67	17
ENSMUSG00000028035	83	29	55	23
ENSMUSG00000028036	69	88	68	16
ENSMUSG00000028037	69	73	NA	NA
ENSMUSG00000028039	37	44	68	41
ENSMUSG00000028040	80	25	NA	NA
ENSMUSG00000028041	72	23	NA	NA
ENSMUSG00000028042	62	26	NA	NA
ENSMUSG00000028044	97	67	NA	NA
ENSMUSG00000028047	63	7	NA	NA
ENSMUSG00000028048	40	92	NA	NA
ENSMUSG00000028049	50	6	NA	NA
ENSMUSG00000028051	6	56	NA	NA
ENSMUSG00000028053	21	18	NA	NA
ENSMUSG00000028057	61	84	NA	NA
ENSMUSG00000028059	70	41	NA	NA
ENSMUSG00000028060	77	61	32	8
ENSMUSG00000028062	63	95	NA	NA
ENSMUSG00000028063	33	34	98	87
ENSMUSG00000028064	3	68	NA	NA
ENSMUSG00000028066	49	72	NA	NA
ENSMUSG00000028068	97	79	47	42
ENSMUSG00000028069	52	75	NA	NA
ENSMUSG00000028070	38	87	80	91
ENSMUSG00000028071	26	28	NA	NA
ENSMUSG00000028072	NA	NA	78	87
ENSMUSG00000028073	4	3	24	82
ENSMUSG00000028076	75	88	NA	NA
ENSMUSG00000028078	NA	NA	47	19
ENSMUSG00000028080	76	77	NA	NA
ENSMUSG00000028082	94	66	NA	NA
ENSMUSG00000028085	56	32	NA	NA
ENSMUSG00000028086	97	37	NA	NA
ENSMUSG00000028088	50	11	96	20
ENSMUSG00000028089	49	85	NA	NA
ENSMUSG00000028093	90	25	NA	NA
ENSMUSG00000028096	66	78	NA	NA
ENSMUSG00000028098	50	33	NA	NA
ENSMUSG00000028099	64	75	NA	NA
ENSMUSG00000028100	NA	NA	82	26
ENSMUSG00000028101	74	33	NA	NA
ENSMUSG00000028102	5	65	NA	NA
ENSMUSG00000028104	82	74	NA	NA
ENSMUSG00000028106	29	60	93	27
ENSMUSG00000028107	96	94	NA	NA
ENSMUSG00000028111	43	46	NA	NA
ENSMUSG00000028114	NA	NA	21	60
ENSMUSG00000028116	99	75	NA	NA
ENSMUSG00000028121	54	81	49	28
ENSMUSG00000028124	69	74	26	76
ENSMUSG00000028125	67	0	NA	NA
ENSMUSG00000028126	63	66	NA	NA
ENSMUSG00000028127	30	79	73	46
ENSMUSG00000028128	87	99	NA	NA
ENSMUSG00000028132	34	12	83	0
ENSMUSG00000028133	25	0	NA	NA
ENSMUSG00000028134	15	72	NA	NA
ENSMUSG00000028136	NA	NA	88	85
ENSMUSG00000028137	NA	NA	81	36
ENSMUSG00000028138	47	16	77	0
ENSMUSG00000028139	NA	NA	44	16
ENSMUSG00000028140	45	58	2	80
ENSMUSG00000028141	NA	NA	66	45
ENSMUSG00000028145	89	91	70	47
ENSMUSG00000028148	NA	NA	46	58
ENSMUSG00000028149	26	72	NA	NA
ENSMUSG00000028150	35	22	NA	NA
ENSMUSG00000028152	67	90	20	75
ENSMUSG00000028156	19	40	NA	NA
ENSMUSG00000028158	92	31	39	45
ENSMUSG00000028159	62	11	NA	NA
ENSMUSG00000028161	2	98	NA	NA
ENSMUSG00000028163	55	55	NA	NA
ENSMUSG00000028164	83	84	NA	NA
ENSMUSG00000028165	NA	NA	69	43
ENSMUSG00000028167	NA	NA	28	99
ENSMUSG00000028172	52	12	4	55
ENSMUSG00000028173	81	98	NA	NA
ENSMUSG00000028174	28	34	NA	NA
ENSMUSG00000028177	NA	NA	34	7
ENSMUSG00000028180	94	50	NA	NA
ENSMUSG00000028182	NA	NA	58	13
ENSMUSG00000028184	NA	NA	98	99
ENSMUSG00000028185	14	51	NA	NA
ENSMUSG00000028186	7	48	NA	NA
ENSMUSG00000028187	55	22	33	2
ENSMUSG00000028188	NA	NA	37	47
ENSMUSG00000028189	58	19	52	80
ENSMUSG00000028191	8	75	NA	NA
ENSMUSG00000028194	NA	NA	97	98
ENSMUSG00000028195	81	53	NA	NA
ENSMUSG00000028197	NA	NA	51	36
ENSMUSG00000028199	73	9	NA	NA
ENSMUSG00000028207	91	44	46	34
ENSMUSG00000028211	90	79	NA	NA
ENSMUSG00000028212	80	21	NA	NA
ENSMUSG00000028214	58	68	NA	NA
ENSMUSG00000028217	25	73	NA	NA
ENSMUSG00000028218	91	84	80	8
ENSMUSG00000028221	66	45	NA	NA
ENSMUSG00000028222	33	39	8	80
ENSMUSG00000028223	67	97	NA	NA
ENSMUSG00000028224	24	23	NA	NA
ENSMUSG00000028226	3	76	21	25
ENSMUSG00000028228	89	13	91	68
ENSMUSG00000028229	98	85	41	4
ENSMUSG00000028232	67	86	NA	NA
ENSMUSG00000028233	73	42	NA	NA
ENSMUSG00000028234	16	46	NA	NA
ENSMUSG00000028236	NA	NA	71	35
ENSMUSG00000028238	NA	NA	7	47
ENSMUSG00000028240	4	8	NA	NA
ENSMUSG00000028243	65	70	85	83
ENSMUSG00000028245	23	15	NA	NA
ENSMUSG00000028246	NA	NA	19	3
ENSMUSG00000028247	70	62	NA	NA
ENSMUSG00000028248	NA	NA	10	54
ENSMUSG00000028249	93	94	35	73
ENSMUSG00000028251	NA	NA	96	99
ENSMUSG00000028252	64	71	NA	NA
ENSMUSG00000028255	47	37	NA	NA
ENSMUSG00000028256	1	43	NA	NA
ENSMUSG00000028259	49	26	NA	NA
ENSMUSG00000028261	69	34	NA	NA
ENSMUSG00000028262	57	71	15	14
ENSMUSG00000028264	NA	NA	21	8
ENSMUSG00000028266	82	1	NA	NA
ENSMUSG00000028268	31	34	NA	NA
ENSMUSG00000028270	40	54	NA	NA
ENSMUSG00000028271	1	98	16	13
ENSMUSG00000028273	59	90	NA	NA
ENSMUSG00000028274	3	44	NA	NA
ENSMUSG00000028277	62	3	NA	NA
ENSMUSG00000028278	24	45	74	97
ENSMUSG00000028280	50	26	NA	NA
ENSMUSG00000028282	91	49	NA	NA
ENSMUSG00000028284	81	86	32	48
ENSMUSG00000028287	NA	NA	9	38
ENSMUSG00000028289	46	32	57	10
ENSMUSG00000028291	28	62	NA	NA
ENSMUSG00000028292	81	7	NA	NA
ENSMUSG00000028293	80	89	NA	NA
ENSMUSG00000028294	NA	NA	13	56
ENSMUSG00000028295	80	93	NA	NA
ENSMUSG00000028298	28	25	NA	NA
ENSMUSG00000028300	82	79	NA	NA
ENSMUSG00000028307	80	4	NA	NA
ENSMUSG00000028309	46	32	67	14
ENSMUSG00000028310	NA	NA	71	18
ENSMUSG00000028312	99	96	57	47
ENSMUSG00000028314	28	22	NA	NA
ENSMUSG00000028318	64	91	NA	NA
ENSMUSG00000028322	NA	NA	82	68
ENSMUSG00000028327	NA	NA	41	74
ENSMUSG00000028328	93	56	NA	NA
ENSMUSG00000028329	90	81	NA	NA
ENSMUSG00000028330	24	74	NA	NA
ENSMUSG00000028331	NA	NA	47	79
ENSMUSG00000028332	56	56	NA	NA
ENSMUSG00000028334	75	74	NA	NA
ENSMUSG00000028337	39	41	NA	NA
ENSMUSG00000028339	55	79	NA	NA
ENSMUSG00000028341	20	7	95	58
ENSMUSG00000028343	34	74	NA	NA
ENSMUSG00000028344	20	79	23	61
ENSMUSG00000028345	77	83	NA	NA
ENSMUSG00000028347	41	95	NA	NA
ENSMUSG00000028348	78	99	NA	NA
ENSMUSG00000028351	23	30	NA	NA
ENSMUSG00000028354	52	49	NA	NA
ENSMUSG00000028356	15	22	NA	NA
ENSMUSG00000028357	46	42	73	43
ENSMUSG00000028358	NA	NA	68	52
ENSMUSG00000028359	10	75	NA	NA
ENSMUSG00000028362	31	5	NA	NA
ENSMUSG00000028364	53	94	NA	NA
ENSMUSG00000028369	88	97	NA	NA
ENSMUSG00000028370	26	1	61	36
ENSMUSG00000028373	4	34	NA	NA
ENSMUSG00000028378	89	92	NA	NA
ENSMUSG00000028381	60	62	NA	NA
ENSMUSG00000028382	85	46	NA	NA
ENSMUSG00000028383	44	81	NA	NA
ENSMUSG00000028385	17	44	40	23
ENSMUSG00000028386	36	65	59	24
ENSMUSG00000028389	27	41	NA	NA
ENSMUSG00000028391	54	28	70	33
ENSMUSG00000028392	81	77	NA	NA
ENSMUSG00000028393	29	96	NA	NA
ENSMUSG00000028394	43	60	NA	NA
ENSMUSG00000028396	NA	NA	26	66
ENSMUSG00000028397	58	70	NA	NA
ENSMUSG00000028398	83	51	NA	NA
ENSMUSG00000028399	96	55	72	38
ENSMUSG00000028402	97	33	35	25
ENSMUSG00000028403	NA	NA	91	86
ENSMUSG00000028405	91	27	NA	NA
ENSMUSG00000028407	76	35	NA	NA
ENSMUSG00000028409	56	67	NA	NA
ENSMUSG00000028410	63	34	NA	NA
ENSMUSG00000028411	82	93	NA	NA
ENSMUSG00000028412	85	93	NA	NA
ENSMUSG00000028413	74	86	NA	NA
ENSMUSG00000028414	44	47	76	81
ENSMUSG00000028415	88	29	NA	NA
ENSMUSG00000028416	95	71	NA	NA
ENSMUSG00000028417	30	9	NA	NA
ENSMUSG00000028419	3	79	NA	NA
ENSMUSG00000028420	92	48	NA	NA
ENSMUSG00000028423	59	69	58	27
ENSMUSG00000028426	45	77	20	18
ENSMUSG00000028427	49	64	NA	NA
ENSMUSG00000028430	44	30	NA	NA
ENSMUSG00000028431	57	84	NA	NA
ENSMUSG00000028433	32	60	NA	NA
ENSMUSG00000028434	57	15	15	49
ENSMUSG00000028435	45	54	NA	NA
ENSMUSG00000028436	62	62	66	46
ENSMUSG00000028437	1	21	NA	NA
ENSMUSG00000028438	NA	NA	57	83
ENSMUSG00000028439	NA	NA	81	68
ENSMUSG00000028441	NA	NA	83	78
ENSMUSG00000028443	86	93	NA	NA
ENSMUSG00000028444	51	34	NA	NA
ENSMUSG00000028445	NA	NA	99	93
ENSMUSG00000028447	75	10	NA	NA
ENSMUSG00000028452	75	25	NA	NA
ENSMUSG00000028453	53	5	NA	NA
ENSMUSG00000028454	7	89	NA	NA
ENSMUSG00000028456	0	32	17	78
ENSMUSG00000028458	21	52	NA	NA
ENSMUSG00000028459	4	13	NA	NA
ENSMUSG00000028460	24	8	NA	NA
ENSMUSG00000028461	95	41	NA	NA
ENSMUSG00000028463	98	96	NA	NA
ENSMUSG00000028464	52	20	NA	NA
ENSMUSG00000028465	70	15	31	85
ENSMUSG00000028466	92	78	NA	NA
ENSMUSG00000028467	63	19	NA	NA
ENSMUSG00000028468	NA	NA	80	87
ENSMUSG00000028469	42	93	NA	NA
ENSMUSG00000028470	90	74	NA	NA
ENSMUSG00000028475	NA	NA	26	44
ENSMUSG00000028476	61	79	NA	NA
ENSMUSG00000028478	86	20	NA	NA
ENSMUSG00000028479	62	4	27	6
ENSMUSG00000028480	88	16	NA	NA
ENSMUSG00000028483	94	58	35	8
ENSMUSG00000028484	95	55	NA	NA
ENSMUSG00000028487	NA	NA	87	95
ENSMUSG00000028488	5	63	NA	NA
ENSMUSG00000028492	NA	NA	13	60
ENSMUSG00000028494	24	86	NA	NA
ENSMUSG00000028496	54	63	93	30
ENSMUSG00000028497	99	99	NA	NA
ENSMUSG00000028514	19	31	62	49
ENSMUSG00000028517	83	99	NA	NA
ENSMUSG00000028518	NA	NA	76	41
ENSMUSG00000028519	38	6	NA	NA
ENSMUSG00000028520	NA	NA	56	93
ENSMUSG00000028521	14	52	68	70
ENSMUSG00000028522	NA	NA	79	36
ENSMUSG00000028523	46	28	NA	NA
ENSMUSG00000028524	38	51	36	57
ENSMUSG00000028525	74	98	33	66
ENSMUSG00000028527	93	97	NA	NA
ENSMUSG00000028528	NA	NA	62	71
ENSMUSG00000028530	52	52	NA	NA
ENSMUSG00000028532	76	36	NA	NA
ENSMUSG00000028533	NA	NA	6	77
ENSMUSG00000028536	54	18	NA	NA
ENSMUSG00000028538	89	9	NA	NA
ENSMUSG00000028539	97	67	NA	NA
ENSMUSG00000028540	58	77	NA	NA
ENSMUSG00000028541	36	76	NA	NA
ENSMUSG00000028542	98	80	NA	NA
ENSMUSG00000028544	21	48	92	27
ENSMUSG00000028545	NA	NA	29	51
ENSMUSG00000028546	44	34	NA	NA
ENSMUSG00000028549	37	69	24	54
ENSMUSG00000028550	NA	NA	67	60
ENSMUSG00000028551	91	66	NA	NA
ENSMUSG00000028552	33	17	3	41
ENSMUSG00000028553	53	35	NA	NA
ENSMUSG00000028555	NA	NA	15	63
ENSMUSG00000028556	72	28	NA	NA
ENSMUSG00000028557	68	93	37	43
ENSMUSG00000028559	85	94	82	63
ENSMUSG00000028560	96	54	NA	NA
ENSMUSG00000028565	49	69	72	32
ENSMUSG00000028567	3	59	49	92
ENSMUSG00000028568	56	18	NA	NA
ENSMUSG00000028571	39	73	NA	NA
ENSMUSG00000028572	NA	NA	83	2
ENSMUSG00000028573	42	92	NA	NA
ENSMUSG00000028575	5	43	37	22
ENSMUSG00000028576	89	89	NA	NA
ENSMUSG00000028577	79	77	92	85
ENSMUSG00000028578	39	70	NA	NA
ENSMUSG00000028580	6	43	NA	NA
ENSMUSG00000028581	0	26	NA	NA
ENSMUSG00000028582	NA	NA	17	70
ENSMUSG00000028583	44	7	NA	NA
ENSMUSG00000028584	NA	NA	53	15
ENSMUSG00000028587	31	14	3	8
ENSMUSG00000028589	NA	NA	51	55
ENSMUSG00000028590	NA	NA	48	24
ENSMUSG00000028591	NA	NA	0	7
ENSMUSG00000028597	82	55	NA	NA
ENSMUSG00000028599	9	20	NA	NA
ENSMUSG00000028600	NA	NA	61	26
ENSMUSG00000028601	51	75	NA	NA
ENSMUSG00000028602	9	10	NA	NA
ENSMUSG00000028607	18	52	NA	NA
ENSMUSG00000028608	78	59	71	46
ENSMUSG00000028610	48	12	NA	NA
ENSMUSG00000028612	NA	NA	81	73
ENSMUSG00000028613	13	19	82	59
ENSMUSG00000028614	8	94	71	70
ENSMUSG00000028617	75	20	NA	NA
ENSMUSG00000028619	82	7	58	37
ENSMUSG00000028621	6	48	NA	NA
ENSMUSG00000028622	85	80	NA	NA
ENSMUSG00000028626	17	29	NA	NA
ENSMUSG00000028629	NA	NA	98	96
ENSMUSG00000028630	NA	NA	11	23
ENSMUSG00000028631	NA	NA	20	29
ENSMUSG00000028633	75	91	NA	NA
ENSMUSG00000028634	33	33	11	5
ENSMUSG00000028635	53	0	NA	NA
ENSMUSG00000028636	47	6	NA	NA
ENSMUSG00000028637	NA	NA	26	51
ENSMUSG00000028639	56	0	NA	NA
ENSMUSG00000028640	29	20	NA	NA
ENSMUSG00000028641	43	56	NA	NA
ENSMUSG00000028643	90	42	NA	NA
ENSMUSG00000028644	0	8	NA	NA
ENSMUSG00000028645	65	7	NA	NA
ENSMUSG00000028646	71	84	86	96
ENSMUSG00000028647	73	31	NA	NA
ENSMUSG00000028648	81	96	NA	NA
ENSMUSG00000028649	70	63	NA	NA
ENSMUSG00000028651	35	92	NA	NA
ENSMUSG00000028653	95	80	NA	NA
ENSMUSG00000028654	87	73	NA	NA
ENSMUSG00000028655	NA	NA	96	95
ENSMUSG00000028656	93	77	NA	NA
ENSMUSG00000028657	90	67	NA	NA
ENSMUSG00000028661	0	33	NA	NA
ENSMUSG00000028664	78	80	NA	NA
ENSMUSG00000028668	19	63	NA	NA
ENSMUSG00000028669	72	63	NA	NA
ENSMUSG00000028670	39	26	NA	NA
ENSMUSG00000028671	97	50	NA	NA
ENSMUSG00000028672	65	60	NA	NA
ENSMUSG00000028673	72	80	NA	NA
ENSMUSG00000028675	28	97	NA	NA
ENSMUSG00000028676	79	86	NA	NA
ENSMUSG00000028677	8	75	0	70
ENSMUSG00000028678	99	96	NA	NA
ENSMUSG00000028680	49	35	NA	NA
ENSMUSG00000028681	25	21	49	47
ENSMUSG00000028683	NA	NA	89	12
ENSMUSG00000028684	46	82	50	93
ENSMUSG00000028687	2	47	NA	NA
ENSMUSG00000028688	34	37	NA	NA
ENSMUSG00000028689	82	69	65	59
ENSMUSG00000028690	86	62	NA	NA
ENSMUSG00000028691	86	94	NA	NA
ENSMUSG00000028692	43	50	NA	NA
ENSMUSG00000028693	89	93	3	17
ENSMUSG00000028696	38	67	NA	NA
ENSMUSG00000028698	NA	NA	98	98
ENSMUSG00000028699	49	10	NA	NA
ENSMUSG00000028700	69	29	28	46
ENSMUSG00000028701	NA	NA	75	75
ENSMUSG00000028702	91	79	84	67
ENSMUSG00000028703	20	40	28	38
ENSMUSG00000028706	96	58	6	86
ENSMUSG00000028707	43	49	NA	NA
ENSMUSG00000028708	87	74	NA	NA
ENSMUSG00000028709	NA	NA	83	28
ENSMUSG00000028710	NA	NA	59	21
ENSMUSG00000028712	NA	NA	45	29
ENSMUSG00000028713	6	3	NA	NA
ENSMUSG00000028715	10	30	NA	NA
ENSMUSG00000028716	19	11	NA	NA
ENSMUSG00000028717	16	4	NA	NA
ENSMUSG00000028718	96	16	NA	NA
ENSMUSG00000028719	81	72	90	21
ENSMUSG00000028729	86	24	NA	NA
ENSMUSG00000028730	NA	NA	14	39
ENSMUSG00000028736	95	35	99	1
ENSMUSG00000028737	19	14	NA	NA
ENSMUSG00000028738	52	86	NA	NA
ENSMUSG00000028743	53	79	21	48
ENSMUSG00000028744	12	32	NA	NA
ENSMUSG00000028745	82	1	NA	NA
ENSMUSG00000028747	66	55	NA	NA
ENSMUSG00000028749	13	5	NA	NA
ENSMUSG00000028750	54	15	NA	NA
ENSMUSG00000028751	97	74	NA	NA
ENSMUSG00000028755	42	55	NA	NA
ENSMUSG00000028756	92	32	93	47
ENSMUSG00000028757	89	88	NA	NA
ENSMUSG00000028758	40	43	NA	NA
ENSMUSG00000028759	61	37	79	80
ENSMUSG00000028760	61	38	40	50
ENSMUSG00000028763	53	68	NA	NA
ENSMUSG00000028766	17	20	NA	NA
ENSMUSG00000028771	72	87	NA	NA
ENSMUSG00000028772	68	29	76	5
ENSMUSG00000028776	29	89	NA	NA
ENSMUSG00000028778	NA	NA	24	53
ENSMUSG00000028779	83	32	NA	NA
ENSMUSG00000028780	25	10	38	69
ENSMUSG00000028782	NA	NA	51	65
ENSMUSG00000028785	2	13	NA	NA
ENSMUSG00000028786	42	7	NA	NA
ENSMUSG00000028788	77	17	NA	NA
ENSMUSG00000028789	NA	NA	71	20
ENSMUSG00000028790	73	32	NA	NA
ENSMUSG00000028792	17	75	NA	NA
ENSMUSG00000028793	83	36	NA	NA
ENSMUSG00000028795	NA	NA	23	46
ENSMUSG00000028796	77	96	NA	NA
ENSMUSG00000028797	46	73	30	13
ENSMUSG00000028798	9	77	NA	NA
ENSMUSG00000028799	82	69	NA	NA
ENSMUSG00000028801	NA	NA	59	20
ENSMUSG00000028803	NA	NA	73	27
ENSMUSG00000028804	NA	NA	49	27
ENSMUSG00000028807	40	66	NA	NA
ENSMUSG00000028809	77	70	84	58
ENSMUSG00000028811	90	94	65	23
ENSMUSG00000028820	69	94	NA	NA
ENSMUSG00000028821	84	78	NA	NA
ENSMUSG00000028822	NA	NA	50	91
ENSMUSG00000028825	79	56	NA	NA
ENSMUSG00000028826	NA	NA	39	0
ENSMUSG00000028830	93	10	NA	NA
ENSMUSG00000028833	40	33	NA	NA
ENSMUSG00000028834	NA	NA	44	66
ENSMUSG00000028836	43	47	NA	NA
ENSMUSG00000028837	87	15	NA	NA
ENSMUSG00000028838	99	75	NA	NA
ENSMUSG00000028840	87	3	69	93
ENSMUSG00000028841	NA	NA	72	27
ENSMUSG00000028842	NA	NA	18	30
ENSMUSG00000028843	97	12	NA	NA
ENSMUSG00000028847	12	68	NA	NA
ENSMUSG00000028848	77	57	NA	NA
ENSMUSG00000028849	64	85	NA	NA
ENSMUSG00000028850	NA	NA	14	71
ENSMUSG00000028854	27	48	NA	NA
ENSMUSG00000028857	11	38	NA	NA
ENSMUSG00000028859	3	24	NA	NA
ENSMUSG00000028860	18	86	NA	NA
ENSMUSG00000028861	76	4	2	48
ENSMUSG00000028862	42	70	NA	NA
ENSMUSG00000028863	NA	NA	47	60
ENSMUSG00000028864	62	65	NA	NA
ENSMUSG00000028865	NA	NA	23	35
ENSMUSG00000028868	73	66	83	92
ENSMUSG00000028869	90	2	NA	NA
ENSMUSG00000028871	24	63	NA	NA
ENSMUSG00000028873	NA	NA	99	97
ENSMUSG00000028874	21	49	68	2
ENSMUSG00000028876	NA	NA	30	63
ENSMUSG00000028878	67	66	NA	NA
ENSMUSG00000028879	31	87	67	80
ENSMUSG00000028882	80	79	NA	NA
ENSMUSG00000028883	7	13	NA	NA
ENSMUSG00000028884	22	71	NA	NA
ENSMUSG00000028885	99	81	NA	NA
ENSMUSG00000028886	50	65	37	36
ENSMUSG00000028890	56	50	31	85
ENSMUSG00000028893	86	58	NA	NA
ENSMUSG00000028894	79	38	NA	NA
ENSMUSG00000028896	83	95	NA	NA
ENSMUSG00000028898	NA	NA	98	53
ENSMUSG00000028899	73	5	NA	NA
ENSMUSG00000028901	11	81	61	51
ENSMUSG00000028902	13	76	NA	NA
ENSMUSG00000028906	59	22	54	79
ENSMUSG00000028907	84	75	4	48
ENSMUSG00000028909	22	35	21	46
ENSMUSG00000028910	85	93	7	59
ENSMUSG00000028911	83	76	NA	NA
ENSMUSG00000028914	47	30	NA	NA
ENSMUSG00000028917	NA	NA	76	41
ENSMUSG00000028919	NA	NA	95	97
ENSMUSG00000028920	20	15	69	68
ENSMUSG00000028923	20	25	NA	NA
ENSMUSG00000028926	97	95	NA	NA
ENSMUSG00000028927	83	64	NA	NA
ENSMUSG00000028931	50	34	NA	NA
ENSMUSG00000028932	77	0	79	46
ENSMUSG00000028933	68	42	NA	NA
ENSMUSG00000028936	37	81	NA	NA
ENSMUSG00000028937	89	87	NA	NA
ENSMUSG00000028938	50	49	NA	NA
ENSMUSG00000028940	11	34	NA	NA
ENSMUSG00000028943	25	26	NA	NA
ENSMUSG00000028944	33	24	40	12
ENSMUSG00000028945	75	85	NA	NA
ENSMUSG00000028946	21	2	NA	NA
ENSMUSG00000028948	NA	NA	26	90
ENSMUSG00000028949	89	72	NA	NA
ENSMUSG00000028950	6	76	NA	NA
ENSMUSG00000028952	70	54	NA	NA
ENSMUSG00000028953	93	88	NA	NA
ENSMUSG00000028954	57	77	NA	NA
ENSMUSG00000028955	23	56	NA	NA
ENSMUSG00000028957	69	89	8	24
ENSMUSG00000028958	28	2	NA	NA
ENSMUSG00000028959	45	34	NA	NA
ENSMUSG00000028960	17	74	NA	NA
ENSMUSG00000028961	90	74	NA	NA
ENSMUSG00000028962	3	47	NA	NA
ENSMUSG00000028963	70	60	NA	NA
ENSMUSG00000028964	21	48	NA	NA
ENSMUSG00000028965	3	7	NA	NA
ENSMUSG00000028967	95	99	NA	NA
ENSMUSG00000028969	66	88	NA	NA
ENSMUSG00000028970	55	36	NA	NA
ENSMUSG00000028971	23	45	NA	NA
ENSMUSG00000028972	99	4	NA	NA
ENSMUSG00000028973	71	11	NA	NA
ENSMUSG00000028975	93	58	NA	NA
ENSMUSG00000028976	48	11	NA	NA
ENSMUSG00000028977	NA	NA	37	76
ENSMUSG00000028978	16	5	NA	NA
ENSMUSG00000028979	43	67	NA	NA
ENSMUSG00000028980	47	22	NA	NA
ENSMUSG00000028982	98	84	NA	NA
ENSMUSG00000028986	42	38	NA	NA
ENSMUSG00000028988	91	25	NA	NA
ENSMUSG00000028989	6	65	NA	NA
ENSMUSG00000028990	NA	NA	89	55
ENSMUSG00000028991	86	72	NA	NA
ENSMUSG00000028992	80	4	NA	NA
ENSMUSG00000028995	94	16	NA	NA
ENSMUSG00000028996	30	16	NA	NA
ENSMUSG00000028998	77	77	NA	NA
ENSMUSG00000028999	NA	NA	72	28
ENSMUSG00000029001	NA	NA	40	23
ENSMUSG00000029003	14	80	NA	NA
ENSMUSG00000029004	72	74	97	91
ENSMUSG00000029005	NA	NA	24	46
ENSMUSG00000029007	2	31	NA	NA
ENSMUSG00000029009	74	48	NA	NA
ENSMUSG00000029012	49	70	NA	NA
ENSMUSG00000029014	24	45	NA	NA
ENSMUSG00000029015	58	20	NA	NA
ENSMUSG00000029016	52	67	96	94
ENSMUSG00000029017	36	0	NA	NA
ENSMUSG00000029019	58	72	NA	NA
ENSMUSG00000029020	81	60	NA	NA
ENSMUSG00000029022	80	50	NA	NA
ENSMUSG00000029026	8	26	NA	NA
ENSMUSG00000029027	1	81	NA	NA
ENSMUSG00000029028	NA	NA	14	65
ENSMUSG00000029029	34	97	NA	NA
ENSMUSG00000029030	69	37	NA	NA
ENSMUSG00000029032	62	32	NA	NA
ENSMUSG00000029033	NA	NA	46	56
ENSMUSG00000029034	79	87	NA	NA
ENSMUSG00000029036	65	94	NA	NA
ENSMUSG00000029038	68	87	NA	NA
ENSMUSG00000029044	NA	NA	37	26
ENSMUSG00000029047	NA	NA	57	78
ENSMUSG00000029048	3	2	NA	NA
ENSMUSG00000029049	NA	NA	53	73
ENSMUSG00000029050	86	9	97	95
ENSMUSG00000029053	NA	NA	25	57
ENSMUSG00000029054	63	21	NA	NA
ENSMUSG00000029055	NA	NA	32	44
ENSMUSG00000029056	NA	NA	36	28
ENSMUSG00000029059	97	1	NA	NA
ENSMUSG00000029060	97	32	NA	NA
ENSMUSG00000029061	68	96	NA	NA
ENSMUSG00000029062	69	75	NA	NA
ENSMUSG00000029063	61	93	NA	NA
ENSMUSG00000029064	60	25	NA	NA
ENSMUSG00000029066	5	92	NA	NA
ENSMUSG00000029068	67	82	NA	NA
ENSMUSG00000029070	89	98	NA	NA
ENSMUSG00000029071	70	7	NA	NA
ENSMUSG00000029072	61	59	NA	NA
ENSMUSG00000029073	16	3	NA	NA
ENSMUSG00000029074	NA	NA	58	68
ENSMUSG00000029076	22	65	94	89
ENSMUSG00000029082	79	6	NA	NA
ENSMUSG00000029084	0	33	NA	NA
ENSMUSG00000029086	25	11	NA	NA
ENSMUSG00000029088	43	52	32	40
ENSMUSG00000029089	80	88	35	22
ENSMUSG00000029090	91	76	1	1
ENSMUSG00000029092	NA	NA	79	30
ENSMUSG00000029093	75	98	NA	NA
ENSMUSG00000029094	NA	NA	97	75
ENSMUSG00000029095	NA	NA	89	35
ENSMUSG00000029096	80	91	NA	NA
ENSMUSG00000029097	10	74	NA	NA
ENSMUSG00000029098	70	38	61	52
ENSMUSG00000029101	NA	NA	95	83
ENSMUSG00000029102	18	36	NA	NA
ENSMUSG00000029103	67	92	NA	NA
ENSMUSG00000029104	29	46	1	63
ENSMUSG00000029106	88	36	NA	NA
ENSMUSG00000029108	2	77	92	85
ENSMUSG00000029110	87	31	NA	NA
ENSMUSG00000029119	66	76	NA	NA
ENSMUSG00000029120	NA	NA	51	58
ENSMUSG00000029121	39	14	NA	NA
ENSMUSG00000029122	98	73	NA	NA
ENSMUSG00000029123	59	25	67	30
ENSMUSG00000029125	48	71	55	20
ENSMUSG00000029126	93	88	NA	NA
ENSMUSG00000029127	NA	NA	29	59
ENSMUSG00000029128	19	75	NA	NA
ENSMUSG00000029130	48	33	NA	NA
ENSMUSG00000029131	6	32	NA	NA
ENSMUSG00000029134	NA	NA	66	8
ENSMUSG00000029135	79	26	93	50
ENSMUSG00000029136	17	35	NA	NA
ENSMUSG00000029138	NA	NA	77	11
ENSMUSG00000029141	78	61	30	33
ENSMUSG00000029145	71	92	NA	NA
ENSMUSG00000029146	71	64	NA	NA
ENSMUSG00000029147	74	86	NA	NA
ENSMUSG00000029148	28	20	NA	NA
ENSMUSG00000029151	51	47	NA	NA
ENSMUSG00000029152	30	79	NA	NA
ENSMUSG00000029153	NA	NA	48	21
ENSMUSG00000029154	11	48	NA	NA
ENSMUSG00000029155	NA	NA	52	30
ENSMUSG00000029156	92	97	38	87
ENSMUSG00000029158	9	24	NA	NA
ENSMUSG00000029161	32	39	NA	NA
ENSMUSG00000029162	65	68	NA	NA
ENSMUSG00000029163	80	13	NA	NA
ENSMUSG00000029165	0	1	4	19
ENSMUSG00000029166	15	92	NA	NA
ENSMUSG00000029167	11	45	NA	NA
ENSMUSG00000029168	33	12	30	20
ENSMUSG00000029169	90	62	NA	NA
ENSMUSG00000029171	56	47	NA	NA
ENSMUSG00000029173	52	56	18	91
ENSMUSG00000029174	60	73	61	30
ENSMUSG00000029175	66	52	NA	NA
ENSMUSG00000029176	68	95	NA	NA
ENSMUSG00000029177	99	34	46	29
ENSMUSG00000029178	70	51	6	33
ENSMUSG00000029179	NA	NA	8	58
ENSMUSG00000029182	NA	NA	67	79
ENSMUSG00000029185	96	98	NA	NA
ENSMUSG00000029186	77	73	NA	NA
ENSMUSG00000029188	41	53	NA	NA
ENSMUSG00000029189	41	87	NA	NA
ENSMUSG00000029190	NA	NA	43	84
ENSMUSG00000029191	88	74	NA	NA
ENSMUSG00000029192	85	59	NA	NA
ENSMUSG00000029193	28	19	NA	NA
ENSMUSG00000029195	52	72	NA	NA
ENSMUSG00000029196	26	44	NA	NA
ENSMUSG00000029198	89	84	NA	NA
ENSMUSG00000029199	48	87	30	96
ENSMUSG00000029201	93	70	NA	NA
ENSMUSG00000029202	20	45	55	52
ENSMUSG00000029203	30	55	22	13
ENSMUSG00000029204	64	34	89	73
ENSMUSG00000029205	NA	NA	11	6
ENSMUSG00000029206	NA	NA	93	22
ENSMUSG00000029207	85	42	NA	NA
ENSMUSG00000029208	NA	NA	72	42
ENSMUSG00000029209	45	89	57	37
ENSMUSG00000029211	NA	NA	72	43
ENSMUSG00000029212	77	57	22	13
ENSMUSG00000029213	NA	NA	78	99
ENSMUSG00000029217	84	0	NA	NA
ENSMUSG00000029221	53	87	NA	NA
ENSMUSG00000029223	30	70	NA	NA
ENSMUSG00000029227	47	58	12	16
ENSMUSG00000029228	17	71	NA	NA
ENSMUSG00000029229	56	95	64	98
ENSMUSG00000029231	31	23	74	90
ENSMUSG00000029233	83	55	NA	NA
ENSMUSG00000029234	84	64	93	93
ENSMUSG00000029235	44	10	NA	NA
ENSMUSG00000029236	33	9	NA	NA
ENSMUSG00000029238	26	52	67	67
ENSMUSG00000029245	14	37	48	49
ENSMUSG00000029246	42	42	NA	NA
ENSMUSG00000029247	4	35	NA	NA
ENSMUSG00000029248	NA	NA	30	1
ENSMUSG00000029249	14	28	53	83
ENSMUSG00000029250	86	55	NA	NA
ENSMUSG00000029253	68	57	NA	NA
ENSMUSG00000029254	7	53	22	83
ENSMUSG00000029255	22	11	NA	NA
ENSMUSG00000029260	40	3	NA	NA
ENSMUSG00000029263	NA	NA	40	26
ENSMUSG00000029265	85	42	NA	NA
ENSMUSG00000029267	34	6	6	56
ENSMUSG00000029269	26	38	NA	NA
ENSMUSG00000029270	NA	NA	38	93
ENSMUSG00000029272	36	8	NA	NA
ENSMUSG00000029273	42	13	NA	NA
ENSMUSG00000029275	41	25	NA	NA
ENSMUSG00000029276	40	15	NA	NA
ENSMUSG00000029279	77	73	NA	NA
ENSMUSG00000029281	94	37	NA	NA
ENSMUSG00000029282	NA	NA	91	28
ENSMUSG00000029283	4	76	NA	NA
ENSMUSG00000029286	24	12	NA	NA
ENSMUSG00000029287	48	19	64	88
ENSMUSG00000029288	36	11	NA	NA
ENSMUSG00000029290	51	83	NA	NA
ENSMUSG00000029291	59	9	37	47
ENSMUSG00000029298	NA	NA	29	4
ENSMUSG00000029299	46	19	NA	NA
ENSMUSG00000029304	89	91	NA	NA
ENSMUSG00000029306	44	63	NA	NA
ENSMUSG00000029307	NA	NA	97	8
ENSMUSG00000029309	14	17	NA	NA
ENSMUSG00000029310	75	60	NA	NA
ENSMUSG00000029311	77	95	37	53
ENSMUSG00000029312	NA	NA	21	85
ENSMUSG00000029313	29	63	NA	NA
ENSMUSG00000029314	NA	NA	99	79
ENSMUSG00000029320	NA	NA	79	59
ENSMUSG00000029321	79	69	NA	NA
ENSMUSG00000029322	3	74	NA	NA
ENSMUSG00000029326	89	97	NA	NA
ENSMUSG00000029328	82	75	97	84
ENSMUSG00000029330	NA	NA	55	39
ENSMUSG00000029331	NA	NA	70	63
ENSMUSG00000029334	27	96	62	93
ENSMUSG00000029337	44	51	75	87
ENSMUSG00000029338	28	89	NA	NA
ENSMUSG00000029343	32	36	NA	NA
ENSMUSG00000029344	87	92	NA	NA
ENSMUSG00000029345	30	86	NA	NA
ENSMUSG00000029346	41	72	NA	NA
ENSMUSG00000029348	NA	NA	49	97
ENSMUSG00000029352	4	40	NA	NA
ENSMUSG00000029359	32	66	NA	NA
ENSMUSG00000029360	NA	NA	35	19
ENSMUSG00000029361	81	23	68	44
ENSMUSG00000029364	40	44	81	1
ENSMUSG00000029366	99	98	NA	NA
ENSMUSG00000029368	45	36	NA	NA
ENSMUSG00000029369	11	27	NA	NA
ENSMUSG00000029370	NA	NA	24	67
ENSMUSG00000029371	61	97	NA	NA
ENSMUSG00000029372	10	51	NA	NA
ENSMUSG00000029373	55	18	NA	NA
ENSMUSG00000029375	43	34	75	45
ENSMUSG00000029376	NA	NA	39	0
ENSMUSG00000029377	17	94	NA	NA
ENSMUSG00000029378	65	6	NA	NA
ENSMUSG00000029379	NA	NA	12	77
ENSMUSG00000029380	81	99	8	99
ENSMUSG00000029381	80	6	NA	NA
ENSMUSG00000029384	NA	NA	61	35
ENSMUSG00000029385	93	72	NA	NA
ENSMUSG00000029386	83	25	NA	NA
ENSMUSG00000029387	24	20	NA	NA
ENSMUSG00000029388	55	28	NA	NA
ENSMUSG00000029389	NA	NA	79	86
ENSMUSG00000029390	79	75	NA	NA
ENSMUSG00000029392	97	82	98	71
ENSMUSG00000029397	14	89	NA	NA
ENSMUSG00000029401	80	19	NA	NA
ENSMUSG00000029402	NA	NA	41	78
ENSMUSG00000029403	38	4	9	35
ENSMUSG00000029404	71	45	NA	NA
ENSMUSG00000029405	74	2	92	32
ENSMUSG00000029406	83	61	NA	NA
ENSMUSG00000029407	87	77	NA	NA
ENSMUSG00000029408	28	4	NA	NA
ENSMUSG00000029409	27	13	NA	NA
ENSMUSG00000029410	20	3	NA	NA
ENSMUSG00000029413	87	80	71	40
ENSMUSG00000029414	NA	NA	96	79
ENSMUSG00000029415	51	52	30	17
ENSMUSG00000029416	17	10	NA	NA
ENSMUSG00000029417	8	26	13	64
ENSMUSG00000029419	NA	NA	57	28
ENSMUSG00000029420	NA	NA	3	7
ENSMUSG00000029422	78	23	86	41
ENSMUSG00000029423	16	46	NA	NA
ENSMUSG00000029426	55	81	NA	NA
ENSMUSG00000029427	84	50	27	13
ENSMUSG00000029428	54	59	NA	NA
ENSMUSG00000029430	78	21	NA	NA
ENSMUSG00000029431	31	38	NA	NA
ENSMUSG00000029432	89	71	0	6
ENSMUSG00000029433	9	51	NA	NA
ENSMUSG00000029434	NA	NA	10	45
ENSMUSG00000029436	63	3	NA	NA
ENSMUSG00000029437	NA	NA	73	5
ENSMUSG00000029438	35	44	86	75
ENSMUSG00000029439	66	21	75	14
ENSMUSG00000029440	72	75	17	16
ENSMUSG00000029442	NA	NA	10	72
ENSMUSG00000029445	16	45	NA	NA
ENSMUSG00000029446	98	96	99	95
ENSMUSG00000029447	4	25	NA	NA
ENSMUSG00000029449	NA	NA	56	4
ENSMUSG00000029451	NA	NA	78	59
ENSMUSG00000029452	33	28	NA	NA
ENSMUSG00000029455	90	89	84	18
ENSMUSG00000029458	15	68	NA	NA
ENSMUSG00000029461	NA	NA	90	93
ENSMUSG00000029462	59	97	34	88
ENSMUSG00000029463	77	56	NA	NA
ENSMUSG00000029464	71	6	NA	NA
ENSMUSG00000029465	34	39	NA	NA
ENSMUSG00000029466	8	65	7	63
ENSMUSG00000029467	27	74	NA	NA
ENSMUSG00000029468	64	26	16	98
ENSMUSG00000029469	85	35	68	71
ENSMUSG00000029470	55	95	19	25
ENSMUSG00000029471	22	90	81	7
ENSMUSG00000029472	75	85	NA	NA
ENSMUSG00000029474	44	6	NA	NA
ENSMUSG00000029477	22	9	NA	NA
ENSMUSG00000029478	97	71	NA	NA
ENSMUSG00000029480	NA	NA	80	71
ENSMUSG00000029482	96	52	NA	NA
ENSMUSG00000029484	5	74	NA	NA
ENSMUSG00000029486	8	4	NA	NA
ENSMUSG00000029491	46	17	NA	NA
ENSMUSG00000029499	63	5	NA	NA
ENSMUSG00000029500	3	89	NA	NA
ENSMUSG00000029501	NA	NA	22	54
ENSMUSG00000029502	66	55	75	89
ENSMUSG00000029503	NA	NA	24	2
ENSMUSG00000029504	66	46	NA	NA
ENSMUSG00000029505	56	23	69	38
ENSMUSG00000029507	5	77	NA	NA
ENSMUSG00000029512	12	82	NA	NA
ENSMUSG00000029513	71	45	NA	NA
ENSMUSG00000029516	51	62	15	6
ENSMUSG00000029517	NA	NA	31	35
ENSMUSG00000029518	NA	NA	12	70
ENSMUSG00000029521	72	14	NA	NA
ENSMUSG00000029522	30	61	NA	NA
ENSMUSG00000029524	59	26	NA	NA
ENSMUSG00000029526	80	11	NA	NA
ENSMUSG00000029528	30	95	NA	NA
ENSMUSG00000029530	31	48	49	35
ENSMUSG00000029534	41	51	NA	NA
ENSMUSG00000029535	25	44	NA	NA
ENSMUSG00000029536	35	49	NA	NA
ENSMUSG00000029538	96	21	NA	NA
ENSMUSG00000029544	61	76	NA	NA
ENSMUSG00000029545	36	65	NA	NA
ENSMUSG00000029546	33	41	NA	NA
ENSMUSG00000029547	73	77	NA	NA
ENSMUSG00000029550	48	14	NA	NA
ENSMUSG00000029551	71	83	78	65
ENSMUSG00000029552	96	66	NA	NA
ENSMUSG00000029553	36	9	NA	NA
ENSMUSG00000029554	96	85	24	71
ENSMUSG00000029557	42	71	NA	NA
ENSMUSG00000029559	0	8	NA	NA
ENSMUSG00000029560	NA	NA	31	6
ENSMUSG00000029561	21	87	NA	NA
ENSMUSG00000029563	19	63	67	72
ENSMUSG00000029564	NA	NA	49	70
ENSMUSG00000029569	75	61	80	25
ENSMUSG00000029570	90	95	NA	NA
ENSMUSG00000029571	20	92	95	96
ENSMUSG00000029575	34	65	79	31
ENSMUSG00000029576	NA	NA	42	97
ENSMUSG00000029577	79	9	NA	NA
ENSMUSG00000029578	26	71	75	9
ENSMUSG00000029580	55	6	76	15
ENSMUSG00000029581	98	44	NA	NA
ENSMUSG00000029587	NA	NA	5	72
ENSMUSG00000029591	93	72	29	34
ENSMUSG00000029592	NA	NA	91	82
ENSMUSG00000029594	65	97	NA	NA
ENSMUSG00000029595	4	59	NA	NA
ENSMUSG00000029596	70	12	NA	NA
ENSMUSG00000029597	43	31	NA	NA
ENSMUSG00000029598	71	87	NA	NA
ENSMUSG00000029599	87	95	NA	NA
ENSMUSG00000029600	35	76	72	34
ENSMUSG00000029601	NA	NA	66	57
ENSMUSG00000029602	61	54	NA	NA
ENSMUSG00000029603	60	49	NA	NA
ENSMUSG00000029605	32	50	NA	NA
ENSMUSG00000029607	5	42	NA	NA
ENSMUSG00000029608	21	7	21	15
ENSMUSG00000029610	71	92	NA	NA
ENSMUSG00000029613	76	46	69	88
ENSMUSG00000029616	73	16	NA	NA
ENSMUSG00000029617	67	71	NA	NA
ENSMUSG00000029621	83	90	NA	NA
ENSMUSG00000029622	93	72	NA	NA
ENSMUSG00000029623	70	60	NA	NA
ENSMUSG00000029624	63	53	NA	NA
ENSMUSG00000029625	44	88	NA	NA
ENSMUSG00000029627	76	20	NA	NA
ENSMUSG00000029629	NA	NA	71	97
ENSMUSG00000029630	75	23	NA	NA
ENSMUSG00000029632	68	98	NA	NA
ENSMUSG00000029634	73	29	NA	NA
ENSMUSG00000029635	31	51	NA	NA
ENSMUSG00000029636	65	26	9	57
ENSMUSG00000029640	74	24	NA	NA
ENSMUSG00000029641	NA	NA	35	92
ENSMUSG00000029642	51	56	NA	NA
ENSMUSG00000029644	35	24	NA	NA
ENSMUSG00000029646	54	73	NA	NA
ENSMUSG00000029647	NA	NA	97	79
ENSMUSG00000029648	23	21	47	60
ENSMUSG00000029649	56	85	NA	NA
ENSMUSG00000029650	0	64	NA	NA
ENSMUSG00000029651	NA	NA	58	23
ENSMUSG00000029655	NA	NA	39	19
ENSMUSG00000029656	46	15	NA	NA
ENSMUSG00000029657	30	88	NA	NA
ENSMUSG00000029658	NA	NA	29	55
ENSMUSG00000029660	NA	NA	57	54
ENSMUSG00000029661	98	95	41	98
ENSMUSG00000029663	85	17	NA	NA
ENSMUSG00000029664	28	14	NA	NA
ENSMUSG00000029669	65	4	NA	NA
ENSMUSG00000029670	55	5	48	54
ENSMUSG00000029671	50	29	NA	NA
ENSMUSG00000029672	89	96	NA	NA
ENSMUSG00000029673	2	29	54	59
ENSMUSG00000029674	27	14	30	86
ENSMUSG00000029675	13	7	NA	NA
ENSMUSG00000029676	73	3	45	14
ENSMUSG00000029678	NA	NA	38	50
ENSMUSG00000029679	NA	NA	9	27
ENSMUSG00000029680	NA	NA	13	44
ENSMUSG00000029681	9	77	NA	NA
ENSMUSG00000029682	16	28	NA	NA
ENSMUSG00000029683	94	31	NA	NA
ENSMUSG00000029684	42	50	NA	NA
ENSMUSG00000029685	7	19	76	28
ENSMUSG00000029686	93	74	NA	NA
ENSMUSG00000029687	98	39	NA	NA
ENSMUSG00000029695	17	50	NA	NA
ENSMUSG00000029697	NA	NA	47	38
ENSMUSG00000029699	NA	NA	68	17
ENSMUSG00000029700	18	0	10	54
ENSMUSG00000029701	2	77	NA	NA
ENSMUSG00000029703	74	97	NA	NA
ENSMUSG00000029705	74	85	74	95
ENSMUSG00000029706	1	14	NA	NA
ENSMUSG00000029707	22	17	NA	NA
ENSMUSG00000029708	47	19	NA	NA
ENSMUSG00000029710	75	47	NA	NA
ENSMUSG00000029712	61	7	NA	NA
ENSMUSG00000029714	11	60	NA	NA
ENSMUSG00000029715	25	16	NA	NA
ENSMUSG00000029716	8	28	NA	NA
ENSMUSG00000029718	99	59	NA	NA
ENSMUSG00000029722	76	5	NA	NA
ENSMUSG00000029723	9	82	42	32
ENSMUSG00000029725	NA	NA	77	53
ENSMUSG00000029726	49	85	NA	NA
ENSMUSG00000029727	70	27	NA	NA
ENSMUSG00000029729	NA	NA	7	78
ENSMUSG00000029735	77	74	NA	NA
ENSMUSG00000029736	28	12	NA	NA
ENSMUSG00000029752	98	97	NA	NA
ENSMUSG00000029754	6	51	NA	NA
ENSMUSG00000029755	34	11	NA	NA
ENSMUSG00000029757	78	15	NA	NA
ENSMUSG00000029759	93	98	NA	NA
ENSMUSG00000029761	91	33	71	86
ENSMUSG00000029762	90	88	NA	NA
ENSMUSG00000029763	62	89	NA	NA
ENSMUSG00000029765	NA	NA	33	42
ENSMUSG00000029766	NA	NA	36	49
ENSMUSG00000029767	76	88	NA	NA
ENSMUSG00000029769	74	91	NA	NA
ENSMUSG00000029771	27	48	NA	NA
ENSMUSG00000029772	37	43	NA	NA
ENSMUSG00000029775	NA	NA	90	12
ENSMUSG00000029776	61	80	58	66
ENSMUSG00000029777	94	93	NA	NA
ENSMUSG00000029778	8	15	16	91
ENSMUSG00000029780	7	47	NA	NA
ENSMUSG00000029781	90	96	NA	NA
ENSMUSG00000029782	31	65	48	47
ENSMUSG00000029784	NA	NA	51	44
ENSMUSG00000029787	16	22	0	83
ENSMUSG00000029788	5	18	NA	NA
ENSMUSG00000029790	90	17	95	89
ENSMUSG00000029798	54	47	5	11
ENSMUSG00000029802	53	95	NA	NA
ENSMUSG00000029804	NA	NA	88	42
ENSMUSG00000029810	74	34	NA	NA
ENSMUSG00000029811	26	37	NA	NA
ENSMUSG00000029813	56	54	NA	NA
ENSMUSG00000029814	9	40	27	0
ENSMUSG00000029815	NA	NA	6	93
ENSMUSG00000029816	55	29	21	57
ENSMUSG00000029817	7	9	58	17
ENSMUSG00000029819	24	28	NA	NA
ENSMUSG00000029821	79	50	NA	NA
ENSMUSG00000029822	NA	NA	99	75
ENSMUSG00000029823	84	27	98	63
ENSMUSG00000029826	NA	NA	97	93
ENSMUSG00000029828	NA	NA	10	16
ENSMUSG00000029829	NA	NA	7	38
ENSMUSG00000029830	NA	NA	14	1
ENSMUSG00000029831	10	3	NA	NA
ENSMUSG00000029832	1	40	NA	NA
ENSMUSG00000029833	57	37	21	37
ENSMUSG00000029836	14	67	29	44
ENSMUSG00000029837	NA	NA	63	73
ENSMUSG00000029838	99	98	59	66
ENSMUSG00000029840	92	58	NA	NA
ENSMUSG00000029843	NA	NA	1	42
ENSMUSG00000029844	46	90	NA	NA
ENSMUSG00000029847	NA	NA	24	80
ENSMUSG00000029848	37	52	NA	NA
ENSMUSG00000029851	79	78	NA	NA
ENSMUSG00000029859	28	45	NA	NA
ENSMUSG00000029860	80	19	NA	NA
ENSMUSG00000029861	30	59	38	55
ENSMUSG00000029862	29	11	NA	NA
ENSMUSG00000029863	88	90	NA	NA
ENSMUSG00000029864	53	93	NA	NA
ENSMUSG00000029865	8	11	NA	NA
ENSMUSG00000029866	51	64	NA	NA
ENSMUSG00000029867	NA	NA	57	50
ENSMUSG00000029868	10	27	NA	NA
ENSMUSG00000029869	99	93	NA	NA
ENSMUSG00000029875	NA	NA	7	21
ENSMUSG00000029882	68	18	NA	NA
ENSMUSG00000029883	54	44	NA	NA
ENSMUSG00000029885	6	7	NA	NA
ENSMUSG00000029909	48	3	NA	NA
ENSMUSG00000029910	98	4	7	14
ENSMUSG00000029911	10	17	32	35
ENSMUSG00000029913	22	86	77	82
ENSMUSG00000029915	28	49	NA	NA
ENSMUSG00000029916	NA	NA	51	56
ENSMUSG00000029919	55	41	NA	NA
ENSMUSG00000029920	28	40	NA	NA
ENSMUSG00000029922	13	10	NA	NA
ENSMUSG00000029923	NA	NA	18	24
ENSMUSG00000029924	65	2	NA	NA
ENSMUSG00000029925	76	1	NA	NA
ENSMUSG00000029992	25	76	30	94
ENSMUSG00000029993	98	67	NA	NA
ENSMUSG00000029994	98	89	NA	NA
ENSMUSG00000029998	78	86	92	95
ENSMUSG00000029999	60	10	NA	NA
ENSMUSG00000030000	45	12	71	92
ENSMUSG00000030001	71	88	NA	NA
ENSMUSG00000030002	73	34	NA	NA
ENSMUSG00000030004	45	55	NA	NA
ENSMUSG00000030007	14	90	NA	NA
ENSMUSG00000030008	91	69	NA	NA
ENSMUSG00000030016	84	47	21	70
ENSMUSG00000030017	37	15	NA	NA
ENSMUSG00000030019	50	14	NA	NA
ENSMUSG00000030020	NA	NA	89	77
ENSMUSG00000030022	NA	NA	29	47
ENSMUSG00000030029	92	78	NA	NA
ENSMUSG00000030030	NA	NA	67	12
ENSMUSG00000030031	NA	NA	61	94
ENSMUSG00000030032	72	0	NA	NA
ENSMUSG00000030034	28	18	NA	NA
ENSMUSG00000030035	91	91	NA	NA
ENSMUSG00000030036	57	48	NA	NA
ENSMUSG00000030041	63	36	NA	NA
ENSMUSG00000030042	80	61	NA	NA
ENSMUSG00000030043	75	46	NA	NA
ENSMUSG00000030045	45	77	88	66
ENSMUSG00000030046	8	42	NA	NA
ENSMUSG00000030047	NA	NA	29	44
ENSMUSG00000030048	NA	NA	78	15
ENSMUSG00000030049	3	10	NA	NA
ENSMUSG00000030050	3	61	NA	NA
ENSMUSG00000030051	13	24	NA	NA
ENSMUSG00000030054	42	35	NA	NA
ENSMUSG00000030055	NA	NA	64	56
ENSMUSG00000030056	27	86	35	4
ENSMUSG00000030057	44	88	NA	NA
ENSMUSG00000030058	87	87	93	95
ENSMUSG00000030059	NA	NA	45	64
ENSMUSG00000030060	3	92	NA	NA
ENSMUSG00000030061	64	89	NA	NA
ENSMUSG00000030062	86	19	NA	NA
ENSMUSG00000030064	57	82	12	67
ENSMUSG00000030067	74	36	NA	NA
ENSMUSG00000030069	38	67	NA	NA
ENSMUSG00000030074	NA	NA	95	98
ENSMUSG00000030075	54	47	37	79
ENSMUSG00000030077	39	59	69	13
ENSMUSG00000030082	87	66	NA	NA
ENSMUSG00000030083	41	4	NA	NA
ENSMUSG00000030084	13	32	98	77
ENSMUSG00000030086	73	17	NA	NA
ENSMUSG00000030087	45	19	NA	NA
ENSMUSG00000030088	31	48	NA	NA
ENSMUSG00000030089	14	62	NA	NA
ENSMUSG00000030091	76	67	0	16
ENSMUSG00000030092	7	47	NA	NA
ENSMUSG00000030093	70	20	NA	NA
ENSMUSG00000030094	33	71	NA	NA
ENSMUSG00000030095	88	54	NA	NA
ENSMUSG00000030096	96	46	95	18
ENSMUSG00000030098	NA	NA	32	17
ENSMUSG00000030101	89	91	NA	NA
ENSMUSG00000030102	64	18	NA	NA
ENSMUSG00000030103	95	45	NA	NA
ENSMUSG00000030104	37	67	NA	NA
ENSMUSG00000030105	84	81	NA	NA
ENSMUSG00000030107	56	12	NA	NA
ENSMUSG00000030108	88	59	NA	NA
ENSMUSG00000030109	17	45	NA	NA
ENSMUSG00000030110	38	46	3	76
ENSMUSG00000030111	0	1	NA	NA
ENSMUSG00000030114	5	40	NA	NA
ENSMUSG00000030116	84	98	NA	NA
ENSMUSG00000030117	11	40	17	70
ENSMUSG00000030120	43	8	NA	NA
ENSMUSG00000030122	96	45	NA	NA
ENSMUSG00000030123	92	98	NA	NA
ENSMUSG00000030124	30	68	NA	NA
ENSMUSG00000030125	67	78	NA	NA
ENSMUSG00000030126	NA	NA	21	50
ENSMUSG00000030127	63	61	NA	NA
ENSMUSG00000030134	NA	NA	53	84
ENSMUSG00000030137	35	53	21	19
ENSMUSG00000030138	50	86	92	92
ENSMUSG00000030142	1	55	NA	NA
ENSMUSG00000030144	21	32	NA	NA
ENSMUSG00000030145	NA	NA	41	16
ENSMUSG00000030147	9	6	NA	NA
ENSMUSG00000030148	35	57	NA	NA
ENSMUSG00000030149	68	61	NA	NA
ENSMUSG00000030154	18	44	77	87
ENSMUSG00000030156	NA	NA	37	4
ENSMUSG00000030157	12	56	NA	NA
ENSMUSG00000030158	NA	NA	50	59
ENSMUSG00000030159	33	9	NA	NA
ENSMUSG00000030160	NA	NA	50	70
ENSMUSG00000030162	44	28	NA	NA
ENSMUSG00000030165	29	31	NA	NA
ENSMUSG00000030166	79	48	NA	NA
ENSMUSG00000030167	28	22	NA	NA
ENSMUSG00000030168	46	29	63	17
ENSMUSG00000030170	30	41	NA	NA
ENSMUSG00000030172	71	21	47	50
ENSMUSG00000030173	52	27	NA	NA
ENSMUSG00000030177	19	62	NA	NA
ENSMUSG00000030180	61	81	16	40
ENSMUSG00000030187	30	55	NA	NA
ENSMUSG00000030188	26	66	NA	NA
ENSMUSG00000030189	94	61	NA	NA
ENSMUSG00000030199	18	20	20	51
ENSMUSG00000030200	48	47	NA	NA
ENSMUSG00000030201	80	79	NA	NA
ENSMUSG00000030203	86	47	18	39
ENSMUSG00000030204	8	20	NA	NA
ENSMUSG00000030205	18	53	NA	NA
ENSMUSG00000030206	36	81	NA	NA
ENSMUSG00000030207	40	76	NA	NA
ENSMUSG00000030208	99	11	44	76
ENSMUSG00000030209	13	19	76	7
ENSMUSG00000030213	46	11	30	67
ENSMUSG00000030214	2	12	NA	NA
ENSMUSG00000030216	23	72	13	69
ENSMUSG00000030217	41	1	NA	NA
ENSMUSG00000030218	97	83	NA	NA
ENSMUSG00000030219	NA	NA	24	54
ENSMUSG00000030220	54	76	NA	NA
ENSMUSG00000030222	54	20	NA	NA
ENSMUSG00000030223	14	27	NA	NA
ENSMUSG00000030224	40	29	NA	NA
ENSMUSG00000030225	31	51	NA	NA
ENSMUSG00000030226	NA	NA	26	87
ENSMUSG00000030228	39	38	NA	NA
ENSMUSG00000030230	77	36	NA	NA
ENSMUSG00000030231	11	87	NA	NA
ENSMUSG00000030232	81	75	25	39
ENSMUSG00000030235	8	49	NA	NA
ENSMUSG00000030236	62	76	NA	NA
ENSMUSG00000030237	4	40	NA	NA
ENSMUSG00000030243	13	43	21	80
ENSMUSG00000030244	34	19	NA	NA
ENSMUSG00000030245	88	69	NA	NA
ENSMUSG00000030246	3	97	NA	NA
ENSMUSG00000030247	47	29	NA	NA
ENSMUSG00000030249	82	27	18	54
ENSMUSG00000030254	29	43	88	60
ENSMUSG00000030255	88	74	NA	NA
ENSMUSG00000030256	7	10	17	90
ENSMUSG00000030257	1	77	NA	NA
ENSMUSG00000030259	60	8	4	48
ENSMUSG00000030263	63	3	NA	NA
ENSMUSG00000030264	96	44	NA	NA
ENSMUSG00000030265	45	75	NA	NA
ENSMUSG00000030268	97	96	54	86
ENSMUSG00000030269	8	77	NA	NA
ENSMUSG00000030270	NA	NA	13	41
ENSMUSG00000030271	9	49	NA	NA
ENSMUSG00000030272	51	66	NA	NA
ENSMUSG00000030275	77	34	8	46
ENSMUSG00000030276	29	57	32	39
ENSMUSG00000030278	66	2	NA	NA
ENSMUSG00000030279	NA	NA	21	47
ENSMUSG00000030282	10	77	NA	NA
ENSMUSG00000030283	0	27	57	68
ENSMUSG00000030284	95	79	NA	NA
ENSMUSG00000030286	60	85	NA	NA
ENSMUSG00000030287	21	12	58	71
ENSMUSG00000030291	40	97	NA	NA
ENSMUSG00000030292	NA	NA	12	84
ENSMUSG00000030298	70	50	NA	NA
ENSMUSG00000030301	87	58	56	90
ENSMUSG00000030302	21	34	NA	NA
ENSMUSG00000030303	NA	NA	14	3
ENSMUSG00000030304	66	99	NA	NA
ENSMUSG00000030306	NA	NA	83	48
ENSMUSG00000030307	NA	NA	10	28
ENSMUSG00000030309	36	34	NA	NA
ENSMUSG00000030310	33	41	47	45
ENSMUSG00000030313	NA	NA	86	3
ENSMUSG00000030314	12	24	82	83
ENSMUSG00000030315	57	64	NA	NA
ENSMUSG00000030316	1	81	74	82
ENSMUSG00000030317	18	49	NA	NA
ENSMUSG00000030319	NA	NA	70	93
ENSMUSG00000030321	NA	NA	74	25
ENSMUSG00000030322	39	51	60	41
ENSMUSG00000030323	63	52	3	95
ENSMUSG00000030324	8	19	NA	NA
ENSMUSG00000030325	30	31	NA	NA
ENSMUSG00000030327	86	8	NA	NA
ENSMUSG00000030329	NA	NA	35	30
ENSMUSG00000030330	22	56	NA	NA
ENSMUSG00000030335	66	40	NA	NA
ENSMUSG00000030336	49	13	NA	NA
ENSMUSG00000030337	77	30	NA	NA
ENSMUSG00000030339	73	54	NA	NA
ENSMUSG00000030340	24	48	NA	NA
ENSMUSG00000030341	22	76	NA	NA
ENSMUSG00000030342	88	85	NA	NA
ENSMUSG00000030344	38	8	90	96
ENSMUSG00000030346	33	16	NA	NA
ENSMUSG00000030347	85	84	NA	NA
ENSMUSG00000030350	NA	NA	37	82
ENSMUSG00000030351	NA	NA	17	84
ENSMUSG00000030352	95	78	91	73
ENSMUSG00000030353	77	81	NA	NA
ENSMUSG00000030357	69	94	NA	NA
ENSMUSG00000030359	40	16	NA	NA
ENSMUSG00000030361	0	37	NA	NA
ENSMUSG00000030364	39	28	NA	NA
ENSMUSG00000030365	56	12	22	48
ENSMUSG00000030366	5	50	NA	NA
ENSMUSG00000030368	17	27	NA	NA
ENSMUSG00000030373	65	4	NA	NA
ENSMUSG00000030374	37	76	NA	NA
ENSMUSG00000030376	10	35	NA	NA
ENSMUSG00000030378	NA	NA	76	2
ENSMUSG00000030380	37	37	NA	NA
ENSMUSG00000030382	14	1	NA	NA
ENSMUSG00000030385	NA	NA	12	49
ENSMUSG00000030386	NA	NA	3	9
ENSMUSG00000030393	1	77	NA	NA
ENSMUSG00000030397	59	72	NA	NA
ENSMUSG00000030399	98	82	30	88
ENSMUSG00000030400	10	6	5	38
ENSMUSG00000030401	97	78	NA	NA
ENSMUSG00000030402	NA	NA	42	18
ENSMUSG00000030403	26	74	NA	NA
ENSMUSG00000030406	NA	NA	15	19
ENSMUSG00000030407	24	71	NA	NA
ENSMUSG00000030409	76	95	NA	NA
ENSMUSG00000030410	NA	NA	84	3
ENSMUSG00000030411	NA	NA	35	52
ENSMUSG00000030413	43	88	NA	NA
ENSMUSG00000030421	77	16	NA	NA
ENSMUSG00000030423	37	61	NA	NA
ENSMUSG00000030424	NA	NA	6	89
ENSMUSG00000030428	13	23	NA	NA
ENSMUSG00000030431	NA	NA	82	98
ENSMUSG00000030435	51	71	NA	NA
ENSMUSG00000030443	NA	NA	17	4
ENSMUSG00000030447	86	12	65	38
ENSMUSG00000030450	63	9	NA	NA
ENSMUSG00000030451	65	40	70	70
ENSMUSG00000030452	42	80	NA	NA
ENSMUSG00000030463	31	62	NA	NA
ENSMUSG00000030465	66	31	77	20
ENSMUSG00000030468	NA	NA	39	4
ENSMUSG00000030469	NA	NA	5	87
ENSMUSG00000030470	99	30	NA	NA
ENSMUSG00000030471	NA	NA	50	85
ENSMUSG00000030472	NA	NA	28	57
ENSMUSG00000030474	53	9	NA	NA
ENSMUSG00000030483	5	50	NA	NA
ENSMUSG00000030484	NA	NA	0	47
ENSMUSG00000030486	18	0	NA	NA
ENSMUSG00000030491	NA	NA	20	18
ENSMUSG00000030492	5	41	NA	NA
ENSMUSG00000030493	47	36	NA	NA
ENSMUSG00000030494	34	51	NA	NA
ENSMUSG00000030495	58	38	NA	NA
ENSMUSG00000030498	84	80	NA	NA
ENSMUSG00000030499	NA	NA	39	25
ENSMUSG00000030500	0	13	NA	NA
ENSMUSG00000030505	86	38	15	13
ENSMUSG00000030507	NA	NA	3	23
ENSMUSG00000030509	76	12	53	9
ENSMUSG00000030510	NA	NA	12	13
ENSMUSG00000030512	15	87	NA	NA
ENSMUSG00000030513	39	32	NA	NA
ENSMUSG00000030515	NA	NA	66	90
ENSMUSG00000030516	68	62	NA	NA
ENSMUSG00000030518	NA	NA	28	6
ENSMUSG00000030519	23	16	NA	NA
ENSMUSG00000030521	47	62	NA	NA
ENSMUSG00000030522	23	47	NA	NA
ENSMUSG00000030523	27	54	58	56
ENSMUSG00000030525	52	46	NA	NA
ENSMUSG00000030527	37	21	86	57
ENSMUSG00000030528	78	24	NA	NA
ENSMUSG00000030530	78	65	NA	NA
ENSMUSG00000030532	NA	NA	56	84
ENSMUSG00000030533	57	94	13	80
ENSMUSG00000030534	30	10	NA	NA
ENSMUSG00000030536	91	10	4	27
ENSMUSG00000030538	60	90	NA	NA
ENSMUSG00000030539	50	37	NA	NA
ENSMUSG00000030541	92	3	NA	NA
ENSMUSG00000030543	19	59	NA	NA
ENSMUSG00000030544	63	27	NA	NA
ENSMUSG00000030545	14	32	NA	NA
ENSMUSG00000030546	NA	NA	0	6
ENSMUSG00000030549	35	30	NA	NA
ENSMUSG00000030551	73	77	67	59
ENSMUSG00000030553	NA	NA	62	53
ENSMUSG00000030554	NA	NA	23	62
ENSMUSG00000030555	32	46	NA	NA
ENSMUSG00000030556	NA	NA	38	80
ENSMUSG00000030557	77	81	56	80
ENSMUSG00000030559	59	26	NA	NA
ENSMUSG00000030560	82	31	21	45
ENSMUSG00000030562	12	73	NA	NA
ENSMUSG00000030577	6	21	40	38
ENSMUSG00000030579	17	68	NA	NA
ENSMUSG00000030583	NA	NA	91	86
ENSMUSG00000030584	10	40	NA	NA
ENSMUSG00000030587	NA	NA	82	87
ENSMUSG00000030588	NA	NA	37	3
ENSMUSG00000030589	32	29	NA	NA
ENSMUSG00000030590	43	54	NA	NA
ENSMUSG00000030591	75	11	NA	NA
ENSMUSG00000030592	99	36	99	88
ENSMUSG00000030595	59	2	1	67
ENSMUSG00000030598	70	77	NA	NA
ENSMUSG00000030600	13	37	43	27
ENSMUSG00000030602	NA	NA	85	34
ENSMUSG00000030603	87	87	77	89
ENSMUSG00000030604	55	3	10	49
ENSMUSG00000030605	94	92	NA	NA
ENSMUSG00000030606	NA	NA	38	66
ENSMUSG00000030607	34	13	NA	NA
ENSMUSG00000030609	70	84	4	88
ENSMUSG00000030610	NA	NA	74	19
ENSMUSG00000030611	0	96	NA	NA
ENSMUSG00000030612	63	52	NA	NA
ENSMUSG00000030613	59	99	NA	NA
ENSMUSG00000030614	NA	NA	61	18
ENSMUSG00000030615	93	91	NA	NA
ENSMUSG00000030616	85	88	NA	NA
ENSMUSG00000030617	NA	NA	51	40
ENSMUSG00000030619	26	40	NA	NA
ENSMUSG00000030621	NA	NA	78	85
ENSMUSG00000030623	44	29	NA	NA
ENSMUSG00000030629	62	78	NA	NA
ENSMUSG00000030630	98	40	NA	NA
ENSMUSG00000030636	NA	NA	41	86
ENSMUSG00000030638	93	95	NA	NA
ENSMUSG00000030641	NA	NA	89	84
ENSMUSG00000030643	7	13	74	14
ENSMUSG00000030647	36	63	13	84
ENSMUSG00000030649	2	93	5	15
ENSMUSG00000030650	NA	NA	5	60
ENSMUSG00000030651	61	75	50	2
ENSMUSG00000030652	16	73	NA	NA
ENSMUSG00000030654	96	71	NA	NA
ENSMUSG00000030655	25	18	84	77
ENSMUSG00000030657	NA	NA	6	43
ENSMUSG00000030659	42	96	NA	NA
ENSMUSG00000030660	28	48	16	28
ENSMUSG00000030662	74	84	NA	NA
ENSMUSG00000030664	NA	NA	25	24
ENSMUSG00000030666	1	55	NA	NA
ENSMUSG00000030669	54	78	NA	NA
ENSMUSG00000030670	NA	NA	81	5
ENSMUSG00000030671	NA	NA	80	88
ENSMUSG00000030672	96	94	NA	NA
ENSMUSG00000030674	11	11	NA	NA
ENSMUSG00000030677	99	93	NA	NA
ENSMUSG00000030678	74	41	NA	NA
ENSMUSG00000030681	95	47	NA	NA
ENSMUSG00000030682	95	90	NA	NA
ENSMUSG00000030683	39	17	NA	NA
ENSMUSG00000030685	NA	NA	1	72
ENSMUSG00000030688	32	32	NA	NA
ENSMUSG00000030689	18	4	NA	NA
ENSMUSG00000030691	NA	NA	4	88
ENSMUSG00000030693	71	59	NA	NA
ENSMUSG00000030695	58	32	NA	NA
ENSMUSG00000030697	62	76	47	7
ENSMUSG00000030699	32	0	NA	NA
ENSMUSG00000030701	9	26	NA	NA
ENSMUSG00000030703	6	77	NA	NA
ENSMUSG00000030704	61	76	NA	NA
ENSMUSG00000030706	NA	NA	2	22
ENSMUSG00000030707	47	39	NA	NA
ENSMUSG00000030708	71	45	NA	NA
ENSMUSG00000030711	34	28	NA	NA
ENSMUSG00000030713	30	56	NA	NA
ENSMUSG00000030714	49	94	NA	NA
ENSMUSG00000030717	95	28	NA	NA
ENSMUSG00000030718	37	26	NA	NA
ENSMUSG00000030720	49	23	31	91
ENSMUSG00000030722	49	8	NA	NA
ENSMUSG00000030724	5	41	NA	NA
ENSMUSG00000030725	13	1	NA	NA
ENSMUSG00000030726	48	88	72	91
ENSMUSG00000030727	54	45	96	30
ENSMUSG00000030729	NA	NA	20	1
ENSMUSG00000030730	97	42	NA	NA
ENSMUSG00000030731	2	70	NA	NA
ENSMUSG00000030732	8	26	NA	NA
ENSMUSG00000030733	46	22	34	15
ENSMUSG00000030737	NA	NA	43	24
ENSMUSG00000030738	97	84	NA	NA
ENSMUSG00000030739	1	58	NA	NA
ENSMUSG00000030741	54	23	NA	NA
ENSMUSG00000030742	45	30	NA	NA
ENSMUSG00000030744	NA	NA	36	93
ENSMUSG00000030745	0	38	NA	NA
ENSMUSG00000030747	88	52	NA	NA
ENSMUSG00000030748	78	41	NA	NA
ENSMUSG00000030750	29	91	NA	NA
ENSMUSG00000030751	84	10	80	86
ENSMUSG00000030752	28	54	NA	NA
ENSMUSG00000030753	88	86	NA	NA
ENSMUSG00000030754	81	95	NA	NA
ENSMUSG00000030757	NA	NA	18	61
ENSMUSG00000030759	81	76	NA	NA
ENSMUSG00000030760	NA	NA	14	51
ENSMUSG00000030761	68	22	NA	NA
ENSMUSG00000030762	49	11	NA	NA
ENSMUSG00000030763	3	36	NA	NA
ENSMUSG00000030766	54	22	77	40
ENSMUSG00000030768	NA	NA	97	94
ENSMUSG00000030769	45	62	NA	NA
ENSMUSG00000030770	40	37	NA	NA
ENSMUSG00000030772	40	94	NA	NA
ENSMUSG00000030774	96	57	NA	NA
ENSMUSG00000030775	0	10	1	76
ENSMUSG00000030779	85	58	63	94
ENSMUSG00000030780	55	26	NA	NA
ENSMUSG00000030781	47	57	NA	NA
ENSMUSG00000030782	53	43	NA	NA
ENSMUSG00000030785	99	89	NA	NA
ENSMUSG00000030787	31	47	NA	NA
ENSMUSG00000030788	61	18	NA	NA
ENSMUSG00000030789	27	40	NA	NA
ENSMUSG00000030790	50	11	NA	NA
ENSMUSG00000030792	24	30	NA	NA
ENSMUSG00000030793	81	23	48	3
ENSMUSG00000030795	42	81	15	45
ENSMUSG00000030796	94	96	NA	NA
ENSMUSG00000030798	23	49	NA	NA
ENSMUSG00000030800	7	3	NA	NA
ENSMUSG00000030801	NA	NA	82	15
ENSMUSG00000030802	21	12	NA	NA
ENSMUSG00000030805	82	89	NA	NA
ENSMUSG00000030806	13	53	11	50
ENSMUSG00000030811	NA	NA	12	18
ENSMUSG00000030814	NA	NA	10	29
ENSMUSG00000030815	75	24	NA	NA
ENSMUSG00000030816	NA	NA	69	49
ENSMUSG00000030822	29	73	NA	NA
ENSMUSG00000030823	NA	NA	23	71
ENSMUSG00000030824	80	93	NA	NA
ENSMUSG00000030825	NA	NA	23	67
ENSMUSG00000030826	64	35	NA	NA
ENSMUSG00000030827	98	93	NA	NA
ENSMUSG00000030830	64	67	70	23
ENSMUSG00000030834	21	76	NA	NA
ENSMUSG00000030835	69	62	NA	NA
ENSMUSG00000030838	2	48	NA	NA
ENSMUSG00000030839	46	62	NA	NA
ENSMUSG00000030844	86	96	NA	NA
ENSMUSG00000030846	57	6	73	89
ENSMUSG00000030847	75	36	NA	NA
ENSMUSG00000030849	26	78	55	49
ENSMUSG00000030850	54	50	68	84
ENSMUSG00000030851	40	56	NA	NA
ENSMUSG00000030852	97	83	NA	NA
ENSMUSG00000030854	14	55	NA	NA
ENSMUSG00000030858	NA	NA	77	10
ENSMUSG00000030861	5	72	NA	NA
ENSMUSG00000030862	61	18	NA	NA
ENSMUSG00000030865	NA	NA	86	65
ENSMUSG00000030866	22	90	NA	NA
ENSMUSG00000030867	98	95	NA	NA
ENSMUSG00000030868	44	68	60	76
ENSMUSG00000030869	35	73	86	28
ENSMUSG00000030870	28	51	32	51
ENSMUSG00000030871	62	93	NA	NA
ENSMUSG00000030872	84	62	71	9
ENSMUSG00000030873	7	31	NA	NA
ENSMUSG00000030876	83	54	NA	NA
ENSMUSG00000030877	NA	NA	30	70
ENSMUSG00000030878	82	45	NA	NA
ENSMUSG00000030879	9	68	74	71
ENSMUSG00000030880	55	26	NA	NA
ENSMUSG00000030881	16	77	91	26
ENSMUSG00000030882	NA	NA	46	61
ENSMUSG00000030884	58	47	NA	NA
ENSMUSG00000030887	19	5	NA	NA
ENSMUSG00000030888	27	0	NA	NA
ENSMUSG00000030889	NA	NA	18	25
ENSMUSG00000030890	13	33	NA	NA
ENSMUSG00000030894	87	96	NA	NA
ENSMUSG00000030895	34	23	NA	NA
ENSMUSG00000030897	NA	NA	56	11
ENSMUSG00000030898	23	14	NA	NA
ENSMUSG00000030905	99	32	NA	NA
ENSMUSG00000030909	NA	NA	3	8
ENSMUSG00000030911	13	7	NA	NA
ENSMUSG00000030917	45	75	NA	NA
ENSMUSG00000030921	16	6	NA	NA
ENSMUSG00000030922	84	2	15	50
ENSMUSG00000030924	NA	NA	53	9
ENSMUSG00000030929	53	72	NA	NA
ENSMUSG00000030930	92	66	NA	NA
ENSMUSG00000030934	86	64	NA	NA
ENSMUSG00000030935	9	46	NA	NA
ENSMUSG00000030942	89	10	NA	NA
ENSMUSG00000030945	9	35	NA	NA
ENSMUSG00000030946	19	54	NA	NA
ENSMUSG00000030954	16	44	NA	NA
ENSMUSG00000030956	NA	NA	62	71
ENSMUSG00000030960	NA	NA	86	94
ENSMUSG00000030963	20	13	NA	NA
ENSMUSG00000030965	NA	NA	20	95
ENSMUSG00000030966	11	8	NA	NA
ENSMUSG00000030967	89	30	80	93
ENSMUSG00000030968	NA	NA	68	26
ENSMUSG00000030970	77	56	NA	NA
ENSMUSG00000030972	NA	NA	5	17
ENSMUSG00000030976	NA	NA	15	74
ENSMUSG00000030978	98	86	15	33
ENSMUSG00000030979	91	55	80	7
ENSMUSG00000030980	38	23	82	34
ENSMUSG00000030982	79	73	1	64
ENSMUSG00000030983	46	22	NA	NA
ENSMUSG00000030986	80	71	NA	NA
ENSMUSG00000030987	88	26	NA	NA
ENSMUSG00000030994	NA	NA	12	0
ENSMUSG00000030996	78	23	NA	NA
ENSMUSG00000031004	99	93	NA	NA
ENSMUSG00000031007	50	53	NA	NA
ENSMUSG00000031010	83	73	NA	NA
ENSMUSG00000031012	51	4	91	93
ENSMUSG00000031015	71	40	65	17
ENSMUSG00000031016	90	39	NA	NA
ENSMUSG00000031021	72	76	NA	NA
ENSMUSG00000031023	11	0	NA	NA
ENSMUSG00000031024	33	5	NA	NA
ENSMUSG00000031026	NA	NA	2	63
ENSMUSG00000031027	NA	NA	39	82
ENSMUSG00000031028	37	49	NA	NA
ENSMUSG00000031029	41	76	NA	NA
ENSMUSG00000031059	54	80	NA	NA
ENSMUSG00000031060	59	98	NA	NA
ENSMUSG00000031065	87	83	50	53
ENSMUSG00000031066	67	81	NA	NA
ENSMUSG00000031068	NA	NA	41	80
ENSMUSG00000031070	50	20	NA	NA
ENSMUSG00000031072	11	82	22	74
ENSMUSG00000031073	19	67	NA	NA
ENSMUSG00000031074	79	5	22	51
ENSMUSG00000031075	16	10	63	22
ENSMUSG00000031077	17	83	76	5
ENSMUSG00000031078	10	54	NA	NA
ENSMUSG00000031089	51	3	NA	NA
ENSMUSG00000031090	NA	NA	21	81
ENSMUSG00000031093	NA	NA	66	39
ENSMUSG00000031095	52	16	NA	NA
ENSMUSG00000031097	98	99	NA	NA
ENSMUSG00000031098	7	8	NA	NA
ENSMUSG00000031099	38	18	NA	NA
ENSMUSG00000031101	54	44	NA	NA
ENSMUSG00000031103	18	11	NA	NA
ENSMUSG00000031104	35	40	NA	NA
ENSMUSG00000031105	53	86	NA	NA
ENSMUSG00000031109	36	61	NA	NA
ENSMUSG00000031111	NA	NA	59	75
ENSMUSG00000031112	11	7	NA	NA
ENSMUSG00000031118	NA	NA	18	32
ENSMUSG00000031119	40	4	NA	NA
ENSMUSG00000031129	NA	NA	87	57
ENSMUSG00000031130	0	1	NA	NA
ENSMUSG00000031131	45	14	NA	NA
ENSMUSG00000031132	41	55	NA	NA
ENSMUSG00000031133	NA	NA	84	7
ENSMUSG00000031134	89	94	NA	NA
ENSMUSG00000031137	8	34	NA	NA
ENSMUSG00000031138	26	40	NA	NA
ENSMUSG00000031139	64	70	NA	NA
ENSMUSG00000031142	32	44	NA	NA
ENSMUSG00000031143	87	96	NA	NA
ENSMUSG00000031144	22	42	NA	NA
ENSMUSG00000031145	65	34	NA	NA
ENSMUSG00000031147	23	27	NA	NA
ENSMUSG00000031148	NA	NA	21	40
ENSMUSG00000031150	26	76	NA	NA
ENSMUSG00000031153	54	22	77	29
ENSMUSG00000031154	26	12	NA	NA
ENSMUSG00000031156	78	97	9	13
ENSMUSG00000031157	19	83	NA	NA
ENSMUSG00000031158	48	68	NA	NA
ENSMUSG00000031160	39	24	NA	NA
ENSMUSG00000031161	42	82	69	78
ENSMUSG00000031162	14	5	NA	NA
ENSMUSG00000031163	NA	NA	29	62
ENSMUSG00000031165	48	3	NA	NA
ENSMUSG00000031166	6	18	NA	NA
ENSMUSG00000031167	NA	NA	51	46
ENSMUSG00000031168	70	96	NA	NA
ENSMUSG00000031169	NA	NA	22	27
ENSMUSG00000031170	69	48	NA	NA
ENSMUSG00000031171	72	42	83	71
ENSMUSG00000031173	9	39	NA	NA
ENSMUSG00000031174	5	43	NA	NA
ENSMUSG00000031176	94	76	99	83
ENSMUSG00000031179	NA	NA	7	75
ENSMUSG00000031181	NA	NA	57	7
ENSMUSG00000031182	NA	NA	9	48
ENSMUSG00000031189	9	31	NA	NA
ENSMUSG00000031194	NA	NA	73	68
ENSMUSG00000031196	3	22	NA	NA
ENSMUSG00000031197	57	21	NA	NA
ENSMUSG00000031198	72	94	NA	NA
ENSMUSG00000031200	42	14	41	52
ENSMUSG00000031201	70	70	87	33
ENSMUSG00000031202	NA	NA	17	13
ENSMUSG00000031204	4	64	NA	NA
ENSMUSG00000031207	29	78	NA	NA
ENSMUSG00000031209	4	16	NA	NA
ENSMUSG00000031210	NA	NA	55	0
ENSMUSG00000031214	6	87	57	44
ENSMUSG00000031216	1	78	NA	NA
ENSMUSG00000031217	24	50	NA	NA
ENSMUSG00000031221	7	84	77	70
ENSMUSG00000031227	96	76	NA	NA
ENSMUSG00000031229	7	60	99	16
ENSMUSG00000031230	45	45	NA	NA
ENSMUSG00000031232	69	82	97	92
ENSMUSG00000031233	20	0	NA	NA
ENSMUSG00000031239	98	38	NA	NA
ENSMUSG00000031241	NA	NA	65	69
ENSMUSG00000031242	71	53	55	81
ENSMUSG00000031245	19	58	NA	NA
ENSMUSG00000031246	99	18	NA	NA
ENSMUSG00000031250	19	50	NA	NA
ENSMUSG00000031253	97	93	NA	NA
ENSMUSG00000031255	13	0	NA	NA
ENSMUSG00000031256	71	89	NA	NA
ENSMUSG00000031258	NA	NA	2	19
ENSMUSG00000031262	NA	NA	95	85
ENSMUSG00000031264	20	30	NA	NA
ENSMUSG00000031266	4	93	NA	NA
ENSMUSG00000031270	NA	NA	71	68
ENSMUSG00000031271	NA	NA	8	58
ENSMUSG00000031273	28	11	NA	NA
ENSMUSG00000031274	20	4	NA	NA
ENSMUSG00000031278	62	38	NA	NA
ENSMUSG00000031283	25	34	74	95
ENSMUSG00000031284	3	32	93	91
ENSMUSG00000031285	6	69	NA	NA
ENSMUSG00000031286	NA	NA	95	27
ENSMUSG00000031289	30	44	NA	NA
ENSMUSG00000031290	NA	NA	66	68
ENSMUSG00000031292	NA	NA	72	24
ENSMUSG00000031293	43	36	NA	NA
ENSMUSG00000031294	NA	NA	67	87
ENSMUSG00000031295	91	35	37	86
ENSMUSG00000031297	86	2	NA	NA
ENSMUSG00000031298	NA	NA	78	23
ENSMUSG00000031299	58	60	NA	NA
ENSMUSG00000031302	NA	NA	35	46
ENSMUSG00000031304	9	13	NA	NA
ENSMUSG00000031309	90	63	NA	NA
ENSMUSG00000031310	64	6	79	69
ENSMUSG00000031311	28	41	NA	NA
ENSMUSG00000031312	98	85	NA	NA
ENSMUSG00000031314	NA	NA	89	60
ENSMUSG00000031323	NA	NA	81	37
ENSMUSG00000031325	NA	NA	42	0
ENSMUSG00000031326	67	39	NA	NA
ENSMUSG00000031327	25	80	87	39
ENSMUSG00000031328	94	78	NA	NA
ENSMUSG00000031329	77	62	NA	NA
ENSMUSG00000031330	NA	NA	42	39
ENSMUSG00000031333	38	75	NA	NA
ENSMUSG00000031337	67	16	NA	NA
ENSMUSG00000031340	4	48	NA	NA
ENSMUSG00000031342	66	87	28	11
ENSMUSG00000031343	31	27	11	71
ENSMUSG00000031344	16	30	NA	NA
ENSMUSG00000031347	90	98	NA	NA
ENSMUSG00000031349	98	86	NA	NA
ENSMUSG00000031351	62	20	NA	NA
ENSMUSG00000031352	2	16	NA	NA
ENSMUSG00000031353	93	87	NA	NA
ENSMUSG00000031354	38	50	NA	NA
ENSMUSG00000031355	11	24	NA	NA
ENSMUSG00000031357	17	81	NA	NA
ENSMUSG00000031358	57	47	NA	NA
ENSMUSG00000031360	90	66	NA	NA
ENSMUSG00000031364	40	46	NA	NA
ENSMUSG00000031365	58	31	NA	NA
ENSMUSG00000031367	71	30	92	20
ENSMUSG00000031370	79	25	0	28
ENSMUSG00000031371	6	4	NA	NA
ENSMUSG00000031372	25	23	NA	NA
ENSMUSG00000031373	58	19	50	45
ENSMUSG00000031374	38	57	NA	NA
ENSMUSG00000031375	87	62	NA	NA
ENSMUSG00000031377	23	54	NA	NA
ENSMUSG00000031378	69	59	NA	NA
ENSMUSG00000031379	NA	NA	85	94
ENSMUSG00000031380	97	92	NA	NA
ENSMUSG00000031381	62	72	NA	NA
ENSMUSG00000031382	13	3	NA	NA
ENSMUSG00000031383	60	99	NA	NA
ENSMUSG00000031384	57	86	NA	NA
ENSMUSG00000031385	68	38	27	34
ENSMUSG00000031386	13	87	NA	NA
ENSMUSG00000031387	69	89	NA	NA
ENSMUSG00000031389	37	0	0	18
ENSMUSG00000031390	51	51	NA	NA
ENSMUSG00000031391	9	74	NA	NA
ENSMUSG00000031392	64	48	NA	NA
ENSMUSG00000031393	34	26	94	96
ENSMUSG00000031394	19	41	NA	NA
ENSMUSG00000031397	30	32	NA	NA
ENSMUSG00000031398	48	31	NA	NA
ENSMUSG00000031399	NA	NA	72	88
ENSMUSG00000031400	69	66	88	32
ENSMUSG00000031402	72	22	NA	NA
ENSMUSG00000031403	NA	NA	79	74
ENSMUSG00000031410	66	53	NA	NA
ENSMUSG00000031411	NA	NA	22	65
ENSMUSG00000031425	3	1	NA	NA
ENSMUSG00000031428	40	44	NA	NA
ENSMUSG00000031429	74	96	NA	NA
ENSMUSG00000031430	NA	NA	31	43
ENSMUSG00000031431	84	62	NA	NA
ENSMUSG00000031432	70	47	NA	NA
ENSMUSG00000031433	NA	NA	26	1
ENSMUSG00000031434	87	73	NA	NA
ENSMUSG00000031438	86	6	NA	NA
ENSMUSG00000031441	14	94	NA	NA
ENSMUSG00000031442	NA	NA	17	90
ENSMUSG00000031443	25	30	NA	NA
ENSMUSG00000031444	29	39	NA	NA
ENSMUSG00000031445	82	44	NA	NA
ENSMUSG00000031446	81	80	NA	NA
ENSMUSG00000031447	55	84	NA	NA
ENSMUSG00000031448	NA	NA	98	71
ENSMUSG00000031449	14	45	NA	NA
ENSMUSG00000031450	35	68	NA	NA
ENSMUSG00000031451	93	99	NA	NA
ENSMUSG00000031452	30	1	NA	NA
ENSMUSG00000031453	4	83	NA	NA
ENSMUSG00000031458	20	62	NA	NA
ENSMUSG00000031461	99	98	99	98
ENSMUSG00000031465	31	65	50	69
ENSMUSG00000031467	28	68	37	7
ENSMUSG00000031471	47	49	NA	NA
ENSMUSG00000031478	66	68	NA	NA
ENSMUSG00000031479	51	33	81	56
ENSMUSG00000031480	3	63	NA	NA
ENSMUSG00000031481	37	26	NA	NA
ENSMUSG00000031482	78	62	NA	NA
ENSMUSG00000031483	NA	NA	83	78
ENSMUSG00000031485	80	0	38	4
ENSMUSG00000031486	14	53	NA	NA
ENSMUSG00000031487	NA	NA	60	24
ENSMUSG00000031488	NA	NA	32	56
ENSMUSG00000031489	55	9	NA	NA
ENSMUSG00000031490	88	92	NA	NA
ENSMUSG00000031491	64	27	NA	NA
ENSMUSG00000031492	16	35	NA	NA
ENSMUSG00000031494	62	26	NA	NA
ENSMUSG00000031495	68	24	NA	NA
ENSMUSG00000031497	25	24	82	74
ENSMUSG00000031502	98	74	NA	NA
ENSMUSG00000031503	98	40	NA	NA
ENSMUSG00000031504	12	43	NA	NA
ENSMUSG00000031505	90	17	NA	NA
ENSMUSG00000031508	21	91	66	14
ENSMUSG00000031509	55	52	NA	NA
ENSMUSG00000031510	NA	NA	44	62
ENSMUSG00000031511	5	57	74	46
ENSMUSG00000031512	NA	NA	66	24
ENSMUSG00000031513	96	51	NA	NA
ENSMUSG00000031516	69	88	NA	NA
ENSMUSG00000031517	1	18	NA	NA
ENSMUSG00000031518	33	44	NA	NA
ENSMUSG00000031519	91	6	NA	NA
ENSMUSG00000031520	42	93	14	98
ENSMUSG00000031521	NA	NA	34	98
ENSMUSG00000031523	25	59	8	43
ENSMUSG00000031527	48	36	NA	NA
ENSMUSG00000031529	NA	NA	82	85
ENSMUSG00000031532	11	98	NA	NA
ENSMUSG00000031533	92	85	4	34
ENSMUSG00000031534	83	80	NA	NA
ENSMUSG00000031535	49	28	NA	NA
ENSMUSG00000031536	89	71	NA	NA
ENSMUSG00000031537	57	11	11	65
ENSMUSG00000031538	28	96	49	23
ENSMUSG00000031539	82	51	NA	NA
ENSMUSG00000031540	75	11	52	21
ENSMUSG00000031543	46	63	6	86
ENSMUSG00000031545	50	76	6	97
ENSMUSG00000031546	80	32	NA	NA
ENSMUSG00000031548	62	77	77	99
ENSMUSG00000031549	2	46	NA	NA
ENSMUSG00000031551	74	41	NA	NA
ENSMUSG00000031552	13	79	NA	NA
ENSMUSG00000031553	62	25	NA	NA
ENSMUSG00000031554	40	31	NA	NA
ENSMUSG00000031555	8	84	NA	NA
ENSMUSG00000031556	12	82	NA	NA
ENSMUSG00000031557	96	14	95	77
ENSMUSG00000031558	92	97	63	88
ENSMUSG00000031559	NA	NA	73	21
ENSMUSG00000031561	98	58	NA	NA
ENSMUSG00000031562	NA	NA	90	89
ENSMUSG00000031563	65	14	NA	NA
ENSMUSG00000031565	29	53	95	90
ENSMUSG00000031568	8	53	34	82
ENSMUSG00000031574	19	57	NA	NA
ENSMUSG00000031575	86	77	NA	NA
ENSMUSG00000031576	47	19	NA	NA
ENSMUSG00000031577	73	8	37	36
ENSMUSG00000031578	71	35	NA	NA
ENSMUSG00000031583	46	71	NA	NA
ENSMUSG00000031584	83	10	NA	NA
ENSMUSG00000031585	32	31	NA	NA
ENSMUSG00000031586	79	52	37	61
ENSMUSG00000031590	66	50	NA	NA
ENSMUSG00000031591	0	80	NA	NA
ENSMUSG00000031592	32	57	NA	NA
ENSMUSG00000031594	51	22	NA	NA
ENSMUSG00000031595	NA	NA	99	99
ENSMUSG00000031596	50	59	91	99
ENSMUSG00000031600	53	10	64	98
ENSMUSG00000031601	25	65	NA	NA
ENSMUSG00000031603	63	15	NA	NA
ENSMUSG00000031604	98	93	32	10
ENSMUSG00000031605	18	33	85	75
ENSMUSG00000031608	84	42	NA	NA
ENSMUSG00000031609	55	52	NA	NA
ENSMUSG00000031610	42	51	NA	NA
ENSMUSG00000031613	65	77	NA	NA
ENSMUSG00000031616	35	34	73	33
ENSMUSG00000031617	89	78	NA	NA
ENSMUSG00000031618	NA	NA	37	9
ENSMUSG00000031620	NA	NA	34	81
ENSMUSG00000031621	NA	NA	30	5
ENSMUSG00000031622	72	71	58	4
ENSMUSG00000031626	NA	NA	97	99
ENSMUSG00000031627	58	77	NA	NA
ENSMUSG00000031628	96	77	17	66
ENSMUSG00000031629	NA	NA	46	80
ENSMUSG00000031631	50	46	94	73
ENSMUSG00000031633	66	87	NA	NA
ENSMUSG00000031634	48	50	NA	NA
ENSMUSG00000031635	13	37	NA	NA
ENSMUSG00000031636	72	98	88	1
ENSMUSG00000031637	NA	NA	39	89
ENSMUSG00000031639	16	43	NA	NA
ENSMUSG00000031641	89	92	45	52
ENSMUSG00000031642	62	58	NA	NA
ENSMUSG00000031644	37	39	90	83
ENSMUSG00000031645	54	57	NA	NA
ENSMUSG00000031647	NA	NA	99	97
ENSMUSG00000031651	NA	NA	17	10
ENSMUSG00000031652	43	62	37	96
ENSMUSG00000031654	98	98	NA	NA
ENSMUSG00000031657	NA	NA	58	3
ENSMUSG00000031659	57	85	NA	NA
ENSMUSG00000031660	98	52	1	44
ENSMUSG00000031661	46	15	42	23
ENSMUSG00000031662	62	27	NA	NA
ENSMUSG00000031665	28	26	7	29
ENSMUSG00000031666	56	97	NA	NA
ENSMUSG00000031667	7	88	NA	NA
ENSMUSG00000031668	94	85	NA	NA
ENSMUSG00000031669	NA	NA	85	6
ENSMUSG00000031671	22	32	NA	NA
ENSMUSG00000031672	42	42	NA	NA
ENSMUSG00000031673	12	99	4	81
ENSMUSG00000031681	31	43	74	83
ENSMUSG00000031682	NA	NA	25	21
ENSMUSG00000031683	NA	NA	94	93
ENSMUSG00000031684	NA	NA	97	95
ENSMUSG00000031688	NA	NA	29	45
ENSMUSG00000031691	78	91	95	96
ENSMUSG00000031696	44	84	NA	NA
ENSMUSG00000031697	32	96	NA	NA
ENSMUSG00000031698	NA	NA	11	38
ENSMUSG00000031700	59	44	35	81
ENSMUSG00000031701	74	52	19	87
ENSMUSG00000031703	26	96	NA	NA
ENSMUSG00000031706	26	10	84	82
ENSMUSG00000031708	49	12	NA	NA
ENSMUSG00000031709	NA	NA	54	2
ENSMUSG00000031710	24	61	NA	NA
ENSMUSG00000031712	20	45	NA	NA
ENSMUSG00000031714	94	82	NA	NA
ENSMUSG00000031715	81	88	44	82
ENSMUSG00000031722	39	19	NA	NA
ENSMUSG00000031723	NA	NA	55	90
ENSMUSG00000031725	31	10	NA	NA
ENSMUSG00000031727	37	57	NA	NA
ENSMUSG00000031728	38	47	NA	NA
ENSMUSG00000031729	58	80	NA	NA
ENSMUSG00000031730	0	58	NA	NA
ENSMUSG00000031731	79	77	84	72
ENSMUSG00000031732	NA	NA	71	62
ENSMUSG00000031734	41	95	NA	NA
ENSMUSG00000031736	NA	NA	76	80
ENSMUSG00000031737	29	82	NA	NA
ENSMUSG00000031738	41	75	NA	NA
ENSMUSG00000031740	99	99	NA	NA
ENSMUSG00000031748	89	87	NA	NA
ENSMUSG00000031749	77	93	NA	NA
ENSMUSG00000031750	40	30	NA	NA
ENSMUSG00000031751	86	39	NA	NA
ENSMUSG00000031753	86	5	NA	NA
ENSMUSG00000031754	NA	NA	94	50
ENSMUSG00000031755	8	82	NA	NA
ENSMUSG00000031756	86	42	NA	NA
ENSMUSG00000031757	54	15	NA	NA
ENSMUSG00000031758	NA	NA	30	24
ENSMUSG00000031760	47	13	NA	NA
ENSMUSG00000031762	4	6	NA	NA
ENSMUSG00000031765	22	57	NA	NA
ENSMUSG00000031766	0	8	63	54
ENSMUSG00000031767	20	0	39	68
ENSMUSG00000031770	92	5	NA	NA
ENSMUSG00000031772	37	48	NA	NA
ENSMUSG00000031774	71	55	NA	NA
ENSMUSG00000031775	46	13	NA	NA
ENSMUSG00000031776	62	63	NA	NA
ENSMUSG00000031778	2	30	NA	NA
ENSMUSG00000031779	37	20	NA	NA
ENSMUSG00000031780	21	14	NA	NA
ENSMUSG00000031781	23	94	40	55
ENSMUSG00000031782	83	9	NA	NA
ENSMUSG00000031785	97	20	NA	NA
ENSMUSG00000031787	50	93	NA	NA
ENSMUSG00000031788	40	37	NA	NA
ENSMUSG00000031789	32	35	NA	NA
ENSMUSG00000031790	19	38	86	54
ENSMUSG00000031791	78	69	NA	NA
ENSMUSG00000031792	73	30	NA	NA
ENSMUSG00000031796	92	86	NA	NA
ENSMUSG00000031799	94	51	NA	NA
ENSMUSG00000031802	2	12	NA	NA
ENSMUSG00000031803	22	16	NA	NA
ENSMUSG00000031805	28	60	NA	NA
ENSMUSG00000031807	64	77	NA	NA
ENSMUSG00000031808	78	70	82	95
ENSMUSG00000031809	NA	NA	71	73
ENSMUSG00000031812	63	38	NA	NA
ENSMUSG00000031813	70	50	NA	NA
ENSMUSG00000031816	NA	NA	29	19
ENSMUSG00000031818	50	77	NA	NA
ENSMUSG00000031819	82	78	76	10
ENSMUSG00000031820	42	61	NA	NA
ENSMUSG00000031821	NA	NA	96	54
ENSMUSG00000031822	NA	NA	96	96
ENSMUSG00000031823	63	49	NA	NA
ENSMUSG00000031824	17	81	33	3
ENSMUSG00000031825	NA	NA	22	82
ENSMUSG00000031826	38	89	NA	NA
ENSMUSG00000031827	21	59	NA	NA
ENSMUSG00000031828	14	34	NA	NA
ENSMUSG00000031831	10	53	NA	NA
ENSMUSG00000031832	62	86	NA	NA
ENSMUSG00000031833	95	62	NA	NA
ENSMUSG00000031834	81	16	NA	NA
ENSMUSG00000031835	74	73	NA	NA
ENSMUSG00000031837	3	30	NA	NA
ENSMUSG00000031838	97	63	77	28
ENSMUSG00000031839	11	99	NA	NA
ENSMUSG00000031840	74	77	NA	NA
ENSMUSG00000031841	56	69	58	54
ENSMUSG00000031843	73	18	NA	NA
ENSMUSG00000031844	54	18	NA	NA
ENSMUSG00000031845	24	5	NA	NA
ENSMUSG00000031847	NA	NA	25	67
ENSMUSG00000031848	7	90	NA	NA
ENSMUSG00000031849	18	65	NA	NA
ENSMUSG00000031851	65	46	92	49
ENSMUSG00000031853	15	49	65	37
ENSMUSG00000031858	4	26	NA	NA
ENSMUSG00000031860	35	52	NA	NA
ENSMUSG00000031861	27	2	91	7
ENSMUSG00000031862	73	77	NA	NA
ENSMUSG00000031864	NA	NA	87	17
ENSMUSG00000031865	31	4	NA	NA
ENSMUSG00000031870	75	8	89	0
ENSMUSG00000031871	60	37	NA	NA
ENSMUSG00000031872	51	39	NA	NA
ENSMUSG00000031875	97	91	NA	NA
ENSMUSG00000031877	83	99	NA	NA
ENSMUSG00000031878	53	62	NA	NA
ENSMUSG00000031879	29	46	NA	NA
ENSMUSG00000031880	91	51	NA	NA
ENSMUSG00000031881	20	66	NA	NA
ENSMUSG00000031883	61	60	56	35
ENSMUSG00000031885	72	20	NA	NA
ENSMUSG00000031886	37	39	NA	NA
ENSMUSG00000031887	63	9	43	65
ENSMUSG00000031889	64	20	NA	NA
ENSMUSG00000031891	1	29	NA	NA
ENSMUSG00000031893	64	35	NA	NA
ENSMUSG00000031896	16	29	NA	NA
ENSMUSG00000031897	47	83	NA	NA
ENSMUSG00000031898	34	27	NA	NA
ENSMUSG00000031901	NA	NA	84	48
ENSMUSG00000031902	69	5	NA	NA
ENSMUSG00000031903	6	67	NA	NA
ENSMUSG00000031904	29	29	NA	NA
ENSMUSG00000031906	53	45	5	73
ENSMUSG00000031907	61	62	NA	NA
ENSMUSG00000031910	22	78	NA	NA
ENSMUSG00000031913	12	26	NA	NA
ENSMUSG00000031916	80	25	NA	NA
ENSMUSG00000031917	83	13	NA	NA
ENSMUSG00000031918	17	68	NA	NA
ENSMUSG00000031919	63	24	NA	NA
ENSMUSG00000031921	16	63	54	38
ENSMUSG00000031922	NA	NA	84	66
ENSMUSG00000031924	94	80	NA	NA
ENSMUSG00000031927	NA	NA	85	81
ENSMUSG00000031928	53	85	27	1
ENSMUSG00000031930	44	30	16	86
ENSMUSG00000031931	38	76	NA	NA
ENSMUSG00000031932	15	22	17	95
ENSMUSG00000031933	0	28	NA	NA
ENSMUSG00000031934	91	80	33	45
ENSMUSG00000031935	36	62	NA	NA
ENSMUSG00000031936	NA	NA	98	87
ENSMUSG00000031937	NA	NA	63	47
ENSMUSG00000031938	86	97	NA	NA
ENSMUSG00000031939	16	0	NA	NA
ENSMUSG00000031948	88	87	NA	NA
ENSMUSG00000031949	11	2	43	59
ENSMUSG00000031951	NA	NA	60	80
ENSMUSG00000031952	21	19	NA	NA
ENSMUSG00000031953	9	7	76	50
ENSMUSG00000031954	80	77	NA	NA
ENSMUSG00000031955	68	24	NA	NA
ENSMUSG00000031957	96	85	NA	NA
ENSMUSG00000031958	NA	NA	48	21
ENSMUSG00000031959	NA	NA	39	60
ENSMUSG00000031960	87	91	NA	NA
ENSMUSG00000031962	91	98	NA	NA
ENSMUSG00000031963	NA	NA	98	94
ENSMUSG00000031965	43	46	7	18
ENSMUSG00000031966	NA	NA	60	45
ENSMUSG00000031967	25	78	NA	NA
ENSMUSG00000031969	79	61	NA	NA
ENSMUSG00000031970	19	78	NA	NA
ENSMUSG00000031971	45	50	NA	NA
ENSMUSG00000031972	65	98	NA	NA
ENSMUSG00000031974	71	29	NA	NA
ENSMUSG00000031976	NA	NA	67	62
ENSMUSG00000031979	7	20	NA	NA
ENSMUSG00000031980	19	77	NA	NA
ENSMUSG00000031981	14	52	NA	NA
ENSMUSG00000031982	NA	NA	90	55
ENSMUSG00000031983	NA	NA	44	36
ENSMUSG00000031984	92	94	57	64
ENSMUSG00000031985	92	77	NA	NA
ENSMUSG00000031986	91	33	NA	NA
ENSMUSG00000031987	45	45	NA	NA
ENSMUSG00000031988	36	9	85	62
ENSMUSG00000031990	94	85	NA	NA
ENSMUSG00000031991	51	7	NA	NA
ENSMUSG00000031993	87	65	35	1
ENSMUSG00000031994	40	14	NA	NA
ENSMUSG00000031995	43	36	NA	NA
ENSMUSG00000031996	33	68	NA	NA
ENSMUSG00000031997	54	26	NA	NA
ENSMUSG00000031998	NA	NA	22	8
ENSMUSG00000032000	2	56	NA	NA
ENSMUSG00000032002	50	17	15	33
ENSMUSG00000032006	60	18	37	35
ENSMUSG00000032009	91	97	97	99
ENSMUSG00000032010	97	67	NA	NA
ENSMUSG00000032011	46	45	NA	NA
ENSMUSG00000032012	36	34	38	9
ENSMUSG00000032013	52	47	NA	NA
ENSMUSG00000032014	94	65	NA	NA
ENSMUSG00000032015	22	22	NA	NA
ENSMUSG00000032018	97	83	99	93
ENSMUSG00000032020	NA	NA	48	81
ENSMUSG00000032021	5	61	NA	NA
ENSMUSG00000032023	NA	NA	41	73
ENSMUSG00000032024	90	98	NA	NA
ENSMUSG00000032026	49	39	NA	NA
ENSMUSG00000032028	NA	NA	37	31
ENSMUSG00000032030	NA	NA	34	5
ENSMUSG00000032033	67	10	NA	NA
ENSMUSG00000032034	32	39	5	60
ENSMUSG00000032035	9	55	NA	NA
ENSMUSG00000032036	NA	NA	30	31
ENSMUSG00000032038	92	61	NA	NA
ENSMUSG00000032040	76	90	NA	NA
ENSMUSG00000032041	20	57	NA	NA
ENSMUSG00000032042	46	65	NA	NA
ENSMUSG00000032044	18	16	NA	NA
ENSMUSG00000032046	55	33	NA	NA
ENSMUSG00000032047	79	85	NA	NA
ENSMUSG00000032048	NA	NA	64	52
ENSMUSG00000032050	15	19	NA	NA
ENSMUSG00000032051	47	41	NA	NA
ENSMUSG00000032053	54	64	NA	NA
ENSMUSG00000032056	81	72	NA	NA
ENSMUSG00000032057	NA	NA	95	98
ENSMUSG00000032058	94	72	NA	NA
ENSMUSG00000032059	37	54	NA	NA
ENSMUSG00000032060	77	82	NA	NA
ENSMUSG00000032062	79	78	NA	NA
ENSMUSG00000032064	41	7	69	0
ENSMUSG00000032065	26	63	NA	NA
ENSMUSG00000032066	64	9	NA	NA
ENSMUSG00000032067	88	97	25	27
ENSMUSG00000032068	77	31	43	69
ENSMUSG00000032076	97	19	NA	NA
ENSMUSG00000032077	2	65	NA	NA
ENSMUSG00000032078	86	95	NA	NA
ENSMUSG00000032079	14	48	NA	NA
ENSMUSG00000032080	44	70	NA	NA
ENSMUSG00000032081	15	75	NA	NA
ENSMUSG00000032083	42	28	NA	NA
ENSMUSG00000032085	84	85	NA	NA
ENSMUSG00000032086	25	57	NA	NA
ENSMUSG00000032087	39	36	1	47
ENSMUSG00000032089	22	20	NA	NA
ENSMUSG00000032091	41	37	NA	NA
ENSMUSG00000032092	52	39	NA	NA
ENSMUSG00000032093	24	18	NA	NA
ENSMUSG00000032094	39	10	NA	NA
ENSMUSG00000032096	57	86	66	59
ENSMUSG00000032097	31	31	NA	NA
ENSMUSG00000032098	14	64	NA	NA
ENSMUSG00000032099	43	1	NA	NA
ENSMUSG00000032101	26	52	37	46
ENSMUSG00000032103	53	19	NA	NA
ENSMUSG00000032105	74	21	NA	NA
ENSMUSG00000032108	27	3	NA	NA
ENSMUSG00000032109	48	56	NA	NA
ENSMUSG00000032110	53	72	NA	NA
ENSMUSG00000032112	77	56	9	6
ENSMUSG00000032113	24	18	44	62
ENSMUSG00000032114	89	19	NA	NA
ENSMUSG00000032115	83	50	NA	NA
ENSMUSG00000032116	78	50	15	29
ENSMUSG00000032118	97	82	NA	NA
ENSMUSG00000032119	15	84	67	7
ENSMUSG00000032120	16	49	92	58
ENSMUSG00000032121	70	80	NA	NA
ENSMUSG00000032122	33	26	NA	NA
ENSMUSG00000032123	20	15	NA	NA
ENSMUSG00000032125	55	57	NA	NA
ENSMUSG00000032126	77	94	NA	NA
ENSMUSG00000032127	61	63	NA	NA
ENSMUSG00000032128	NA	NA	2	70
ENSMUSG00000032131	47	47	NA	NA
ENSMUSG00000032135	76	52	NA	NA
ENSMUSG00000032171	53	94	NA	NA
ENSMUSG00000032172	NA	NA	48	89
ENSMUSG00000032174	54	32	NA	NA
ENSMUSG00000032175	22	67	NA	NA
ENSMUSG00000032177	22	21	NA	NA
ENSMUSG00000032178	30	77	NA	NA
ENSMUSG00000032179	18	4	9	34
ENSMUSG00000032180	93	26	NA	NA
ENSMUSG00000032181	62	58	NA	NA
ENSMUSG00000032182	21	24	NA	NA
ENSMUSG00000032184	41	43	NA	NA
ENSMUSG00000032185	45	33	NA	NA
ENSMUSG00000032186	38	25	33	52
ENSMUSG00000032187	36	85	NA	NA
ENSMUSG00000032191	1	39	NA	NA
ENSMUSG00000032192	29	13	NA	NA
ENSMUSG00000032193	96	42	78	44
ENSMUSG00000032194	72	21	92	61
ENSMUSG00000032198	19	50	20	87
ENSMUSG00000032199	33	6	NA	NA
ENSMUSG00000032202	2	55	6	71
ENSMUSG00000032204	14	7	NA	NA
ENSMUSG00000032207	6	24	NA	NA
ENSMUSG00000032212	74	8	60	76
ENSMUSG00000032216	48	93	NA	NA
ENSMUSG00000032217	0	5	NA	NA
ENSMUSG00000032218	99	0	NA	NA
ENSMUSG00000032220	40	44	97	19
ENSMUSG00000032221	15	60	72	14
ENSMUSG00000032224	37	48	NA	NA
ENSMUSG00000032226	15	12	47	66
ENSMUSG00000032228	34	68	4	16
ENSMUSG00000032231	96	0	NA	NA
ENSMUSG00000032232	11	35	34	36
ENSMUSG00000032235	69	62	NA	NA
ENSMUSG00000032238	15	13	87	6
ENSMUSG00000032239	62	60	NA	NA
ENSMUSG00000032244	1	41	NA	NA
ENSMUSG00000032245	11	2	NA	NA
ENSMUSG00000032246	90	99	NA	NA
ENSMUSG00000032249	74	40	NA	NA
ENSMUSG00000032251	11	90	NA	NA
ENSMUSG00000032252	98	54	77	2
ENSMUSG00000032253	73	72	95	94
ENSMUSG00000032254	89	75	NA	NA
ENSMUSG00000032258	NA	NA	70	23
ENSMUSG00000032259	32	64	NA	NA
ENSMUSG00000032261	4	14	7	16
ENSMUSG00000032262	0	74	NA	NA
ENSMUSG00000032263	41	74	NA	NA
ENSMUSG00000032264	31	62	92	46
ENSMUSG00000032265	NA	NA	93	98
ENSMUSG00000032267	NA	NA	66	49
ENSMUSG00000032268	13	79	NA	NA
ENSMUSG00000032269	50	25	NA	NA
ENSMUSG00000032271	82	65	NA	NA
ENSMUSG00000032274	14	27	NA	NA
ENSMUSG00000032278	NA	NA	79	26
ENSMUSG00000032279	62	28	NA	NA
ENSMUSG00000032280	34	64	53	72
ENSMUSG00000032281	17	89	NA	NA
ENSMUSG00000032285	78	82	NA	NA
ENSMUSG00000032288	78	31	NA	NA
ENSMUSG00000032289	NA	NA	12	8
ENSMUSG00000032290	67	67	NA	NA
ENSMUSG00000032291	53	49	NA	NA
ENSMUSG00000032292	31	12	NA	NA
ENSMUSG00000032293	33	70	NA	NA
ENSMUSG00000032294	85	37	NA	NA
ENSMUSG00000032295	85	81	NA	NA
ENSMUSG00000032297	NA	NA	70	61
ENSMUSG00000032298	NA	NA	31	6
ENSMUSG00000032299	71	73	NA	NA
ENSMUSG00000032300	68	26	58	69
ENSMUSG00000032301	15	98	NA	NA
ENSMUSG00000032303	53	68	NA	NA
ENSMUSG00000032305	NA	NA	48	94
ENSMUSG00000032306	97	56	NA	NA
ENSMUSG00000032307	NA	NA	8	79
ENSMUSG00000032309	45	21	NA	NA
ENSMUSG00000032310	84	71	NA	NA
ENSMUSG00000032311	29	81	12	64
ENSMUSG00000032312	81	0	NA	NA
ENSMUSG00000032314	22	93	NA	NA
ENSMUSG00000032315	24	29	NA	NA
ENSMUSG00000032316	91	54	NA	NA
ENSMUSG00000032318	9	66	NA	NA
ENSMUSG00000032320	15	80	15	54
ENSMUSG00000032322	98	80	NA	NA
ENSMUSG00000032323	77	33	NA	NA
ENSMUSG00000032324	91	35	NA	NA
ENSMUSG00000032327	58	38	NA	NA
ENSMUSG00000032328	27	88	14	36
ENSMUSG00000032329	80	66	56	71
ENSMUSG00000032330	54	84	NA	NA
ENSMUSG00000032332	94	99	99	99
ENSMUSG00000032333	NA	NA	70	93
ENSMUSG00000032334	85	92	83	88
ENSMUSG00000032336	83	84	6	65
ENSMUSG00000032340	5	87	4	91
ENSMUSG00000032342	37	68	NA	NA
ENSMUSG00000032343	20	9	NA	NA
ENSMUSG00000032344	NA	NA	80	20
ENSMUSG00000032346	NA	NA	41	70
ENSMUSG00000032348	86	30	NA	NA
ENSMUSG00000032349	95	87	NA	NA
ENSMUSG00000032350	80	29	NA	NA
ENSMUSG00000032352	33	39	NA	NA
ENSMUSG00000032353	95	75	NA	NA
ENSMUSG00000032355	NA	NA	30	87
ENSMUSG00000032356	37	64	82	14
ENSMUSG00000032357	1	52	NA	NA
ENSMUSG00000032359	80	83	56	90
ENSMUSG00000032360	NA	NA	42	76
ENSMUSG00000032363	88	30	NA	NA
ENSMUSG00000032366	92	79	NA	NA
ENSMUSG00000032368	94	96	44	31
ENSMUSG00000032370	0	16	NA	NA
ENSMUSG00000032372	10	77	NA	NA
ENSMUSG00000032373	57	69	NA	NA
ENSMUSG00000032374	1	96	NA	NA
ENSMUSG00000032375	NA	NA	93	90
ENSMUSG00000032376	11	16	94	33
ENSMUSG00000032377	NA	NA	90	15
ENSMUSG00000032380	60	85	NA	NA
ENSMUSG00000032381	36	30	NA	NA
ENSMUSG00000032382	73	25	NA	NA
ENSMUSG00000032383	86	31	NA	NA
ENSMUSG00000032384	76	5	93	75
ENSMUSG00000032386	41	24	2	54
ENSMUSG00000032387	91	98	NA	NA
ENSMUSG00000032388	94	14	NA	NA
ENSMUSG00000032392	56	55	NA	NA
ENSMUSG00000032393	53	57	19	94
ENSMUSG00000032394	31	51	NA	NA
ENSMUSG00000032396	NA	NA	68	19
ENSMUSG00000032397	93	7	NA	NA
ENSMUSG00000032398	46	7	NA	NA
ENSMUSG00000032400	92	92	NA	NA
ENSMUSG00000032402	25	16	47	8
ENSMUSG00000032403	NA	NA	29	82
ENSMUSG00000032405	83	17	NA	NA
ENSMUSG00000032407	90	30	84	36
ENSMUSG00000032409	31	62	20	12
ENSMUSG00000032410	16	28	86	23
ENSMUSG00000032411	NA	NA	80	84
ENSMUSG00000032412	81	45	NA	NA
ENSMUSG00000032413	86	58	88	22
ENSMUSG00000032415	NA	NA	0	94
ENSMUSG00000032417	NA	NA	24	84
ENSMUSG00000032418	96	66	NA	NA
ENSMUSG00000032419	81	43	97	92
ENSMUSG00000032420	56	10	26	85
ENSMUSG00000032422	83	89	NA	NA
ENSMUSG00000032423	81	85	94	61
ENSMUSG00000032425	NA	NA	14	97
ENSMUSG00000032431	98	67	NA	NA
ENSMUSG00000032434	54	84	NA	NA
ENSMUSG00000032435	93	34	NA	NA
ENSMUSG00000032436	84	25	NA	NA
ENSMUSG00000032437	75	78	NA	NA
ENSMUSG00000032440	48	40	NA	NA
ENSMUSG00000032443	NA	NA	28	75
ENSMUSG00000032446	29	57	NA	NA
ENSMUSG00000032449	89	75	34	12
ENSMUSG00000032451	NA	NA	79	76
ENSMUSG00000032452	8	34	43	77
ENSMUSG00000032454	62	44	NA	NA
ENSMUSG00000032456	20	67	60	67
ENSMUSG00000032458	5	86	NA	NA
ENSMUSG00000032459	85	96	NA	NA
ENSMUSG00000032462	NA	NA	95	61
ENSMUSG00000032463	78	91	NA	NA
ENSMUSG00000032468	NA	NA	14	89
ENSMUSG00000032469	58	16	NA	NA
ENSMUSG00000032470	7	74	93	76
ENSMUSG00000032473	63	0	NA	NA
ENSMUSG00000032475	62	39	83	16
ENSMUSG00000032477	68	84	49	64
ENSMUSG00000032478	83	87	NA	NA
ENSMUSG00000032479	52	4	4	40
ENSMUSG00000032480	76	86	NA	NA
ENSMUSG00000032481	72	92	97	94
ENSMUSG00000032482	66	21	NA	NA
ENSMUSG00000032484	27	27	NA	NA
ENSMUSG00000032485	50	88	18	17
ENSMUSG00000032487	86	86	NA	NA
ENSMUSG00000032489	8	43	NA	NA
ENSMUSG00000032491	NA	NA	81	25
ENSMUSG00000032492	27	52	NA	NA
ENSMUSG00000032493	6	26	48	57
ENSMUSG00000032494	36	3	NA	NA
ENSMUSG00000032495	49	41	52	43
ENSMUSG00000032496	40	39	NA	NA
ENSMUSG00000032497	10	55	38	21
ENSMUSG00000032498	61	41	NA	NA
ENSMUSG00000032500	NA	NA	79	40
ENSMUSG00000032501	69	80	NA	NA
ENSMUSG00000032502	3	37	NA	NA
ENSMUSG00000032503	46	65	85	31
ENSMUSG00000032504	68	36	NA	NA
ENSMUSG00000032507	NA	NA	93	96
ENSMUSG00000032508	25	30	NA	NA
ENSMUSG00000032511	7	87	59	99
ENSMUSG00000032512	50	18	51	16
ENSMUSG00000032513	39	18	NA	NA
ENSMUSG00000032514	NA	NA	2	2
ENSMUSG00000032515	NA	NA	27	78
ENSMUSG00000032517	59	8	36	23
ENSMUSG00000032518	56	47	NA	NA
ENSMUSG00000032519	17	45	NA	NA
ENSMUSG00000032523	64	51	NA	NA
ENSMUSG00000032525	85	94	29	76
ENSMUSG00000032526	93	96	NA	NA
ENSMUSG00000032527	93	65	NA	NA
ENSMUSG00000032528	50	44	42	8
ENSMUSG00000032530	38	13	NA	NA
ENSMUSG00000032531	91	89	NA	NA
ENSMUSG00000032532	44	47	NA	NA
ENSMUSG00000032534	NA	NA	61	86
ENSMUSG00000032536	84	53	94	61
ENSMUSG00000032537	NA	NA	31	70
ENSMUSG00000032540	17	1	NA	NA
ENSMUSG00000032547	34	89	59	74
ENSMUSG00000032548	27	40	36	28
ENSMUSG00000032549	12	31	58	31
ENSMUSG00000032551	65	90	NA	NA
ENSMUSG00000032553	36	89	NA	NA
ENSMUSG00000032555	95	63	58	93
ENSMUSG00000032556	NA	NA	11	24
ENSMUSG00000032557	41	93	87	99
ENSMUSG00000032560	90	70	17	73
ENSMUSG00000032561	1	29	87	90
ENSMUSG00000032562	96	64	NA	NA
ENSMUSG00000032563	61	86	59	21
ENSMUSG00000032564	NA	NA	51	36
ENSMUSG00000032565	0	57	70	67
ENSMUSG00000032566	24	48	NA	NA
ENSMUSG00000032567	28	9	51	55
ENSMUSG00000032570	40	34	54	59
ENSMUSG00000032571	13	56	NA	NA
ENSMUSG00000032572	NA	NA	20	75
ENSMUSG00000032575	89	68	NA	NA
ENSMUSG00000032577	NA	NA	57	72
ENSMUSG00000032578	23	66	NA	NA
ENSMUSG00000032579	84	67	73	67
ENSMUSG00000032580	6	43	64	78
ENSMUSG00000032582	62	5	53	16
ENSMUSG00000032583	NA	NA	36	14
ENSMUSG00000032584	60	8	NA	NA
ENSMUSG00000032586	20	63	NA	NA
ENSMUSG00000032589	44	70	11	22
ENSMUSG00000032590	52	61	NA	NA
ENSMUSG00000032591	11	40	NA	NA
ENSMUSG00000032594	67	79	NA	NA
ENSMUSG00000032596	21	6	NA	NA
ENSMUSG00000032598	4	25	NA	NA
ENSMUSG00000032599	NA	NA	68	78
ENSMUSG00000032601	72	73	56	60
ENSMUSG00000032602	2	3	NA	NA
ENSMUSG00000032604	35	87	NA	NA
ENSMUSG00000032606	83	79	NA	NA
ENSMUSG00000032609	NA	NA	87	59
ENSMUSG00000032611	3	60	NA	NA
ENSMUSG00000032612	19	69	63	82
ENSMUSG00000032615	52	75	NA	NA
ENSMUSG00000032621	84	45	78	9
ENSMUSG00000032624	NA	NA	45	48
ENSMUSG00000032625	NA	NA	3	89
ENSMUSG00000032633	82	70	NA	NA
ENSMUSG00000032637	NA	NA	27	35
ENSMUSG00000032640	NA	NA	98	99
ENSMUSG00000032641	43	16	84	14
ENSMUSG00000032643	32	73	NA	NA
ENSMUSG00000032648	99	93	NA	NA
ENSMUSG00000032649	NA	NA	63	8
ENSMUSG00000032652	NA	NA	29	84
ENSMUSG00000032657	95	16	NA	NA
ENSMUSG00000032661	61	2	NA	NA
ENSMUSG00000032666	NA	NA	92	27
ENSMUSG00000032667	59	69	77	92
ENSMUSG00000032671	15	23	NA	NA
ENSMUSG00000032673	NA	NA	66	98
ENSMUSG00000032679	83	81	NA	NA
ENSMUSG00000032680	NA	NA	25	63
ENSMUSG00000032688	NA	NA	69	55
ENSMUSG00000032690	69	33	NA	NA
ENSMUSG00000032691	23	20	NA	NA
ENSMUSG00000032698	29	24	NA	NA
ENSMUSG00000032702	NA	NA	33	57
ENSMUSG00000032705	42	7	NA	NA
ENSMUSG00000032712	61	51	81	88
ENSMUSG00000032714	NA	NA	84	58
ENSMUSG00000032715	99	94	NA	NA
ENSMUSG00000032717	8	51	NA	NA
ENSMUSG00000032718	43	54	NA	NA
ENSMUSG00000032719	NA	NA	68	25
ENSMUSG00000032724	NA	NA	12	32
ENSMUSG00000032725	23	52	NA	NA
ENSMUSG00000032726	48	4	NA	NA
ENSMUSG00000032727	NA	NA	73	67
ENSMUSG00000032733	NA	NA	75	97
ENSMUSG00000032735	NA	NA	99	57
ENSMUSG00000032737	12	6	NA	NA
ENSMUSG00000032740	91	71	94	32
ENSMUSG00000032741	62	89	NA	NA
ENSMUSG00000032743	NA	NA	58	33
ENSMUSG00000032744	94	95	NA	NA
ENSMUSG00000032745	58	48	6	89
ENSMUSG00000032750	38	27	NA	NA
ENSMUSG00000032754	47	15	NA	NA
ENSMUSG00000032757	18	72	NA	NA
ENSMUSG00000032758	47	7	NA	NA
ENSMUSG00000032763	NA	NA	35	97
ENSMUSG00000032766	76	96	NA	NA
ENSMUSG00000032769	NA	NA	36	55
ENSMUSG00000032773	32	11	36	51
ENSMUSG00000032776	NA	NA	1	5
ENSMUSG00000032777	29	33	1	77
ENSMUSG00000032782	42	59	NA	NA
ENSMUSG00000032783	NA	NA	28	40
ENSMUSG00000032786	79	73	20	29
ENSMUSG00000032788	65	43	NA	NA
ENSMUSG00000032796	33	29	NA	NA
ENSMUSG00000032802	66	13	NA	NA
ENSMUSG00000032803	35	18	25	2
ENSMUSG00000032806	45	2	NA	NA
ENSMUSG00000032807	56	66	NA	NA
ENSMUSG00000032812	69	30	NA	NA
ENSMUSG00000032815	29	47	NA	NA
ENSMUSG00000032816	88	99	45	19
ENSMUSG00000032826	NA	NA	78	77
ENSMUSG00000032827	NA	NA	70	53
ENSMUSG00000032834	83	87	NA	NA
ENSMUSG00000032839	27	60	NA	NA
ENSMUSG00000032840	NA	NA	69	72
ENSMUSG00000032841	NA	NA	24	49
ENSMUSG00000032842	6	4	56	50
ENSMUSG00000032845	88	27	NA	NA
ENSMUSG00000032846	76	84	91	97
ENSMUSG00000032849	NA	NA	65	94
ENSMUSG00000032850	NA	NA	35	15
ENSMUSG00000032852	NA	NA	90	32
ENSMUSG00000032854	58	23	NA	NA
ENSMUSG00000032860	75	27	NA	NA
ENSMUSG00000032864	29	12	NA	NA
ENSMUSG00000032867	50	55	36	47
ENSMUSG00000032869	32	72	NA	NA
ENSMUSG00000032870	19	29	NA	NA
ENSMUSG00000032875	NA	NA	91	94
ENSMUSG00000032878	15	2	NA	NA
ENSMUSG00000032883	NA	NA	53	81
ENSMUSG00000032890	NA	NA	28	7
ENSMUSG00000032894	NA	NA	5	39
ENSMUSG00000032898	68	62	NA	NA
ENSMUSG00000032899	NA	NA	14	49
ENSMUSG00000032900	44	41	81	52
ENSMUSG00000032902	93	82	73	12
ENSMUSG00000032905	77	73	NA	NA
ENSMUSG00000032908	NA	NA	57	65
ENSMUSG00000032911	37	65	NA	NA
ENSMUSG00000032913	NA	NA	42	60
ENSMUSG00000032915	6	21	NA	NA
ENSMUSG00000032921	65	48	NA	NA
ENSMUSG00000032925	11	22	NA	NA
ENSMUSG00000032932	NA	NA	62	93
ENSMUSG00000032936	64	53	NA	NA
ENSMUSG00000032937	77	2	NA	NA
ENSMUSG00000032939	93	88	NA	NA
ENSMUSG00000032940	NA	NA	14	34
ENSMUSG00000032942	31	48	NA	NA
ENSMUSG00000032946	70	38	84	81
ENSMUSG00000032948	NA	NA	0	48
ENSMUSG00000032965	64	80	NA	NA
ENSMUSG00000032966	0	87	NA	NA
ENSMUSG00000032968	77	42	NA	NA
ENSMUSG00000032977	12	86	NA	NA
ENSMUSG00000032978	37	10	NA	NA
ENSMUSG00000032985	NA	NA	6	33
ENSMUSG00000032988	33	58	NA	NA
ENSMUSG00000032997	70	85	NA	NA
ENSMUSG00000032998	58	24	31	80
ENSMUSG00000032999	NA	NA	42	82
ENSMUSG00000033004	52	9	63	48
ENSMUSG00000033006	0	20	NA	NA
ENSMUSG00000033007	NA	NA	16	10
ENSMUSG00000033009	NA	NA	82	60
ENSMUSG00000033014	62	61	31	0
ENSMUSG00000033015	NA	NA	39	87
ENSMUSG00000033016	43	67	61	96
ENSMUSG00000033020	90	93	87	93
ENSMUSG00000033021	36	88	NA	NA
ENSMUSG00000033022	28	45	NA	NA
ENSMUSG00000033027	32	5	NA	NA
ENSMUSG00000033029	78	0	NA	NA
ENSMUSG00000033031	83	84	NA	NA
ENSMUSG00000033032	NA	NA	97	26
ENSMUSG00000033033	34	45	NA	NA
ENSMUSG00000033039	NA	NA	43	89
ENSMUSG00000033044	NA	NA	99	88
ENSMUSG00000033047	10	91	NA	NA
ENSMUSG00000033053	25	48	NA	NA
ENSMUSG00000033054	NA	NA	84	70
ENSMUSG00000033055	72	88	NA	NA
ENSMUSG00000033059	95	24	NA	NA
ENSMUSG00000033060	83	73	4	38
ENSMUSG00000033061	74	38	NA	NA
ENSMUSG00000033065	95	90	NA	NA
ENSMUSG00000033066	51	35	25	24
ENSMUSG00000033068	44	18	NA	NA
ENSMUSG00000033075	70	15	60	15
ENSMUSG00000033080	72	28	NA	NA
ENSMUSG00000033082	NA	NA	77	19
ENSMUSG00000033083	NA	NA	58	17
ENSMUSG00000033088	91	60	NA	NA
ENSMUSG00000033096	61	48	NA	NA
ENSMUSG00000033099	80	78	NA	NA
ENSMUSG00000033102	NA	NA	91	92
ENSMUSG00000033105	98	85	NA	NA
ENSMUSG00000033106	NA	NA	44	83
ENSMUSG00000033111	49	80	54	44
ENSMUSG00000033114	NA	NA	53	11
ENSMUSG00000033122	1	79	NA	NA
ENSMUSG00000033126	NA	NA	14	8
ENSMUSG00000033128	53	26	NA	NA
ENSMUSG00000033147	NA	NA	69	31
ENSMUSG00000033149	81	66	NA	NA
ENSMUSG00000033152	NA	NA	95	98
ENSMUSG00000033156	34	59	NA	NA
ENSMUSG00000033157	18	1	NA	NA
ENSMUSG00000033159	92	56	NA	NA
ENSMUSG00000033161	74	84	NA	NA
ENSMUSG00000033166	68	63	NA	NA
ENSMUSG00000033170	38	91	NA	NA
ENSMUSG00000033174	86	97	1	16
ENSMUSG00000033182	NA	NA	32	16
ENSMUSG00000033184	66	91	25	94
ENSMUSG00000033186	NA	NA	80	96
ENSMUSG00000033187	27	53	NA	NA
ENSMUSG00000033191	34	76	NA	NA
ENSMUSG00000033192	NA	NA	4	68
ENSMUSG00000033196	79	10	NA	NA
ENSMUSG00000033200	68	29	NA	NA
ENSMUSG00000033207	NA	NA	98	92
ENSMUSG00000033208	48	59	NA	NA
ENSMUSG00000033209	82	86	92	97
ENSMUSG00000033213	NA	NA	22	88
ENSMUSG00000033214	NA	NA	84	6
ENSMUSG00000033216	25	91	NA	NA
ENSMUSG00000033220	23	40	23	2
ENSMUSG00000033222	NA	NA	98	6
ENSMUSG00000033227	61	56	83	8
ENSMUSG00000033228	32	27	NA	NA
ENSMUSG00000033233	NA	NA	45	10
ENSMUSG00000033237	44	29	65	46
ENSMUSG00000033249	84	47	NA	NA
ENSMUSG00000033253	NA	NA	86	53
ENSMUSG00000033256	61	60	NA	NA
ENSMUSG00000033257	NA	NA	21	80
ENSMUSG00000033268	NA	NA	17	44
ENSMUSG00000033272	17	60	NA	NA
ENSMUSG00000033276	NA	NA	18	57
ENSMUSG00000033278	32	97	NA	NA
ENSMUSG00000033285	NA	NA	30	10
ENSMUSG00000033287	96	53	NA	NA
ENSMUSG00000033294	85	93	93	99
ENSMUSG00000033295	88	14	NA	NA
ENSMUSG00000033306	88	16	89	83
ENSMUSG00000033307	19	9	NA	NA
ENSMUSG00000033308	65	14	NA	NA
ENSMUSG00000033313	22	5	NA	NA
ENSMUSG00000033316	NA	NA	42	79
ENSMUSG00000033318	66	49	16	78
ENSMUSG00000033319	NA	NA	94	86
ENSMUSG00000033323	1	90	NA	NA
ENSMUSG00000033326	NA	NA	82	20
ENSMUSG00000033327	47	58	NA	NA
ENSMUSG00000033335	91	52	NA	NA
ENSMUSG00000033342	NA	NA	62	84
ENSMUSG00000033343	52	53	NA	NA
ENSMUSG00000033350	94	20	15	39
ENSMUSG00000033352	74	63	NA	NA
ENSMUSG00000033355	50	69	NA	NA
ENSMUSG00000033356	NA	NA	85	0
ENSMUSG00000033361	NA	NA	80	70
ENSMUSG00000033364	NA	NA	55	12
ENSMUSG00000033365	NA	NA	84	58
ENSMUSG00000033368	82	35	NA	NA
ENSMUSG00000033373	59	94	NA	NA
ENSMUSG00000033377	70	21	NA	NA
ENSMUSG00000033379	83	17	NA	NA
ENSMUSG00000033382	NA	NA	87	84
ENSMUSG00000033386	19	22	40	15
ENSMUSG00000033389	NA	NA	64	44
ENSMUSG00000033392	80	32	44	3
ENSMUSG00000033396	NA	NA	60	14
ENSMUSG00000033400	81	58	33	68
ENSMUSG00000033405	NA	NA	71	26
ENSMUSG00000033409	NA	NA	58	85
ENSMUSG00000033411	NA	NA	86	50
ENSMUSG00000033416	58	56	NA	NA
ENSMUSG00000033417	7	4	NA	NA
ENSMUSG00000033419	51	7	25	90
ENSMUSG00000033420	96	85	NA	NA
ENSMUSG00000033423	39	27	NA	NA
ENSMUSG00000033427	34	60	NA	NA
ENSMUSG00000033429	4	98	NA	NA
ENSMUSG00000033430	70	39	12	9
ENSMUSG00000033434	14	6	NA	NA
ENSMUSG00000033436	97	53	NA	NA
ENSMUSG00000033439	NA	NA	18	64
ENSMUSG00000033444	NA	NA	77	85
ENSMUSG00000033446	NA	NA	65	23
ENSMUSG00000033453	16	45	NA	NA
ENSMUSG00000033454	41	68	7	38
ENSMUSG00000033460	82	91	NA	NA
ENSMUSG00000033467	64	60	NA	NA
ENSMUSG00000033470	39	53	NA	NA
ENSMUSG00000033478	41	44	89	11
ENSMUSG00000033486	34	49	0	73
ENSMUSG00000033487	20	68	46	72
ENSMUSG00000033488	34	8	45	44
ENSMUSG00000033491	35	64	NA	NA
ENSMUSG00000033498	19	62	NA	NA
ENSMUSG00000033499	29	14	NA	NA
ENSMUSG00000033501	64	32	NA	NA
ENSMUSG00000033502	NA	NA	70	40
ENSMUSG00000033508	19	31	NA	NA
ENSMUSG00000033510	45	36	NA	NA
ENSMUSG00000033520	NA	NA	80	88
ENSMUSG00000033526	NA	NA	36	93
ENSMUSG00000033530	86	1	NA	NA
ENSMUSG00000033533	49	50	NA	NA
ENSMUSG00000033538	54	59	NA	NA
ENSMUSG00000033540	59	38	NA	NA
ENSMUSG00000033542	71	67	NA	NA
ENSMUSG00000033543	NA	NA	58	14
ENSMUSG00000033544	57	39	27	36
ENSMUSG00000033545	30	30	NA	NA
ENSMUSG00000033554	97	44	NA	NA
ENSMUSG00000033557	70	13	6	14
ENSMUSG00000033565	81	21	NA	NA
ENSMUSG00000033569	NA	NA	78	46
ENSMUSG00000033576	NA	NA	44	36
ENSMUSG00000033577	33	42	NA	NA
ENSMUSG00000033578	18	13	NA	NA
ENSMUSG00000033579	17	16	NA	NA
ENSMUSG00000033581	17	80	62	97
ENSMUSG00000033585	53	61	NA	NA
ENSMUSG00000033589	NA	NA	91	47
ENSMUSG00000033590	20	14	NA	NA
ENSMUSG00000033594	NA	NA	42	34
ENSMUSG00000033595	NA	NA	86	43
ENSMUSG00000033596	72	65	NA	NA
ENSMUSG00000033597	NA	NA	26	72
ENSMUSG00000033610	65	63	40	62
ENSMUSG00000033615	7	58	NA	NA
ENSMUSG00000033623	NA	NA	68	91
ENSMUSG00000033624	NA	NA	74	32
ENSMUSG00000033628	88	53	NA	NA
ENSMUSG00000033629	80	47	NA	NA
ENSMUSG00000033633	NA	NA	80	2
ENSMUSG00000033634	15	0	NA	NA
ENSMUSG00000033644	5	66	NA	NA
ENSMUSG00000033653	NA	NA	12	49
ENSMUSG00000033658	33	59	NA	NA
ENSMUSG00000033669	12	36	NA	NA
ENSMUSG00000033671	22	60	4	49
ENSMUSG00000033676	57	8	35	52
ENSMUSG00000033684	71	73	NA	NA
ENSMUSG00000033685	5	91	56	96
ENSMUSG00000033688	39	10	NA	NA
ENSMUSG00000033697	26	43	2	0
ENSMUSG00000033701	39	39	NA	NA
ENSMUSG00000033703	NA	NA	77	73
ENSMUSG00000033705	NA	NA	93	88
ENSMUSG00000033706	21	94	NA	NA
ENSMUSG00000033707	NA	NA	70	16
ENSMUSG00000033712	22	91	NA	NA
ENSMUSG00000033713	NA	NA	95	97
ENSMUSG00000033715	65	9	NA	NA
ENSMUSG00000033717	18	34	86	94
ENSMUSG00000033720	NA	NA	59	29
ENSMUSG00000033721	73	23	NA	NA
ENSMUSG00000033722	NA	NA	82	19
ENSMUSG00000033726	NA	NA	73	51
ENSMUSG00000033728	19	42	6	91
ENSMUSG00000033730	6	31	99	99
ENSMUSG00000033731	NA	NA	49	33
ENSMUSG00000033732	83	91	8	93
ENSMUSG00000033735	60	97	NA	NA
ENSMUSG00000033737	NA	NA	73	33
ENSMUSG00000033739	18	8	NA	NA
ENSMUSG00000033740	NA	NA	48	20
ENSMUSG00000033751	64	84	NA	NA
ENSMUSG00000033760	43	26	NA	NA
ENSMUSG00000033762	64	84	NA	NA
ENSMUSG00000033763	NA	NA	44	76
ENSMUSG00000033765	14	6	NA	NA
ENSMUSG00000033767	63	7	58	54
ENSMUSG00000033768	NA	NA	17	51
ENSMUSG00000033769	NA	NA	76	82
ENSMUSG00000033770	26	35	NA	NA
ENSMUSG00000033773	86	50	31	14
ENSMUSG00000033777	NA	NA	0	58
ENSMUSG00000033781	3	53	NA	NA
ENSMUSG00000033788	94	72	NA	NA
ENSMUSG00000033790	74	51	24	25
ENSMUSG00000033792	0	12	NA	NA
ENSMUSG00000033793	80	85	47	46
ENSMUSG00000033794	NA	NA	44	44
ENSMUSG00000033799	34	26	74	10
ENSMUSG00000033805	NA	NA	44	21
ENSMUSG00000033808	40	67	NA	NA
ENSMUSG00000033809	59	90	NA	NA
ENSMUSG00000033813	86	34	NA	NA
ENSMUSG00000033819	NA	NA	89	41
ENSMUSG00000033825	24	46	NA	NA
ENSMUSG00000033826	0	26	NA	NA
ENSMUSG00000033831	68	82	NA	NA
ENSMUSG00000033834	17	0	NA	NA
ENSMUSG00000033837	44	6	NA	NA
ENSMUSG00000033845	48	89	50	74
ENSMUSG00000033847	NA	NA	35	16
ENSMUSG00000033849	43	8	14	23
ENSMUSG00000033854	39	13	75	33
ENSMUSG00000033855	NA	NA	83	1
ENSMUSG00000033857	NA	NA	76	12
ENSMUSG00000033860	18	64	NA	NA
ENSMUSG00000033862	NA	NA	23	31
ENSMUSG00000033863	87	31	NA	NA
ENSMUSG00000033871	81	90	NA	NA
ENSMUSG00000033880	84	97	NA	NA
ENSMUSG00000033882	NA	NA	14	30
ENSMUSG00000033883	NA	NA	76	11
ENSMUSG00000033885	33	34	NA	NA
ENSMUSG00000033898	4	40	NA	NA
ENSMUSG00000033900	NA	NA	58	7
ENSMUSG00000033902	38	61	NA	NA
ENSMUSG00000033904	NA	NA	31	12
ENSMUSG00000033906	NA	NA	17	89
ENSMUSG00000033909	66	86	36	58
ENSMUSG00000033910	64	37	2	18
ENSMUSG00000033916	89	95	NA	NA
ENSMUSG00000033917	80	22	NA	NA
ENSMUSG00000033931	NA	NA	93	50
ENSMUSG00000033933	65	68	55	43
ENSMUSG00000033938	61	35	NA	NA
ENSMUSG00000033940	58	59	NA	NA
ENSMUSG00000033943	44	42	41	4
ENSMUSG00000033948	NA	NA	66	45
ENSMUSG00000033949	NA	NA	22	4
ENSMUSG00000033952	98	92	30	95
ENSMUSG00000033953	17	39	NA	NA
ENSMUSG00000033955	29	4	NA	NA
ENSMUSG00000033960	NA	NA	98	49
ENSMUSG00000033961	NA	NA	24	71
ENSMUSG00000033963	NA	NA	44	24
ENSMUSG00000033964	NA	NA	91	68
ENSMUSG00000033965	57	13	NA	NA
ENSMUSG00000033966	NA	NA	59	50
ENSMUSG00000033967	NA	NA	33	63
ENSMUSG00000033970	90	91	NA	NA
ENSMUSG00000033972	NA	NA	16	10
ENSMUSG00000033981	16	43	29	32
ENSMUSG00000033983	76	93	NA	NA
ENSMUSG00000033985	74	63	NA	NA
ENSMUSG00000033987	NA	NA	34	40
ENSMUSG00000033991	NA	NA	83	39
ENSMUSG00000033998	12	57	NA	NA
ENSMUSG00000034006	83	35	67	13
ENSMUSG00000034007	NA	NA	78	59
ENSMUSG00000034009	NA	NA	90	86
ENSMUSG00000034021	NA	NA	87	53
ENSMUSG00000034022	46	92	NA	NA
ENSMUSG00000034023	NA	NA	92	64
ENSMUSG00000034024	50	87	NA	NA
ENSMUSG00000034028	NA	NA	55	9
ENSMUSG00000034031	NA	NA	51	95
ENSMUSG00000034032	73	76	76	32
ENSMUSG00000034035	NA	NA	26	59
ENSMUSG00000034037	NA	NA	79	53
ENSMUSG00000034039	49	3	NA	NA
ENSMUSG00000034041	70	45	NA	NA
ENSMUSG00000034055	88	77	NA	NA
ENSMUSG00000034057	NA	NA	18	50
ENSMUSG00000034059	NA	NA	2	67
ENSMUSG00000034064	84	74	NA	NA
ENSMUSG00000034066	71	33	90	96
ENSMUSG00000034071	NA	NA	40	6
ENSMUSG00000034075	14	61	NA	NA
ENSMUSG00000034083	NA	NA	19	89
ENSMUSG00000034087	NA	NA	40	62
ENSMUSG00000034088	64	75	NA	NA
ENSMUSG00000034098	NA	NA	34	89
ENSMUSG00000034105	NA	NA	15	47
ENSMUSG00000034108	50	21	NA	NA
ENSMUSG00000034109	85	93	65	40
ENSMUSG00000034110	NA	NA	93	64
ENSMUSG00000034111	39	2	97	93
ENSMUSG00000034112	43	38	NA	NA
ENSMUSG00000034115	30	12	NA	NA
ENSMUSG00000034116	25	54	66	3
ENSMUSG00000034117	35	81	NA	NA
ENSMUSG00000034118	90	93	NA	NA
ENSMUSG00000034120	79	12	NA	NA
ENSMUSG00000034121	NA	NA	68	20
ENSMUSG00000034126	7	28	21	35
ENSMUSG00000034127	22	82	NA	NA
ENSMUSG00000034135	NA	NA	61	3
ENSMUSG00000034139	44	8	NA	NA
ENSMUSG00000034145	NA	NA	83	10
ENSMUSG00000034151	NA	NA	56	24
ENSMUSG00000034152	NA	NA	17	30
ENSMUSG00000034154	9	83	NA	NA
ENSMUSG00000034156	NA	NA	98	8
ENSMUSG00000034157	77	78	NA	NA
ENSMUSG00000034158	86	25	NA	NA
ENSMUSG00000034159	NA	NA	45	12
ENSMUSG00000034160	90	95	NA	NA
ENSMUSG00000034161	62	61	NA	NA
ENSMUSG00000034163	NA	NA	85	35
ENSMUSG00000034164	33	1	NA	NA
ENSMUSG00000034165	52	53	84	35
ENSMUSG00000034168	NA	NA	50	77
ENSMUSG00000034171	46	7	16	7
ENSMUSG00000034173	NA	NA	14	1
ENSMUSG00000034175	6	21	NA	NA
ENSMUSG00000034177	37	16	NA	NA
ENSMUSG00000034185	NA	NA	62	70
ENSMUSG00000034187	79	87	6	42
ENSMUSG00000034189	NA	NA	75	72
ENSMUSG00000034190	49	87	NA	NA
ENSMUSG00000034194	72	64	NA	NA
ENSMUSG00000034201	NA	NA	81	12
ENSMUSG00000034203	32	73	78	40
ENSMUSG00000034205	NA	NA	88	60
ENSMUSG00000034206	NA	NA	19	23
ENSMUSG00000034209	16	53	NA	NA
ENSMUSG00000034210	48	16	88	95
ENSMUSG00000034211	66	58	NA	NA
ENSMUSG00000034216	10	22	NA	NA
ENSMUSG00000034218	36	85	NA	NA
ENSMUSG00000034219	NA	NA	46	53
ENSMUSG00000034220	58	84	NA	NA
ENSMUSG00000034226	33	61	NA	NA
ENSMUSG00000034227	33	9	NA	NA
ENSMUSG00000034235	NA	NA	50	77
ENSMUSG00000034239	NA	NA	33	81
ENSMUSG00000034243	NA	NA	52	78
ENSMUSG00000034245	81	44	NA	NA
ENSMUSG00000034247	NA	NA	36	11
ENSMUSG00000034248	23	94	NA	NA
ENSMUSG00000034252	40	64	NA	NA
ENSMUSG00000034254	79	50	NA	NA
ENSMUSG00000034255	13	39	27	9
ENSMUSG00000034258	10	30	NA	NA
ENSMUSG00000034259	10	73	NA	NA
ENSMUSG00000034263	19	54	NA	NA
ENSMUSG00000034265	83	44	NA	NA
ENSMUSG00000034266	52	18	NA	NA
ENSMUSG00000034269	NA	NA	95	95
ENSMUSG00000034271	93	55	NA	NA
ENSMUSG00000034274	NA	NA	87	61
ENSMUSG00000034275	NA	NA	5	1
ENSMUSG00000034282	43	38	NA	NA
ENSMUSG00000034285	82	17	NA	NA
ENSMUSG00000034290	14	87	NA	NA
ENSMUSG00000034292	NA	NA	95	75
ENSMUSG00000034295	89	30	NA	NA
ENSMUSG00000034297	NA	NA	86	17
ENSMUSG00000034300	28	20	NA	NA
ENSMUSG00000034308	16	21	NA	NA
ENSMUSG00000034310	NA	NA	54	85
ENSMUSG00000034311	85	86	NA	NA
ENSMUSG00000034312	92	21	NA	NA
ENSMUSG00000034317	97	16	29	49
ENSMUSG00000034320	35	46	70	28
ENSMUSG00000034321	94	74	56	64
ENSMUSG00000034324	NA	NA	47	93
ENSMUSG00000034327	97	45	NA	NA
ENSMUSG00000034329	NA	NA	90	3
ENSMUSG00000034330	29	21	NA	NA
ENSMUSG00000034333	54	80	NA	NA
ENSMUSG00000034334	NA	NA	0	2
ENSMUSG00000034336	43	75	NA	NA
ENSMUSG00000034341	0	41	NA	NA
ENSMUSG00000034342	21	28	82	50
ENSMUSG00000034343	71	22	11	25
ENSMUSG00000034345	NA	NA	75	88
ENSMUSG00000034349	97	90	NA	NA
ENSMUSG00000034353	82	75	90	70
ENSMUSG00000034354	6	69	93	93
ENSMUSG00000034361	40	87	NA	NA
ENSMUSG00000034362	NA	NA	47	2
ENSMUSG00000034371	60	55	NA	NA
ENSMUSG00000034377	57	44	1	24
ENSMUSG00000034379	NA	NA	83	58
ENSMUSG00000034382	79	35	NA	NA
ENSMUSG00000034384	NA	NA	95	65
ENSMUSG00000034387	NA	NA	23	4
ENSMUSG00000034391	62	52	NA	NA
ENSMUSG00000034394	52	60	NA	NA
ENSMUSG00000034401	2	73	55	69
ENSMUSG00000034402	NA	NA	31	12
ENSMUSG00000034403	61	42	NA	NA
ENSMUSG00000034412	75	21	NA	NA
ENSMUSG00000034413	NA	NA	94	87
ENSMUSG00000034416	NA	NA	63	30
ENSMUSG00000034422	80	33	NA	NA
ENSMUSG00000034427	26	72	NA	NA
ENSMUSG00000034429	24	20	93	76
ENSMUSG00000034430	65	15	NA	NA
ENSMUSG00000034432	49	61	NA	NA
ENSMUSG00000034435	43	32	NA	NA
ENSMUSG00000034438	21	37	NA	NA
ENSMUSG00000034442	8	32	NA	NA
ENSMUSG00000034445	NA	NA	83	0
ENSMUSG00000034449	62	77	NA	NA
ENSMUSG00000034450	32	13	NA	NA
ENSMUSG00000034452	34	22	NA	NA
ENSMUSG00000034453	NA	NA	37	45
ENSMUSG00000034456	64	65	NA	NA
ENSMUSG00000034457	NA	NA	99	98
ENSMUSG00000034459	28	26	NA	NA
ENSMUSG00000034460	82	8	84	27
ENSMUSG00000034462	93	91	96	94
ENSMUSG00000034463	98	99	NA	NA
ENSMUSG00000034467	NA	NA	56	34
ENSMUSG00000034471	67	51	NA	NA
ENSMUSG00000034472	27	74	NA	NA
ENSMUSG00000034473	35	64	36	45
ENSMUSG00000034480	48	45	93	56
ENSMUSG00000034485	NA	NA	12	80
ENSMUSG00000034486	15	28	NA	NA
ENSMUSG00000034487	NA	NA	77	98
ENSMUSG00000034488	11	33	43	24
ENSMUSG00000034493	NA	NA	50	49
ENSMUSG00000034501	52	91	63	92
ENSMUSG00000034509	35	71	28	2
ENSMUSG00000034518	55	4	54	23
ENSMUSG00000034520	91	77	94	57
ENSMUSG00000034522	92	90	NA	NA
ENSMUSG00000034525	14	69	NA	NA
ENSMUSG00000034528	63	33	26	41
ENSMUSG00000034532	73	67	NA	NA
ENSMUSG00000034538	66	9	NA	NA
ENSMUSG00000034543	NA	NA	30	89
ENSMUSG00000034544	80	84	NA	NA
ENSMUSG00000034552	NA	NA	45	67
ENSMUSG00000034555	11	46	NA	NA
ENSMUSG00000034557	NA	NA	18	21
ENSMUSG00000034563	38	65	NA	NA
ENSMUSG00000034570	35	42	NA	NA
ENSMUSG00000034573	57	69	NA	NA
ENSMUSG00000034574	NA	NA	94	78
ENSMUSG00000034575	NA	NA	54	53
ENSMUSG00000034579	NA	NA	70	67
ENSMUSG00000034586	0	64	NA	NA
ENSMUSG00000034587	NA	NA	18	27
ENSMUSG00000034591	63	87	NA	NA
ENSMUSG00000034593	79	55	98	42
ENSMUSG00000034595	88	39	NA	NA
ENSMUSG00000034601	NA	NA	77	35
ENSMUSG00000034602	NA	NA	57	81
ENSMUSG00000034607	54	43	NA	NA
ENSMUSG00000034610	NA	NA	71	1
ENSMUSG00000034612	12	59	13	80
ENSMUSG00000034613	NA	NA	15	67
ENSMUSG00000034614	NA	NA	95	99
ENSMUSG00000034616	NA	NA	20	41
ENSMUSG00000034617	88	22	55	23
ENSMUSG00000034620	78	61	NA	NA
ENSMUSG00000034621	79	70	NA	NA
ENSMUSG00000034623	NA	NA	0	44
ENSMUSG00000034634	44	8	NA	NA
ENSMUSG00000034636	84	85	51	48
ENSMUSG00000034639	NA	NA	27	4
ENSMUSG00000034640	39	83	NA	NA
ENSMUSG00000034641	27	25	NA	NA
ENSMUSG00000034645	22	49	NA	NA
ENSMUSG00000034647	35	79	96	64
ENSMUSG00000034648	57	65	NA	NA
ENSMUSG00000034652	21	44	18	69
ENSMUSG00000034653	NA	NA	28	9
ENSMUSG00000034656	50	48	60	65
ENSMUSG00000034659	73	69	NA	NA
ENSMUSG00000034663	81	50	88	90
ENSMUSG00000034664	29	0	NA	NA
ENSMUSG00000034667	89	82	90	20
ENSMUSG00000034673	91	30	NA	NA
ENSMUSG00000034675	94	11	NA	NA
ENSMUSG00000034681	NA	NA	76	4
ENSMUSG00000034683	NA	NA	83	32
ENSMUSG00000034684	22	61	NA	NA
ENSMUSG00000034685	NA	NA	77	44
ENSMUSG00000034687	NA	NA	9	49
ENSMUSG00000034689	66	25	NA	NA
ENSMUSG00000034690	39	42	NA	NA
ENSMUSG00000034701	41	0	NA	NA
ENSMUSG00000034706	NA	NA	74	38
ENSMUSG00000034707	24	84	86	94
ENSMUSG00000034708	88	28	NA	NA
ENSMUSG00000034709	68	67	NA	NA
ENSMUSG00000034714	86	89	NA	NA
ENSMUSG00000034723	NA	NA	84	97
ENSMUSG00000034724	69	77	NA	NA
ENSMUSG00000034729	NA	NA	25	40
ENSMUSG00000034730	28	24	NA	NA
ENSMUSG00000034731	NA	NA	83	28
ENSMUSG00000034732	NA	NA	3	24
ENSMUSG00000034738	NA	NA	26	56
ENSMUSG00000034744	7	79	58	42
ENSMUSG00000034748	NA	NA	1	18
ENSMUSG00000034751	NA	NA	27	9
ENSMUSG00000034755	NA	NA	29	71
ENSMUSG00000034757	46	81	NA	NA
ENSMUSG00000034758	57	57	NA	NA
ENSMUSG00000034761	8	51	NA	NA
ENSMUSG00000034762	8	30	NA	NA
ENSMUSG00000034764	NA	NA	29	29
ENSMUSG00000034765	NA	NA	70	96
ENSMUSG00000034768	18	44	NA	NA
ENSMUSG00000034771	89	62	NA	NA
ENSMUSG00000034773	NA	NA	94	35
ENSMUSG00000034777	61	66	NA	NA
ENSMUSG00000034780	13	17	9	9
ENSMUSG00000034781	83	79	NA	NA
ENSMUSG00000034783	20	62	NA	NA
ENSMUSG00000034785	44	35	NA	NA
ENSMUSG00000034789	75	87	NA	NA
ENSMUSG00000034792	50	51	NA	NA
ENSMUSG00000034793	80	82	NA	NA
ENSMUSG00000034795	NA	NA	5	98
ENSMUSG00000034796	NA	NA	49	41
ENSMUSG00000034799	39	48	NA	NA
ENSMUSG00000034800	NA	NA	56	31
ENSMUSG00000034801	81	86	NA	NA
ENSMUSG00000034807	56	52	NA	NA
ENSMUSG00000034810	75	35	22	82
ENSMUSG00000034813	58	14	NA	NA
ENSMUSG00000034818	NA	NA	61	4
ENSMUSG00000034820	55	37	60	59
ENSMUSG00000034825	39	39	NA	NA
ENSMUSG00000034826	52	66	35	86
ENSMUSG00000034829	27	47	NA	NA
ENSMUSG00000034832	NA	NA	13	34
ENSMUSG00000034833	NA	NA	34	69
ENSMUSG00000034837	24	30	NA	NA
ENSMUSG00000034839	18	78	NA	NA
ENSMUSG00000034842	4	7	NA	NA
ENSMUSG00000034845	1	27	NA	NA
ENSMUSG00000034848	NA	NA	92	87
ENSMUSG00000034850	NA	NA	60	33
ENSMUSG00000034853	42	48	90	69
ENSMUSG00000034854	NA	NA	53	18
ENSMUSG00000034855	5	70	NA	NA
ENSMUSG00000034858	NA	NA	91	95
ENSMUSG00000034863	NA	NA	77	93
ENSMUSG00000034867	73	61	36	74
ENSMUSG00000034868	8	71	NA	NA
ENSMUSG00000034871	52	45	NA	NA
ENSMUSG00000034872	2	4	50	65
ENSMUSG00000034875	81	45	NA	NA
ENSMUSG00000034880	82	80	NA	NA
ENSMUSG00000034881	17	0	NA	NA
ENSMUSG00000034883	91	79	NA	NA
ENSMUSG00000034889	NA	NA	3	42
ENSMUSG00000034891	17	29	NA	NA
ENSMUSG00000034893	NA	NA	62	94
ENSMUSG00000034898	NA	NA	90	28
ENSMUSG00000034902	86	46	NA	NA
ENSMUSG00000034903	NA	NA	47	78
ENSMUSG00000034906	93	86	NA	NA
ENSMUSG00000034908	0	62	NA	NA
ENSMUSG00000034910	NA	NA	41	92
ENSMUSG00000034911	72	42	NA	NA
ENSMUSG00000034912	NA	NA	71	86
ENSMUSG00000034913	32	40	NA	NA
ENSMUSG00000034917	52	83	NA	NA
ENSMUSG00000034918	NA	NA	96	75
ENSMUSG00000034919	NA	NA	54	9
ENSMUSG00000034926	99	92	NA	NA
ENSMUSG00000034928	29	69	NA	NA
ENSMUSG00000034930	81	37	NA	NA
ENSMUSG00000034931	77	28	NA	NA
ENSMUSG00000034932	12	69	40	1
ENSMUSG00000034936	34	23	NA	NA
ENSMUSG00000034940	23	47	NA	NA
ENSMUSG00000034947	19	13	64	35
ENSMUSG00000034949	1	16	NA	NA
ENSMUSG00000034951	NA	NA	88	87
ENSMUSG00000034957	27	65	NA	NA
ENSMUSG00000034958	23	54	NA	NA
ENSMUSG00000034968	10	38	NA	NA
ENSMUSG00000034973	NA	NA	76	65
ENSMUSG00000034974	92	65	NA	NA
ENSMUSG00000034981	98	98	NA	NA
ENSMUSG00000034987	49	46	NA	NA
ENSMUSG00000034990	63	79	NA	NA
ENSMUSG00000034993	90	37	NA	NA
ENSMUSG00000034994	24	67	NA	NA
ENSMUSG00000034998	46	26	22	13
ENSMUSG00000035000	2	59	76	32
ENSMUSG00000035004	33	80	NA	NA
ENSMUSG00000035007	NA	NA	52	11
ENSMUSG00000035011	68	19	74	59
ENSMUSG00000035020	48	48	NA	NA
ENSMUSG00000035021	NA	NA	87	53
ENSMUSG00000035024	NA	NA	98	43
ENSMUSG00000035027	66	77	NA	NA
ENSMUSG00000035031	60	90	NA	NA
ENSMUSG00000035032	NA	NA	49	41
ENSMUSG00000035033	3	24	NA	NA
ENSMUSG00000035041	14	6	NA	NA
ENSMUSG00000035042	70	9	NA	NA
ENSMUSG00000035047	84	41	2	15
ENSMUSG00000035048	60	95	93	97
ENSMUSG00000035049	99	98	NA	NA
ENSMUSG00000035051	60	89	NA	NA
ENSMUSG00000035057	46	2	NA	NA
ENSMUSG00000035062	NA	NA	93	92
ENSMUSG00000035064	20	45	23	87
ENSMUSG00000035067	11	51	70	36
ENSMUSG00000035069	25	6	NA	NA
ENSMUSG00000035078	70	52	NA	NA
ENSMUSG00000035086	70	16	76	6
ENSMUSG00000035093	39	13	NA	NA
ENSMUSG00000035095	NA	NA	85	50
ENSMUSG00000035104	11	69	NA	NA
ENSMUSG00000035105	99	98	NA	NA
ENSMUSG00000035107	23	24	98	51
ENSMUSG00000035109	NA	NA	59	2
ENSMUSG00000035112	29	4	NA	NA
ENSMUSG00000035125	NA	NA	47	84
ENSMUSG00000035126	13	8	NA	NA
ENSMUSG00000035131	NA	NA	99	99
ENSMUSG00000035133	85	68	17	6
ENSMUSG00000035139	NA	NA	37	41
ENSMUSG00000035148	24	9	NA	NA
ENSMUSG00000035150	16	40	NA	NA
ENSMUSG00000035151	NA	NA	22	46
ENSMUSG00000035152	78	85	79	58
ENSMUSG00000035158	86	65	NA	NA
ENSMUSG00000035161	22	80	76	79
ENSMUSG00000035164	NA	NA	30	17
ENSMUSG00000035165	49	22	NA	NA
ENSMUSG00000035168	94	79	NA	NA
ENSMUSG00000035171	76	84	NA	NA
ENSMUSG00000035172	74	19	NA	NA
ENSMUSG00000035173	6	5	50	85
ENSMUSG00000035179	3	45	NA	NA
ENSMUSG00000035181	NA	NA	98	92
ENSMUSG00000035184	NA	NA	12	51
ENSMUSG00000035186	11	32	NA	NA
ENSMUSG00000035187	6	40	NA	NA
ENSMUSG00000035189	NA	NA	7	52
ENSMUSG00000035191	7	10	NA	NA
ENSMUSG00000035198	35	91	NA	NA
ENSMUSG00000035199	71	44	NA	NA
ENSMUSG00000035200	67	27	66	21
ENSMUSG00000035202	NA	NA	38	83
ENSMUSG00000035203	62	54	NA	NA
ENSMUSG00000035206	19	22	NA	NA
ENSMUSG00000035208	5	3	NA	NA
ENSMUSG00000035212	66	92	NA	NA
ENSMUSG00000035215	31	60	29	14
ENSMUSG00000035226	NA	NA	50	63
ENSMUSG00000035227	42	91	NA	NA
ENSMUSG00000035228	44	7	NA	NA
ENSMUSG00000035232	85	10	NA	NA
ENSMUSG00000035234	NA	NA	67	78
ENSMUSG00000035235	52	67	NA	NA
ENSMUSG00000035236	NA	NA	46	49
ENSMUSG00000035237	37	35	NA	NA
ENSMUSG00000035239	38	19	NA	NA
ENSMUSG00000035245	55	9	27	42
ENSMUSG00000035246	NA	NA	80	80
ENSMUSG00000035247	60	74	54	93
ENSMUSG00000035248	50	73	NA	NA
ENSMUSG00000035258	6	13	NA	NA
ENSMUSG00000035262	52	10	NA	NA
ENSMUSG00000035266	72	33	33	92
ENSMUSG00000035268	68	91	NA	NA
ENSMUSG00000035273	NA	NA	32	96
ENSMUSG00000035274	97	4	NA	NA
ENSMUSG00000035277	50	60	12	27
ENSMUSG00000035278	64	43	NA	NA
ENSMUSG00000035279	NA	NA	86	88
ENSMUSG00000035283	19	36	NA	NA
ENSMUSG00000035284	NA	NA	5	72
ENSMUSG00000035285	NA	NA	66	51
ENSMUSG00000035293	NA	NA	97	52
ENSMUSG00000035295	NA	NA	1	21
ENSMUSG00000035296	86	67	88	83
ENSMUSG00000035297	79	9	NA	NA
ENSMUSG00000035298	NA	NA	5	8
ENSMUSG00000035299	NA	NA	91	56
ENSMUSG00000035305	71	19	80	84
ENSMUSG00000035310	NA	NA	84	30
ENSMUSG00000035311	3	55	NA	NA
ENSMUSG00000035314	19	93	NA	NA
ENSMUSG00000035325	60	83	NA	NA
ENSMUSG00000035329	6	75	NA	NA
ENSMUSG00000035337	4	15	NA	NA
ENSMUSG00000035342	20	12	NA	NA
ENSMUSG00000035351	93	90	NA	NA
ENSMUSG00000035352	0	50	NA	NA
ENSMUSG00000035354	62	92	20	30
ENSMUSG00000035356	28	26	4	91
ENSMUSG00000035357	91	66	NA	NA
ENSMUSG00000035365	NA	NA	97	92
ENSMUSG00000035367	NA	NA	79	3
ENSMUSG00000035372	66	81	NA	NA
ENSMUSG00000035373	32	74	NA	NA
ENSMUSG00000035376	NA	NA	85	30
ENSMUSG00000035378	NA	NA	69	92
ENSMUSG00000035382	40	0	NA	NA
ENSMUSG00000035383	NA	NA	23	56
ENSMUSG00000035385	55	18	NA	NA
ENSMUSG00000035390	NA	NA	23	74
ENSMUSG00000035392	20	1	NA	NA
ENSMUSG00000035394	NA	NA	34	57
ENSMUSG00000035395	25	54	NA	NA
ENSMUSG00000035397	70	84	NA	NA
ENSMUSG00000035401	75	20	84	36
ENSMUSG00000035407	NA	NA	49	10
ENSMUSG00000035413	95	40	NA	NA
ENSMUSG00000035420	NA	NA	73	31
ENSMUSG00000035431	51	41	NA	NA
ENSMUSG00000035437	49	81	1	21
ENSMUSG00000035439	12	63	NA	NA
ENSMUSG00000035441	60	93	7	33
ENSMUSG00000035443	90	69	NA	NA
ENSMUSG00000035448	17	16	NA	NA
ENSMUSG00000035451	54	10	NA	NA
ENSMUSG00000035454	11	31	NA	NA
ENSMUSG00000035455	98	63	NA	NA
ENSMUSG00000035456	NA	NA	38	36
ENSMUSG00000035458	65	37	NA	NA
ENSMUSG00000035459	1	66	NA	NA
ENSMUSG00000035469	67	36	19	26
ENSMUSG00000035473	72	91	NA	NA
ENSMUSG00000035476	42	79	NA	NA
ENSMUSG00000035478	69	76	NA	NA
ENSMUSG00000035486	NA	NA	64	8
ENSMUSG00000035491	NA	NA	2	7
ENSMUSG00000035493	24	16	NA	NA
ENSMUSG00000035495	30	70	NA	NA
ENSMUSG00000035498	22	0	NA	NA
ENSMUSG00000035504	99	93	NA	NA
ENSMUSG00000035505	28	17	52	38
ENSMUSG00000035506	39	38	28	7
ENSMUSG00000035509	NA	NA	29	64
ENSMUSG00000035513	74	61	NA	NA
ENSMUSG00000035517	90	90	NA	NA
ENSMUSG00000035521	NA	NA	72	97
ENSMUSG00000035522	6	2	NA	NA
ENSMUSG00000035528	61	45	NA	NA
ENSMUSG00000035529	74	70	NA	NA
ENSMUSG00000035530	77	52	80	72
ENSMUSG00000035539	NA	NA	62	57
ENSMUSG00000035540	9	24	NA	NA
ENSMUSG00000035545	13	24	NA	NA
ENSMUSG00000035547	86	32	NA	NA
ENSMUSG00000035551	27	23	NA	NA
ENSMUSG00000035557	60	4	NA	NA
ENSMUSG00000035559	NA	NA	52	82
ENSMUSG00000035560	NA	NA	25	55
ENSMUSG00000035561	35	77	NA	NA
ENSMUSG00000035566	NA	NA	50	41
ENSMUSG00000035569	NA	NA	2	87
ENSMUSG00000035572	NA	NA	85	93
ENSMUSG00000035575	5	46	NA	NA
ENSMUSG00000035578	NA	NA	76	62
ENSMUSG00000035580	NA	NA	54	79
ENSMUSG00000035592	32	53	NA	NA
ENSMUSG00000035594	10	65	30	78
ENSMUSG00000035595	NA	NA	39	43
ENSMUSG00000035596	78	42	17	48
ENSMUSG00000035597	4	5	NA	NA
ENSMUSG00000035601	69	27	NA	NA
ENSMUSG00000035606	NA	NA	96	51
ENSMUSG00000035614	NA	NA	94	22
ENSMUSG00000035615	NA	NA	26	97
ENSMUSG00000035620	NA	NA	61	85
ENSMUSG00000035621	91	6	NA	NA
ENSMUSG00000035623	NA	NA	26	16
ENSMUSG00000035626	4	40	NA	NA
ENSMUSG00000035629	NA	NA	19	24
ENSMUSG00000035632	NA	NA	74	51
ENSMUSG00000035637	36	36	NA	NA
ENSMUSG00000035638	25	10	54	26
ENSMUSG00000035640	63	6	NA	NA
ENSMUSG00000035642	85	84	NA	NA
ENSMUSG00000035649	84	26	25	53
ENSMUSG00000035651	NA	NA	44	11
ENSMUSG00000035653	NA	NA	34	52
ENSMUSG00000035666	13	75	54	14
ENSMUSG00000035671	NA	NA	30	22
ENSMUSG00000035673	NA	NA	16	79
ENSMUSG00000035674	82	18	83	53
ENSMUSG00000035678	43	70	NA	NA
ENSMUSG00000035681	NA	NA	5	7
ENSMUSG00000035683	98	92	NA	NA
ENSMUSG00000035686	2	38	30	15
ENSMUSG00000035694	49	40	89	75
ENSMUSG00000035696	49	44	85	51
ENSMUSG00000035697	66	49	NA	NA
ENSMUSG00000035699	47	20	NA	NA
ENSMUSG00000035704	NA	NA	69	31
ENSMUSG00000035711	19	52	NA	NA
ENSMUSG00000035722	85	77	NA	NA
ENSMUSG00000035725	80	54	NA	NA
ENSMUSG00000035726	95	80	NA	NA
ENSMUSG00000035735	NA	NA	1	77
ENSMUSG00000035745	63	6	NA	NA
ENSMUSG00000035754	NA	NA	58	95
ENSMUSG00000035757	NA	NA	56	2
ENSMUSG00000035759	NA	NA	72	27
ENSMUSG00000035762	NA	NA	75	53
ENSMUSG00000035764	37	8	NA	NA
ENSMUSG00000035765	35	53	8	43
ENSMUSG00000035769	36	85	NA	NA
ENSMUSG00000035770	NA	NA	65	82
ENSMUSG00000035772	9	19	NA	NA
ENSMUSG00000035773	33	11	NA	NA
ENSMUSG00000035775	33	67	NA	NA
ENSMUSG00000035776	44	76	NA	NA
ENSMUSG00000035778	88	64	NA	NA
ENSMUSG00000035780	50	76	NA	NA
ENSMUSG00000035781	NA	NA	94	93
ENSMUSG00000035783	0	51	NA	NA
ENSMUSG00000035785	NA	NA	74	56
ENSMUSG00000035790	75	79	NA	NA
ENSMUSG00000035798	NA	NA	60	93
ENSMUSG00000035799	39	37	NA	NA
ENSMUSG00000035804	39	3	NA	NA
ENSMUSG00000035805	61	2	NA	NA
ENSMUSG00000035811	NA	NA	53	67
ENSMUSG00000035818	25	53	NA	NA
ENSMUSG00000035824	14	18	NA	NA
ENSMUSG00000035828	19	56	NA	NA
ENSMUSG00000035829	NA	NA	84	79
ENSMUSG00000035831	34	33	NA	NA
ENSMUSG00000035834	60	53	NA	NA
ENSMUSG00000035835	NA	NA	34	16
ENSMUSG00000035836	38	15	NA	NA
ENSMUSG00000035840	57	52	97	67
ENSMUSG00000035842	NA	NA	74	89
ENSMUSG00000035845	54	21	NA	NA
ENSMUSG00000035847	18	62	99	97
ENSMUSG00000035849	NA	NA	34	23
ENSMUSG00000035851	68	67	NA	NA
ENSMUSG00000035852	14	3	NA	NA
ENSMUSG00000035860	NA	NA	0	10
ENSMUSG00000035863	79	68	NA	NA
ENSMUSG00000035864	38	43	2	57
ENSMUSG00000035868	NA	NA	43	26
ENSMUSG00000035873	55	20	NA	NA
ENSMUSG00000035877	NA	NA	75	72
ENSMUSG00000035878	NA	NA	56	80
ENSMUSG00000035885	28	32	NA	NA
ENSMUSG00000035890	89	7	NA	NA
ENSMUSG00000035891	26	30	NA	NA
ENSMUSG00000035896	36	53	NA	NA
ENSMUSG00000035898	NA	NA	95	82
ENSMUSG00000035900	31	82	NA	NA
ENSMUSG00000035901	42	49	NA	NA
ENSMUSG00000035910	NA	NA	13	17
ENSMUSG00000035914	90	76	NA	NA
ENSMUSG00000035919	18	32	NA	NA
ENSMUSG00000035923	27	53	NA	NA
ENSMUSG00000035930	13	16	NA	NA
ENSMUSG00000035933	68	81	23	43
ENSMUSG00000035934	60	44	47	84
ENSMUSG00000035936	NA	NA	62	80
ENSMUSG00000035941	3	83	NA	NA
ENSMUSG00000035944	NA	NA	16	10
ENSMUSG00000035946	38	32	NA	NA
ENSMUSG00000035948	NA	NA	49	8
ENSMUSG00000035949	19	11	48	19
ENSMUSG00000035951	30	34	NA	NA
ENSMUSG00000035953	NA	NA	90	96
ENSMUSG00000035954	NA	NA	74	62
ENSMUSG00000035958	87	52	NA	NA
ENSMUSG00000035960	87	90	NA	NA
ENSMUSG00000035964	NA	NA	34	65
ENSMUSG00000035967	68	15	38	55
ENSMUSG00000035969	80	75	NA	NA
ENSMUSG00000035983	55	48	NA	NA
ENSMUSG00000035984	16	71	NA	NA
ENSMUSG00000035992	NA	NA	94	89
ENSMUSG00000036002	80	89	NA	NA
ENSMUSG00000036006	75	69	87	31
ENSMUSG00000036009	NA	NA	83	87
ENSMUSG00000036013	NA	NA	51	67
ENSMUSG00000036019	NA	NA	93	83
ENSMUSG00000036022	NA	NA	99	77
ENSMUSG00000036023	13	26	NA	NA
ENSMUSG00000036026	77	62	NA	NA
ENSMUSG00000036027	NA	NA	34	45
ENSMUSG00000036030	NA	NA	74	26
ENSMUSG00000036036	78	32	NA	NA
ENSMUSG00000036040	NA	NA	18	76
ENSMUSG00000036046	22	59	69	83
ENSMUSG00000036052	7	47	NA	NA
ENSMUSG00000036053	NA	NA	86	97
ENSMUSG00000036054	31	30	NA	NA
ENSMUSG00000036057	62	64	NA	NA
ENSMUSG00000036061	NA	NA	56	34
ENSMUSG00000036062	NA	NA	65	67
ENSMUSG00000036067	NA	NA	94	26
ENSMUSG00000036078	83	68	NA	NA
ENSMUSG00000036083	61	31	NA	NA
ENSMUSG00000036086	NA	NA	91	67
ENSMUSG00000036087	88	64	NA	NA
ENSMUSG00000036091	44	39	NA	NA
ENSMUSG00000036093	69	42	NA	NA
ENSMUSG00000036095	NA	NA	35	81
ENSMUSG00000036097	93	73	81	64
ENSMUSG00000036098	4	30	NA	NA
ENSMUSG00000036099	NA	NA	40	34
ENSMUSG00000036103	73	68	NA	NA
ENSMUSG00000036104	NA	NA	51	89
ENSMUSG00000036106	25	77	NA	NA
ENSMUSG00000036109	78	77	84	96
ENSMUSG00000036110	56	35	NA	NA
ENSMUSG00000036111	55	60	NA	NA
ENSMUSG00000036112	36	16	31	79
ENSMUSG00000036114	61	79	NA	NA
ENSMUSG00000036117	59	33	NA	NA
ENSMUSG00000036120	47	26	NA	NA
ENSMUSG00000036123	NA	NA	15	13
ENSMUSG00000036136	22	43	NA	NA
ENSMUSG00000036138	48	71	NA	NA
ENSMUSG00000036139	1	22	NA	NA
ENSMUSG00000036144	42	58	NA	NA
ENSMUSG00000036151	65	2	NA	NA
ENSMUSG00000036155	56	13	86	92
ENSMUSG00000036158	86	95	NA	NA
ENSMUSG00000036160	81	66	50	60
ENSMUSG00000036162	NA	NA	55	49
ENSMUSG00000036167	NA	NA	83	38
ENSMUSG00000036168	NA	NA	27	84
ENSMUSG00000036169	17	65	NA	NA
ENSMUSG00000036172	NA	NA	2	20
ENSMUSG00000036180	74	58	8	60
ENSMUSG00000036181	99	18	NA	NA
ENSMUSG00000036185	28	16	NA	NA
ENSMUSG00000036186	85	62	NA	NA
ENSMUSG00000036188	74	64	NA	NA
ENSMUSG00000036192	8	42	55	17
ENSMUSG00000036196	17	27	50	76
ENSMUSG00000036197	NA	NA	86	65
ENSMUSG00000036198	NA	NA	47	60
ENSMUSG00000036199	68	2	NA	NA
ENSMUSG00000036202	9	70	81	49
ENSMUSG00000036206	3	32	40	79
ENSMUSG00000036208	60	69	NA	NA
ENSMUSG00000036211	53	48	NA	NA
ENSMUSG00000036214	79	68	NA	NA
ENSMUSG00000036216	53	0	NA	NA
ENSMUSG00000036218	NA	NA	72	69
ENSMUSG00000036223	64	91	NA	NA
ENSMUSG00000036225	13	7	NA	NA
ENSMUSG00000036231	39	29	NA	NA
ENSMUSG00000036241	86	22	78	73
ENSMUSG00000036242	38	14	NA	NA
ENSMUSG00000036244	NA	NA	69	94
ENSMUSG00000036246	10	23	NA	NA
ENSMUSG00000036249	42	46	NA	NA
ENSMUSG00000036251	3	20	NA	NA
ENSMUSG00000036256	96	99	NA	NA
ENSMUSG00000036257	98	93	21	16
ENSMUSG00000036264	NA	NA	13	14
ENSMUSG00000036270	79	82	NA	NA
ENSMUSG00000036273	30	62	NA	NA
ENSMUSG00000036275	83	88	NA	NA
ENSMUSG00000036278	95	88	NA	NA
ENSMUSG00000036281	NA	NA	22	33
ENSMUSG00000036282	82	76	12	77
ENSMUSG00000036285	76	85	NA	NA
ENSMUSG00000036291	66	64	NA	NA
ENSMUSG00000036292	NA	NA	87	61
ENSMUSG00000036295	NA	NA	18	42
ENSMUSG00000036298	NA	NA	83	85
ENSMUSG00000036299	42	96	91	98
ENSMUSG00000036304	NA	NA	69	8
ENSMUSG00000036306	NA	NA	95	76
ENSMUSG00000036309	38	96	NA	NA
ENSMUSG00000036315	61	72	NA	NA
ENSMUSG00000036322	55	5	NA	NA
ENSMUSG00000036323	NA	NA	85	83
ENSMUSG00000036327	NA	NA	59	82
ENSMUSG00000036330	38	28	43	13
ENSMUSG00000036333	NA	NA	94	90
ENSMUSG00000036339	18	11	NA	NA
ENSMUSG00000036352	87	87	NA	NA
ENSMUSG00000036353	41	48	NA	NA
ENSMUSG00000036356	91	53	NA	NA
ENSMUSG00000036357	NA	NA	58	27
ENSMUSG00000036362	NA	NA	91	10
ENSMUSG00000036368	NA	NA	75	48
ENSMUSG00000036371	10	39	41	78
ENSMUSG00000036372	NA	NA	34	5
ENSMUSG00000036376	13	48	NA	NA
ENSMUSG00000036377	NA	NA	87	78
ENSMUSG00000036381	71	19	NA	NA
ENSMUSG00000036390	99	72	NA	NA
ENSMUSG00000036391	NA	NA	89	92
ENSMUSG00000036395	NA	NA	43	20
ENSMUSG00000036398	17	64	NA	NA
ENSMUSG00000036401	NA	NA	3	89
ENSMUSG00000036402	74	87	NA	NA
ENSMUSG00000036403	NA	NA	19	30
ENSMUSG00000036411	NA	NA	26	90
ENSMUSG00000036412	56	8	NA	NA
ENSMUSG00000036422	27	10	73	69
ENSMUSG00000036427	60	69	54	90
ENSMUSG00000036430	3	55	NA	NA
ENSMUSG00000036432	40	10	NA	NA
ENSMUSG00000036435	56	15	47	16
ENSMUSG00000036437	10	18	NA	NA
ENSMUSG00000036438	85	17	NA	NA
ENSMUSG00000036442	69	14	NA	NA
ENSMUSG00000036446	51	27	NA	NA
ENSMUSG00000036449	54	71	NA	NA
ENSMUSG00000036450	NA	NA	61	28
ENSMUSG00000036452	NA	NA	62	50
ENSMUSG00000036459	NA	NA	31	25
ENSMUSG00000036461	51	23	70	84
ENSMUSG00000036463	6	28	NA	NA
ENSMUSG00000036466	NA	NA	22	1
ENSMUSG00000036469	NA	NA	23	38
ENSMUSG00000036473	4	87	59	13
ENSMUSG00000036478	NA	NA	63	79
ENSMUSG00000036480	NA	NA	88	15
ENSMUSG00000036492	NA	NA	16	20
ENSMUSG00000036499	40	19	NA	NA
ENSMUSG00000036500	6	73	NA	NA
ENSMUSG00000036501	NA	NA	87	1
ENSMUSG00000036502	NA	NA	13	34
ENSMUSG00000036503	65	96	1	80
ENSMUSG00000036510	36	68	79	62
ENSMUSG00000036513	69	4	76	42
ENSMUSG00000036523	86	10	33	14
ENSMUSG00000036526	NA	NA	23	38
ENSMUSG00000036528	22	26	NA	NA
ENSMUSG00000036529	NA	NA	77	86
ENSMUSG00000036533	43	93	NA	NA
ENSMUSG00000036534	NA	NA	6	68
ENSMUSG00000036537	17	3	NA	NA
ENSMUSG00000036545	NA	NA	78	97
ENSMUSG00000036550	NA	NA	27	42
ENSMUSG00000036551	NA	NA	10	6
ENSMUSG00000036552	NA	NA	4	75
ENSMUSG00000036553	47	59	NA	NA
ENSMUSG00000036555	NA	NA	84	49
ENSMUSG00000036557	NA	NA	71	87
ENSMUSG00000036560	56	63	NA	NA
ENSMUSG00000036561	62	34	15	23
ENSMUSG00000036564	97	73	NA	NA
ENSMUSG00000036565	NA	NA	98	85
ENSMUSG00000036568	NA	NA	64	69
ENSMUSG00000036570	87	38	NA	NA
ENSMUSG00000036572	95	90	NA	NA
ENSMUSG00000036574	NA	NA	79	35
ENSMUSG00000036578	15	13	NA	NA
ENSMUSG00000036580	96	89	NA	NA
ENSMUSG00000036585	12	45	3	65
ENSMUSG00000036586	NA	NA	85	17
ENSMUSG00000036587	58	15	NA	NA
ENSMUSG00000036591	88	93	NA	NA
ENSMUSG00000036594	49	57	NA	NA
ENSMUSG00000036596	40	28	NA	NA
ENSMUSG00000036598	NA	NA	64	10
ENSMUSG00000036599	88	93	NA	NA
ENSMUSG00000036602	NA	NA	12	15
ENSMUSG00000036606	89	7	NA	NA
ENSMUSG00000036611	60	80	NA	NA
ENSMUSG00000036613	67	76	96	64
ENSMUSG00000036615	47	15	19	91
ENSMUSG00000036617	5	34	11	17
ENSMUSG00000036620	67	19	NA	NA
ENSMUSG00000036622	48	67	NA	NA
ENSMUSG00000036632	32	68	8	14
ENSMUSG00000036634	28	24	NA	NA
ENSMUSG00000036636	15	72	76	17
ENSMUSG00000036639	43	95	NA	NA
ENSMUSG00000036644	NA	NA	96	92
ENSMUSG00000036646	61	12	NA	NA
ENSMUSG00000036655	NA	NA	78	39
ENSMUSG00000036661	NA	NA	63	19
ENSMUSG00000036667	NA	NA	93	85
ENSMUSG00000036672	92	57	NA	NA
ENSMUSG00000036676	NA	NA	92	42
ENSMUSG00000036678	96	89	23	87
ENSMUSG00000036686	75	62	NA	NA
ENSMUSG00000036687	21	50	NA	NA
ENSMUSG00000036693	82	35	NA	NA
ENSMUSG00000036698	NA	NA	84	76
ENSMUSG00000036699	NA	NA	73	45
ENSMUSG00000036707	73	10	59	5
ENSMUSG00000036712	NA	NA	97	65
ENSMUSG00000036718	NA	NA	35	60
ENSMUSG00000036721	76	55	43	54
ENSMUSG00000036731	19	58	NA	NA
ENSMUSG00000036733	47	35	NA	NA
ENSMUSG00000036737	74	75	NA	NA
ENSMUSG00000036743	50	47	NA	NA
ENSMUSG00000036744	NA	NA	57	48
ENSMUSG00000036745	NA	NA	96	34
ENSMUSG00000036748	60	51	NA	NA
ENSMUSG00000036751	57	15	NA	NA
ENSMUSG00000036760	NA	NA	14	67
ENSMUSG00000036764	70	75	NA	NA
ENSMUSG00000036766	9	76	NA	NA
ENSMUSG00000036768	NA	NA	13	58
ENSMUSG00000036769	NA	NA	92	74
ENSMUSG00000036770	NA	NA	7	57
ENSMUSG00000036775	50	78	NA	NA
ENSMUSG00000036777	99	69	NA	NA
ENSMUSG00000036779	NA	NA	88	46
ENSMUSG00000036781	29	92	NA	NA
ENSMUSG00000036782	95	20	NA	NA
ENSMUSG00000036790	NA	NA	75	54
ENSMUSG00000036792	NA	NA	89	63
ENSMUSG00000036800	NA	NA	3	11
ENSMUSG00000036810	64	38	NA	NA
ENSMUSG00000036813	NA	NA	42	27
ENSMUSG00000036814	58	23	NA	NA
ENSMUSG00000036815	NA	NA	19	56
ENSMUSG00000036816	11	24	NA	NA
ENSMUSG00000036817	44	10	NA	NA
ENSMUSG00000036819	NA	NA	52	22
ENSMUSG00000036820	NA	NA	3	95
ENSMUSG00000036822	75	42	NA	NA
ENSMUSG00000036825	68	19	NA	NA
ENSMUSG00000036832	8	13	NA	NA
ENSMUSG00000036833	70	61	NA	NA
ENSMUSG00000036834	NA	NA	52	51
ENSMUSG00000036840	47	52	NA	NA
ENSMUSG00000036850	58	91	NA	NA
ENSMUSG00000036853	64	13	NA	NA
ENSMUSG00000036854	NA	NA	97	98
ENSMUSG00000036855	18	45	NA	NA
ENSMUSG00000036856	87	76	64	53
ENSMUSG00000036858	58	71	NA	NA
ENSMUSG00000036860	75	17	NA	NA
ENSMUSG00000036862	NA	NA	49	34
ENSMUSG00000036863	NA	NA	71	85
ENSMUSG00000036867	51	99	NA	NA
ENSMUSG00000036872	NA	NA	10	4
ENSMUSG00000036873	83	73	NA	NA
ENSMUSG00000036875	55	77	24	6
ENSMUSG00000036879	83	91	NA	NA
ENSMUSG00000036880	95	84	NA	NA
ENSMUSG00000036882	NA	NA	3	40
ENSMUSG00000036885	NA	NA	96	15
ENSMUSG00000036887	38	48	NA	NA
ENSMUSG00000036890	NA	NA	73	82
ENSMUSG00000036892	4	50	NA	NA
ENSMUSG00000036893	NA	NA	87	79
ENSMUSG00000036894	76	30	NA	NA
ENSMUSG00000036896	12	38	NA	NA
ENSMUSG00000036898	NA	NA	55	83
ENSMUSG00000036902	NA	NA	62	30
ENSMUSG00000036904	81	93	53	65
ENSMUSG00000036905	25	22	NA	NA
ENSMUSG00000036907	NA	NA	50	59
ENSMUSG00000036908	5	7	NA	NA
ENSMUSG00000036912	NA	NA	9	43
ENSMUSG00000036913	NA	NA	24	46
ENSMUSG00000036916	42	70	NA	NA
ENSMUSG00000036918	NA	NA	86	62
ENSMUSG00000036921	23	34	NA	NA
ENSMUSG00000036923	NA	NA	66	29
ENSMUSG00000036924	NA	NA	43	55
ENSMUSG00000036925	16	2	NA	NA
ENSMUSG00000036928	69	39	NA	NA
ENSMUSG00000036931	NA	NA	20	5
ENSMUSG00000036932	72	78	NA	NA
ENSMUSG00000036940	82	5	NA	NA
ENSMUSG00000036941	79	17	38	24
ENSMUSG00000036943	96	60	NA	NA
ENSMUSG00000036944	19	69	NA	NA
ENSMUSG00000036949	NA	NA	56	65
ENSMUSG00000036951	NA	NA	11	57
ENSMUSG00000036955	NA	NA	41	81
ENSMUSG00000036958	62	18	NA	NA
ENSMUSG00000036959	NA	NA	24	28
ENSMUSG00000036960	NA	NA	92	39
ENSMUSG00000036961	24	49	79	6
ENSMUSG00000036962	NA	NA	68	81
ENSMUSG00000036964	43	7	59	35
ENSMUSG00000036966	54	4	NA	NA
ENSMUSG00000036968	NA	NA	98	96
ENSMUSG00000036972	39	15	NA	NA
ENSMUSG00000036975	NA	NA	57	27
ENSMUSG00000036977	NA	NA	62	90
ENSMUSG00000036980	11	74	NA	NA
ENSMUSG00000036983	75	59	NA	NA
ENSMUSG00000036985	66	89	27	25
ENSMUSG00000036986	95	58	99	43
ENSMUSG00000036989	88	8	NA	NA
ENSMUSG00000036990	50	89	79	18
ENSMUSG00000036992	89	28	NA	NA
ENSMUSG00000037001	67	45	78	26
ENSMUSG00000037003	31	72	NA	NA
ENSMUSG00000037005	12	10	NA	NA
ENSMUSG00000037007	11	17	NA	NA
ENSMUSG00000037010	82	79	NA	NA
ENSMUSG00000037012	97	55	NA	NA
ENSMUSG00000037013	83	91	25	23
ENSMUSG00000037014	45	41	NA	NA
ENSMUSG00000037016	NA	NA	13	17
ENSMUSG00000037017	9	36	NA	NA
ENSMUSG00000037020	25	11	58	2
ENSMUSG00000037022	93	5	NA	NA
ENSMUSG00000037025	40	19	NA	NA
ENSMUSG00000037029	59	58	NA	NA
ENSMUSG00000037031	75	90	NA	NA
ENSMUSG00000037032	87	18	NA	NA
ENSMUSG00000037033	18	28	NA	NA
ENSMUSG00000037034	22	1	10	1
ENSMUSG00000037035	19	44	NA	NA
ENSMUSG00000037049	59	26	NA	NA
ENSMUSG00000037053	6	56	NA	NA
ENSMUSG00000037058	50	98	NA	NA
ENSMUSG00000037060	95	58	NA	NA
ENSMUSG00000037062	2	66	NA	NA
ENSMUSG00000037071	96	96	NA	NA
ENSMUSG00000037072	77	77	73	91
ENSMUSG00000037075	NA	NA	11	98
ENSMUSG00000037085	NA	NA	3	60
ENSMUSG00000037086	NA	NA	87	50
ENSMUSG00000037089	80	6	96	87
ENSMUSG00000037095	49	49	NA	NA
ENSMUSG00000037098	NA	NA	62	88
ENSMUSG00000037101	NA	NA	25	58
ENSMUSG00000037103	77	83	NA	NA
ENSMUSG00000037104	46	10	NA	NA
ENSMUSG00000037106	NA	NA	10	29
ENSMUSG00000037110	NA	NA	85	69
ENSMUSG00000037111	5	13	23	97
ENSMUSG00000037112	NA	NA	27	6
ENSMUSG00000037119	39	33	NA	NA
ENSMUSG00000037126	3	35	NA	NA
ENSMUSG00000037129	61	44	NA	NA
ENSMUSG00000037134	NA	NA	76	67
ENSMUSG00000037138	NA	NA	43	48
ENSMUSG00000037139	NA	NA	99	84
ENSMUSG00000037140	36	14	NA	NA
ENSMUSG00000037143	32	33	39	10
ENSMUSG00000037145	59	12	NA	NA
ENSMUSG00000037148	34	58	NA	NA
ENSMUSG00000037149	66	70	1	20
ENSMUSG00000037151	63	5	NA	NA
ENSMUSG00000037152	46	85	NA	NA
ENSMUSG00000037159	NA	NA	1	19
ENSMUSG00000037161	47	85	NA	NA
ENSMUSG00000037166	60	66	NA	NA
ENSMUSG00000037169	75	62	NA	NA
ENSMUSG00000037171	16	34	NA	NA
ENSMUSG00000037172	56	58	NA	NA
ENSMUSG00000037174	83	41	NA	NA
ENSMUSG00000037185	98	97	NA	NA
ENSMUSG00000037188	NA	NA	28	21
ENSMUSG00000037190	85	78	NA	NA
ENSMUSG00000037196	52	81	NA	NA
ENSMUSG00000037197	58	30	NA	NA
ENSMUSG00000037202	72	22	NA	NA
ENSMUSG00000037204	58	89	NA	NA
ENSMUSG00000037206	97	99	NA	NA
ENSMUSG00000037210	NA	NA	86	16
ENSMUSG00000037211	31	22	NA	NA
ENSMUSG00000037214	NA	NA	62	21
ENSMUSG00000037216	81	12	NA	NA
ENSMUSG00000037217	7	38	NA	NA
ENSMUSG00000037221	NA	NA	88	82
ENSMUSG00000037224	NA	NA	30	54
ENSMUSG00000037225	NA	NA	31	90
ENSMUSG00000037234	NA	NA	77	0
ENSMUSG00000037235	96	89	NA	NA
ENSMUSG00000037236	98	92	43	88
ENSMUSG00000037239	NA	NA	78	79
ENSMUSG00000037242	87	85	NA	NA
ENSMUSG00000037243	NA	NA	71	81
ENSMUSG00000037247	NA	NA	50	61
ENSMUSG00000037251	39	69	NA	NA
ENSMUSG00000037253	NA	NA	55	17
ENSMUSG00000037254	23	55	NA	NA
ENSMUSG00000037257	95	78	25	4
ENSMUSG00000037259	NA	NA	9	40
ENSMUSG00000037260	45	64	NA	NA
ENSMUSG00000037262	80	15	NA	NA
ENSMUSG00000037263	NA	NA	72	35
ENSMUSG00000037266	79	72	NA	NA
ENSMUSG00000037270	58	55	18	73
ENSMUSG00000037275	NA	NA	34	84
ENSMUSG00000037279	18	51	NA	NA
ENSMUSG00000037280	97	0	99	73
ENSMUSG00000037286	25	76	85	92
ENSMUSG00000037287	2	70	NA	NA
ENSMUSG00000037295	75	80	83	24
ENSMUSG00000037296	64	74	NA	NA
ENSMUSG00000037300	27	22	NA	NA
ENSMUSG00000037306	NA	NA	94	98
ENSMUSG00000037307	NA	NA	2	19
ENSMUSG00000037313	98	30	NA	NA
ENSMUSG00000037315	NA	NA	28	34
ENSMUSG00000037316	52	49	91	17
ENSMUSG00000037318	NA	NA	33	21
ENSMUSG00000037321	21	36	NA	NA
ENSMUSG00000037325	NA	NA	13	94
ENSMUSG00000037326	25	9	NA	NA
ENSMUSG00000037331	69	3	NA	NA
ENSMUSG00000037335	65	18	NA	NA
ENSMUSG00000037336	NA	NA	25	71
ENSMUSG00000037337	63	11	NA	NA
ENSMUSG00000037339	42	79	61	32
ENSMUSG00000037343	NA	NA	58	75
ENSMUSG00000037344	49	43	74	72
ENSMUSG00000037346	25	66	NA	NA
ENSMUSG00000037347	97	89	NA	NA
ENSMUSG00000037348	70	7	70	11
ENSMUSG00000037349	25	49	NA	NA
ENSMUSG00000037351	77	12	NA	NA
ENSMUSG00000037353	77	83	58	71
ENSMUSG00000037355	NA	NA	13	57
ENSMUSG00000037358	NA	NA	45	25
ENSMUSG00000037361	24	97	NA	NA
ENSMUSG00000037362	97	99	NA	NA
ENSMUSG00000037363	NA	NA	25	36
ENSMUSG00000037366	57	79	NA	NA
ENSMUSG00000037369	43	36	50	48
ENSMUSG00000037370	96	98	97	98
ENSMUSG00000037373	47	57	73	15
ENSMUSG00000037375	47	28	96	64
ENSMUSG00000037376	NA	NA	94	79
ENSMUSG00000037379	92	91	26	57
ENSMUSG00000037386	22	63	51	48
ENSMUSG00000037390	0	71	NA	NA
ENSMUSG00000037393	58	32	NA	NA
ENSMUSG00000037395	59	19	94	96
ENSMUSG00000037400	54	23	NA	NA
ENSMUSG00000037405	11	35	NA	NA
ENSMUSG00000037406	NA	NA	66	3
ENSMUSG00000037408	NA	NA	94	69
ENSMUSG00000037410	NA	NA	97	99
ENSMUSG00000037411	20	44	NA	NA
ENSMUSG00000037415	80	32	NA	NA
ENSMUSG00000037416	41	51	NA	NA
ENSMUSG00000037418	NA	NA	83	39
ENSMUSG00000037419	86	61	99	1
ENSMUSG00000037426	NA	NA	52	18
ENSMUSG00000037428	NA	NA	50	22
ENSMUSG00000037434	51	2	86	81
ENSMUSG00000037437	NA	NA	14	92
ENSMUSG00000037440	62	39	87	87
ENSMUSG00000037443	76	32	NA	NA
ENSMUSG00000037446	41	18	NA	NA
ENSMUSG00000037447	92	80	NA	NA
ENSMUSG00000037455	NA	NA	98	88
ENSMUSG00000037458	75	25	61	66
ENSMUSG00000037461	73	77	NA	NA
ENSMUSG00000037463	NA	NA	29	40
ENSMUSG00000037465	15	69	NA	NA
ENSMUSG00000037466	82	46	52	93
ENSMUSG00000037470	54	85	38	78
ENSMUSG00000037474	97	75	28	55
ENSMUSG00000037475	58	30	90	51
ENSMUSG00000037482	25	4	NA	NA
ENSMUSG00000037486	NA	NA	78	75
ENSMUSG00000037487	24	64	50	67
ENSMUSG00000037490	NA	NA	82	9
ENSMUSG00000037492	NA	NA	29	4
ENSMUSG00000037493	93	96	NA	NA
ENSMUSG00000037499	10	92	NA	NA
ENSMUSG00000037503	NA	NA	95	79
ENSMUSG00000037509	NA	NA	10	67
ENSMUSG00000037514	NA	NA	92	91
ENSMUSG00000037519	NA	NA	2	58
ENSMUSG00000037523	83	23	NA	NA
ENSMUSG00000037525	67	56	NA	NA
ENSMUSG00000037526	75	68	NA	NA
ENSMUSG00000037529	31	44	NA	NA
ENSMUSG00000037531	81	85	57	67
ENSMUSG00000037533	24	72	95	59
ENSMUSG00000037535	NA	NA	46	11
ENSMUSG00000037536	NA	NA	73	23
ENSMUSG00000037542	8	3	NA	NA
ENSMUSG00000037544	95	6	81	84
ENSMUSG00000037548	56	0	84	15
ENSMUSG00000037552	2	62	NA	NA
ENSMUSG00000037553	NA	NA	85	45
ENSMUSG00000037568	98	70	NA	NA
ENSMUSG00000037572	86	78	NA	NA
ENSMUSG00000037573	10	95	44	55
ENSMUSG00000037577	NA	NA	9	38
ENSMUSG00000037578	NA	NA	50	11
ENSMUSG00000037579	NA	NA	7	44
ENSMUSG00000037580	95	79	NA	NA
ENSMUSG00000037583	37	23	NA	NA
ENSMUSG00000037593	NA	NA	8	28
ENSMUSG00000037594	65	6	NA	NA
ENSMUSG00000037600	6	2	NA	NA
ENSMUSG00000037605	NA	NA	73	51
ENSMUSG00000037606	55	33	NA	NA
ENSMUSG00000037608	1	59	51	42
ENSMUSG00000037610	5	7	NA	NA
ENSMUSG00000037613	85	40	NA	NA
ENSMUSG00000037617	32	65	NA	NA
ENSMUSG00000037621	34	93	NA	NA
ENSMUSG00000037622	88	23	NA	NA
ENSMUSG00000037624	83	56	NA	NA
ENSMUSG00000037625	10	18	NA	NA
ENSMUSG00000037628	NA	NA	88	99
ENSMUSG00000037638	NA	NA	74	33
ENSMUSG00000037640	46	32	56	16
ENSMUSG00000037643	89	75	NA	NA
ENSMUSG00000037646	NA	NA	78	22
ENSMUSG00000037649	87	97	NA	NA
ENSMUSG00000037652	NA	NA	88	70
ENSMUSG00000037653	NA	NA	42	11
ENSMUSG00000037656	95	94	NA	NA
ENSMUSG00000037661	NA	NA	41	90
ENSMUSG00000037664	82	57	NA	NA
ENSMUSG00000037669	8	52	81	7
ENSMUSG00000037674	NA	NA	99	69
ENSMUSG00000037679	NA	NA	99	16
ENSMUSG00000037681	52	54	NA	NA
ENSMUSG00000037683	NA	NA	57	16
ENSMUSG00000037685	27	6	4	65
ENSMUSG00000037686	NA	NA	16	78
ENSMUSG00000037689	NA	NA	91	52
ENSMUSG00000037692	35	5	73	0
ENSMUSG00000037697	45	75	85	84
ENSMUSG00000037703	NA	NA	98	82
ENSMUSG00000037705	34	19	NA	NA
ENSMUSG00000037706	67	33	NA	NA
ENSMUSG00000037708	NA	NA	17	78
ENSMUSG00000037709	NA	NA	95	6
ENSMUSG00000037710	33	20	23	53
ENSMUSG00000037712	76	88	0	46
ENSMUSG00000037716	NA	NA	67	78
ENSMUSG00000037720	78	19	85	67
ENSMUSG00000037722	95	60	NA	NA
ENSMUSG00000037725	98	40	NA	NA
ENSMUSG00000037727	57	61	NA	NA
ENSMUSG00000037730	27	1	NA	NA
ENSMUSG00000037731	7	26	NA	NA
ENSMUSG00000037735	NA	NA	2	12
ENSMUSG00000037736	84	27	72	71
ENSMUSG00000037737	NA	NA	42	30
ENSMUSG00000037738	NA	NA	61	28
ENSMUSG00000037740	91	92	39	26
ENSMUSG00000037747	58	19	49	11
ENSMUSG00000037750	59	67	NA	NA
ENSMUSG00000037752	NA	NA	96	17
ENSMUSG00000037754	48	29	33	11
ENSMUSG00000037759	68	41	NA	NA
ENSMUSG00000037761	NA	NA	70	62
ENSMUSG00000037762	NA	NA	88	53
ENSMUSG00000037771	53	31	NA	NA
ENSMUSG00000037773	NA	NA	90	97
ENSMUSG00000037780	58	15	NA	NA
ENSMUSG00000037784	NA	NA	95	17
ENSMUSG00000037787	NA	NA	81	86
ENSMUSG00000037788	89	87	NA	NA
ENSMUSG00000037790	6	13	NA	NA
ENSMUSG00000037791	62	63	51	47
ENSMUSG00000037795	NA	NA	7	15
ENSMUSG00000037797	12	2	NA	NA
ENSMUSG00000037798	33	36	NA	NA
ENSMUSG00000037801	NA	NA	48	82
ENSMUSG00000037808	69	32	NA	NA
ENSMUSG00000037815	82	75	72	85
ENSMUSG00000037816	NA	NA	87	85
ENSMUSG00000037818	4	3	16	50
ENSMUSG00000037820	65	75	NA	NA
ENSMUSG00000037822	82	87	94	97
ENSMUSG00000037824	81	72	NA	NA
ENSMUSG00000037826	NA	NA	77	23
ENSMUSG00000037833	NA	NA	62	88
ENSMUSG00000037843	NA	NA	46	23
ENSMUSG00000037846	77	73	NA	NA
ENSMUSG00000037847	5	91	22	53
ENSMUSG00000037851	93	95	NA	NA
ENSMUSG00000037852	93	87	NA	NA
ENSMUSG00000037855	NA	NA	79	57
ENSMUSG00000037857	NA	NA	70	65
ENSMUSG00000037860	22	34	NA	NA
ENSMUSG00000037868	78	93	NA	NA
ENSMUSG00000037876	27	48	55	19
ENSMUSG00000037884	NA	NA	81	32
ENSMUSG00000037885	39	15	89	13
ENSMUSG00000037887	96	53	31	41
ENSMUSG00000037890	NA	NA	60	43
ENSMUSG00000037892	67	72	NA	NA
ENSMUSG00000037896	67	46	NA	NA
ENSMUSG00000037902	47	59	NA	NA
ENSMUSG00000037904	NA	NA	95	82
ENSMUSG00000037905	NA	NA	97	23
ENSMUSG00000037907	NA	NA	90	27
ENSMUSG00000037910	25	4	NA	NA
ENSMUSG00000037913	NA	NA	41	67
ENSMUSG00000037916	93	82	NA	NA
ENSMUSG00000037921	14	24	8	43
ENSMUSG00000037922	NA	NA	29	71
ENSMUSG00000037924	36	19	NA	NA
ENSMUSG00000037926	NA	NA	17	29
ENSMUSG00000037933	75	70	16	81
ENSMUSG00000037935	12	57	NA	NA
ENSMUSG00000037936	91	83	NA	NA
ENSMUSG00000037938	7	45	NA	NA
ENSMUSG00000037940	NA	NA	97	85
ENSMUSG00000037942	13	69	NA	NA
ENSMUSG00000037944	4	57	NA	NA
ENSMUSG00000037946	10	16	NA	NA
ENSMUSG00000037949	12	56	NA	NA
ENSMUSG00000037953	NA	NA	47	13
ENSMUSG00000037957	52	71	NA	NA
ENSMUSG00000037958	NA	NA	90	3
ENSMUSG00000037960	63	81	NA	NA
ENSMUSG00000037962	NA	NA	72	7
ENSMUSG00000037965	17	68	NA	NA
ENSMUSG00000037966	87	86	71	69
ENSMUSG00000037971	70	96	NA	NA
ENSMUSG00000037972	NA	NA	99	95
ENSMUSG00000037974	10	49	NA	NA
ENSMUSG00000037977	NA	NA	2	76
ENSMUSG00000037979	10	66	NA	NA
ENSMUSG00000037982	NA	NA	79	38
ENSMUSG00000037984	8	24	NA	NA
ENSMUSG00000037989	49	23	NA	NA
ENSMUSG00000037990	NA	NA	82	81
ENSMUSG00000037991	NA	NA	54	0
ENSMUSG00000037992	91	78	NA	NA
ENSMUSG00000037993	0	44	92	83
ENSMUSG00000037994	51	32	NA	NA
ENSMUSG00000037995	69	67	2	71
ENSMUSG00000037996	NA	NA	11	66
ENSMUSG00000037997	NA	NA	79	82
ENSMUSG00000037999	4	60	39	37
ENSMUSG00000038000	86	37	NA	NA
ENSMUSG00000038002	0	23	NA	NA
ENSMUSG00000038005	82	80	NA	NA
ENSMUSG00000038007	36	31	NA	NA
ENSMUSG00000038009	NA	NA	43	28
ENSMUSG00000038010	NA	NA	21	26
ENSMUSG00000038013	NA	NA	74	35
ENSMUSG00000038014	46	1	NA	NA
ENSMUSG00000038015	5	33	NA	NA
ENSMUSG00000038020	NA	NA	24	29
ENSMUSG00000038022	NA	NA	89	96
ENSMUSG00000038023	39	52	NA	NA
ENSMUSG00000038024	74	72	NA	NA
ENSMUSG00000038025	50	15	NA	NA
ENSMUSG00000038026	37	70	34	21
ENSMUSG00000038028	NA	NA	76	67
ENSMUSG00000038034	90	76	NA	NA
ENSMUSG00000038037	62	76	39	15
ENSMUSG00000038039	5	34	95	14
ENSMUSG00000038042	NA	NA	25	73
ENSMUSG00000038044	NA	NA	57	66
ENSMUSG00000038045	NA	NA	84	64
ENSMUSG00000038046	82	92	NA	NA
ENSMUSG00000038047	64	22	70	71
ENSMUSG00000038055	92	67	NA	NA
ENSMUSG00000038056	74	60	69	93
ENSMUSG00000038057	2	36	NA	NA
ENSMUSG00000038058	NA	NA	93	97
ENSMUSG00000038059	43	7	NA	NA
ENSMUSG00000038064	NA	NA	2	81
ENSMUSG00000038065	52	22	92	98
ENSMUSG00000038067	18	42	NA	NA
ENSMUSG00000038068	36	1	54	69
ENSMUSG00000038069	NA	NA	7	47
ENSMUSG00000038070	53	63	NA	NA
ENSMUSG00000038071	29	0	15	24
ENSMUSG00000038072	69	96	41	7
ENSMUSG00000038074	NA	NA	98	98
ENSMUSG00000038077	59	50	59	56
ENSMUSG00000038079	NA	NA	90	61
ENSMUSG00000038080	NA	NA	60	36
ENSMUSG00000038084	73	35	32	82
ENSMUSG00000038085	23	47	NA	NA
ENSMUSG00000038086	85	46	NA	NA
ENSMUSG00000038092	55	8	NA	NA
ENSMUSG00000038094	NA	NA	77	76
ENSMUSG00000038095	80	65	54	64
ENSMUSG00000038102	NA	NA	72	91
ENSMUSG00000038112	NA	NA	19	53
ENSMUSG00000038116	29	21	65	78
ENSMUSG00000038119	48	81	51	89
ENSMUSG00000038121	NA	NA	74	92
ENSMUSG00000038122	NA	NA	47	26
ENSMUSG00000038126	19	28	67	34
ENSMUSG00000038127	54	10	NA	NA
ENSMUSG00000038128	73	9	NA	NA
ENSMUSG00000038132	NA	NA	39	86
ENSMUSG00000038135	40	26	NA	NA
ENSMUSG00000038143	NA	NA	13	11
ENSMUSG00000038145	78	74	NA	NA
ENSMUSG00000038146	97	93	NA	NA
ENSMUSG00000038147	35	38	19	57
ENSMUSG00000038148	39	30	NA	NA
ENSMUSG00000038150	17	69	NA	NA
ENSMUSG00000038151	25	6	NA	NA
ENSMUSG00000038152	NA	NA	92	11
ENSMUSG00000038156	18	42	30	46
ENSMUSG00000038160	69	68	52	93
ENSMUSG00000038165	NA	NA	28	66
ENSMUSG00000038167	16	52	NA	NA
ENSMUSG00000038168	NA	NA	53	46
ENSMUSG00000038170	83	11	88	93
ENSMUSG00000038172	66	38	49	88
ENSMUSG00000038173	NA	NA	43	59
ENSMUSG00000038174	21	82	47	39
ENSMUSG00000038175	89	71	NA	NA
ENSMUSG00000038178	NA	NA	46	91
ENSMUSG00000038179	59	5	NA	NA
ENSMUSG00000038180	34	30	NA	NA
ENSMUSG00000038181	NA	NA	1	54
ENSMUSG00000038187	25	60	NA	NA
ENSMUSG00000038188	NA	NA	72	29
ENSMUSG00000038192	63	6	NA	NA
ENSMUSG00000038193	45	64	7	93
ENSMUSG00000038195	NA	NA	52	12
ENSMUSG00000038203	17	27	NA	NA
ENSMUSG00000038204	83	61	43	12
ENSMUSG00000038205	NA	NA	59	98
ENSMUSG00000038206	83	49	NA	NA
ENSMUSG00000038208	NA	NA	44	83
ENSMUSG00000038209	43	28	NA	NA
ENSMUSG00000038210	62	86	NA	NA
ENSMUSG00000038212	36	82	NA	NA
ENSMUSG00000038213	61	41	NA	NA
ENSMUSG00000038214	NA	NA	45	51
ENSMUSG00000038215	NA	NA	26	96
ENSMUSG00000038216	38	54	NA	NA
ENSMUSG00000038217	38	43	NA	NA
ENSMUSG00000038224	4	61	NA	NA
ENSMUSG00000038225	NA	NA	41	80
ENSMUSG00000038227	11	83	NA	NA
ENSMUSG00000038235	97	56	NA	NA
ENSMUSG00000038236	37	84	NA	NA
ENSMUSG00000038239	96	28	NA	NA
ENSMUSG00000038240	NA	NA	18	37
ENSMUSG00000038241	8	7	NA	NA
ENSMUSG00000038242	52	21	NA	NA
ENSMUSG00000038244	79	70	8	10
ENSMUSG00000038246	59	81	NA	NA
ENSMUSG00000038248	13	73	NA	NA
ENSMUSG00000038250	13	34	NA	NA
ENSMUSG00000038252	98	87	54	74
ENSMUSG00000038253	74	61	NA	NA
ENSMUSG00000038255	36	38	17	33
ENSMUSG00000038256	51	39	84	74
ENSMUSG00000038257	28	35	47	81
ENSMUSG00000038259	84	55	NA	NA
ENSMUSG00000038260	NA	NA	31	81
ENSMUSG00000038264	49	99	NA	NA
ENSMUSG00000038267	92	89	NA	NA
ENSMUSG00000038268	11	78	NA	NA
ENSMUSG00000038271	21	83	NA	NA
ENSMUSG00000038276	NA	NA	15	73
ENSMUSG00000038279	68	94	NA	NA
ENSMUSG00000038280	NA	NA	69	98
ENSMUSG00000038286	90	86	35	50
ENSMUSG00000038290	17	47	70	83
ENSMUSG00000038291	NA	NA	88	91
ENSMUSG00000038295	50	5	NA	NA
ENSMUSG00000038296	NA	NA	3	99
ENSMUSG00000038298	31	14	NA	NA
ENSMUSG00000038299	24	30	NA	NA
ENSMUSG00000038300	53	54	NA	NA
ENSMUSG00000038301	13	80	82	56
ENSMUSG00000038302	29	50	NA	NA
ENSMUSG00000038304	4	5	45	60
ENSMUSG00000038305	27	66	58	30
ENSMUSG00000038311	NA	NA	0	49
ENSMUSG00000038312	85	61	NA	NA
ENSMUSG00000038319	9	48	NA	NA
ENSMUSG00000038323	NA	NA	94	92
ENSMUSG00000038324	26	62	NA	NA
ENSMUSG00000038330	NA	NA	70	45
ENSMUSG00000038331	78	28	NA	NA
ENSMUSG00000038332	92	96	46	85
ENSMUSG00000038335	88	28	76	28
ENSMUSG00000038342	80	1	NA	NA
ENSMUSG00000038344	17	14	10	46
ENSMUSG00000038346	NA	NA	77	6
ENSMUSG00000038347	56	64	3	51
ENSMUSG00000038349	NA	NA	18	49
ENSMUSG00000038351	NA	NA	56	20
ENSMUSG00000038354	NA	NA	32	50
ENSMUSG00000038357	11	97	NA	NA
ENSMUSG00000038365	80	69	NA	NA
ENSMUSG00000038366	74	26	NA	NA
ENSMUSG00000038368	NA	NA	30	16
ENSMUSG00000038369	74	25	NA	NA
ENSMUSG00000038370	29	79	NA	NA
ENSMUSG00000038371	30	30	23	52
ENSMUSG00000038372	NA	NA	57	96
ENSMUSG00000038374	1	34	NA	NA
ENSMUSG00000038375	75	90	NA	NA
ENSMUSG00000038379	91	78	87	2
ENSMUSG00000038383	39	72	NA	NA
ENSMUSG00000038384	NA	NA	83	79
ENSMUSG00000038387	51	79	NA	NA
ENSMUSG00000038388	93	78	46	81
ENSMUSG00000038390	32	44	NA	NA
ENSMUSG00000038393	82	28	NA	NA
ENSMUSG00000038398	NA	NA	94	89
ENSMUSG00000038400	43	83	NA	NA
ENSMUSG00000038402	7	84	NA	NA
ENSMUSG00000038403	NA	NA	91	19
ENSMUSG00000038406	NA	NA	95	86
ENSMUSG00000038408	NA	NA	83	89
ENSMUSG00000038412	71	93	NA	NA
ENSMUSG00000038415	6	87	27	97
ENSMUSG00000038416	7	86	NA	NA
ENSMUSG00000038417	16	61	NA	NA
ENSMUSG00000038418	96	61	NA	NA
ENSMUSG00000038421	24	60	NA	NA
ENSMUSG00000038422	67	30	NA	NA
ENSMUSG00000038425	0	35	NA	NA
ENSMUSG00000038429	64	82	NA	NA
ENSMUSG00000038437	17	18	81	5
ENSMUSG00000038446	NA	NA	89	57
ENSMUSG00000038451	95	9	NA	NA
ENSMUSG00000038453	28	24	62	36
ENSMUSG00000038456	NA	NA	24	25
ENSMUSG00000038459	27	57	NA	NA
ENSMUSG00000038462	1	37	NA	NA
ENSMUSG00000038463	99	81	NA	NA
ENSMUSG00000038467	93	3	NA	NA
ENSMUSG00000038473	NA	NA	64	8
ENSMUSG00000038481	NA	NA	34	94
ENSMUSG00000038482	71	69	NA	NA
ENSMUSG00000038485	39	5	74	60
ENSMUSG00000038486	5	22	NA	NA
ENSMUSG00000038491	NA	NA	30	76
ENSMUSG00000038495	75	80	55	22
ENSMUSG00000038496	65	17	9	33
ENSMUSG00000038497	48	84	70	57
ENSMUSG00000038498	43	63	NA	NA
ENSMUSG00000038500	10	23	NA	NA
ENSMUSG00000038502	85	74	NA	NA
ENSMUSG00000038503	77	40	26	66
ENSMUSG00000038506	NA	NA	40	46
ENSMUSG00000038507	96	31	NA	NA
ENSMUSG00000038508	99	90	NA	NA
ENSMUSG00000038510	93	56	NA	NA
ENSMUSG00000038515	20	90	NA	NA
ENSMUSG00000038517	NA	NA	59	5
ENSMUSG00000038518	76	14	NA	NA
ENSMUSG00000038520	57	28	NA	NA
ENSMUSG00000038522	0	64	5	16
ENSMUSG00000038523	NA	NA	63	88
ENSMUSG00000038524	11	29	NA	NA
ENSMUSG00000038525	85	42	NA	NA
ENSMUSG00000038526	45	70	NA	NA
ENSMUSG00000038528	NA	NA	24	37
ENSMUSG00000038530	26	98	NA	NA
ENSMUSG00000038533	38	28	32	37
ENSMUSG00000038534	NA	NA	55	71
ENSMUSG00000038535	32	26	NA	NA
ENSMUSG00000038537	46	44	NA	NA
ENSMUSG00000038538	NA	NA	88	87
ENSMUSG00000038539	97	72	NA	NA
ENSMUSG00000038541	41	74	NA	NA
ENSMUSG00000038542	28	93	NA	NA
ENSMUSG00000038543	74	95	80	79
ENSMUSG00000038544	NA	NA	27	34
ENSMUSG00000038545	87	71	NA	NA
ENSMUSG00000038546	82	93	NA	NA
ENSMUSG00000038550	NA	NA	93	21
ENSMUSG00000038552	89	73	NA	NA
ENSMUSG00000038555	44	24	NA	NA
ENSMUSG00000038560	44	6	30	55
ENSMUSG00000038563	71	58	NA	NA
ENSMUSG00000038564	69	34	NA	NA
ENSMUSG00000038567	63	46	NA	NA
ENSMUSG00000038569	43	18	19	75
ENSMUSG00000038570	NA	NA	43	39
ENSMUSG00000038572	26	29	NA	NA
ENSMUSG00000038576	73	22	13	2
ENSMUSG00000038578	NA	NA	56	90
ENSMUSG00000038580	50	22	NA	NA
ENSMUSG00000038582	57	9	NA	NA
ENSMUSG00000038583	41	17	NA	NA
ENSMUSG00000038587	53	87	NA	NA
ENSMUSG00000038591	NA	NA	1	34
ENSMUSG00000038593	NA	NA	84	91
ENSMUSG00000038594	NA	NA	50	61
ENSMUSG00000038599	0	14	NA	NA
ENSMUSG00000038600	48	17	NA	NA
ENSMUSG00000038602	NA	NA	30	76
ENSMUSG00000038604	69	64	NA	NA
ENSMUSG00000038605	29	70	NA	NA
ENSMUSG00000038608	NA	NA	84	54
ENSMUSG00000038611	NA	NA	15	52
ENSMUSG00000038612	77	77	NA	NA
ENSMUSG00000038615	92	85	NA	NA
ENSMUSG00000038618	94	92	NA	NA
ENSMUSG00000038619	77	57	NA	NA
ENSMUSG00000038622	79	87	NA	NA
ENSMUSG00000038623	99	57	NA	NA
ENSMUSG00000038624	8	20	NA	NA
ENSMUSG00000038628	90	42	38	28
ENSMUSG00000038633	69	85	NA	NA
ENSMUSG00000038637	28	29	56	30
ENSMUSG00000038641	35	23	NA	NA
ENSMUSG00000038642	55	43	NA	NA
ENSMUSG00000038644	90	92	NA	NA
ENSMUSG00000038648	84	58	NA	NA
ENSMUSG00000038650	68	75	NA	NA
ENSMUSG00000038656	23	37	NA	NA
ENSMUSG00000038658	NA	NA	68	84
ENSMUSG00000038663	NA	NA	75	65
ENSMUSG00000038664	41	1	57	29
ENSMUSG00000038665	NA	NA	83	54
ENSMUSG00000038668	91	43	NA	NA
ENSMUSG00000038670	NA	NA	99	14
ENSMUSG00000038671	68	84	44	51
ENSMUSG00000038676	24	54	NA	NA
ENSMUSG00000038677	NA	NA	2	70
ENSMUSG00000038679	47	70	79	79
ENSMUSG00000038683	91	23	NA	NA
ENSMUSG00000038685	NA	NA	32	95
ENSMUSG00000038690	50	82	4	52
ENSMUSG00000038691	21	48	NA	NA
ENSMUSG00000038692	3	17	NA	NA
ENSMUSG00000038696	5	68	NA	NA
ENSMUSG00000038697	71	83	NA	NA
ENSMUSG00000038700	49	28	NA	NA
ENSMUSG00000038702	NA	NA	96	59
ENSMUSG00000038704	55	39	NA	NA
ENSMUSG00000038705	NA	NA	32	16
ENSMUSG00000038708	46	70	NA	NA
ENSMUSG00000038709	52	63	NA	NA
ENSMUSG00000038712	86	64	94	86
ENSMUSG00000038718	83	35	99	78
ENSMUSG00000038721	32	14	NA	NA
ENSMUSG00000038722	43	94	NA	NA
ENSMUSG00000038725	50	29	NA	NA
ENSMUSG00000038732	68	39	5	81
ENSMUSG00000038733	35	4	92	90
ENSMUSG00000038736	27	64	88	48
ENSMUSG00000038738	NA	NA	36	53
ENSMUSG00000038740	20	81	NA	NA
ENSMUSG00000038742	95	76	NA	NA
ENSMUSG00000038745	48	43	NA	NA
ENSMUSG00000038750	14	17	NA	NA
ENSMUSG00000038751	50	11	16	71
ENSMUSG00000038754	4	91	NA	NA
ENSMUSG00000038756	NA	NA	54	49
ENSMUSG00000038759	NA	NA	96	81
ENSMUSG00000038760	21	85	NA	NA
ENSMUSG00000038762	77	87	NA	NA
ENSMUSG00000038763	97	28	NA	NA
ENSMUSG00000038764	NA	NA	46	1
ENSMUSG00000038765	72	26	59	27
ENSMUSG00000038766	NA	NA	7	58
ENSMUSG00000038768	NA	NA	24	2
ENSMUSG00000038770	NA	NA	67	37
ENSMUSG00000038773	45	28	36	25
ENSMUSG00000038774	NA	NA	24	14
ENSMUSG00000038775	10	47	NA	NA
ENSMUSG00000038776	98	99	NA	NA
ENSMUSG00000038777	56	6	NA	NA
ENSMUSG00000038780	NA	NA	73	96
ENSMUSG00000038781	22	2	NA	NA
ENSMUSG00000038782	NA	NA	25	13
ENSMUSG00000038784	28	43	NA	NA
ENSMUSG00000038791	16	26	NA	NA
ENSMUSG00000038793	26	39	NA	NA
ENSMUSG00000038797	18	64	NA	NA
ENSMUSG00000038803	89	97	NA	NA
ENSMUSG00000038805	23	48	NA	NA
ENSMUSG00000038806	NA	NA	46	13
ENSMUSG00000038807	NA	NA	98	78
ENSMUSG00000038811	NA	NA	34	44
ENSMUSG00000038812	30	34	NA	NA
ENSMUSG00000038816	43	21	NA	NA
ENSMUSG00000038822	1	70	32	56
ENSMUSG00000038827	NA	NA	44	29
ENSMUSG00000038828	43	60	9	4
ENSMUSG00000038831	NA	NA	7	20
ENSMUSG00000038836	78	3	26	15
ENSMUSG00000038838	NA	NA	27	19
ENSMUSG00000038840	NA	NA	42	5
ENSMUSG00000038843	30	42	32	41
ENSMUSG00000038844	63	60	40	37
ENSMUSG00000038845	52	99	NA	NA
ENSMUSG00000038848	39	77	47	9
ENSMUSG00000038855	81	74	18	5
ENSMUSG00000038859	95	97	NA	NA
ENSMUSG00000038860	NA	NA	71	51
ENSMUSG00000038861	NA	NA	84	89
ENSMUSG00000038866	NA	NA	39	17
ENSMUSG00000038871	24	67	NA	NA
ENSMUSG00000038872	87	60	69	76
ENSMUSG00000038876	44	89	NA	NA
ENSMUSG00000038879	65	37	NA	NA
ENSMUSG00000038880	72	53	NA	NA
ENSMUSG00000038883	37	34	NA	NA
ENSMUSG00000038884	31	72	NA	NA
ENSMUSG00000038886	NA	NA	69	93
ENSMUSG00000038888	63	86	NA	NA
ENSMUSG00000038891	34	11	NA	NA
ENSMUSG00000038893	95	43	NA	NA
ENSMUSG00000038894	52	63	NA	NA
ENSMUSG00000038895	NA	NA	58	59
ENSMUSG00000038902	NA	NA	86	4
ENSMUSG00000038903	NA	NA	32	16
ENSMUSG00000038909	0	68	NA	NA
ENSMUSG00000038910	88	71	NA	NA
ENSMUSG00000038914	55	59	86	97
ENSMUSG00000038916	NA	NA	86	36
ENSMUSG00000038917	NA	NA	79	40
ENSMUSG00000038925	19	1	NA	NA
ENSMUSG00000038930	59	6	NA	NA
ENSMUSG00000038932	34	21	NA	NA
ENSMUSG00000038936	64	74	NA	NA
ENSMUSG00000038943	96	20	NA	NA
ENSMUSG00000038949	NA	NA	48	82
ENSMUSG00000038954	NA	NA	79	26
ENSMUSG00000038957	NA	NA	94	72
ENSMUSG00000038963	NA	NA	28	6
ENSMUSG00000038965	47	41	NA	NA
ENSMUSG00000038967	85	64	NA	NA
ENSMUSG00000038968	3	9	NA	NA
ENSMUSG00000038970	NA	NA	20	38
ENSMUSG00000038973	NA	NA	2	41
ENSMUSG00000038975	72	98	NA	NA
ENSMUSG00000038982	37	50	NA	NA
ENSMUSG00000038984	NA	NA	71	5
ENSMUSG00000038987	6	26	NA	NA
ENSMUSG00000038991	95	83	NA	NA
ENSMUSG00000038994	53	83	NA	NA
ENSMUSG00000038997	4	90	NA	NA
ENSMUSG00000039000	28	52	43	31
ENSMUSG00000039001	NA	NA	55	53
ENSMUSG00000039004	73	29	NA	NA
ENSMUSG00000039005	83	57	29	52
ENSMUSG00000039007	95	99	14	0
ENSMUSG00000039013	65	27	NA	NA
ENSMUSG00000039016	0	96	NA	NA
ENSMUSG00000039018	94	56	NA	NA
ENSMUSG00000039021	13	52	NA	NA
ENSMUSG00000039031	9	41	39	80
ENSMUSG00000039032	56	27	NA	NA
ENSMUSG00000039033	60	29	NA	NA
ENSMUSG00000039037	10	56	65	70
ENSMUSG00000039043	NA	NA	99	55
ENSMUSG00000039046	NA	NA	75	67
ENSMUSG00000039047	65	78	NA	NA
ENSMUSG00000039048	57	35	NA	NA
ENSMUSG00000039050	90	56	NA	NA
ENSMUSG00000039055	89	85	NA	NA
ENSMUSG00000039057	NA	NA	16	30
ENSMUSG00000039058	78	43	52	29
ENSMUSG00000039059	6	10	NA	NA
ENSMUSG00000039062	96	99	NA	NA
ENSMUSG00000039063	28	2	NA	NA
ENSMUSG00000039065	NA	NA	66	43
ENSMUSG00000039067	39	0	NA	NA
ENSMUSG00000039068	32	68	NA	NA
ENSMUSG00000039069	55	38	62	59
ENSMUSG00000039070	NA	NA	27	8
ENSMUSG00000039079	34	11	NA	NA
ENSMUSG00000039081	31	49	NA	NA
ENSMUSG00000039084	46	18	NA	NA
ENSMUSG00000039086	NA	NA	50	38
ENSMUSG00000039087	14	64	23	45
ENSMUSG00000039089	NA	NA	70	47
ENSMUSG00000039092	NA	NA	26	63
ENSMUSG00000039095	2	15	NA	NA
ENSMUSG00000039096	NA	NA	17	21
ENSMUSG00000039097	35	30	NA	NA
ENSMUSG00000039100	42	40	NA	NA
ENSMUSG00000039103	NA	NA	72	4
ENSMUSG00000039106	4	47	4	74
ENSMUSG00000039108	77	64	NA	NA
ENSMUSG00000039109	12	62	NA	NA
ENSMUSG00000039110	1	51	NA	NA
ENSMUSG00000039114	NA	NA	35	99
ENSMUSG00000039115	61	21	NA	NA
ENSMUSG00000039116	NA	NA	86	96
ENSMUSG00000039117	71	75	NA	NA
ENSMUSG00000039126	NA	NA	65	98
ENSMUSG00000039128	40	65	NA	NA
ENSMUSG00000039130	14	91	NA	NA
ENSMUSG00000039131	38	54	NA	NA
ENSMUSG00000039133	NA	NA	95	43
ENSMUSG00000039137	NA	NA	44	47
ENSMUSG00000039138	5	62	NA	NA
ENSMUSG00000039145	0	57	NA	NA
ENSMUSG00000039146	45	30	NA	NA
ENSMUSG00000039148	45	83	91	34
ENSMUSG00000039153	82	21	NA	NA
ENSMUSG00000039154	33	16	NA	NA
ENSMUSG00000039155	NA	NA	36	55
ENSMUSG00000039156	NA	NA	18	60
ENSMUSG00000039157	84	86	NA	NA
ENSMUSG00000039158	52	33	NA	NA
ENSMUSG00000039159	80	85	98	98
ENSMUSG00000039163	NA	NA	20	98
ENSMUSG00000039164	NA	NA	85	18
ENSMUSG00000039166	NA	NA	53	52
ENSMUSG00000039167	32	40	NA	NA
ENSMUSG00000039168	49	82	NA	NA
ENSMUSG00000039174	NA	NA	10	39
ENSMUSG00000039176	63	89	NA	NA
ENSMUSG00000039178	41	9	NA	NA
ENSMUSG00000039179	NA	NA	99	96
ENSMUSG00000039182	79	36	NA	NA
ENSMUSG00000039183	40	79	NA	NA
ENSMUSG00000039187	36	0	NA	NA
ENSMUSG00000039191	24	59	58	92
ENSMUSG00000039194	3	74	NA	NA
ENSMUSG00000039195	42	35	NA	NA
ENSMUSG00000039196	21	68	NA	NA
ENSMUSG00000039197	92	32	33	5
ENSMUSG00000039198	NA	NA	51	25
ENSMUSG00000039199	61	55	NA	NA
ENSMUSG00000039200	6	10	36	77
ENSMUSG00000039201	NA	NA	87	38
ENSMUSG00000039202	16	54	72	4
ENSMUSG00000039205	6	60	NA	NA
ENSMUSG00000039206	29	51	NA	NA
ENSMUSG00000039208	89	58	NA	NA
ENSMUSG00000039209	24	37	NA	NA
ENSMUSG00000039210	0	0	44	18
ENSMUSG00000039217	76	92	NA	NA
ENSMUSG00000039218	NA	NA	95	14
ENSMUSG00000039219	35	76	54	78
ENSMUSG00000039220	NA	NA	13	16
ENSMUSG00000039224	6	70	NA	NA
ENSMUSG00000039230	83	89	NA	NA
ENSMUSG00000039231	55	46	NA	NA
ENSMUSG00000039232	NA	NA	3	90
ENSMUSG00000039233	78	96	19	54
ENSMUSG00000039234	79	77	NA	NA
ENSMUSG00000039236	12	88	NA	NA
ENSMUSG00000039238	NA	NA	38	1
ENSMUSG00000039239	79	10	66	60
ENSMUSG00000039242	68	71	53	7
ENSMUSG00000039244	10	63	NA	NA
ENSMUSG00000039246	58	90	NA	NA
ENSMUSG00000039252	NA	NA	77	33
ENSMUSG00000039254	63	36	NA	NA
ENSMUSG00000039257	82	54	5	58
ENSMUSG00000039262	NA	NA	66	54
ENSMUSG00000039263	81	77	NA	NA
ENSMUSG00000039264	11	5	NA	NA
ENSMUSG00000039269	NA	NA	10	24
ENSMUSG00000039270	NA	NA	26	83
ENSMUSG00000039275	86	84	6	10
ENSMUSG00000039278	7	77	NA	NA
ENSMUSG00000039285	7	24	NA	NA
ENSMUSG00000039286	NA	NA	95	97
ENSMUSG00000039294	65	59	49	10
ENSMUSG00000039296	NA	NA	49	30
ENSMUSG00000039298	75	74	19	43
ENSMUSG00000039304	4	41	18	4
ENSMUSG00000039307	38	66	NA	NA
ENSMUSG00000039308	9	8	NA	NA
ENSMUSG00000039313	NA	NA	9	46
ENSMUSG00000039315	48	47	NA	NA
ENSMUSG00000039316	NA	NA	42	47
ENSMUSG00000039318	79	35	68	91
ENSMUSG00000039321	59	64	NA	NA
ENSMUSG00000039323	99	95	NA	NA
ENSMUSG00000039328	NA	NA	97	66
ENSMUSG00000039329	61	14	NA	NA
ENSMUSG00000039335	NA	NA	18	51
ENSMUSG00000039337	58	4	NA	NA
ENSMUSG00000039339	NA	NA	40	41
ENSMUSG00000039345	96	19	0	20
ENSMUSG00000039347	60	67	NA	NA
ENSMUSG00000039354	58	58	NA	NA
ENSMUSG00000039356	35	81	NA	NA
ENSMUSG00000039357	NA	NA	86	81
ENSMUSG00000039361	34	18	51	76
ENSMUSG00000039364	21	26	NA	NA
ENSMUSG00000039367	53	52	71	51
ENSMUSG00000039372	NA	NA	5	76
ENSMUSG00000039375	NA	NA	38	52
ENSMUSG00000039376	NA	NA	60	99
ENSMUSG00000039377	79	76	NA	NA
ENSMUSG00000039382	96	2	NA	NA
ENSMUSG00000039384	3	49	NA	NA
ENSMUSG00000039385	57	81	31	67
ENSMUSG00000039391	NA	NA	68	78
ENSMUSG00000039396	70	41	74	11
ENSMUSG00000039405	69	23	76	15
ENSMUSG00000039410	NA	NA	50	79
ENSMUSG00000039414	NA	NA	97	94
ENSMUSG00000039419	12	4	74	85
ENSMUSG00000039427	86	71	NA	NA
ENSMUSG00000039428	57	18	NA	NA
ENSMUSG00000039431	16	41	53	51
ENSMUSG00000039449	NA	NA	12	94
ENSMUSG00000039450	95	97	NA	NA
ENSMUSG00000039452	66	46	NA	NA
ENSMUSG00000039456	36	41	NA	NA
ENSMUSG00000039457	14	13	NA	NA
ENSMUSG00000039458	NA	NA	98	83
ENSMUSG00000039461	13	92	NA	NA
ENSMUSG00000039462	9	20	NA	NA
ENSMUSG00000039463	67	23	23	61
ENSMUSG00000039470	92	26	31	83
ENSMUSG00000039473	17	20	70	78
ENSMUSG00000039474	82	69	NA	NA
ENSMUSG00000039476	98	95	NA	NA
ENSMUSG00000039477	25	32	91	97
ENSMUSG00000039478	NA	NA	39	43
ENSMUSG00000039480	NA	NA	60	5
ENSMUSG00000039481	7	48	NA	NA
ENSMUSG00000039483	47	59	NA	NA
ENSMUSG00000039485	29	90	NA	NA
ENSMUSG00000039497	NA	NA	15	47
ENSMUSG00000039501	54	42	NA	NA
ENSMUSG00000039508	NA	NA	7	5
ENSMUSG00000039509	89	88	39	37
ENSMUSG00000039512	68	37	NA	NA
ENSMUSG00000039515	76	86	NA	NA
ENSMUSG00000039518	99	65	NA	NA
ENSMUSG00000039519	48	75	NA	NA
ENSMUSG00000039521	49	45	NA	NA
ENSMUSG00000039523	64	44	NA	NA
ENSMUSG00000039529	NA	NA	25	67
ENSMUSG00000039530	95	97	NA	NA
ENSMUSG00000039531	66	63	NA	NA
ENSMUSG00000039533	1	1	86	77
ENSMUSG00000039536	17	11	NA	NA
ENSMUSG00000039540	NA	NA	9	3
ENSMUSG00000039542	80	64	4	94
ENSMUSG00000039543	NA	NA	67	91
ENSMUSG00000039545	NA	NA	49	16
ENSMUSG00000039546	NA	NA	87	70
ENSMUSG00000039552	NA	NA	8	59
ENSMUSG00000039555	NA	NA	70	55
ENSMUSG00000039563	NA	NA	50	34
ENSMUSG00000039568	57	4	NA	NA
ENSMUSG00000039577	NA	NA	15	78
ENSMUSG00000039578	NA	NA	19	63
ENSMUSG00000039579	NA	NA	89	38
ENSMUSG00000039585	7	42	49	28
ENSMUSG00000039599	22	29	81	29
ENSMUSG00000039601	92	97	NA	NA
ENSMUSG00000039607	NA	NA	71	21
ENSMUSG00000039611	88	16	NA	NA
ENSMUSG00000039616	22	68	NA	NA
ENSMUSG00000039620	NA	NA	51	90
ENSMUSG00000039621	NA	NA	19	26
ENSMUSG00000039623	NA	NA	61	44
ENSMUSG00000039628	NA	NA	27	52
ENSMUSG00000039629	NA	NA	62	67
ENSMUSG00000039630	83	67	NA	NA
ENSMUSG00000039632	NA	NA	64	75
ENSMUSG00000039633	NA	NA	72	73
ENSMUSG00000039634	0	51	NA	NA
ENSMUSG00000039637	NA	NA	57	58
ENSMUSG00000039639	86	21	82	0
ENSMUSG00000039640	31	97	NA	NA
ENSMUSG00000039646	86	88	NA	NA
ENSMUSG00000039648	NA	NA	48	29
ENSMUSG00000039652	31	57	16	57
ENSMUSG00000039653	36	19	NA	NA
ENSMUSG00000039656	70	47	NA	NA
ENSMUSG00000039660	57	2	NA	NA
ENSMUSG00000039661	46	53	NA	NA
ENSMUSG00000039662	48	87	NA	NA
ENSMUSG00000039670	24	68	28	62
ENSMUSG00000039671	84	65	41	92
ENSMUSG00000039672	28	66	NA	NA
ENSMUSG00000039676	NA	NA	64	66
ENSMUSG00000039678	52	5	NA	NA
ENSMUSG00000039680	88	33	95	45
ENSMUSG00000039682	66	72	NA	NA
ENSMUSG00000039683	NA	NA	4	59
ENSMUSG00000039686	NA	NA	55	24
ENSMUSG00000039691	42	40	NA	NA
ENSMUSG00000039693	10	57	NA	NA
ENSMUSG00000039697	NA	NA	85	54
ENSMUSG00000039699	20	23	NA	NA
ENSMUSG00000039701	33	38	93	68
ENSMUSG00000039703	12	40	NA	NA
ENSMUSG00000039704	NA	NA	96	76
ENSMUSG00000039706	57	13	33	31
ENSMUSG00000039710	62	12	NA	NA
ENSMUSG00000039713	68	51	NA	NA
ENSMUSG00000039714	52	11	NA	NA
ENSMUSG00000039715	NA	NA	91	42
ENSMUSG00000039716	NA	NA	22	47
ENSMUSG00000039717	NA	NA	45	25
ENSMUSG00000039720	NA	NA	43	85
ENSMUSG00000039725	37	19	NA	NA
ENSMUSG00000039728	28	24	56	51
ENSMUSG00000039735	NA	NA	98	75
ENSMUSG00000039737	82	66	6	77
ENSMUSG00000039738	NA	NA	2	20
ENSMUSG00000039740	63	74	NA	NA
ENSMUSG00000039741	NA	NA	79	9
ENSMUSG00000039742	NA	NA	71	71
ENSMUSG00000039745	84	8	9	72
ENSMUSG00000039747	NA	NA	81	94
ENSMUSG00000039748	87	72	56	64
ENSMUSG00000039753	NA	NA	85	87
ENSMUSG00000039754	12	49	NA	NA
ENSMUSG00000039756	90	86	NA	NA
ENSMUSG00000039759	NA	NA	38	9
ENSMUSG00000039760	NA	NA	10	68
ENSMUSG00000039763	37	83	NA	NA
ENSMUSG00000039765	NA	NA	38	82
ENSMUSG00000039768	49	91	18	56
ENSMUSG00000039770	13	98	NA	NA
ENSMUSG00000039771	17	12	NA	NA
ENSMUSG00000039774	NA	NA	62	2
ENSMUSG00000039775	42	42	NA	NA
ENSMUSG00000039781	42	53	NA	NA
ENSMUSG00000039782	97	68	30	14
ENSMUSG00000039783	36	25	NA	NA
ENSMUSG00000039785	59	2	NA	NA
ENSMUSG00000039787	NA	NA	98	98
ENSMUSG00000039789	NA	NA	36	69
ENSMUSG00000039798	NA	NA	6	19
ENSMUSG00000039801	NA	NA	58	6
ENSMUSG00000039804	29	95	NA	NA
ENSMUSG00000039810	26	61	NA	NA
ENSMUSG00000039813	NA	NA	35	12
ENSMUSG00000039814	NA	NA	96	91
ENSMUSG00000039826	79	21	NA	NA
ENSMUSG00000039828	NA	NA	50	46
ENSMUSG00000039830	58	2	NA	NA
ENSMUSG00000039831	NA	NA	97	98
ENSMUSG00000039834	NA	NA	23	26
ENSMUSG00000039835	98	0	71	20
ENSMUSG00000039840	NA	NA	98	80
ENSMUSG00000039841	NA	NA	7	8
ENSMUSG00000039842	NA	NA	54	85
ENSMUSG00000039844	12	75	NA	NA
ENSMUSG00000039849	NA	NA	89	86
ENSMUSG00000039850	NA	NA	47	33
ENSMUSG00000039851	46	15	NA	NA
ENSMUSG00000039852	67	73	NA	NA
ENSMUSG00000039853	NA	NA	27	22
ENSMUSG00000039860	2	40	11	41
ENSMUSG00000039865	43	39	NA	NA
ENSMUSG00000039873	NA	NA	33	41
ENSMUSG00000039878	NA	NA	38	35
ENSMUSG00000039879	NA	NA	77	43
ENSMUSG00000039883	NA	NA	98	84
ENSMUSG00000039886	NA	NA	95	89
ENSMUSG00000039887	51	88	NA	NA
ENSMUSG00000039891	93	59	NA	NA
ENSMUSG00000039899	38	9	NA	NA
ENSMUSG00000039901	NA	NA	49	53
ENSMUSG00000039903	28	18	NA	NA
ENSMUSG00000039904	46	2	NA	NA
ENSMUSG00000039908	NA	NA	84	9
ENSMUSG00000039910	98	77	NA	NA
ENSMUSG00000039911	11	68	NA	NA
ENSMUSG00000039913	NA	NA	10	2
ENSMUSG00000039914	97	25	18	45
ENSMUSG00000039917	62	21	NA	NA
ENSMUSG00000039929	NA	NA	24	49
ENSMUSG00000039934	8	59	71	31
ENSMUSG00000039936	26	13	55	88
ENSMUSG00000039942	73	64	NA	NA
ENSMUSG00000039943	62	75	14	97
ENSMUSG00000039952	57	78	NA	NA
ENSMUSG00000039953	91	47	NA	NA
ENSMUSG00000039954	NA	NA	73	75
ENSMUSG00000039956	32	9	NA	NA
ENSMUSG00000039958	69	92	62	15
ENSMUSG00000039959	24	78	14	85
ENSMUSG00000039960	3	79	NA	NA
ENSMUSG00000039963	NA	NA	47	84
ENSMUSG00000039967	46	22	0	16
ENSMUSG00000039976	NA	NA	74	94
ENSMUSG00000039977	NA	NA	49	77
ENSMUSG00000039981	NA	NA	19	12
ENSMUSG00000039982	NA	NA	99	97
ENSMUSG00000039983	NA	NA	52	2
ENSMUSG00000039985	53	84	NA	NA
ENSMUSG00000039987	13	61	32	68
ENSMUSG00000039988	59	69	3	44
ENSMUSG00000039989	75	51	52	50
ENSMUSG00000039990	36	6	71	31
ENSMUSG00000039994	89	9	NA	NA
ENSMUSG00000039997	80	62	NA	NA
ENSMUSG00000040003	9	17	56	30
ENSMUSG00000040006	80	86	4	50
ENSMUSG00000040007	NA	NA	43	48
ENSMUSG00000040009	74	6	50	14
ENSMUSG00000040010	95	92	NA	NA
ENSMUSG00000040013	5	7	NA	NA
ENSMUSG00000040016	6	38	51	74
ENSMUSG00000040017	33	76	NA	NA
ENSMUSG00000040018	67	72	NA	NA
ENSMUSG00000040021	71	62	94	71
ENSMUSG00000040022	NA	NA	74	37
ENSMUSG00000040025	27	75	NA	NA
ENSMUSG00000040026	44	86	NA	NA
ENSMUSG00000040028	4	87	79	62
ENSMUSG00000040029	78	4	64	1
ENSMUSG00000040033	3	74	NA	NA
ENSMUSG00000040034	15	41	NA	NA
ENSMUSG00000040035	NA	NA	24	2
ENSMUSG00000040037	NA	NA	31	90
ENSMUSG00000040040	45	20	NA	NA
ENSMUSG00000040043	74	62	NA	NA
ENSMUSG00000040044	52	81	NA	NA
ENSMUSG00000040046	1	37	NA	NA
ENSMUSG00000040048	78	68	NA	NA
ENSMUSG00000040054	50	71	NA	NA
ENSMUSG00000040055	16	26	NA	NA
ENSMUSG00000040061	21	21	NA	NA
ENSMUSG00000040065	28	56	39	38
ENSMUSG00000040084	98	81	99	85
ENSMUSG00000040086	NA	NA	9	72
ENSMUSG00000040093	21	32	68	20
ENSMUSG00000040097	67	83	NA	NA
ENSMUSG00000040102	87	75	NA	NA
ENSMUSG00000040105	NA	NA	44	83
ENSMUSG00000040111	NA	NA	5	38
ENSMUSG00000040112	57	85	NA	NA
ENSMUSG00000040113	NA	NA	30	8
ENSMUSG00000040118	88	71	78	92
ENSMUSG00000040123	69	6	56	68
ENSMUSG00000040124	NA	NA	85	99
ENSMUSG00000040125	NA	NA	12	18
ENSMUSG00000040127	NA	NA	25	23
ENSMUSG00000040128	40	88	NA	NA
ENSMUSG00000040132	12	45	NA	NA
ENSMUSG00000040133	NA	NA	77	94
ENSMUSG00000040134	60	36	NA	NA
ENSMUSG00000040136	56	15	95	13
ENSMUSG00000040138	30	28	NA	NA
ENSMUSG00000040139	NA	NA	0	16
ENSMUSG00000040146	66	44	NA	NA
ENSMUSG00000040147	NA	NA	55	38
ENSMUSG00000040148	32	2	NA	NA
ENSMUSG00000040151	62	52	17	32
ENSMUSG00000040152	81	99	NA	NA
ENSMUSG00000040154	61	45	NA	NA
ENSMUSG00000040163	NA	NA	0	42
ENSMUSG00000040164	70	55	NA	NA
ENSMUSG00000040165	71	51	NA	NA
ENSMUSG00000040167	NA	NA	60	50
ENSMUSG00000040170	12	39	65	85
ENSMUSG00000040174	NA	NA	82	3
ENSMUSG00000040177	NA	NA	98	91
ENSMUSG00000040181	59	99	NA	NA
ENSMUSG00000040183	56	83	87	85
ENSMUSG00000040187	38	2	69	85
ENSMUSG00000040188	65	53	NA	NA
ENSMUSG00000040189	5	66	NA	NA
ENSMUSG00000040195	NA	NA	49	29
ENSMUSG00000040197	26	61	NA	NA
ENSMUSG00000040204	44	71	NA	NA
ENSMUSG00000040205	6	27	NA	NA
ENSMUSG00000040209	51	24	NA	NA
ENSMUSG00000040212	98	63	NA	NA
ENSMUSG00000040213	82	81	NA	NA
ENSMUSG00000040219	NA	NA	31	94
ENSMUSG00000040220	69	27	NA	NA
ENSMUSG00000040225	NA	NA	85	85
ENSMUSG00000040229	36	23	NA	NA
ENSMUSG00000040231	6	1	NA	NA
ENSMUSG00000040234	81	92	NA	NA
ENSMUSG00000040236	39	84	NA	NA
ENSMUSG00000040242	32	89	NA	NA
ENSMUSG00000040247	NA	NA	88	6
ENSMUSG00000040249	90	93	15	71
ENSMUSG00000040250	40	27	53	2
ENSMUSG00000040253	20	25	NA	NA
ENSMUSG00000040254	NA	NA	96	43
ENSMUSG00000040258	NA	NA	13	44
ENSMUSG00000040260	NA	NA	98	53
ENSMUSG00000040263	27	90	NA	NA
ENSMUSG00000040264	27	47	NA	NA
ENSMUSG00000040265	39	44	86	28
ENSMUSG00000040268	82	79	21	19
ENSMUSG00000040269	68	83	NA	NA
ENSMUSG00000040270	15	56	32	84
ENSMUSG00000040272	NA	NA	85	10
ENSMUSG00000040274	37	16	90	96
ENSMUSG00000040276	22	81	NA	NA
ENSMUSG00000040280	NA	NA	82	9
ENSMUSG00000040282	NA	NA	60	72
ENSMUSG00000040283	NA	NA	1	46
ENSMUSG00000040284	2	13	NA	NA
ENSMUSG00000040287	NA	NA	55	25
ENSMUSG00000040289	96	90	NA	NA
ENSMUSG00000040296	NA	NA	76	60
ENSMUSG00000040297	40	3	92	50
ENSMUSG00000040302	NA	NA	75	88
ENSMUSG00000040310	53	68	NA	NA
ENSMUSG00000040312	NA	NA	81	49
ENSMUSG00000040314	67	73	NA	NA
ENSMUSG00000040321	NA	NA	96	86
ENSMUSG00000040322	85	84	99	77
ENSMUSG00000040325	38	25	NA	NA
ENSMUSG00000040327	44	62	74	14
ENSMUSG00000040329	21	86	NA	NA
ENSMUSG00000040331	76	82	NA	NA
ENSMUSG00000040339	NA	NA	97	98
ENSMUSG00000040340	NA	NA	63	86
ENSMUSG00000040345	21	3	NA	NA
ENSMUSG00000040350	40	26	86	71
ENSMUSG00000040351	67	72	39	24
ENSMUSG00000040354	NA	NA	92	98
ENSMUSG00000040356	34	46	NA	NA
ENSMUSG00000040359	NA	NA	27	94
ENSMUSG00000040363	NA	NA	11	38
ENSMUSG00000040364	6	5	1	15
ENSMUSG00000040365	78	81	NA	NA
ENSMUSG00000040370	7	97	NA	NA
ENSMUSG00000040372	41	13	68	35
ENSMUSG00000040373	2	21	NA	NA
ENSMUSG00000040374	71	96	NA	NA
ENSMUSG00000040380	40	32	3	57
ENSMUSG00000040383	48	50	NA	NA
ENSMUSG00000040385	27	90	NA	NA
ENSMUSG00000040387	NA	NA	61	21
ENSMUSG00000040389	NA	NA	21	6
ENSMUSG00000040390	NA	NA	20	34
ENSMUSG00000040396	NA	NA	84	70
ENSMUSG00000040405	8	42	33	53
ENSMUSG00000040407	43	17	91	90
ENSMUSG00000040410	NA	NA	78	98
ENSMUSG00000040412	57	69	32	67
ENSMUSG00000040413	20	6	NA	NA
ENSMUSG00000040414	18	63	NA	NA
ENSMUSG00000040415	73	55	NA	NA
ENSMUSG00000040423	NA	NA	86	75
ENSMUSG00000040428	22	39	NA	NA
ENSMUSG00000040430	65	74	NA	NA
ENSMUSG00000040432	33	33	NA	NA
ENSMUSG00000040433	NA	NA	64	70
ENSMUSG00000040434	NA	NA	54	36
ENSMUSG00000040435	99	60	NA	NA
ENSMUSG00000040446	72	6	14	7
ENSMUSG00000040447	1	48	NA	NA
ENSMUSG00000040451	78	17	3	52
ENSMUSG00000040455	81	10	NA	NA
ENSMUSG00000040456	53	19	NA	NA
ENSMUSG00000040459	27	24	NA	NA
ENSMUSG00000040462	28	89	NA	NA
ENSMUSG00000040463	76	96	NA	NA
ENSMUSG00000040464	NA	NA	23	17
ENSMUSG00000040466	67	68	NA	NA
ENSMUSG00000040467	NA	NA	11	87
ENSMUSG00000040471	NA	NA	10	15
ENSMUSG00000040472	75	9	NA	NA
ENSMUSG00000040473	NA	NA	49	84
ENSMUSG00000040479	13	98	NA	NA
ENSMUSG00000040481	76	12	NA	NA
ENSMUSG00000040482	16	52	NA	NA
ENSMUSG00000040483	NA	NA	61	35
ENSMUSG00000040485	NA	NA	43	45
ENSMUSG00000040488	65	56	NA	NA
ENSMUSG00000040489	NA	NA	26	52
ENSMUSG00000040490	NA	NA	9	44
ENSMUSG00000040495	49	56	NA	NA
ENSMUSG00000040498	NA	NA	78	72
ENSMUSG00000040502	64	41	45	24
ENSMUSG00000040505	63	36	NA	NA
ENSMUSG00000040506	62	44	13	72
ENSMUSG00000040511	89	36	45	38
ENSMUSG00000040514	NA	NA	50	6
ENSMUSG00000040520	NA	NA	92	95
ENSMUSG00000040521	NA	NA	39	59
ENSMUSG00000040522	39	3	NA	NA
ENSMUSG00000040525	40	63	NA	NA
ENSMUSG00000040528	NA	NA	52	2
ENSMUSG00000040532	NA	NA	80	84
ENSMUSG00000040533	8	50	NA	NA
ENSMUSG00000040536	NA	NA	15	4
ENSMUSG00000040537	30	47	71	29
ENSMUSG00000040541	NA	NA	26	18
ENSMUSG00000040543	NA	NA	65	65
ENSMUSG00000040548	89	29	NA	NA
ENSMUSG00000040549	89	65	1	63
ENSMUSG00000040550	73	4	NA	NA
ENSMUSG00000040552	22	46	59	44
ENSMUSG00000040554	59	18	NA	NA
ENSMUSG00000040557	41	90	NA	NA
ENSMUSG00000040560	NA	NA	57	50
ENSMUSG00000040563	59	73	NA	NA
ENSMUSG00000040564	43	30	NA	NA
ENSMUSG00000040565	NA	NA	70	51
ENSMUSG00000040569	15	82	70	24
ENSMUSG00000040570	NA	NA	44	39
ENSMUSG00000040576	NA	NA	22	9
ENSMUSG00000040583	33	35	NA	NA
ENSMUSG00000040584	12	71	NA	NA
ENSMUSG00000040586	44	56	NA	NA
ENSMUSG00000040591	16	68	NA	NA
ENSMUSG00000040592	45	53	NA	NA
ENSMUSG00000040594	14	21	19	11
ENSMUSG00000040596	NA	NA	13	8
ENSMUSG00000040599	74	47	NA	NA
ENSMUSG00000040600	32	77	NA	NA
ENSMUSG00000040601	NA	NA	55	53
ENSMUSG00000040605	92	60	22	39
ENSMUSG00000040606	15	76	92	36
ENSMUSG00000040610	66	49	NA	NA
ENSMUSG00000040612	NA	NA	54	5
ENSMUSG00000040613	10	1	NA	NA
ENSMUSG00000040614	NA	NA	73	27
ENSMUSG00000040616	37	0	NA	NA
ENSMUSG00000040618	95	87	NA	NA
ENSMUSG00000040620	NA	NA	76	32
ENSMUSG00000040624	NA	NA	86	7
ENSMUSG00000040627	0	24	NA	NA
ENSMUSG00000040629	NA	NA	40	13
ENSMUSG00000040631	61	58	NA	NA
ENSMUSG00000040632	58	21	NA	NA
ENSMUSG00000040640	NA	NA	45	53
ENSMUSG00000040648	NA	NA	57	22
ENSMUSG00000040649	9	18	NA	NA
ENSMUSG00000040651	NA	NA	62	73
ENSMUSG00000040653	61	34	NA	NA
ENSMUSG00000040657	NA	NA	24	74
ENSMUSG00000040658	81	96	NA	NA
ENSMUSG00000040659	90	17	79	80
ENSMUSG00000040660	52	64	NA	NA
ENSMUSG00000040661	24	13	43	53
ENSMUSG00000040663	14	68	NA	NA
ENSMUSG00000040666	58	47	NA	NA
ENSMUSG00000040667	31	11	NA	NA
ENSMUSG00000040669	77	76	NA	NA
ENSMUSG00000040675	NA	NA	83	87
ENSMUSG00000040681	22	8	NA	NA
ENSMUSG00000040687	21	26	10	57
ENSMUSG00000040688	70	95	80	94
ENSMUSG00000040690	24	55	NA	NA
ENSMUSG00000040693	NA	NA	46	40
ENSMUSG00000040694	82	99	NA	NA
ENSMUSG00000040697	NA	NA	32	27
ENSMUSG00000040699	92	95	NA	NA
ENSMUSG00000040701	49	1	NA	NA
ENSMUSG00000040703	63	17	NA	NA
ENSMUSG00000040705	NA	NA	18	39
ENSMUSG00000040706	70	28	NA	NA
ENSMUSG00000040710	19	11	52	46
ENSMUSG00000040711	NA	NA	95	81
ENSMUSG00000040712	8	2	NA	NA
ENSMUSG00000040713	58	99	NA	NA
ENSMUSG00000040714	4	53	NA	NA
ENSMUSG00000040717	42	10	93	35
ENSMUSG00000040720	85	12	NA	NA
ENSMUSG00000040721	NA	NA	23	6
ENSMUSG00000040722	32	20	NA	NA
ENSMUSG00000040723	14	59	22	76
ENSMUSG00000040724	5	24	59	78
ENSMUSG00000040725	67	0	NA	NA
ENSMUSG00000040726	49	52	NA	NA
ENSMUSG00000040728	31	72	NA	NA
ENSMUSG00000040729	NA	NA	50	12
ENSMUSG00000040731	14	80	41	61
ENSMUSG00000040732	7	75	19	73
ENSMUSG00000040734	NA	NA	87	77
ENSMUSG00000040738	74	83	2	39
ENSMUSG00000040746	21	60	NA	NA
ENSMUSG00000040747	58	16	NA	NA
ENSMUSG00000040751	45	53	90	82
ENSMUSG00000040752	53	29	NA	NA
ENSMUSG00000040759	NA	NA	9	45
ENSMUSG00000040760	76	31	61	8
ENSMUSG00000040761	41	41	NA	NA
ENSMUSG00000040767	41	93	NA	NA
ENSMUSG00000040770	8	30	NA	NA
ENSMUSG00000040771	38	74	NA	NA
ENSMUSG00000040774	29	13	NA	NA
ENSMUSG00000040782	NA	NA	24	74
ENSMUSG00000040785	86	21	14	53
ENSMUSG00000040794	82	23	NA	NA
ENSMUSG00000040795	83	53	NA	NA
ENSMUSG00000040797	NA	NA	36	59
ENSMUSG00000040808	66	35	NA	NA
ENSMUSG00000040809	39	34	NA	NA
ENSMUSG00000040811	NA	NA	41	9
ENSMUSG00000040813	82	41	NA	NA
ENSMUSG00000040818	12	40	NA	NA
ENSMUSG00000040820	59	20	NA	NA
ENSMUSG00000040822	64	86	NA	NA
ENSMUSG00000040828	NA	NA	11	21
ENSMUSG00000040829	NA	NA	13	37
ENSMUSG00000040836	NA	NA	98	95
ENSMUSG00000040840	NA	NA	63	43
ENSMUSG00000040841	66	61	NA	NA
ENSMUSG00000040842	NA	NA	84	39
ENSMUSG00000040843	33	87	NA	NA
ENSMUSG00000040848	98	92	17	33
ENSMUSG00000040850	88	49	2	14
ENSMUSG00000040852	8	32	79	70
ENSMUSG00000040855	NA	NA	42	24
ENSMUSG00000040856	21	31	14	30
ENSMUSG00000040857	57	69	NA	NA
ENSMUSG00000040859	74	73	NA	NA
ENSMUSG00000040860	23	33	NA	NA
ENSMUSG00000040865	NA	NA	88	22
ENSMUSG00000040866	23	9	NA	NA
ENSMUSG00000040875	33	32	NA	NA
ENSMUSG00000040877	NA	NA	5	38
ENSMUSG00000040883	45	53	NA	NA
ENSMUSG00000040888	68	82	NA	NA
ENSMUSG00000040891	43	71	NA	NA
ENSMUSG00000040896	25	29	15	69
ENSMUSG00000040899	51	5	NA	NA
ENSMUSG00000040907	15	22	NA	NA
ENSMUSG00000040913	69	43	NA	NA
ENSMUSG00000040918	75	77	37	82
ENSMUSG00000040919	NA	NA	80	18
ENSMUSG00000040928	93	58	69	66
ENSMUSG00000040929	23	61	53	24
ENSMUSG00000040935	NA	NA	9	77
ENSMUSG00000040936	NA	NA	7	3
ENSMUSG00000040938	19	57	NA	NA
ENSMUSG00000040940	76	15	8	38
ENSMUSG00000040943	NA	NA	85	55
ENSMUSG00000040945	20	97	NA	NA
ENSMUSG00000040950	58	19	NA	NA
ENSMUSG00000040957	85	96	79	39
ENSMUSG00000040963	42	13	NA	NA
ENSMUSG00000040964	20	50	NA	NA
ENSMUSG00000040966	41	24	NA	NA
ENSMUSG00000040969	NA	NA	38	39
ENSMUSG00000040972	NA	NA	15	72
ENSMUSG00000040978	NA	NA	47	69
ENSMUSG00000040985	NA	NA	88	49
ENSMUSG00000040990	96	78	44	4
ENSMUSG00000040997	1	70	NA	NA
ENSMUSG00000040998	98	70	NA	NA
ENSMUSG00000041000	72	69	NA	NA
ENSMUSG00000041009	NA	NA	71	32
ENSMUSG00000041012	71	8	NA	NA
ENSMUSG00000041014	65	70	NA	NA
ENSMUSG00000041020	NA	NA	78	12
ENSMUSG00000041025	23	10	36	46
ENSMUSG00000041028	98	90	NA	NA
ENSMUSG00000041035	22	74	NA	NA
ENSMUSG00000041037	NA	NA	11	11
ENSMUSG00000041040	82	18	NA	NA
ENSMUSG00000041044	NA	NA	74	30
ENSMUSG00000041046	67	9	NA	NA
ENSMUSG00000041052	0	41	NA	NA
ENSMUSG00000041057	88	14	NA	NA
ENSMUSG00000041058	28	74	NA	NA
ENSMUSG00000041064	NA	NA	94	36
ENSMUSG00000041073	NA	NA	13	52
ENSMUSG00000041075	60	84	NA	NA
ENSMUSG00000041078	0	45	27	24
ENSMUSG00000041079	15	61	NA	NA
ENSMUSG00000041084	NA	NA	87	76
ENSMUSG00000041096	NA	NA	30	92
ENSMUSG00000041112	29	8	19	22
ENSMUSG00000041115	NA	NA	71	13
ENSMUSG00000041117	NA	NA	96	79
ENSMUSG00000041119	36	44	NA	NA
ENSMUSG00000041120	61	76	NA	NA
ENSMUSG00000041124	56	24	NA	NA
ENSMUSG00000041126	84	88	90	98
ENSMUSG00000041130	59	70	NA	NA
ENSMUSG00000041132	15	70	69	5
ENSMUSG00000041133	71	87	NA	NA
ENSMUSG00000041134	50	15	47	50
ENSMUSG00000041135	27	66	NA	NA
ENSMUSG00000041138	NA	NA	43	46
ENSMUSG00000041141	NA	NA	39	8
ENSMUSG00000041143	30	20	NA	NA
ENSMUSG00000041147	60	61	NA	NA
ENSMUSG00000041153	99	71	1	75
ENSMUSG00000041161	NA	NA	19	36
ENSMUSG00000041164	48	89	NA	NA
ENSMUSG00000041168	98	32	NA	NA
ENSMUSG00000041180	NA	NA	4	2
ENSMUSG00000041187	61	57	NA	NA
ENSMUSG00000041189	73	98	NA	NA
ENSMUSG00000041193	3	24	NA	NA
ENSMUSG00000041199	4	28	NA	NA
ENSMUSG00000041202	15	56	NA	NA
ENSMUSG00000041203	75	15	NA	NA
ENSMUSG00000041205	NA	NA	77	40
ENSMUSG00000041215	NA	NA	52	78
ENSMUSG00000041216	63	9	52	58
ENSMUSG00000041219	NA	NA	95	1
ENSMUSG00000041220	98	83	NA	NA
ENSMUSG00000041225	82	22	70	52
ENSMUSG00000041229	29	59	20	62
ENSMUSG00000041235	23	68	14	54
ENSMUSG00000041236	64	52	NA	NA
ENSMUSG00000041237	23	11	NA	NA
ENSMUSG00000041238	89	7	77	67
ENSMUSG00000041241	73	94	NA	NA
ENSMUSG00000041245	NA	NA	2	86
ENSMUSG00000041248	54	46	NA	NA
ENSMUSG00000041255	NA	NA	64	50
ENSMUSG00000041258	NA	NA	37	5
ENSMUSG00000041261	29	98	NA	NA
ENSMUSG00000041263	53	2	NA	NA
ENSMUSG00000041264	NA	NA	66	80
ENSMUSG00000041268	NA	NA	55	19
ENSMUSG00000041272	50	14	25	83
ENSMUSG00000041278	80	16	NA	NA
ENSMUSG00000041287	2	9	NA	NA
ENSMUSG00000041293	34	1	NA	NA
ENSMUSG00000041297	NA	NA	95	79
ENSMUSG00000041298	NA	NA	82	94
ENSMUSG00000041301	2	32	NA	NA
ENSMUSG00000041303	NA	NA	56	79
ENSMUSG00000041308	55	83	40	98
ENSMUSG00000041309	54	34	NA	NA
ENSMUSG00000041313	59	31	98	96
ENSMUSG00000041319	35	54	NA	NA
ENSMUSG00000041323	NA	NA	77	23
ENSMUSG00000041324	26	45	NA	NA
ENSMUSG00000041328	48	34	61	19
ENSMUSG00000041329	72	15	NA	NA
ENSMUSG00000041333	47	46	NA	NA
ENSMUSG00000041341	53	51	81	89
ENSMUSG00000041343	NA	NA	85	13
ENSMUSG00000041346	19	64	NA	NA
ENSMUSG00000041347	41	85	NA	NA
ENSMUSG00000041351	47	15	NA	NA
ENSMUSG00000041353	NA	NA	64	7
ENSMUSG00000041354	85	36	NA	NA
ENSMUSG00000041355	6	54	NA	NA
ENSMUSG00000041358	NA	NA	80	26
ENSMUSG00000041359	44	54	NA	NA
ENSMUSG00000041360	88	52	0	32
ENSMUSG00000041361	90	41	NA	NA
ENSMUSG00000041362	NA	NA	18	70
ENSMUSG00000041375	62	39	NA	NA
ENSMUSG00000041377	22	1	NA	NA
ENSMUSG00000041378	19	54	NA	NA
ENSMUSG00000041380	19	8	49	45
ENSMUSG00000041390	81	85	NA	NA
ENSMUSG00000041396	64	72	NA	NA
ENSMUSG00000041399	NA	NA	77	62
ENSMUSG00000041406	NA	NA	85	48
ENSMUSG00000041408	NA	NA	81	62
ENSMUSG00000041415	16	45	NA	NA
ENSMUSG00000041417	10	16	98	99
ENSMUSG00000041420	18	60	NA	NA
ENSMUSG00000041426	72	84	NA	NA
ENSMUSG00000041429	10	52	NA	NA
ENSMUSG00000041431	99	94	NA	NA
ENSMUSG00000041438	83	79	NA	NA
ENSMUSG00000041439	37	51	NA	NA
ENSMUSG00000041440	NA	NA	65	60
ENSMUSG00000041444	NA	NA	63	19
ENSMUSG00000041445	NA	NA	55	84
ENSMUSG00000041453	62	26	NA	NA
ENSMUSG00000041459	90	87	83	55
ENSMUSG00000041460	NA	NA	39	51
ENSMUSG00000041468	40	24	51	55
ENSMUSG00000041471	NA	NA	7	45
ENSMUSG00000041476	96	17	NA	NA
ENSMUSG00000041477	NA	NA	19	65
ENSMUSG00000041482	NA	NA	41	14
ENSMUSG00000041483	83	46	NA	NA
ENSMUSG00000041488	60	36	28	92
ENSMUSG00000041491	NA	NA	60	83
ENSMUSG00000041498	NA	NA	47	10
ENSMUSG00000041506	78	88	NA	NA
ENSMUSG00000041512	NA	NA	79	68
ENSMUSG00000041515	77	53	NA	NA
ENSMUSG00000041523	9	13	NA	NA
ENSMUSG00000041528	90	55	NA	NA
ENSMUSG00000041530	NA	NA	94	53
ENSMUSG00000041534	69	50	NA	NA
ENSMUSG00000041536	66	38	NA	NA
ENSMUSG00000041538	48	39	56	72
ENSMUSG00000041540	40	16	9	58
ENSMUSG00000041544	NA	NA	43	54
ENSMUSG00000041548	30	51	NA	NA
ENSMUSG00000041550	47	56	NA	NA
ENSMUSG00000041556	35	83	NA	NA
ENSMUSG00000041559	96	99	NA	NA
ENSMUSG00000041560	78	73	NA	NA
ENSMUSG00000041566	62	60	NA	NA
ENSMUSG00000041567	41	23	NA	NA
ENSMUSG00000041570	NA	NA	87	56
ENSMUSG00000041571	0	96	NA	NA
ENSMUSG00000041577	96	99	NA	NA
ENSMUSG00000041578	41	6	NA	NA
ENSMUSG00000041583	NA	NA	16	80
ENSMUSG00000041592	NA	NA	2	7
ENSMUSG00000041594	0	22	NA	NA
ENSMUSG00000041596	NA	NA	54	69
ENSMUSG00000041598	74	64	NA	NA
ENSMUSG00000041605	48	52	76	93
ENSMUSG00000041607	19	37	NA	NA
ENSMUSG00000041608	NA	NA	65	90
ENSMUSG00000041609	8	78	NA	NA
ENSMUSG00000041616	2	41	NA	NA
ENSMUSG00000041617	NA	NA	53	0
ENSMUSG00000041620	40	18	NA	NA
ENSMUSG00000041623	NA	NA	9	79
ENSMUSG00000041624	NA	NA	46	3
ENSMUSG00000041625	55	62	NA	NA
ENSMUSG00000041629	31	86	NA	NA
ENSMUSG00000041632	NA	NA	49	94
ENSMUSG00000041633	NA	NA	53	72
ENSMUSG00000041638	NA	NA	16	60
ENSMUSG00000041642	19	51	42	56
ENSMUSG00000041644	NA	NA	7	33
ENSMUSG00000041645	80	67	80	31
ENSMUSG00000041650	79	42	NA	NA
ENSMUSG00000041654	23	83	NA	NA
ENSMUSG00000041660	62	27	76	20
ENSMUSG00000041669	40	25	NA	NA
ENSMUSG00000041670	NA	NA	81	76
ENSMUSG00000041671	68	16	NA	NA
ENSMUSG00000041673	29	50	NA	NA
ENSMUSG00000041674	1	49	14	11
ENSMUSG00000041681	15	58	NA	NA
ENSMUSG00000041684	NA	NA	91	86
ENSMUSG00000041685	NA	NA	56	16
ENSMUSG00000041688	96	96	NA	NA
ENSMUSG00000041695	23	14	NA	NA
ENSMUSG00000041696	85	85	NA	NA
ENSMUSG00000041697	76	5	NA	NA
ENSMUSG00000041698	44	23	NA	NA
ENSMUSG00000041702	NA	NA	89	84
ENSMUSG00000041703	NA	NA	13	51
ENSMUSG00000041707	NA	NA	56	18
ENSMUSG00000041708	NA	NA	13	56
ENSMUSG00000041710	33	11	86	58
ENSMUSG00000041712	53	36	NA	NA
ENSMUSG00000041718	38	29	NA	NA
ENSMUSG00000041720	87	39	NA	NA
ENSMUSG00000041729	89	37	NA	NA
ENSMUSG00000041730	NA	NA	11	18
ENSMUSG00000041731	NA	NA	93	29
ENSMUSG00000041733	61	79	NA	NA
ENSMUSG00000041734	12	53	97	90
ENSMUSG00000041736	61	11	NA	NA
ENSMUSG00000041737	33	40	NA	NA
ENSMUSG00000041740	31	40	56	62
ENSMUSG00000041741	30	32	NA	NA
ENSMUSG00000041747	NA	NA	8	37
ENSMUSG00000041750	7	9	NA	NA
ENSMUSG00000041754	65	18	NA	NA
ENSMUSG00000041757	38	45	NA	NA
ENSMUSG00000041762	73	67	NA	NA
ENSMUSG00000041763	44	39	NA	NA
ENSMUSG00000041765	14	29	NA	NA
ENSMUSG00000041769	31	55	NA	NA
ENSMUSG00000041771	NA	NA	85	64
ENSMUSG00000041773	88	98	NA	NA
ENSMUSG00000041774	NA	NA	84	8
ENSMUSG00000041775	NA	NA	71	72
ENSMUSG00000041779	29	10	60	88
ENSMUSG00000041781	46	20	52	28
ENSMUSG00000041782	51	79	NA	NA
ENSMUSG00000041789	NA	NA	15	81
ENSMUSG00000041791	24	50	NA	NA
ENSMUSG00000041794	NA	NA	58	16
ENSMUSG00000041797	NA	NA	45	46
ENSMUSG00000041798	15	4	NA	NA
ENSMUSG00000041801	79	94	NA	NA
ENSMUSG00000041805	19	55	NA	NA
ENSMUSG00000041809	NA	NA	0	66
ENSMUSG00000041815	54	86	59	69
ENSMUSG00000041817	74	2	NA	NA
ENSMUSG00000041827	34	49	NA	NA
ENSMUSG00000041828	30	34	NA	NA
ENSMUSG00000041831	20	37	52	42
ENSMUSG00000041836	4	2	NA	NA
ENSMUSG00000041837	84	71	NA	NA
ENSMUSG00000041840	54	92	NA	NA
ENSMUSG00000041841	57	21	NA	NA
ENSMUSG00000041842	75	90	NA	NA
ENSMUSG00000041845	92	93	NA	NA
ENSMUSG00000041846	65	70	43	30
ENSMUSG00000041849	NA	NA	93	26
ENSMUSG00000041852	85	56	NA	NA
ENSMUSG00000041857	18	8	NA	NA
ENSMUSG00000041859	88	78	NA	NA
ENSMUSG00000041870	22	35	NA	NA
ENSMUSG00000041872	NA	NA	27	44
ENSMUSG00000041878	NA	NA	68	62
ENSMUSG00000041879	39	9	82	22
ENSMUSG00000041881	33	90	NA	NA
ENSMUSG00000041886	NA	NA	56	0
ENSMUSG00000041889	NA	NA	80	91
ENSMUSG00000041890	30	22	86	15
ENSMUSG00000041891	88	89	47	52
ENSMUSG00000041895	90	29	94	11
ENSMUSG00000041907	25	40	67	39
ENSMUSG00000041911	29	60	NA	NA
ENSMUSG00000041912	NA	NA	27	17
ENSMUSG00000041915	9	16	17	37
ENSMUSG00000041920	96	81	NA	NA
ENSMUSG00000041921	0	47	NA	NA
ENSMUSG00000041923	NA	NA	37	65
ENSMUSG00000041926	26	8	NA	NA
ENSMUSG00000041935	19	84	NA	NA
ENSMUSG00000041936	76	12	90	5
ENSMUSG00000041939	94	42	NA	NA
ENSMUSG00000041945	NA	NA	35	44
ENSMUSG00000041949	NA	NA	32	94
ENSMUSG00000041954	24	42	NA	NA
ENSMUSG00000041957	95	58	NA	NA
ENSMUSG00000041958	40	79	NA	NA
ENSMUSG00000041959	99	88	NA	NA
ENSMUSG00000041961	NA	NA	74	96
ENSMUSG00000041966	NA	NA	81	40
ENSMUSG00000041974	91	45	NA	NA
ENSMUSG00000041975	31	13	NA	NA
ENSMUSG00000041977	NA	NA	40	32
ENSMUSG00000041984	7	63	NA	NA
ENSMUSG00000041986	NA	NA	30	89
ENSMUSG00000041991	12	33	NA	NA
ENSMUSG00000041992	NA	NA	15	68
ENSMUSG00000041995	54	24	NA	NA
ENSMUSG00000041997	NA	NA	88	47
ENSMUSG00000042002	31	31	NA	NA
ENSMUSG00000042010	86	58	NA	NA
ENSMUSG00000042015	NA	NA	26	48
ENSMUSG00000042029	81	35	NA	NA
ENSMUSG00000042031	NA	NA	65	38
ENSMUSG00000042032	51	77	NA	NA
ENSMUSG00000042035	NA	NA	99	99
ENSMUSG00000042041	5	12	NA	NA
ENSMUSG00000042042	5	51	NA	NA
ENSMUSG00000042043	27	97	NA	NA
ENSMUSG00000042045	48	63	NA	NA
ENSMUSG00000042046	59	74	NA	NA
ENSMUSG00000042050	NA	NA	26	47
ENSMUSG00000042055	NA	NA	18	23
ENSMUSG00000042063	79	53	NA	NA
ENSMUSG00000042064	NA	NA	78	69
ENSMUSG00000042066	41	25	NA	NA
ENSMUSG00000042073	79	29	NA	NA
ENSMUSG00000042078	56	1	NA	NA
ENSMUSG00000042082	NA	NA	99	98
ENSMUSG00000042087	NA	NA	50	86
ENSMUSG00000042092	NA	NA	77	12
ENSMUSG00000042096	4	4	NA	NA
ENSMUSG00000042097	54	27	NA	NA
ENSMUSG00000042099	34	34	NA	NA
ENSMUSG00000042102	12	5	NA	NA
ENSMUSG00000042104	54	31	NA	NA
ENSMUSG00000042105	NA	NA	92	78
ENSMUSG00000042106	NA	NA	47	82
ENSMUSG00000042109	88	61	NA	NA
ENSMUSG00000042115	38	97	NA	NA
ENSMUSG00000042116	39	30	NA	NA
ENSMUSG00000042118	21	67	NA	NA
ENSMUSG00000042121	NA	NA	38	17
ENSMUSG00000042124	59	1	NA	NA
ENSMUSG00000042129	NA	NA	42	13
ENSMUSG00000042133	55	3	78	35
ENSMUSG00000042138	63	24	NA	NA
ENSMUSG00000042148	NA	NA	85	92
ENSMUSG00000042155	NA	NA	86	84
ENSMUSG00000042156	43	59	NA	NA
ENSMUSG00000042157	55	12	NA	NA
ENSMUSG00000042167	10	18	NA	NA
ENSMUSG00000042178	69	83	NA	NA
ENSMUSG00000042179	24	37	NA	NA
ENSMUSG00000042182	NA	NA	71	94
ENSMUSG00000042184	NA	NA	7	54
ENSMUSG00000042185	NA	NA	90	26
ENSMUSG00000042189	NA	NA	83	65
ENSMUSG00000042190	15	77	91	10
ENSMUSG00000042195	NA	NA	43	77
ENSMUSG00000042197	28	70	57	18
ENSMUSG00000042198	82	82	61	46
ENSMUSG00000042200	28	52	NA	NA
ENSMUSG00000042202	NA	NA	97	94
ENSMUSG00000042203	NA	NA	58	0
ENSMUSG00000042207	59	81	0	16
ENSMUSG00000042208	NA	NA	28	58
ENSMUSG00000042210	18	36	10	90
ENSMUSG00000042211	30	77	NA	NA
ENSMUSG00000042212	30	32	NA	NA
ENSMUSG00000042213	NA	NA	81	96
ENSMUSG00000042215	43	55	NA	NA
ENSMUSG00000042216	NA	NA	67	3
ENSMUSG00000042225	64	29	18	79
ENSMUSG00000042228	76	60	NA	NA
ENSMUSG00000042229	40	16	75	64
ENSMUSG00000042240	50	12	NA	NA
ENSMUSG00000042246	NA	NA	57	60
ENSMUSG00000042248	29	51	NA	NA
ENSMUSG00000042249	NA	NA	33	31
ENSMUSG00000042251	19	54	NA	NA
ENSMUSG00000042254	NA	NA	90	99
ENSMUSG00000042256	NA	NA	75	26
ENSMUSG00000042258	38	44	NA	NA
ENSMUSG00000042262	66	61	NA	NA
ENSMUSG00000042265	72	18	2	31
ENSMUSG00000042271	NA	NA	65	33
ENSMUSG00000042272	NA	NA	72	27
ENSMUSG00000042279	34	48	NA	NA
ENSMUSG00000042284	NA	NA	48	37
ENSMUSG00000042286	46	14	NA	NA
ENSMUSG00000042292	92	12	NA	NA
ENSMUSG00000042293	63	43	NA	NA
ENSMUSG00000042298	78	56	90	81
ENSMUSG00000042302	90	78	NA	NA
ENSMUSG00000042303	7	54	NA	NA
ENSMUSG00000042305	21	67	NA	NA
ENSMUSG00000042306	1	51	NA	NA
ENSMUSG00000042308	18	43	NA	NA
ENSMUSG00000042312	95	97	NA	NA
ENSMUSG00000042320	NA	NA	79	27
ENSMUSG00000042323	64	66	NA	NA
ENSMUSG00000042328	67	33	NA	NA
ENSMUSG00000042331	95	89	94	80
ENSMUSG00000042333	3	2	NA	NA
ENSMUSG00000042340	36	28	NA	NA
ENSMUSG00000042345	NA	NA	77	72
ENSMUSG00000042348	NA	NA	92	62
ENSMUSG00000042349	51	78	NA	NA
ENSMUSG00000042350	NA	NA	94	92
ENSMUSG00000042351	58	44	NA	NA
ENSMUSG00000042354	69	14	NA	NA
ENSMUSG00000042357	25	71	NA	NA
ENSMUSG00000042359	64	39	77	0
ENSMUSG00000042360	15	8	NA	NA
ENSMUSG00000042363	47	77	NA	NA
ENSMUSG00000042364	32	79	NA	NA
ENSMUSG00000042367	8	96	NA	NA
ENSMUSG00000042369	NA	NA	88	93
ENSMUSG00000042371	NA	NA	64	72
ENSMUSG00000042372	NA	NA	20	76
ENSMUSG00000042377	32	52	NA	NA
ENSMUSG00000042379	15	48	NA	NA
ENSMUSG00000042380	5	72	NA	NA
ENSMUSG00000042385	44	11	NA	NA
ENSMUSG00000042386	16	4	NA	NA
ENSMUSG00000042388	NA	NA	41	11
ENSMUSG00000042389	NA	NA	80	72
ENSMUSG00000042390	23	6	72	90
ENSMUSG00000042396	90	30	NA	NA
ENSMUSG00000042401	69	9	23	74
ENSMUSG00000042404	80	33	NA	NA
ENSMUSG00000042406	90	65	NA	NA
ENSMUSG00000042410	NA	NA	61	27
ENSMUSG00000042414	NA	NA	53	59
ENSMUSG00000042417	NA	NA	10	87
ENSMUSG00000042419	80	78	NA	NA
ENSMUSG00000042423	22	80	NA	NA
ENSMUSG00000042425	NA	NA	78	40
ENSMUSG00000042426	NA	NA	22	14
ENSMUSG00000042428	48	69	23	79
ENSMUSG00000042429	30	31	NA	NA
ENSMUSG00000042436	88	62	NA	NA
ENSMUSG00000042439	52	70	0	71
ENSMUSG00000042444	NA	NA	96	97
ENSMUSG00000042446	35	81	68	3
ENSMUSG00000042447	52	48	NA	NA
ENSMUSG00000042448	0	42	NA	NA
ENSMUSG00000042451	92	8	NA	NA
ENSMUSG00000042453	35	33	16	21
ENSMUSG00000042459	24	53	NA	NA
ENSMUSG00000042460	62	5	6	0
ENSMUSG00000042462	55	99	NA	NA
ENSMUSG00000042472	23	0	NA	NA
ENSMUSG00000042474	NA	NA	90	31
ENSMUSG00000042476	18	61	NA	NA
ENSMUSG00000042477	NA	NA	17	9
ENSMUSG00000042485	98	93	NA	NA
ENSMUSG00000042487	NA	NA	93	59
ENSMUSG00000042489	NA	NA	94	73
ENSMUSG00000042492	70	47	NA	NA
ENSMUSG00000042496	NA	NA	52	36
ENSMUSG00000042500	NA	NA	61	44
ENSMUSG00000042501	NA	NA	19	24
ENSMUSG00000042502	17	25	NA	NA
ENSMUSG00000042505	NA	NA	66	29
ENSMUSG00000042506	74	78	84	15
ENSMUSG00000042507	NA	NA	88	68
ENSMUSG00000042508	80	22	NA	NA
ENSMUSG00000042510	NA	NA	48	66
ENSMUSG00000042514	NA	NA	75	2
ENSMUSG00000042515	NA	NA	97	79
ENSMUSG00000042520	75	32	7	76
ENSMUSG00000042523	NA	NA	92	87
ENSMUSG00000042524	11	81	31	58
ENSMUSG00000042525	NA	NA	6	40
ENSMUSG00000042529	35	27	NA	NA
ENSMUSG00000042532	NA	NA	31	2
ENSMUSG00000042535	23	90	NA	NA
ENSMUSG00000042540	46	38	NA	NA
ENSMUSG00000042541	66	92	NA	NA
ENSMUSG00000042548	70	83	17	64
ENSMUSG00000042549	10	57	NA	NA
ENSMUSG00000042554	20	77	NA	NA
ENSMUSG00000042557	84	14	NA	NA
ENSMUSG00000042558	57	83	NA	NA
ENSMUSG00000042564	NA	NA	59	32
ENSMUSG00000042569	71	88	NA	NA
ENSMUSG00000042570	12	39	NA	NA
ENSMUSG00000042572	NA	NA	90	96
ENSMUSG00000042579	NA	NA	75	29
ENSMUSG00000042581	NA	NA	88	5
ENSMUSG00000042589	56	41	8	34
ENSMUSG00000042590	19	24	NA	NA
ENSMUSG00000042594	65	14	81	18
ENSMUSG00000042595	NA	NA	33	35
ENSMUSG00000042596	48	47	NA	NA
ENSMUSG00000042599	74	42	93	87
ENSMUSG00000042604	12	63	32	21
ENSMUSG00000042605	59	66	76	77
ENSMUSG00000042606	NA	NA	94	4
ENSMUSG00000042607	33	3	NA	NA
ENSMUSG00000042608	54	29	NA	NA
ENSMUSG00000042613	96	65	NA	NA
ENSMUSG00000042616	NA	NA	19	2
ENSMUSG00000042622	78	16	NA	NA
ENSMUSG00000042625	78	59	NA	NA
ENSMUSG00000042628	NA	NA	54	95
ENSMUSG00000042632	94	73	39	22
ENSMUSG00000042642	90	35	NA	NA
ENSMUSG00000042644	81	18	NA	NA
ENSMUSG00000042647	NA	NA	0	83
ENSMUSG00000042650	13	52	89	98
ENSMUSG00000042655	NA	NA	66	85
ENSMUSG00000042659	49	38	NA	NA
ENSMUSG00000042660	78	78	NA	NA
ENSMUSG00000042662	0	35	62	69
ENSMUSG00000042671	20	13	NA	NA
ENSMUSG00000042672	NA	NA	39	45
ENSMUSG00000042675	95	83	NA	NA
ENSMUSG00000042677	56	74	18	13
ENSMUSG00000042678	33	40	NA	NA
ENSMUSG00000042680	NA	NA	89	91
ENSMUSG00000042682	41	97	NA	NA
ENSMUSG00000042684	20	45	NA	NA
ENSMUSG00000042686	73	25	96	63
ENSMUSG00000042688	50	5	8	83
ENSMUSG00000042694	NA	NA	81	62
ENSMUSG00000042699	87	49	NA	NA
ENSMUSG00000042700	NA	NA	83	97
ENSMUSG00000042705	NA	NA	97	64
ENSMUSG00000042707	NA	NA	69	77
ENSMUSG00000042708	NA	NA	29	9
ENSMUSG00000042709	42	76	NA	NA
ENSMUSG00000042712	87	99	NA	NA
ENSMUSG00000042719	NA	NA	88	45
ENSMUSG00000042724	NA	NA	76	66
ENSMUSG00000042726	3	79	NA	NA
ENSMUSG00000042729	96	94	NA	NA
ENSMUSG00000042734	NA	NA	79	88
ENSMUSG00000042737	NA	NA	68	91
ENSMUSG00000042742	NA	NA	92	74
ENSMUSG00000042743	12	42	NA	NA
ENSMUSG00000042744	NA	NA	3	78
ENSMUSG00000042745	67	99	NA	NA
ENSMUSG00000042747	81	33	NA	NA
ENSMUSG00000042750	40	17	NA	NA
ENSMUSG00000042751	NA	NA	84	94
ENSMUSG00000042757	NA	NA	66	48
ENSMUSG00000042759	67	1	NA	NA
ENSMUSG00000042761	NA	NA	13	81
ENSMUSG00000042763	25	36	NA	NA
ENSMUSG00000042766	17	16	NA	NA
ENSMUSG00000042770	95	64	NA	NA
ENSMUSG00000042772	NA	NA	92	85
ENSMUSG00000042784	68	11	NA	NA
ENSMUSG00000042787	NA	NA	34	1
ENSMUSG00000042790	11	54	NA	NA
ENSMUSG00000042793	63	37	21	52
ENSMUSG00000042797	NA	NA	53	75
ENSMUSG00000042800	NA	NA	65	71
ENSMUSG00000042804	7	50	NA	NA
ENSMUSG00000042807	NA	NA	6	64
ENSMUSG00000042808	21	37	NA	NA
ENSMUSG00000042810	40	28	89	41
ENSMUSG00000042812	1	40	91	24
ENSMUSG00000042814	6	57	NA	NA
ENSMUSG00000042816	NA	NA	57	17
ENSMUSG00000042817	39	23	NA	NA
ENSMUSG00000042821	8	83	NA	NA
ENSMUSG00000042826	25	60	NA	NA
ENSMUSG00000042834	92	95	NA	NA
ENSMUSG00000042842	33	91	NA	NA
ENSMUSG00000042845	5	32	NA	NA
ENSMUSG00000042846	NA	NA	83	14
ENSMUSG00000042851	NA	NA	40	11
ENSMUSG00000042854	62	44	8	80
ENSMUSG00000042857	NA	NA	60	79
ENSMUSG00000042873	NA	NA	51	79
ENSMUSG00000042888	NA	NA	7	72
ENSMUSG00000042895	NA	NA	24	72
ENSMUSG00000042901	82	51	84	0
ENSMUSG00000042903	27	57	96	2
ENSMUSG00000042918	NA	NA	81	5
ENSMUSG00000042942	NA	NA	49	55
ENSMUSG00000042961	NA	NA	64	38
ENSMUSG00000042978	81	66	NA	NA
ENSMUSG00000042985	63	33	NA	NA
ENSMUSG00000042988	33	71	NA	NA
ENSMUSG00000042992	63	17	NA	NA
ENSMUSG00000042997	NA	NA	68	96
ENSMUSG00000043003	NA	NA	17	35
ENSMUSG00000043004	92	73	92	80
ENSMUSG00000043008	NA	NA	75	1
ENSMUSG00000043015	NA	NA	6	3
ENSMUSG00000043017	62	64	NA	NA
ENSMUSG00000043019	93	79	NA	NA
ENSMUSG00000043020	NA	NA	85	0
ENSMUSG00000043036	NA	NA	40	20
ENSMUSG00000043050	9	39	NA	NA
ENSMUSG00000043059	NA	NA	40	88
ENSMUSG00000043061	NA	NA	86	96
ENSMUSG00000043065	33	30	77	45
ENSMUSG00000043067	NA	NA	97	38
ENSMUSG00000043068	3	60	NA	NA
ENSMUSG00000043079	95	5	NA	NA
ENSMUSG00000043085	5	75	NA	NA
ENSMUSG00000043088	54	48	43	50
ENSMUSG00000043089	48	44	NA	NA
ENSMUSG00000043090	NA	NA	88	93
ENSMUSG00000043091	84	94	NA	NA
ENSMUSG00000043099	18	4	NA	NA
ENSMUSG00000043110	NA	NA	6	17
ENSMUSG00000043122	33	2	78	61
ENSMUSG00000043126	NA	NA	60	3
ENSMUSG00000043131	80	80	NA	NA
ENSMUSG00000043140	61	66	NA	NA
ENSMUSG00000043144	NA	NA	60	83
ENSMUSG00000043153	NA	NA	32	26
ENSMUSG00000043154	NA	NA	60	74
ENSMUSG00000043155	NA	NA	55	92
ENSMUSG00000043164	NA	NA	79	89
ENSMUSG00000043165	3	16	NA	NA
ENSMUSG00000043168	NA	NA	76	28
ENSMUSG00000043183	47	38	NA	NA
ENSMUSG00000043190	NA	NA	92	98
ENSMUSG00000043207	71	19	NA	NA
ENSMUSG00000043230	NA	NA	40	9
ENSMUSG00000043241	74	34	NA	NA
ENSMUSG00000043243	NA	NA	73	46
ENSMUSG00000043251	NA	NA	96	43
ENSMUSG00000043252	NA	NA	3	99
ENSMUSG00000043257	NA	NA	73	10
ENSMUSG00000043259	97	85	92	24
ENSMUSG00000043262	84	64	NA	NA
ENSMUSG00000043263	47	3	NA	NA
ENSMUSG00000043279	NA	NA	64	47
ENSMUSG00000043284	20	57	NA	NA
ENSMUSG00000043286	NA	NA	21	6
ENSMUSG00000043289	NA	NA	4	32
ENSMUSG00000043290	NA	NA	8	39
ENSMUSG00000043298	NA	NA	12	8
ENSMUSG00000043300	97	94	NA	NA
ENSMUSG00000043301	17	22	NA	NA
ENSMUSG00000043313	64	40	NA	NA
ENSMUSG00000043319	18	25	NA	NA
ENSMUSG00000043323	NA	NA	1	68
ENSMUSG00000043333	NA	NA	44	48
ENSMUSG00000043336	NA	NA	51	94
ENSMUSG00000043340	NA	NA	20	21
ENSMUSG00000043342	82	50	NA	NA
ENSMUSG00000043366	39	19	52	41
ENSMUSG00000043372	NA	NA	21	26
ENSMUSG00000043384	29	58	NA	NA
ENSMUSG00000043388	NA	NA	45	24
ENSMUSG00000043391	92	52	40	30
ENSMUSG00000043398	NA	NA	83	74
ENSMUSG00000043411	75	53	55	31
ENSMUSG00000043415	NA	NA	94	44
ENSMUSG00000043418	NA	NA	10	15
ENSMUSG00000043419	36	55	NA	NA
ENSMUSG00000043421	75	44	NA	NA
ENSMUSG00000043429	NA	NA	50	13
ENSMUSG00000043430	24	47	75	61
ENSMUSG00000043432	NA	NA	5	47
ENSMUSG00000043439	6	96	NA	NA
ENSMUSG00000043441	NA	NA	38	29
ENSMUSG00000043445	89	67	NA	NA
ENSMUSG00000043448	17	9	NA	NA
ENSMUSG00000043456	NA	NA	6	73
ENSMUSG00000043458	17	46	NA	NA
ENSMUSG00000043460	NA	NA	45	7
ENSMUSG00000043461	37	39	NA	NA
ENSMUSG00000043463	NA	NA	9	85
ENSMUSG00000043467	84	21	42	84
ENSMUSG00000043485	73	56	NA	NA
ENSMUSG00000043487	53	61	NA	NA
ENSMUSG00000043496	64	95	NA	NA
ENSMUSG00000043501	13	4	NA	NA
ENSMUSG00000043505	NA	NA	89	5
ENSMUSG00000043510	12	92	NA	NA
ENSMUSG00000043518	3	37	NA	NA
ENSMUSG00000043531	5	8	41	5
ENSMUSG00000043535	NA	NA	96	34
ENSMUSG00000043542	NA	NA	67	95
ENSMUSG00000043549	NA	NA	48	5
ENSMUSG00000043556	NA	NA	23	71
ENSMUSG00000043557	NA	NA	26	73
ENSMUSG00000043569	NA	NA	11	48
ENSMUSG00000043572	28	79	NA	NA
ENSMUSG00000043583	38	28	NA	NA
ENSMUSG00000043587	NA	NA	99	99
ENSMUSG00000043592	NA	NA	90	72
ENSMUSG00000043602	NA	NA	83	54
ENSMUSG00000043613	44	57	NA	NA
ENSMUSG00000043614	NA	NA	39	86
ENSMUSG00000043621	52	0	69	62
ENSMUSG00000043623	NA	NA	37	38
ENSMUSG00000043629	NA	NA	16	8
ENSMUSG00000043631	NA	NA	20	56
ENSMUSG00000043633	NA	NA	46	36
ENSMUSG00000043635	NA	NA	47	74
ENSMUSG00000043639	NA	NA	18	93
ENSMUSG00000043644	NA	NA	63	66
ENSMUSG00000043648	NA	NA	57	48
ENSMUSG00000043668	NA	NA	2	42
ENSMUSG00000043670	34	50	NA	NA
ENSMUSG00000043671	NA	NA	93	78
ENSMUSG00000043673	NA	NA	17	86
ENSMUSG00000043681	NA	NA	73	60
ENSMUSG00000043683	94	37	10	78
ENSMUSG00000043702	43	82	38	26
ENSMUSG00000043705	NA	NA	0	73
ENSMUSG00000043733	60	25	NA	NA
ENSMUSG00000043740	NA	NA	22	1
ENSMUSG00000043753	NA	NA	51	35
ENSMUSG00000043760	26	17	NA	NA
ENSMUSG00000043773	NA	NA	18	64
ENSMUSG00000043782	NA	NA	86	53
ENSMUSG00000043789	NA	NA	35	63
ENSMUSG00000043794	NA	NA	64	1
ENSMUSG00000043811	44	39	NA	NA
ENSMUSG00000043822	80	56	94	89
ENSMUSG00000043831	NA	NA	25	58
ENSMUSG00000043832	NA	NA	1	0
ENSMUSG00000043833	NA	NA	51	51
ENSMUSG00000043850	NA	NA	80	45
ENSMUSG00000043857	NA	NA	84	45
ENSMUSG00000043866	29	73	NA	NA
ENSMUSG00000043872	60	35	NA	NA
ENSMUSG00000043881	NA	NA	85	88
ENSMUSG00000043885	NA	NA	83	24
ENSMUSG00000043895	NA	NA	86	39
ENSMUSG00000043903	NA	NA	60	89
ENSMUSG00000043909	33	12	78	15
ENSMUSG00000043923	45	74	NA	NA
ENSMUSG00000043924	81	82	NA	NA
ENSMUSG00000043925	27	6	NA	NA
ENSMUSG00000043929	NA	NA	41	19
ENSMUSG00000043931	14	44	32	28
ENSMUSG00000043940	79	78	96	91
ENSMUSG00000043943	85	97	NA	NA
ENSMUSG00000043945	NA	NA	65	52
ENSMUSG00000043953	31	5	NA	NA
ENSMUSG00000043962	85	70	NA	NA
ENSMUSG00000043964	NA	NA	93	74
ENSMUSG00000043969	NA	NA	20	46
ENSMUSG00000043982	68	27	NA	NA
ENSMUSG00000043986	NA	NA	34	11
ENSMUSG00000043987	10	27	91	75
ENSMUSG00000043991	48	12	30	26
ENSMUSG00000043993	NA	NA	88	18
ENSMUSG00000043998	17	91	NA	NA
ENSMUSG00000043999	NA	NA	47	77
ENSMUSG00000044005	NA	NA	18	82
ENSMUSG00000044006	38	75	NA	NA
ENSMUSG00000044014	2	17	NA	NA
ENSMUSG00000044017	50	62	NA	NA
ENSMUSG00000044018	6	92	NA	NA
ENSMUSG00000044022	70	80	NA	NA
ENSMUSG00000044024	18	39	NA	NA
ENSMUSG00000044026	NA	NA	4	64
ENSMUSG00000044030	22	47	NA	NA
ENSMUSG00000044033	NA	NA	74	61
ENSMUSG00000044037	12	3	6	93
ENSMUSG00000044041	38	96	NA	NA
ENSMUSG00000044042	31	66	89	4
ENSMUSG00000044043	30	20	NA	NA
ENSMUSG00000044052	17	58	NA	NA
ENSMUSG00000044055	49	68	NA	NA
ENSMUSG00000044056	NA	NA	74	23
ENSMUSG00000044062	NA	NA	26	74
ENSMUSG00000044066	10	30	66	33
ENSMUSG00000044067	NA	NA	2	47
ENSMUSG00000044068	59	69	NA	NA
ENSMUSG00000044071	NA	NA	84	65
ENSMUSG00000044072	1	36	20	92
ENSMUSG00000044080	88	97	NA	NA
ENSMUSG00000044081	4	19	NA	NA
ENSMUSG00000044083	NA	NA	15	57
ENSMUSG00000044086	NA	NA	95	31
ENSMUSG00000044092	NA	NA	3	64
ENSMUSG00000044098	17	44	62	25
ENSMUSG00000044103	37	6	NA	NA
ENSMUSG00000044117	35	73	NA	NA
ENSMUSG00000044122	NA	NA	87	88
ENSMUSG00000044134	NA	NA	72	42
ENSMUSG00000044147	71	55	NA	NA
ENSMUSG00000044148	58	48	NA	NA
ENSMUSG00000044149	NA	NA	13	89
ENSMUSG00000044150	NA	NA	83	67
ENSMUSG00000044155	91	89	12	42
ENSMUSG00000044156	43	67	NA	NA
ENSMUSG00000044164	NA	NA	9	75
ENSMUSG00000044167	76	91	NA	NA
ENSMUSG00000044172	NA	NA	84	46
ENSMUSG00000044176	NA	NA	36	40
ENSMUSG00000044177	NA	NA	71	6
ENSMUSG00000044186	18	21	39	67
ENSMUSG00000044197	71	69	93	87
ENSMUSG00000044199	13	59	NA	NA
ENSMUSG00000044201	60	83	76	2
ENSMUSG00000044206	6	34	NA	NA
ENSMUSG00000044216	30	23	NA	NA
ENSMUSG00000044217	61	73	NA	NA
ENSMUSG00000044220	7	15	NA	NA
ENSMUSG00000044221	75	63	NA	NA
ENSMUSG00000044222	20	24	NA	NA
ENSMUSG00000044224	89	51	90	89
ENSMUSG00000044227	NA	NA	39	50
ENSMUSG00000044229	NA	NA	44	42
ENSMUSG00000044231	NA	NA	25	56
ENSMUSG00000044243	NA	NA	31	60
ENSMUSG00000044244	NA	NA	28	37
ENSMUSG00000044248	57	25	NA	NA
ENSMUSG00000044249	NA	NA	7	43
ENSMUSG00000044250	NA	NA	59	74
ENSMUSG00000044252	34	39	NA	NA
ENSMUSG00000044254	NA	NA	48	46
ENSMUSG00000044258	83	99	NA	NA
ENSMUSG00000044276	NA	NA	3	40
ENSMUSG00000044279	21	6	NA	NA
ENSMUSG00000044288	53	14	97	38
ENSMUSG00000044294	66	39	NA	NA
ENSMUSG00000044296	NA	NA	3	15
ENSMUSG00000044303	56	14	NA	NA
ENSMUSG00000044306	7	11	NA	NA
ENSMUSG00000044308	72	11	61	92
ENSMUSG00000044312	38	34	NA	NA
ENSMUSG00000044313	NA	NA	12	46
ENSMUSG00000044317	NA	NA	36	59
ENSMUSG00000044320	43	6	NA	NA
ENSMUSG00000044322	24	69	NA	NA
ENSMUSG00000044328	4	12	NA	NA
ENSMUSG00000044337	96	95	NA	NA
ENSMUSG00000044338	78	25	NA	NA
ENSMUSG00000044339	NA	NA	71	89
ENSMUSG00000044340	76	31	NA	NA
ENSMUSG00000044345	82	80	19	29
ENSMUSG00000044348	19	5	45	88
ENSMUSG00000044349	73	8	20	19
ENSMUSG00000044350	NA	NA	92	96
ENSMUSG00000044352	37	8	NA	NA
ENSMUSG00000044359	66	59	NA	NA
ENSMUSG00000044362	NA	NA	71	63
ENSMUSG00000044364	NA	NA	18	69
ENSMUSG00000044365	NA	NA	88	40
ENSMUSG00000044367	NA	NA	54	86
ENSMUSG00000044375	54	13	NA	NA
ENSMUSG00000044378	24	27	NA	NA
ENSMUSG00000044390	NA	NA	68	60
ENSMUSG00000044393	32	23	NA	NA
ENSMUSG00000044405	25	37	NA	NA
ENSMUSG00000044430	NA	NA	24	68
ENSMUSG00000044433	NA	NA	45	27
ENSMUSG00000044442	NA	NA	38	96
ENSMUSG00000044444	77	4	NA	NA
ENSMUSG00000044447	16	64	52	3
ENSMUSG00000044452	NA	NA	91	84
ENSMUSG00000044456	NA	NA	28	60
ENSMUSG00000044461	68	16	NA	NA
ENSMUSG00000044465	65	48	46	70
ENSMUSG00000044468	45	86	21	51
ENSMUSG00000044469	83	84	NA	NA
ENSMUSG00000044471	68	39	NA	NA
ENSMUSG00000044475	32	49	NA	NA
ENSMUSG00000044477	30	14	48	86
ENSMUSG00000044485	62	42	NA	NA
ENSMUSG00000044496	71	43	NA	NA
ENSMUSG00000044499	NA	NA	33	33
ENSMUSG00000044501	18	32	NA	NA
ENSMUSG00000044502	NA	NA	50	3
ENSMUSG00000044518	8	44	NA	NA
ENSMUSG00000044522	NA	NA	74	9
ENSMUSG00000044526	57	52	NA	NA
ENSMUSG00000044528	63	56	NA	NA
ENSMUSG00000044534	69	57	81	5
ENSMUSG00000044542	21	38	NA	NA
ENSMUSG00000044544	NA	NA	8	42
ENSMUSG00000044548	62	8	NA	NA
ENSMUSG00000044551	NA	NA	81	78
ENSMUSG00000044556	NA	NA	82	63
ENSMUSG00000044562	50	37	NA	NA
ENSMUSG00000044566	NA	NA	54	45
ENSMUSG00000044573	33	55	NA	NA
ENSMUSG00000044576	NA	NA	33	47
ENSMUSG00000044583	64	35	NA	NA
ENSMUSG00000044594	NA	NA	3	55
ENSMUSG00000044595	48	21	NA	NA
ENSMUSG00000044597	55	3	NA	NA
ENSMUSG00000044600	0	56	90	90
ENSMUSG00000044617	NA	NA	35	54
ENSMUSG00000044626	NA	NA	0	33
ENSMUSG00000044627	79	85	NA	NA
ENSMUSG00000044628	39	29	NA	NA
ENSMUSG00000044629	NA	NA	60	52
ENSMUSG00000044633	NA	NA	40	26
ENSMUSG00000044636	NA	NA	13	59
ENSMUSG00000044641	27	33	NA	NA
ENSMUSG00000044646	24	27	84	18
ENSMUSG00000044647	NA	NA	72	47
ENSMUSG00000044649	52	47	NA	NA
ENSMUSG00000044664	15	4	NA	NA
ENSMUSG00000044667	26	19	10	74
ENSMUSG00000044674	69	88	95	97
ENSMUSG00000044676	67	71	25	14
ENSMUSG00000044678	NA	NA	32	43
ENSMUSG00000044681	NA	NA	16	46
ENSMUSG00000044694	NA	NA	7	21
ENSMUSG00000044700	NA	NA	67	91
ENSMUSG00000044702	NA	NA	62	60
ENSMUSG00000044707	NA	NA	70	42
ENSMUSG00000044708	64	1	NA	NA
ENSMUSG00000044709	23	54	NA	NA
ENSMUSG00000044712	NA	NA	98	91
ENSMUSG00000044715	NA	NA	65	35
ENSMUSG00000044716	NA	NA	65	96
ENSMUSG00000044719	NA	NA	21	32
ENSMUSG00000044724	NA	NA	0	74
ENSMUSG00000044730	NA	NA	8	87
ENSMUSG00000044734	12	98	NA	NA
ENSMUSG00000044743	78	23	NA	NA
ENSMUSG00000044748	15	34	NA	NA
ENSMUSG00000044749	NA	NA	72	54
ENSMUSG00000044763	74	48	56	9
ENSMUSG00000044768	64	4	NA	NA
ENSMUSG00000044770	13	34	NA	NA
ENSMUSG00000044783	92	60	NA	NA
ENSMUSG00000044786	77	33	NA	NA
ENSMUSG00000044788	NA	NA	86	78
ENSMUSG00000044791	NA	NA	89	68
ENSMUSG00000044795	7	53	NA	NA
ENSMUSG00000044801	36	37	NA	NA
ENSMUSG00000044807	76	18	92	66
ENSMUSG00000044811	7	7	NA	NA
ENSMUSG00000044813	NA	NA	54	38
ENSMUSG00000044816	NA	NA	46	91
ENSMUSG00000044819	NA	NA	7	30
ENSMUSG00000044820	21	33	NA	NA
ENSMUSG00000044827	16	10	NA	NA
ENSMUSG00000044835	NA	NA	80	64
ENSMUSG00000044847	NA	NA	39	25
ENSMUSG00000044854	NA	NA	45	1
ENSMUSG00000044857	77	46	NA	NA
ENSMUSG00000044860	NA	NA	33	92
ENSMUSG00000044864	NA	NA	86	97
ENSMUSG00000044876	46	55	NA	NA
ENSMUSG00000044881	NA	NA	64	72
ENSMUSG00000044894	78	0	NA	NA
ENSMUSG00000044906	NA	NA	5	45
ENSMUSG00000044912	NA	NA	22	38
ENSMUSG00000044916	NA	NA	65	23
ENSMUSG00000044921	41	55	36	17
ENSMUSG00000044933	35	53	13	55
ENSMUSG00000044934	NA	NA	97	46
ENSMUSG00000044937	NA	NA	65	31
ENSMUSG00000044948	NA	NA	5	9
ENSMUSG00000044950	NA	NA	81	12
ENSMUSG00000044951	NA	NA	93	33
ENSMUSG00000044952	NA	NA	24	80
ENSMUSG00000044968	NA	NA	4	82
ENSMUSG00000044982	NA	NA	21	82
ENSMUSG00000044986	96	80	NA	NA
ENSMUSG00000044988	NA	NA	49	10
ENSMUSG00000044991	NA	NA	79	26
ENSMUSG00000044997	NA	NA	0	33
ENSMUSG00000045004	NA	NA	5	35
ENSMUSG00000045005	46	54	74	99
ENSMUSG00000045007	14	47	NA	NA
ENSMUSG00000045008	NA	NA	61	25
ENSMUSG00000045009	NA	NA	3	63
ENSMUSG00000045019	48	41	53	10
ENSMUSG00000045022	NA	NA	36	43
ENSMUSG00000045027	10	10	NA	NA
ENSMUSG00000045031	NA	NA	47	51
ENSMUSG00000045034	NA	NA	51	14
ENSMUSG00000045036	NA	NA	4	41
ENSMUSG00000045038	88	68	61	53
ENSMUSG00000045039	NA	NA	78	64
ENSMUSG00000045045	NA	NA	76	72
ENSMUSG00000045062	45	54	NA	NA
ENSMUSG00000045064	19	45	45	90
ENSMUSG00000045071	NA	NA	69	79
ENSMUSG00000045075	NA	NA	43	46
ENSMUSG00000045078	NA	NA	75	88
ENSMUSG00000045083	NA	NA	75	43
ENSMUSG00000045087	34	1	NA	NA
ENSMUSG00000045091	NA	NA	68	42
ENSMUSG00000045092	4	72	NA	NA
ENSMUSG00000045094	NA	NA	89	19
ENSMUSG00000045095	63	16	80	7
ENSMUSG00000045098	71	45	86	68
ENSMUSG00000045100	38	20	NA	NA
ENSMUSG00000045102	NA	NA	1	26
ENSMUSG00000045103	15	62	14	30
ENSMUSG00000045106	NA	NA	52	88
ENSMUSG00000045107	64	19	NA	NA
ENSMUSG00000045109	NA	NA	65	80
ENSMUSG00000045136	66	75	NA	NA
ENSMUSG00000045160	NA	NA	46	96
ENSMUSG00000045165	NA	NA	97	98
ENSMUSG00000045174	NA	NA	83	36
ENSMUSG00000045176	NA	NA	81	68
ENSMUSG00000045178	NA	NA	40	41
ENSMUSG00000045179	67	21	NA	NA
ENSMUSG00000045180	NA	NA	33	53
ENSMUSG00000045193	63	63	NA	NA
ENSMUSG00000045201	22	68	NA	NA
ENSMUSG00000045205	NA	NA	91	48
ENSMUSG00000045210	NA	NA	72	56
ENSMUSG00000045211	NA	NA	71	86
ENSMUSG00000045215	NA	NA	69	69
ENSMUSG00000045216	31	80	NA	NA
ENSMUSG00000045217	32	72	NA	NA
ENSMUSG00000045236	0	12	NA	NA
ENSMUSG00000045238	NA	NA	27	18
ENSMUSG00000045246	NA	NA	71	93
ENSMUSG00000045248	36	25	55	19
ENSMUSG00000045251	14	43	NA	NA
ENSMUSG00000045252	45	31	NA	NA
ENSMUSG00000045257	NA	NA	13	95
ENSMUSG00000045267	60	24	NA	NA
ENSMUSG00000045268	NA	NA	28	15
ENSMUSG00000045273	50	91	NA	NA
ENSMUSG00000045275	NA	NA	12	82
ENSMUSG00000045281	NA	NA	69	5
ENSMUSG00000045284	NA	NA	95	76
ENSMUSG00000045287	NA	NA	26	16
ENSMUSG00000045291	NA	NA	60	72
ENSMUSG00000045294	NA	NA	99	98
ENSMUSG00000045302	23	1	0	23
ENSMUSG00000045312	NA	NA	75	90
ENSMUSG00000045314	NA	NA	3	54
ENSMUSG00000045316	56	8	NA	NA
ENSMUSG00000045318	49	41	43	66
ENSMUSG00000045319	6	33	27	83
ENSMUSG00000045322	30	15	NA	NA
ENSMUSG00000045326	19	32	55	1
ENSMUSG00000045327	NA	NA	32	9
ENSMUSG00000045328	62	47	92	89
ENSMUSG00000045330	NA	NA	33	78
ENSMUSG00000045331	NA	NA	73	93
ENSMUSG00000045333	71	68	NA	NA
ENSMUSG00000045336	NA	NA	37	40
ENSMUSG00000045337	2	39	NA	NA
ENSMUSG00000045348	NA	NA	33	59
ENSMUSG00000045349	NA	NA	20	3
ENSMUSG00000045350	NA	NA	49	70
ENSMUSG00000045374	1	43	NA	NA
ENSMUSG00000045378	NA	NA	17	71
ENSMUSG00000045382	21	74	NA	NA
ENSMUSG00000045391	0	12	NA	NA
ENSMUSG00000045394	80	5	NA	NA
ENSMUSG00000045404	84	25	NA	NA
ENSMUSG00000045409	57	73	NA	NA
ENSMUSG00000045410	18	77	40	13
ENSMUSG00000045411	58	83	NA	NA
ENSMUSG00000045414	91	93	NA	NA
ENSMUSG00000045435	33	88	74	17
ENSMUSG00000045438	62	46	NA	NA
ENSMUSG00000045440	39	44	0	17
ENSMUSG00000045441	NA	NA	83	99
ENSMUSG00000045463	29	16	NA	NA
ENSMUSG00000045464	58	66	NA	NA
ENSMUSG00000045466	NA	NA	27	43
ENSMUSG00000045467	NA	NA	64	13
ENSMUSG00000045471	71	70	NA	NA
ENSMUSG00000045482	86	63	NA	NA
ENSMUSG00000045493	54	20	NA	NA
ENSMUSG00000045498	26	6	NA	NA
ENSMUSG00000045502	37	83	NA	NA
ENSMUSG00000045503	40	94	59	74
ENSMUSG00000045509	NA	NA	73	75
ENSMUSG00000045515	67	0	51	8
ENSMUSG00000045518	49	50	NA	NA
ENSMUSG00000045519	NA	NA	66	90
ENSMUSG00000045532	47	0	NA	NA
ENSMUSG00000045534	7	0	NA	NA
ENSMUSG00000045538	NA	NA	55	7
ENSMUSG00000045539	1	29	NA	NA
ENSMUSG00000045545	72	96	NA	NA
ENSMUSG00000045551	19	66	NA	NA
ENSMUSG00000045555	NA	NA	49	17
ENSMUSG00000045569	31	70	NA	NA
ENSMUSG00000045573	48	40	NA	NA
ENSMUSG00000045576	82	88	75	67
ENSMUSG00000045589	NA	NA	69	9
ENSMUSG00000045591	22	23	NA	NA
ENSMUSG00000045594	86	82	NA	NA
ENSMUSG00000045598	17	85	NA	NA
ENSMUSG00000045608	NA	NA	16	61
ENSMUSG00000045624	82	66	43	31
ENSMUSG00000045625	NA	NA	12	25
ENSMUSG00000045629	NA	NA	67	19
ENSMUSG00000045636	NA	NA	27	85
ENSMUSG00000045639	NA	NA	50	31
ENSMUSG00000045648	NA	NA	51	39
ENSMUSG00000045655	NA	NA	48	95
ENSMUSG00000045657	31	26	NA	NA
ENSMUSG00000045658	NA	NA	52	48
ENSMUSG00000045659	59	39	72	12
ENSMUSG00000045662	NA	NA	5	44
ENSMUSG00000045664	NA	NA	97	76
ENSMUSG00000045665	62	7	NA	NA
ENSMUSG00000045667	NA	NA	59	68
ENSMUSG00000045671	88	68	24	11
ENSMUSG00000045672	NA	NA	0	26
ENSMUSG00000045679	91	97	NA	NA
ENSMUSG00000045680	72	61	61	77
ENSMUSG00000045689	12	38	24	22
ENSMUSG00000045690	NA	NA	67	6
ENSMUSG00000045693	NA	NA	10	10
ENSMUSG00000045709	NA	NA	9	9
ENSMUSG00000045725	20	36	13	52
ENSMUSG00000045730	76	86	NA	NA
ENSMUSG00000045731	24	75	NA	NA
ENSMUSG00000045733	NA	NA	13	37
ENSMUSG00000045751	44	64	94	37
ENSMUSG00000045752	20	83	NA	NA
ENSMUSG00000045761	NA	NA	87	78
ENSMUSG00000045763	96	82	NA	NA
ENSMUSG00000045767	84	60	17	71
ENSMUSG00000045775	NA	NA	77	24
ENSMUSG00000045776	NA	NA	56	72
ENSMUSG00000045777	61	47	NA	NA
ENSMUSG00000045790	NA	NA	8	46
ENSMUSG00000045794	NA	NA	66	65
ENSMUSG00000045795	NA	NA	75	42
ENSMUSG00000045797	NA	NA	16	16
ENSMUSG00000045815	NA	NA	41	55
ENSMUSG00000045817	79	36	NA	NA
ENSMUSG00000045822	NA	NA	62	35
ENSMUSG00000045826	21	48	NA	NA
ENSMUSG00000045827	72	98	2	86
ENSMUSG00000045835	14	13	NA	NA
ENSMUSG00000045854	25	94	NA	NA
ENSMUSG00000045867	24	16	NA	NA
ENSMUSG00000045871	NA	NA	52	73
ENSMUSG00000045875	2	58	6	30
ENSMUSG00000045876	30	29	NA	NA
ENSMUSG00000045877	NA	NA	40	79
ENSMUSG00000045896	63	74	1	65
ENSMUSG00000045903	NA	NA	52	3
ENSMUSG00000045912	NA	NA	65	18
ENSMUSG00000045917	85	90	NA	NA
ENSMUSG00000045928	NA	NA	47	54
ENSMUSG00000045930	70	63	NA	NA
ENSMUSG00000045932	25	70	NA	NA
ENSMUSG00000045934	NA	NA	93	97
ENSMUSG00000045942	NA	NA	6	70
ENSMUSG00000045948	77	64	NA	NA
ENSMUSG00000045954	96	17	96	93
ENSMUSG00000045962	59	35	6	39
ENSMUSG00000045967	NA	NA	76	53
ENSMUSG00000045968	NA	NA	74	88
ENSMUSG00000045969	71	2	NA	NA
ENSMUSG00000045973	49	46	23	20
ENSMUSG00000045975	57	9	64	69
ENSMUSG00000045980	NA	NA	0	75
ENSMUSG00000045983	6	57	65	9
ENSMUSG00000045989	NA	NA	43	73
ENSMUSG00000045991	NA	NA	41	81
ENSMUSG00000045994	57	9	15	0
ENSMUSG00000046000	33	69	92	81
ENSMUSG00000046008	2	66	NA	NA
ENSMUSG00000046010	19	63	NA	NA
ENSMUSG00000046020	43	77	94	80
ENSMUSG00000046027	92	28	NA	NA
ENSMUSG00000046031	NA	NA	47	59
ENSMUSG00000046032	41	35	NA	NA
ENSMUSG00000046034	44	44	NA	NA
ENSMUSG00000046049	NA	NA	50	34
ENSMUSG00000046056	NA	NA	12	46
ENSMUSG00000046058	NA	NA	21	86
ENSMUSG00000046062	25	44	NA	NA
ENSMUSG00000046070	50	24	NA	NA
ENSMUSG00000046079	NA	NA	98	90
ENSMUSG00000046082	NA	NA	66	77
ENSMUSG00000046093	NA	NA	63	47
ENSMUSG00000046095	15	29	NA	NA
ENSMUSG00000046096	NA	NA	97	98
ENSMUSG00000046109	62	45	NA	NA
ENSMUSG00000046110	5	32	NA	NA
ENSMUSG00000046111	NA	NA	28	55
ENSMUSG00000046119	NA	NA	33	17
ENSMUSG00000046133	NA	NA	20	96
ENSMUSG00000046139	NA	NA	73	85
ENSMUSG00000046145	NA	NA	26	13
ENSMUSG00000046152	26	49	42	23
ENSMUSG00000046157	71	0	NA	NA
ENSMUSG00000046159	44	3	NA	NA
ENSMUSG00000046160	31	9	NA	NA
ENSMUSG00000046169	NA	NA	49	25
ENSMUSG00000046173	NA	NA	64	25
ENSMUSG00000046178	36	22	14	7
ENSMUSG00000046179	73	50	68	71
ENSMUSG00000046180	75	55	NA	NA
ENSMUSG00000046182	NA	NA	35	91
ENSMUSG00000046185	68	21	NA	NA
ENSMUSG00000046186	75	94	94	52
ENSMUSG00000046192	NA	NA	65	58
ENSMUSG00000046196	1	57	NA	NA
ENSMUSG00000046201	40	55	NA	NA
ENSMUSG00000046204	NA	NA	51	41
ENSMUSG00000046207	NA	NA	63	65
ENSMUSG00000046213	NA	NA	9	40
ENSMUSG00000046215	NA	NA	80	10
ENSMUSG00000046223	12	92	NA	NA
ENSMUSG00000046229	60	18	NA	NA
ENSMUSG00000046230	NA	NA	50	44
ENSMUSG00000046240	NA	NA	68	45
ENSMUSG00000046242	NA	NA	61	31
ENSMUSG00000046245	20	59	NA	NA
ENSMUSG00000046248	NA	NA	10	16
ENSMUSG00000046259	14	27	NA	NA
ENSMUSG00000046262	NA	NA	23	38
ENSMUSG00000046269	36	68	90	93
ENSMUSG00000046275	NA	NA	85	67
ENSMUSG00000046280	35	49	37	24
ENSMUSG00000046287	NA	NA	45	31
ENSMUSG00000046295	NA	NA	83	62
ENSMUSG00000046311	30	81	NA	NA
ENSMUSG00000046312	94	83	NA	NA
ENSMUSG00000046314	7	22	86	55
ENSMUSG00000046318	NA	NA	78	71
ENSMUSG00000046321	NA	NA	63	19
ENSMUSG00000046323	1	12	NA	NA
ENSMUSG00000046324	54	80	18	40
ENSMUSG00000046329	52	17	NA	NA
ENSMUSG00000046330	52	56	NA	NA
ENSMUSG00000046337	NA	NA	19	1
ENSMUSG00000046338	NA	NA	81	94
ENSMUSG00000046345	NA	NA	94	75
ENSMUSG00000046351	80	5	97	57
ENSMUSG00000046352	22	52	NA	NA
ENSMUSG00000046367	NA	NA	28	40
ENSMUSG00000046378	NA	NA	23	48
ENSMUSG00000046380	4	86	NA	NA
ENSMUSG00000046387	72	82	NA	NA
ENSMUSG00000046402	91	98	NA	NA
ENSMUSG00000046404	NA	NA	86	33
ENSMUSG00000046408	NA	NA	39	55
ENSMUSG00000046410	NA	NA	11	10
ENSMUSG00000046417	NA	NA	37	76
ENSMUSG00000046432	91	79	NA	NA
ENSMUSG00000046434	68	57	NA	NA
ENSMUSG00000046441	21	58	NA	NA
ENSMUSG00000046442	NA	NA	48	42
ENSMUSG00000046447	NA	NA	41	12
ENSMUSG00000046449	17	21	33	29
ENSMUSG00000046450	2	19	NA	NA
ENSMUSG00000046456	8	60	NA	NA
ENSMUSG00000046470	36	15	NA	NA
ENSMUSG00000046474	19	13	NA	NA
ENSMUSG00000046480	NA	NA	33	60
ENSMUSG00000046487	NA	NA	60	57
ENSMUSG00000046490	NA	NA	66	54
ENSMUSG00000046491	NA	NA	92	32
ENSMUSG00000046500	NA	NA	85	83
ENSMUSG00000046516	78	61	NA	NA
ENSMUSG00000046518	49	27	NA	NA
ENSMUSG00000046519	70	56	NA	NA
ENSMUSG00000046523	28	33	8	40
ENSMUSG00000046532	2	76	12	77
ENSMUSG00000046541	NA	NA	59	36
ENSMUSG00000046546	2	98	NA	NA
ENSMUSG00000046550	NA	NA	48	80
ENSMUSG00000046556	14	36	76	48
ENSMUSG00000046561	NA	NA	97	99
ENSMUSG00000046562	85	75	NA	NA
ENSMUSG00000046567	27	35	29	86
ENSMUSG00000046572	42	15	NA	NA
ENSMUSG00000046573	NA	NA	79	94
ENSMUSG00000046574	49	20	NA	NA
ENSMUSG00000046589	NA	NA	92	35
ENSMUSG00000046591	NA	NA	67	20
ENSMUSG00000046593	NA	NA	77	58
ENSMUSG00000046598	72	87	NA	NA
ENSMUSG00000046603	NA	NA	34	69
ENSMUSG00000046605	28	36	NA	NA
ENSMUSG00000046607	30	38	16	69
ENSMUSG00000046613	NA	NA	66	8
ENSMUSG00000046615	29	81	NA	NA
ENSMUSG00000046618	NA	NA	52	2
ENSMUSG00000046623	40	20	NA	NA
ENSMUSG00000046634	NA	NA	50	92
ENSMUSG00000046637	NA	NA	58	72
ENSMUSG00000046658	36	9	56	26
ENSMUSG00000046667	NA	NA	71	86
ENSMUSG00000046668	88	39	NA	NA
ENSMUSG00000046671	12	27	NA	NA
ENSMUSG00000046676	27	2	NA	NA
ENSMUSG00000046679	91	80	NA	NA
ENSMUSG00000046683	NA	NA	24	51
ENSMUSG00000046688	85	97	NA	NA
ENSMUSG00000046694	NA	NA	41	95
ENSMUSG00000046699	NA	NA	69	55
ENSMUSG00000046707	71	38	NA	NA
ENSMUSG00000046709	24	7	12	3
ENSMUSG00000046714	89	93	NA	NA
ENSMUSG00000046717	69	4	NA	NA
ENSMUSG00000046718	12	15	NA	NA
ENSMUSG00000046719	23	63	NA	NA
ENSMUSG00000046722	53	58	NA	NA
ENSMUSG00000046723	54	50	NA	NA
ENSMUSG00000046727	95	91	NA	NA
ENSMUSG00000046731	11	9	NA	NA
ENSMUSG00000046733	NA	NA	21	91
ENSMUSG00000046743	NA	NA	97	99
ENSMUSG00000046748	NA	NA	20	57
ENSMUSG00000046750	44	1	NA	NA
ENSMUSG00000046753	NA	NA	59	5
ENSMUSG00000046755	NA	NA	10	30
ENSMUSG00000046756	84	87	NA	NA
ENSMUSG00000046761	66	68	NA	NA
ENSMUSG00000046764	NA	NA	40	24
ENSMUSG00000046768	94	97	NA	NA
ENSMUSG00000046782	NA	NA	56	6
ENSMUSG00000046785	5	34	94	97
ENSMUSG00000046791	51	85	NA	NA
ENSMUSG00000046792	63	15	81	16
ENSMUSG00000046793	NA	NA	12	15
ENSMUSG00000046794	NA	NA	73	93
ENSMUSG00000046798	NA	NA	50	68
ENSMUSG00000046804	51	16	NA	NA
ENSMUSG00000046805	42	24	NA	NA
ENSMUSG00000046807	NA	NA	99	99
ENSMUSG00000046808	NA	NA	86	30
ENSMUSG00000046814	NA	NA	98	91
ENSMUSG00000046818	95	84	99	90
ENSMUSG00000046822	42	76	NA	NA
ENSMUSG00000046826	NA	NA	52	44
ENSMUSG00000046828	NA	NA	1	15
ENSMUSG00000046834	1	14	NA	NA
ENSMUSG00000046836	7	72	NA	NA
ENSMUSG00000046840	55	42	NA	NA
ENSMUSG00000046841	98	11	NA	NA
ENSMUSG00000046844	NA	NA	11	29
ENSMUSG00000046845	63	46	NA	NA
ENSMUSG00000046846	55	30	NA	NA
ENSMUSG00000046854	31	19	NA	NA
ENSMUSG00000046856	NA	NA	18	79
ENSMUSG00000046861	32	24	82	36
ENSMUSG00000046862	NA	NA	73	90
ENSMUSG00000046873	NA	NA	14	78
ENSMUSG00000046876	47	14	93	55
ENSMUSG00000046879	21	67	NA	NA
ENSMUSG00000046886	11	17	NA	NA
ENSMUSG00000046897	76	14	NA	NA
ENSMUSG00000046899	26	14	NA	NA
ENSMUSG00000046908	73	66	NA	NA
ENSMUSG00000046909	67	95	NA	NA
ENSMUSG00000046916	21	42	5	63
ENSMUSG00000046922	NA	NA	49	58
ENSMUSG00000046934	67	65	NA	NA
ENSMUSG00000046949	56	68	66	71
ENSMUSG00000046957	6	40	NA	NA
ENSMUSG00000046959	17	85	79	10
ENSMUSG00000046962	34	61	1	61
ENSMUSG00000046971	38	31	NA	NA
ENSMUSG00000046974	35	26	NA	NA
ENSMUSG00000046982	75	14	NA	NA
ENSMUSG00000046985	NA	NA	5	95
ENSMUSG00000046991	NA	NA	29	10
ENSMUSG00000046994	NA	NA	7	69
ENSMUSG00000046995	NA	NA	73	44
ENSMUSG00000046997	55	69	NA	NA
ENSMUSG00000046999	NA	NA	11	67
ENSMUSG00000047002	59	9	NA	NA
ENSMUSG00000047003	NA	NA	94	18
ENSMUSG00000047013	NA	NA	2	35
ENSMUSG00000047021	NA	NA	20	68
ENSMUSG00000047022	32	31	19	85
ENSMUSG00000047025	40	45	NA	NA
ENSMUSG00000047030	NA	NA	69	81
ENSMUSG00000047033	44	28	60	91
ENSMUSG00000047034	49	44	NA	NA
ENSMUSG00000047036	7	54	96	85
ENSMUSG00000047037	NA	NA	94	97
ENSMUSG00000047040	NA	NA	20	75
ENSMUSG00000047044	66	23	NA	NA
ENSMUSG00000047045	NA	NA	99	40
ENSMUSG00000047046	NA	NA	27	71
ENSMUSG00000047061	83	25	NA	NA
ENSMUSG00000047067	NA	NA	90	77
ENSMUSG00000047084	94	53	NA	NA
ENSMUSG00000047085	NA	NA	27	44
ENSMUSG00000047090	NA	NA	83	60
ENSMUSG00000047098	NA	NA	37	36
ENSMUSG00000047104	17	50	NA	NA
ENSMUSG00000047108	3	52	NA	NA
ENSMUSG00000047109	36	3	NA	NA
ENSMUSG00000047115	NA	NA	20	82
ENSMUSG00000047123	NA	NA	91	73
ENSMUSG00000047126	89	94	18	5
ENSMUSG00000047129	NA	NA	63	41
ENSMUSG00000047139	99	99	NA	NA
ENSMUSG00000047141	24	38	NA	NA
ENSMUSG00000047143	NA	NA	93	69
ENSMUSG00000047146	10	16	29	30
ENSMUSG00000047150	45	55	NA	NA
ENSMUSG00000047153	NA	NA	39	70
ENSMUSG00000047155	NA	NA	77	79
ENSMUSG00000047161	NA	NA	30	36
ENSMUSG00000047180	NA	NA	65	86
ENSMUSG00000047181	NA	NA	97	3
ENSMUSG00000047182	33	6	NA	NA
ENSMUSG00000047187	46	92	NA	NA
ENSMUSG00000047193	NA	NA	23	3
ENSMUSG00000047203	7	79	NA	NA
ENSMUSG00000047205	0	57	59	35
ENSMUSG00000047213	44	33	NA	NA
ENSMUSG00000047215	42	70	NA	NA
ENSMUSG00000047216	NA	NA	2	55
ENSMUSG00000047221	NA	NA	49	47
ENSMUSG00000047222	48	33	NA	NA
ENSMUSG00000047227	NA	NA	62	77
ENSMUSG00000047228	NA	NA	66	34
ENSMUSG00000047230	72	42	NA	NA
ENSMUSG00000047237	NA	NA	25	32
ENSMUSG00000047238	30	6	NA	NA
ENSMUSG00000047242	NA	NA	23	57
ENSMUSG00000047246	NA	NA	53	47
ENSMUSG00000047248	32	57	55	43
ENSMUSG00000047250	84	33	NA	NA
ENSMUSG00000047253	11	15	NA	NA
ENSMUSG00000047257	NA	NA	76	2
ENSMUSG00000047260	86	56	NA	NA
ENSMUSG00000047261	74	35	NA	NA
ENSMUSG00000047264	5	55	NA	NA
ENSMUSG00000047281	16	2	NA	NA
ENSMUSG00000047284	6	51	NA	NA
ENSMUSG00000047295	NA	NA	2	64
ENSMUSG00000047298	NA	NA	50	72
ENSMUSG00000047307	12	27	NA	NA
ENSMUSG00000047324	NA	NA	32	91
ENSMUSG00000047330	1	70	NA	NA
ENSMUSG00000047342	24	19	6	82
ENSMUSG00000047344	NA	NA	48	18
ENSMUSG00000047352	NA	NA	79	4
ENSMUSG00000047363	NA	NA	5	81
ENSMUSG00000047368	NA	NA	36	22
ENSMUSG00000047371	28	30	NA	NA
ENSMUSG00000047388	1	63	16	21
ENSMUSG00000047390	1	42	NA	NA
ENSMUSG00000047394	NA	NA	12	14
ENSMUSG00000047407	93	10	NA	NA
ENSMUSG00000047409	90	67	NA	NA
ENSMUSG00000047412	83	34	82	13
ENSMUSG00000047414	NA	NA	68	73
ENSMUSG00000047415	NA	NA	57	50
ENSMUSG00000047417	14	31	59	52
ENSMUSG00000047419	63	22	NA	NA
ENSMUSG00000047423	61	33	NA	NA
ENSMUSG00000047428	48	9	NA	NA
ENSMUSG00000047434	NA	NA	76	90
ENSMUSG00000047446	24	37	22	48
ENSMUSG00000047454	92	34	NA	NA
ENSMUSG00000047459	43	76	NA	NA
ENSMUSG00000047466	NA	NA	65	45
ENSMUSG00000047473	16	2	58	15
ENSMUSG00000047492	13	42	NA	NA
ENSMUSG00000047495	NA	NA	68	80
ENSMUSG00000047496	NA	NA	46	26
ENSMUSG00000047497	NA	NA	11	8
ENSMUSG00000047501	15	23	NA	NA
ENSMUSG00000047507	26	35	NA	NA
ENSMUSG00000047508	27	8	38	3
ENSMUSG00000047514	61	25	NA	NA
ENSMUSG00000047517	47	2	NA	NA
ENSMUSG00000047518	NA	NA	51	57
ENSMUSG00000047528	NA	NA	23	0
ENSMUSG00000047534	94	88	85	55
ENSMUSG00000047535	16	61	NA	NA
ENSMUSG00000047539	18	54	48	29
ENSMUSG00000047547	68	55	38	68
ENSMUSG00000047554	4	56	5	22
ENSMUSG00000047557	91	97	NA	NA
ENSMUSG00000047562	55	28	NA	NA
ENSMUSG00000047564	1	45	NA	NA
ENSMUSG00000047583	NA	NA	85	45
ENSMUSG00000047586	NA	NA	18	78
ENSMUSG00000047591	82	78	NA	NA
ENSMUSG00000047603	35	9	51	43
ENSMUSG00000047604	7	2	NA	NA
ENSMUSG00000047606	NA	NA	35	93
ENSMUSG00000047613	28	74	NA	NA
ENSMUSG00000047617	NA	NA	47	93
ENSMUSG00000047619	NA	NA	75	10
ENSMUSG00000047631	35	23	NA	NA
ENSMUSG00000047632	NA	NA	45	22
ENSMUSG00000047635	NA	NA	42	47
ENSMUSG00000047638	20	26	NA	NA
ENSMUSG00000047648	NA	NA	13	20
ENSMUSG00000047649	NA	NA	90	76
ENSMUSG00000047654	10	30	NA	NA
ENSMUSG00000047656	67	82	NA	NA
ENSMUSG00000047661	NA	NA	42	12
ENSMUSG00000047669	18	58	NA	NA
ENSMUSG00000047671	43	61	NA	NA
ENSMUSG00000047674	32	47	NA	NA
ENSMUSG00000047686	NA	NA	99	95
ENSMUSG00000047692	NA	NA	81	12
ENSMUSG00000047694	NA	NA	91	97
ENSMUSG00000047710	NA	NA	26	46
ENSMUSG00000047712	NA	NA	40	46
ENSMUSG00000047714	19	31	28	22
ENSMUSG00000047719	1	35	NA	NA
ENSMUSG00000047720	42	36	NA	NA
ENSMUSG00000047721	14	61	NA	NA
ENSMUSG00000047728	41	30	NA	NA
ENSMUSG00000047731	74	11	NA	NA
ENSMUSG00000047735	NA	NA	91	34
ENSMUSG00000047747	NA	NA	98	83
ENSMUSG00000047749	NA	NA	96	34
ENSMUSG00000047751	3	31	NA	NA
ENSMUSG00000047757	NA	NA	0	43
ENSMUSG00000047759	56	15	NA	NA
ENSMUSG00000047766	67	21	34	84
ENSMUSG00000047767	NA	NA	72	89
ENSMUSG00000047773	NA	NA	57	81
ENSMUSG00000047777	69	70	NA	NA
ENSMUSG00000047787	NA	NA	84	33
ENSMUSG00000047789	NA	NA	45	23
ENSMUSG00000047793	NA	NA	63	86
ENSMUSG00000047797	13	36	NA	NA
ENSMUSG00000047798	24	48	NA	NA
ENSMUSG00000047799	NA	NA	26	69
ENSMUSG00000047804	30	8	37	48
ENSMUSG00000047810	NA	NA	62	9
ENSMUSG00000047821	90	93	NA	NA
ENSMUSG00000047822	31	64	NA	NA
ENSMUSG00000047824	26	85	NA	NA
ENSMUSG00000047832	93	81	NA	NA
ENSMUSG00000047841	NA	NA	92	79
ENSMUSG00000047842	NA	NA	80	2
ENSMUSG00000047854	11	37	NA	NA
ENSMUSG00000047861	67	16	NA	NA
ENSMUSG00000047866	73	97	27	37
ENSMUSG00000047867	47	9	64	55
ENSMUSG00000047878	86	63	NA	NA
ENSMUSG00000047879	52	42	85	40
ENSMUSG00000047880	56	53	NA	NA
ENSMUSG00000047881	64	79	NA	NA
ENSMUSG00000047888	54	22	NA	NA
ENSMUSG00000047894	35	36	NA	NA
ENSMUSG00000047897	NA	NA	43	13
ENSMUSG00000047898	23	19	NA	NA
ENSMUSG00000047904	34	52	NA	NA
ENSMUSG00000047907	30	9	0	66
ENSMUSG00000047909	NA	NA	42	90
ENSMUSG00000047910	71	9	40	5
ENSMUSG00000047921	NA	NA	29	92
ENSMUSG00000047938	47	25	NA	NA
ENSMUSG00000047945	96	85	NA	NA
ENSMUSG00000047953	32	39	NA	NA
ENSMUSG00000047959	79	13	NA	NA
ENSMUSG00000047963	99	92	NA	NA
ENSMUSG00000047976	19	25	NA	NA
ENSMUSG00000047988	61	58	NA	NA
ENSMUSG00000047989	46	71	NA	NA
ENSMUSG00000047996	NA	NA	29	77
ENSMUSG00000048000	60	74	81	4
ENSMUSG00000048001	38	18	NA	NA
ENSMUSG00000048004	NA	NA	36	87
ENSMUSG00000048012	NA	NA	53	56
ENSMUSG00000048013	25	76	NA	NA
ENSMUSG00000048015	24	38	24	15
ENSMUSG00000048022	NA	NA	78	47
ENSMUSG00000048027	NA	NA	73	60
ENSMUSG00000048029	NA	NA	57	62
ENSMUSG00000048038	NA	NA	2	58
ENSMUSG00000048039	NA	NA	91	12
ENSMUSG00000048040	58	95	NA	NA
ENSMUSG00000048047	3	6	82	56
ENSMUSG00000048058	NA	NA	59	94
ENSMUSG00000048062	26	44	NA	NA
ENSMUSG00000048065	NA	NA	4	24
ENSMUSG00000048070	NA	NA	8	58
ENSMUSG00000048077	NA	NA	31	39
ENSMUSG00000048078	79	67	31	43
ENSMUSG00000048096	77	81	NA	NA
ENSMUSG00000048106	9	26	41	34
ENSMUSG00000048108	NA	NA	12	19
ENSMUSG00000048109	61	89	NA	NA
ENSMUSG00000048118	NA	NA	25	57
ENSMUSG00000048120	10	11	NA	NA
ENSMUSG00000048126	78	89	NA	NA
ENSMUSG00000048138	96	56	NA	NA
ENSMUSG00000048142	NA	NA	61	78
ENSMUSG00000048148	NA	NA	63	48
ENSMUSG00000048153	2	12	NA	NA
ENSMUSG00000048154	2	45	87	96
ENSMUSG00000048155	NA	NA	12	1
ENSMUSG00000048163	37	21	NA	NA
ENSMUSG00000048170	76	47	84	23
ENSMUSG00000048174	NA	NA	3	31
ENSMUSG00000048175	11	71	NA	NA
ENSMUSG00000048186	NA	NA	17	69
ENSMUSG00000048200	22	60	NA	NA
ENSMUSG00000048206	9	18	NA	NA
ENSMUSG00000048215	NA	NA	64	35
ENSMUSG00000048216	14	57	NA	NA
ENSMUSG00000048217	61	39	NA	NA
ENSMUSG00000048218	NA	NA	0	50
ENSMUSG00000048230	2	29	NA	NA
ENSMUSG00000048232	NA	NA	90	40
ENSMUSG00000048240	NA	NA	67	77
ENSMUSG00000048249	46	29	4	33
ENSMUSG00000048251	43	56	73	62
ENSMUSG00000048264	NA	NA	29	98
ENSMUSG00000048271	NA	NA	88	90
ENSMUSG00000048277	88	85	NA	NA
ENSMUSG00000048279	2	86	49	18
ENSMUSG00000048280	NA	NA	36	74
ENSMUSG00000048281	NA	NA	70	87
ENSMUSG00000048285	91	44	NA	NA
ENSMUSG00000048304	NA	NA	37	66
ENSMUSG00000048307	35	88	NA	NA
ENSMUSG00000048310	NA	NA	64	58
ENSMUSG00000048327	NA	NA	96	83
ENSMUSG00000048329	38	27	NA	NA
ENSMUSG00000048330	NA	NA	0	80
ENSMUSG00000048332	NA	NA	98	99
ENSMUSG00000048337	65	74	NA	NA
ENSMUSG00000048347	27	38	NA	NA
ENSMUSG00000048349	NA	NA	23	38
ENSMUSG00000048351	29	0	84	29
ENSMUSG00000048355	59	20	NA	NA
ENSMUSG00000048368	73	99	NA	NA
ENSMUSG00000048371	NA	NA	19	72
ENSMUSG00000048373	22	38	NA	NA
ENSMUSG00000048376	98	78	NA	NA
ENSMUSG00000048379	5	44	86	27
ENSMUSG00000048385	51	10	23	58
ENSMUSG00000048387	38	48	NA	NA
ENSMUSG00000048388	NA	NA	43	86
ENSMUSG00000048398	NA	NA	2	56
ENSMUSG00000048399	NA	NA	3	76
ENSMUSG00000048400	NA	NA	84	43
ENSMUSG00000048402	27	26	NA	NA
ENSMUSG00000048406	NA	NA	88	21
ENSMUSG00000048410	NA	NA	74	26
ENSMUSG00000048416	37	4	NA	NA
ENSMUSG00000048424	NA	NA	72	77
ENSMUSG00000048429	20	58	NA	NA
ENSMUSG00000048439	54	14	73	52
ENSMUSG00000048440	16	38	NA	NA
ENSMUSG00000048442	NA	NA	96	33
ENSMUSG00000048445	NA	NA	47	67
ENSMUSG00000048450	54	13	NA	NA
ENSMUSG00000048455	42	53	NA	NA
ENSMUSG00000048458	NA	NA	34	42
ENSMUSG00000048478	NA	NA	81	70
ENSMUSG00000048481	73	36	NA	NA
ENSMUSG00000048482	5	82	NA	NA
ENSMUSG00000048483	NA	NA	12	45
ENSMUSG00000048484	68	63	NA	NA
ENSMUSG00000048485	NA	NA	6	65
ENSMUSG00000048486	NA	NA	83	55
ENSMUSG00000048489	NA	NA	41	23
ENSMUSG00000048490	71	73	37	11
ENSMUSG00000048495	31	86	NA	NA
ENSMUSG00000048497	80	85	NA	NA
ENSMUSG00000048500	13	47	NA	NA
ENSMUSG00000048503	NA	NA	49	60
ENSMUSG00000048516	19	26	NA	NA
ENSMUSG00000048520	NA	NA	69	64
ENSMUSG00000048521	39	30	NA	NA
ENSMUSG00000048528	32	50	NA	NA
ENSMUSG00000048537	6	63	NA	NA
ENSMUSG00000048540	NA	NA	46	11
ENSMUSG00000048546	85	14	71	12
ENSMUSG00000048550	19	41	NA	NA
ENSMUSG00000048562	NA	NA	12	71
ENSMUSG00000048572	NA	NA	12	39
ENSMUSG00000048573	NA	NA	65	97
ENSMUSG00000048578	12	85	28	89
ENSMUSG00000048581	NA	NA	16	94
ENSMUSG00000048582	30	32	87	89
ENSMUSG00000048602	NA	NA	7	1
ENSMUSG00000048603	NA	NA	41	66
ENSMUSG00000048612	94	5	NA	NA
ENSMUSG00000048616	62	22	NA	NA
ENSMUSG00000048617	23	5	NA	NA
ENSMUSG00000048621	NA	NA	25	49
ENSMUSG00000048626	57	38	NA	NA
ENSMUSG00000048628	NA	NA	52	78
ENSMUSG00000048644	NA	NA	97	41
ENSMUSG00000048647	NA	NA	52	44
ENSMUSG00000048655	NA	NA	1	41
ENSMUSG00000048661	NA	NA	53	92
ENSMUSG00000048668	52	87	NA	NA
ENSMUSG00000048677	9	18	NA	NA
ENSMUSG00000048686	8	21	NA	NA
ENSMUSG00000048696	NA	NA	62	42
ENSMUSG00000048701	66	56	69	5
ENSMUSG00000048706	NA	NA	97	98
ENSMUSG00000048707	59	34	NA	NA
ENSMUSG00000048720	NA	NA	42	87
ENSMUSG00000048721	NA	NA	29	37
ENSMUSG00000048728	NA	NA	34	19
ENSMUSG00000048731	NA	NA	73	74
ENSMUSG00000048732	7	12	NA	NA
ENSMUSG00000048747	NA	NA	11	8
ENSMUSG00000048752	NA	NA	36	11
ENSMUSG00000048755	82	91	NA	NA
ENSMUSG00000048756	76	74	32	54
ENSMUSG00000048763	0	77	4	10
ENSMUSG00000048766	NA	NA	36	34
ENSMUSG00000048772	80	88	NA	NA
ENSMUSG00000048776	22	0	NA	NA
ENSMUSG00000048779	35	21	NA	NA
ENSMUSG00000048782	NA	NA	46	63
ENSMUSG00000048787	NA	NA	41	86
ENSMUSG00000048796	NA	NA	76	49
ENSMUSG00000048799	NA	NA	64	83
ENSMUSG00000048806	48	7	NA	NA
ENSMUSG00000048807	72	83	14	66
ENSMUSG00000048814	NA	NA	72	70
ENSMUSG00000048824	21	9	NA	NA
ENSMUSG00000048826	NA	NA	91	12
ENSMUSG00000048830	16	10	NA	NA
ENSMUSG00000048832	76	61	NA	NA
ENSMUSG00000048833	5	32	NA	NA
ENSMUSG00000048834	56	33	NA	NA
ENSMUSG00000048852	51	13	NA	NA
ENSMUSG00000048856	14	25	NA	NA
ENSMUSG00000048865	NA	NA	45	27
ENSMUSG00000048874	17	29	42	65
ENSMUSG00000048875	70	49	NA	NA
ENSMUSG00000048878	70	45	NA	NA
ENSMUSG00000048895	87	63	NA	NA
ENSMUSG00000048897	NA	NA	64	52
ENSMUSG00000048899	NA	NA	21	4
ENSMUSG00000048904	44	19	NA	NA
ENSMUSG00000048905	NA	NA	59	50
ENSMUSG00000048911	NA	NA	99	96
ENSMUSG00000048915	75	52	94	98
ENSMUSG00000048920	NA	NA	56	85
ENSMUSG00000048921	69	28	0	2
ENSMUSG00000048922	NA	NA	91	69
ENSMUSG00000048924	NA	NA	44	37
ENSMUSG00000048930	30	69	NA	NA
ENSMUSG00000048939	NA	NA	78	81
ENSMUSG00000048960	NA	NA	7	27
ENSMUSG00000048965	NA	NA	62	91
ENSMUSG00000048970	79	90	NA	NA
ENSMUSG00000048978	61	16	NA	NA
ENSMUSG00000048981	92	61	NA	NA
ENSMUSG00000048988	NA	NA	9	82
ENSMUSG00000048992	55	90	NA	NA
ENSMUSG00000048994	NA	NA	52	88
ENSMUSG00000048997	NA	NA	29	55
ENSMUSG00000049001	NA	NA	79	11
ENSMUSG00000049036	68	12	NA	NA
ENSMUSG00000049038	61	56	NA	NA
ENSMUSG00000049044	9	77	78	13
ENSMUSG00000049076	NA	NA	98	72
ENSMUSG00000049086	20	6	NA	NA
ENSMUSG00000049090	82	50	NA	NA
ENSMUSG00000049091	47	89	NA	NA
ENSMUSG00000049092	NA	NA	44	1
ENSMUSG00000049097	NA	NA	46	42
ENSMUSG00000049100	17	46	12	47
ENSMUSG00000049103	56	14	54	65
ENSMUSG00000049106	13	8	49	30
ENSMUSG00000049107	67	82	9	14
ENSMUSG00000049109	NA	NA	65	5
ENSMUSG00000049112	NA	NA	37	45
ENSMUSG00000049115	NA	NA	52	54
ENSMUSG00000049119	NA	NA	99	92
ENSMUSG00000049122	NA	NA	9	30
ENSMUSG00000049123	NA	NA	21	40
ENSMUSG00000049128	28	30	58	84
ENSMUSG00000049130	16	73	63	6
ENSMUSG00000049134	93	29	NA	NA
ENSMUSG00000049148	NA	NA	4	15
ENSMUSG00000049152	18	20	NA	NA
ENSMUSG00000049154	NA	NA	82	61
ENSMUSG00000049160	NA	NA	52	54
ENSMUSG00000049164	NA	NA	33	62
ENSMUSG00000049173	49	1	90	11
ENSMUSG00000049184	80	46	NA	NA
ENSMUSG00000049191	NA	NA	13	45
ENSMUSG00000049202	NA	NA	40	22
ENSMUSG00000049225	NA	NA	70	87
ENSMUSG00000049232	NA	NA	82	98
ENSMUSG00000049241	NA	NA	17	73
ENSMUSG00000049246	4	19	NA	NA
ENSMUSG00000049252	65	18	55	37
ENSMUSG00000049265	23	17	NA	NA
ENSMUSG00000049281	35	47	NA	NA
ENSMUSG00000049285	NA	NA	10	77
ENSMUSG00000049287	NA	NA	74	52
ENSMUSG00000049288	NA	NA	98	97
ENSMUSG00000049295	55	15	NA	NA
ENSMUSG00000049299	79	56	NA	NA
ENSMUSG00000049300	56	59	38	39
ENSMUSG00000049303	94	94	NA	NA
ENSMUSG00000049305	74	84	NA	NA
ENSMUSG00000049307	28	43	78	9
ENSMUSG00000049313	19	38	25	18
ENSMUSG00000049314	NA	NA	1	28
ENSMUSG00000049321	18	8	NA	NA
ENSMUSG00000049323	NA	NA	61	89
ENSMUSG00000049327	64	18	55	87
ENSMUSG00000049336	39	62	37	9
ENSMUSG00000049339	91	2	NA	NA
ENSMUSG00000049350	35	43	NA	NA
ENSMUSG00000049353	8	20	NA	NA
ENSMUSG00000049354	NA	NA	89	66
ENSMUSG00000049387	NA	NA	24	63
ENSMUSG00000049401	77	24	NA	NA
ENSMUSG00000049404	NA	NA	17	18
ENSMUSG00000049409	1	46	NA	NA
ENSMUSG00000049411	NA	NA	39	16
ENSMUSG00000049420	NA	NA	57	69
ENSMUSG00000049421	18	50	NA	NA
ENSMUSG00000049422	99	92	NA	NA
ENSMUSG00000049436	NA	NA	19	31
ENSMUSG00000049439	NA	NA	52	68
ENSMUSG00000049470	62	85	NA	NA
ENSMUSG00000049476	NA	NA	61	20
ENSMUSG00000049482	NA	NA	29	20
ENSMUSG00000049488	NA	NA	60	50
ENSMUSG00000049489	26	73	NA	NA
ENSMUSG00000049491	NA	NA	40	12
ENSMUSG00000049493	19	8	NA	NA
ENSMUSG00000049502	NA	NA	89	66
ENSMUSG00000049504	3	34	11	77
ENSMUSG00000049511	22	11	80	90
ENSMUSG00000049516	NA	NA	43	37
ENSMUSG00000049521	93	11	NA	NA
ENSMUSG00000049526	NA	NA	77	97
ENSMUSG00000049532	87	46	NA	NA
ENSMUSG00000049536	6	96	NA	NA
ENSMUSG00000049537	NA	NA	31	89
ENSMUSG00000049538	NA	NA	66	51
ENSMUSG00000049548	51	17	NA	NA
ENSMUSG00000049550	62	23	73	59
ENSMUSG00000049551	48	6	NA	NA
ENSMUSG00000049553	85	94	NA	NA
ENSMUSG00000049555	NA	NA	32	60
ENSMUSG00000049556	36	43	71	54
ENSMUSG00000049562	NA	NA	63	40
ENSMUSG00000049565	NA	NA	27	45
ENSMUSG00000049571	NA	NA	40	75
ENSMUSG00000049577	55	90	NA	NA
ENSMUSG00000049580	19	37	NA	NA
ENSMUSG00000049583	NA	NA	33	73
ENSMUSG00000049588	NA	NA	31	35
ENSMUSG00000049593	20	36	NA	NA
ENSMUSG00000049598	NA	NA	68	61
ENSMUSG00000049600	81	75	6	20
ENSMUSG00000049604	57	53	NA	NA
ENSMUSG00000049606	54	35	12	35
ENSMUSG00000049612	57	66	NA	NA
ENSMUSG00000049624	NA	NA	60	96
ENSMUSG00000049625	NA	NA	21	73
ENSMUSG00000049630	38	15	NA	NA
ENSMUSG00000049641	NA	NA	77	43
ENSMUSG00000049643	52	67	NA	NA
ENSMUSG00000049649	14	28	NA	NA
ENSMUSG00000049653	NA	NA	50	32
ENSMUSG00000049658	NA	NA	79	66
ENSMUSG00000049659	84	66	10	43
ENSMUSG00000049670	85	72	NA	NA
ENSMUSG00000049672	72	6	NA	NA
ENSMUSG00000049680	NA	NA	60	31
ENSMUSG00000049686	68	90	NA	NA
ENSMUSG00000049687	51	33	NA	NA
ENSMUSG00000049690	NA	NA	85	9
ENSMUSG00000049694	NA	NA	4	4
ENSMUSG00000049699	24	30	NA	NA
ENSMUSG00000049709	NA	NA	7	64
ENSMUSG00000049717	NA	NA	88	21
ENSMUSG00000049719	NA	NA	24	20
ENSMUSG00000049721	60	87	NA	NA
ENSMUSG00000049723	6	74	NA	NA
ENSMUSG00000049728	NA	NA	58	0
ENSMUSG00000049739	NA	NA	10	35
ENSMUSG00000049740	NA	NA	48	40
ENSMUSG00000049744	NA	NA	21	58
ENSMUSG00000049755	23	21	53	44
ENSMUSG00000049760	81	9	NA	NA
ENSMUSG00000049764	NA	NA	90	40
ENSMUSG00000049775	67	89	NA	NA
ENSMUSG00000049791	90	93	95	81
ENSMUSG00000049792	47	57	NA	NA
ENSMUSG00000049796	NA	NA	19	5
ENSMUSG00000049799	NA	NA	58	2
ENSMUSG00000049800	62	49	NA	NA
ENSMUSG00000049804	86	12	NA	NA
ENSMUSG00000049807	2	0	NA	NA
ENSMUSG00000049809	26	45	NA	NA
ENSMUSG00000049811	25	58	68	26
ENSMUSG00000049823	87	41	NA	NA
ENSMUSG00000049858	93	81	NA	NA
ENSMUSG00000049866	14	99	85	89
ENSMUSG00000049871	NA	NA	83	54
ENSMUSG00000049872	37	31	NA	NA
ENSMUSG00000049878	2	82	45	1
ENSMUSG00000049881	4	69	NA	NA
ENSMUSG00000049882	NA	NA	39	93
ENSMUSG00000049892	20	84	NA	NA
ENSMUSG00000049902	NA	NA	19	8
ENSMUSG00000049904	NA	NA	29	83
ENSMUSG00000049907	34	32	NA	NA
ENSMUSG00000049908	18	11	NA	NA
ENSMUSG00000049922	15	82	NA	NA
ENSMUSG00000049929	28	39	99	52
ENSMUSG00000049932	93	96	NA	NA
ENSMUSG00000049939	6	14	2	47
ENSMUSG00000049940	46	77	NA	NA
ENSMUSG00000049946	NA	NA	55	33
ENSMUSG00000049957	11	22	NA	NA
ENSMUSG00000049960	68	63	NA	NA
ENSMUSG00000049969	11	78	NA	NA
ENSMUSG00000049985	NA	NA	29	68
ENSMUSG00000049999	NA	NA	33	51
ENSMUSG00000050002	56	65	57	37
ENSMUSG00000050010	NA	NA	18	84
ENSMUSG00000050017	70	33	47	24
ENSMUSG00000050022	NA	NA	71	42
ENSMUSG00000050029	27	37	NA	NA
ENSMUSG00000050035	29	49	NA	NA
ENSMUSG00000050050	NA	NA	22	40
ENSMUSG00000050052	25	9	NA	NA
ENSMUSG00000050058	41	1	NA	NA
ENSMUSG00000050063	12	23	NA	NA
ENSMUSG00000050064	22	59	96	62
ENSMUSG00000050069	1	52	NA	NA
ENSMUSG00000050071	99	47	NA	NA
ENSMUSG00000050074	NA	NA	18	32
ENSMUSG00000050075	NA	NA	60	69
ENSMUSG00000050079	0	67	NA	NA
ENSMUSG00000050087	NA	NA	91	3
ENSMUSG00000050088	95	87	NA	NA
ENSMUSG00000050089	38	38	NA	NA
ENSMUSG00000050097	NA	NA	60	12
ENSMUSG00000050100	81	84	NA	NA
ENSMUSG00000050103	NA	NA	69	80
ENSMUSG00000050105	NA	NA	51	59
ENSMUSG00000050106	NA	NA	1	58
ENSMUSG00000050107	83	56	NA	NA
ENSMUSG00000050108	NA	NA	36	24
ENSMUSG00000050114	NA	NA	48	4
ENSMUSG00000050121	NA	NA	68	56
ENSMUSG00000050122	NA	NA	48	21
ENSMUSG00000050132	NA	NA	72	68
ENSMUSG00000050138	NA	NA	21	38
ENSMUSG00000050144	32	4	NA	NA
ENSMUSG00000050148	94	12	NA	NA
ENSMUSG00000050150	23	11	16	27
ENSMUSG00000050164	4	25	58	62
ENSMUSG00000050174	64	82	NA	NA
ENSMUSG00000050179	NA	NA	30	72
ENSMUSG00000050188	71	60	NA	NA
ENSMUSG00000050189	32	61	NA	NA
ENSMUSG00000050192	NA	NA	67	61
ENSMUSG00000050197	NA	NA	21	14
ENSMUSG00000050199	NA	NA	95	99
ENSMUSG00000050201	NA	NA	88	1
ENSMUSG00000050211	NA	NA	14	4
ENSMUSG00000050212	NA	NA	98	97
ENSMUSG00000050213	44	33	NA	NA
ENSMUSG00000050215	14	16	NA	NA
ENSMUSG00000050222	59	3	NA	NA
ENSMUSG00000050224	16	48	NA	NA
ENSMUSG00000050229	77	76	22	67
ENSMUSG00000050232	39	4	NA	NA
ENSMUSG00000050234	3	12	NA	NA
ENSMUSG00000050240	35	12	1	22
ENSMUSG00000050241	NA	NA	77	14
ENSMUSG00000050244	90	97	NA	NA
ENSMUSG00000050248	NA	NA	13	19
ENSMUSG00000050266	43	72	NA	NA
ENSMUSG00000050271	NA	NA	83	97
ENSMUSG00000050272	49	1	57	52
ENSMUSG00000050276	NA	NA	28	0
ENSMUSG00000050288	74	13	NA	NA
ENSMUSG00000050295	34	90	58	36
ENSMUSG00000050296	NA	NA	30	37
ENSMUSG00000050304	6	11	NA	NA
ENSMUSG00000050310	23	7	82	19
ENSMUSG00000050312	NA	NA	29	41
ENSMUSG00000050315	78	96	74	99
ENSMUSG00000050321	21	30	49	51
ENSMUSG00000050323	NA	NA	83	24
ENSMUSG00000050332	NA	NA	96	15
ENSMUSG00000050334	NA	NA	66	25
ENSMUSG00000050335	88	63	NA	NA
ENSMUSG00000050350	NA	NA	7	32
ENSMUSG00000050357	NA	NA	54	6
ENSMUSG00000050359	48	73	NA	NA
ENSMUSG00000050370	40	79	NA	NA
ENSMUSG00000050373	4	53	86	56
ENSMUSG00000050377	75	26	NA	NA
ENSMUSG00000050379	73	40	53	92
ENSMUSG00000050382	NA	NA	90	63
ENSMUSG00000050383	2	24	NA	NA
ENSMUSG00000050390	79	85	NA	NA
ENSMUSG00000050397	NA	NA	4	44
ENSMUSG00000050423	NA	NA	12	34
ENSMUSG00000050424	NA	NA	22	90
ENSMUSG00000050428	NA	NA	43	2
ENSMUSG00000050440	36	40	NA	NA
ENSMUSG00000050445	23	52	NA	NA
ENSMUSG00000050447	NA	NA	94	94
ENSMUSG00000050463	NA	NA	53	72
ENSMUSG00000050468	NA	NA	47	82
ENSMUSG00000050471	39	83	NA	NA
ENSMUSG00000050493	11	54	NA	NA
ENSMUSG00000050505	16	43	NA	NA
ENSMUSG00000050511	46	56	NA	NA
ENSMUSG00000050520	28	45	NA	NA
ENSMUSG00000050530	NA	NA	95	69
ENSMUSG00000050534	46	53	NA	NA
ENSMUSG00000050538	NA	NA	40	92
ENSMUSG00000050541	64	56	NA	NA
ENSMUSG00000050545	NA	NA	10	73
ENSMUSG00000050549	NA	NA	32	66
ENSMUSG00000050552	54	94	NA	NA
ENSMUSG00000050553	32	60	NA	NA
ENSMUSG00000050555	NA	NA	0	5
ENSMUSG00000050556	86	51	51	55
ENSMUSG00000050558	NA	NA	73	80
ENSMUSG00000050565	71	52	NA	NA
ENSMUSG00000050567	72	13	NA	NA
ENSMUSG00000050578	16	0	NA	NA
ENSMUSG00000050587	NA	NA	42	45
ENSMUSG00000050592	NA	NA	90	54
ENSMUSG00000050605	63	90	NA	NA
ENSMUSG00000050608	22	95	88	65
ENSMUSG00000050612	NA	NA	29	50
ENSMUSG00000050627	NA	NA	52	63
ENSMUSG00000050635	21	50	NA	NA
ENSMUSG00000050640	NA	NA	64	55
ENSMUSG00000050641	NA	NA	12	15
ENSMUSG00000050645	NA	NA	52	75
ENSMUSG00000050650	3	6	NA	NA
ENSMUSG00000050663	NA	NA	1	74
ENSMUSG00000050666	NA	NA	33	77
ENSMUSG00000050668	NA	NA	42	9
ENSMUSG00000050675	81	66	NA	NA
ENSMUSG00000050677	30	17	NA	NA
ENSMUSG00000050685	NA	NA	85	65
ENSMUSG00000050697	NA	NA	61	62
ENSMUSG00000050704	NA	NA	63	82
ENSMUSG00000050705	67	68	NA	NA
ENSMUSG00000050711	19	61	NA	NA
ENSMUSG00000050714	NA	NA	41	61
ENSMUSG00000050721	67	46	NA	NA
ENSMUSG00000050730	NA	NA	88	10
ENSMUSG00000050732	87	45	NA	NA
ENSMUSG00000050737	22	39	44	15
ENSMUSG00000050747	18	36	NA	NA
ENSMUSG00000050751	NA	NA	21	29
ENSMUSG00000050756	52	51	NA	NA
ENSMUSG00000050762	NA	NA	41	84
ENSMUSG00000050765	NA	NA	69	30
ENSMUSG00000050766	39	67	NA	NA
ENSMUSG00000050777	88	24	NA	NA
ENSMUSG00000050783	7	18	47	3
ENSMUSG00000050786	NA	NA	34	85
ENSMUSG00000050796	26	58	39	35
ENSMUSG00000050808	5	21	NA	NA
ENSMUSG00000050810	NA	NA	65	18
ENSMUSG00000050812	84	21	68	50
ENSMUSG00000050821	29	35	NA	NA
ENSMUSG00000050822	28	8	NA	NA
ENSMUSG00000050824	44	24	NA	NA
ENSMUSG00000050830	NA	NA	25	34
ENSMUSG00000050840	30	22	NA	NA
ENSMUSG00000050844	NA	NA	67	23
ENSMUSG00000050846	80	25	NA	NA
ENSMUSG00000050854	NA	NA	12	73
ENSMUSG00000050855	0	16	NA	NA
ENSMUSG00000050856	11	17	NA	NA
ENSMUSG00000050866	18	24	NA	NA
ENSMUSG00000050875	NA	NA	54	20
ENSMUSG00000050890	45	56	NA	NA
ENSMUSG00000050891	NA	NA	25	97
ENSMUSG00000050896	NA	NA	20	22
ENSMUSG00000050908	46	22	NA	NA
ENSMUSG00000050910	33	56	42	6
ENSMUSG00000050912	90	94	NA	NA
ENSMUSG00000050914	NA	NA	97	62
ENSMUSG00000050917	41	5	NA	NA
ENSMUSG00000050921	NA	NA	25	60
ENSMUSG00000050930	NA	NA	13	33
ENSMUSG00000050931	NA	NA	18	3
ENSMUSG00000050936	72	35	NA	NA
ENSMUSG00000050945	NA	NA	81	40
ENSMUSG00000050947	21	28	33	23
ENSMUSG00000050953	99	35	NA	NA
ENSMUSG00000050954	NA	NA	55	47
ENSMUSG00000050957	4	25	NA	NA
ENSMUSG00000050963	37	0	57	37
ENSMUSG00000050965	84	92	93	90
ENSMUSG00000050966	37	3	NA	NA
ENSMUSG00000050967	NA	NA	30	46
ENSMUSG00000050973	NA	NA	8	92
ENSMUSG00000050989	95	88	NA	NA
ENSMUSG00000050994	NA	NA	7	45
ENSMUSG00000050996	31	28	NA	NA
ENSMUSG00000051000	NA	NA	90	56
ENSMUSG00000051007	NA	NA	88	14
ENSMUSG00000051022	81	93	NA	NA
ENSMUSG00000051029	87	61	NA	NA
ENSMUSG00000051034	NA	NA	53	59
ENSMUSG00000051037	19	23	NA	NA
ENSMUSG00000051041	NA	NA	84	47
ENSMUSG00000051043	70	69	98	89
ENSMUSG00000051048	NA	NA	93	99
ENSMUSG00000051056	13	7	NA	NA
ENSMUSG00000051062	NA	NA	43	52
ENSMUSG00000051065	NA	NA	67	88
ENSMUSG00000051067	NA	NA	61	84
ENSMUSG00000051074	NA	NA	8	39
ENSMUSG00000051076	NA	NA	75	57
ENSMUSG00000051079	NA	NA	18	62
ENSMUSG00000051098	NA	NA	92	10
ENSMUSG00000051111	NA	NA	63	57
ENSMUSG00000051113	NA	NA	18	50
ENSMUSG00000051124	NA	NA	44	29
ENSMUSG00000051136	NA	NA	70	30
ENSMUSG00000051146	NA	NA	20	8
ENSMUSG00000051147	30	1	NA	NA
ENSMUSG00000051153	15	49	NA	NA
ENSMUSG00000051154	NA	NA	77	99
ENSMUSG00000051159	96	26	NA	NA
ENSMUSG00000051166	49	59	23	60
ENSMUSG00000051169	NA	NA	16	84
ENSMUSG00000051172	50	51	NA	NA
ENSMUSG00000051177	1	29	89	45
ENSMUSG00000051184	35	42	NA	NA
ENSMUSG00000051185	96	80	NA	NA
ENSMUSG00000051198	NA	NA	33	58
ENSMUSG00000051212	NA	NA	71	56
ENSMUSG00000051220	76	96	35	49
ENSMUSG00000051223	90	40	NA	NA
ENSMUSG00000051224	NA	NA	53	37
ENSMUSG00000051228	NA	NA	52	22
ENSMUSG00000051232	79	24	NA	NA
ENSMUSG00000051234	34	85	NA	NA
ENSMUSG00000051235	NA	NA	96	53
ENSMUSG00000051236	NA	NA	98	99
ENSMUSG00000051237	NA	NA	47	62
ENSMUSG00000051238	35	81	NA	NA
ENSMUSG00000051242	27	4	NA	NA
ENSMUSG00000051243	NA	NA	61	11
ENSMUSG00000051251	14	42	NA	NA
ENSMUSG00000051256	89	71	NA	NA
ENSMUSG00000051257	63	62	NA	NA
ENSMUSG00000051262	NA	NA	39	34
ENSMUSG00000051276	60	38	NA	NA
ENSMUSG00000051278	NA	NA	19	2
ENSMUSG00000051285	47	29	73	89
ENSMUSG00000051297	NA	NA	21	4
ENSMUSG00000051306	NA	NA	62	21
ENSMUSG00000051314	5	56	NA	NA
ENSMUSG00000051316	35	76	30	71
ENSMUSG00000051319	NA	NA	84	45
ENSMUSG00000051323	NA	NA	99	77
ENSMUSG00000051329	80	65	NA	NA
ENSMUSG00000051331	15	75	66	20
ENSMUSG00000051335	NA	NA	75	97
ENSMUSG00000051339	NA	NA	99	85
ENSMUSG00000051341	37	73	NA	NA
ENSMUSG00000051343	NA	NA	82	75
ENSMUSG00000051344	NA	NA	49	60
ENSMUSG00000051346	82	69	NA	NA
ENSMUSG00000051351	60	54	NA	NA
ENSMUSG00000051355	60	68	NA	NA
ENSMUSG00000051359	73	2	10	89
ENSMUSG00000051361	NA	NA	43	38
ENSMUSG00000051367	90	82	NA	NA
ENSMUSG00000051373	3	11	NA	NA
ENSMUSG00000051375	81	25	NA	NA
ENSMUSG00000051378	NA	NA	98	79
ENSMUSG00000051379	NA	NA	51	48
ENSMUSG00000051391	78	55	NA	NA
ENSMUSG00000051396	NA	NA	27	15
ENSMUSG00000051397	4	21	NA	NA
ENSMUSG00000051401	NA	NA	70	55
ENSMUSG00000051403	15	4	NA	NA
ENSMUSG00000051413	30	25	NA	NA
ENSMUSG00000051427	NA	NA	45	63
ENSMUSG00000051431	13	15	NA	NA
ENSMUSG00000051435	NA	NA	68	63
ENSMUSG00000051437	NA	NA	41	78
ENSMUSG00000051439	72	71	NA	NA
ENSMUSG00000051444	NA	NA	64	79
ENSMUSG00000051451	37	57	73	98
ENSMUSG00000051455	NA	NA	4	59
ENSMUSG00000051456	70	91	NA	NA
ENSMUSG00000051457	27	44	2	73
ENSMUSG00000051469	57	7	67	73
ENSMUSG00000051483	61	51	NA	NA
ENSMUSG00000051486	24	12	5	37
ENSMUSG00000051490	12	5	NA	NA
ENSMUSG00000051495	NA	NA	90	92
ENSMUSG00000051497	NA	NA	77	76
ENSMUSG00000051498	53	18	NA	NA
ENSMUSG00000051499	NA	NA	62	29
ENSMUSG00000051502	81	70	NA	NA
ENSMUSG00000051504	NA	NA	17	47
ENSMUSG00000051506	NA	NA	56	50
ENSMUSG00000051510	20	64	NA	NA
ENSMUSG00000051515	59	4	NA	NA
ENSMUSG00000051517	NA	NA	78	84
ENSMUSG00000051518	NA	NA	63	94
ENSMUSG00000051527	7	45	NA	NA
ENSMUSG00000051537	NA	NA	36	53
ENSMUSG00000051550	NA	NA	59	78
ENSMUSG00000051579	61	78	NA	NA
ENSMUSG00000051586	NA	NA	29	23
ENSMUSG00000051592	58	6	NA	NA
ENSMUSG00000051596	NA	NA	34	45
ENSMUSG00000051599	23	19	NA	NA
ENSMUSG00000051606	NA	NA	39	3
ENSMUSG00000051611	NA	NA	87	86
ENSMUSG00000051615	84	65	NA	NA
ENSMUSG00000051618	NA	NA	62	56
ENSMUSG00000051627	10	50	NA	NA
ENSMUSG00000051652	NA	NA	11	16
ENSMUSG00000051663	10	17	NA	NA
ENSMUSG00000051669	27	70	NA	NA
ENSMUSG00000051671	72	62	NA	NA
ENSMUSG00000051674	NA	NA	8	32
ENSMUSG00000051675	83	84	NA	NA
ENSMUSG00000051682	NA	NA	21	11
ENSMUSG00000051695	69	2	NA	NA
ENSMUSG00000051703	NA	NA	7	70
ENSMUSG00000051705	NA	NA	42	71
ENSMUSG00000051716	17	12	NA	NA
ENSMUSG00000051721	NA	NA	39	25
ENSMUSG00000051726	NA	NA	62	72
ENSMUSG00000051727	29	14	76	37
ENSMUSG00000051728	NA	NA	40	38
ENSMUSG00000051730	86	75	NA	NA
ENSMUSG00000051732	58	51	NA	NA
ENSMUSG00000051735	NA	NA	23	54
ENSMUSG00000051736	NA	NA	55	98
ENSMUSG00000051747	90	74	85	75
ENSMUSG00000051748	38	33	NA	NA
ENSMUSG00000051758	NA	NA	89	40
ENSMUSG00000051768	31	89	NA	NA
ENSMUSG00000051769	NA	NA	70	9
ENSMUSG00000051786	NA	NA	81	23
ENSMUSG00000051788	NA	NA	50	33
ENSMUSG00000051790	90	76	59	7
ENSMUSG00000051802	44	21	NA	NA
ENSMUSG00000051804	NA	NA	98	77
ENSMUSG00000051817	61	34	22	79
ENSMUSG00000051832	NA	NA	14	48
ENSMUSG00000051839	69	25	NA	NA
ENSMUSG00000051851	80	91	NA	NA
ENSMUSG00000051853	93	9	NA	NA
ENSMUSG00000051855	98	49	NA	NA
ENSMUSG00000051860	NA	NA	59	20
ENSMUSG00000051864	13	41	NA	NA
ENSMUSG00000051879	6	39	NA	NA
ENSMUSG00000051890	NA	NA	62	62
ENSMUSG00000051896	NA	NA	46	8
ENSMUSG00000051900	NA	NA	53	32
ENSMUSG00000051906	3	13	NA	NA
ENSMUSG00000051910	2	57	22	31
ENSMUSG00000051920	0	81	NA	NA
ENSMUSG00000051934	83	8	NA	NA
ENSMUSG00000051936	31	13	NA	NA
ENSMUSG00000051950	NA	NA	91	95
ENSMUSG00000051956	NA	NA	4	42
ENSMUSG00000051977	27	60	NA	NA
ENSMUSG00000051980	65	63	NA	NA
ENSMUSG00000051989	87	72	NA	NA
ENSMUSG00000051998	NA	NA	10	23
ENSMUSG00000052013	NA	NA	53	43
ENSMUSG00000052025	NA	NA	49	79
ENSMUSG00000052026	NA	NA	40	76
ENSMUSG00000052033	NA	NA	69	94
ENSMUSG00000052040	60	14	NA	NA
ENSMUSG00000052056	NA	NA	55	86
ENSMUSG00000052062	8	64	80	82
ENSMUSG00000052075	24	38	NA	NA
ENSMUSG00000052085	30	67	21	11
ENSMUSG00000052087	27	17	NA	NA
ENSMUSG00000052099	NA	NA	32	33
ENSMUSG00000052105	NA	NA	49	37
ENSMUSG00000052117	NA	NA	68	61
ENSMUSG00000052131	100	73	NA	NA
ENSMUSG00000052133	24	65	86	63
ENSMUSG00000052137	NA	NA	57	57
ENSMUSG00000052139	88	23	31	0
ENSMUSG00000052142	47	54	90	51
ENSMUSG00000052144	74	83	NA	NA
ENSMUSG00000052146	14	43	NA	NA
ENSMUSG00000052151	87	92	NA	NA
ENSMUSG00000052154	NA	NA	61	64
ENSMUSG00000052155	58	14	NA	NA
ENSMUSG00000052160	74	39	NA	NA
ENSMUSG00000052180	44	23	NA	NA
ENSMUSG00000052187	6	59	NA	NA
ENSMUSG00000052188	NA	NA	44	63
ENSMUSG00000052212	28	49	NA	NA
ENSMUSG00000052214	42	77	49	92
ENSMUSG00000052217	61	54	NA	NA
ENSMUSG00000052221	NA	NA	33	50
ENSMUSG00000052229	NA	NA	45	61
ENSMUSG00000052234	20	8	NA	NA
ENSMUSG00000052241	NA	NA	96	94
ENSMUSG00000052253	96	38	73	7
ENSMUSG00000052270	0	48	NA	NA
ENSMUSG00000052271	11	19	NA	NA
ENSMUSG00000052291	NA	NA	32	83
ENSMUSG00000052296	NA	NA	5	15
ENSMUSG00000052298	94	25	NA	NA
ENSMUSG00000052299	34	37	73	19
ENSMUSG00000052301	26	36	NA	NA
ENSMUSG00000052302	NA	NA	49	2
ENSMUSG00000052310	18	58	NA	NA
ENSMUSG00000052316	NA	NA	65	63
ENSMUSG00000052331	97	97	17	51
ENSMUSG00000052336	13	25	NA	NA
ENSMUSG00000052337	41	12	83	19
ENSMUSG00000052353	11	4	48	27
ENSMUSG00000052363	NA	NA	96	6
ENSMUSG00000052364	NA	NA	13	23
ENSMUSG00000052369	42	47	NA	NA
ENSMUSG00000052371	NA	NA	84	1
ENSMUSG00000052372	NA	NA	22	66
ENSMUSG00000052373	85	44	37	60
ENSMUSG00000052374	99	88	NA	NA
ENSMUSG00000052376	NA	NA	28	58
ENSMUSG00000052384	0	52	NA	NA
ENSMUSG00000052387	NA	NA	51	2
ENSMUSG00000052392	20	56	NA	NA
ENSMUSG00000052396	32	72	NA	NA
ENSMUSG00000052397	76	96	NA	NA
ENSMUSG00000052406	84	95	NA	NA
ENSMUSG00000052407	NA	NA	86	12
ENSMUSG00000052415	21	33	NA	NA
ENSMUSG00000052419	25	83	NA	NA
ENSMUSG00000052423	0	52	NA	NA
ENSMUSG00000052428	36	84	NA	NA
ENSMUSG00000052430	14	38	29	29
ENSMUSG00000052446	NA	NA	23	69
ENSMUSG00000052456	48	29	NA	NA
ENSMUSG00000052459	93	91	NA	NA
ENSMUSG00000052479	NA	NA	77	24
ENSMUSG00000052485	NA	NA	95	4
ENSMUSG00000052488	29	81	40	83
ENSMUSG00000052496	76	63	NA	NA
ENSMUSG00000052504	8	26	69	15
ENSMUSG00000052512	94	91	26	1
ENSMUSG00000052516	NA	NA	7	43
ENSMUSG00000052520	53	43	NA	NA
ENSMUSG00000052525	NA	NA	67	39
ENSMUSG00000052533	21	5	NA	NA
ENSMUSG00000052534	54	92	95	95
ENSMUSG00000052539	85	71	6	59
ENSMUSG00000052544	3	14	12	24
ENSMUSG00000052549	NA	NA	92	86
ENSMUSG00000052551	70	65	88	2
ENSMUSG00000052557	NA	NA	76	25
ENSMUSG00000052560	NA	NA	96	95
ENSMUSG00000052563	NA	NA	25	35
ENSMUSG00000052566	37	29	NA	NA
ENSMUSG00000052572	35	17	34	26
ENSMUSG00000052581	NA	NA	30	46
ENSMUSG00000052584	NA	NA	8	79
ENSMUSG00000052593	57	85	NA	NA
ENSMUSG00000052595	NA	NA	47	72
ENSMUSG00000052605	46	49	NA	NA
ENSMUSG00000052609	NA	NA	88	71
ENSMUSG00000052613	74	17	13	35
ENSMUSG00000052616	NA	NA	46	12
ENSMUSG00000052629	29	6	NA	NA
ENSMUSG00000052631	NA	NA	62	47
ENSMUSG00000052632	NA	NA	81	84
ENSMUSG00000052642	NA	NA	0	19
ENSMUSG00000052656	80	65	46	5
ENSMUSG00000052658	NA	NA	76	44
ENSMUSG00000052675	41	50	NA	NA
ENSMUSG00000052676	NA	NA	19	49
ENSMUSG00000052681	63	82	NA	NA
ENSMUSG00000052684	85	95	NA	NA
ENSMUSG00000052688	27	85	76	8
ENSMUSG00000052698	NA	NA	94	13
ENSMUSG00000052707	91	55	1	61
ENSMUSG00000052712	89	91	14	92
ENSMUSG00000052713	NA	NA	94	25
ENSMUSG00000052726	NA	NA	40	3
ENSMUSG00000052727	64	17	NA	NA
ENSMUSG00000052736	22	32	NA	NA
ENSMUSG00000052738	77	77	NA	NA
ENSMUSG00000052748	NA	NA	45	42
ENSMUSG00000052749	NA	NA	21	56
ENSMUSG00000052751	31	83	NA	NA
ENSMUSG00000052752	76	68	NA	NA
ENSMUSG00000052759	NA	NA	19	36
ENSMUSG00000052760	NA	NA	46	55
ENSMUSG00000052783	43	55	NA	NA
ENSMUSG00000052794	46	11	NA	NA
ENSMUSG00000052798	80	47	NA	NA
ENSMUSG00000052812	71	34	18	44
ENSMUSG00000052819	2	14	NA	NA
ENSMUSG00000052821	34	48	NA	NA
ENSMUSG00000052833	89	87	NA	NA
ENSMUSG00000052837	73	91	NA	NA
ENSMUSG00000052848	NA	NA	83	1
ENSMUSG00000052852	98	24	NA	NA
ENSMUSG00000052854	56	37	NA	NA
ENSMUSG00000052861	NA	NA	52	17
ENSMUSG00000052889	55	39	44	41
ENSMUSG00000052906	37	19	NA	NA
ENSMUSG00000052911	37	90	NA	NA
ENSMUSG00000052914	57	64	53	24
ENSMUSG00000052915	30	52	NA	NA
ENSMUSG00000052917	NA	NA	20	17
ENSMUSG00000052920	8	29	23	21
ENSMUSG00000052921	NA	NA	60	90
ENSMUSG00000052926	NA	NA	89	97
ENSMUSG00000052928	NA	NA	67	28
ENSMUSG00000052934	86	26	92	29
ENSMUSG00000052942	NA	NA	38	96
ENSMUSG00000052949	80	69	59	71
ENSMUSG00000052951	NA	NA	2	13
ENSMUSG00000052955	NA	NA	8	43
ENSMUSG00000052957	91	90	NA	NA
ENSMUSG00000052962	83	53	58	18
ENSMUSG00000052974	51	9	NA	NA
ENSMUSG00000052981	NA	NA	63	88
ENSMUSG00000052997	4	41	NA	NA
ENSMUSG00000053004	11	7	NA	NA
ENSMUSG00000053007	NA	NA	70	1
ENSMUSG00000053012	92	64	NA	NA
ENSMUSG00000053024	54	43	29	31
ENSMUSG00000053025	NA	NA	76	24
ENSMUSG00000053030	NA	NA	6	51
ENSMUSG00000053044	28	57	NA	NA
ENSMUSG00000053046	NA	NA	65	50
ENSMUSG00000053054	NA	NA	47	49
ENSMUSG00000053062	45	41	46	81
ENSMUSG00000053070	NA	NA	34	93
ENSMUSG00000053080	NA	NA	81	89
ENSMUSG00000053091	NA	NA	49	75
ENSMUSG00000053093	85	40	23	30
ENSMUSG00000053094	NA	NA	45	56
ENSMUSG00000053110	81	23	NA	NA
ENSMUSG00000053111	34	8	39	21
ENSMUSG00000053113	97	90	NA	NA
ENSMUSG00000053117	NA	NA	25	30
ENSMUSG00000053119	62	37	NA	NA
ENSMUSG00000053121	NA	NA	67	56
ENSMUSG00000053129	1	43	NA	NA
ENSMUSG00000053134	NA	NA	90	52
ENSMUSG00000053137	16	80	NA	NA
ENSMUSG00000053141	19	41	38	74
ENSMUSG00000053153	NA	NA	47	70
ENSMUSG00000053158	41	17	NA	NA
ENSMUSG00000053161	NA	NA	89	50
ENSMUSG00000053166	33	49	NA	NA
ENSMUSG00000053168	NA	NA	2	62
ENSMUSG00000053175	46	63	NA	NA
ENSMUSG00000053181	NA	NA	41	12
ENSMUSG00000053184	NA	NA	48	76
ENSMUSG00000053185	NA	NA	89	91
ENSMUSG00000053192	54	58	NA	NA
ENSMUSG00000053194	NA	NA	34	55
ENSMUSG00000053198	0	69	NA	NA
ENSMUSG00000053199	50	9	24	5
ENSMUSG00000053205	82	37	92	89
ENSMUSG00000053214	NA	NA	66	70
ENSMUSG00000053226	NA	NA	86	84
ENSMUSG00000053253	34	68	NA	NA
ENSMUSG00000053268	50	10	NA	NA
ENSMUSG00000053279	32	55	NA	NA
ENSMUSG00000053286	87	51	23	4
ENSMUSG00000053289	79	65	NA	NA
ENSMUSG00000053293	93	80	NA	NA
ENSMUSG00000053297	NA	NA	11	20
ENSMUSG00000053303	73	71	NA	NA
ENSMUSG00000053310	5	3	NA	NA
ENSMUSG00000053317	65	95	NA	NA
ENSMUSG00000053318	2	41	NA	NA
ENSMUSG00000053329	82	60	NA	NA
ENSMUSG00000053332	59	86	NA	NA
ENSMUSG00000053333	NA	NA	65	21
ENSMUSG00000053334	71	45	NA	NA
ENSMUSG00000053347	19	31	NA	NA
ENSMUSG00000053353	NA	NA	58	39
ENSMUSG00000053358	32	16	NA	NA
ENSMUSG00000053367	NA	NA	29	58
ENSMUSG00000053368	58	15	51	75
ENSMUSG00000053375	66	32	NA	NA
ENSMUSG00000053390	NA	NA	89	0
ENSMUSG00000053395	NA	NA	16	47
ENSMUSG00000053398	96	97	NA	NA
ENSMUSG00000053399	NA	NA	74	63
ENSMUSG00000053411	57	66	66	37
ENSMUSG00000053414	50	57	NA	NA
ENSMUSG00000053420	NA	NA	89	81
ENSMUSG00000053436	85	46	NA	NA
ENSMUSG00000053441	NA	NA	0	46
ENSMUSG00000053453	25	95	NA	NA
ENSMUSG00000053460	40	62	NA	NA
ENSMUSG00000053461	NA	NA	55	89
ENSMUSG00000053465	12	81	NA	NA
ENSMUSG00000053469	83	5	NA	NA
ENSMUSG00000053470	26	87	NA	NA
ENSMUSG00000053475	8	4	NA	NA
ENSMUSG00000053477	86	86	20	17
ENSMUSG00000053483	86	62	NA	NA
ENSMUSG00000053490	33	60	NA	NA
ENSMUSG00000053510	40	18	NA	NA
ENSMUSG00000053519	5	58	NA	NA
ENSMUSG00000053522	36	78	NA	NA
ENSMUSG00000053528	NA	NA	24	44
ENSMUSG00000053536	39	41	NA	NA
ENSMUSG00000053550	NA	NA	55	6
ENSMUSG00000053552	NA	NA	86	6
ENSMUSG00000053553	NA	NA	86	5
ENSMUSG00000053559	39	27	NA	NA
ENSMUSG00000053560	78	71	NA	NA
ENSMUSG00000053565	45	62	NA	NA
ENSMUSG00000053574	NA	NA	22	21
ENSMUSG00000053580	NA	NA	96	96
ENSMUSG00000053581	55	97	NA	NA
ENSMUSG00000053600	35	44	NA	NA
ENSMUSG00000053603	NA	NA	16	11
ENSMUSG00000053604	69	37	NA	NA
ENSMUSG00000053617	54	15	86	88
ENSMUSG00000053624	11	34	NA	NA
ENSMUSG00000053626	33	24	NA	NA
ENSMUSG00000053641	NA	NA	67	69
ENSMUSG00000053644	84	39	NA	NA
ENSMUSG00000053646	NA	NA	62	6
ENSMUSG00000053647	NA	NA	92	46
ENSMUSG00000053654	NA	NA	72	35
ENSMUSG00000053675	NA	NA	28	97
ENSMUSG00000053684	51	25	NA	NA
ENSMUSG00000053693	7	2	NA	NA
ENSMUSG00000053702	64	62	74	18
ENSMUSG00000053716	84	51	NA	NA
ENSMUSG00000053719	94	29	NA	NA
ENSMUSG00000053729	NA	NA	31	23
ENSMUSG00000053730	NA	NA	91	60
ENSMUSG00000053746	90	25	NA	NA
ENSMUSG00000053747	59	21	NA	NA
ENSMUSG00000053754	81	53	5	73
ENSMUSG00000053765	NA	NA	32	26
ENSMUSG00000053768	79	80	NA	NA
ENSMUSG00000053774	NA	NA	72	97
ENSMUSG00000053783	NA	NA	29	77
ENSMUSG00000053799	57	39	89	84
ENSMUSG00000053801	88	99	NA	NA
ENSMUSG00000053819	45	70	10	40
ENSMUSG00000053825	NA	NA	44	5
ENSMUSG00000053835	66	3	NA	NA
ENSMUSG00000053838	53	68	NA	NA
ENSMUSG00000053841	NA	NA	70	30
ENSMUSG00000053846	64	50	NA	NA
ENSMUSG00000053856	NA	NA	62	54
ENSMUSG00000053862	NA	NA	83	73
ENSMUSG00000053863	79	25	NA	NA
ENSMUSG00000053868	NA	NA	2	86
ENSMUSG00000053870	NA	NA	80	63
ENSMUSG00000053873	46	34	NA	NA
ENSMUSG00000053877	NA	NA	46	45
ENSMUSG00000053886	NA	NA	64	84
ENSMUSG00000053897	15	13	NA	NA
ENSMUSG00000053898	64	87	NA	NA
ENSMUSG00000053907	16	79	NA	NA
ENSMUSG00000053914	NA	NA	16	77
ENSMUSG00000053929	22	95	77	85
ENSMUSG00000053930	NA	NA	64	27
ENSMUSG00000053931	6	16	NA	NA
ENSMUSG00000053950	40	15	NA	NA
ENSMUSG00000053963	NA	NA	19	80
ENSMUSG00000053964	65	3	NA	NA
ENSMUSG00000053965	NA	NA	20	26
ENSMUSG00000053977	31	60	4	59
ENSMUSG00000053980	NA	NA	43	2
ENSMUSG00000053985	9	18	82	43
ENSMUSG00000054000	NA	NA	51	97
ENSMUSG00000054003	NA	NA	42	2
ENSMUSG00000054008	23	12	NA	NA
ENSMUSG00000054013	NA	NA	24	74
ENSMUSG00000054021	NA	NA	13	30
ENSMUSG00000054027	2	40	24	85
ENSMUSG00000054046	NA	NA	12	17
ENSMUSG00000054051	NA	NA	68	68
ENSMUSG00000054057	NA	NA	55	8
ENSMUSG00000054065	47	58	NA	NA
ENSMUSG00000054072	52	18	NA	NA
ENSMUSG00000054079	54	54	NA	NA
ENSMUSG00000054083	58	25	NA	NA
ENSMUSG00000054099	NA	NA	53	84
ENSMUSG00000054102	NA	NA	32	86
ENSMUSG00000054115	99	65	NA	NA
ENSMUSG00000054116	NA	NA	14	34
ENSMUSG00000054134	NA	NA	44	70
ENSMUSG00000054136	NA	NA	99	80
ENSMUSG00000054146	20	43	NA	NA
ENSMUSG00000054150	NA	NA	11	98
ENSMUSG00000054160	8	71	NA	NA
ENSMUSG00000054161	NA	NA	7	84
ENSMUSG00000054162	4	68	NA	NA
ENSMUSG00000054169	24	46	NA	NA
ENSMUSG00000054181	31	52	NA	NA
ENSMUSG00000054191	2	47	NA	NA
ENSMUSG00000054196	NA	NA	69	99
ENSMUSG00000054199	0	66	NA	NA
ENSMUSG00000054200	NA	NA	67	31
ENSMUSG00000054206	68	19	NA	NA
ENSMUSG00000054215	6	9	NA	NA
ENSMUSG00000054226	6	24	NA	NA
ENSMUSG00000054237	NA	NA	87	10
ENSMUSG00000054247	NA	NA	2	7
ENSMUSG00000054252	27	43	NA	NA
ENSMUSG00000054256	21	1	29	75
ENSMUSG00000054258	NA	NA	95	64
ENSMUSG00000054263	98	98	NA	NA
ENSMUSG00000054277	80	73	NA	NA
ENSMUSG00000054280	NA	NA	79	56
ENSMUSG00000054293	NA	NA	68	12
ENSMUSG00000054302	13	90	NA	NA
ENSMUSG00000054309	70	73	NA	NA
ENSMUSG00000054312	5	85	NA	NA
ENSMUSG00000054320	NA	NA	91	84
ENSMUSG00000054321	NA	NA	32	52
ENSMUSG00000054325	5	51	NA	NA
ENSMUSG00000054342	23	99	NA	NA
ENSMUSG00000054351	NA	NA	71	50
ENSMUSG00000054364	75	58	NA	NA
ENSMUSG00000054379	NA	NA	26	49
ENSMUSG00000054385	29	42	NA	NA
ENSMUSG00000054387	17	34	37	78
ENSMUSG00000054391	NA	NA	37	5
ENSMUSG00000054400	88	83	64	21
ENSMUSG00000054404	NA	NA	58	89
ENSMUSG00000054405	10	73	NA	NA
ENSMUSG00000054408	2	62	NA	NA
ENSMUSG00000054409	NA	NA	52	26
ENSMUSG00000054412	NA	NA	27	79
ENSMUSG00000054414	24	18	98	74
ENSMUSG00000054418	NA	NA	29	56
ENSMUSG00000054422	36	43	NA	NA
ENSMUSG00000054423	27	33	NA	NA
ENSMUSG00000054426	NA	NA	85	63
ENSMUSG00000054428	58	86	68	4
ENSMUSG00000054434	22	45	NA	NA
ENSMUSG00000054435	37	9	NA	NA
ENSMUSG00000054446	76	21	NA	NA
ENSMUSG00000054452	90	4	NA	NA
ENSMUSG00000054455	5	71	25	23
ENSMUSG00000054457	NA	NA	4	17
ENSMUSG00000054459	64	83	NA	NA
ENSMUSG00000054469	5	26	NA	NA
ENSMUSG00000054474	66	31	NA	NA
ENSMUSG00000054477	50	70	NA	NA
ENSMUSG00000054484	97	31	NA	NA
ENSMUSG00000054488	NA	NA	20	3
ENSMUSG00000054493	NA	NA	52	18
ENSMUSG00000054499	68	83	NA	NA
ENSMUSG00000054509	40	73	71	42
ENSMUSG00000054517	NA	NA	43	68
ENSMUSG00000054519	NA	NA	12	72
ENSMUSG00000054520	69	94	NA	NA
ENSMUSG00000054537	NA	NA	23	10
ENSMUSG00000054555	78	2	73	15
ENSMUSG00000054556	NA	NA	18	5
ENSMUSG00000054580	36	76	NA	NA
ENSMUSG00000054582	NA	NA	82	88
ENSMUSG00000054594	18	37	NA	NA
ENSMUSG00000054604	74	19	4	92
ENSMUSG00000054611	NA	NA	90	76
ENSMUSG00000054612	10	3	NA	NA
ENSMUSG00000054619	92	95	NA	NA
ENSMUSG00000054622	NA	NA	52	37
ENSMUSG00000054630	14	10	NA	NA
ENSMUSG00000054640	27	35	14	33
ENSMUSG00000054641	NA	NA	62	36
ENSMUSG00000054648	48	25	NA	NA
ENSMUSG00000054662	NA	NA	64	29
ENSMUSG00000054667	6	63	38	13
ENSMUSG00000054672	NA	NA	12	28
ENSMUSG00000054675	94	12	NA	NA
ENSMUSG00000054676	83	70	4	28
ENSMUSG00000054679	NA	NA	2	27
ENSMUSG00000054690	46	17	NA	NA
ENSMUSG00000054693	95	68	NA	NA
ENSMUSG00000054702	NA	NA	43	81
ENSMUSG00000054708	26	49	NA	NA
ENSMUSG00000054715	5	5	19	26
ENSMUSG00000054716	40	36	86	38
ENSMUSG00000054717	NA	NA	33	77
ENSMUSG00000054720	59	60	18	87
ENSMUSG00000054723	NA	NA	85	57
ENSMUSG00000054727	NA	NA	57	39
ENSMUSG00000054728	39	54	28	54
ENSMUSG00000054733	65	21	NA	NA
ENSMUSG00000054737	NA	NA	1	24
ENSMUSG00000054753	NA	NA	39	29
ENSMUSG00000054757	38	30	NA	NA
ENSMUSG00000054763	NA	NA	11	32
ENSMUSG00000054764	22	49	NA	NA
ENSMUSG00000054766	53	88	NA	NA
ENSMUSG00000054770	NA	NA	57	67
ENSMUSG00000054779	NA	NA	27	86
ENSMUSG00000054792	NA	NA	35	53
ENSMUSG00000054793	40	91	NA	NA
ENSMUSG00000054808	59	21	NA	NA
ENSMUSG00000054814	NA	NA	45	53
ENSMUSG00000054823	NA	NA	89	64
ENSMUSG00000054827	55	61	NA	NA
ENSMUSG00000054836	NA	NA	93	97
ENSMUSG00000054843	NA	NA	98	98
ENSMUSG00000054850	NA	NA	67	4
ENSMUSG00000054855	NA	NA	91	93
ENSMUSG00000054863	51	84	NA	NA
ENSMUSG00000054871	11	10	NA	NA
ENSMUSG00000054874	65	27	NA	NA
ENSMUSG00000054885	NA	NA	22	51
ENSMUSG00000054889	37	35	NA	NA
ENSMUSG00000054892	73	39	NA	NA
ENSMUSG00000054893	NA	NA	81	80
ENSMUSG00000054894	24	94	NA	NA
ENSMUSG00000054901	NA	NA	28	60
ENSMUSG00000054905	28	24	NA	NA
ENSMUSG00000054909	18	33	0	24
ENSMUSG00000054910	NA	NA	28	66
ENSMUSG00000054920	80	94	11	61
ENSMUSG00000054931	NA	NA	3	11
ENSMUSG00000054932	67	37	NA	NA
ENSMUSG00000054934	72	98	NA	NA
ENSMUSG00000054942	NA	NA	52	2
ENSMUSG00000054945	NA	NA	48	75
ENSMUSG00000054951	NA	NA	58	63
ENSMUSG00000054966	NA	NA	42	54
ENSMUSG00000054967	NA	NA	95	36
ENSMUSG00000054978	NA	NA	22	57
ENSMUSG00000054988	NA	NA	0	5
ENSMUSG00000054999	NA	NA	28	14
ENSMUSG00000055003	NA	NA	75	73
ENSMUSG00000055013	78	92	97	93
ENSMUSG00000055022	44	10	NA	NA
ENSMUSG00000055024	NA	NA	93	86
ENSMUSG00000055026	63	11	34	10
ENSMUSG00000055027	96	26	55	64
ENSMUSG00000055045	NA	NA	32	80
ENSMUSG00000055053	91	18	96	84
ENSMUSG00000055061	NA	NA	39	2
ENSMUSG00000055065	50	13	NA	NA
ENSMUSG00000055067	NA	NA	63	35
ENSMUSG00000055069	NA	NA	23	13
ENSMUSG00000055078	NA	NA	48	55
ENSMUSG00000055102	NA	NA	18	55
ENSMUSG00000055108	34	10	NA	NA
ENSMUSG00000055110	NA	NA	69	16
ENSMUSG00000055114	52	15	NA	NA
ENSMUSG00000055116	70	46	28	1
ENSMUSG00000055128	NA	NA	36	59
ENSMUSG00000055134	NA	NA	61	11
ENSMUSG00000055137	45	37	48	72
ENSMUSG00000055148	86	72	NA	NA
ENSMUSG00000055150	NA	NA	73	44
ENSMUSG00000055170	35	33	NA	NA
ENSMUSG00000055184	NA	NA	45	73
ENSMUSG00000055188	NA	NA	62	10
ENSMUSG00000055197	5	22	NA	NA
ENSMUSG00000055200	21	6	NA	NA
ENSMUSG00000055202	NA	NA	71	16
ENSMUSG00000055204	81	7	95	95
ENSMUSG00000055210	42	73	34	68
ENSMUSG00000055235	14	48	NA	NA
ENSMUSG00000055239	50	84	NA	NA
ENSMUSG00000055240	13	48	NA	NA
ENSMUSG00000055254	50	29	77	47
ENSMUSG00000055271	NA	NA	66	92
ENSMUSG00000055296	4	20	NA	NA
ENSMUSG00000055298	16	4	NA	NA
ENSMUSG00000055301	68	10	NA	NA
ENSMUSG00000055305	NA	NA	50	77
ENSMUSG00000055312	NA	NA	41	92
ENSMUSG00000055313	NA	NA	1	88
ENSMUSG00000055319	71	48	46	57
ENSMUSG00000055320	19	31	90	48
ENSMUSG00000055322	48	12	48	39
ENSMUSG00000055333	NA	NA	30	0
ENSMUSG00000055334	NA	NA	3	42
ENSMUSG00000055341	NA	NA	23	42
ENSMUSG00000055357	54	27	NA	NA
ENSMUSG00000055368	60	5	24	25
ENSMUSG00000055371	15	75	34	90
ENSMUSG00000055373	48	10	40	64
ENSMUSG00000055403	NA	NA	9	26
ENSMUSG00000055407	88	22	9	53
ENSMUSG00000055409	NA	NA	26	45
ENSMUSG00000055415	NA	NA	38	62
ENSMUSG00000055421	NA	NA	20	13
ENSMUSG00000055430	19	13	NA	NA
ENSMUSG00000055435	71	26	51	95
ENSMUSG00000055436	73	69	50	20
ENSMUSG00000055447	35	94	25	25
ENSMUSG00000055471	2	55	NA	NA
ENSMUSG00000055480	NA	NA	8	32
ENSMUSG00000055485	NA	NA	37	65
ENSMUSG00000055491	53	96	NA	NA
ENSMUSG00000055493	20	25	NA	NA
ENSMUSG00000055494	NA	NA	41	81
ENSMUSG00000055523	NA	NA	46	89
ENSMUSG00000055531	NA	NA	98	17
ENSMUSG00000055538	NA	NA	88	17
ENSMUSG00000055540	13	6	NA	NA
ENSMUSG00000055541	18	13	76	29
ENSMUSG00000055546	NA	NA	7	76
ENSMUSG00000055547	NA	NA	87	50
ENSMUSG00000055553	NA	NA	50	0
ENSMUSG00000055555	NA	NA	19	41
ENSMUSG00000055561	NA	NA	39	2
ENSMUSG00000055567	NA	NA	49	62
ENSMUSG00000055594	NA	NA	52	28
ENSMUSG00000055609	47	56	NA	NA
ENSMUSG00000055612	71	32	NA	NA
ENSMUSG00000055629	NA	NA	9	91
ENSMUSG00000055633	NA	NA	4	70
ENSMUSG00000055639	26	2	18	21
ENSMUSG00000055643	NA	NA	56	64
ENSMUSG00000055652	7	55	81	26
ENSMUSG00000055653	42	11	NA	NA
ENSMUSG00000055660	NA	NA	74	23
ENSMUSG00000055670	NA	NA	65	61
ENSMUSG00000055675	NA	NA	96	76
ENSMUSG00000055679	29	47	NA	NA
ENSMUSG00000055681	56	79	NA	NA
ENSMUSG00000055692	43	41	NA	NA
ENSMUSG00000055700	NA	NA	80	31
ENSMUSG00000055707	67	34	NA	NA
ENSMUSG00000055717	5	5	NA	NA
ENSMUSG00000055720	69	78	NA	NA
ENSMUSG00000055723	83	9	NA	NA
ENSMUSG00000055730	15	16	NA	NA
ENSMUSG00000055733	17	30	NA	NA
ENSMUSG00000055737	71	8	NA	NA
ENSMUSG00000055745	20	57	NA	NA
ENSMUSG00000055748	NA	NA	72	28
ENSMUSG00000055762	23	96	NA	NA
ENSMUSG00000055775	99	5	NA	NA
ENSMUSG00000055780	42	50	NA	NA
ENSMUSG00000055782	42	56	75	76
ENSMUSG00000055799	86	42	NA	NA
ENSMUSG00000055805	46	76	NA	NA
ENSMUSG00000055817	75	55	NA	NA
ENSMUSG00000055826	67	58	NA	NA
ENSMUSG00000055833	NA	NA	52	86
ENSMUSG00000055835	0	14	NA	NA
ENSMUSG00000055850	80	7	60	21
ENSMUSG00000055862	NA	NA	81	14
ENSMUSG00000055865	NA	NA	48	75
ENSMUSG00000055866	72	76	NA	NA
ENSMUSG00000055884	13	51	20	71
ENSMUSG00000055891	37	27	NA	NA
ENSMUSG00000055895	NA	NA	68	21
ENSMUSG00000055897	NA	NA	35	21
ENSMUSG00000055900	NA	NA	88	29
ENSMUSG00000055912	17	87	NA	NA
ENSMUSG00000055917	72	83	72	95
ENSMUSG00000055923	NA	NA	82	88
ENSMUSG00000055926	NA	NA	2	19
ENSMUSG00000055932	63	83	NA	NA
ENSMUSG00000055933	NA	NA	57	39
ENSMUSG00000055937	NA	NA	6	40
ENSMUSG00000055943	87	60	3	90
ENSMUSG00000055945	NA	NA	10	91
ENSMUSG00000055963	NA	NA	88	90
ENSMUSG00000055976	13	21	NA	NA
ENSMUSG00000055978	44	31	44	46
ENSMUSG00000055980	98	90	NA	NA
ENSMUSG00000055991	66	21	NA	NA
ENSMUSG00000056004	NA	NA	12	24
ENSMUSG00000056014	NA	NA	86	12
ENSMUSG00000056018	10	46	29	58
ENSMUSG00000056019	26	25	10	76
ENSMUSG00000056023	NA	NA	19	82
ENSMUSG00000056025	7	4	NA	NA
ENSMUSG00000056032	59	25	NA	NA
ENSMUSG00000056035	61	15	NA	NA
ENSMUSG00000056043	NA	NA	47	4
ENSMUSG00000056050	8	51	35	95
ENSMUSG00000056054	12	4	NA	NA
ENSMUSG00000056055	45	31	NA	NA
ENSMUSG00000056061	NA	NA	20	24
ENSMUSG00000056069	9	39	9	14
ENSMUSG00000056071	43	57	NA	NA
ENSMUSG00000056073	18	29	87	66
ENSMUSG00000056076	22	96	NA	NA
ENSMUSG00000056078	NA	NA	3	41
ENSMUSG00000056091	18	97	NA	NA
ENSMUSG00000056121	12	47	NA	NA
ENSMUSG00000056124	30	30	NA	NA
ENSMUSG00000056131	NA	NA	88	98
ENSMUSG00000056144	19	13	NA	NA
ENSMUSG00000056145	NA	NA	30	20
ENSMUSG00000056153	68	26	32	35
ENSMUSG00000056158	51	34	60	14
ENSMUSG00000056162	NA	NA	31	74
ENSMUSG00000056167	NA	NA	77	27
ENSMUSG00000056174	NA	NA	93	99
ENSMUSG00000056185	NA	NA	92	29
ENSMUSG00000056197	20	50	NA	NA
ENSMUSG00000056204	17	21	78	15
ENSMUSG00000056211	68	45	46	59
ENSMUSG00000056214	92	30	NA	NA
ENSMUSG00000056215	NA	NA	68	74
ENSMUSG00000056216	86	37	NA	NA
ENSMUSG00000056220	16	86	NA	NA
ENSMUSG00000056222	16	66	NA	NA
ENSMUSG00000056228	NA	NA	67	95
ENSMUSG00000056258	NA	NA	28	28
ENSMUSG00000056260	NA	NA	91	59
ENSMUSG00000056267	2	27	NA	NA
ENSMUSG00000056268	60	58	17	58
ENSMUSG00000056270	NA	NA	28	98
ENSMUSG00000056271	97	13	NA	NA
ENSMUSG00000056290	30	13	NA	NA
ENSMUSG00000056293	NA	NA	64	6
ENSMUSG00000056296	37	0	NA	NA
ENSMUSG00000056305	75	89	NA	NA
ENSMUSG00000056306	NA	NA	14	28
ENSMUSG00000056310	62	58	61	67
ENSMUSG00000056313	66	52	52	76
ENSMUSG00000056328	92	93	NA	NA
ENSMUSG00000056329	NA	NA	70	37
ENSMUSG00000056342	86	75	35	18
ENSMUSG00000056350	35	83	NA	NA
ENSMUSG00000056367	NA	NA	71	92
ENSMUSG00000056370	48	60	NA	NA
ENSMUSG00000056379	22	8	NA	NA
ENSMUSG00000056380	25	1	20	56
ENSMUSG00000056383	NA	NA	11	11
ENSMUSG00000056394	99	94	NA	NA
ENSMUSG00000056411	NA	NA	82	6
ENSMUSG00000056413	NA	NA	52	85
ENSMUSG00000056426	10	24	NA	NA
ENSMUSG00000056427	25	70	NA	NA
ENSMUSG00000056429	8	76	NA	NA
ENSMUSG00000056436	18	65	NA	NA
ENSMUSG00000056445	NA	NA	11	20
ENSMUSG00000056458	9	65	NA	NA
ENSMUSG00000056459	9	74	NA	NA
ENSMUSG00000056476	22	46	86	45
ENSMUSG00000056481	37	3	NA	NA
ENSMUSG00000056486	64	54	25	69
ENSMUSG00000056492	NA	NA	3	67
ENSMUSG00000056493	9	61	9	87
ENSMUSG00000056494	32	15	NA	NA
ENSMUSG00000056498	NA	NA	40	43
ENSMUSG00000056501	97	93	NA	NA
ENSMUSG00000056508	15	72	NA	NA
ENSMUSG00000056509	NA	NA	35	38
ENSMUSG00000056515	55	71	NA	NA
ENSMUSG00000056531	NA	NA	46	66
ENSMUSG00000056536	64	58	51	88
ENSMUSG00000056537	18	34	49	65
ENSMUSG00000056544	NA	NA	29	35
ENSMUSG00000056553	9	15	NA	NA
ENSMUSG00000056569	5	4	NA	NA
ENSMUSG00000056579	85	44	96	92
ENSMUSG00000056592	NA	NA	33	17
ENSMUSG00000056596	NA	NA	84	99
ENSMUSG00000056598	62	26	76	41
ENSMUSG00000056602	NA	NA	32	38
ENSMUSG00000056605	33	3	NA	NA
ENSMUSG00000056608	NA	NA	93	78
ENSMUSG00000056617	NA	NA	27	31
ENSMUSG00000056629	67	53	NA	NA
ENSMUSG00000056632	NA	NA	20	28
ENSMUSG00000056643	NA	NA	88	59
ENSMUSG00000056648	45	13	NA	NA
ENSMUSG00000056656	NA	NA	55	63
ENSMUSG00000056665	NA	NA	95	67
ENSMUSG00000056666	30	81	NA	NA
ENSMUSG00000056671	NA	NA	98	99
ENSMUSG00000056673	1	31	NA	NA
ENSMUSG00000056679	NA	NA	64	0
ENSMUSG00000056682	NA	NA	45	22
ENSMUSG00000056687	NA	NA	75	4
ENSMUSG00000056692	71	68	NA	NA
ENSMUSG00000056698	54	33	38	90
ENSMUSG00000056706	NA	NA	73	36
ENSMUSG00000056708	2	8	NA	NA
ENSMUSG00000056724	11	88	20	76
ENSMUSG00000056728	48	14	NA	NA
ENSMUSG00000056735	NA	NA	10	2
ENSMUSG00000056737	86	92	NA	NA
ENSMUSG00000056749	93	72	NA	NA
ENSMUSG00000056752	NA	NA	66	78
ENSMUSG00000056755	NA	NA	45	23
ENSMUSG00000056758	74	96	NA	NA
ENSMUSG00000056763	38	57	67	75
ENSMUSG00000056771	NA	NA	63	19
ENSMUSG00000056812	25	20	63	38
ENSMUSG00000056820	73	12	NA	NA
ENSMUSG00000056821	NA	NA	39	31
ENSMUSG00000056829	49	10	NA	NA
ENSMUSG00000056832	NA	NA	87	97
ENSMUSG00000056851	84	45	NA	NA
ENSMUSG00000056854	23	46	NA	NA
ENSMUSG00000056856	NA	NA	71	10
ENSMUSG00000056870	NA	NA	99	99
ENSMUSG00000056880	NA	NA	3	5
ENSMUSG00000056888	40	69	NA	NA
ENSMUSG00000056895	68	25	NA	NA
ENSMUSG00000056899	97	68	NA	NA
ENSMUSG00000056900	10	0	45	35
ENSMUSG00000056912	NA	NA	0	65
ENSMUSG00000056917	87	73	NA	NA
ENSMUSG00000056919	NA	NA	33	12
ENSMUSG00000056938	NA	NA	61	79
ENSMUSG00000056941	60	24	62	88
ENSMUSG00000056947	12	15	NA	NA
ENSMUSG00000056952	NA	NA	12	24
ENSMUSG00000056959	NA	NA	44	12
ENSMUSG00000056962	43	12	NA	NA
ENSMUSG00000056966	64	28	22	57
ENSMUSG00000056972	21	16	NA	NA
ENSMUSG00000056973	37	1	NA	NA
ENSMUSG00000056978	19	0	NA	NA
ENSMUSG00000056987	NA	NA	33	21
ENSMUSG00000056999	35	77	60	88
ENSMUSG00000057000	NA	NA	61	9
ENSMUSG00000057003	92	42	50	54
ENSMUSG00000057037	22	51	NA	NA
ENSMUSG00000057047	NA	NA	74	40
ENSMUSG00000057054	21	88	NA	NA
ENSMUSG00000057058	NA	NA	34	13
ENSMUSG00000057068	NA	NA	42	63
ENSMUSG00000057069	46	18	NA	NA
ENSMUSG00000057074	13	32	NA	NA
ENSMUSG00000057092	0	43	NA	NA
ENSMUSG00000057093	NA	NA	5	43
ENSMUSG00000057098	50	76	44	64
ENSMUSG00000057101	NA	NA	15	53
ENSMUSG00000057103	41	36	NA	NA
ENSMUSG00000057110	39	42	25	51
ENSMUSG00000057123	79	68	NA	NA
ENSMUSG00000057130	29	86	NA	NA
ENSMUSG00000057132	49	10	NA	NA
ENSMUSG00000057133	49	23	19	57
ENSMUSG00000057134	NA	NA	69	92
ENSMUSG00000057137	97	91	67	8
ENSMUSG00000057143	NA	NA	24	41
ENSMUSG00000057147	12	45	NA	NA
ENSMUSG00000057156	NA	NA	49	78
ENSMUSG00000057163	14	44	NA	NA
ENSMUSG00000057173	NA	NA	77	87
ENSMUSG00000057174	4	59	NA	NA
ENSMUSG00000057176	NA	NA	28	7
ENSMUSG00000057177	40	33	NA	NA
ENSMUSG00000057181	NA	NA	18	36
ENSMUSG00000057182	27	41	19	20
ENSMUSG00000057191	NA	NA	12	43
ENSMUSG00000057193	51	47	NA	NA
ENSMUSG00000057195	NA	NA	16	15
ENSMUSG00000057219	26	0	NA	NA
ENSMUSG00000057228	51	74	NA	NA
ENSMUSG00000057229	34	59	45	10
ENSMUSG00000057230	86	60	61	34
ENSMUSG00000057234	NA	NA	25	91
ENSMUSG00000057236	56	2	90	37
ENSMUSG00000057240	NA	NA	72	95
ENSMUSG00000057246	NA	NA	27	22
ENSMUSG00000057265	NA	NA	38	6
ENSMUSG00000057278	78	79	NA	NA
ENSMUSG00000057280	68	10	NA	NA
ENSMUSG00000057286	12	22	NA	NA
ENSMUSG00000057315	83	92	71	3
ENSMUSG00000057329	39	54	24	43
ENSMUSG00000057335	NA	NA	45	35
ENSMUSG00000057337	48	66	NA	NA
ENSMUSG00000057342	3	23	NA	NA
ENSMUSG00000057359	NA	NA	40	60
ENSMUSG00000057363	87	89	NA	NA
ENSMUSG00000057367	33	78	41	37
ENSMUSG00000057375	18	3	57	69
ENSMUSG00000057378	78	25	65	70
ENSMUSG00000057396	55	55	NA	NA
ENSMUSG00000057406	NA	NA	72	65
ENSMUSG00000057409	32	3	NA	NA
ENSMUSG00000057417	53	19	NA	NA
ENSMUSG00000057421	10	76	11	3
ENSMUSG00000057425	10	11	NA	NA
ENSMUSG00000057440	21	58	61	69
ENSMUSG00000057454	27	7	NA	NA
ENSMUSG00000057455	21	30	NA	NA
ENSMUSG00000057457	37	13	NA	NA
ENSMUSG00000057465	78	54	NA	NA
ENSMUSG00000057469	87	57	3	43
ENSMUSG00000057497	66	0	48	49
ENSMUSG00000057503	37	37	NA	NA
ENSMUSG00000057522	36	73	NA	NA
ENSMUSG00000057530	87	66	NA	NA
ENSMUSG00000057531	60	8	NA	NA
ENSMUSG00000057534	NA	NA	31	8
ENSMUSG00000057541	51	74	NA	NA
ENSMUSG00000057551	NA	NA	10	2
ENSMUSG00000057554	74	93	NA	NA
ENSMUSG00000057561	78	0	NA	NA
ENSMUSG00000057564	75	18	NA	NA
ENSMUSG00000057572	17	62	59	30
ENSMUSG00000057594	40	82	NA	NA
ENSMUSG00000057596	4	24	46	79
ENSMUSG00000057604	88	98	NA	NA
ENSMUSG00000057609	8	8	NA	NA
ENSMUSG00000057614	14	14	NA	NA
ENSMUSG00000057615	NA	NA	61	85
ENSMUSG00000057637	NA	NA	0	58
ENSMUSG00000057649	NA	NA	89	92
ENSMUSG00000057650	61	48	NA	NA
ENSMUSG00000057667	0	69	NA	NA
ENSMUSG00000057672	63	59	78	68
ENSMUSG00000057691	1	21	NA	NA
ENSMUSG00000057697	24	1	NA	NA
ENSMUSG00000057706	NA	NA	97	85
ENSMUSG00000057715	NA	NA	21	40
ENSMUSG00000057716	NA	NA	14	87
ENSMUSG00000057719	NA	NA	57	92
ENSMUSG00000057722	50	2	10	48
ENSMUSG00000057723	42	31	NA	NA
ENSMUSG00000057726	89	38	NA	NA
ENSMUSG00000057729	31	72	NA	NA
ENSMUSG00000057738	19	16	NA	NA
ENSMUSG00000057751	NA	NA	86	98
ENSMUSG00000057766	NA	NA	5	71
ENSMUSG00000057777	39	0	NA	NA
ENSMUSG00000057778	NA	NA	72	92
ENSMUSG00000057788	89	79	10	26
ENSMUSG00000057789	88	77	NA	NA
ENSMUSG00000057816	NA	NA	73	88
ENSMUSG00000057818	NA	NA	14	24
ENSMUSG00000057835	26	21	NA	NA
ENSMUSG00000057842	NA	NA	15	71
ENSMUSG00000057855	7	46	NA	NA
ENSMUSG00000057858	NA	NA	13	91
ENSMUSG00000057880	82	86	NA	NA
ENSMUSG00000057894	3	14	NA	NA
ENSMUSG00000057895	73	34	NA	NA
ENSMUSG00000057897	27	24	NA	NA
ENSMUSG00000057914	4	7	75	65
ENSMUSG00000057933	22	1	NA	NA
ENSMUSG00000057948	NA	NA	77	41
ENSMUSG00000057963	43	32	NA	NA
ENSMUSG00000057967	36	36	NA	NA
ENSMUSG00000057969	52	85	NA	NA
ENSMUSG00000057982	NA	NA	87	0
ENSMUSG00000058006	29	36	NA	NA
ENSMUSG00000058013	89	94	95	65
ENSMUSG00000058019	NA	NA	58	67
ENSMUSG00000058022	28	50	NA	NA
ENSMUSG00000058028	3	26	NA	NA
ENSMUSG00000058046	NA	NA	23	25
ENSMUSG00000058052	24	60	NA	NA
ENSMUSG00000058056	75	98	93	99
ENSMUSG00000058063	47	4	NA	NA
ENSMUSG00000058070	NA	NA	26	20
ENSMUSG00000058076	1	0	NA	NA
ENSMUSG00000058093	NA	NA	16	17
ENSMUSG00000058099	48	31	NA	NA
ENSMUSG00000058101	NA	NA	72	36
ENSMUSG00000058135	98	98	NA	NA
ENSMUSG00000058152	NA	NA	9	73
ENSMUSG00000058153	53	31	20	32
ENSMUSG00000058159	34	19	NA	NA
ENSMUSG00000058172	2	5	NA	NA
ENSMUSG00000058173	78	10	NA	NA
ENSMUSG00000058174	NA	NA	60	9
ENSMUSG00000058183	76	80	NA	NA
ENSMUSG00000058192	NA	NA	64	47
ENSMUSG00000058207	56	52	NA	NA
ENSMUSG00000058216	54	61	NA	NA
ENSMUSG00000058230	61	38	NA	NA
ENSMUSG00000058239	36	46	NA	NA
ENSMUSG00000058240	32	79	44	96
ENSMUSG00000058246	NA	NA	44	36
ENSMUSG00000058248	49	5	17	79
ENSMUSG00000058252	NA	NA	79	83
ENSMUSG00000058254	67	4	NA	NA
ENSMUSG00000058258	99	71	NA	NA
ENSMUSG00000058260	NA	NA	38	73
ENSMUSG00000058267	57	70	28	1
ENSMUSG00000058290	NA	NA	99	89
ENSMUSG00000058291	27	34	43	28
ENSMUSG00000058297	97	37	NA	NA
ENSMUSG00000058298	5	3	37	67
ENSMUSG00000058301	38	78	NA	NA
ENSMUSG00000058317	82	34	NA	NA
ENSMUSG00000058318	73	75	38	81
ENSMUSG00000058325	81	69	84	35
ENSMUSG00000058351	NA	NA	4	98
ENSMUSG00000058354	27	20	NA	NA
ENSMUSG00000058355	43	88	61	89
ENSMUSG00000058368	36	36	NA	NA
ENSMUSG00000058388	93	86	NA	NA
ENSMUSG00000058392	71	83	NA	NA
ENSMUSG00000058396	24	17	NA	NA
ENSMUSG00000058400	NA	NA	16	43
ENSMUSG00000058402	NA	NA	20	22
ENSMUSG00000058407	NA	NA	1	58
ENSMUSG00000058420	84	83	NA	NA
ENSMUSG00000058427	3	27	NA	NA
ENSMUSG00000058440	3	9	NA	NA
ENSMUSG00000058441	NA	NA	4	2
ENSMUSG00000058444	81	48	66	14
ENSMUSG00000058446	88	39	NA	NA
ENSMUSG00000058454	56	34	64	20
ENSMUSG00000058470	NA	NA	33	51
ENSMUSG00000058486	NA	NA	47	42
ENSMUSG00000058488	35	2	NA	NA
ENSMUSG00000058498	8	5	13	9
ENSMUSG00000058499	69	50	NA	NA
ENSMUSG00000058503	26	80	78	49
ENSMUSG00000058523	44	36	NA	NA
ENSMUSG00000058550	60	13	NA	NA
ENSMUSG00000058558	59	59	NA	NA
ENSMUSG00000058569	66	75	NA	NA
ENSMUSG00000058571	94	93	99	99
ENSMUSG00000058579	35	46	NA	NA
ENSMUSG00000058586	18	16	NA	NA
ENSMUSG00000058587	66	88	5	19
ENSMUSG00000058589	NA	NA	51	34
ENSMUSG00000058594	42	75	NA	NA
ENSMUSG00000058600	18	15	NA	NA
ENSMUSG00000058620	48	50	32	25
ENSMUSG00000058624	42	67	56	56
ENSMUSG00000058626	NA	NA	27	3
ENSMUSG00000058631	18	27	NA	NA
ENSMUSG00000058638	75	33	NA	NA
ENSMUSG00000058643	49	42	NA	NA
ENSMUSG00000058655	64	84	NA	NA
ENSMUSG00000058656	NA	NA	43	54
ENSMUSG00000058662	14	17	NA	NA
ENSMUSG00000058665	58	62	NA	NA
ENSMUSG00000058669	3	2	NA	NA
ENSMUSG00000058672	33	75	NA	NA
ENSMUSG00000058690	25	82	57	28
ENSMUSG00000058704	17	70	NA	NA
ENSMUSG00000058706	NA	NA	40	87
ENSMUSG00000058709	11	70	NA	NA
ENSMUSG00000058715	54	39	NA	NA
ENSMUSG00000058729	2	11	6	47
ENSMUSG00000058740	NA	NA	34	65
ENSMUSG00000058748	40	53	NA	NA
ENSMUSG00000058755	NA	NA	7	68
ENSMUSG00000058756	34	93	NA	NA
ENSMUSG00000058761	NA	NA	80	81
ENSMUSG00000058793	87	87	49	77
ENSMUSG00000058794	67	33	NA	NA
ENSMUSG00000058799	83	82	NA	NA
ENSMUSG00000058806	49	10	NA	NA
ENSMUSG00000058812	NA	NA	57	83
ENSMUSG00000058818	11	47	NA	NA
ENSMUSG00000058831	9	25	NA	NA
ENSMUSG00000058833	20	13	NA	NA
ENSMUSG00000058835	82	66	NA	NA
ENSMUSG00000058881	NA	NA	86	95
ENSMUSG00000058886	17	22	NA	NA
ENSMUSG00000058897	3	26	51	43
ENSMUSG00000058908	66	61	NA	NA
ENSMUSG00000058914	78	99	NA	NA
ENSMUSG00000058925	NA	NA	42	21
ENSMUSG00000058934	17	66	NA	NA
ENSMUSG00000058935	NA	NA	51	41
ENSMUSG00000058952	10	20	NA	NA
ENSMUSG00000058966	NA	NA	85	46
ENSMUSG00000058975	30	20	15	81
ENSMUSG00000058979	7	26	8	26
ENSMUSG00000058997	70	68	2	11
ENSMUSG00000059003	NA	NA	52	70
ENSMUSG00000059005	86	82	NA	NA
ENSMUSG00000059013	6	35	NA	NA
ENSMUSG00000059022	NA	NA	53	39
ENSMUSG00000059027	NA	NA	50	27
ENSMUSG00000059043	41	44	NA	NA
ENSMUSG00000059049	NA	NA	76	4
ENSMUSG00000059060	3	25	NA	NA
ENSMUSG00000059077	3	76	NA	NA
ENSMUSG00000059089	31	39	NA	NA
ENSMUSG00000059108	58	52	NA	NA
ENSMUSG00000059114	NA	NA	71	24
ENSMUSG00000059119	58	36	NA	NA
ENSMUSG00000059142	NA	NA	24	93
ENSMUSG00000059146	54	19	18	42
ENSMUSG00000059149	24	30	77	87
ENSMUSG00000059173	1	61	91	58
ENSMUSG00000059182	7	58	96	96
ENSMUSG00000059183	42	79	70	70
ENSMUSG00000059187	NA	NA	56	24
ENSMUSG00000059201	55	14	NA	NA
ENSMUSG00000059203	3	14	84	2
ENSMUSG00000059208	85	87	NA	NA
ENSMUSG00000059213	NA	NA	66	56
ENSMUSG00000059230	11	23	NA	NA
ENSMUSG00000059244	NA	NA	46	22
ENSMUSG00000059246	1	10	NA	NA
ENSMUSG00000059248	96	71	NA	NA
ENSMUSG00000059256	5	67	NA	NA
ENSMUSG00000059263	15	78	NA	NA
ENSMUSG00000059273	NA	NA	94	46
ENSMUSG00000059277	1	15	NA	NA
ENSMUSG00000059278	67	67	NA	NA
ENSMUSG00000059288	56	38	NA	NA
ENSMUSG00000059291	11	5	NA	NA
ENSMUSG00000059316	4	59	NA	NA
ENSMUSG00000059323	NA	NA	65	59
ENSMUSG00000059325	92	87	NA	NA
ENSMUSG00000059326	39	36	NA	NA
ENSMUSG00000059327	1	42	NA	NA
ENSMUSG00000059336	30	37	NA	NA
ENSMUSG00000059343	8	18	NA	NA
ENSMUSG00000059361	NA	NA	59	4
ENSMUSG00000059395	23	28	NA	NA
ENSMUSG00000059408	40	62	NA	NA
ENSMUSG00000059409	80	87	NA	NA
ENSMUSG00000059412	41	38	NA	NA
ENSMUSG00000059430	97	32	NA	NA
ENSMUSG00000059434	10	10	NA	NA
ENSMUSG00000059436	66	41	NA	NA
ENSMUSG00000059439	84	0	NA	NA
ENSMUSG00000059447	NA	NA	39	51
ENSMUSG00000059455	NA	NA	73	3
ENSMUSG00000059456	6	23	57	75
ENSMUSG00000059474	54	52	31	76
ENSMUSG00000059475	15	70	NA	NA
ENSMUSG00000059479	65	21	NA	NA
ENSMUSG00000059481	71	36	NA	NA
ENSMUSG00000059482	47	57	NA	NA
ENSMUSG00000059486	55	67	NA	NA
ENSMUSG00000059495	43	78	NA	NA
ENSMUSG00000059498	39	66	NA	NA
ENSMUSG00000059518	59	83	NA	NA
ENSMUSG00000059534	82	21	NA	NA
ENSMUSG00000059540	64	37	NA	NA
ENSMUSG00000059552	91	22	NA	NA
ENSMUSG00000059554	63	52	17	77
ENSMUSG00000059555	77	92	NA	NA
ENSMUSG00000059586	66	48	NA	NA
ENSMUSG00000059588	53	24	66	48
ENSMUSG00000059602	35	32	NA	NA
ENSMUSG00000059606	2	56	NA	NA
ENSMUSG00000059625	NA	NA	56	75
ENSMUSG00000059631	NA	NA	13	35
ENSMUSG00000059632	64	0	NA	NA
ENSMUSG00000059654	13	42	NA	NA
ENSMUSG00000059657	NA	NA	82	2
ENSMUSG00000059668	46	9	32	42
ENSMUSG00000059669	69	69	NA	NA
ENSMUSG00000059689	NA	NA	61	86
ENSMUSG00000059695	NA	NA	53	90
ENSMUSG00000059708	67	26	44	4
ENSMUSG00000059713	15	12	NA	NA
ENSMUSG00000059714	19	78	NA	NA
ENSMUSG00000059734	82	88	NA	NA
ENSMUSG00000059741	27	36	NA	NA
ENSMUSG00000059742	40	8	NA	NA
ENSMUSG00000059772	44	46	NA	NA
ENSMUSG00000059791	97	70	NA	NA
ENSMUSG00000059810	2	39	NA	NA
ENSMUSG00000059811	89	17	93	36
ENSMUSG00000059820	NA	NA	15	63
ENSMUSG00000059824	91	96	NA	NA
ENSMUSG00000059832	NA	NA	45	83
ENSMUSG00000059834	36	31	56	36
ENSMUSG00000059839	NA	NA	2	15
ENSMUSG00000059842	NA	NA	43	25
ENSMUSG00000059845	13	26	NA	NA
ENSMUSG00000059851	11	0	NA	NA
ENSMUSG00000059852	NA	NA	9	30
ENSMUSG00000059854	NA	NA	15	77
ENSMUSG00000059857	14	64	64	34
ENSMUSG00000059866	27	50	62	41
ENSMUSG00000059878	40	58	NA	NA
ENSMUSG00000059883	14	62	NA	NA
ENSMUSG00000059887	2	54	NA	NA
ENSMUSG00000059890	27	4	NA	NA
ENSMUSG00000059891	42	32	NA	NA
ENSMUSG00000059895	70	22	NA	NA
ENSMUSG00000059897	5	8	81	50
ENSMUSG00000059898	NA	NA	86	64
ENSMUSG00000059900	45	13	30	84
ENSMUSG00000059920	80	85	24	46
ENSMUSG00000059921	82	83	NA	NA
ENSMUSG00000059923	23	12	NA	NA
ENSMUSG00000059939	39	72	NA	NA
ENSMUSG00000059956	NA	NA	57	64
ENSMUSG00000059970	10	10	NA	NA
ENSMUSG00000059974	23	1	5	52
ENSMUSG00000059975	NA	NA	54	31
ENSMUSG00000059981	NA	NA	96	78
ENSMUSG00000059991	48	65	NA	NA
ENSMUSG00000059994	41	27	NA	NA
ENSMUSG00000059995	28	12	NA	NA
ENSMUSG00000060002	99	98	NA	NA
ENSMUSG00000060012	NA	NA	68	4
ENSMUSG00000060029	NA	NA	11	77
ENSMUSG00000060032	18	42	NA	NA
ENSMUSG00000060038	88	91	NA	NA
ENSMUSG00000060044	NA	NA	28	24
ENSMUSG00000060063	83	54	NA	NA
ENSMUSG00000060073	NA	NA	50	42
ENSMUSG00000060090	61	52	97	44
ENSMUSG00000060093	24	55	NA	NA
ENSMUSG00000060098	96	96	NA	NA
ENSMUSG00000060121	37	54	NA	NA
ENSMUSG00000060131	NA	NA	16	18
ENSMUSG00000060147	93	76	NA	NA
ENSMUSG00000060149	6	36	NA	NA
ENSMUSG00000060152	57	81	NA	NA
ENSMUSG00000060161	NA	NA	85	35
ENSMUSG00000060166	91	56	80	47
ENSMUSG00000060176	NA	NA	68	78
ENSMUSG00000060181	NA	NA	95	44
ENSMUSG00000060183	21	3	NA	NA
ENSMUSG00000060188	49	67	NA	NA
ENSMUSG00000060206	NA	NA	89	47
ENSMUSG00000060212	NA	NA	33	82
ENSMUSG00000060216	95	94	NA	NA
ENSMUSG00000060224	NA	NA	43	63
ENSMUSG00000060227	NA	NA	96	86
ENSMUSG00000060240	18	31	NA	NA
ENSMUSG00000060257	NA	NA	75	20
ENSMUSG00000060260	NA	NA	72	37
ENSMUSG00000060261	7	68	NA	NA
ENSMUSG00000060275	NA	NA	76	90
ENSMUSG00000060279	75	58	NA	NA
ENSMUSG00000060284	17	17	NA	NA
ENSMUSG00000060288	34	46	NA	NA
ENSMUSG00000060301	NA	NA	7	75
ENSMUSG00000060311	38	11	NA	NA
ENSMUSG00000060314	NA	NA	11	6
ENSMUSG00000060317	22	68	NA	NA
ENSMUSG00000060332	36	13	NA	NA
ENSMUSG00000060371	40	39	89	34
ENSMUSG00000060373	77	74	45	70
ENSMUSG00000060375	NA	NA	47	13
ENSMUSG00000060376	88	50	NA	NA
ENSMUSG00000060380	NA	NA	83	7
ENSMUSG00000060397	NA	NA	60	6
ENSMUSG00000060402	NA	NA	20	50
ENSMUSG00000060416	NA	NA	4	54
ENSMUSG00000060424	NA	NA	21	45
ENSMUSG00000060427	29	57	NA	NA
ENSMUSG00000060429	50	48	2	59
ENSMUSG00000060445	NA	NA	51	25
ENSMUSG00000060450	51	88	NA	NA
ENSMUSG00000060469	44	37	NA	NA
ENSMUSG00000060470	87	86	NA	NA
ENSMUSG00000060475	86	54	NA	NA
ENSMUSG00000060487	NA	NA	22	6
ENSMUSG00000060491	NA	NA	8	27
ENSMUSG00000060508	NA	NA	55	62
ENSMUSG00000060509	71	22	NA	NA
ENSMUSG00000060510	NA	NA	98	93
ENSMUSG00000060512	66	17	NA	NA
ENSMUSG00000060519	39	90	22	80
ENSMUSG00000060530	NA	NA	62	3
ENSMUSG00000060534	47	68	63	59
ENSMUSG00000060538	61	70	18	11
ENSMUSG00000060548	65	13	NA	NA
ENSMUSG00000060560	41	39	NA	NA
ENSMUSG00000060568	NA	NA	66	43
ENSMUSG00000060572	64	71	NA	NA
ENSMUSG00000060579	9	73	NA	NA
ENSMUSG00000060586	43	32	NA	NA
ENSMUSG00000060594	NA	NA	87	84
ENSMUSG00000060600	93	92	NA	NA
ENSMUSG00000060601	27	2	NA	NA
ENSMUSG00000060613	1	14	8	82
ENSMUSG00000060615	NA	NA	24	32
ENSMUSG00000060621	NA	NA	66	48
ENSMUSG00000060630	NA	NA	30	39
ENSMUSG00000060639	83	38	NA	NA
ENSMUSG00000060657	NA	NA	93	97
ENSMUSG00000060671	19	78	92	83
ENSMUSG00000060675	51	93	35	98
ENSMUSG00000060679	91	89	NA	NA
ENSMUSG00000060681	NA	NA	11	34
ENSMUSG00000060691	2	23	NA	NA
ENSMUSG00000060701	33	71	NA	NA
ENSMUSG00000060703	86	99	NA	NA
ENSMUSG00000060708	65	82	82	94
ENSMUSG00000060715	NA	NA	35	40
ENSMUSG00000060716	41	42	74	16
ENSMUSG00000060724	16	10	NA	NA
ENSMUSG00000060726	NA	NA	13	14
ENSMUSG00000060727	NA	NA	84	33
ENSMUSG00000060733	NA	NA	67	85
ENSMUSG00000060739	44	49	NA	NA
ENSMUSG00000060756	NA	NA	37	60
ENSMUSG00000060771	NA	NA	96	50
ENSMUSG00000060780	31	20	NA	NA
ENSMUSG00000060794	NA	NA	55	59
ENSMUSG00000060798	NA	NA	41	71
ENSMUSG00000060802	68	98	NA	NA
ENSMUSG00000060807	7	50	NA	NA
ENSMUSG00000060808	NA	NA	67	62
ENSMUSG00000060843	NA	NA	81	46
ENSMUSG00000060860	68	74	NA	NA
ENSMUSG00000060862	NA	NA	0	28
ENSMUSG00000060882	47	5	NA	NA
ENSMUSG00000060890	29	10	NA	NA
ENSMUSG00000060923	92	99	NA	NA
ENSMUSG00000060924	9	14	36	73
ENSMUSG00000060935	18	76	98	88
ENSMUSG00000060938	12	89	NA	NA
ENSMUSG00000060950	NA	NA	76	92
ENSMUSG00000060961	49	22	44	37
ENSMUSG00000060962	4	51	NA	NA
ENSMUSG00000060969	3	4	NA	NA
ENSMUSG00000060981	82	66	NA	NA
ENSMUSG00000060985	NA	NA	90	58
ENSMUSG00000060988	NA	NA	6	88
ENSMUSG00000060992	58	73	NA	NA
ENSMUSG00000061013	NA	NA	17	11
ENSMUSG00000061028	38	29	NA	NA
ENSMUSG00000061032	55	69	NA	NA
ENSMUSG00000061046	NA	NA	52	97
ENSMUSG00000061048	11	41	42	24
ENSMUSG00000061068	9	17	NA	NA
ENSMUSG00000061079	23	78	NA	NA
ENSMUSG00000061080	NA	NA	87	39
ENSMUSG00000061082	74	26	NA	NA
ENSMUSG00000061086	97	46	NA	NA
ENSMUSG00000061099	47	63	NA	NA
ENSMUSG00000061100	65	17	NA	NA
ENSMUSG00000061111	56	66	NA	NA
ENSMUSG00000061119	27	5	10	55
ENSMUSG00000061126	NA	NA	37	23
ENSMUSG00000061130	92	78	NA	NA
ENSMUSG00000061132	26	98	NA	NA
ENSMUSG00000061136	83	68	40	81
ENSMUSG00000061144	NA	NA	42	57
ENSMUSG00000061175	NA	NA	98	98
ENSMUSG00000061186	51	26	52	31
ENSMUSG00000061232	91	47	NA	NA
ENSMUSG00000061244	NA	NA	98	58
ENSMUSG00000061259	12	9	NA	NA
ENSMUSG00000061273	NA	NA	95	31
ENSMUSG00000061286	89	93	NA	NA
ENSMUSG00000061288	71	77	NA	NA
ENSMUSG00000061298	NA	NA	68	15
ENSMUSG00000061306	84	41	NA	NA
ENSMUSG00000061311	36	6	NA	NA
ENSMUSG00000061313	41	93	54	1
ENSMUSG00000061322	NA	NA	80	48
ENSMUSG00000061353	98	99	38	26
ENSMUSG00000061360	57	91	NA	NA
ENSMUSG00000061371	NA	NA	44	57
ENSMUSG00000061374	3	86	NA	NA
ENSMUSG00000061388	0	40	NA	NA
ENSMUSG00000061393	39	79	3	26
ENSMUSG00000061397	48	62	NA	NA
ENSMUSG00000061410	42	68	30	17
ENSMUSG00000061411	NA	NA	53	52
ENSMUSG00000061436	34	46	87	7
ENSMUSG00000061451	NA	NA	68	72
ENSMUSG00000061455	50	68	NA	NA
ENSMUSG00000061458	NA	NA	71	56
ENSMUSG00000061461	NA	NA	86	15
ENSMUSG00000061462	NA	NA	93	43
ENSMUSG00000061517	15	16	7	47
ENSMUSG00000061518	11	12	NA	NA
ENSMUSG00000061524	3	34	NA	NA
ENSMUSG00000061527	5	44	NA	NA
ENSMUSG00000061531	NA	NA	23	14
ENSMUSG00000061533	NA	NA	91	20
ENSMUSG00000061535	NA	NA	11	20
ENSMUSG00000061536	NA	NA	77	40
ENSMUSG00000061540	27	67	NA	NA
ENSMUSG00000061544	NA	NA	83	44
ENSMUSG00000061559	47	96	NA	NA
ENSMUSG00000061576	33	58	76	82
ENSMUSG00000061577	NA	NA	36	59
ENSMUSG00000061578	NA	NA	30	12
ENSMUSG00000061584	NA	NA	73	40
ENSMUSG00000061589	NA	NA	88	52
ENSMUSG00000061601	15	39	48	62
ENSMUSG00000061603	NA	NA	42	32
ENSMUSG00000061607	NA	NA	90	56
ENSMUSG00000061626	53	42	NA	NA
ENSMUSG00000061633	44	28	NA	NA
ENSMUSG00000061650	67	58	NA	NA
ENSMUSG00000061653	23	64	NA	NA
ENSMUSG00000061665	95	70	NA	NA
ENSMUSG00000061666	41	88	NA	NA
ENSMUSG00000061689	91	89	97	82
ENSMUSG00000061702	NA	NA	9	17
ENSMUSG00000061707	NA	NA	59	83
ENSMUSG00000061718	50	37	NA	NA
ENSMUSG00000061723	99	42	NA	NA
ENSMUSG00000061731	87	90	83	4
ENSMUSG00000061740	53	66	NA	NA
ENSMUSG00000061742	18	0	NA	NA
ENSMUSG00000061751	27	19	48	5
ENSMUSG00000061755	5	16	55	34
ENSMUSG00000061758	16	4	94	97
ENSMUSG00000061759	61	25	20	17
ENSMUSG00000061762	9	49	15	79
ENSMUSG00000061778	38	68	34	10
ENSMUSG00000061780	33	60	NA	NA
ENSMUSG00000061787	34	69	NA	NA
ENSMUSG00000061802	NA	NA	35	37
ENSMUSG00000061808	13	43	13	13
ENSMUSG00000061859	2	25	72	52
ENSMUSG00000061877	NA	NA	69	52
ENSMUSG00000061878	1	46	NA	NA
ENSMUSG00000061882	NA	NA	0	15
ENSMUSG00000061887	70	77	54	62
ENSMUSG00000061894	NA	NA	63	76
ENSMUSG00000061898	NA	NA	26	95
ENSMUSG00000061904	52	72	48	8
ENSMUSG00000061906	46	63	NA	NA
ENSMUSG00000061911	64	24	4	16
ENSMUSG00000061923	43	33	NA	NA
ENSMUSG00000061937	9	37	NA	NA
ENSMUSG00000061947	19	29	NA	NA
ENSMUSG00000061950	15	84	NA	NA
ENSMUSG00000061959	45	70	NA	NA
ENSMUSG00000061979	16	94	NA	NA
ENSMUSG00000061981	94	12	NA	NA
ENSMUSG00000062007	NA	NA	52	87
ENSMUSG00000062012	NA	NA	19	46
ENSMUSG00000062014	87	65	NA	NA
ENSMUSG00000062017	NA	NA	43	43
ENSMUSG00000062028	NA	NA	26	15
ENSMUSG00000062031	72	79	NA	NA
ENSMUSG00000062040	NA	NA	77	52
ENSMUSG00000062044	NA	NA	39	85
ENSMUSG00000062046	NA	NA	5	62
ENSMUSG00000062054	86	69	67	96
ENSMUSG00000062061	26	32	NA	NA
ENSMUSG00000062075	94	93	NA	NA
ENSMUSG00000062077	97	95	NA	NA
ENSMUSG00000062078	29	75	54	96
ENSMUSG00000062082	NA	NA	44	48
ENSMUSG00000062098	7	46	97	94
ENSMUSG00000062101	NA	NA	73	76
ENSMUSG00000062110	NA	NA	42	46
ENSMUSG00000062115	33	63	NA	NA
ENSMUSG00000062116	53	84	NA	NA
ENSMUSG00000062124	NA	NA	30	6
ENSMUSG00000062127	85	46	98	91
ENSMUSG00000062151	NA	NA	3	1
ENSMUSG00000062154	NA	NA	64	30
ENSMUSG00000062157	NA	NA	38	85
ENSMUSG00000062169	79	77	83	63
ENSMUSG00000062170	61	63	NA	NA
ENSMUSG00000062175	10	97	53	88
ENSMUSG00000062184	50	27	0	5
ENSMUSG00000062190	90	29	NA	NA
ENSMUSG00000062198	73	93	NA	NA
ENSMUSG00000062202	NA	NA	80	85
ENSMUSG00000062203	48	12	67	36
ENSMUSG00000062209	9	34	NA	NA
ENSMUSG00000062210	88	86	31	72
ENSMUSG00000062224	53	18	NA	NA
ENSMUSG00000062232	NA	NA	81	96
ENSMUSG00000062234	57	5	NA	NA
ENSMUSG00000062252	NA	NA	64	23
ENSMUSG00000062257	NA	NA	24	62
ENSMUSG00000062275	NA	NA	52	15
ENSMUSG00000062296	NA	NA	6	20
ENSMUSG00000062300	45	85	NA	NA
ENSMUSG00000062309	75	18	NA	NA
ENSMUSG00000062310	93	55	NA	NA
ENSMUSG00000062312	21	72	NA	NA
ENSMUSG00000062327	67	57	NA	NA
ENSMUSG00000062329	NA	NA	57	53
ENSMUSG00000062345	41	36	NA	NA
ENSMUSG00000062352	39	94	NA	NA
ENSMUSG00000062372	46	72	NA	NA
ENSMUSG00000062373	NA	NA	96	89
ENSMUSG00000062376	76	79	16	14
ENSMUSG00000062380	67	99	NA	NA
ENSMUSG00000062391	NA	NA	30	22
ENSMUSG00000062393	NA	NA	49	70
ENSMUSG00000062397	14	71	NA	NA
ENSMUSG00000062400	21	16	NA	NA
ENSMUSG00000062410	73	31	39	37
ENSMUSG00000062421	35	62	NA	NA
ENSMUSG00000062433	69	55	NA	NA
ENSMUSG00000062438	60	38	NA	NA
ENSMUSG00000062444	11	22	NA	NA
ENSMUSG00000062478	28	18	NA	NA
ENSMUSG00000062483	16	57	NA	NA
ENSMUSG00000062496	NA	NA	47	39
ENSMUSG00000062510	NA	NA	16	89
ENSMUSG00000062511	NA	NA	90	36
ENSMUSG00000062515	33	34	NA	NA
ENSMUSG00000062519	64	0	40	8
ENSMUSG00000062524	12	54	NA	NA
ENSMUSG00000062526	NA	NA	96	97
ENSMUSG00000062542	54	32	NA	NA
ENSMUSG00000062543	NA	NA	36	5
ENSMUSG00000062545	NA	NA	31	28
ENSMUSG00000062556	41	58	NA	NA
ENSMUSG00000062563	60	71	NA	NA
ENSMUSG00000062580	30	3	NA	NA
ENSMUSG00000062585	19	69	NA	NA
ENSMUSG00000062590	NA	NA	41	67
ENSMUSG00000062591	9	52	NA	NA
ENSMUSG00000062604	20	81	16	61
ENSMUSG00000062609	42	30	38	61
ENSMUSG00000062619	73	12	NA	NA
ENSMUSG00000062627	NA	NA	74	44
ENSMUSG00000062646	66	8	53	85
ENSMUSG00000062651	15	53	NA	NA
ENSMUSG00000062661	17	7	94	88
ENSMUSG00000062687	NA	NA	53	48
ENSMUSG00000062691	50	89	NA	NA
ENSMUSG00000062694	98	41	NA	NA
ENSMUSG00000062704	NA	NA	70	12
ENSMUSG00000062705	43	58	NA	NA
ENSMUSG00000062713	32	43	NA	NA
ENSMUSG00000062729	26	72	NA	NA
ENSMUSG00000062732	NA	NA	44	51
ENSMUSG00000062743	NA	NA	13	8
ENSMUSG00000062753	58	79	NA	NA
ENSMUSG00000062760	NA	NA	81	41
ENSMUSG00000062761	NA	NA	1	46
ENSMUSG00000062762	80	80	NA	NA
ENSMUSG00000062773	30	52	NA	NA
ENSMUSG00000062778	47	24	NA	NA
ENSMUSG00000062785	52	25	28	7
ENSMUSG00000062794	NA	NA	12	79
ENSMUSG00000062797	9	79	NA	NA
ENSMUSG00000062818	17	4	NA	NA
ENSMUSG00000062822	26	62	23	33
ENSMUSG00000062826	NA	NA	23	83
ENSMUSG00000062859	52	19	NA	NA
ENSMUSG00000062861	NA	NA	83	56
ENSMUSG00000062866	39	24	47	39
ENSMUSG00000062901	77	45	8	4
ENSMUSG00000062906	NA	NA	33	2
ENSMUSG00000062908	75	94	NA	NA
ENSMUSG00000062929	76	93	80	90
ENSMUSG00000062931	NA	NA	6	72
ENSMUSG00000062937	82	78	NA	NA
ENSMUSG00000062939	16	30	NA	NA
ENSMUSG00000062944	NA	NA	69	91
ENSMUSG00000062949	5	51	92	49
ENSMUSG00000062960	28	11	NA	NA
ENSMUSG00000062961	NA	NA	71	35
ENSMUSG00000062963	69	52	NA	NA
ENSMUSG00000062980	NA	NA	13	14
ENSMUSG00000062991	NA	NA	21	39
ENSMUSG00000062995	71	42	NA	NA
ENSMUSG00000063011	60	99	NA	NA
ENSMUSG00000063015	18	86	NA	NA
ENSMUSG00000063018	5	99	NA	NA
ENSMUSG00000063019	21	64	NA	NA
ENSMUSG00000063049	79	76	NA	NA
ENSMUSG00000063052	92	2	NA	NA
ENSMUSG00000063060	15	45	NA	NA
ENSMUSG00000063065	85	24	NA	NA
ENSMUSG00000063077	45	57	NA	NA
ENSMUSG00000063087	NA	NA	68	19
ENSMUSG00000063089	56	15	NA	NA
ENSMUSG00000063108	49	3	NA	NA
ENSMUSG00000063109	NA	NA	63	23
ENSMUSG00000063120	55	62	NA	NA
ENSMUSG00000063129	49	26	NA	NA
ENSMUSG00000063130	43	51	NA	NA
ENSMUSG00000063133	49	73	NA	NA
ENSMUSG00000063142	0	13	34	75
ENSMUSG00000063145	NA	NA	87	86
ENSMUSG00000063146	82	0	NA	NA
ENSMUSG00000063157	2	43	NA	NA
ENSMUSG00000063160	69	62	NA	NA
ENSMUSG00000063171	38	46	NA	NA
ENSMUSG00000063172	34	99	NA	NA
ENSMUSG00000063177	9	15	NA	NA
ENSMUSG00000063179	20	34	NA	NA
ENSMUSG00000063193	NA	NA	8	28
ENSMUSG00000063200	50	90	NA	NA
ENSMUSG00000063229	59	12	NA	NA
ENSMUSG00000063232	NA	NA	16	25
ENSMUSG00000063234	26	27	NA	NA
ENSMUSG00000063235	6	80	NA	NA
ENSMUSG00000063236	63	36	NA	NA
ENSMUSG00000063239	NA	NA	85	81
ENSMUSG00000063251	NA	NA	15	68
ENSMUSG00000063260	46	19	NA	NA
ENSMUSG00000063268	60	75	NA	NA
ENSMUSG00000063273	89	86	NA	NA
ENSMUSG00000063281	58	20	NA	NA
ENSMUSG00000063296	NA	NA	80	24
ENSMUSG00000063317	NA	NA	71	16
ENSMUSG00000063334	40	3	61	80
ENSMUSG00000063354	48	18	NA	NA
ENSMUSG00000063358	50	57	18	59
ENSMUSG00000063362	NA	NA	16	74
ENSMUSG00000063364	NA	NA	62	44
ENSMUSG00000063382	86	90	10	34
ENSMUSG00000063406	75	35	43	3
ENSMUSG00000063410	86	33	NA	NA
ENSMUSG00000063415	NA	NA	0	41
ENSMUSG00000063428	55	46	18	55
ENSMUSG00000063430	NA	NA	8	49
ENSMUSG00000063434	8	4	NA	NA
ENSMUSG00000063445	NA	NA	85	46
ENSMUSG00000063446	NA	NA	82	14
ENSMUSG00000063447	41	35	NA	NA
ENSMUSG00000063450	70	20	60	49
ENSMUSG00000063455	NA	NA	90	31
ENSMUSG00000063457	11	11	NA	NA
ENSMUSG00000063458	NA	NA	3	17
ENSMUSG00000063488	NA	NA	55	25
ENSMUSG00000063506	NA	NA	91	98
ENSMUSG00000063511	84	79	46	68
ENSMUSG00000063522	55	30	NA	NA
ENSMUSG00000063529	NA	NA	68	94
ENSMUSG00000063531	31	33	85	61
ENSMUSG00000063535	NA	NA	11	39
ENSMUSG00000063550	69	33	80	29
ENSMUSG00000063558	75	95	NA	NA
ENSMUSG00000063564	NA	NA	73	68
ENSMUSG00000063568	NA	NA	7	37
ENSMUSG00000063576	57	39	NA	NA
ENSMUSG00000063594	NA	NA	75	79
ENSMUSG00000063600	NA	NA	55	61
ENSMUSG00000063605	84	80	84	96
ENSMUSG00000063615	1	21	NA	NA
ENSMUSG00000063626	NA	NA	30	60
ENSMUSG00000063632	95	95	67	98
ENSMUSG00000063646	NA	NA	23	62
ENSMUSG00000063651	NA	NA	67	89
ENSMUSG00000063652	39	71	NA	NA
ENSMUSG00000063659	75	69	NA	NA
ENSMUSG00000063661	NA	NA	55	38
ENSMUSG00000063663	6	18	76	83
ENSMUSG00000063672	NA	NA	93	10
ENSMUSG00000063681	26	19	87	41
ENSMUSG00000063683	80	37	NA	NA
ENSMUSG00000063687	28	24	NA	NA
ENSMUSG00000063694	NA	NA	34	9
ENSMUSG00000063698	39	88	NA	NA
ENSMUSG00000063704	NA	NA	67	54
ENSMUSG00000063713	78	31	NA	NA
ENSMUSG00000063727	61	79	NA	NA
ENSMUSG00000063728	67	20	NA	NA
ENSMUSG00000063730	31	60	NA	NA
ENSMUSG00000063760	NA	NA	64	45
ENSMUSG00000063765	NA	NA	3	42
ENSMUSG00000063779	11	14	NA	NA
ENSMUSG00000063785	NA	NA	27	17
ENSMUSG00000063796	2	53	NA	NA
ENSMUSG00000063800	62	23	4	50
ENSMUSG00000063801	36	20	47	80
ENSMUSG00000063802	5	83	NA	NA
ENSMUSG00000063804	NA	NA	6	80
ENSMUSG00000063808	30	14	8	1
ENSMUSG00000063838	96	64	NA	NA
ENSMUSG00000063849	10	86	78	9
ENSMUSG00000063851	51	90	NA	NA
ENSMUSG00000063856	88	2	NA	NA
ENSMUSG00000063870	23	42	NA	NA
ENSMUSG00000063873	93	97	NA	NA
ENSMUSG00000063882	52	89	41	99
ENSMUSG00000063884	51	63	62	63
ENSMUSG00000063887	NA	NA	22	81
ENSMUSG00000063888	60	41	63	68
ENSMUSG00000063889	12	47	69	71
ENSMUSG00000063894	NA	NA	87	31
ENSMUSG00000063903	22	22	NA	NA
ENSMUSG00000063904	34	76	NA	NA
ENSMUSG00000063919	53	30	31	5
ENSMUSG00000063931	71	83	NA	NA
ENSMUSG00000063935	NA	NA	10	5
ENSMUSG00000063952	NA	NA	59	7
ENSMUSG00000063971	58	58	NA	NA
ENSMUSG00000063972	52	48	63	11
ENSMUSG00000063975	60	39	NA	NA
ENSMUSG00000064023	25	87	NA	NA
ENSMUSG00000064030	NA	NA	69	50
ENSMUSG00000064036	NA	NA	6	14
ENSMUSG00000064037	82	91	3	13
ENSMUSG00000064039	4	33	NA	NA
ENSMUSG00000064043	NA	NA	88	44
ENSMUSG00000064057	15	7	NA	NA
ENSMUSG00000064061	NA	NA	54	74
ENSMUSG00000064063	NA	NA	12	65
ENSMUSG00000064065	NA	NA	80	0
ENSMUSG00000064068	60	76	NA	NA
ENSMUSG00000064080	93	90	27	33
ENSMUSG00000064090	69	34	NA	NA
ENSMUSG00000064105	29	43	NA	NA
ENSMUSG00000064109	36	73	NA	NA
ENSMUSG00000064115	NA	NA	25	56
ENSMUSG00000064120	32	43	68	31
ENSMUSG00000064125	NA	NA	37	11
ENSMUSG00000064127	16	80	70	83
ENSMUSG00000064128	NA	NA	6	45
ENSMUSG00000064138	NA	NA	48	96
ENSMUSG00000064141	NA	NA	50	12
ENSMUSG00000064145	73	57	NA	NA
ENSMUSG00000064147	NA	NA	45	1
ENSMUSG00000064156	6	24	NA	NA
ENSMUSG00000064158	NA	NA	23	61
ENSMUSG00000064177	51	74	NA	NA
ENSMUSG00000064179	93	0	NA	NA
ENSMUSG00000064181	77	62	41	28
ENSMUSG00000064201	22	52	NA	NA
ENSMUSG00000064202	NA	NA	65	55
ENSMUSG00000064210	NA	NA	92	47
ENSMUSG00000064215	NA	NA	78	98
ENSMUSG00000064225	NA	NA	45	81
ENSMUSG00000064246	98	15	NA	NA
ENSMUSG00000064247	NA	NA	51	31
ENSMUSG00000064254	62	94	NA	NA
ENSMUSG00000064259	25	32	NA	NA
ENSMUSG00000064262	NA	NA	55	50
ENSMUSG00000064264	82	90	NA	NA
ENSMUSG00000064267	69	84	NA	NA
ENSMUSG00000064280	NA	NA	58	37
ENSMUSG00000064284	69	37	NA	NA
ENSMUSG00000064289	84	26	2	47
ENSMUSG00000064293	74	75	NA	NA
ENSMUSG00000064294	46	76	NA	NA
ENSMUSG00000064299	NA	NA	54	22
ENSMUSG00000064302	72	66	62	15
ENSMUSG00000064307	76	76	NA	NA
ENSMUSG00000064308	NA	NA	27	7
ENSMUSG00000064325	5	75	1	93
ENSMUSG00000064326	90	0	NA	NA
ENSMUSG00000064329	54	37	49	50
ENSMUSG00000064330	8	74	NA	NA
ENSMUSG00000064367	76	82	NA	NA
ENSMUSG00000064373	84	99	NA	NA
ENSMUSG00000064722	NA	NA	50	89
ENSMUSG00000064867	NA	NA	43	28
ENSMUSG00000064917	47	38	NA	NA
ENSMUSG00000065126	NA	NA	90	99
ENSMUSG00000065589	NA	NA	39	47
ENSMUSG00000065593	15	22	NA	NA
ENSMUSG00000065715	NA	NA	20	68
ENSMUSG00000065954	NA	NA	89	98
ENSMUSG00000065968	NA	NA	8	49
ENSMUSG00000065979	63	38	85	73
ENSMUSG00000065987	78	40	26	56
ENSMUSG00000065990	71	67	NA	NA
ENSMUSG00000066000	NA	NA	36	29
ENSMUSG00000066026	84	92	NA	NA
ENSMUSG00000066031	1	21	NA	NA
ENSMUSG00000066036	2	15	NA	NA
ENSMUSG00000066037	NA	NA	0	68
ENSMUSG00000066042	NA	NA	54	5
ENSMUSG00000066043	NA	NA	90	94
ENSMUSG00000066057	45	72	NA	NA
ENSMUSG00000066058	3	49	NA	NA
ENSMUSG00000066071	20	3	NA	NA
ENSMUSG00000066072	72	41	NA	NA
ENSMUSG00000066090	23	79	NA	NA
ENSMUSG00000066097	NA	NA	23	57
ENSMUSG00000066108	9	4	NA	NA
ENSMUSG00000066113	NA	NA	2	51
ENSMUSG00000066129	NA	NA	71	47
ENSMUSG00000066137	NA	NA	25	55
ENSMUSG00000066148	NA	NA	74	11
ENSMUSG00000066149	30	86	36	29
ENSMUSG00000066150	84	72	NA	NA
ENSMUSG00000066151	58	6	63	96
ENSMUSG00000066152	50	34	NA	NA
ENSMUSG00000066154	68	52	NA	NA
ENSMUSG00000066175	NA	NA	83	41
ENSMUSG00000066178	NA	NA	92	14
ENSMUSG00000066189	58	4	NA	NA
ENSMUSG00000066196	NA	NA	62	42
ENSMUSG00000066197	NA	NA	61	55
ENSMUSG00000066232	55	84	64	66
ENSMUSG00000066233	41	87	NA	NA
ENSMUSG00000066235	NA	NA	81	31
ENSMUSG00000066258	14	0	NA	NA
ENSMUSG00000066278	83	32	NA	NA
ENSMUSG00000066306	48	82	NA	NA
ENSMUSG00000066319	22	4	NA	NA
ENSMUSG00000066324	1	49	NA	NA
ENSMUSG00000066357	98	80	NA	NA
ENSMUSG00000066359	15	0	NA	NA
ENSMUSG00000066361	25	6	NA	NA
ENSMUSG00000066366	16	37	NA	NA
ENSMUSG00000066368	29	38	NA	NA
ENSMUSG00000066382	NA	NA	79	70
ENSMUSG00000066383	NA	NA	77	56
ENSMUSG00000066392	NA	NA	29	38
ENSMUSG00000066406	NA	NA	88	95
ENSMUSG00000066415	69	70	NA	NA
ENSMUSG00000066438	NA	NA	52	84
ENSMUSG00000066440	19	57	NA	NA
ENSMUSG00000066441	76	54	NA	NA
ENSMUSG00000066456	99	80	NA	NA
ENSMUSG00000066463	26	45	NA	NA
ENSMUSG00000066477	NA	NA	80	34
ENSMUSG00000066500	NA	NA	1	19
ENSMUSG00000066512	31	75	NA	NA
ENSMUSG00000066513	36	15	NA	NA
ENSMUSG00000066515	46	20	NA	NA
ENSMUSG00000066516	8	17	NA	NA
ENSMUSG00000066551	79	77	NA	NA
ENSMUSG00000066568	NA	NA	31	88
ENSMUSG00000066571	NA	NA	25	75
ENSMUSG00000066583	38	19	NA	NA
ENSMUSG00000066584	5	50	NA	NA
ENSMUSG00000066595	26	51	97	74
ENSMUSG00000066621	51	2	69	28
ENSMUSG00000066637	NA	NA	93	29
ENSMUSG00000066640	NA	NA	76	38
ENSMUSG00000066643	NA	NA	96	81
ENSMUSG00000066647	NA	NA	14	47
ENSMUSG00000066652	NA	NA	26	37
ENSMUSG00000066687	12	32	0	72
ENSMUSG00000066704	44	9	NA	NA
ENSMUSG00000066705	93	11	NA	NA
ENSMUSG00000066720	13	68	0	70
ENSMUSG00000066721	NA	NA	67	16
ENSMUSG00000066735	NA	NA	90	59
ENSMUSG00000066760	71	20	NA	NA
ENSMUSG00000066798	NA	NA	77	31
ENSMUSG00000066800	28	43	60	65
ENSMUSG00000066829	18	46	NA	NA
ENSMUSG00000066838	56	60	22	51
ENSMUSG00000066839	83	85	NA	NA
ENSMUSG00000066842	NA	NA	8	37
ENSMUSG00000066850	56	9	NA	NA
ENSMUSG00000066867	5	41	NA	NA
ENSMUSG00000066877	64	60	12	21
ENSMUSG00000066892	65	87	NA	NA
ENSMUSG00000066894	NA	NA	71	77
ENSMUSG00000066899	28	19	NA	NA
ENSMUSG00000066900	23	92	NA	NA
ENSMUSG00000066952	46	45	NA	NA
ENSMUSG00000066975	83	81	NA	NA
ENSMUSG00000066979	67	73	84	73
ENSMUSG00000067001	38	63	NA	NA
ENSMUSG00000067006	22	24	29	22
ENSMUSG00000067010	29	5	NA	NA
ENSMUSG00000067071	90	90	NA	NA
ENSMUSG00000067081	62	67	15	51
ENSMUSG00000067101	NA	NA	32	9
ENSMUSG00000067103	NA	NA	60	40
ENSMUSG00000067144	38	4	NA	NA
ENSMUSG00000067148	27	88	NA	NA
ENSMUSG00000067149	48	43	NA	NA
ENSMUSG00000067150	90	58	67	74
ENSMUSG00000067158	6	51	41	64
ENSMUSG00000067173	45	36	NA	NA
ENSMUSG00000067194	46	6	75	45
ENSMUSG00000067199	21	40	NA	NA
ENSMUSG00000067201	31	35	NA	NA
ENSMUSG00000067206	NA	NA	33	54
ENSMUSG00000067219	NA	NA	16	35
ENSMUSG00000067220	17	40	34	69
ENSMUSG00000067225	7	21	NA	NA
ENSMUSG00000067235	31	4	NA	NA
ENSMUSG00000067242	NA	NA	26	18
ENSMUSG00000067276	95	99	NA	NA
ENSMUSG00000067279	47	99	NA	NA
ENSMUSG00000067297	NA	NA	19	21
ENSMUSG00000067299	57	39	NA	NA
ENSMUSG00000067336	14	15	87	42
ENSMUSG00000067341	NA	NA	92	17
ENSMUSG00000067365	85	95	NA	NA
ENSMUSG00000067367	42	90	NA	NA
ENSMUSG00000067369	NA	NA	89	97
ENSMUSG00000067370	18	17	NA	NA
ENSMUSG00000067377	77	11	NA	NA
ENSMUSG00000067424	NA	NA	36	41
ENSMUSG00000067430	NA	NA	56	27
ENSMUSG00000067438	63	13	NA	NA
ENSMUSG00000067455	NA	NA	71	75
ENSMUSG00000067567	NA	NA	46	85
ENSMUSG00000067571	NA	NA	34	70
ENSMUSG00000067577	NA	NA	8	89
ENSMUSG00000067578	NA	NA	65	54
ENSMUSG00000067586	43	0	63	49
ENSMUSG00000067594	29	1	NA	NA
ENSMUSG00000067599	40	79	NA	NA
ENSMUSG00000067613	42	41	NA	NA
ENSMUSG00000067614	15	5	NA	NA
ENSMUSG00000067615	51	49	NA	NA
ENSMUSG00000067616	20	74	NA	NA
ENSMUSG00000067629	NA	NA	90	10
ENSMUSG00000067656	33	23	NA	NA
ENSMUSG00000067684	13	24	NA	NA
ENSMUSG00000067702	28	71	NA	NA
ENSMUSG00000067713	83	33	NA	NA
ENSMUSG00000067722	67	65	5	9
ENSMUSG00000067724	NA	NA	10	37
ENSMUSG00000067750	30	44	NA	NA
ENSMUSG00000067773	NA	NA	92	85
ENSMUSG00000067780	69	28	NA	NA
ENSMUSG00000067786	0	7	NA	NA
ENSMUSG00000067787	32	18	NA	NA
ENSMUSG00000067795	NA	NA	8	16
ENSMUSG00000067818	87	61	NA	NA
ENSMUSG00000067825	73	25	NA	NA
ENSMUSG00000067851	59	43	64	58
ENSMUSG00000067855	12	46	NA	NA
ENSMUSG00000067860	45	26	10	30
ENSMUSG00000067872	NA	NA	50	78
ENSMUSG00000067873	25	10	NA	NA
ENSMUSG00000067879	NA	NA	51	7
ENSMUSG00000067889	27	41	NA	NA
ENSMUSG00000067916	8	49	NA	NA
ENSMUSG00000067919	36	35	NA	NA
ENSMUSG00000067928	NA	NA	79	84
ENSMUSG00000067931	28	31	NA	NA
ENSMUSG00000067942	24	27	4	58
ENSMUSG00000067995	87	44	NA	NA
ENSMUSG00000068008	NA	NA	45	59
ENSMUSG00000068011	NA	NA	68	41
ENSMUSG00000068015	NA	NA	64	48
ENSMUSG00000068036	NA	NA	98	42
ENSMUSG00000068037	37	4	NA	NA
ENSMUSG00000068040	63	49	NA	NA
ENSMUSG00000068048	35	45	NA	NA
ENSMUSG00000068074	36	10	NA	NA
ENSMUSG00000068075	32	7	NA	NA
ENSMUSG00000068078	12	7	NA	NA
ENSMUSG00000068079	55	74	NA	NA
ENSMUSG00000068083	NA	NA	50	31
ENSMUSG00000068086	41	13	NA	NA
ENSMUSG00000068099	NA	NA	30	25
ENSMUSG00000068101	95	60	NA	NA
ENSMUSG00000068105	29	0	NA	NA
ENSMUSG00000068114	NA	NA	97	67
ENSMUSG00000068115	NA	NA	17	16
ENSMUSG00000068117	NA	NA	76	65
ENSMUSG00000068122	1	13	NA	NA
ENSMUSG00000068129	22	47	NA	NA
ENSMUSG00000068134	42	41	NA	NA
ENSMUSG00000068154	50	22	45	37
ENSMUSG00000068180	NA	NA	36	21
ENSMUSG00000068184	NA	NA	22	91
ENSMUSG00000068196	95	48	97	29
ENSMUSG00000068205	11	30	31	76
ENSMUSG00000068206	23	24	NA	NA
ENSMUSG00000068220	35	30	NA	NA
ENSMUSG00000068227	15	72	78	4
ENSMUSG00000068231	6	10	NA	NA
ENSMUSG00000068232	29	16	NA	NA
ENSMUSG00000068250	NA	NA	87	99
ENSMUSG00000068263	46	17	NA	NA
ENSMUSG00000068264	11	11	NA	NA
ENSMUSG00000068267	68	10	NA	NA
ENSMUSG00000068270	NA	NA	95	3
ENSMUSG00000068284	NA	NA	78	43
ENSMUSG00000068290	98	85	NA	NA
ENSMUSG00000068299	28	18	NA	NA
ENSMUSG00000068323	37	67	NA	NA
ENSMUSG00000068327	13	5	NA	NA
ENSMUSG00000068328	81	70	50	82
ENSMUSG00000068329	90	78	NA	NA
ENSMUSG00000068335	55	80	NA	NA
ENSMUSG00000068341	54	44	NA	NA
ENSMUSG00000068373	NA	NA	36	3
ENSMUSG00000068391	79	35	27	82
ENSMUSG00000068394	19	4	NA	NA
ENSMUSG00000068457	37	16	NA	NA
ENSMUSG00000068479	15	41	NA	NA
ENSMUSG00000068522	65	27	NA	NA
ENSMUSG00000068523	0	6	NA	NA
ENSMUSG00000068547	NA	NA	39	8
ENSMUSG00000068551	28	27	44	36
ENSMUSG00000068566	70	49	NA	NA
ENSMUSG00000068580	39	82	NA	NA
ENSMUSG00000068587	NA	NA	31	61
ENSMUSG00000068600	47	47	NA	NA
ENSMUSG00000068614	26	94	NA	NA
ENSMUSG00000068615	4	64	41	64
ENSMUSG00000068617	NA	NA	49	16
ENSMUSG00000068663	47	1	40	19
ENSMUSG00000068696	62	45	NA	NA
ENSMUSG00000068697	72	43	NA	NA
ENSMUSG00000068699	88	8	NA	NA
ENSMUSG00000068732	NA	NA	92	99
ENSMUSG00000068735	NA	NA	44	37
ENSMUSG00000068739	95	85	NA	NA
ENSMUSG00000068740	20	62	NA	NA
ENSMUSG00000068742	88	54	NA	NA
ENSMUSG00000068744	97	86	NA	NA
ENSMUSG00000068745	NA	NA	26	55
ENSMUSG00000068747	87	25	NA	NA
ENSMUSG00000068748	3	58	NA	NA
ENSMUSG00000068758	88	91	NA	NA
ENSMUSG00000068762	27	32	NA	NA
ENSMUSG00000068798	76	23	NA	NA
ENSMUSG00000068823	1	86	NA	NA
ENSMUSG00000068854	NA	NA	89	73
ENSMUSG00000068860	NA	NA	8	42
ENSMUSG00000068874	50	93	NA	NA
ENSMUSG00000068876	NA	NA	64	76
ENSMUSG00000068882	8	12	NA	NA
ENSMUSG00000068885	NA	NA	69	3
ENSMUSG00000068888	19	70	NA	NA
ENSMUSG00000068890	47	11	NA	NA
ENSMUSG00000068917	38	55	NA	NA
ENSMUSG00000068921	81	66	NA	NA
ENSMUSG00000068922	75	36	NA	NA
ENSMUSG00000068923	21	75	33	91
ENSMUSG00000068940	19	38	NA	NA
ENSMUSG00000068957	NA	NA	5	16
ENSMUSG00000068959	NA	NA	23	26
ENSMUSG00000068966	NA	NA	59	39
ENSMUSG00000069020	67	27	91	76
ENSMUSG00000069036	88	20	NA	NA
ENSMUSG00000069041	NA	NA	17	64
ENSMUSG00000069044	52	39	NA	NA
ENSMUSG00000069045	43	6	NA	NA
ENSMUSG00000069049	19	52	13	43
ENSMUSG00000069072	NA	NA	80	50
ENSMUSG00000069080	NA	NA	50	12
ENSMUSG00000069089	51	96	NA	NA
ENSMUSG00000069094	54	4	95	88
ENSMUSG00000069114	NA	NA	53	18
ENSMUSG00000069118	NA	NA	5	66
ENSMUSG00000069132	NA	NA	29	68
ENSMUSG00000069135	NA	NA	93	85
ENSMUSG00000069136	38	23	NA	NA
ENSMUSG00000069170	0	68	NA	NA
ENSMUSG00000069171	20	23	NA	NA
ENSMUSG00000069189	NA	NA	31	18
ENSMUSG00000069206	NA	NA	0	21
ENSMUSG00000069208	32	10	NA	NA
ENSMUSG00000069227	26	3	NA	NA
ENSMUSG00000069237	94	44	NA	NA
ENSMUSG00000069255	35	37	NA	NA
ENSMUSG00000069258	11	63	NA	NA
ENSMUSG00000069259	61	13	NA	NA
ENSMUSG00000069372	NA	NA	99	79
ENSMUSG00000069378	NA	NA	16	51
ENSMUSG00000069441	NA	NA	24	20
ENSMUSG00000069456	34	27	33	64
ENSMUSG00000069476	NA	NA	32	35
ENSMUSG00000069495	NA	NA	86	31
ENSMUSG00000069516	78	82	NA	NA
ENSMUSG00000069520	68	71	NA	NA
ENSMUSG00000069539	NA	NA	38	68
ENSMUSG00000069565	53	78	NA	NA
ENSMUSG00000069583	38	30	NA	NA
ENSMUSG00000069601	8	40	60	56
ENSMUSG00000069631	15	70	NA	NA
ENSMUSG00000069633	NA	NA	61	21
ENSMUSG00000069662	97	94	NA	NA
ENSMUSG00000069668	56	17	NA	NA
ENSMUSG00000069670	NA	NA	40	64
ENSMUSG00000069713	NA	NA	24	65
ENSMUSG00000069718	NA	NA	8	8
ENSMUSG00000069721	NA	NA	59	2
ENSMUSG00000069722	12	13	NA	NA
ENSMUSG00000069727	20	41	NA	NA
ENSMUSG00000069729	NA	NA	51	34
ENSMUSG00000069733	NA	NA	51	3
ENSMUSG00000069743	0	35	19	28
ENSMUSG00000069763	46	36	NA	NA
ENSMUSG00000069769	91	21	62	32
ENSMUSG00000069792	NA	NA	23	0
ENSMUSG00000069793	NA	NA	35	73
ENSMUSG00000069805	62	55	NA	NA
ENSMUSG00000069806	40	61	54	22
ENSMUSG00000069808	NA	NA	94	40
ENSMUSG00000069814	NA	NA	82	73
ENSMUSG00000069833	90	11	NA	NA
ENSMUSG00000069835	NA	NA	63	74
ENSMUSG00000069844	NA	NA	28	7
ENSMUSG00000069873	NA	NA	4	47
ENSMUSG00000069874	9	8	NA	NA
ENSMUSG00000069895	NA	NA	93	91
ENSMUSG00000069910	86	36	NA	NA
ENSMUSG00000069911	NA	NA	17	90
ENSMUSG00000069920	87	95	NA	NA
ENSMUSG00000069971	NA	NA	65	49
ENSMUSG00000070000	33	51	NA	NA
ENSMUSG00000070002	65	36	NA	NA
ENSMUSG00000070003	21	37	NA	NA
ENSMUSG00000070044	NA	NA	98	95
ENSMUSG00000070047	NA	NA	99	99
ENSMUSG00000070056	81	29	54	82
ENSMUSG00000070072	NA	NA	62	73
ENSMUSG00000070280	NA	NA	40	66
ENSMUSG00000070282	NA	NA	35	60
ENSMUSG00000070283	73	92	NA	NA
ENSMUSG00000070291	NA	NA	77	79
ENSMUSG00000070304	NA	NA	70	24
ENSMUSG00000070305	NA	NA	49	81
ENSMUSG00000070306	NA	NA	66	63
ENSMUSG00000070315	NA	NA	38	1
ENSMUSG00000070319	83	89	NA	NA
ENSMUSG00000070324	NA	NA	13	23
ENSMUSG00000070327	NA	NA	66	68
ENSMUSG00000070331	NA	NA	69	3
ENSMUSG00000070332	NA	NA	5	72
ENSMUSG00000070334	NA	NA	65	71
ENSMUSG00000070337	NA	NA	54	77
ENSMUSG00000070345	NA	NA	54	51
ENSMUSG00000070348	98	76	NA	NA
ENSMUSG00000070354	32	57	NA	NA
ENSMUSG00000070368	NA	NA	15	15
ENSMUSG00000070371	NA	NA	79	58
ENSMUSG00000070394	NA	NA	92	97
ENSMUSG00000070407	44	4	36	83
ENSMUSG00000070417	8	38	NA	NA
ENSMUSG00000070421	NA	NA	1	45
ENSMUSG00000070423	NA	NA	19	32
ENSMUSG00000070424	68	56	NA	NA
ENSMUSG00000070427	70	8	NA	NA
ENSMUSG00000070436	83	25	NA	NA
ENSMUSG00000070461	NA	NA	56	86
ENSMUSG00000070462	41	78	NA	NA
ENSMUSG00000070469	NA	NA	89	99
ENSMUSG00000070471	NA	NA	31	16
ENSMUSG00000070473	13	50	NA	NA
ENSMUSG00000070476	NA	NA	28	53
ENSMUSG00000070489	NA	NA	18	30
ENSMUSG00000070509	NA	NA	21	96
ENSMUSG00000070520	1	74	NA	NA
ENSMUSG00000070526	52	1	NA	NA
ENSMUSG00000070527	32	22	NA	NA
ENSMUSG00000070544	79	91	31	5
ENSMUSG00000070547	NA	NA	2	74
ENSMUSG00000070563	NA	NA	55	67
ENSMUSG00000070564	NA	NA	94	27
ENSMUSG00000070565	65	67	90	82
ENSMUSG00000070568	NA	NA	35	69
ENSMUSG00000070570	NA	NA	59	84
ENSMUSG00000070574	NA	NA	87	45
ENSMUSG00000070576	NA	NA	61	96
ENSMUSG00000070583	35	1	NA	NA
ENSMUSG00000070604	NA	NA	33	15
ENSMUSG00000070639	NA	NA	77	80
ENSMUSG00000070643	26	54	NA	NA
ENSMUSG00000070644	NA	NA	46	12
ENSMUSG00000070645	13	59	NA	NA
ENSMUSG00000070661	60	10	NA	NA
ENSMUSG00000070683	NA	NA	14	40
ENSMUSG00000070687	59	71	28	41
ENSMUSG00000070690	NA	NA	17	60
ENSMUSG00000070691	65	67	98	96
ENSMUSG00000070695	NA	NA	61	33
ENSMUSG00000070697	25	72	NA	NA
ENSMUSG00000070699	66	23	NA	NA
ENSMUSG00000070702	17	23	NA	NA
ENSMUSG00000070704	NA	NA	44	63
ENSMUSG00000070708	56	43	NA	NA
ENSMUSG00000070709	NA	NA	73	65
ENSMUSG00000070719	NA	NA	66	76
ENSMUSG00000070730	79	64	NA	NA
ENSMUSG00000070732	NA	NA	0	56
ENSMUSG00000070733	77	41	83	61
ENSMUSG00000070737	NA	NA	53	19
ENSMUSG00000070738	NA	NA	50	56
ENSMUSG00000070777	NA	NA	59	33
ENSMUSG00000070780	38	0	27	53
ENSMUSG00000070794	18	11	NA	NA
ENSMUSG00000070796	NA	NA	31	5
ENSMUSG00000070802	NA	NA	97	22
ENSMUSG00000070803	55	21	NA	NA
ENSMUSG00000070806	NA	NA	42	24
ENSMUSG00000070808	NA	NA	25	36
ENSMUSG00000070814	31	38	16	28
ENSMUSG00000070822	NA	NA	43	84
ENSMUSG00000070858	NA	NA	8	83
ENSMUSG00000070866	NA	NA	32	28
ENSMUSG00000070867	NA	NA	58	99
ENSMUSG00000070871	NA	NA	93	26
ENSMUSG00000070880	17	49	NA	NA
ENSMUSG00000070883	NA	NA	38	56
ENSMUSG00000070891	NA	NA	51	49
ENSMUSG00000070902	28	3	NA	NA
ENSMUSG00000070904	22	20	NA	NA
ENSMUSG00000070923	85	91	NA	NA
ENSMUSG00000070934	66	97	NA	NA
ENSMUSG00000070939	NA	NA	32	48
ENSMUSG00000070942	75	19	29	0
ENSMUSG00000070953	54	50	85	57
ENSMUSG00000070972	NA	NA	87	92
ENSMUSG00000070979	5	12	NA	NA
ENSMUSG00000070980	0	38	NA	NA
ENSMUSG00000070999	NA	NA	1	36
ENSMUSG00000071000	70	23	NA	NA
ENSMUSG00000071001	NA	NA	21	81
ENSMUSG00000071014	35	22	NA	NA
ENSMUSG00000071019	NA	NA	16	16
ENSMUSG00000071036	NA	NA	54	32
ENSMUSG00000071037	NA	NA	40	2
ENSMUSG00000071042	NA	NA	43	45
ENSMUSG00000071054	59	38	34	17
ENSMUSG00000071064	NA	NA	82	17
ENSMUSG00000071068	NA	NA	45	63
ENSMUSG00000071072	15	88	NA	NA
ENSMUSG00000071073	NA	NA	56	47
ENSMUSG00000071074	81	47	83	70
ENSMUSG00000071076	62	53	NA	NA
ENSMUSG00000071078	74	91	NA	NA
ENSMUSG00000071089	NA	NA	77	55
ENSMUSG00000071103	NA	NA	60	36
ENSMUSG00000071104	NA	NA	2	72
ENSMUSG00000071112	NA	NA	67	56
ENSMUSG00000071113	NA	NA	82	76
ENSMUSG00000071138	NA	NA	54	66
ENSMUSG00000071172	91	48	NA	NA
ENSMUSG00000071176	61	71	44	26
ENSMUSG00000071178	55	58	NA	NA
ENSMUSG00000071180	NA	NA	89	29
ENSMUSG00000071181	NA	NA	75	23
ENSMUSG00000071192	23	3	NA	NA
ENSMUSG00000071203	42	3	NA	NA
ENSMUSG00000071226	NA	NA	43	42
ENSMUSG00000071229	16	6	NA	NA
ENSMUSG00000071234	NA	NA	32	83
ENSMUSG00000071235	NA	NA	76	51
ENSMUSG00000071252	NA	NA	27	35
ENSMUSG00000071253	NA	NA	47	95
ENSMUSG00000071256	42	76	37	86
ENSMUSG00000071262	NA	NA	70	15
ENSMUSG00000071265	NA	NA	99	49
ENSMUSG00000071266	NA	NA	96	19
ENSMUSG00000071267	7	42	NA	NA
ENSMUSG00000071302	NA	NA	51	42
ENSMUSG00000071317	84	67	81	20
ENSMUSG00000071324	NA	NA	18	31
ENSMUSG00000071337	1	91	64	51
ENSMUSG00000071341	28	4	NA	NA
ENSMUSG00000071347	NA	NA	8	49
ENSMUSG00000071350	NA	NA	61	12
ENSMUSG00000071356	40	8	NA	NA
ENSMUSG00000071359	92	48	82	7
ENSMUSG00000071369	23	0	56	55
ENSMUSG00000071379	90	91	NA	NA
ENSMUSG00000071398	NA	NA	28	57
ENSMUSG00000071415	54	13	NA	NA
ENSMUSG00000071424	16	63	29	62
ENSMUSG00000071451	72	64	NA	NA
ENSMUSG00000071454	16	10	64	29
ENSMUSG00000071456	NA	NA	51	54
ENSMUSG00000071470	24	30	NA	NA
ENSMUSG00000071471	NA	NA	36	91
ENSMUSG00000071477	75	0	NA	NA
ENSMUSG00000071489	30	25	NA	NA
ENSMUSG00000071506	NA	NA	15	70
ENSMUSG00000071519	50	40	NA	NA
ENSMUSG00000071528	51	93	NA	NA
ENSMUSG00000071531	NA	NA	87	6
ENSMUSG00000071533	72	80	NA	NA
ENSMUSG00000071537	NA	NA	54	1
ENSMUSG00000071547	75	59	NA	NA
ENSMUSG00000071551	NA	NA	80	36
ENSMUSG00000071553	10	8	NA	NA
ENSMUSG00000071573	NA	NA	33	51
ENSMUSG00000071586	NA	NA	24	45
ENSMUSG00000071604	NA	NA	37	52
ENSMUSG00000071632	68	71	NA	NA
ENSMUSG00000071636	NA	NA	64	56
ENSMUSG00000071637	96	95	NA	NA
ENSMUSG00000071644	NA	NA	60	0
ENSMUSG00000071645	81	73	47	14
ENSMUSG00000071646	65	9	NA	NA
ENSMUSG00000071647	83	46	NA	NA
ENSMUSG00000071648	68	10	NA	NA
ENSMUSG00000071649	19	15	NA	NA
ENSMUSG00000071650	75	64	NA	NA
ENSMUSG00000071652	31	73	NA	NA
ENSMUSG00000071654	61	38	NA	NA
ENSMUSG00000071655	83	27	NA	NA
ENSMUSG00000071656	NA	NA	72	34
ENSMUSG00000071657	31	22	NA	NA
ENSMUSG00000071658	20	28	NA	NA
ENSMUSG00000071659	75	32	76	33
ENSMUSG00000071660	NA	NA	4	89
ENSMUSG00000071661	47	60	NA	NA
ENSMUSG00000071662	69	57	NA	NA
ENSMUSG00000071669	10	32	37	55
ENSMUSG00000071686	NA	NA	3	20
ENSMUSG00000071708	86	45	NA	NA
ENSMUSG00000071711	26	22	NA	NA
ENSMUSG00000071713	84	86	35	98
ENSMUSG00000071714	32	78	NA	NA
ENSMUSG00000071715	48	65	NA	NA
ENSMUSG00000071722	21	80	NA	NA
ENSMUSG00000071723	32	68	63	82
ENSMUSG00000071724	37	21	NA	NA
ENSMUSG00000071749	NA	NA	17	24
ENSMUSG00000071757	NA	NA	64	58
ENSMUSG00000071763	NA	NA	3	8
ENSMUSG00000071793	NA	NA	7	66
ENSMUSG00000071796	91	90	NA	NA
ENSMUSG00000071818	NA	NA	62	40
ENSMUSG00000071847	42	13	41	57
ENSMUSG00000071855	NA	NA	87	80
ENSMUSG00000071856	NA	NA	59	15
ENSMUSG00000071858	NA	NA	52	89
ENSMUSG00000071862	11	41	29	67
ENSMUSG00000071890	NA	NA	74	65
ENSMUSG00000071937	20	11	NA	NA
ENSMUSG00000071984	99	99	1	32
ENSMUSG00000072066	NA	NA	27	22
ENSMUSG00000072082	98	96	NA	NA
ENSMUSG00000072115	21	54	85	89
ENSMUSG00000072235	65	32	NA	NA
ENSMUSG00000072244	29	52	NA	NA
ENSMUSG00000072258	59	60	NA	NA
ENSMUSG00000072294	10	12	6	46
ENSMUSG00000072295	NA	NA	31	22
ENSMUSG00000072419	47	12	NA	NA
ENSMUSG00000072423	NA	NA	36	54
ENSMUSG00000072437	44	64	88	17
ENSMUSG00000072494	NA	NA	36	87
ENSMUSG00000072501	52	22	42	37
ENSMUSG00000072568	NA	NA	67	7
ENSMUSG00000072572	NA	NA	14	95
ENSMUSG00000072582	66	76	NA	NA
ENSMUSG00000072591	NA	NA	44	51
ENSMUSG00000072595	NA	NA	88	32
ENSMUSG00000072601	31	1	NA	NA
ENSMUSG00000072620	19	27	NA	NA
ENSMUSG00000072621	NA	NA	20	42
ENSMUSG00000072623	NA	NA	89	96
ENSMUSG00000072625	1	38	NA	NA
ENSMUSG00000072640	NA	NA	62	36
ENSMUSG00000072653	NA	NA	67	43
ENSMUSG00000072663	NA	NA	89	38
ENSMUSG00000072664	8	11	NA	NA
ENSMUSG00000072673	NA	NA	89	75
ENSMUSG00000072679	NA	NA	28	25
ENSMUSG00000072688	NA	NA	48	21
ENSMUSG00000072693	3	36	NA	NA
ENSMUSG00000072694	80	73	24	79
ENSMUSG00000072704	84	43	21	58
ENSMUSG00000072720	NA	NA	76	36
ENSMUSG00000072723	NA	NA	35	84
ENSMUSG00000072754	NA	NA	57	41
ENSMUSG00000072769	NA	NA	43	26
ENSMUSG00000072770	1	55	NA	NA
ENSMUSG00000072772	56	63	NA	NA
ENSMUSG00000072812	NA	NA	6	63
ENSMUSG00000072825	NA	NA	71	88
ENSMUSG00000072845	NA	NA	48	15
ENSMUSG00000072847	NA	NA	17	92
ENSMUSG00000072852	NA	NA	47	3
ENSMUSG00000072872	NA	NA	97	94
ENSMUSG00000072875	37	31	11	34
ENSMUSG00000072878	NA	NA	72	41
ENSMUSG00000072889	49	76	24	18
ENSMUSG00000072893	NA	NA	94	61
ENSMUSG00000072898	NA	NA	83	66
ENSMUSG00000072919	NA	NA	20	1
ENSMUSG00000072941	93	99	NA	NA
ENSMUSG00000072946	41	61	55	72
ENSMUSG00000072949	19	74	NA	NA
ENSMUSG00000072964	NA	NA	98	54
ENSMUSG00000072966	NA	NA	40	79
ENSMUSG00000072974	NA	NA	57	87
ENSMUSG00000072980	NA	NA	75	95
ENSMUSG00000072983	NA	NA	11	45
ENSMUSG00000073000	NA	NA	88	22
ENSMUSG00000073001	6	36	NA	NA
ENSMUSG00000073002	77	20	NA	NA
ENSMUSG00000073006	NA	NA	8	15
ENSMUSG00000073008	NA	NA	53	81
ENSMUSG00000073018	NA	NA	1	6
ENSMUSG00000073043	28	78	NA	NA
ENSMUSG00000073052	NA	NA	9	64
ENSMUSG00000073062	NA	NA	68	87
ENSMUSG00000073067	NA	NA	4	1
ENSMUSG00000073079	NA	NA	46	58
ENSMUSG00000073096	37	26	NA	NA
ENSMUSG00000073102	21	47	NA	NA
ENSMUSG00000073131	62	35	91	45
ENSMUSG00000073139	49	96	NA	NA
ENSMUSG00000073147	NA	NA	58	12
ENSMUSG00000073155	47	43	48	83
ENSMUSG00000073164	NA	NA	54	28
ENSMUSG00000073176	NA	NA	20	65
ENSMUSG00000073179	45	39	NA	NA
ENSMUSG00000073207	NA	NA	62	22
ENSMUSG00000073209	NA	NA	62	66
ENSMUSG00000073226	NA	NA	21	9
ENSMUSG00000073236	NA	NA	32	61
ENSMUSG00000073293	NA	NA	55	12
ENSMUSG00000073294	NA	NA	30	16
ENSMUSG00000073295	39	53	NA	NA
ENSMUSG00000073374	NA	NA	43	44
ENSMUSG00000073380	NA	NA	86	75
ENSMUSG00000073399	NA	NA	6	60
ENSMUSG00000073400	16	46	NA	NA
ENSMUSG00000073405	37	85	NA	NA
ENSMUSG00000073406	39	40	NA	NA
ENSMUSG00000073409	0	61	NA	NA
ENSMUSG00000073411	68	93	NA	NA
ENSMUSG00000073412	48	45	NA	NA
ENSMUSG00000073413	59	6	NA	NA
ENSMUSG00000073421	1	39	NA	NA
ENSMUSG00000073423	NA	NA	96	87
ENSMUSG00000073424	37	21	NA	NA
ENSMUSG00000073427	NA	NA	17	66
ENSMUSG00000073430	NA	NA	31	41
ENSMUSG00000073433	52	98	NA	NA
ENSMUSG00000073460	NA	NA	62	65
ENSMUSG00000073481	2	70	NA	NA
ENSMUSG00000073489	35	38	NA	NA
ENSMUSG00000073490	NA	NA	37	13
ENSMUSG00000073491	NA	NA	57	29
ENSMUSG00000073530	NA	NA	66	2
ENSMUSG00000073542	NA	NA	57	47
ENSMUSG00000073557	NA	NA	66	69
ENSMUSG00000073563	NA	NA	71	92
ENSMUSG00000073565	NA	NA	63	21
ENSMUSG00000073590	NA	NA	43	36
ENSMUSG00000073591	12	47	NA	NA
ENSMUSG00000073598	NA	NA	68	44
ENSMUSG00000073599	NA	NA	16	59
ENSMUSG00000073600	NA	NA	45	1
ENSMUSG00000073608	NA	NA	64	92
ENSMUSG00000073609	NA	NA	33	9
ENSMUSG00000073616	58	90	NA	NA
ENSMUSG00000073627	55	69	NA	NA
ENSMUSG00000073633	41	53	NA	NA
ENSMUSG00000073639	47	91	NA	NA
ENSMUSG00000073643	25	87	31	97
ENSMUSG00000073658	5	50	NA	NA
ENSMUSG00000073664	NA	NA	81	82
ENSMUSG00000073676	32	28	NA	NA
ENSMUSG00000073678	NA	NA	9	77
ENSMUSG00000073679	NA	NA	13	14
ENSMUSG00000073680	NA	NA	85	62
ENSMUSG00000073684	35	6	NA	NA
ENSMUSG00000073700	39	61	NA	NA
ENSMUSG00000073702	43	0	NA	NA
ENSMUSG00000073705	NA	NA	93	41
ENSMUSG00000073725	73	86	8	88
ENSMUSG00000073730	34	37	NA	NA
ENSMUSG00000073731	NA	NA	88	63
ENSMUSG00000073755	NA	NA	14	83
ENSMUSG00000073758	NA	NA	89	7
ENSMUSG00000073764	NA	NA	70	76
ENSMUSG00000073765	NA	NA	35	86
ENSMUSG00000073771	NA	NA	11	11
ENSMUSG00000073775	74	28	NA	NA
ENSMUSG00000073785	NA	NA	27	10
ENSMUSG00000073787	NA	NA	29	59
ENSMUSG00000073792	NA	NA	71	42
ENSMUSG00000073795	NA	NA	59	2
ENSMUSG00000073802	6	65	NA	NA
ENSMUSG00000073803	NA	NA	22	8
ENSMUSG00000073805	NA	NA	21	63
ENSMUSG00000073821	NA	NA	28	17
ENSMUSG00000073838	18	56	NA	NA
ENSMUSG00000073856	NA	NA	67	8
ENSMUSG00000073860	NA	NA	19	60
ENSMUSG00000073862	NA	NA	16	38
ENSMUSG00000073894	NA	NA	82	13
ENSMUSG00000073897	8	58	NA	NA
ENSMUSG00000073910	6	46	12	23
ENSMUSG00000073968	NA	NA	65	34
ENSMUSG00000073976	NA	NA	39	41
ENSMUSG00000073982	84	13	NA	NA
ENSMUSG00000073987	84	99	NA	NA
ENSMUSG00000073988	7	40	NA	NA
ENSMUSG00000074001	NA	NA	92	97
ENSMUSG00000074004	NA	NA	26	34
ENSMUSG00000074024	NA	NA	53	57
ENSMUSG00000074028	13	41	NA	NA
ENSMUSG00000074030	24	7	NA	NA
ENSMUSG00000074037	52	34	58	69
ENSMUSG00000074039	20	14	36	6
ENSMUSG00000074059	NA	NA	7	8
ENSMUSG00000074061	NA	NA	32	2
ENSMUSG00000074062	NA	NA	37	50
ENSMUSG00000074063	49	42	NA	NA
ENSMUSG00000074064	21	46	NA	NA
ENSMUSG00000074071	NA	NA	17	55
ENSMUSG00000074088	73	93	NA	NA
ENSMUSG00000074093	NA	NA	7	71
ENSMUSG00000074102	76	86	96	49
ENSMUSG00000074115	25	15	NA	NA
ENSMUSG00000074121	NA	NA	83	71
ENSMUSG00000074136	NA	NA	5	25
ENSMUSG00000074139	NA	NA	69	78
ENSMUSG00000074141	21	56	NA	NA
ENSMUSG00000074151	NA	NA	48	75
ENSMUSG00000074155	NA	NA	85	61
ENSMUSG00000074156	NA	NA	23	17
ENSMUSG00000074164	NA	NA	17	50
ENSMUSG00000074165	NA	NA	29	53
ENSMUSG00000074170	94	41	NA	NA
ENSMUSG00000074171	NA	NA	51	81
ENSMUSG00000074178	NA	NA	47	93
ENSMUSG00000074182	NA	NA	97	44
ENSMUSG00000074195	NA	NA	48	17
ENSMUSG00000074196	NA	NA	0	32
ENSMUSG00000074199	41	38	NA	NA
ENSMUSG00000074206	NA	NA	32	63
ENSMUSG00000074207	92	99	NA	NA
ENSMUSG00000074211	59	60	NA	NA
ENSMUSG00000074212	NA	NA	79	96
ENSMUSG00000074215	NA	NA	75	80
ENSMUSG00000074218	97	91	NA	NA
ENSMUSG00000074221	94	68	NA	NA
ENSMUSG00000074224	NA	NA	74	61
ENSMUSG00000074227	44	38	NA	NA
ENSMUSG00000074238	83	68	52	77
ENSMUSG00000074240	NA	NA	59	87
ENSMUSG00000074247	55	61	NA	NA
ENSMUSG00000074264	20	29	NA	NA
ENSMUSG00000074269	NA	NA	61	91
ENSMUSG00000074272	9	50	NA	NA
ENSMUSG00000074274	NA	NA	39	11
ENSMUSG00000074282	75	65	NA	NA
ENSMUSG00000074283	21	40	NA	NA
ENSMUSG00000074284	NA	NA	79	3
ENSMUSG00000074300	NA	NA	60	3
ENSMUSG00000074305	1	1	95	93
ENSMUSG00000074336	12	34	NA	NA
ENSMUSG00000074340	28	71	NA	NA
ENSMUSG00000074342	NA	NA	33	88
ENSMUSG00000074354	NA	NA	33	43
ENSMUSG00000074357	NA	NA	46	69
ENSMUSG00000074358	NA	NA	26	6
ENSMUSG00000074359	64	3	NA	NA
ENSMUSG00000074364	92	80	99	94
ENSMUSG00000074365	86	41	NA	NA
ENSMUSG00000074366	NA	NA	29	51
ENSMUSG00000074369	31	20	NA	NA
ENSMUSG00000074384	NA	NA	38	88
ENSMUSG00000074388	NA	NA	66	27
ENSMUSG00000074405	79	39	60	72
ENSMUSG00000074415	NA	NA	32	90
ENSMUSG00000074435	11	0	NA	NA
ENSMUSG00000074457	79	89	NA	NA
ENSMUSG00000074461	NA	NA	61	73
ENSMUSG00000074466	NA	NA	68	29
ENSMUSG00000074467	NA	NA	75	31
ENSMUSG00000074476	NA	NA	99	72
ENSMUSG00000074480	NA	NA	54	11
ENSMUSG00000074491	60	17	NA	NA
ENSMUSG00000074500	NA	NA	59	29
ENSMUSG00000074502	NA	NA	84	39
ENSMUSG00000074505	NA	NA	68	71
ENSMUSG00000074517	NA	NA	24	62
ENSMUSG00000074569	NA	NA	42	23
ENSMUSG00000074570	NA	NA	83	85
ENSMUSG00000074575	NA	NA	85	14
ENSMUSG00000074576	NA	NA	78	3
ENSMUSG00000074577	NA	NA	83	72
ENSMUSG00000074579	NA	NA	57	89
ENSMUSG00000074582	NA	NA	24	85
ENSMUSG00000074589	NA	NA	31	78
ENSMUSG00000074591	NA	NA	62	80
ENSMUSG00000074604	77	97	NA	NA
ENSMUSG00000074607	NA	NA	81	11
ENSMUSG00000074619	41	25	NA	NA
ENSMUSG00000074622	5	61	NA	NA
ENSMUSG00000074629	NA	NA	47	34
ENSMUSG00000074634	45	39	NA	NA
ENSMUSG00000074635	2	12	NA	NA
ENSMUSG00000074637	16	14	NA	NA
ENSMUSG00000074639	45	26	NA	NA
ENSMUSG00000074649	81	73	NA	NA
ENSMUSG00000074652	NA	NA	28	18
ENSMUSG00000074653	NA	NA	45	52
ENSMUSG00000074656	76	16	NA	NA
ENSMUSG00000074657	68	1	27	81
ENSMUSG00000074671	NA	NA	54	50
ENSMUSG00000074673	54	60	29	61
ENSMUSG00000074676	NA	NA	98	61
ENSMUSG00000074682	59	18	NA	NA
ENSMUSG00000074698	70	7	NA	NA
ENSMUSG00000074715	15	48	28	91
ENSMUSG00000074733	58	76	25	7
ENSMUSG00000074734	NA	NA	0	26
ENSMUSG00000074736	NA	NA	16	39
ENSMUSG00000074737	NA	NA	31	58
ENSMUSG00000074738	0	58	75	68
ENSMUSG00000074743	99	97	NA	NA
ENSMUSG00000074746	NA	NA	25	70
ENSMUSG00000074748	18	60	NA	NA
ENSMUSG00000074749	NA	NA	54	96
ENSMUSG00000074754	84	94	NA	NA
ENSMUSG00000074764	53	41	65	94
ENSMUSG00000074766	NA	NA	51	73
ENSMUSG00000074771	29	49	22	39
ENSMUSG00000074781	NA	NA	85	4
ENSMUSG00000074782	NA	NA	26	1
ENSMUSG00000074785	0	3	85	34
ENSMUSG00000074793	31	43	NA	NA
ENSMUSG00000074794	NA	NA	93	37
ENSMUSG00000074796	NA	NA	47	20
ENSMUSG00000074797	43	90	NA	NA
ENSMUSG00000074802	NA	NA	99	1
ENSMUSG00000074804	NA	NA	20	34
ENSMUSG00000074805	NA	NA	58	42
ENSMUSG00000074811	NA	NA	67	67
ENSMUSG00000074813	NA	NA	78	76
ENSMUSG00000074817	3	46	65	10
ENSMUSG00000074825	NA	NA	9	74
ENSMUSG00000074829	NA	NA	21	95
ENSMUSG00000074852	NA	NA	1	75
ENSMUSG00000074862	NA	NA	18	7
ENSMUSG00000074870	1	26	NA	NA
ENSMUSG00000074871	43	26	NA	NA
ENSMUSG00000074872	NA	NA	79	52
ENSMUSG00000074881	31	68	NA	NA
ENSMUSG00000074886	76	96	93	99
ENSMUSG00000074890	64	32	NA	NA
ENSMUSG00000074892	22	14	88	30
ENSMUSG00000074909	NA	NA	68	37
ENSMUSG00000074916	87	86	NA	NA
ENSMUSG00000074918	86	39	NA	NA
ENSMUSG00000074922	82	81	NA	NA
ENSMUSG00000074923	NA	NA	14	13
ENSMUSG00000074925	NA	NA	63	93
ENSMUSG00000074928	55	61	NA	NA
ENSMUSG00000074934	44	54	NA	NA
ENSMUSG00000074968	NA	NA	64	21
ENSMUSG00000074971	23	50	NA	NA
ENSMUSG00000074987	NA	NA	1	88
ENSMUSG00000074994	32	47	NA	NA
ENSMUSG00000075010	9	0	NA	NA
ENSMUSG00000075012	80	45	0	30
ENSMUSG00000075020	NA	NA	43	11
ENSMUSG00000075023	NA	NA	4	39
ENSMUSG00000075025	NA	NA	61	25
ENSMUSG00000075028	NA	NA	71	46
ENSMUSG00000075029	NA	NA	0	60
ENSMUSG00000075033	NA	NA	75	88
ENSMUSG00000075040	NA	NA	14	54
ENSMUSG00000075044	84	40	NA	NA
ENSMUSG00000075045	NA	NA	1	40
ENSMUSG00000075068	35	15	NA	NA
ENSMUSG00000075069	32	9	NA	NA
ENSMUSG00000075070	NA	NA	72	21
ENSMUSG00000075122	49	32	NA	NA
ENSMUSG00000075140	7	8	NA	NA
ENSMUSG00000075142	40	48	NA	NA
ENSMUSG00000075212	54	36	NA	NA
ENSMUSG00000075217	NA	NA	38	18
ENSMUSG00000075225	NA	NA	24	11
ENSMUSG00000075227	15	36	NA	NA
ENSMUSG00000075229	27	64	NA	NA
ENSMUSG00000075254	NA	NA	2	56
ENSMUSG00000075256	NA	NA	35	42
ENSMUSG00000075266	NA	NA	92	82
ENSMUSG00000075269	23	2	NA	NA
ENSMUSG00000075271	54	11	NA	NA
ENSMUSG00000075272	NA	NA	26	54
ENSMUSG00000075273	74	72	NA	NA
ENSMUSG00000075284	85	60	NA	NA
ENSMUSG00000075289	22	89	NA	NA
ENSMUSG00000075296	NA	NA	51	31
ENSMUSG00000075302	NA	NA	39	81
ENSMUSG00000075304	66	59	NA	NA
ENSMUSG00000075307	NA	NA	55	60
ENSMUSG00000075316	16	20	43	82
ENSMUSG00000075318	31	21	68	15
ENSMUSG00000075324	20	47	5	27
ENSMUSG00000075327	39	57	NA	NA
ENSMUSG00000075330	NA	NA	49	54
ENSMUSG00000075334	27	25	NA	NA
ENSMUSG00000075376	2	40	71	49
ENSMUSG00000075394	45	48	NA	NA
ENSMUSG00000075402	NA	NA	14	44
ENSMUSG00000075410	NA	NA	61	88
ENSMUSG00000075415	84	88	36	53
ENSMUSG00000075419	9	33	NA	NA
ENSMUSG00000075420	NA	NA	77	29
ENSMUSG00000075431	NA	NA	56	52
ENSMUSG00000075437	NA	NA	11	9
ENSMUSG00000075467	56	54	NA	NA
ENSMUSG00000075470	NA	NA	45	83
ENSMUSG00000075478	42	35	NA	NA
ENSMUSG00000075486	67	97	NA	NA
ENSMUSG00000075502	NA	NA	1	19
ENSMUSG00000075510	5	60	NA	NA
ENSMUSG00000075511	NA	NA	68	32
ENSMUSG00000075524	NA	NA	32	36
ENSMUSG00000075534	NA	NA	16	32
ENSMUSG00000075566	NA	NA	92	77
ENSMUSG00000075569	NA	NA	21	7
ENSMUSG00000075570	NA	NA	12	61
ENSMUSG00000075576	NA	NA	64	47
ENSMUSG00000075585	NA	NA	85	88
ENSMUSG00000075588	39	70	NA	NA
ENSMUSG00000075590	95	50	NA	NA
ENSMUSG00000075592	48	56	NA	NA
ENSMUSG00000075595	NA	NA	43	29
ENSMUSG00000075602	98	99	NA	NA
ENSMUSG00000075604	NA	NA	49	20
ENSMUSG00000075700	56	73	44	96
ENSMUSG00000075701	25	98	NA	NA
ENSMUSG00000075702	92	98	NA	NA
ENSMUSG00000075703	NA	NA	53	50
ENSMUSG00000075704	22	85	9	31
ENSMUSG00000075705	64	65	NA	NA
ENSMUSG00000076431	94	83	NA	NA
ENSMUSG00000076432	93	75	NA	NA
ENSMUSG00000076433	3	56	NA	NA
ENSMUSG00000076434	NA	NA	2	71
ENSMUSG00000076437	98	90	NA	NA
ENSMUSG00000076439	22	20	NA	NA
ENSMUSG00000076469	55	8	75	95
ENSMUSG00000076471	4	4	NA	NA
ENSMUSG00000076479	26	44	NA	NA
ENSMUSG00000076480	3	47	NA	NA
ENSMUSG00000076490	81	24	NA	NA
ENSMUSG00000076498	44	47	NA	NA
ENSMUSG00000076523	12	15	NA	NA
ENSMUSG00000076564	14	65	NA	NA
ENSMUSG00000076609	72	69	NA	NA
ENSMUSG00000076612	38	53	NA	NA
ENSMUSG00000076613	76	28	NA	NA
ENSMUSG00000076614	39	18	66	88
ENSMUSG00000076615	54	3	NA	NA
ENSMUSG00000076617	58	55	NA	NA
ENSMUSG00000076745	12	42	NA	NA
ENSMUSG00000076749	2	0	NA	NA
ENSMUSG00000076757	10	1	NA	NA
ENSMUSG00000076881	NA	NA	10	11
ENSMUSG00000076928	64	60	NA	NA
ENSMUSG00000076934	69	73	NA	NA
ENSMUSG00000076937	NA	NA	66	83
ENSMUSG00000077227	NA	NA	13	53
ENSMUSG00000077350	NA	NA	0	62
ENSMUSG00000077450	NA	NA	66	37
ENSMUSG00000077704	NA	NA	49	30
ENSMUSG00000078127	NA	NA	33	5
ENSMUSG00000078129	NA	NA	31	44
ENSMUSG00000078137	NA	NA	20	66
ENSMUSG00000078143	29	35	NA	NA
ENSMUSG00000078144	NA	NA	60	40
ENSMUSG00000078161	24	79	24	27
ENSMUSG00000078179	NA	NA	27	64
ENSMUSG00000078185	55	51	72	29
ENSMUSG00000078190	70	95	NA	NA
ENSMUSG00000078201	49	64	NA	NA
ENSMUSG00000078202	16	26	NA	NA
ENSMUSG00000078234	NA	NA	82	41
ENSMUSG00000078247	4	43	84	78
ENSMUSG00000078252	NA	NA	38	19
ENSMUSG00000078302	33	28	NA	NA
ENSMUSG00000078307	NA	NA	30	31
ENSMUSG00000078315	NA	NA	5	33
ENSMUSG00000078317	44	14	NA	NA
ENSMUSG00000078348	31	54	79	13
ENSMUSG00000078349	NA	NA	71	45
ENSMUSG00000078350	NA	NA	35	34
ENSMUSG00000078354	0	24	NA	NA
ENSMUSG00000078365	11	29	NA	NA
ENSMUSG00000078429	91	28	NA	NA
ENSMUSG00000078435	NA	NA	33	75
ENSMUSG00000078440	68	85	NA	NA
ENSMUSG00000078442	NA	NA	19	12
ENSMUSG00000078444	NA	NA	27	14
ENSMUSG00000078451	NA	NA	65	3
ENSMUSG00000078453	96	96	NA	NA
ENSMUSG00000078485	38	18	NA	NA
ENSMUSG00000078486	NA	NA	52	39
ENSMUSG00000078504	NA	NA	31	32
ENSMUSG00000078515	NA	NA	16	40
ENSMUSG00000078517	NA	NA	83	81
ENSMUSG00000078521	NA	NA	27	55
ENSMUSG00000078532	84	84	NA	NA
ENSMUSG00000078554	NA	NA	46	38
ENSMUSG00000078570	NA	NA	23	63
ENSMUSG00000078572	NA	NA	79	66
ENSMUSG00000078577	NA	NA	7	11
ENSMUSG00000078578	13	61	NA	NA
ENSMUSG00000078580	15	35	NA	NA
ENSMUSG00000078584	NA	NA	20	78
ENSMUSG00000078591	NA	NA	2	56
ENSMUSG00000078607	NA	NA	73	18
ENSMUSG00000078618	NA	NA	52	14
ENSMUSG00000078619	74	70	NA	NA
ENSMUSG00000078622	91	68	9	57
ENSMUSG00000078625	NA	NA	11	70
ENSMUSG00000078627	NA	NA	18	30
ENSMUSG00000078635	NA	NA	43	51
ENSMUSG00000078640	NA	NA	88	57
ENSMUSG00000078648	6	48	NA	NA
ENSMUSG00000078650	34	48	NA	NA
ENSMUSG00000078652	86	91	NA	NA
ENSMUSG00000078653	0	28	NA	NA
ENSMUSG00000078656	82	47	NA	NA
ENSMUSG00000078670	49	1	NA	NA
ENSMUSG00000078671	NA	NA	27	8
ENSMUSG00000078676	32	56	86	5
ENSMUSG00000078681	18	29	NA	NA
ENSMUSG00000078698	8	47	NA	NA
ENSMUSG00000078716	NA	NA	83	77
ENSMUSG00000078763	57	6	NA	NA
ENSMUSG00000078768	41	14	NA	NA
ENSMUSG00000078771	98	97	NA	NA
ENSMUSG00000078773	NA	NA	68	21
ENSMUSG00000078784	NA	NA	88	92
ENSMUSG00000078786	NA	NA	26	76
ENSMUSG00000078794	NA	NA	33	87
ENSMUSG00000078795	NA	NA	63	3
ENSMUSG00000078796	NA	NA	55	79
ENSMUSG00000078808	57	17	NA	NA
ENSMUSG00000078810	NA	NA	68	65
ENSMUSG00000078812	10	82	NA	NA
ENSMUSG00000078813	76	0	NA	NA
ENSMUSG00000078815	22	20	NA	NA
ENSMUSG00000078816	49	5	NA	NA
ENSMUSG00000078817	NA	NA	59	44
ENSMUSG00000078851	90	66	77	35
ENSMUSG00000078853	80	33	NA	NA
ENSMUSG00000078861	26	93	NA	NA
ENSMUSG00000078899	49	5	NA	NA
ENSMUSG00000078908	NA	NA	8	15
ENSMUSG00000078919	7	52	NA	NA
ENSMUSG00000078920	19	53	NA	NA
ENSMUSG00000078924	NA	NA	27	83
ENSMUSG00000078925	NA	NA	49	16
ENSMUSG00000078938	NA	NA	80	65
ENSMUSG00000078941	9	63	NA	NA
ENSMUSG00000078942	58	28	NA	NA
ENSMUSG00000078945	2	23	NA	NA
ENSMUSG00000078952	NA	NA	12	64
ENSMUSG00000078954	17	11	NA	NA
ENSMUSG00000078963	NA	NA	50	22
ENSMUSG00000078970	NA	NA	89	92
ENSMUSG00000078994	NA	NA	22	66
ENSMUSG00000079003	NA	NA	88	75
ENSMUSG00000079007	28	51	NA	NA
ENSMUSG00000079012	8	70	NA	NA
ENSMUSG00000079014	NA	NA	0	49
ENSMUSG00000079015	18	27	NA	NA
ENSMUSG00000079017	94	88	NA	NA
ENSMUSG00000079020	NA	NA	55	77
ENSMUSG00000079022	19	42	2	25
ENSMUSG00000079025	43	53	NA	NA
ENSMUSG00000079033	46	1	NA	NA
ENSMUSG00000079034	NA	NA	26	41
ENSMUSG00000079036	NA	NA	72	27
ENSMUSG00000079037	84	94	NA	NA
ENSMUSG00000079042	NA	NA	59	17
ENSMUSG00000079043	47	75	NA	NA
ENSMUSG00000079045	NA	NA	28	55
ENSMUSG00000079051	NA	NA	88	79
ENSMUSG00000079055	31	9	86	66
ENSMUSG00000079056	61	21	NA	NA
ENSMUSG00000079057	25	85	NA	NA
ENSMUSG00000079058	16	12	NA	NA
ENSMUSG00000079084	50	33	91	75
ENSMUSG00000079109	50	57	4	43
ENSMUSG00000079111	75	61	NA	NA
ENSMUSG00000079112	NA	NA	76	33
ENSMUSG00000079144	NA	NA	96	45
ENSMUSG00000079157	NA	NA	2	25
ENSMUSG00000079163	75	34	NA	NA
ENSMUSG00000079168	55	40	NA	NA
ENSMUSG00000079173	27	70	NA	NA
ENSMUSG00000079177	NA	NA	16	20
ENSMUSG00000079179	NA	NA	87	90
ENSMUSG00000079183	NA	NA	65	17
ENSMUSG00000079184	26	31	NA	NA
ENSMUSG00000079186	20	35	NA	NA
ENSMUSG00000079215	NA	NA	96	77
ENSMUSG00000079227	1	64	NA	NA
ENSMUSG00000079235	NA	NA	51	52
ENSMUSG00000079243	36	76	NA	NA
ENSMUSG00000079259	NA	NA	71	11
ENSMUSG00000079260	54	67	NA	NA
ENSMUSG00000079262	23	18	NA	NA
ENSMUSG00000079283	NA	NA	32	13
ENSMUSG00000079293	3	75	NA	NA
ENSMUSG00000079298	9	45	14	14
ENSMUSG00000079304	NA	NA	31	83
ENSMUSG00000079316	90	92	NA	NA
ENSMUSG00000079324	NA	NA	51	31
ENSMUSG00000079330	NA	NA	39	7
ENSMUSG00000079334	37	23	NA	NA
ENSMUSG00000079339	NA	NA	25	48
ENSMUSG00000079346	NA	NA	3	35
ENSMUSG00000079349	35	60	NA	NA
ENSMUSG00000079355	26	54	NA	NA
ENSMUSG00000079356	NA	NA	32	58
ENSMUSG00000079414	NA	NA	59	19
ENSMUSG00000079419	22	48	NA	NA
ENSMUSG00000079421	NA	NA	63	45
ENSMUSG00000079428	NA	NA	81	74
ENSMUSG00000079429	NA	NA	81	74
ENSMUSG00000079434	54	72	NA	NA
ENSMUSG00000079436	NA	NA	60	37
ENSMUSG00000079440	NA	NA	34	16
ENSMUSG00000079442	45	38	NA	NA
ENSMUSG00000079445	NA	NA	81	69
ENSMUSG00000079450	NA	NA	61	64
ENSMUSG00000079451	NA	NA	11	9
ENSMUSG00000079455	NA	NA	18	21
ENSMUSG00000079460	NA	NA	12	28
ENSMUSG00000079465	21	8	43	90
ENSMUSG00000079469	43	59	84	81
ENSMUSG00000079470	NA	NA	82	44
ENSMUSG00000079471	NA	NA	42	84
ENSMUSG00000079476	NA	NA	96	26
ENSMUSG00000079481	49	9	45	56
ENSMUSG00000079494	59	36	NA	NA
ENSMUSG00000079499	NA	NA	27	55
ENSMUSG00000079509	77	30	NA	NA
ENSMUSG00000079516	25	35	NA	NA
ENSMUSG00000079525	NA	NA	1	49
ENSMUSG00000079528	NA	NA	83	78
ENSMUSG00000079547	22	40	NA	NA
ENSMUSG00000079550	8	59	NA	NA
ENSMUSG00000079555	90	78	NA	NA
ENSMUSG00000079557	11	90	NA	NA
ENSMUSG00000079560	41	22	72	21
ENSMUSG00000079562	71	27	NA	NA
ENSMUSG00000079563	13	60	NA	NA
ENSMUSG00000079564	NA	NA	79	80
ENSMUSG00000079580	NA	NA	2	27
ENSMUSG00000079584	NA	NA	38	50
ENSMUSG00000079588	NA	NA	99	96
ENSMUSG00000079598	NA	NA	68	67
ENSMUSG00000079610	NA	NA	98	6
ENSMUSG00000079614	15	62	NA	NA
ENSMUSG00000079620	17	57	22	69
ENSMUSG00000079654	NA	NA	79	69
ENSMUSG00000079657	NA	NA	31	55
ENSMUSG00000079658	87	97	NA	NA
ENSMUSG00000079659	67	75	78	4
ENSMUSG00000079666	NA	NA	83	63
ENSMUSG00000079669	NA	NA	25	22
ENSMUSG00000079671	NA	NA	32	72
ENSMUSG00000079700	38	12	NA	NA
ENSMUSG00000079737	NA	NA	80	91
ENSMUSG00000079852	56	69	NA	NA
ENSMUSG00000080268	48	49	NA	NA
ENSMUSG00000080316	NA	NA	50	30
ENSMUSG00000080717	NA	NA	87	52
ENSMUSG00000080727	8	16	29	89
ENSMUSG00000080893	63	19	NA	NA
ENSMUSG00000080907	NA	NA	69	66
ENSMUSG00000080980	NA	NA	7	28
ENSMUSG00000081044	NA	NA	65	12
ENSMUSG00000081058	99	77	NA	NA
ENSMUSG00000081107	25	8	NA	NA
ENSMUSG00000081137	57	39	NA	NA
ENSMUSG00000081219	NA	NA	67	42
ENSMUSG00000081249	56	23	NA	NA
ENSMUSG00000081512	NA	NA	60	3
ENSMUSG00000081534	73	15	NA	NA
ENSMUSG00000081586	NA	NA	1	85
ENSMUSG00000081618	NA	NA	89	84
ENSMUSG00000081683	NA	NA	74	47
ENSMUSG00000081766	34	30	NA	NA
ENSMUSG00000081793	NA	NA	44	92
ENSMUSG00000081944	NA	NA	73	11
ENSMUSG00000081984	6	15	NA	NA
ENSMUSG00000081998	NA	NA	62	61
ENSMUSG00000082226	NA	NA	21	28
ENSMUSG00000082229	51	61	NA	NA
ENSMUSG00000082286	74	88	36	84
ENSMUSG00000082361	30	68	NA	NA
ENSMUSG00000082396	NA	NA	37	11
ENSMUSG00000082843	NA	NA	27	12
ENSMUSG00000083022	8	16	NA	NA
ENSMUSG00000083246	NA	NA	54	36
ENSMUSG00000083282	92	95	NA	NA
ENSMUSG00000083307	NA	NA	26	50
ENSMUSG00000083333	21	20	NA	NA
ENSMUSG00000083674	42	20	41	18
ENSMUSG00000083695	21	77	NA	NA
ENSMUSG00000083773	24	6	15	1
ENSMUSG00000083844	NA	NA	25	4
ENSMUSG00000084034	26	33	NA	NA
ENSMUSG00000084048	NA	NA	56	23
ENSMUSG00000084128	33	23	NA	NA
ENSMUSG00000084135	NA	NA	61	81
ENSMUSG00000084174	64	54	NA	NA
ENSMUSG00000084234	NA	NA	2	40
ENSMUSG00000084362	NA	NA	34	24
ENSMUSG00000084399	NA	NA	12	0
ENSMUSG00000084462	NA	NA	76	63
ENSMUSG00000084575	31	70	NA	NA
ENSMUSG00000084760	NA	NA	66	50
ENSMUSG00000084773	NA	NA	39	34
ENSMUSG00000084786	21	78	NA	NA
ENSMUSG00000084788	NA	NA	64	19
ENSMUSG00000084797	NA	NA	12	18
ENSMUSG00000084798	NA	NA	4	41
ENSMUSG00000084799	NA	NA	4	39
ENSMUSG00000084803	NA	NA	63	79
ENSMUSG00000084808	NA	NA	61	60
ENSMUSG00000084811	NA	NA	9	8
ENSMUSG00000084826	NA	NA	43	63
ENSMUSG00000084834	NA	NA	75	12
ENSMUSG00000084836	NA	NA	34	46
ENSMUSG00000084844	NA	NA	46	22
ENSMUSG00000084846	NA	NA	1	54
ENSMUSG00000084847	NA	NA	70	49
ENSMUSG00000084848	NA	NA	12	75
ENSMUSG00000084851	NA	NA	40	11
ENSMUSG00000084859	NA	NA	42	4
ENSMUSG00000084866	NA	NA	70	28
ENSMUSG00000084873	NA	NA	59	73
ENSMUSG00000084876	NA	NA	70	15
ENSMUSG00000084883	NA	NA	86	58
ENSMUSG00000084885	NA	NA	33	37
ENSMUSG00000084897	NA	NA	50	62
ENSMUSG00000084898	NA	NA	66	1
ENSMUSG00000084908	NA	NA	53	34
ENSMUSG00000084909	NA	NA	2	93
ENSMUSG00000084910	NA	NA	91	61
ENSMUSG00000084915	NA	NA	45	75
ENSMUSG00000084919	NA	NA	19	71
ENSMUSG00000084925	NA	NA	24	94
ENSMUSG00000084938	NA	NA	85	25
ENSMUSG00000084941	NA	NA	97	10
ENSMUSG00000084957	NA	NA	13	99
ENSMUSG00000084959	NA	NA	42	20
ENSMUSG00000084966	NA	NA	41	23
ENSMUSG00000084970	NA	NA	91	71
ENSMUSG00000084980	NA	NA	13	32
ENSMUSG00000084997	NA	NA	61	0
ENSMUSG00000085003	NA	NA	25	31
ENSMUSG00000085004	NA	NA	10	76
ENSMUSG00000085016	NA	NA	31	43
ENSMUSG00000085024	NA	NA	31	53
ENSMUSG00000085026	NA	NA	15	36
ENSMUSG00000085028	NA	NA	61	23
ENSMUSG00000085037	NA	NA	37	51
ENSMUSG00000085041	NA	NA	43	12
ENSMUSG00000085042	59	35	NA	NA
ENSMUSG00000085043	NA	NA	3	18
ENSMUSG00000085054	NA	NA	63	5
ENSMUSG00000085055	NA	NA	68	22
ENSMUSG00000085058	NA	NA	70	65
ENSMUSG00000085067	NA	NA	4	13
ENSMUSG00000085069	NA	NA	20	14
ENSMUSG00000085078	NA	NA	68	39
ENSMUSG00000085079	17	75	NA	NA
ENSMUSG00000085081	NA	NA	70	52
ENSMUSG00000085083	NA	NA	67	50
ENSMUSG00000085084	NA	NA	45	12
ENSMUSG00000085085	NA	NA	46	21
ENSMUSG00000085088	NA	NA	30	82
ENSMUSG00000085095	NA	NA	3	12
ENSMUSG00000085105	NA	NA	40	47
ENSMUSG00000085114	NA	NA	30	43
ENSMUSG00000085122	NA	NA	1	23
ENSMUSG00000085127	NA	NA	25	12
ENSMUSG00000085133	NA	NA	64	80
ENSMUSG00000085148	NA	NA	46	99
ENSMUSG00000085169	NA	NA	20	49
ENSMUSG00000085171	NA	NA	58	64
ENSMUSG00000085180	NA	NA	34	29
ENSMUSG00000085185	7	44	NA	NA
ENSMUSG00000085198	NA	NA	42	84
ENSMUSG00000085207	60	73	NA	NA
ENSMUSG00000085208	92	19	62	58
ENSMUSG00000085236	NA	NA	65	74
ENSMUSG00000085247	NA	NA	74	23
ENSMUSG00000085250	NA	NA	26	30
ENSMUSG00000085252	NA	NA	4	73
ENSMUSG00000085260	NA	NA	45	53
ENSMUSG00000085282	NA	NA	17	89
ENSMUSG00000085287	NA	NA	22	49
ENSMUSG00000085297	NA	NA	41	77
ENSMUSG00000085316	NA	NA	34	86
ENSMUSG00000085321	NA	NA	58	35
ENSMUSG00000085323	NA	NA	54	6
ENSMUSG00000085329	NA	NA	25	86
ENSMUSG00000085338	NA	NA	10	76
ENSMUSG00000085348	95	53	NA	NA
ENSMUSG00000085350	NA	NA	51	4
ENSMUSG00000085385	NA	NA	35	33
ENSMUSG00000085396	NA	NA	95	98
ENSMUSG00000085398	67	54	NA	NA
ENSMUSG00000085407	NA	NA	42	39
ENSMUSG00000085408	NA	NA	57	73
ENSMUSG00000085418	NA	NA	14	12
ENSMUSG00000085420	NA	NA	67	70
ENSMUSG00000085421	NA	NA	24	74
ENSMUSG00000085427	NA	NA	35	15
ENSMUSG00000085438	1	63	94	85
ENSMUSG00000085443	NA	NA	28	55
ENSMUSG00000085452	NA	NA	58	48
ENSMUSG00000085457	NA	NA	31	97
ENSMUSG00000085471	NA	NA	39	8
ENSMUSG00000085483	NA	NA	38	1
ENSMUSG00000085492	NA	NA	18	11
ENSMUSG00000085496	NA	NA	69	47
ENSMUSG00000085501	NA	NA	18	30
ENSMUSG00000085511	NA	NA	27	8
ENSMUSG00000085527	NA	NA	80	27
ENSMUSG00000085532	NA	NA	8	42
ENSMUSG00000085555	NA	NA	10	1
ENSMUSG00000085558	NA	NA	85	10
ENSMUSG00000085562	NA	NA	29	0
ENSMUSG00000085566	26	48	NA	NA
ENSMUSG00000085576	NA	NA	42	32
ENSMUSG00000085580	NA	NA	5	25
ENSMUSG00000085582	NA	NA	80	49
ENSMUSG00000085593	NA	NA	3	82
ENSMUSG00000085596	NA	NA	0	83
ENSMUSG00000085600	NA	NA	35	21
ENSMUSG00000085603	NA	NA	40	39
ENSMUSG00000085628	51	11	22	8
ENSMUSG00000085631	NA	NA	38	71
ENSMUSG00000085637	NA	NA	87	68
ENSMUSG00000085641	NA	NA	25	47
ENSMUSG00000085645	NA	NA	6	41
ENSMUSG00000085664	NA	NA	29	34
ENSMUSG00000085667	NA	NA	42	24
ENSMUSG00000085683	NA	NA	34	66
ENSMUSG00000085684	NA	NA	54	46
ENSMUSG00000085704	NA	NA	41	24
ENSMUSG00000085715	19	35	NA	NA
ENSMUSG00000085720	NA	NA	39	43
ENSMUSG00000085735	NA	NA	32	46
ENSMUSG00000085743	NA	NA	26	5
ENSMUSG00000085749	NA	NA	10	72
ENSMUSG00000085754	NA	NA	53	89
ENSMUSG00000085759	NA	NA	43	4
ENSMUSG00000085762	NA	NA	58	40
ENSMUSG00000085763	NA	NA	49	27
ENSMUSG00000085766	NA	NA	84	22
ENSMUSG00000085772	NA	NA	78	7
ENSMUSG00000085773	NA	NA	47	67
ENSMUSG00000085779	NA	NA	86	0
ENSMUSG00000085793	NA	NA	52	93
ENSMUSG00000085794	NA	NA	44	16
ENSMUSG00000085795	37	15	59	0
ENSMUSG00000085819	NA	NA	30	60
ENSMUSG00000085820	NA	NA	30	83
ENSMUSG00000085823	NA	NA	35	9
ENSMUSG00000085829	NA	NA	37	47
ENSMUSG00000085834	NA	NA	3	45
ENSMUSG00000085837	NA	NA	6	76
ENSMUSG00000085842	NA	NA	70	54
ENSMUSG00000085851	NA	NA	18	54
ENSMUSG00000085861	NA	NA	20	42
ENSMUSG00000085862	NA	NA	25	55
ENSMUSG00000085875	14	4	NA	NA
ENSMUSG00000085878	NA	NA	79	85
ENSMUSG00000085882	NA	NA	44	33
ENSMUSG00000085890	NA	NA	42	53
ENSMUSG00000085891	NA	NA	76	75
ENSMUSG00000085918	NA	NA	84	4
ENSMUSG00000085928	NA	NA	38	5
ENSMUSG00000085933	NA	NA	3	17
ENSMUSG00000085936	NA	NA	72	34
ENSMUSG00000085937	NA	NA	9	58
ENSMUSG00000085944	NA	NA	2	9
ENSMUSG00000085945	NA	NA	78	75
ENSMUSG00000085950	NA	NA	82	67
ENSMUSG00000085953	NA	NA	32	84
ENSMUSG00000085956	NA	NA	12	45
ENSMUSG00000085984	NA	NA	19	21
ENSMUSG00000085995	NA	NA	33	22
ENSMUSG00000086007	NA	NA	45	21
ENSMUSG00000086013	NA	NA	79	46
ENSMUSG00000086015	NA	NA	21	27
ENSMUSG00000086016	NA	NA	27	57
ENSMUSG00000086025	NA	NA	7	13
ENSMUSG00000086034	NA	NA	35	53
ENSMUSG00000086037	NA	NA	5	83
ENSMUSG00000086040	NA	NA	5	73
ENSMUSG00000086046	NA	NA	3	73
ENSMUSG00000086047	NA	NA	33	22
ENSMUSG00000086058	NA	NA	65	66
ENSMUSG00000086061	NA	NA	36	29
ENSMUSG00000086066	NA	NA	81	23
ENSMUSG00000086070	NA	NA	83	53
ENSMUSG00000086075	NA	NA	1	26
ENSMUSG00000086083	NA	NA	72	1
ENSMUSG00000086096	NA	NA	70	74
ENSMUSG00000086108	NA	NA	37	13
ENSMUSG00000086118	NA	NA	77	74
ENSMUSG00000086126	NA	NA	16	59
ENSMUSG00000086135	NA	NA	9	20
ENSMUSG00000086141	NA	NA	40	24
ENSMUSG00000086155	NA	NA	5	32
ENSMUSG00000086158	NA	NA	83	83
ENSMUSG00000086160	NA	NA	78	55
ENSMUSG00000086172	NA	NA	2	18
ENSMUSG00000086173	NA	NA	56	8
ENSMUSG00000086191	NA	NA	89	45
ENSMUSG00000086193	NA	NA	37	51
ENSMUSG00000086209	NA	NA	55	58
ENSMUSG00000086212	NA	NA	9	25
ENSMUSG00000086221	NA	NA	42	18
ENSMUSG00000086234	NA	NA	27	59
ENSMUSG00000086241	NA	NA	1	17
ENSMUSG00000086258	NA	NA	58	47
ENSMUSG00000086259	NA	NA	57	2
ENSMUSG00000086263	NA	NA	10	11
ENSMUSG00000086266	83	0	NA	NA
ENSMUSG00000086273	NA	NA	66	40
ENSMUSG00000086277	NA	NA	0	44
ENSMUSG00000086283	NA	NA	50	80
ENSMUSG00000086287	NA	NA	42	35
ENSMUSG00000086290	NA	NA	95	98
ENSMUSG00000086291	NA	NA	71	35
ENSMUSG00000086293	NA	NA	85	31
ENSMUSG00000086296	NA	NA	56	66
ENSMUSG00000086298	NA	NA	9	8
ENSMUSG00000086306	NA	NA	18	47
ENSMUSG00000086316	NA	NA	93	99
ENSMUSG00000086322	NA	NA	87	86
ENSMUSG00000086327	NA	NA	37	59
ENSMUSG00000086330	NA	NA	38	87
ENSMUSG00000086332	NA	NA	46	78
ENSMUSG00000086339	NA	NA	4	33
ENSMUSG00000086356	NA	NA	14	14
ENSMUSG00000086359	NA	NA	7	91
ENSMUSG00000086363	NA	NA	60	3
ENSMUSG00000086369	NA	NA	25	21
ENSMUSG00000086370	NA	NA	31	31
ENSMUSG00000086386	NA	NA	44	13
ENSMUSG00000086390	NA	NA	67	73
ENSMUSG00000086391	NA	NA	44	6
ENSMUSG00000086395	NA	NA	43	59
ENSMUSG00000086396	NA	NA	14	73
ENSMUSG00000086405	NA	NA	41	51
ENSMUSG00000086429	22	87	NA	NA
ENSMUSG00000086430	NA	NA	32	8
ENSMUSG00000086443	NA	NA	4	67
ENSMUSG00000086446	NA	NA	82	55
ENSMUSG00000086451	NA	NA	63	70
ENSMUSG00000086477	NA	NA	30	19
ENSMUSG00000086484	NA	NA	79	19
ENSMUSG00000086486	NA	NA	30	73
ENSMUSG00000086495	NA	NA	18	41
ENSMUSG00000086496	NA	NA	46	57
ENSMUSG00000086503	90	55	NA	NA
ENSMUSG00000086537	27	79	NA	NA
ENSMUSG00000086552	NA	NA	24	61
ENSMUSG00000086555	NA	NA	36	31
ENSMUSG00000086557	NA	NA	19	65
ENSMUSG00000086578	71	38	NA	NA
ENSMUSG00000086594	NA	NA	19	61
ENSMUSG00000086596	NA	NA	6	45
ENSMUSG00000086598	NA	NA	78	61
ENSMUSG00000086604	9	28	NA	NA
ENSMUSG00000086606	NA	NA	89	32
ENSMUSG00000086608	NA	NA	62	20
ENSMUSG00000086610	NA	NA	47	68
ENSMUSG00000086629	NA	NA	65	32
ENSMUSG00000086645	NA	NA	5	17
ENSMUSG00000086657	NA	NA	94	85
ENSMUSG00000086695	NA	NA	16	93
ENSMUSG00000086703	NA	NA	33	65
ENSMUSG00000086706	NA	NA	70	49
ENSMUSG00000086708	NA	NA	32	85
ENSMUSG00000086725	NA	NA	23	72
ENSMUSG00000086727	NA	NA	11	70
ENSMUSG00000086728	17	15	NA	NA
ENSMUSG00000086742	NA	NA	65	49
ENSMUSG00000086748	NA	NA	16	52
ENSMUSG00000086763	NA	NA	12	15
ENSMUSG00000086765	NA	NA	35	41
ENSMUSG00000086774	NA	NA	39	11
ENSMUSG00000086788	NA	NA	73	69
ENSMUSG00000086796	NA	NA	1	24
ENSMUSG00000086800	NA	NA	20	22
ENSMUSG00000086805	NA	NA	13	0
ENSMUSG00000086824	NA	NA	44	0
ENSMUSG00000086827	NA	NA	78	94
ENSMUSG00000086833	NA	NA	78	84
ENSMUSG00000086843	NA	NA	28	20
ENSMUSG00000086851	NA	NA	41	43
ENSMUSG00000086866	NA	NA	41	12
ENSMUSG00000086877	NA	NA	58	1
ENSMUSG00000086881	NA	NA	87	3
ENSMUSG00000086894	NA	NA	6	93
ENSMUSG00000086909	NA	NA	75	17
ENSMUSG00000086912	NA	NA	23	33
ENSMUSG00000086918	NA	NA	72	9
ENSMUSG00000086923	NA	NA	60	12
ENSMUSG00000086930	NA	NA	53	68
ENSMUSG00000086933	NA	NA	18	49
ENSMUSG00000086938	NA	NA	40	59
ENSMUSG00000086942	NA	NA	67	33
ENSMUSG00000086945	NA	NA	32	88
ENSMUSG00000086951	NA	NA	26	71
ENSMUSG00000086953	NA	NA	23	67
ENSMUSG00000086968	61	20	75	95
ENSMUSG00000086969	NA	NA	52	77
ENSMUSG00000086992	NA	NA	16	79
ENSMUSG00000086996	NA	NA	66	30
ENSMUSG00000086999	NA	NA	10	72
ENSMUSG00000087006	32	20	NA	NA
ENSMUSG00000087009	NA	NA	37	22
ENSMUSG00000087013	NA	NA	77	57
ENSMUSG00000087014	NA	NA	44	7
ENSMUSG00000087017	NA	NA	59	85
ENSMUSG00000087022	NA	NA	6	17
ENSMUSG00000087029	NA	NA	37	14
ENSMUSG00000087037	NA	NA	42	58
ENSMUSG00000087038	NA	NA	64	64
ENSMUSG00000087047	NA	NA	38	50
ENSMUSG00000087060	NA	NA	36	40
ENSMUSG00000087064	NA	NA	4	37
ENSMUSG00000087066	NA	NA	15	69
ENSMUSG00000087067	51	46	NA	NA
ENSMUSG00000087075	NA	NA	60	48
ENSMUSG00000087095	NA	NA	16	26
ENSMUSG00000087103	NA	NA	19	64
ENSMUSG00000087107	NA	NA	86	3
ENSMUSG00000087109	60	53	NA	NA
ENSMUSG00000087122	NA	NA	42	83
ENSMUSG00000087129	NA	NA	69	33
ENSMUSG00000087137	NA	NA	40	9
ENSMUSG00000087138	NA	NA	37	48
ENSMUSG00000087141	NA	NA	73	91
ENSMUSG00000087143	NA	NA	52	53
ENSMUSG00000087150	NA	NA	63	79
ENSMUSG00000087165	NA	NA	22	27
ENSMUSG00000087166	NA	NA	10	31
ENSMUSG00000087174	NA	NA	64	97
ENSMUSG00000087177	NA	NA	71	58
ENSMUSG00000087178	NA	NA	15	36
ENSMUSG00000087185	NA	NA	15	51
ENSMUSG00000087192	NA	NA	62	43
ENSMUSG00000087193	21	42	NA	NA
ENSMUSG00000087204	NA	NA	48	68
ENSMUSG00000087207	NA	NA	26	15
ENSMUSG00000087211	NA	NA	43	23
ENSMUSG00000087213	NA	NA	86	82
ENSMUSG00000087221	NA	NA	84	14
ENSMUSG00000087222	NA	NA	46	4
ENSMUSG00000087230	NA	NA	86	78
ENSMUSG00000087231	NA	NA	54	63
ENSMUSG00000087254	NA	NA	37	25
ENSMUSG00000087259	NA	NA	76	7
ENSMUSG00000087260	63	44	3	75
ENSMUSG00000087264	NA	NA	56	0
ENSMUSG00000087267	NA	NA	22	32
ENSMUSG00000087289	NA	NA	48	12
ENSMUSG00000087290	NA	NA	65	17
ENSMUSG00000087301	NA	NA	63	86
ENSMUSG00000087302	NA	NA	39	67
ENSMUSG00000087305	NA	NA	42	80
ENSMUSG00000087317	NA	NA	90	52
ENSMUSG00000087331	58	46	19	37
ENSMUSG00000087334	NA	NA	71	65
ENSMUSG00000087335	NA	NA	5	10
ENSMUSG00000087341	NA	NA	15	60
ENSMUSG00000087355	NA	NA	10	51
ENSMUSG00000087356	NA	NA	63	62
ENSMUSG00000087358	NA	NA	20	55
ENSMUSG00000087364	NA	NA	32	29
ENSMUSG00000087366	NA	NA	81	67
ENSMUSG00000087370	NA	NA	88	83
ENSMUSG00000087377	NA	NA	6	19
ENSMUSG00000087382	NA	NA	14	39
ENSMUSG00000087383	NA	NA	72	82
ENSMUSG00000087385	NA	NA	5	21
ENSMUSG00000087396	NA	NA	39	23
ENSMUSG00000087403	NA	NA	65	20
ENSMUSG00000087406	NA	NA	25	36
ENSMUSG00000087410	NA	NA	48	23
ENSMUSG00000087413	NA	NA	32	50
ENSMUSG00000087434	NA	NA	73	36
ENSMUSG00000087437	NA	NA	21	58
ENSMUSG00000087440	NA	NA	41	7
ENSMUSG00000087443	NA	NA	17	75
ENSMUSG00000087455	NA	NA	12	77
ENSMUSG00000087458	58	31	NA	NA
ENSMUSG00000087459	NA	NA	48	13
ENSMUSG00000087461	NA	NA	77	88
ENSMUSG00000087476	NA	NA	54	23
ENSMUSG00000087478	NA	NA	76	70
ENSMUSG00000087487	NA	NA	64	42
ENSMUSG00000087495	NA	NA	49	32
ENSMUSG00000087497	NA	NA	72	51
ENSMUSG00000087512	NA	NA	53	49
ENSMUSG00000087519	NA	NA	77	7
ENSMUSG00000087530	NA	NA	27	25
ENSMUSG00000087532	NA	NA	69	25
ENSMUSG00000087553	NA	NA	21	62
ENSMUSG00000087579	NA	NA	31	39
ENSMUSG00000087589	NA	NA	8	62
ENSMUSG00000087598	71	37	NA	NA
ENSMUSG00000087604	NA	NA	28	26
ENSMUSG00000087606	NA	NA	65	89
ENSMUSG00000087611	NA	NA	14	12
ENSMUSG00000087613	NA	NA	26	93
ENSMUSG00000087620	NA	NA	16	10
ENSMUSG00000087621	NA	NA	69	38
ENSMUSG00000087625	NA	NA	53	75
ENSMUSG00000087626	NA	NA	86	97
ENSMUSG00000087648	NA	NA	45	86
ENSMUSG00000087651	NA	NA	26	19
ENSMUSG00000087652	NA	NA	11	53
ENSMUSG00000087659	8	53	NA	NA
ENSMUSG00000087670	NA	NA	26	85
ENSMUSG00000087672	NA	NA	48	6
ENSMUSG00000087674	NA	NA	46	32
ENSMUSG00000087679	41	98	NA	NA
ENSMUSG00000087684	NA	NA	14	2
ENSMUSG00000087687	49	66	NA	NA
ENSMUSG00000087691	24	26	NA	NA
ENSMUSG00000087694	31	6	43	84
ENSMUSG00000087938	NA	NA	77	59
ENSMUSG00000088139	NA	NA	74	22
ENSMUSG00000088181	NA	NA	94	35
ENSMUSG00000088219	64	98	NA	NA
ENSMUSG00000088442	NA	NA	59	21
ENSMUSG00000088493	NA	NA	17	54
ENSMUSG00000089214	NA	NA	1	78
ENSMUSG00000089417	NA	NA	73	5
ENSMUSG00000089633	NA	NA	29	87
ENSMUSG00000089665	NA	NA	78	12
ENSMUSG00000089678	NA	NA	55	32
ENSMUSG00000089682	47	91	NA	NA
ENSMUSG00000089706	NA	NA	14	85
ENSMUSG00000089707	NA	NA	42	0
ENSMUSG00000089708	NA	NA	0	19
ENSMUSG00000089712	NA	NA	34	26
ENSMUSG00000089715	91	76	98	32
ENSMUSG00000089717	NA	NA	72	58
ENSMUSG00000089726	NA	NA	3	91
ENSMUSG00000089727	55	38	NA	NA
ENSMUSG00000089743	NA	NA	26	7
ENSMUSG00000089745	NA	NA	81	72
ENSMUSG00000089759	NA	NA	24	83
ENSMUSG00000089762	81	2	73	47
ENSMUSG00000089774	86	4	99	93
ENSMUSG00000089789	9	17	NA	NA
ENSMUSG00000089804	69	2	NA	NA
ENSMUSG00000089809	NA	NA	52	13
ENSMUSG00000089810	48	70	NA	NA
ENSMUSG00000089812	NA	NA	97	38
ENSMUSG00000089815	NA	NA	65	1
ENSMUSG00000089824	71	80	69	27
ENSMUSG00000089827	NA	NA	22	18
ENSMUSG00000089832	55	90	NA	NA
ENSMUSG00000089840	NA	NA	11	11
ENSMUSG00000089847	44	75	NA	NA
ENSMUSG00000089857	NA	NA	49	54
ENSMUSG00000089862	NA	NA	82	58
ENSMUSG00000089872	7	67	NA	NA
ENSMUSG00000089875	7	20	NA	NA
ENSMUSG00000089876	NA	NA	33	48
ENSMUSG00000089887	NA	NA	8	88
ENSMUSG00000089889	NA	NA	66	85
ENSMUSG00000089890	NA	NA	50	70
ENSMUSG00000089900	NA	NA	38	5
ENSMUSG00000089911	58	21	NA	NA
ENSMUSG00000089917	75	83	NA	NA
ENSMUSG00000089935	42	56	NA	NA
ENSMUSG00000089940	NA	NA	80	28
ENSMUSG00000089942	78	32	NA	NA
ENSMUSG00000089952	NA	NA	67	47
ENSMUSG00000089968	NA	NA	84	81
ENSMUSG00000089983	NA	NA	28	56
ENSMUSG00000089984	NA	NA	67	0
ENSMUSG00000089992	25	61	NA	NA
ENSMUSG00000090000	88	96	NA	NA
ENSMUSG00000090019	38	55	NA	NA
ENSMUSG00000090031	NA	NA	9	11
ENSMUSG00000090035	90	78	NA	NA
ENSMUSG00000090053	NA	NA	59	38
ENSMUSG00000090061	NA	NA	78	66
ENSMUSG00000090063	NA	NA	21	21
ENSMUSG00000090066	NA	NA	96	41
ENSMUSG00000090069	NA	NA	26	31
ENSMUSG00000090071	51	7	NA	NA
ENSMUSG00000090083	23	55	NA	NA
ENSMUSG00000090084	69	14	NA	NA
ENSMUSG00000090086	NA	NA	67	44
ENSMUSG00000090088	48	16	NA	NA
ENSMUSG00000090100	NA	NA	76	77
ENSMUSG00000090110	1	80	NA	NA
ENSMUSG00000090112	18	28	11	16
ENSMUSG00000090122	5	25	NA	NA
ENSMUSG00000090125	66	46	NA	NA
ENSMUSG00000090146	NA	NA	12	0
ENSMUSG00000090150	70	98	NA	NA
ENSMUSG00000090160	NA	NA	19	47
ENSMUSG00000090164	NA	NA	25	41
ENSMUSG00000090173	NA	NA	51	18
ENSMUSG00000090185	NA	NA	68	51
ENSMUSG00000090202	NA	NA	35	59
ENSMUSG00000090203	NA	NA	64	90
ENSMUSG00000090206	NA	NA	97	30
ENSMUSG00000090207	NA	NA	43	58
ENSMUSG00000090210	NA	NA	19	2
ENSMUSG00000090213	72	28	NA	NA
ENSMUSG00000090220	NA	NA	5	74
ENSMUSG00000090225	NA	NA	19	78
ENSMUSG00000090254	NA	NA	78	40
ENSMUSG00000090255	NA	NA	16	10
ENSMUSG00000090258	NA	NA	73	49
ENSMUSG00000090263	NA	NA	81	86
ENSMUSG00000090272	34	19	NA	NA
ENSMUSG00000090273	NA	NA	63	8
ENSMUSG00000090290	29	7	NA	NA
ENSMUSG00000090291	NA	NA	64	40
ENSMUSG00000090306	NA	NA	78	0
ENSMUSG00000090314	69	23	NA	NA
ENSMUSG00000090330	47	39	NA	NA
ENSMUSG00000090386	NA	NA	91	52
ENSMUSG00000090394	NA	NA	66	83
ENSMUSG00000090439	NA	NA	79	71
ENSMUSG00000090457	NA	NA	84	40
ENSMUSG00000090458	5	80	NA	NA
ENSMUSG00000090470	NA	NA	69	76
ENSMUSG00000090523	87	88	NA	NA
ENSMUSG00000090553	89	71	NA	NA
ENSMUSG00000090622	NA	NA	34	84
ENSMUSG00000090626	38	46	NA	NA
ENSMUSG00000090629	NA	NA	13	0
ENSMUSG00000090641	NA	NA	15	45
ENSMUSG00000090659	66	84	55	52
ENSMUSG00000090667	NA	NA	9	49
ENSMUSG00000090698	NA	NA	4	71
ENSMUSG00000090724	67	44	NA	NA
ENSMUSG00000090733	64	35	NA	NA
ENSMUSG00000090779	NA	NA	47	13
ENSMUSG00000090799	NA	NA	36	85
ENSMUSG00000090841	58	94	NA	NA
ENSMUSG00000090862	34	1	NA	NA
ENSMUSG00000090863	NA	NA	76	20
ENSMUSG00000090877	53	41	NA	NA
ENSMUSG00000090891	NA	NA	67	2
ENSMUSG00000090919	NA	NA	74	8
ENSMUSG00000090925	NA	NA	11	9
ENSMUSG00000090935	22	3	NA	NA
ENSMUSG00000090946	44	32	87	70
ENSMUSG00000091002	NA	NA	20	46
ENSMUSG00000091017	NA	NA	59	48
ENSMUSG00000091037	NA	NA	10	36
ENSMUSG00000091061	NA	NA	56	73
ENSMUSG00000091133	NA	NA	42	63
ENSMUSG00000091154	NA	NA	89	50
ENSMUSG00000091175	NA	NA	69	50
ENSMUSG00000091183	NA	NA	62	28
ENSMUSG00000091199	NA	NA	14	31
ENSMUSG00000091212	NA	NA	35	4
ENSMUSG00000091243	NA	NA	38	99
ENSMUSG00000091264	NA	NA	86	92
ENSMUSG00000091304	NA	NA	42	37
ENSMUSG00000091337	61	94	NA	NA
ENSMUSG00000091358	NA	NA	16	17
ENSMUSG00000091396	NA	NA	52	37
ENSMUSG00000091423	35	46	NA	NA
ENSMUSG00000091474	NA	NA	20	0
ENSMUSG00000091475	NA	NA	94	32
ENSMUSG00000091476	NA	NA	6	70
ENSMUSG00000091491	7	58	NA	NA
ENSMUSG00000091509	4	14	NA	NA
ENSMUSG00000091510	27	67	NA	NA
ENSMUSG00000091512	34	70	NA	NA
ENSMUSG00000091523	NA	NA	42	67
ENSMUSG00000091558	NA	NA	86	60
ENSMUSG00000091577	32	80	NA	NA
ENSMUSG00000091618	NA	NA	21	26
ENSMUSG00000091636	NA	NA	4	27
ENSMUSG00000091679	NA	NA	56	65
ENSMUSG00000091694	NA	NA	36	32
ENSMUSG00000091705	9	29	NA	NA
ENSMUSG00000091709	NA	NA	14	26
ENSMUSG00000091712	NA	NA	62	55
ENSMUSG00000091734	37	49	NA	NA
ENSMUSG00000091735	NA	NA	44	49
ENSMUSG00000091749	41	28	NA	NA
ENSMUSG00000091803	61	94	NA	NA
ENSMUSG00000091811	NA	NA	14	50
ENSMUSG00000091874	12	61	NA	NA
ENSMUSG00000091896	15	39	9	48
ENSMUSG00000091898	88	92	NA	NA
ENSMUSG00000091906	NA	NA	6	44
ENSMUSG00000091947	NA	NA	87	49
ENSMUSG00000091971	77	37	NA	NA
ENSMUSG00000091972	NA	NA	37	42
ENSMUSG00000091994	NA	NA	54	66
ENSMUSG00000092035	10	7	NA	NA
ENSMUSG00000092051	NA	NA	6	20
ENSMUSG00000092060	NA	NA	10	49
ENSMUSG00000092066	NA	NA	18	61
ENSMUSG00000092075	NA	NA	36	15
ENSMUSG00000092118	65	25	NA	NA
ENSMUSG00000092171	NA	NA	53	52
ENSMUSG00000092183	NA	NA	54	60
ENSMUSG00000092192	23	65	NA	NA
ENSMUSG00000092210	NA	NA	4	3
ENSMUSG00000092216	NA	NA	78	15
ENSMUSG00000092225	NA	NA	80	16
ENSMUSG00000092242	NA	NA	27	79
ENSMUSG00000092274	85	99	1	60
ENSMUSG00000092276	NA	NA	14	81
ENSMUSG00000092300	NA	NA	2	44
ENSMUSG00000092305	NA	NA	89	44
ENSMUSG00000092341	43	99	63	86
ENSMUSG00000092354	NA	NA	68	2
ENSMUSG00000092397	NA	NA	65	1
ENSMUSG00000092399	NA	NA	69	88
ENSMUSG00000092416	NA	NA	43	46
ENSMUSG00000092469	NA	NA	87	47
ENSMUSG00000092492	NA	NA	0	6
ENSMUSG00000092503	NA	NA	71	50
ENSMUSG00000092515	NA	NA	19	52
ENSMUSG00000092517	31	16	NA	NA
ENSMUSG00000092519	NA	NA	4	42
ENSMUSG00000092522	NA	NA	46	52
ENSMUSG00000092545	NA	NA	38	49
ENSMUSG00000092558	35	8	NA	NA
ENSMUSG00000092570	NA	NA	35	70
ENSMUSG00000092578	NA	NA	1	17
ENSMUSG00000092579	34	30	NA	NA
ENSMUSG00000092586	31	42	NA	NA
ENSMUSG00000092607	52	18	NA	NA
ENSMUSG00000092618	NA	NA	15	4
ENSMUSG00000092622	NA	NA	23	33
ENSMUSG00000092626	NA	NA	35	5
ENSMUSG00000092876	NA	NA	90	5
ENSMUSG00000092928	NA	NA	1	85
ENSMUSG00000093124	NA	NA	25	46
ENSMUSG00000093383	NA	NA	66	80
ENSMUSG00000093452	NA	NA	39	84
ENSMUSG00000093460	NA	NA	26	28
ENSMUSG00000093536	NA	NA	7	20
ENSMUSG00000093540	NA	NA	44	10
ENSMUSG00000093568	NA	NA	65	13
ENSMUSG00000093577	NA	NA	23	91
ENSMUSG00000093606	NA	NA	61	50
ENSMUSG00000093617	NA	NA	58	90
ENSMUSG00000093628	NA	NA	44	6
ENSMUSG00000093661	52	43	NA	NA
ENSMUSG00000093668	NA	NA	56	5
ENSMUSG00000093674	76	75	NA	NA
ENSMUSG00000093726	NA	NA	48	77
ENSMUSG00000093728	33	12	NA	NA
ENSMUSG00000093738	NA	NA	76	44
ENSMUSG00000093789	NA	NA	23	77
ENSMUSG00000093858	NA	NA	33	4
ENSMUSG00000093867	NA	NA	5	20
ENSMUSG00000093904	4	94	78	91
ENSMUSG00000093910	NA	NA	54	23
ENSMUSG00000093930	99	97	76	82
ENSMUSG00000093989	NA	NA	23	24
ENSMUSG00000094002	NA	NA	42	46
ENSMUSG00000094084	23	20	NA	NA
ENSMUSG00000094152	NA	NA	70	45
ENSMUSG00000094220	NA	NA	66	85
ENSMUSG00000094311	NA	NA	54	47
ENSMUSG00000094372	15	19	NA	NA
ENSMUSG00000094447	NA	NA	43	49
ENSMUSG00000094483	94	67	98	94
ENSMUSG00000094553	31	24	NA	NA
ENSMUSG00000094559	0	31	NA	NA
ENSMUSG00000094584	NA	NA	4	20
ENSMUSG00000094626	60	4	NA	NA
ENSMUSG00000094690	NA	NA	21	76
ENSMUSG00000094724	NA	NA	87	34
ENSMUSG00000094777	99	94	NA	NA
ENSMUSG00000094796	17	37	NA	NA
ENSMUSG00000094797	18	10	NA	NA
ENSMUSG00000094806	1	48	NA	NA
ENSMUSG00000094868	35	37	NA	NA
ENSMUSG00000094870	20	67	NA	NA
ENSMUSG00000094910	35	41	NA	NA
ENSMUSG00000094928	NA	NA	0	77
ENSMUSG00000094936	16	1	NA	NA
ENSMUSG00000094942	NA	NA	54	7
ENSMUSG00000094958	NA	NA	18	40
ENSMUSG00000095026	NA	NA	15	39
ENSMUSG00000095079	7	70	NA	NA
ENSMUSG00000095098	NA	NA	95	93
ENSMUSG00000095105	30	4	10	27
ENSMUSG00000095115	NA	NA	97	53
ENSMUSG00000095127	NA	NA	12	20
ENSMUSG00000095139	5	41	NA	NA
ENSMUSG00000095180	68	23	NA	NA
ENSMUSG00000095253	NA	NA	80	60
ENSMUSG00000095270	10	35	NA	NA
ENSMUSG00000095325	NA	NA	11	61
ENSMUSG00000095385	NA	NA	77	3
ENSMUSG00000095407	NA	NA	2	25
ENSMUSG00000095432	NA	NA	61	50
ENSMUSG00000095493	NA	NA	70	30
ENSMUSG00000095567	77	98	NA	NA
ENSMUSG00000095620	27	64	NA	NA
ENSMUSG00000095670	64	17	NA	NA
ENSMUSG00000095789	NA	NA	91	68
ENSMUSG00000095798	NA	NA	10	0
ENSMUSG00000095821	42	23	NA	NA
ENSMUSG00000095930	NA	NA	41	66
ENSMUSG00000095932	51	33	NA	NA
ENSMUSG00000095956	NA	NA	74	34
ENSMUSG00000095992	NA	NA	13	19
ENSMUSG00000096001	99	98	NA	NA
ENSMUSG00000096014	NA	NA	46	56
ENSMUSG00000096051	55	37	NA	NA
ENSMUSG00000096054	58	2	21	14
ENSMUSG00000096140	NA	NA	54	24
ENSMUSG00000096141	NA	NA	25	87
ENSMUSG00000096146	41	10	66	51
ENSMUSG00000096188	NA	NA	76	39
ENSMUSG00000096199	72	44	NA	NA
ENSMUSG00000096210	42	81	NA	NA
ENSMUSG00000096221	NA	NA	53	61
ENSMUSG00000096225	4	44	NA	NA
ENSMUSG00000096284	5	49	NA	NA
ENSMUSG00000096351	16	48	NA	NA
ENSMUSG00000096370	NA	NA	5	27
ENSMUSG00000096405	NA	NA	7	1
ENSMUSG00000096433	NA	NA	33	13
ENSMUSG00000096472	95	8	NA	NA
ENSMUSG00000096498	46	56	NA	NA
ENSMUSG00000096534	19	50	NA	NA
ENSMUSG00000096537	NA	NA	6	30
ENSMUSG00000096546	NA	NA	30	43
ENSMUSG00000096573	NA	NA	77	46
ENSMUSG00000096606	NA	NA	69	9
ENSMUSG00000096655	NA	NA	73	15
ENSMUSG00000096682	54	57	NA	NA
ENSMUSG00000096687	NA	NA	36	66
ENSMUSG00000096727	20	9	NA	NA
ENSMUSG00000096740	NA	NA	41	47
ENSMUSG00000096751	NA	NA	19	62
ENSMUSG00000096753	NA	NA	63	41
ENSMUSG00000096796	NA	NA	92	63
ENSMUSG00000096847	52	10	NA	NA
ENSMUSG00000096852	45	72	NA	NA
ENSMUSG00000096883	NA	NA	35	8
ENSMUSG00000096910	17	31	NA	NA
ENSMUSG00000096914	NA	NA	54	44
ENSMUSG00000096916	NA	NA	31	28
ENSMUSG00000096922	NA	NA	21	36
ENSMUSG00000096932	NA	NA	44	33
ENSMUSG00000096953	NA	NA	16	41
ENSMUSG00000096957	NA	NA	23	51
ENSMUSG00000096959	NA	NA	85	56
ENSMUSG00000096968	60	51	NA	NA
ENSMUSG00000096981	NA	NA	15	94
ENSMUSG00000096982	NA	NA	79	52
ENSMUSG00000096986	NA	NA	53	81
ENSMUSG00000096995	NA	NA	58	71
ENSMUSG00000097006	NA	NA	3	53
ENSMUSG00000097007	NA	NA	24	42
ENSMUSG00000097021	NA	NA	55	9
ENSMUSG00000097022	20	1	NA	NA
ENSMUSG00000097023	NA	NA	39	15
ENSMUSG00000097032	NA	NA	23	7
ENSMUSG00000097035	NA	NA	16	79
ENSMUSG00000097039	21	82	84	61
ENSMUSG00000097040	NA	NA	56	74
ENSMUSG00000097042	NA	NA	58	34
ENSMUSG00000097044	NA	NA	29	83
ENSMUSG00000097047	NA	NA	50	42
ENSMUSG00000097048	NA	NA	55	99
ENSMUSG00000097049	NA	NA	54	68
ENSMUSG00000097050	NA	NA	83	58
ENSMUSG00000097057	NA	NA	25	45
ENSMUSG00000097061	NA	NA	63	69
ENSMUSG00000097072	NA	NA	23	6
ENSMUSG00000097073	NA	NA	5	22
ENSMUSG00000097074	NA	NA	43	78
ENSMUSG00000097075	36	49	NA	NA
ENSMUSG00000097080	NA	NA	18	4
ENSMUSG00000097082	NA	NA	44	89
ENSMUSG00000097084	24	25	NA	NA
ENSMUSG00000097089	NA	NA	0	69
ENSMUSG00000097091	NA	NA	59	79
ENSMUSG00000097098	NA	NA	94	45
ENSMUSG00000097101	NA	NA	52	29
ENSMUSG00000097115	NA	NA	10	79
ENSMUSG00000097119	72	56	NA	NA
ENSMUSG00000097121	NA	NA	50	53
ENSMUSG00000097124	NA	NA	72	32
ENSMUSG00000097129	36	42	NA	NA
ENSMUSG00000097145	NA	NA	86	50
ENSMUSG00000097156	NA	NA	58	0
ENSMUSG00000097162	47	52	NA	NA
ENSMUSG00000097164	NA	NA	79	75
ENSMUSG00000097166	NA	NA	46	19
ENSMUSG00000097167	NA	NA	19	20
ENSMUSG00000097170	NA	NA	48	60
ENSMUSG00000097177	NA	NA	36	50
ENSMUSG00000097180	NA	NA	55	88
ENSMUSG00000097181	NA	NA	60	62
ENSMUSG00000097183	NA	NA	28	57
ENSMUSG00000097191	NA	NA	62	5
ENSMUSG00000097194	NA	NA	57	40
ENSMUSG00000097204	NA	NA	58	94
ENSMUSG00000097211	6	66	NA	NA
ENSMUSG00000097216	2	76	NA	NA
ENSMUSG00000097217	NA	NA	41	3
ENSMUSG00000097229	NA	NA	48	47
ENSMUSG00000097237	NA	NA	12	6
ENSMUSG00000097248	NA	NA	33	16
ENSMUSG00000097251	NA	NA	10	68
ENSMUSG00000097254	NA	NA	4	44
ENSMUSG00000097267	NA	NA	50	19
ENSMUSG00000097268	NA	NA	18	3
ENSMUSG00000097275	NA	NA	61	2
ENSMUSG00000097282	NA	NA	8	73
ENSMUSG00000097287	NA	NA	45	7
ENSMUSG00000097290	NA	NA	32	24
ENSMUSG00000097292	NA	NA	40	66
ENSMUSG00000097309	NA	NA	74	21
ENSMUSG00000097311	NA	NA	78	20
ENSMUSG00000097315	42	34	NA	NA
ENSMUSG00000097318	NA	NA	40	90
ENSMUSG00000097321	NA	NA	10	16
ENSMUSG00000097322	NA	NA	66	62
ENSMUSG00000097323	NA	NA	56	44
ENSMUSG00000097326	NA	NA	60	3
ENSMUSG00000097327	NA	NA	84	8
ENSMUSG00000097328	72	87	NA	NA
ENSMUSG00000097330	43	64	NA	NA
ENSMUSG00000097333	19	43	NA	NA
ENSMUSG00000097336	NA	NA	49	11
ENSMUSG00000097343	NA	NA	72	3
ENSMUSG00000097350	NA	NA	46	18
ENSMUSG00000097352	NA	NA	71	69
ENSMUSG00000097354	NA	NA	18	20
ENSMUSG00000097357	3	24	NA	NA
ENSMUSG00000097360	NA	NA	61	61
ENSMUSG00000097361	NA	NA	90	62
ENSMUSG00000097387	NA	NA	24	53
ENSMUSG00000097392	66	58	NA	NA
ENSMUSG00000097399	NA	NA	74	50
ENSMUSG00000097401	NA	NA	29	81
ENSMUSG00000097402	NA	NA	4	3
ENSMUSG00000097403	NA	NA	75	26
ENSMUSG00000097407	NA	NA	9	27
ENSMUSG00000097408	NA	NA	68	53
ENSMUSG00000097409	NA	NA	37	49
ENSMUSG00000097412	NA	NA	66	25
ENSMUSG00000097413	NA	NA	69	53
ENSMUSG00000097415	81	86	NA	NA
ENSMUSG00000097428	NA	NA	12	62
ENSMUSG00000097431	NA	NA	19	3
ENSMUSG00000097440	19	59	47	0
ENSMUSG00000097448	NA	NA	77	48
ENSMUSG00000097451	28	67	NA	NA
ENSMUSG00000097452	NA	NA	34	26
ENSMUSG00000097456	NA	NA	7	1
ENSMUSG00000097462	NA	NA	39	34
ENSMUSG00000097463	NA	NA	51	27
ENSMUSG00000097471	NA	NA	91	30
ENSMUSG00000097486	NA	NA	7	1
ENSMUSG00000097487	NA	NA	84	75
ENSMUSG00000097494	NA	NA	81	56
ENSMUSG00000097502	NA	NA	8	25
ENSMUSG00000097503	NA	NA	78	25
ENSMUSG00000097504	NA	NA	62	0
ENSMUSG00000097515	NA	NA	56	3
ENSMUSG00000097516	NA	NA	2	19
ENSMUSG00000097519	NA	NA	42	61
ENSMUSG00000097520	NA	NA	48	6
ENSMUSG00000097522	NA	NA	48	0
ENSMUSG00000097532	NA	NA	68	35
ENSMUSG00000097536	NA	NA	49	74
ENSMUSG00000097537	NA	NA	77	7
ENSMUSG00000097545	NA	NA	9	71
ENSMUSG00000097547	NA	NA	4	63
ENSMUSG00000097558	NA	NA	56	61
ENSMUSG00000097559	NA	NA	8	8
ENSMUSG00000097561	NA	NA	11	52
ENSMUSG00000097571	NA	NA	29	30
ENSMUSG00000097574	NA	NA	54	53
ENSMUSG00000097577	NA	NA	79	71
ENSMUSG00000097583	NA	NA	19	40
ENSMUSG00000097585	30	44	27	44
ENSMUSG00000097587	NA	NA	76	70
ENSMUSG00000097589	4	60	48	66
ENSMUSG00000097595	31	50	20	79
ENSMUSG00000097596	NA	NA	29	54
ENSMUSG00000097597	NA	NA	78	7
ENSMUSG00000097602	NA	NA	91	77
ENSMUSG00000097603	NA	NA	71	54
ENSMUSG00000097613	NA	NA	78	31
ENSMUSG00000097616	NA	NA	65	9
ENSMUSG00000097619	41	39	21	75
ENSMUSG00000097622	NA	NA	26	13
ENSMUSG00000097627	NA	NA	20	41
ENSMUSG00000097636	NA	NA	45	39
ENSMUSG00000097638	NA	NA	23	64
ENSMUSG00000097639	NA	NA	21	69
ENSMUSG00000097640	NA	NA	1	74
ENSMUSG00000097648	NA	NA	41	50
ENSMUSG00000097650	NA	NA	78	68
ENSMUSG00000097654	NA	NA	28	70
ENSMUSG00000097666	NA	NA	34	69
ENSMUSG00000097677	NA	NA	75	86
ENSMUSG00000097682	NA	NA	33	65
ENSMUSG00000097684	NA	NA	41	39
ENSMUSG00000097690	NA	NA	39	86
ENSMUSG00000097693	NA	NA	9	52
ENSMUSG00000097694	NA	NA	88	30
ENSMUSG00000097699	NA	NA	15	61
ENSMUSG00000097701	NA	NA	74	38
ENSMUSG00000097705	NA	NA	0	25
ENSMUSG00000097710	NA	NA	6	13
ENSMUSG00000097717	NA	NA	13	7
ENSMUSG00000097725	NA	NA	11	40
ENSMUSG00000097729	NA	NA	77	76
ENSMUSG00000097736	NA	NA	10	46
ENSMUSG00000097738	NA	NA	72	86
ENSMUSG00000097746	NA	NA	47	68
ENSMUSG00000097752	NA	NA	34	37
ENSMUSG00000097756	NA	NA	25	43
ENSMUSG00000097760	NA	NA	19	56
ENSMUSG00000097761	NA	NA	29	34
ENSMUSG00000097766	NA	NA	41	86
ENSMUSG00000097767	NA	NA	2	3
ENSMUSG00000097768	NA	NA	98	64
ENSMUSG00000097772	NA	NA	16	91
ENSMUSG00000097777	NA	NA	45	60
ENSMUSG00000097779	NA	NA	14	89
ENSMUSG00000097784	NA	NA	34	73
ENSMUSG00000097785	NA	NA	64	42
ENSMUSG00000097786	47	61	NA	NA
ENSMUSG00000097787	NA	NA	81	58
ENSMUSG00000097789	NA	NA	96	96
ENSMUSG00000097794	NA	NA	15	26
ENSMUSG00000097806	NA	NA	55	10
ENSMUSG00000097814	NA	NA	80	66
ENSMUSG00000097820	NA	NA	21	54
ENSMUSG00000097825	NA	NA	2	45
ENSMUSG00000097827	NA	NA	61	38
ENSMUSG00000097828	NA	NA	42	35
ENSMUSG00000097831	NA	NA	6	82
ENSMUSG00000097834	NA	NA	33	68
ENSMUSG00000097835	NA	NA	8	63
ENSMUSG00000097841	NA	NA	65	22
ENSMUSG00000097852	NA	NA	49	7
ENSMUSG00000097855	NA	NA	48	64
ENSMUSG00000097863	NA	NA	6	37
ENSMUSG00000097874	NA	NA	54	53
ENSMUSG00000097875	NA	NA	84	54
ENSMUSG00000097881	NA	NA	20	21
ENSMUSG00000097882	NA	NA	20	47
ENSMUSG00000097885	NA	NA	9	2
ENSMUSG00000097892	NA	NA	64	67
ENSMUSG00000097893	NA	NA	78	56
ENSMUSG00000097908	NA	NA	23	9
ENSMUSG00000097915	NA	NA	46	25
ENSMUSG00000097929	NA	NA	58	18
ENSMUSG00000097932	NA	NA	40	39
ENSMUSG00000097934	NA	NA	55	41
ENSMUSG00000097944	NA	NA	32	4
ENSMUSG00000097962	NA	NA	75	35
ENSMUSG00000097971	91	72	98	94
ENSMUSG00000097986	NA	NA	67	40
ENSMUSG00000097992	NA	NA	8	36
ENSMUSG00000097993	70	73	NA	NA
ENSMUSG00000098008	NA	NA	10	28
ENSMUSG00000098022	NA	NA	9	67
ENSMUSG00000098087	NA	NA	14	29
ENSMUSG00000098090	10	12	30	85
ENSMUSG00000098098	NA	NA	45	15
ENSMUSG00000098120	NA	NA	49	18
ENSMUSG00000098129	NA	NA	69	27
ENSMUSG00000098132	NA	NA	65	4
ENSMUSG00000098134	NA	NA	53	42
ENSMUSG00000098137	NA	NA	1	78
ENSMUSG00000098145	NA	NA	74	15
ENSMUSG00000098150	NA	NA	52	22
ENSMUSG00000098176	59	41	NA	NA
ENSMUSG00000098178	94	90	95	94
ENSMUSG00000098188	19	49	NA	NA
ENSMUSG00000098202	NA	NA	28	27
ENSMUSG00000098207	NA	NA	15	14
ENSMUSG00000098221	NA	NA	50	78
ENSMUSG00000098318	NA	NA	90	93
ENSMUSG00000098322	NA	NA	65	49
ENSMUSG00000098332	NA	NA	91	98
ENSMUSG00000098419	NA	NA	61	90
ENSMUSG00000098429	NA	NA	14	39
ENSMUSG00000098431	NA	NA	16	50
ENSMUSG00000098499	NA	NA	42	89
ENSMUSG00000098528	NA	NA	8	71
ENSMUSG00000098557	63	31	NA	NA
ENSMUSG00000098609	NA	NA	68	78
ENSMUSG00000098627	NA	NA	5	53
ENSMUSG00000098659	NA	NA	30	28
ENSMUSG00000098702	NA	NA	40	63
ENSMUSG00000098758	NA	NA	4	91
ENSMUSG00000098905	NA	NA	73	37
ENSMUSG00000098912	11	33	40	68
ENSMUSG00000098919	NA	NA	33	54
ENSMUSG00000098923	14	40	NA	NA
ENSMUSG00000098959	NA	NA	62	54
ENSMUSG00000099032	NA	NA	61	49
ENSMUSG00000099034	NA	NA	63	14
ENSMUSG00000099083	20	15	NA	NA
ENSMUSG00000099094	NA	NA	79	30
ENSMUSG00000099098	52	17	NA	NA
ENSMUSG00000099139	NA	NA	28	51
ENSMUSG00000099170	NA	NA	52	91
ENSMUSG00000099310	NA	NA	85	42
ENSMUSG00000099338	NA	NA	5	5
ENSMUSG00000099364	NA	NA	7	60
ENSMUSG00000099370	NA	NA	80	76
ENSMUSG00000099391	NA	NA	9	47
ENSMUSG00000099411	NA	NA	32	48
ENSMUSG00000099413	NA	NA	0	28
ENSMUSG00000099435	NA	NA	48	58
ENSMUSG00000099446	NA	NA	11	47
ENSMUSG00000099474	49	9	NA	NA
ENSMUSG00000099481	10	19	NA	NA
ENSMUSG00000099528	NA	NA	64	20
ENSMUSG00000099552	NA	NA	45	8
ENSMUSG00000099553	NA	NA	62	57
ENSMUSG00000099583	8	96	NA	NA
ENSMUSG00000099590	NA	NA	60	7
ENSMUSG00000099608	NA	NA	44	0
ENSMUSG00000099632	NA	NA	33	72
ENSMUSG00000099639	NA	NA	26	57
ENSMUSG00000099655	NA	NA	53	76
ENSMUSG00000099681	NA	NA	92	93
ENSMUSG00000099689	NA	NA	76	93
ENSMUSG00000099693	41	73	NA	NA
ENSMUSG00000099696	NA	NA	22	5
ENSMUSG00000099718	NA	NA	9	61
ENSMUSG00000099724	NA	NA	14	22
ENSMUSG00000099751	NA	NA	30	74
ENSMUSG00000099784	NA	NA	67	26
ENSMUSG00000099808	NA	NA	42	57
ENSMUSG00000099825	NA	NA	3	6
ENSMUSG00000099863	NA	NA	28	49
ENSMUSG00000099876	NA	NA	57	0
ENSMUSG00000099881	NA	NA	31	4
ENSMUSG00000099906	NA	NA	54	27
ENSMUSG00000099907	NA	NA	22	53
ENSMUSG00000099923	NA	NA	8	10
ENSMUSG00000099945	NA	NA	35	5
ENSMUSG00000099957	NA	NA	26	76
ENSMUSG00000099958	NA	NA	81	18
ENSMUSG00000099964	NA	NA	71	22
ENSMUSG00000100000	NA	NA	57	31
ENSMUSG00000100001	NA	NA	43	52
ENSMUSG00000100005	17	4	NA	NA
ENSMUSG00000100009	NA	NA	67	50
ENSMUSG00000100014	NA	NA	81	91
ENSMUSG00000100017	NA	NA	72	23
ENSMUSG00000100029	28	11	NA	NA
ENSMUSG00000100075	NA	NA	37	62
ENSMUSG00000100079	16	30	NA	NA
ENSMUSG00000100084	NA	NA	82	41
ENSMUSG00000100094	NA	NA	80	47
ENSMUSG00000100119	NA	NA	46	40
ENSMUSG00000100127	NA	NA	6	59
ENSMUSG00000100147	NA	NA	49	15
ENSMUSG00000100157	NA	NA	44	74
ENSMUSG00000100164	NA	NA	33	83
ENSMUSG00000100182	NA	NA	15	53
ENSMUSG00000100199	NA	NA	70	9
ENSMUSG00000100205	NA	NA	81	29
ENSMUSG00000100210	57	62	NA	NA
ENSMUSG00000100219	NA	NA	81	71
ENSMUSG00000100235	NA	NA	0	66
ENSMUSG00000100241	22	18	NA	NA
ENSMUSG00000100252	NA	NA	27	10
ENSMUSG00000100274	NA	NA	62	59
ENSMUSG00000100277	NA	NA	65	73
ENSMUSG00000100291	NA	NA	32	17
ENSMUSG00000100301	NA	NA	18	66
ENSMUSG00000100303	NA	NA	3	69
ENSMUSG00000100394	NA	NA	28	14
ENSMUSG00000100430	NA	NA	56	75
ENSMUSG00000100455	NA	NA	84	81
ENSMUSG00000100510	NA	NA	58	33
ENSMUSG00000100511	NA	NA	26	78
ENSMUSG00000100518	NA	NA	82	94
ENSMUSG00000100549	11	20	NA	NA
ENSMUSG00000100552	22	26	NA	NA
ENSMUSG00000100573	NA	NA	91	6
ENSMUSG00000100580	NA	NA	81	32
ENSMUSG00000100594	NA	NA	16	50
ENSMUSG00000100599	NA	NA	37	70
ENSMUSG00000100603	1	6	NA	NA
ENSMUSG00000100666	NA	NA	42	61
ENSMUSG00000100680	13	56	NA	NA
ENSMUSG00000100691	NA	NA	34	80
ENSMUSG00000100707	NA	NA	26	82
ENSMUSG00000100714	NA	NA	58	17
ENSMUSG00000100727	NA	NA	12	1
ENSMUSG00000100733	NA	NA	54	10
ENSMUSG00000100763	NA	NA	53	27
ENSMUSG00000100783	NA	NA	79	1
ENSMUSG00000100798	NA	NA	11	65
ENSMUSG00000100826	17	41	79	35
ENSMUSG00000100837	NA	NA	64	10
ENSMUSG00000100850	NA	NA	67	91
ENSMUSG00000100876	NA	NA	55	22
ENSMUSG00000100890	NA	NA	75	13
ENSMUSG00000100891	NA	NA	38	2
ENSMUSG00000100937	24	8	NA	NA
ENSMUSG00000100980	NA	NA	5	61
ENSMUSG00000101009	NA	NA	56	65
ENSMUSG00000101012	NA	NA	68	11
ENSMUSG00000101013	54	47	NA	NA
ENSMUSG00000101026	NA	NA	72	74
ENSMUSG00000101088	NA	NA	1	75
ENSMUSG00000101144	NA	NA	18	25
ENSMUSG00000101153	NA	NA	18	90
ENSMUSG00000101167	20	45	NA	NA
ENSMUSG00000101174	5	62	NA	NA
ENSMUSG00000101189	NA	NA	12	89
ENSMUSG00000101225	NA	NA	65	7
ENSMUSG00000101234	NA	NA	47	29
ENSMUSG00000101257	NA	NA	5	19
ENSMUSG00000101275	NA	NA	17	49
ENSMUSG00000101304	NA	NA	53	76
ENSMUSG00000101315	23	78	NA	NA
ENSMUSG00000101320	NA	NA	20	60
ENSMUSG00000101356	NA	NA	48	67
ENSMUSG00000101360	NA	NA	69	77
ENSMUSG00000101365	NA	NA	21	32
ENSMUSG00000101411	NA	NA	22	72
ENSMUSG00000101451	60	59	NA	NA
ENSMUSG00000101481	NA	NA	28	68
ENSMUSG00000101493	NA	NA	17	83
ENSMUSG00000101555	NA	NA	42	28
ENSMUSG00000101568	NA	NA	47	4
ENSMUSG00000101581	NA	NA	28	19
ENSMUSG00000101585	NA	NA	49	9
ENSMUSG00000101599	NA	NA	87	85
ENSMUSG00000101609	NA	NA	54	61
ENSMUSG00000101636	NA	NA	28	36
ENSMUSG00000101655	NA	NA	76	44
ENSMUSG00000101674	NA	NA	82	36
ENSMUSG00000101693	NA	NA	15	13
ENSMUSG00000101695	18	33	NA	NA
ENSMUSG00000101746	NA	NA	92	83
ENSMUSG00000101791	NA	NA	15	93
ENSMUSG00000101810	NA	NA	24	68
ENSMUSG00000101848	NA	NA	47	28
ENSMUSG00000101856	NA	NA	34	80
ENSMUSG00000101867	42	4	NA	NA
ENSMUSG00000101888	NA	NA	76	65
ENSMUSG00000101892	76	86	NA	NA
ENSMUSG00000101894	NA	NA	3	49
ENSMUSG00000101912	NA	NA	81	90
ENSMUSG00000101959	NA	NA	51	62
ENSMUSG00000101970	NA	NA	75	97
ENSMUSG00000101972	NA	NA	29	2
ENSMUSG00000102004	NA	NA	38	17
ENSMUSG00000102009	NA	NA	80	77
ENSMUSG00000102014	NA	NA	21	2
ENSMUSG00000102046	NA	NA	2	85
ENSMUSG00000102069	NA	NA	8	55
ENSMUSG00000102084	32	81	NA	NA
ENSMUSG00000102098	NA	NA	17	16
ENSMUSG00000102099	NA	NA	6	14
ENSMUSG00000102101	49	72	NA	NA
ENSMUSG00000102139	NA	NA	14	16
ENSMUSG00000102140	NA	NA	32	24
ENSMUSG00000102157	NA	NA	42	88
ENSMUSG00000102184	NA	NA	26	7
ENSMUSG00000102185	NA	NA	70	76
ENSMUSG00000102205	NA	NA	54	27
ENSMUSG00000102206	37	49	NA	NA
ENSMUSG00000102212	NA	NA	30	88
ENSMUSG00000102224	NA	NA	73	69
ENSMUSG00000102249	NA	NA	9	4
ENSMUSG00000102252	38	11	54	26
ENSMUSG00000102267	NA	NA	54	30
ENSMUSG00000102271	NA	NA	6	67
ENSMUSG00000102276	NA	NA	54	14
ENSMUSG00000102302	NA	NA	64	10
ENSMUSG00000102308	NA	NA	47	6
ENSMUSG00000102322	NA	NA	34	34
ENSMUSG00000102326	NA	NA	22	26
ENSMUSG00000102330	NA	NA	32	59
ENSMUSG00000102336	NA	NA	54	33
ENSMUSG00000102344	NA	NA	74	91
ENSMUSG00000102353	NA	NA	15	12
ENSMUSG00000102362	NA	NA	76	34
ENSMUSG00000102375	NA	NA	74	48
ENSMUSG00000102386	NA	NA	0	67
ENSMUSG00000102397	27	78	NA	NA
ENSMUSG00000102404	NA	NA	16	43
ENSMUSG00000102408	NA	NA	82	94
ENSMUSG00000102416	NA	NA	70	27
ENSMUSG00000102423	NA	NA	92	80
ENSMUSG00000102424	NA	NA	2	46
ENSMUSG00000102439	23	34	NA	NA
ENSMUSG00000102448	NA	NA	83	61
ENSMUSG00000102469	NA	NA	42	19
ENSMUSG00000102474	NA	NA	32	46
ENSMUSG00000102523	NA	NA	51	26
ENSMUSG00000102556	NA	NA	34	3
ENSMUSG00000102585	3	10	NA	NA
ENSMUSG00000102600	14	64	NA	NA
ENSMUSG00000102602	NA	NA	57	61
ENSMUSG00000102615	NA	NA	5	20
ENSMUSG00000102621	NA	NA	53	63
ENSMUSG00000102644	NA	NA	61	39
ENSMUSG00000102649	NA	NA	48	48
ENSMUSG00000102674	NA	NA	18	79
ENSMUSG00000102687	NA	NA	73	60
ENSMUSG00000102693	NA	NA	85	28
ENSMUSG00000102721	NA	NA	57	17
ENSMUSG00000102723	NA	NA	30	45
ENSMUSG00000102729	NA	NA	29	12
ENSMUSG00000102737	NA	NA	51	16
ENSMUSG00000102749	NA	NA	54	33
ENSMUSG00000102752	NA	NA	35	29
ENSMUSG00000102758	NA	NA	47	18
ENSMUSG00000102774	59	3	NA	NA
ENSMUSG00000102786	NA	NA	15	28
ENSMUSG00000102801	NA	NA	31	2
ENSMUSG00000102808	NA	NA	45	13
ENSMUSG00000102813	NA	NA	84	32
ENSMUSG00000102840	NA	NA	26	87
ENSMUSG00000102861	NA	NA	1	60
ENSMUSG00000102869	58	85	NA	NA
ENSMUSG00000102880	NA	NA	58	64
ENSMUSG00000102887	NA	NA	8	89
ENSMUSG00000102895	NA	NA	56	22
ENSMUSG00000102902	NA	NA	37	31
ENSMUSG00000102909	NA	NA	8	58
ENSMUSG00000102930	NA	NA	77	66
ENSMUSG00000102937	NA	NA	43	74
ENSMUSG00000102950	NA	NA	9	7
ENSMUSG00000102959	NA	NA	81	67
ENSMUSG00000102964	NA	NA	11	32
ENSMUSG00000102971	NA	NA	12	12
ENSMUSG00000102973	NA	NA	63	20
ENSMUSG00000102985	NA	NA	91	84
ENSMUSG00000102997	NA	NA	78	51
ENSMUSG00000103001	NA	NA	81	56
ENSMUSG00000103006	NA	NA	74	93
ENSMUSG00000103038	NA	NA	77	28
ENSMUSG00000103041	NA	NA	5	48
ENSMUSG00000103075	7	16	NA	NA
ENSMUSG00000103079	NA	NA	26	49
ENSMUSG00000103082	NA	NA	17	86
ENSMUSG00000103108	NA	NA	77	50
ENSMUSG00000103136	NA	NA	56	13
ENSMUSG00000103149	NA	NA	46	11
ENSMUSG00000103164	NA	NA	53	58
ENSMUSG00000103178	NA	NA	63	18
ENSMUSG00000103192	NA	NA	54	36
ENSMUSG00000103200	NA	NA	46	12
ENSMUSG00000103243	28	9	NA	NA
ENSMUSG00000103255	70	29	NA	NA
ENSMUSG00000103259	NA	NA	34	89
ENSMUSG00000103284	NA	NA	68	42
ENSMUSG00000103287	NA	NA	21	27
ENSMUSG00000103291	NA	NA	28	60
ENSMUSG00000103303	NA	NA	63	36
ENSMUSG00000103309	NA	NA	38	77
ENSMUSG00000103317	NA	NA	30	13
ENSMUSG00000103321	NA	NA	31	24
ENSMUSG00000103331	NA	NA	13	67
ENSMUSG00000103334	NA	NA	39	61
ENSMUSG00000103366	NA	NA	55	26
ENSMUSG00000103373	NA	NA	60	36
ENSMUSG00000103378	NA	NA	5	32
ENSMUSG00000103407	NA	NA	39	72
ENSMUSG00000103427	NA	NA	75	66
ENSMUSG00000103428	NA	NA	63	34
ENSMUSG00000103454	NA	NA	56	7
ENSMUSG00000103477	NA	NA	72	36
ENSMUSG00000103497	NA	NA	6	89
ENSMUSG00000103502	NA	NA	67	51
ENSMUSG00000103503	NA	NA	5	52
ENSMUSG00000103522	NA	NA	34	9
ENSMUSG00000103529	NA	NA	3	41
ENSMUSG00000103563	NA	NA	82	60
ENSMUSG00000103572	NA	NA	6	11
ENSMUSG00000103608	NA	NA	6	20
ENSMUSG00000103614	NA	NA	61	36
ENSMUSG00000103616	NA	NA	3	16
ENSMUSG00000103622	NA	NA	71	26
ENSMUSG00000103634	NA	NA	7	13
ENSMUSG00000103695	NA	NA	31	11
ENSMUSG00000103697	NA	NA	13	49
ENSMUSG00000103705	NA	NA	35	41
ENSMUSG00000103706	NA	NA	21	79
ENSMUSG00000103711	44	18	NA	NA
ENSMUSG00000103713	NA	NA	35	0
ENSMUSG00000103715	NA	NA	15	31
ENSMUSG00000103722	NA	NA	31	36
ENSMUSG00000103746	31	20	NA	NA
ENSMUSG00000103755	NA	NA	2	66
ENSMUSG00000103765	23	41	NA	NA
ENSMUSG00000103768	68	32	NA	NA
ENSMUSG00000103821	NA	NA	52	15
ENSMUSG00000103822	NA	NA	14	66
ENSMUSG00000103831	NA	NA	66	76
ENSMUSG00000103835	NA	NA	85	61
ENSMUSG00000103839	NA	NA	29	23
ENSMUSG00000103843	NA	NA	25	37
ENSMUSG00000103844	NA	NA	62	1
ENSMUSG00000103898	NA	NA	29	68
ENSMUSG00000103906	23	64	60	31
ENSMUSG00000103928	NA	NA	43	21
ENSMUSG00000103932	NA	NA	14	72
ENSMUSG00000103935	NA	NA	22	46
ENSMUSG00000103965	NA	NA	52	80
ENSMUSG00000103983	NA	NA	7	59
ENSMUSG00000103995	NA	NA	8	69
ENSMUSG00000104004	NA	NA	84	87
ENSMUSG00000104018	NA	NA	76	63
ENSMUSG00000104027	NA	NA	1	32
ENSMUSG00000104030	NA	NA	11	59
ENSMUSG00000104034	NA	NA	53	25
ENSMUSG00000104044	NA	NA	70	60
ENSMUSG00000104069	NA	NA	23	71
ENSMUSG00000104086	NA	NA	53	55
ENSMUSG00000104107	NA	NA	72	53
ENSMUSG00000104114	NA	NA	83	82
ENSMUSG00000104116	NA	NA	24	27
ENSMUSG00000104156	NA	NA	86	44
ENSMUSG00000104158	NA	NA	57	42
ENSMUSG00000104167	NA	NA	28	6
ENSMUSG00000104186	NA	NA	90	81
ENSMUSG00000104212	NA	NA	10	53
ENSMUSG00000104213	26	20	NA	NA
ENSMUSG00000104220	NA	NA	16	19
ENSMUSG00000104234	NA	NA	34	62
ENSMUSG00000104236	NA	NA	34	77
ENSMUSG00000104244	NA	NA	1	24
ENSMUSG00000104262	NA	NA	77	39
ENSMUSG00000104266	NA	NA	46	8
ENSMUSG00000104271	NA	NA	83	71
ENSMUSG00000104273	NA	NA	0	66
ENSMUSG00000104277	NA	NA	48	35
ENSMUSG00000104291	NA	NA	26	32
ENSMUSG00000104342	NA	NA	49	9
ENSMUSG00000104343	NA	NA	49	34
ENSMUSG00000104365	NA	NA	4	81
ENSMUSG00000104366	NA	NA	86	33
ENSMUSG00000104380	NA	NA	14	41
ENSMUSG00000104394	NA	NA	24	8
ENSMUSG00000104415	NA	NA	56	47
ENSMUSG00000104423	52	13	NA	NA
ENSMUSG00000104436	NA	NA	47	35
ENSMUSG00000104443	NA	NA	54	66
ENSMUSG00000104465	31	41	NA	NA
ENSMUSG00000104484	NA	NA	40	63
ENSMUSG00000104507	NA	NA	60	51
ENSMUSG00000104518	10	32	NA	NA
ENSMUSG00000104520	NA	NA	31	76
ENSMUSG00000104526	NA	NA	47	71
ENSMUSG00000104529	NA	NA	49	28
ENSMUSG00000104559	72	35	NA	NA
ENSMUSG00000104571	NA	NA	12	28
ENSMUSG00000104579	NA	NA	39	31
ENSMUSG00000104585	NA	NA	16	29
ENSMUSG00000104586	NA	NA	2	16
ENSMUSG00000104597	NA	NA	22	30
ENSMUSG00000104614	NA	NA	27	37
ENSMUSG00000104638	NA	NA	73	37
ENSMUSG00000104663	57	56	NA	NA
ENSMUSG00000104667	NA	NA	9	37
ENSMUSG00000104682	NA	NA	60	30
ENSMUSG00000104693	NA	NA	74	66
ENSMUSG00000104703	NA	NA	4	88
ENSMUSG00000104704	NA	NA	90	42
ENSMUSG00000104705	NA	NA	28	7
ENSMUSG00000104719	NA	NA	85	66
ENSMUSG00000104724	NA	NA	68	42
ENSMUSG00000104727	NA	NA	75	64
ENSMUSG00000104735	NA	NA	34	65
ENSMUSG00000104781	NA	NA	43	13
ENSMUSG00000104795	NA	NA	76	81
ENSMUSG00000104814	NA	NA	39	13
ENSMUSG00000104833	NA	NA	63	42
ENSMUSG00000104835	NA	NA	14	60
ENSMUSG00000104852	NA	NA	37	27
ENSMUSG00000104861	NA	NA	58	54
ENSMUSG00000104868	NA	NA	57	5
ENSMUSG00000104876	1	58	39	7
ENSMUSG00000104888	NA	NA	90	25
ENSMUSG00000104891	NA	NA	41	19
ENSMUSG00000104904	NA	NA	65	77
ENSMUSG00000104912	NA	NA	17	63
ENSMUSG00000104917	NA	NA	3	74
ENSMUSG00000104936	NA	NA	15	18
ENSMUSG00000104943	NA	NA	87	87
ENSMUSG00000104950	NA	NA	19	8
ENSMUSG00000104951	NA	NA	90	40
ENSMUSG00000104956	NA	NA	21	70
ENSMUSG00000104963	NA	NA	43	65
ENSMUSG00000104964	NA	NA	37	68
ENSMUSG00000104969	NA	NA	14	53
ENSMUSG00000104971	NA	NA	16	25
ENSMUSG00000104986	NA	NA	59	80
ENSMUSG00000104999	NA	NA	24	7
ENSMUSG00000105006	NA	NA	9	64
ENSMUSG00000105019	NA	NA	66	48
ENSMUSG00000105059	NA	NA	25	45
ENSMUSG00000105071	NA	NA	79	30
ENSMUSG00000105137	NA	NA	54	2
ENSMUSG00000105160	NA	NA	70	33
ENSMUSG00000105184	NA	NA	50	73
ENSMUSG00000105185	NA	NA	33	40
ENSMUSG00000105196	23	27	NA	NA
ENSMUSG00000105203	NA	NA	26	33
ENSMUSG00000105226	NA	NA	68	73
ENSMUSG00000105229	NA	NA	64	65
ENSMUSG00000105265	NA	NA	65	76
ENSMUSG00000105274	NA	NA	32	31
ENSMUSG00000105290	NA	NA	41	35
ENSMUSG00000105300	NA	NA	38	11
ENSMUSG00000105326	NA	NA	64	68
ENSMUSG00000105345	NA	NA	34	69
ENSMUSG00000105350	NA	NA	83	37
ENSMUSG00000105368	NA	NA	69	39
ENSMUSG00000105402	73	80	NA	NA
ENSMUSG00000105447	NA	NA	36	32
ENSMUSG00000105449	NA	NA	54	56
ENSMUSG00000105457	NA	NA	28	54
ENSMUSG00000105459	NA	NA	25	96
ENSMUSG00000105469	NA	NA	65	11
ENSMUSG00000105481	NA	NA	55	60
ENSMUSG00000105490	NA	NA	36	21
ENSMUSG00000105501	NA	NA	41	64
ENSMUSG00000105502	NA	NA	66	9
ENSMUSG00000105509	NA	NA	59	38
ENSMUSG00000105527	NA	NA	17	40
ENSMUSG00000105545	NA	NA	74	64
ENSMUSG00000105565	NA	NA	84	83
ENSMUSG00000105572	NA	NA	38	84
ENSMUSG00000105586	NA	NA	46	27
ENSMUSG00000105589	30	23	NA	NA
ENSMUSG00000105594	NA	NA	70	68
ENSMUSG00000105597	NA	NA	92	22
ENSMUSG00000105607	NA	NA	28	16
ENSMUSG00000105619	NA	NA	4	17
ENSMUSG00000105638	NA	NA	15	23
ENSMUSG00000105652	NA	NA	47	19
ENSMUSG00000105655	NA	NA	4	42
ENSMUSG00000105692	NA	NA	34	87
ENSMUSG00000105695	NA	NA	81	32
ENSMUSG00000105698	NA	NA	10	1
ENSMUSG00000105707	NA	NA	15	55
ENSMUSG00000105720	NA	NA	89	22
ENSMUSG00000105729	NA	NA	12	16
ENSMUSG00000105735	NA	NA	37	58
ENSMUSG00000105741	NA	NA	45	84
ENSMUSG00000105771	NA	NA	6	2
ENSMUSG00000105834	NA	NA	57	15
ENSMUSG00000105838	NA	NA	75	67
ENSMUSG00000105843	NA	NA	55	19
ENSMUSG00000105851	NA	NA	63	22
ENSMUSG00000105867	NA	NA	74	33
ENSMUSG00000105881	NA	NA	13	65
ENSMUSG00000105890	NA	NA	62	3
ENSMUSG00000105891	NA	NA	7	42
ENSMUSG00000105896	NA	NA	15	74
ENSMUSG00000105906	68	23	NA	NA
ENSMUSG00000105929	NA	NA	17	33
ENSMUSG00000105935	NA	NA	32	69
ENSMUSG00000105945	NA	NA	9	39
ENSMUSG00000105957	NA	NA	57	57
ENSMUSG00000105959	NA	NA	9	21
ENSMUSG00000105962	NA	NA	36	79
ENSMUSG00000105981	NA	NA	13	30
ENSMUSG00000105987	NA	NA	25	1
ENSMUSG00000106002	NA	NA	51	80
ENSMUSG00000106019	NA	NA	55	61
ENSMUSG00000106035	NA	NA	31	85
ENSMUSG00000106086	7	17	NA	NA
ENSMUSG00000106087	NA	NA	55	16
ENSMUSG00000106092	NA	NA	58	68
ENSMUSG00000106115	NA	NA	22	11
ENSMUSG00000106120	NA	NA	18	26
ENSMUSG00000106130	NA	NA	40	51
ENSMUSG00000106150	NA	NA	73	39
ENSMUSG00000106164	NA	NA	1	27
ENSMUSG00000106202	NA	NA	41	86
ENSMUSG00000106205	NA	NA	92	52
ENSMUSG00000106219	NA	NA	39	53
ENSMUSG00000106230	NA	NA	48	36
ENSMUSG00000106255	NA	NA	4	43
ENSMUSG00000106270	NA	NA	60	13
ENSMUSG00000106296	NA	NA	78	52
ENSMUSG00000106304	NA	NA	39	38
ENSMUSG00000106306	NA	NA	33	44
ENSMUSG00000106321	NA	NA	47	46
ENSMUSG00000106333	NA	NA	17	92
ENSMUSG00000106371	NA	NA	38	23
ENSMUSG00000106379	NA	NA	40	53
ENSMUSG00000106438	NA	NA	21	35
ENSMUSG00000106450	NA	NA	75	41
ENSMUSG00000106475	NA	NA	17	37
ENSMUSG00000106485	NA	NA	26	18
ENSMUSG00000106508	NA	NA	72	13
ENSMUSG00000106547	NA	NA	17	30
ENSMUSG00000106553	NA	NA	89	44
ENSMUSG00000106557	NA	NA	55	25
ENSMUSG00000106572	NA	NA	21	22
ENSMUSG00000106583	NA	NA	40	22
ENSMUSG00000106594	NA	NA	15	88
ENSMUSG00000106621	NA	NA	62	10
ENSMUSG00000106622	41	5	NA	NA
ENSMUSG00000106662	NA	NA	64	69
ENSMUSG00000106665	NA	NA	83	32
ENSMUSG00000106668	38	8	NA	NA
ENSMUSG00000106683	NA	NA	2	70
ENSMUSG00000106688	9	24	NA	NA
ENSMUSG00000106691	NA	NA	27	33
ENSMUSG00000106718	NA	NA	11	38
ENSMUSG00000106734	63	90	NA	NA
ENSMUSG00000106746	NA	NA	19	73
ENSMUSG00000106749	NA	NA	22	4
ENSMUSG00000106751	NA	NA	31	30
ENSMUSG00000106757	NA	NA	57	82
ENSMUSG00000106762	NA	NA	46	41
ENSMUSG00000106766	NA	NA	18	57
ENSMUSG00000106791	NA	NA	41	83
ENSMUSG00000106851	NA	NA	3	2
ENSMUSG00000106860	NA	NA	44	6
ENSMUSG00000106864	30	42	15	31
ENSMUSG00000106865	NA	NA	9	25
ENSMUSG00000106866	NA	NA	68	21
ENSMUSG00000106870	NA	NA	32	27
ENSMUSG00000106887	NA	NA	94	32
ENSMUSG00000106902	NA	NA	38	81
ENSMUSG00000106918	18	92	NA	NA
ENSMUSG00000106944	NA	NA	12	17
ENSMUSG00000106950	NA	NA	37	27
ENSMUSG00000106951	NA	NA	80	18
ENSMUSG00000106981	NA	NA	49	59
ENSMUSG00000106990	NA	NA	17	49
ENSMUSG00000107002	76	45	NA	NA
ENSMUSG00000107005	NA	NA	84	77
ENSMUSG00000107008	NA	NA	61	54
ENSMUSG00000107009	NA	NA	44	72
ENSMUSG00000107019	NA	NA	20	20
ENSMUSG00000107042	NA	NA	38	64
ENSMUSG00000107043	66	70	NA	NA
ENSMUSG00000107049	NA	NA	42	8
ENSMUSG00000107081	NA	NA	74	12
ENSMUSG00000107086	NA	NA	26	35
ENSMUSG00000107121	79	42	NA	NA
ENSMUSG00000107134	NA	NA	66	44
ENSMUSG00000107142	NA	NA	17	25
ENSMUSG00000107144	NA	NA	31	39
ENSMUSG00000107155	NA	NA	17	58
ENSMUSG00000107164	NA	NA	46	46
ENSMUSG00000107172	NA	NA	28	41
ENSMUSG00000107182	NA	NA	22	42
ENSMUSG00000107198	NA	NA	49	9
ENSMUSG00000107214	NA	NA	78	57
ENSMUSG00000107217	NA	NA	91	34
ENSMUSG00000107232	NA	NA	1	3
ENSMUSG00000107256	NA	NA	64	9
ENSMUSG00000107271	NA	NA	24	35
ENSMUSG00000107277	NA	NA	50	54
ENSMUSG00000107278	NA	NA	78	27
ENSMUSG00000107283	58	98	NA	NA
ENSMUSG00000107284	NA	NA	12	94
ENSMUSG00000107286	NA	NA	53	41
ENSMUSG00000107295	35	13	NA	NA
ENSMUSG00000107305	NA	NA	45	62
ENSMUSG00000107317	NA	NA	37	23
ENSMUSG00000107318	NA	NA	4	35
ENSMUSG00000107353	NA	NA	45	14
ENSMUSG00000107355	NA	NA	5	44
ENSMUSG00000107370	NA	NA	31	1
ENSMUSG00000107375	NA	NA	82	94
ENSMUSG00000107385	NA	NA	75	12
ENSMUSG00000107387	NA	NA	33	8
ENSMUSG00000107397	NA	NA	82	0
ENSMUSG00000107402	NA	NA	41	90
ENSMUSG00000107412	NA	NA	28	7
ENSMUSG00000107414	NA	NA	65	37
ENSMUSG00000107434	NA	NA	33	51
ENSMUSG00000107446	NA	NA	4	61
ENSMUSG00000107451	NA	NA	5	23
ENSMUSG00000107468	NA	NA	89	72
ENSMUSG00000107476	NA	NA	83	87
ENSMUSG00000107479	NA	NA	42	59
ENSMUSG00000107481	NA	NA	7	37
ENSMUSG00000107496	NA	NA	28	21
ENSMUSG00000107526	NA	NA	57	0
ENSMUSG00000107553	NA	NA	74	20
ENSMUSG00000107567	NA	NA	17	72
ENSMUSG00000107585	NA	NA	91	52
ENSMUSG00000107598	NA	NA	5	22
ENSMUSG00000107614	NA	NA	24	37
ENSMUSG00000107655	NA	NA	35	7
ENSMUSG00000107666	NA	NA	17	41
ENSMUSG00000107667	NA	NA	70	10
ENSMUSG00000107689	NA	NA	77	1
ENSMUSG00000107726	NA	NA	8	6
ENSMUSG00000107728	NA	NA	65	67
ENSMUSG00000107729	NA	NA	11	64
ENSMUSG00000107737	NA	NA	14	65
ENSMUSG00000107741	NA	NA	7	17
ENSMUSG00000107742	NA	NA	30	38
ENSMUSG00000107793	NA	NA	75	74
ENSMUSG00000107823	NA	NA	33	62
ENSMUSG00000107830	NA	NA	1	37
ENSMUSG00000107838	NA	NA	49	0
ENSMUSG00000107868	NA	NA	35	42
ENSMUSG00000107874	61	47	NA	NA
ENSMUSG00000107875	NA	NA	14	15
ENSMUSG00000107879	NA	NA	54	57
ENSMUSG00000107881	NA	NA	56	45
ENSMUSG00000107893	NA	NA	69	29
ENSMUSG00000107937	NA	NA	1	33
ENSMUSG00000107948	45	8	NA	NA
ENSMUSG00000107970	NA	NA	27	15
ENSMUSG00000107997	NA	NA	88	77
ENSMUSG00000108035	NA	NA	37	36
ENSMUSG00000108043	34	65	NA	NA
ENSMUSG00000108049	NA	NA	28	46
ENSMUSG00000108052	16	31	NA	NA
ENSMUSG00000108072	5	79	NA	NA
ENSMUSG00000108077	NA	NA	17	40
ENSMUSG00000108108	NA	NA	49	10
ENSMUSG00000108113	NA	NA	15	89
ENSMUSG00000108122	NA	NA	48	41
ENSMUSG00000108124	2	6	NA	NA
ENSMUSG00000108128	NA	NA	82	51
ENSMUSG00000108132	NA	NA	92	13
ENSMUSG00000108137	NA	NA	35	63
ENSMUSG00000108147	NA	NA	15	6
ENSMUSG00000108175	NA	NA	9	8
ENSMUSG00000108181	NA	NA	16	17
ENSMUSG00000108187	NA	NA	1	78
ENSMUSG00000108194	NA	NA	72	77
ENSMUSG00000108195	NA	NA	71	23
ENSMUSG00000108207	NA	NA	59	47
ENSMUSG00000108227	NA	NA	65	59
ENSMUSG00000108232	NA	NA	52	58
ENSMUSG00000108236	NA	NA	57	61
ENSMUSG00000108238	NA	NA	0	63
ENSMUSG00000108239	NA	NA	89	33
ENSMUSG00000108242	NA	NA	32	65
ENSMUSG00000108255	25	27	NA	NA
ENSMUSG00000108345	NA	NA	91	15
ENSMUSG00000108348	NA	NA	31	73
ENSMUSG00000108354	NA	NA	53	41
ENSMUSG00000108358	NA	NA	76	11
ENSMUSG00000108379	NA	NA	72	54
ENSMUSG00000108382	NA	NA	58	89
ENSMUSG00000108391	26	31	72	85
ENSMUSG00000108393	NA	NA	80	13
ENSMUSG00000108402	NA	NA	4	87
ENSMUSG00000108414	64	92	NA	NA
ENSMUSG00000108452	NA	NA	44	89
ENSMUSG00000108456	NA	NA	31	60
ENSMUSG00000108477	NA	NA	20	41
ENSMUSG00000108481	NA	NA	78	11
ENSMUSG00000108494	NA	NA	65	60
ENSMUSG00000108519	NA	NA	17	55
ENSMUSG00000108523	NA	NA	86	84
ENSMUSG00000108524	NA	NA	61	74
ENSMUSG00000108551	24	11	NA	NA
ENSMUSG00000108557	NA	NA	62	24
ENSMUSG00000108558	83	83	NA	NA
ENSMUSG00000108576	NA	NA	24	44
ENSMUSG00000108591	NA	NA	7	0
ENSMUSG00000108603	NA	NA	10	21
ENSMUSG00000108624	NA	NA	88	14
ENSMUSG00000108645	NA	NA	15	91
ENSMUSG00000108652	NA	NA	22	81
ENSMUSG00000108671	NA	NA	44	72
ENSMUSG00000108688	NA	NA	39	89
ENSMUSG00000108701	NA	NA	58	91
ENSMUSG00000108709	NA	NA	55	10
ENSMUSG00000108723	NA	NA	60	27
ENSMUSG00000108752	NA	NA	93	13
ENSMUSG00000108773	4	11	NA	NA
ENSMUSG00000108778	NA	NA	20	8
ENSMUSG00000108780	NA	NA	25	67
ENSMUSG00000108784	NA	NA	2	20
ENSMUSG00000108788	NA	NA	74	87
ENSMUSG00000108801	NA	NA	66	3
ENSMUSG00000108803	22	10	NA	NA
ENSMUSG00000108811	NA	NA	74	69
ENSMUSG00000108821	NA	NA	25	85
ENSMUSG00000108826	NA	NA	21	82
ENSMUSG00000108830	NA	NA	79	9
ENSMUSG00000108841	NA	NA	1	77
ENSMUSG00000108848	NA	NA	50	91
ENSMUSG00000108854	NA	NA	11	33
ENSMUSG00000108885	NA	NA	30	10
ENSMUSG00000108923	NA	NA	37	59
ENSMUSG00000108924	NA	NA	62	12
ENSMUSG00000108929	NA	NA	92	23
ENSMUSG00000108935	NA	NA	8	57
ENSMUSG00000108941	NA	NA	31	49
ENSMUSG00000108950	NA	NA	48	81
ENSMUSG00000108985	NA	NA	85	35
ENSMUSG00000109015	NA	NA	5	43
ENSMUSG00000109032	NA	NA	17	35
ENSMUSG00000109089	NA	NA	46	73
ENSMUSG00000109093	NA	NA	30	57
ENSMUSG00000109106	NA	NA	40	32
ENSMUSG00000109118	NA	NA	18	82
ENSMUSG00000109122	NA	NA	50	86
ENSMUSG00000109147	NA	NA	35	57
ENSMUSG00000109162	NA	NA	59	36
ENSMUSG00000109176	39	38	NA	NA
ENSMUSG00000109190	NA	NA	19	26
ENSMUSG00000109197	NA	NA	57	72
ENSMUSG00000109198	9	18	NA	NA
ENSMUSG00000109215	NA	NA	62	64
ENSMUSG00000109216	NA	NA	23	20
ENSMUSG00000109225	NA	NA	63	42
ENSMUSG00000109231	27	61	NA	NA
ENSMUSG00000109237	NA	NA	23	18
ENSMUSG00000109242	NA	NA	85	90
ENSMUSG00000109251	NA	NA	37	37
ENSMUSG00000109277	NA	NA	90	86
ENSMUSG00000109279	NA	NA	74	33
ENSMUSG00000109284	NA	NA	8	68
ENSMUSG00000109286	NA	NA	24	12
ENSMUSG00000109305	NA	NA	27	74
ENSMUSG00000109321	NA	NA	26	11
ENSMUSG00000109324	81	83	NA	NA
ENSMUSG00000109334	NA	NA	7	45
ENSMUSG00000109336	78	26	NA	NA
ENSMUSG00000109341	NA	NA	18	60
ENSMUSG00000109359	NA	NA	60	28
ENSMUSG00000109367	NA	NA	63	81
ENSMUSG00000109382	NA	NA	82	59
ENSMUSG00000109394	NA	NA	64	90
ENSMUSG00000109401	NA	NA	91	75
ENSMUSG00000109408	NA	NA	72	40
ENSMUSG00000109429	NA	NA	42	19
ENSMUSG00000109438	NA	NA	45	92
ENSMUSG00000109445	NA	NA	34	66
ENSMUSG00000109446	NA	NA	4	45
ENSMUSG00000109453	NA	NA	19	87
ENSMUSG00000109481	NA	NA	34	76
ENSMUSG00000109511	83	95	48	96
ENSMUSG00000109536	NA	NA	2	64
ENSMUSG00000109551	NA	NA	49	64
ENSMUSG00000109561	NA	NA	22	69
ENSMUSG00000109564	NA	NA	22	21
ENSMUSG00000109568	NA	NA	73	10
ENSMUSG00000109582	NA	NA	8	51
ENSMUSG00000109625	NA	NA	14	32
ENSMUSG00000109644	61	42	NA	NA
ENSMUSG00000109708	NA	NA	32	83
ENSMUSG00000109715	NA	NA	89	61
ENSMUSG00000109718	NA	NA	56	44
ENSMUSG00000109745	NA	NA	84	28
ENSMUSG00000109764	NA	NA	72	56
ENSMUSG00000109808	NA	NA	27	44
ENSMUSG00000109814	NA	NA	33	33
ENSMUSG00000109816	NA	NA	38	88
ENSMUSG00000109864	NA	NA	63	14
ENSMUSG00000109865	57	39	NA	NA
ENSMUSG00000109877	NA	NA	42	32
ENSMUSG00000109879	46	51	NA	NA
ENSMUSG00000109890	NA	NA	40	28
ENSMUSG00000109901	53	77	NA	NA
ENSMUSG00000109915	NA	NA	31	92
ENSMUSG00000109927	NA	NA	64	75
ENSMUSG00000109936	NA	NA	41	42
ENSMUSG00000109946	NA	NA	24	64
ENSMUSG00000109953	NA	NA	9	75
ENSMUSG00000109998	NA	NA	29	89
ENSMUSG00000110001	0	53	NA	NA
ENSMUSG00000110009	NA	NA	36	8
ENSMUSG00000110018	NA	NA	37	14
ENSMUSG00000110037	NA	NA	33	75
ENSMUSG00000110038	NA	NA	31	16
ENSMUSG00000110052	NA	NA	67	68
ENSMUSG00000110061	24	6	NA	NA
ENSMUSG00000110067	NA	NA	62	51
ENSMUSG00000110116	NA	NA	44	71
ENSMUSG00000110120	NA	NA	73	39
ENSMUSG00000110127	NA	NA	22	74
ENSMUSG00000110140	NA	NA	46	48
ENSMUSG00000110145	NA	NA	75	42
ENSMUSG00000110148	NA	NA	51	39
ENSMUSG00000110162	NA	NA	1	51
ENSMUSG00000110185	NA	NA	84	87
ENSMUSG00000110243	NA	NA	65	58
ENSMUSG00000110249	NA	NA	38	38
ENSMUSG00000110256	NA	NA	15	11
ENSMUSG00000110259	57	2	NA	NA
ENSMUSG00000110316	NA	NA	17	27
ENSMUSG00000110317	NA	NA	40	75
ENSMUSG00000110332	NA	NA	16	78
ENSMUSG00000110344	NA	NA	69	89
ENSMUSG00000110357	NA	NA	44	0
ENSMUSG00000110358	NA	NA	40	40
ENSMUSG00000110410	NA	NA	76	29
ENSMUSG00000110419	NA	NA	31	40
ENSMUSG00000110424	NA	NA	58	61
ENSMUSG00000110427	NA	NA	45	76
ENSMUSG00000110444	NA	NA	7	8
ENSMUSG00000110445	NA	NA	1	79
ENSMUSG00000110464	NA	NA	1	17
ENSMUSG00000110476	NA	NA	57	72
ENSMUSG00000110497	NA	NA	25	38
ENSMUSG00000110523	NA	NA	49	33
ENSMUSG00000110573	NA	NA	81	1
ENSMUSG00000110592	NA	NA	58	19
ENSMUSG00000110615	NA	NA	48	72
ENSMUSG00000110631	NA	NA	69	55
ENSMUSG00000110697	NA	NA	56	69
ENSMUSG00000110709	NA	NA	72	7
ENSMUSG00000110710	1	9	NA	NA
ENSMUSG00000110737	NA	NA	83	1
ENSMUSG00000110738	NA	NA	79	38
ENSMUSG00000110759	34	51	NA	NA
ENSMUSG00000110761	32	44	NA	NA
ENSMUSG00000110851	NA	NA	18	46
ENSMUSG00000110876	NA	NA	0	39
ENSMUSG00000110877	NA	NA	71	86
ENSMUSG00000110945	NA	NA	59	69
ENSMUSG00000110958	NA	NA	49	22
ENSMUSG00000110970	47	58	NA	NA
ENSMUSG00000110972	NA	NA	22	69
ENSMUSG00000110997	NA	NA	4	12
ENSMUSG00000111008	NA	NA	5	38
ENSMUSG00000111030	NA	NA	67	54
ENSMUSG00000111067	NA	NA	10	5
ENSMUSG00000111080	NA	NA	80	15
ENSMUSG00000111128	47	45	NA	NA
ENSMUSG00000111131	NA	NA	37	13
ENSMUSG00000111180	35	23	NA	NA
ENSMUSG00000111246	NA	NA	27	13
ENSMUSG00000111278	NA	NA	60	91
ENSMUSG00000111342	NA	NA	36	67
ENSMUSG00000111345	NA	NA	40	92
ENSMUSG00000111348	75	73	NA	NA
ENSMUSG00000111358	NA	NA	0	18
ENSMUSG00000111369	NA	NA	50	60
ENSMUSG00000111375	NA	NA	54	19
ENSMUSG00000111390	NA	NA	10	10
ENSMUSG00000111422	NA	NA	33	26
ENSMUSG00000111444	NA	NA	61	54
ENSMUSG00000111468	NA	NA	40	63
ENSMUSG00000111474	NA	NA	5	34
ENSMUSG00000111481	NA	NA	55	14
ENSMUSG00000111487	NA	NA	13	15
ENSMUSG00000111531	NA	NA	89	28
ENSMUSG00000111547	NA	NA	85	62
ENSMUSG00000111605	NA	NA	60	64
ENSMUSG00000111611	30	16	NA	NA
ENSMUSG00000111629	NA	NA	53	6
ENSMUSG00000111639	NA	NA	79	74
ENSMUSG00000111690	NA	NA	15	81
ENSMUSG00000111729	NA	NA	47	5
ENSMUSG00000111746	NA	NA	11	43
ENSMUSG00000111761	NA	NA	64	26
ENSMUSG00000111807	NA	NA	35	25
ENSMUSG00000111836	NA	NA	42	40
ENSMUSG00000111856	NA	NA	39	64
ENSMUSG00000111866	NA	NA	46	25
ENSMUSG00000111901	NA	NA	70	24
ENSMUSG00000111903	NA	NA	50	7
ENSMUSG00000111905	NA	NA	25	63
ENSMUSG00000111924	NA	NA	55	57
ENSMUSG00000111938	NA	NA	17	73
ENSMUSG00000111977	NA	NA	67	92
ENSMUSG00000111990	NA	NA	85	28
ENSMUSG00000111994	NA	NA	6	26
ENSMUSG00000112041	NA	NA	24	68
ENSMUSG00000112067	NA	NA	75	15
ENSMUSG00000112071	NA	NA	70	90
ENSMUSG00000112096	NA	NA	6	53
ENSMUSG00000112103	NA	NA	63	45
ENSMUSG00000112117	NA	NA	36	53
ENSMUSG00000112121	NA	NA	79	24
ENSMUSG00000112129	48	71	NA	NA
ENSMUSG00000112141	NA	NA	19	76
ENSMUSG00000112157	NA	NA	28	31
ENSMUSG00000112164	NA	NA	37	87
ENSMUSG00000112201	NA	NA	50	82
ENSMUSG00000112213	NA	NA	57	48
ENSMUSG00000112222	10	40	NA	NA
ENSMUSG00000112243	NA	NA	39	84
ENSMUSG00000112248	NA	NA	24	68
ENSMUSG00000112275	NA	NA	6	5
ENSMUSG00000112280	NA	NA	26	15
ENSMUSG00000112287	NA	NA	0	42
ENSMUSG00000112289	NA	NA	9	24
ENSMUSG00000112294	NA	NA	23	46
ENSMUSG00000112302	NA	NA	93	58
ENSMUSG00000112332	NA	NA	19	3
ENSMUSG00000112347	NA	NA	80	91
ENSMUSG00000112364	NA	NA	16	75
ENSMUSG00000112366	NA	NA	19	83
ENSMUSG00000112388	NA	NA	3	70
ENSMUSG00000112398	NA	NA	19	3
ENSMUSG00000112406	NA	NA	51	87
ENSMUSG00000112417	NA	NA	80	3
ENSMUSG00000112421	NA	NA	19	55
ENSMUSG00000112478	57	54	NA	NA
ENSMUSG00000112482	NA	NA	4	29
ENSMUSG00000112484	NA	NA	44	8
ENSMUSG00000112494	NA	NA	55	84
ENSMUSG00000112500	NA	NA	85	77
ENSMUSG00000112513	NA	NA	10	33
ENSMUSG00000112623	NA	NA	38	83
ENSMUSG00000112627	NA	NA	31	73
ENSMUSG00000112654	NA	NA	43	68
ENSMUSG00000112709	NA	NA	58	30
ENSMUSG00000112716	NA	NA	4	62
ENSMUSG00000112734	NA	NA	63	13
ENSMUSG00000112762	NA	NA	15	72
ENSMUSG00000112765	NA	NA	33	27
ENSMUSG00000112785	NA	NA	82	16
ENSMUSG00000112822	NA	NA	7	49
ENSMUSG00000112828	NA	NA	69	19
ENSMUSG00000112832	NA	NA	39	32
ENSMUSG00000112846	NA	NA	3	13
ENSMUSG00000112854	NA	NA	57	51
ENSMUSG00000112873	NA	NA	20	74
ENSMUSG00000112907	83	89	NA	NA
ENSMUSG00000112913	NA	NA	7	22
ENSMUSG00000112922	NA	NA	3	94
ENSMUSG00000112924	NA	NA	22	27
ENSMUSG00000112940	NA	NA	5	0
ENSMUSG00000112980	NA	NA	59	97
ENSMUSG00000113009	NA	NA	61	45
ENSMUSG00000113029	NA	NA	44	10
ENSMUSG00000113035	NA	NA	62	13
ENSMUSG00000113052	NA	NA	84	69
ENSMUSG00000113056	NA	NA	35	78
ENSMUSG00000113087	NA	NA	19	45
ENSMUSG00000113106	NA	NA	5	67
ENSMUSG00000113121	NA	NA	51	35
ENSMUSG00000113128	NA	NA	24	65
ENSMUSG00000113170	NA	NA	57	80
ENSMUSG00000113184	NA	NA	57	37
ENSMUSG00000113204	NA	NA	73	42
ENSMUSG00000113210	NA	NA	30	3
ENSMUSG00000113211	NA	NA	89	80
ENSMUSG00000113218	NA	NA	13	73
ENSMUSG00000113227	NA	NA	51	40
ENSMUSG00000113275	8	13	NA	NA
ENSMUSG00000113302	NA	NA	11	94
ENSMUSG00000113303	NA	NA	61	79
ENSMUSG00000113326	NA	NA	31	19
ENSMUSG00000113331	NA	NA	28	23
ENSMUSG00000113334	NA	NA	43	6
ENSMUSG00000113346	NA	NA	23	78
ENSMUSG00000113361	NA	NA	75	6
ENSMUSG00000113425	NA	NA	7	41
ENSMUSG00000113427	NA	NA	94	95
ENSMUSG00000113432	NA	NA	19	18
ENSMUSG00000113434	NA	NA	27	62
ENSMUSG00000113440	NA	NA	32	24
ENSMUSG00000113441	NA	NA	56	33
ENSMUSG00000113449	NA	NA	62	34
ENSMUSG00000113470	NA	NA	20	18
ENSMUSG00000113527	NA	NA	37	61
ENSMUSG00000113535	NA	NA	8	6
ENSMUSG00000113540	NA	NA	14	41
ENSMUSG00000113544	NA	NA	88	62
ENSMUSG00000113575	NA	NA	88	7
ENSMUSG00000113581	NA	NA	53	32
ENSMUSG00000113585	NA	NA	26	7
ENSMUSG00000113589	NA	NA	47	48
ENSMUSG00000113605	NA	NA	47	9
ENSMUSG00000113621	NA	NA	83	41
ENSMUSG00000113623	NA	NA	37	47
ENSMUSG00000113647	NA	NA	57	45
ENSMUSG00000113652	NA	NA	82	88
ENSMUSG00000113669	NA	NA	20	55
ENSMUSG00000113695	NA	NA	54	70
ENSMUSG00000113696	NA	NA	89	44
ENSMUSG00000113701	NA	NA	32	18
ENSMUSG00000113722	NA	NA	49	5
ENSMUSG00000113761	NA	NA	26	0
ENSMUSG00000113769	NA	NA	42	20
ENSMUSG00000113771	NA	NA	6	62
ENSMUSG00000113791	NA	NA	91	16
ENSMUSG00000113800	NA	NA	46	79
ENSMUSG00000113802	NA	NA	74	17
ENSMUSG00000113880	7	55	NA	NA
ENSMUSG00000113902	15	44	NA	NA
ENSMUSG00000113925	NA	NA	57	12
ENSMUSG00000113927	NA	NA	23	65
ENSMUSG00000113960	NA	NA	17	91
ENSMUSG00000113965	NA	NA	54	8
ENSMUSG00000113973	NA	NA	83	72
ENSMUSG00000113974	NA	NA	32	28
ENSMUSG00000113985	NA	NA	45	23
ENSMUSG00000114010	NA	NA	46	66
ENSMUSG00000114019	NA	NA	68	55
ENSMUSG00000114028	NA	NA	69	2
ENSMUSG00000114045	NA	NA	26	83
ENSMUSG00000114048	NA	NA	53	87
ENSMUSG00000114069	NA	NA	22	61
ENSMUSG00000114104	NA	NA	51	32
ENSMUSG00000114136	NA	NA	22	67
ENSMUSG00000114143	NA	NA	52	7
ENSMUSG00000114190	NA	NA	75	35
ENSMUSG00000114210	NA	NA	11	66
ENSMUSG00000114256	NA	NA	34	24
ENSMUSG00000114282	NA	NA	75	14
ENSMUSG00000114284	NA	NA	45	78
ENSMUSG00000114290	NA	NA	56	70
ENSMUSG00000114302	33	64	NA	NA
ENSMUSG00000114303	NA	NA	3	43
ENSMUSG00000114306	NA	NA	16	9
ENSMUSG00000114307	NA	NA	19	41
ENSMUSG00000114337	NA	NA	6	58
ENSMUSG00000114342	NA	NA	10	48
ENSMUSG00000114352	NA	NA	47	2
ENSMUSG00000114362	NA	NA	25	33
ENSMUSG00000114372	NA	NA	53	42
ENSMUSG00000114382	NA	NA	49	65
ENSMUSG00000114384	NA	NA	10	0
ENSMUSG00000114388	NA	NA	2	11
ENSMUSG00000114401	15	1	NA	NA
ENSMUSG00000114511	NA	NA	55	81
ENSMUSG00000114518	NA	NA	51	22
ENSMUSG00000114598	NA	NA	40	34
ENSMUSG00000114605	NA	NA	17	85
ENSMUSG00000114621	NA	NA	67	38
ENSMUSG00000114622	11	5	NA	NA
ENSMUSG00000114655	NA	NA	7	6
ENSMUSG00000114656	NA	NA	50	78
ENSMUSG00000114680	NA	NA	27	37
ENSMUSG00000114693	NA	NA	32	8
ENSMUSG00000114710	NA	NA	44	59
ENSMUSG00000114746	NA	NA	11	92
ENSMUSG00000114751	NA	NA	83	89
ENSMUSG00000114755	0	12	NA	NA
ENSMUSG00000114771	NA	NA	16	76
ENSMUSG00000114787	NA	NA	50	15
ENSMUSG00000114790	NA	NA	72	80
ENSMUSG00000114797	2	40	49	48
ENSMUSG00000114837	NA	NA	13	83
ENSMUSG00000114882	NA	NA	64	88
ENSMUSG00000114892	NA	NA	89	25
ENSMUSG00000114907	NA	NA	66	1
ENSMUSG00000114922	NA	NA	5	59
ENSMUSG00000114980	NA	NA	0	84
ENSMUSG00000114982	15	35	NA	NA
ENSMUSG00000114985	NA	NA	11	81
ENSMUSG00000115001	NA	NA	89	48
ENSMUSG00000115007	NA	NA	45	23
ENSMUSG00000115008	NA	NA	5	62
ENSMUSG00000115044	NA	NA	61	32
ENSMUSG00000115062	NA	NA	84	40
ENSMUSG00000115095	NA	NA	39	75
ENSMUSG00000115109	NA	NA	79	90
ENSMUSG00000115118	NA	NA	33	22
ENSMUSG00000115124	NA	NA	35	22
ENSMUSG00000115139	NA	NA	42	14
ENSMUSG00000115161	NA	NA	46	60
ENSMUSG00000115177	NA	NA	33	54
ENSMUSG00000115199	23	12	NA	NA
ENSMUSG00000115219	24	80	NA	NA
ENSMUSG00000115222	NA	NA	87	16
ENSMUSG00000115231	NA	NA	58	11
ENSMUSG00000115236	5	1	NA	NA
ENSMUSG00000115252	2	94	NA	NA
ENSMUSG00000115263	NA	NA	23	50
ENSMUSG00000115270	NA	NA	3	65
ENSMUSG00000115271	NA	NA	38	46
ENSMUSG00000115275	NA	NA	27	52
ENSMUSG00000115276	NA	NA	54	9
ENSMUSG00000115304	NA	NA	18	3
ENSMUSG00000115311	NA	NA	46	79
ENSMUSG00000115317	NA	NA	18	77
ENSMUSG00000115320	NA	NA	42	31
ENSMUSG00000115337	NA	NA	52	82
ENSMUSG00000115338	97	89	NA	NA
ENSMUSG00000115355	NA	NA	87	0
ENSMUSG00000115367	28	15	NA	NA
ENSMUSG00000115372	NA	NA	67	62
ENSMUSG00000115388	43	33	NA	NA
ENSMUSG00000115410	NA	NA	65	2
ENSMUSG00000115422	NA	NA	0	52
ENSMUSG00000115480	NA	NA	24	67
ENSMUSG00000115518	NA	NA	58	29
ENSMUSG00000115520	NA	NA	16	24
ENSMUSG00000115526	NA	NA	92	6
ENSMUSG00000115529	NA	NA	31	21
ENSMUSG00000115540	NA	NA	68	79
ENSMUSG00000115548	NA	NA	41	29
ENSMUSG00000115568	24	3	NA	NA
ENSMUSG00000115592	64	38	NA	NA
ENSMUSG00000115596	NA	NA	79	47
ENSMUSG00000115665	NA	NA	21	53
ENSMUSG00000115668	32	23	NA	NA
ENSMUSG00000115676	NA	NA	26	22
ENSMUSG00000115681	38	64	NA	NA
ENSMUSG00000115689	NA	NA	3	88
ENSMUSG00000115725	NA	NA	70	4
ENSMUSG00000115727	NA	NA	0	55
ENSMUSG00000115774	NA	NA	73	11
ENSMUSG00000115779	NA	NA	39	50
ENSMUSG00000115790	NA	NA	6	83
ENSMUSG00000115810	NA	NA	40	61
ENSMUSG00000115821	NA	NA	27	3
ENSMUSG00000115829	NA	NA	26	46
ENSMUSG00000115837	NA	NA	85	69
ENSMUSG00000115845	NA	NA	60	42
ENSMUSG00000115858	NA	NA	22	45
ENSMUSG00000115867	NA	NA	44	70
ENSMUSG00000115924	NA	NA	13	91
ENSMUSG00000115935	NA	NA	15	59
ENSMUSG00000115969	NA	NA	77	43
ENSMUSG00000115970	NA	NA	29	20
ENSMUSG00000115976	NA	NA	55	4
ENSMUSG00000115987	54	84	NA	NA
ENSMUSG00000115988	NA	NA	97	55
ENSMUSG00000116004	NA	NA	17	70
ENSMUSG00000116066	NA	NA	72	71
ENSMUSG00000116096	NA	NA	7	74
ENSMUSG00000116138	88	66	NA	NA
ENSMUSG00000116145	NA	NA	7	77
ENSMUSG00000116167	NA	NA	52	10
ENSMUSG00000116210	38	12	NA	NA
ENSMUSG00000116298	NA	NA	78	5
ENSMUSG00000116360	NA	NA	7	2
ENSMUSG00000116396	NA	NA	22	78
ENSMUSG00000116397	NA	NA	28	21
ENSMUSG00000116506	NA	NA	12	40
ENSMUSG00000116508	NA	NA	82	63
ENSMUSG00000116520	NA	NA	28	58
ENSMUSG00000116537	NA	NA	64	48
ENSMUSG00000116554	NA	NA	25	28
ENSMUSG00000116557	NA	NA	61	30
ENSMUSG00000116564	88	79	34	74
ENSMUSG00000116607	NA	NA	5	39
ENSMUSG00000116624	NA	NA	58	56
ENSMUSG00000116627	12	48	NA	NA
ENSMUSG00000116628	NA	NA	34	57
ENSMUSG00000116632	NA	NA	22	16
ENSMUSG00000116644	NA	NA	39	7
ENSMUSG00000116652	NA	NA	55	37
ENSMUSG00000116656	93	86	NA	NA
ENSMUSG00000116657	NA	NA	46	75
ENSMUSG00000116660	NA	NA	0	6
ENSMUSG00000116689	NA	NA	14	74
ENSMUSG00000116693	NA	NA	13	34
ENSMUSG00000116730	NA	NA	23	53
ENSMUSG00000116755	NA	NA	3	66
ENSMUSG00000116786	NA	NA	22	43
ENSMUSG00000116789	NA	NA	29	13
ENSMUSG00000116795	NA	NA	67	79
ENSMUSG00000116813	NA	NA	45	63
ENSMUSG00000116832	NA	NA	44	27
ENSMUSG00000116848	NA	NA	37	54
ENSMUSG00000116858	66	85	94	92
ENSMUSG00000116877	NA	NA	44	47
ENSMUSG00000116885	NA	NA	69	22
ENSMUSG00000116898	NA	NA	24	35
ENSMUSG00000116922	NA	NA	0	49
ENSMUSG00000116924	NA	NA	1	4
ENSMUSG00000116975	NA	NA	11	91
ENSMUSG00000116993	NA	NA	43	73
ENSMUSG00000117000	NA	NA	78	12
ENSMUSG00000117013	NA	NA	22	39
ENSMUSG00000117026	NA	NA	76	92
ENSMUSG00000117050	NA	NA	9	53
ENSMUSG00000117080	NA	NA	14	45
ENSMUSG00000117093	NA	NA	86	32
ENSMUSG00000117113	NA	NA	1	38
ENSMUSG00000117146	NA	NA	35	44
ENSMUSG00000117172	NA	NA	23	13
ENSMUSG00000117235	NA	NA	57	28
ENSMUSG00000117239	59	27	NA	NA
ENSMUSG00000117269	32	54	NA	NA
ENSMUSG00000117286	NA	NA	19	88
ENSMUSG00000117289	NA	NA	73	33
ENSMUSG00000117314	NA	NA	79	57
ENSMUSG00000117315	NA	NA	70	36
ENSMUSG00000117322	NA	NA	19	79
ENSMUSG00000117326	NA	NA	75	10
ENSMUSG00000117333	NA	NA	9	27
ENSMUSG00000117383	NA	NA	80	63
ENSMUSG00000117391	NA	NA	63	84
ENSMUSG00000117406	43	52	NA	NA
ENSMUSG00000117437	NA	NA	82	62
ENSMUSG00000117442	NA	NA	35	10
ENSMUSG00000117450	NA	NA	74	25
ENSMUSG00000117475	NA	NA	91	73
ENSMUSG00000117477	31	32	NA	NA
ENSMUSG00000117485	NA	NA	33	64
ENSMUSG00000117534	NA	NA	37	30
ENSMUSG00000117571	NA	NA	48	26
ENSMUSG00000117592	NA	NA	56	15
ENSMUSG00000117600	NA	NA	61	56
ENSMUSG00000117613	NA	NA	4	17
ENSMUSG00000117619	NA	NA	18	12
ENSMUSG00000117628	NA	NA	68	41
ENSMUSG00000117633	NA	NA	16	1
ENSMUSG00000117634	NA	NA	14	37
ENSMUSG00000117650	NA	NA	57	67
ENSMUSG00000117655	NA	NA	65	23
ENSMUSG00000117661	NA	NA	33	68
ENSMUSG00000117662	NA	NA	76	19
ENSMUSG00000117666	NA	NA	55	25
ENSMUSG00000117679	71	78	NA	NA
ENSMUSG00000117692	NA	NA	39	15
ENSMUSG00000117698	NA	NA	1	20
ENSMUSG00000117710	3	31	NA	NA
ENSMUSG00000117725	NA	NA	5	84
ENSMUSG00000117763	NA	NA	59	88
ENSMUSG00000117768	NA	NA	9	23
ENSMUSG00000117775	NA	NA	16	0
ENSMUSG00000117786	NA	NA	95	91
ENSMUSG00000117792	NA	NA	90	65
ENSMUSG00000117797	NA	NA	27	34
ENSMUSG00000117800	NA	NA	15	42
ENSMUSG00000117811	NA	NA	6	63
ENSMUSG00000117814	NA	NA	60	53
ENSMUSG00000117827	NA	NA	31	62
ENSMUSG00000117852	NA	NA	80	17
ENSMUSG00000117861	NA	NA	50	38
ENSMUSG00000117864	NA	NA	68	56
ENSMUSG00000117872	NA	NA	87	30
ENSMUSG00000117926	NA	NA	64	29
ENSMUSG00000117974	2	67	NA	NA
ENSMUSG00000117975	NA	NA	11	91
ENSMUSG00000118004	NA	NA	24	21
ENSMUSG00000118014	NA	NA	59	33
ENSMUSG00000118018	NA	NA	34	78
ENSMUSG00000118029	NA	NA	58	42
ENSMUSG00000118038	NA	NA	36	68
ENSMUSG00000118049	NA	NA	30	6
ENSMUSG00000118060	NA	NA	43	56
ENSMUSG00000118084	NA	NA	55	7
ENSMUSG00000118087	NA	NA	80	49
ENSMUSG00000118094	NA	NA	77	85
ENSMUSG00000118103	NA	NA	43	69
ENSMUSG00000118106	NA	NA	52	52
ENSMUSG00000118138	NA	NA	75	63
ENSMUSG00000118202	NA	NA	37	26
ENSMUSG00000118204	NA	NA	45	32
ENSMUSG00000118216	NA	NA	19	68
ENSMUSG00000118219	NA	NA	64	57
ENSMUSG00000118239	NA	NA	81	81
ENSMUSG00000118267	NA	NA	38	64
ENSMUSG00000118310	NA	NA	7	9
ENSMUSG00000118322	NA	NA	75	74
ENSMUSG00000118326	NA	NA	67	92
ENSMUSG00000118333	NA	NA	62	5
ENSMUSG00000118339	NA	NA	94	72
ENSMUSG00000118346	77	73	NA	NA
ENSMUSG00000118365	NA	NA	92	95
ENSMUSG00000118366	NA	NA	24	20
ENSMUSG00000118384	NA	NA	11	52
ENSMUSG00000118396	61	5	80	63
ENSMUSG00000118423	NA	NA	52	21
