Term	Accession	Genes (tot)	Stat (non-dir.) p	p adj (non-dir.)	Significant..in.gene.set.	Non.significant..in.gene.set.	Significant..not.in.gene.set.	Non.significant..not.in.gene.set.	effect.size
GO:0000002	mitochondrial genome maintenance	  5	0.901559628365078	1	1	4	1620	2746	0.539296730413325
GO:0000027	ribosomal large subunit assembly	  6	0.718815878456455	1	2	4	1619	2746	0.898827884022209
GO:0000045	autophagosome assembly	 19	0.765602332251481	1	6	13	1615	2737	0.851521153284198
GO:0000049	tRNA binding	 19	0.12239547328796	0.710114109470648	10	9	1611	2741	1.41920192214033
GO:0000062	fatty-acyl-CoA binding	  5	0.611006382880356	1	2	3	1619	2747	1.07859346082665
GO:0000070	mitotic sister chromatid segregation	 10	0.0359216204721896	0.448933792822859	7	3	1614	2747	1.88753855644664
GO:0000077	DNA damage checkpoint	  8	0.859928168361515	1	2	6	1619	2744	0.674120913016656
GO:0000079	regulation of cyclin-dependent protein serine/threonine kinase activity	 24	0.0274961452547844	0.448381840769795	14	10	1607	2740	1.57294879703886
GO:0000082	G1/S transition of mitotic cell cycle	 27	0.159992844893303	0.779794768721874	13	14	1608	2736	1.29830694358763
GO:0000086	G2/M transition of mitotic cell cycle	 15	0.149963608006343	0.741132558410753	8	7	1613	2743	1.43812461443553
GO:0000118	histone deacetylase complex	  8	0.621026637444471	1	3	5	1618	2745	1.01118136952498
GO:0000123	histone acetyltransferase complex	  6	1	1	0	6	1621	2744	0
GO:0000132	establishment of mitotic spindle orientation	 13	0.0188434771316733	0.363364088011944	9	4	1612	2746	1.86679637450766
GO:0000146	microfilament motor activity	  5	0.268307979032342	0.874292856505159	3	2	1618	2748	1.61789019123998
GO:0000149	SNARE binding	 18	0.52551977682233	1	7	11	1614	2739	1.04863253135924
GO:0000151	ubiquitin ligase complex	 38	0.998991540652284	1	6	32	1615	2718	0.425760576642099
GO:0000165	MAPK cascade	 25	0.980551739564816	1	5	20	1616	2730	0.539296730413325
GO:0000175	3	  8	1	1	0	8	1621	2742	0
GO:0000176	nuclear exosome (RNase complex)	  7	0.515348610516959	1	3	4	1618	2746	1.1556358508857
GO:0000178	exosome (RNase complex)	  6	0.718815878456455	1	2	4	1619	2746	0.898827884022209
GO:0000184	nuclear-transcribed mRNA catabolic process, nonsense-mediated decay	  7	0.800202785632254	1	2	5	1619	2745	0.770423900590465
GO:0000186	activation of MAPKK activity	  9	0.902857070547847	1	2	7	1619	2743	0.599218589348139
GO:0000187	activation of MAPK activity	 25	0.876654794643343	1	7	18	1614	2732	0.755015422578655
GO:0000188	inactivation of MAPK activity	  8	0.00517790438156171	0.215394602094389	7	1	1614	2749	2.3594231955583
GO:0000209	protein polyubiquitination	 41	0.887130036017709	1	12	29	1609	2721	0.789214727434134
GO:0000226	microtubule cytoskeleton organization	 34	0.509355973733075	1	13	21	1608	2729	1.03100845520194
GO:0000228	nuclear chromosome	 21	0.110942300666224	0.710114109470648	11	10	1610	2740	1.41244381774918
GO:0000242	pericentriolar material	  5	1	1	0	5	1621	2745	0
GO:0000278	mitotic cell cycle	 38	0.00705832400267427	0.221476302604128	22	16	1599	2734	1.56112211435436
GO:0000281	mitotic cytokinesis	 23	6.57917294741769e-05	0.0326901779775793	18	5	1603	2745	2.11029155379127
GO:0000287	magnesium ion binding	 74	0.0265529863862433	0.448381840769795	36	38	1585	2712	1.31180285776214
GO:0000288	nuclear-transcribed mRNA catabolic process, deadenylation-dependent decay	  5	1	1	0	5	1621	2745	0
GO:0000289	nuclear-transcribed mRNA poly(A) tail shortening	  5	1	1	0	5	1621	2745	0
GO:0000307	cyclin-dependent protein kinase holoenzyme complex	 13	0.000610714181668335	0.0672020489905041	11	2	1610	2748	2.28164001328715
GO:0000380	alternative mRNA splicing, via spliceosome	 13	0.979177197325238	1	2	11	1619	2739	0.414843638779481
GO:0000381	regulation of alternative mRNA splicing, via spliceosome	 29	0.953650662319631	1	7	22	1614	2728	0.650875364291944
GO:0000387	spliceosomal snRNP assembly	  6	0.938108378346802	1	1	5	1620	2745	0.449413942011104
GO:0000398	mRNA splicing, via spliceosome	 33	0.984401581084392	1	7	26	1614	2724	0.571981380741405
GO:0000400	four-way junction DNA binding	  9	0.709677010709356	1	3	6	1618	2744	0.898827884022208
GO:0000407	phagophore assembly site	  6	0.141228566336525	0.710114109470648	4	2	1617	2748	1.79765576804442
GO:0000413	protein peptidyl-prolyl isomerization	 12	0.47763441574499	1	5	7	1616	2743	1.12353485502776
GO:0000421	autophagosome membrane	  6	0.718815878456455	1	2	4	1619	2746	0.898827884022209
GO:0000422	autophagy of mitochondrion	 10	0.781377725261973	1	3	7	1618	2743	0.808945095619988
GO:0000462	maturation of SSU-rRNA from tricistronic rRNA transcript (SSU-rRNA, 5.8S rRNA, LSU-rRNA)	  7	0.800202785632254	1	2	5	1619	2745	0.770423900590465
GO:0000463	maturation of LSU-rRNA from tricistronic rRNA transcript (SSU-rRNA, 5.8S rRNA, LSU-rRNA)	  5	0.268307979032342	0.874292856505159	3	2	1618	2748	1.61789019123998
GO:0000502	proteasome complex	 22	0.882258260418902	1	6	16	1615	2734	0.735404632381807
GO:0000723	telomere maintenance	 14	0.824696881307542	1	4	10	1617	2740	0.770423900590465
GO:0000724	double-strand break repair via homologous recombination	 18	0.52551977682233	1	7	11	1614	2739	1.04863253135924
GO:0000727	double-strand break repair via break-induced replication	  7	0.000956905849120665	0.0760474342870617	7	0	1614	2750	2.69648365206663
GO:0000731	DNA synthesis involved in DNA repair	  7	0.235439100009758	0.874292856505159	4	3	1617	2747	1.54084780118093
GO:0000775	chromosome, centromeric region	 56	0.00025739469323602	0.0460253885842658	34	22	1587	2728	1.63715078875474
GO:0000776	kinetochore	 56	0.000680879867043517	0.0695713321289823	33	23	1588	2727	1.58899929496783
GO:0000777	condensed chromosome kinetochore	 42	8.91444352912049e-05	0.0326901779775793	28	14	1593	2736	1.79765576804442
GO:0000778	condensed nuclear chromosome kinetochore	  8	0.339218565637772	0.969924578864316	4	4	1617	2746	1.34824182603331
GO:0000780	condensed nuclear chromosome, centromeric region	  7	0.235439100009758	0.874292856505159	4	3	1617	2747	1.54084780118093
GO:0000781	chromosome, telomeric region	 15	0.955893396394678	1	3	12	1618	2738	0.539296730413325
GO:0000784	nuclear chromosome, telomeric region	 20	0.658027773070048	1	7	13	1614	2737	0.943769278223319
GO:0000785	chromatin	 69	0.0247396674091307	0.448381840769795	34	35	1587	2715	1.32870208942413
GO:0000786	nucleosome	 20	0.47666871145095	1	8	12	1613	2738	1.07859346082665
GO:0000788	nuclear nucleosome	 10	0.781377725261973	1	3	7	1618	2743	0.808945095619988
GO:0000790	nuclear chromatin	 84	0.0750020039733367	0.554472179244745	38	46	1583	2704	1.21983784260157
GO:0000791	euchromatin	  5	0.611006382880356	1	2	3	1619	2747	1.07859346082665
GO:0000792	heterochromatin	 10	0.542375343419917	1	4	6	1617	2744	1.07859346082665
GO:0000793	condensed chromosome	 11	0.0675829846107961	0.528541035757744	7	4	1614	2746	1.71594414222422
GO:0000794	condensed nuclear chromosome	 13	0.341050026682105	0.969924578864316	6	7	1615	2743	1.24453091633844
GO:0000795	synaptonemal complex	  5	0.268307979032342	0.874292856505159	3	2	1618	2748	1.61789019123998
GO:0000800	lateral element	  6	0.395387391728158	0.98536875238176	3	3	1618	2747	1.34824182603331
GO:0000815	ESCRT III complex	  6	0.718815878456455	1	2	4	1619	2746	0.898827884022209
GO:0000900	translation repressor activity, mRNA regulatory element binding	  7	0.800202785632254	1	2	5	1619	2745	0.770423900590465
GO:0000902	cell morphogenesis	 29	0.532455752163122	1	11	18	1610	2732	1.02280414388734
GO:0000922	spindle pole	 53	0.000448967107455309	0.0574095899334326	32	21	1589	2729	1.62806560124777
GO:0000930	gamma-tubulin complex	  5	0.901559628365078	1	1	4	1620	2746	0.539296730413325
GO:0000932	P-body	 26	0.673598644207634	1	9	17	1612	2733	0.933398187253832
GO:0000940	condensed chromosome outer kinetochore	  5	0.00698752388695992	0.221476302604128	5	0	1616	2750	2.69648365206663
GO:0000974	Prp19 complex	  5	0.901559628365078	1	1	4	1620	2746	0.539296730413325
GO:0000976	transcription regulatory region sequence-specific DNA binding	 32	0.0924959527584273	0.641128805938118	16	16	1605	2734	1.34824182603331
GO:0000979	RNA polymerase II core promoter sequence-specific DNA binding	 11	0.186018051505006	0.848800072337835	6	5	1615	2745	1.47080926476361
GO:0000987	cis-regulatory region sequence-specific DNA binding	 25	0.876654794643343	1	7	18	1614	2732	0.755015422578655
GO:0000993	RNA polymerase II complex binding	  9	0.984630666865282	1	1	8	1620	2742	0.299609294674069
GO:0001012	RNA polymerase II regulatory region DNA binding	  7	0.515348610516959	1	3	4	1618	2746	1.1556358508857
GO:0001047	core promoter binding	  6	0.938108378346802	1	1	5	1620	2745	0.449413942011104
GO:0001085	RNA polymerase II transcription factor binding	 27	0.842463432757186	1	8	19	1613	2731	0.798958119130852
GO:0001102	RNA polymerase II activating transcription factor binding	 16	0.377175534783405	0.98536875238176	7	9	1614	2741	1.17971159777915
GO:0001103	RNA polymerase II repressing transcription factor binding	  9	0.902857070547847	1	2	7	1619	2743	0.599218589348139
GO:0001221	transcription cofactor binding	  5	0.268307979032342	0.874292856505159	3	2	1618	2748	1.61789019123998
GO:0001222	transcription corepressor binding	  8	0.9755447117189	1	1	7	1620	2743	0.337060456508328
GO:0001223	transcription coactivator binding	  7	0.800202785632254	1	2	5	1619	2745	0.770423900590465
GO:0001227	DNA-binding transcription repressor activity, RNA polymerase II-specific	 83	0.772841133333776	1	28	55	1593	2695	0.909657135636934
GO:0001501	skeletal system development	 37	0.390093970375304	0.98536875238176	15	22	1606	2728	1.09316904813512
GO:0001502	cartilage condensation	  6	0.718815878456455	1	2	4	1619	2746	0.898827884022209
GO:0001503	ossification	 36	0.01797406508807	0.363364088011944	20	16	1601	2734	1.49804647337035
GO:0001508	action potential	  6	0.938108378346802	1	1	5	1620	2745	0.449413942011104
GO:0001510	RNA methylation	  5	0.268307979032342	0.874292856505159	3	2	1618	2748	1.61789019123998
GO:0001516	prostaglandin biosynthetic process	  8	0.339218565637772	0.969924578864316	4	4	1617	2746	1.34824182603331
GO:0001520	outer dense fiber	  5	0.611006382880356	1	2	3	1619	2747	1.07859346082665
GO:0001525	angiogenesis	 98	0.0168328803304057	0.354109342833019	47	51	1574	2699	1.29321154741971
GO:0001527	microfibril	  5	0.611006382880356	1	2	3	1619	2747	1.07859346082665
GO:0001530	lipopolysaccharide binding	  8	0.621026637444471	1	3	5	1618	2745	1.01118136952498
GO:0001540	amyloid-beta binding	 25	0.300764965231304	0.928961961772567	11	14	1610	2736	1.18645280690932
GO:0001541	ovarian follicle development	 18	0.0855106932405852	0.608572371545558	10	8	1611	2742	1.49804647337035
GO:0001558	regulation of cell growth	 18	0.337444227245401	0.969924578864316	8	10	1613	2740	1.19843717869628
GO:0001568	blood vessel development	 21	0.0485423839312328	0.528541035757744	12	9	1609	2741	1.54084780118093
GO:0001569	branching involved in blood vessel morphogenesis	 12	0.260583248437255	0.874292856505159	6	6	1615	2744	1.34824182603331
GO:0001570	vasculogenesis	 26	0.222681365716162	0.874292856505159	12	14	1609	2736	1.24453091633844
GO:0001578	microtubule bundle formation	 13	0.166705340484931	0.79358399189249	7	6	1614	2744	1.45195273572818
GO:0001649	osteoblast differentiation	 27	0.574467342435252	1	10	17	1611	2733	0.998697648913565
GO:0001650	fibrillar center	 42	0.173541814046524	0.823388275268831	19	23	1602	2727	1.21983784260157
GO:0001654	eye development	 10	0.295751712156876	0.928961961772567	5	5	1616	2745	1.34824182603331
GO:0001655	urogenital system development	  5	1	1	0	5	1621	2745	0
GO:0001656	metanephros development	 11	0.186018051505006	0.848800072337835	6	5	1615	2745	1.47080926476361
GO:0001657	ureteric bud development	 19	0.594552101503364	1	7	12	1614	2738	0.99344134549823
GO:0001658	branching involved in ureteric bud morphogenesis	 18	0.0103005280510795	0.256683598009436	12	6	1609	2744	1.79765576804442
GO:0001659	temperature homeostasis	  6	0.938108378346802	1	1	5	1620	2745	0.449413942011104
GO:0001662	behavioral fear response	  6	0.938108378346802	1	1	5	1620	2745	0.449413942011104
GO:0001664	G protein-coupled receptor binding	 23	0.90820894290398	1	6	17	1615	2733	0.703430517930424
GO:0001666	response to hypoxia	 73	0.0595199323129796	0.528541035757744	34	39	1587	2711	1.25589649548309
GO:0001669	acrosomal vesicle	 25	0.619044201980031	1	9	16	1612	2734	0.970734114743985
GO:0001671	ATPase activator activity	  8	0.859928168361515	1	2	6	1619	2744	0.674120913016656
GO:0001673	male germ cell nucleus	  6	0.141228566336525	0.710114109470648	4	2	1617	2748	1.79765576804442
GO:0001675	acrosome assembly	  5	0.611006382880356	1	2	3	1619	2747	1.07859346082665
GO:0001676	long-chain fatty acid metabolic process	  7	0.235439100009758	0.874292856505159	4	3	1617	2747	1.54084780118093
GO:0001678	cellular glucose homeostasis	  7	0.235439100009758	0.874292856505159	4	3	1617	2747	1.54084780118093
GO:0001701	in utero embryonic development	 93	0.739925384505921	1	32	61	1589	2689	0.927822331893893
GO:0001702	gastrulation with mouth forming second	 13	0.979177197325238	1	2	11	1619	2739	0.414843638779481
GO:0001707	mesoderm formation	  9	0.4437258909147	1	4	5	1617	2745	1.19843717869628
GO:0001725	stress fiber	 33	0.0129700162021669	0.287652839956586	19	14	1602	2736	1.55252089058381
GO:0001726	ruffle	 35	0.293236911460974	0.928961961772567	15	20	1606	2730	1.1556358508857
GO:0001731	formation of translation preinitiation complex	  6	0.938108378346802	1	1	5	1620	2745	0.449413942011104
GO:0001732	formation of cytoplasmic translation initiation complex	  5	0.611006382880356	1	2	3	1619	2747	1.07859346082665
GO:0001736	establishment of planar polarity	  6	0.395387391728158	0.98536875238176	3	3	1618	2747	1.34824182603331
GO:0001739	sex chromatin	  5	1	1	0	5	1621	2745	0
GO:0001750	photoreceptor outer segment	 17	0.978098566195419	1	3	14	1618	2736	0.475850056247052
GO:0001755	neural crest cell migration	  7	0.515348610516959	1	3	4	1618	2746	1.1556358508857
GO:0001756	somitogenesis	 18	0.857088356526676	1	5	13	1616	2737	0.749023236685174
GO:0001764	neuron migration	 31	0.0327789714964908	0.448933792822859	17	14	1604	2736	1.47871684145589
GO:0001772	immunological synapse	 11	0.993932037689796	1	1	10	1620	2740	0.245134877460602
GO:0001774	microglial cell activation	 10	0.781377725261973	1	3	7	1618	2743	0.808945095619988
GO:0001775	cell activation	  7	0.235439100009758	0.874292856505159	4	3	1617	2747	1.54084780118093
GO:0001778	plasma membrane repair	  6	0.141228566336525	0.710114109470648	4	2	1617	2748	1.79765576804442
GO:0001779	natural killer cell differentiation	  5	0.611006382880356	1	2	3	1619	2747	1.07859346082665
GO:0001780	neutrophil homeostasis	  5	0.268307979032342	0.874292856505159	3	2	1618	2748	1.61789019123998
GO:0001782	B cell homeostasis	  8	0.621026637444471	1	3	5	1618	2745	1.01118136952498
GO:0001784	phosphotyrosine residue binding	 11	0.631049008593145	1	4	7	1617	2743	0.980539509842409
GO:0001786	phosphatidylserine binding	 21	0.543943711555115	1	8	13	1613	2737	1.02723186745395
GO:0001816	cytokine production	  6	0.395387391728158	0.98536875238176	3	3	1618	2747	1.34824182603331
GO:0001817	regulation of cytokine production	  6	0.141228566336525	0.710114109470648	4	2	1617	2748	1.79765576804442
GO:0001818	negative regulation of cytokine production	  5	0.901559628365078	1	1	4	1620	2746	0.539296730413325
GO:0001822	kidney development	 39	0.155951135801112	0.765310805363605	18	21	1603	2729	1.24453091633844
GO:0001824	blastocyst development	  9	0.709677010709356	1	3	6	1618	2744	0.898827884022208
GO:0001825	blastocyst formation	 11	0.954443776392988	1	2	9	1619	2741	0.490269754921205
GO:0001829	trophectodermal cell differentiation	  7	0.515348610516959	1	3	4	1618	2746	1.1556358508857
GO:0001833	inner cell mass cell proliferation	  5	0.268307979032342	0.874292856505159	3	2	1618	2748	1.61789019123998
GO:0001835	blastocyst hatching	  5	0.611006382880356	1	2	3	1619	2747	1.07859346082665
GO:0001836	release of cytochrome c from mitochondria	 10	0.933226906869315	1	2	8	1619	2742	0.539296730413325
GO:0001837	epithelial to mesenchymal transition	 19	0.4071786487977	1	8	11	1613	2739	1.13536153771226
GO:0001841	neural tube formation	  7	0.961092643799227	1	1	6	1620	2744	0.385211950295232
GO:0001843	neural tube closure	 29	0.532455752163122	1	11	18	1610	2732	1.02280414388734
GO:0001889	liver development	 38	0.00705832400267427	0.221476302604128	22	16	1599	2734	1.56112211435436
GO:0001890	placenta development	 19	0.594552101503364	1	7	12	1614	2738	0.99344134549823
GO:0001891	phagocytic cup	 10	0.542375343419917	1	4	6	1617	2744	1.07859346082665
GO:0001892	embryonic placenta development	 12	0.707756305017222	1	4	8	1617	2742	0.898827884022209
GO:0001894	tissue homeostasis	  7	0.515348610516959	1	3	4	1618	2746	1.1556358508857
GO:0001917	photoreceptor inner segment	 12	0.47763441574499	1	5	7	1616	2743	1.12353485502776
GO:0001921	positive regulation of receptor recycling	  5	0.0664052440141702	0.528541035757744	4	1	1617	2749	2.1571869216533
GO:0001932	regulation of protein phosphorylation	 26	0.358026271542409	0.98536875238176	11	15	1610	2735	1.14082000664357
GO:0001933	negative regulation of protein phosphorylation	 30	0.0505041532138147	0.528541035757744	16	14	1605	2736	1.43812461443553
GO:0001934	positive regulation of protein phosphorylation	 62	0.117067655421886	0.710114109470648	28	34	1593	2716	1.21776681061073
GO:0001935	endothelial cell proliferation	  7	0.515348610516959	1	3	4	1618	2746	1.1556358508857
GO:0001937	negative regulation of endothelial cell proliferation	 15	0.708911907066413	1	5	10	1616	2740	0.898827884022209
GO:0001938	positive regulation of endothelial cell proliferation	 24	0.00992529007819037	0.256683598009436	15	9	1606	2741	1.68530228254164
GO:0001942	hair follicle development	 15	0.866800508304316	1	4	11	1617	2739	0.719062307217767
GO:0001944	vasculature development	 12	0.47763441574499	1	5	7	1616	2743	1.12353485502776
GO:0001946	lymphangiogenesis	  6	0.938108378346802	1	1	5	1620	2745	0.449413942011104
GO:0001947	heart looping	 15	0.302496509430501	0.928961961772567	7	8	1614	2742	1.25835903763109
GO:0001952	regulation of cell-matrix adhesion	  5	0.611006382880356	1	2	3	1619	2747	1.07859346082665
GO:0001953	negative regulation of cell-matrix adhesion	  7	0.961092643799227	1	1	6	1620	2744	0.385211950295232
GO:0001954	positive regulation of cell-matrix adhesion	  7	0.235439100009758	0.874292856505159	4	3	1617	2747	1.54084780118093
GO:0001955	blood vessel maturation	  6	0.718815878456455	1	2	4	1619	2746	0.898827884022209
GO:0001958	endochondral ossification	 10	0.121417105926346	0.710114109470648	6	4	1615	2746	1.61789019123998
GO:0001965	G-protein alpha-subunit binding	 12	0.260583248437255	0.874292856505159	6	6	1615	2744	1.34824182603331
GO:0001968	fibronectin binding	 16	0.0100667043623015	0.256683598009436	11	5	1610	2745	1.85383251079581
GO:0001974	blood vessel remodeling	 14	0.423351680119263	1	6	8	1615	2742	1.1556358508857
GO:0001975	response to amphetamine	 10	0.990342195753722	1	1	9	1620	2741	0.269648365206663
GO:0002009	morphogenesis of an epithelium	  5	0.611006382880356	1	2	3	1619	2747	1.07859346082665
GO:0002020	protease binding	 41	0.021914229073835	0.409781760655176	22	19	1599	2731	1.44689366696258
GO:0002026	regulation of the force of heart contraction	 10	0.121417105926346	0.710114109470648	6	4	1615	2746	1.61789019123998
GO:0002027	regulation of heart rate	 12	0.0362473632093955	0.448933792822859	8	4	1613	2746	1.79765576804442
GO:0002028	regulation of sodium ion transport	  9	1	1	0	9	1621	2741	0
GO:0002031	G protein-coupled receptor internalization	  5	0.611006382880356	1	2	3	1619	2747	1.07859346082665
GO:0002039	p53 binding	 20	0.658027773070048	1	7	13	1614	2737	0.943769278223319
GO:0002040	sprouting angiogenesis	  9	0.208584409041611	0.874292856505159	5	4	1616	2746	1.49804647337035
GO:0002042	cell migration involved in sprouting angiogenesis	  8	0.131659634381745	0.710114109470648	5	3	1616	2747	1.68530228254164
GO:0002052	positive regulation of neuroblast proliferation	 10	0.295751712156876	0.928961961772567	5	5	1616	2745	1.34824182603331
GO:0002053	positive regulation of mesenchymal cell proliferation	 10	0.781377725261973	1	3	7	1618	2743	0.808945095619988
GO:0002062	chondrocyte differentiation	 16	0.206480619691051	0.874292856505159	8	8	1613	2742	1.34824182603331
GO:0002063	chondrocyte development	  6	0.718815878456455	1	2	4	1619	2746	0.898827884022209
GO:0002070	epithelial cell maturation	  6	0.718815878456455	1	2	4	1619	2746	0.898827884022209
GO:0002076	osteoblast development	  6	0.718815878456455	1	2	4	1619	2746	0.898827884022209
GO:0002080	acrosomal membrane	  6	0.395387391728158	0.98536875238176	3	3	1618	2747	1.34824182603331
GO:0002082	regulation of oxidative phosphorylation	  6	0.00258631209375338	0.140144134524929	6	0	1615	2750	2.69648365206663
GO:0002088	lens development in camera-type eye	 11	0.954443776392988	1	2	9	1619	2741	0.490269754921205
GO:0002089	lens morphogenesis in camera-type eye	  5	0.611006382880356	1	2	3	1619	2747	1.07859346082665
GO:0002092	positive regulation of receptor internalization	  6	0.718815878456455	1	2	4	1619	2746	0.898827884022209
GO:0002102	podosome	 11	0.387196429366767	0.98536875238176	5	6	1616	2744	1.22567438730301
GO:0002161	aminoacyl-tRNA editing activity	  5	0.0664052440141702	0.528541035757744	4	1	1617	2749	2.1571869216533
GO:0002218	activation of innate immune response	 12	0.969116020269325	1	2	10	1619	2740	0.449413942011104
GO:0002230	positive regulation of defense response to virus by host	  8	0.131659634381745	0.710114109470648	5	3	1616	2747	1.68530228254164
GO:0002244	hematopoietic progenitor cell differentiation	 20	0.0103175860786736	0.256683598009436	13	7	1608	2743	1.75271437384331
GO:0002250	adaptive immune response	 24	0.973560997810275	1	5	19	1616	2731	0.56176742751388
GO:0002260	lymphocyte homeostasis	  6	0.938108378346802	1	1	5	1620	2745	0.449413942011104
GO:0002281	macrophage activation involved in immune response	  5	0.611006382880356	1	2	3	1619	2747	1.07859346082665
GO:0002437	inflammatory response to antigenic stimulus	  6	0.718815878456455	1	2	4	1619	2746	0.898827884022209
GO:0002523	leukocyte migration involved in inflammatory response	  6	0.141228566336525	0.710114109470648	4	2	1617	2748	1.79765576804442
GO:0002526	acute inflammatory response	  7	0.961092643799227	1	1	6	1620	2744	0.385211950295232
GO:0002548	monocyte chemotaxis	  7	0.515348610516959	1	3	4	1618	2746	1.1556358508857
GO:0002639	positive regulation of immunoglobulin production	  6	1	1	0	6	1621	2744	0
GO:0002687	positive regulation of leukocyte migration	  8	0.9755447117189	1	1	7	1620	2743	0.337060456508328
GO:0002741	positive regulation of cytokine secretion involved in immune response	  5	0.268307979032342	0.874292856505159	3	2	1618	2748	1.61789019123998
GO:0002931	response to ischemia	 20	0.0782566299955145	0.568254361464891	11	9	1610	2741	1.48306600863664
GO:0003007	heart morphogenesis	 19	0.241559397610987	0.874292856505159	9	10	1612	2740	1.2772817299263
GO:0003009	skeletal muscle contraction	 13	0.00407686358616247	0.191685096515127	10	3	1611	2747	2.0742181938974
GO:0003016	respiratory system process	  5	0.268307979032342	0.874292856505159	3	2	1618	2748	1.61789019123998
GO:0003073	regulation of systemic arterial blood pressure	 10	0.990342195753722	1	1	9	1620	2741	0.269648365206663
GO:0003084	positive regulation of systemic arterial blood pressure	  5	1	1	0	5	1621	2745	0
GO:0003148	outflow tract septum morphogenesis	  9	0.902857070547847	1	2	7	1619	2743	0.599218589348139
GO:0003149	membranous septum morphogenesis	  5	0.611006382880356	1	2	3	1619	2747	1.07859346082665
GO:0003151	outflow tract morphogenesis	 23	0.100738784655249	0.680879267821798	12	11	1609	2739	1.40686103586085
GO:0003180	aortic valve morphogenesis	  7	0.515348610516959	1	3	4	1618	2746	1.1556358508857
GO:0003184	pulmonary valve morphogenesis	  6	0.0289935828529927	0.448381840769795	5	1	1616	2749	2.24706971005552
GO:0003197	endocardial cushion development	  5	0.0664052440141702	0.528541035757744	4	1	1617	2749	2.1571869216533
GO:0003198	epithelial to mesenchymal transition involved in endocardial cushion formation	  7	0.515348610516959	1	3	4	1618	2746	1.1556358508857
GO:0003203	endocardial cushion morphogenesis	  5	0.611006382880356	1	2	3	1619	2747	1.07859346082665
GO:0003208	cardiac ventricle morphogenesis	  5	0.611006382880356	1	2	3	1619	2747	1.07859346082665
GO:0003214	cardiac left ventricle morphogenesis	  5	0.611006382880356	1	2	3	1619	2747	1.07859346082665
GO:0003222	ventricular trabecula myocardium morphogenesis	  6	0.938108378346802	1	1	5	1620	2745	0.449413942011104
GO:0003281	ventricular septum development	 10	0.295751712156876	0.928961961772567	5	5	1616	2745	1.34824182603331
GO:0003333	amino acid transmembrane transport	  6	0.718815878456455	1	2	4	1619	2746	0.898827884022209
GO:0003341	cilium movement	  5	1	1	0	5	1621	2745	0
GO:0003382	epithelial cell morphogenesis	  6	0.718815878456455	1	2	4	1619	2746	0.898827884022209
GO:0003407	neural retina development	  6	0.718815878456455	1	2	4	1619	2746	0.898827884022209
GO:0003429	growth plate cartilage chondrocyte morphogenesis	  5	0.0664052440141702	0.528541035757744	4	1	1617	2749	2.1571869216533
GO:0003678	DNA helicase activity	 16	0.579969549388792	1	6	10	1615	2740	1.01118136952498
GO:0003680	AT DNA binding	  5	0.268307979032342	0.874292856505159	3	2	1618	2748	1.61789019123998
GO:0003684	damaged DNA binding	 18	0.185113328194816	0.848800072337835	9	9	1612	2741	1.34824182603331
GO:0003688	DNA replication origin binding	 12	0.0086204369847812	0.25166398176999	9	3	1612	2747	2.02236273904997
GO:0003689	DNA clamp loader activity	  5	0.901559628365078	1	1	4	1620	2746	0.539296730413325
GO:0003690	double-stranded DNA binding	 51	0.757063167373977	1	17	34	1604	2716	0.898827884022209
GO:0003697	single-stranded DNA binding	 42	0.104994534520707	0.69857991456684	20	22	1601	2728	1.28403983431744
GO:0003707	steroid hormone receptor activity	 11	0.993932037689796	1	1	10	1620	2740	0.245134877460602
GO:0003712	transcription coregulator activity	 31	0.999900041647277	1	3	28	1618	2722	0.260950030845157
GO:0003713	transcription coactivator activity	 63	0.940583897448777	1	18	45	1603	2705	0.770423900590465
GO:0003714	transcription corepressor activity	 73	0.139938588948226	0.710114109470648	32	41	1589	2709	1.1820202310429
GO:0003724	RNA helicase activity	 20	0.81170571475781	1	6	14	1615	2736	0.808945095619988
GO:0003725	double-stranded RNA binding	 25	0.876654794643343	1	7	18	1614	2732	0.755015422578655
GO:0003727	single-stranded RNA binding	 18	0.71158646990997	1	6	12	1615	2738	0.898827884022208
GO:0003729	mRNA binding	 68	0.994376461207623	1	16	52	1605	2698	0.634466741662735
GO:0003730	mRNA 3	 28	0.76746206421238	1	9	19	1612	2731	0.866726888164273
GO:0003735	structural constituent of ribosome	 28	0.76746206421238	1	9	19	1612	2731	0.866726888164273
GO:0003743	translation initiation factor activity	 13	0.913779546461806	1	3	10	1618	2740	0.622265458169221
GO:0003755	peptidyl-prolyl cis-trans isomerase activity	 12	0.47763441574499	1	5	7	1616	2743	1.12353485502776
GO:0003756	protein disulfide isomerase activity	  9	0.0701198146538523	0.528541035757744	6	3	1615	2747	1.79765576804442
GO:0003774	motor activity	 28	0.201788078320367	0.874292856505159	13	15	1608	2735	1.2519388384595
GO:0003777	microtubule motor activity	 18	0.52551977682233	1	7	11	1614	2739	1.04863253135924
GO:0003785	actin monomer binding	 11	0.00321305535630131	0.155805955497933	9	2	1612	2748	2.20621389714542
GO:0003887	DNA-directed DNA polymerase activity	  9	0.4437258909147	1	4	5	1617	2745	1.19843717869628
GO:0003899	DNA-directed 5	 11	0.631049008593145	1	4	7	1617	2743	0.980539509842409
GO:0003924	GTPase activity	 85	0.498272168622059	1	32	53	1589	2697	1.01514678666038
GO:0003950	NAD+ ADP-ribosyltransferase activity	  6	0.718815878456455	1	2	4	1619	2746	0.898827884022209
GO:0003954	NADH dehydrogenase activity	  6	0.718815878456455	1	2	4	1619	2746	0.898827884022209
GO:0003996	acyl-CoA ligase activity	  5	0.268307979032342	0.874292856505159	3	2	1618	2748	1.61789019123998
GO:0004089	carbonate dehydratase activity	  7	0.235439100009758	0.874292856505159	4	3	1617	2747	1.54084780118093
GO:0004175	endopeptidase activity	 32	0.806501478523479	1	10	22	1611	2728	0.842651141270821
GO:0004177	aminopeptidase activity	  7	0.515348610516959	1	3	4	1618	2746	1.1556358508857
GO:0004180	carboxypeptidase activity	  9	0.4437258909147	1	4	5	1617	2745	1.19843717869628
GO:0004181	metallocarboxypeptidase activity	  7	0.800202785632254	1	2	5	1619	2745	0.770423900590465
GO:0004190	aspartic-type endopeptidase activity	  6	0.718815878456455	1	2	4	1619	2746	0.898827884022209
GO:0004197	cysteine-type endopeptidase activity	 26	0.958595084031111	1	6	20	1615	2730	0.622265458169221
GO:0004198	calcium-dependent cysteine-type endopeptidase activity	  6	0.395387391728158	0.98536875238176	3	3	1618	2747	1.34824182603331
GO:0004222	metalloendopeptidase activity	 22	0.76529826235933	1	7	15	1614	2735	0.857972071112108
GO:0004252	serine-type endopeptidase activity	 45	0.98948720598939	1	10	35	1611	2715	0.599218589348139
GO:0004364	glutathione transferase activity	  8	0.339218565637772	0.969924578864316	4	4	1617	2746	1.34824182603331
GO:0004386	helicase activity	 36	0.736122283810806	1	12	24	1609	2726	0.898827884022208
GO:0004402	histone acetyltransferase activity	  7	0.961092643799227	1	1	6	1620	2744	0.385211950295232
GO:0004407	histone deacetylase activity	 10	0.542375343419917	1	4	6	1617	2744	1.07859346082665
GO:0004467	long-chain fatty acid-CoA ligase activity	  6	0.395387391728158	0.98536875238176	3	3	1618	2747	1.34824182603331
GO:0004497	monooxygenase activity	 24	0.973560997810275	1	5	19	1616	2731	0.56176742751388
GO:0004518	nuclease activity	 31	0.22544283844604	0.874292856505159	14	17	1607	2733	1.21776681061073
GO:0004519	endonuclease activity	 22	0.071637525527402	0.530971400346884	12	10	1609	2740	1.47080926476361
GO:0004521	endoribonuclease activity	  5	0.611006382880356	1	2	3	1619	2747	1.07859346082665
GO:0004527	exonuclease activity	 15	0.302496509430501	0.928961961772567	7	8	1614	2742	1.25835903763109
GO:0004535	poly(A)-specific ribonuclease activity	  5	1	1	0	5	1621	2745	0
GO:0004540	ribonuclease activity	  6	1	1	0	6	1621	2744	0
GO:0004550	nucleoside diphosphate kinase activity	  7	0.235439100009758	0.874292856505159	4	3	1617	2747	1.54084780118093
GO:0004553	hydrolase activity, hydrolyzing O-glycosyl compounds	  8	0.621026637444471	1	3	5	1618	2745	1.01118136952498
GO:0004601	peroxidase activity	 13	0.341050026682105	0.969924578864316	6	7	1615	2743	1.24453091633844
GO:0004602	glutathione peroxidase activity	  7	0.800202785632254	1	2	5	1619	2745	0.770423900590465
GO:0004622	lysophospholipase activity	  5	1	1	0	5	1621	2745	0
GO:0004623	phospholipase A2 activity	  7	0.800202785632254	1	2	5	1619	2745	0.770423900590465
GO:0004693	cyclin-dependent protein serine/threonine kinase activity	  9	0.208584409041611	0.874292856505159	5	4	1616	2746	1.49804647337035
GO:0004697	protein kinase C activity	  5	0.268307979032342	0.874292856505159	3	2	1618	2748	1.61789019123998
GO:0004707	MAP kinase activity	  5	0.611006382880356	1	2	3	1619	2747	1.07859346082665
GO:0004708	MAP kinase kinase activity	  7	0.961092643799227	1	1	6	1620	2744	0.385211950295232
GO:0004709	MAP kinase kinase kinase activity	  5	1	1	0	5	1621	2745	0
GO:0004712	protein serine/threonine/tyrosine kinase activity	 10	0.933226906869315	1	2	8	1619	2742	0.539296730413325
GO:0004713	protein tyrosine kinase activity	 37	0.986249909768343	1	8	29	1613	2721	0.58302349233873
GO:0004714	transmembrane receptor protein tyrosine kinase activity	 14	0.824696881307542	1	4	10	1617	2740	0.770423900590465
GO:0004715	non-membrane spanning protein tyrosine kinase activity	 12	0.707756305017222	1	4	8	1617	2742	0.898827884022209
GO:0004721	phosphoprotein phosphatase activity	 40	0.40831494342251	1	16	24	1605	2726	1.07859346082665
GO:0004722	protein serine/threonine phosphatase activity	 14	0.231314488765893	0.874292856505159	7	7	1614	2743	1.34824182603331
GO:0004725	protein tyrosine phosphatase activity	 29	0.381362056343023	0.98536875238176	12	17	1609	2733	1.11578633878619
GO:0004806	triglyceride lipase activity	  5	0.901559628365078	1	1	4	1620	2746	0.539296730413325
GO:0004812	aminoacyl-tRNA ligase activity	 19	0.000236901319011861	0.0460253885842658	15	4	1606	2746	2.12880288321049
GO:0004842	ubiquitin-protein transferase activity	 80	0.98566443658717	1	21	59	1600	2691	0.707826958667489
GO:0004843	thiol-dependent ubiquitin-specific protease activity	 25	0.980551739564816	1	5	20	1616	2730	0.539296730413325
GO:0004857	enzyme inhibitor activity	 12	0.47763441574499	1	5	7	1616	2743	1.12353485502776
GO:0004860	protein kinase inhibitor activity	 10	0.781377725261973	1	3	7	1618	2743	0.808945095619988
GO:0004861	cyclin-dependent protein serine/threonine kinase inhibitor activity	  7	0.235439100009758	0.874292856505159	4	3	1617	2747	1.54084780118093
GO:0004864	protein phosphatase inhibitor activity	  5	0.901559628365078	1	1	4	1620	2746	0.539296730413325
GO:0004865	protein serine/threonine phosphatase inhibitor activity	  5	1	1	0	5	1621	2745	0
GO:0004866	endopeptidase inhibitor activity	  9	0.709677010709356	1	3	6	1618	2744	0.898827884022208
GO:0004867	serine-type endopeptidase inhibitor activity	 18	0.857088356526676	1	5	13	1616	2737	0.749023236685174
GO:0004869	cysteine-type endopeptidase inhibitor activity	 11	0.387196429366767	0.98536875238176	5	6	1616	2744	1.22567438730301
GO:0004879	nuclear receptor activity	 10	0.990342195753722	1	1	9	1620	2741	0.269648365206663
GO:0004888	transmembrane signaling receptor activity	 36	0.911372712136476	1	10	26	1611	2724	0.749023236685174
GO:0004890	GABA-A receptor activity	  5	0.901559628365078	1	1	4	1620	2746	0.539296730413325
GO:0004896	cytokine receptor activity	 15	0.503921793911772	1	6	9	1615	2741	1.07859346082665
GO:0004930	G protein-coupled receptor activity	 73	0.999999986328733	1	7	66	1614	2684	0.258566925540635
GO:0004935	adrenergic receptor activity	  6	1	1	0	6	1621	2744	0
GO:0004950	chemokine receptor activity	  5	1	1	0	5	1621	2745	0
GO:0004984	olfactory receptor activity	 11	1	1	0	11	1621	2739	0
GO:0005044	scavenger receptor activity	 15	0.708911907066413	1	5	10	1616	2740	0.898827884022209
GO:0005049	nuclear export signal receptor activity	  5	0.901559628365078	1	1	4	1620	2746	0.539296730413325
GO:0005070	SH3/SH2 adaptor activity	  7	0.800202785632254	1	2	5	1619	2745	0.770423900590465
GO:0005080	protein kinase C binding	 28	0.111767575554384	0.710114109470648	14	14	1607	2736	1.34824182603331
GO:0005085	guanyl-nucleotide exchange factor activity	 37	0.524309550762533	1	14	23	1607	2727	1.02029111159278
GO:0005086	ARF guanyl-nucleotide exchange factor activity	  5	0.901559628365078	1	1	4	1620	2746	0.539296730413325
GO:0005089	Rho guanyl-nucleotide exchange factor activity	 16	0.0934465963216342	0.641128805938118	9	7	1612	2743	1.51677205428748
GO:0005092	GDP-dissociation inhibitor activity	  6	0.395387391728158	0.98536875238176	3	3	1618	2747	1.34824182603331
GO:0005096	GTPase activator activity	 50	0.500014900969612	1	19	31	1602	2719	1.02466378778532
GO:0005102	signaling receptor binding	 90	0.129735507704099	0.710114109470648	39	51	1582	2699	1.16847624922887
GO:0005104	fibroblast growth factor receptor binding	  8	0.859928168361515	1	2	6	1619	2744	0.674120913016656
GO:0005109	frizzled binding	 13	0.979177197325238	1	2	11	1619	2739	0.414843638779481
GO:0005112	Notch binding	 10	0.0359216204721896	0.448933792822859	7	3	1614	2747	1.88753855644664
GO:0005123	death receptor binding	  7	0.235439100009758	0.874292856505159	4	3	1617	2747	1.54084780118093
GO:0005125	cytokine activity	 37	0.865437785737879	1	11	26	1610	2724	0.801657301965754
GO:0005154	epidermal growth factor receptor binding	  7	0.235439100009758	0.874292856505159	4	3	1617	2747	1.54084780118093
GO:0005158	insulin receptor binding	 10	0.542375343419917	1	4	6	1617	2744	1.07859346082665
GO:0005159	insulin-like growth factor receptor binding	  6	0.938108378346802	1	1	5	1620	2745	0.449413942011104
GO:0005161	platelet-derived growth factor receptor binding	  8	0.339218565637772	0.969924578864316	4	4	1617	2746	1.34824182603331
GO:0005164	tumor necrosis factor receptor binding	  6	0.395387391728158	0.98536875238176	3	3	1618	2747	1.34824182603331
GO:0005172	vascular endothelial growth factor receptor binding	  5	0.0664052440141702	0.528541035757744	4	1	1617	2749	2.1571869216533
GO:0005178	integrin binding	 53	0.512856305014413	1	20	33	1601	2717	1.01754100077986
GO:0005179	hormone activity	 19	0.959788874898685	1	4	15	1617	2735	0.567680768856132
GO:0005198	structural molecule activity	 25	0.619044201980031	1	9	16	1612	2734	0.970734114743985
GO:0005200	structural constituent of cytoskeleton	 16	0.00228891905624372	0.140144134524929	12	4	1609	2746	2.02236273904997
GO:0005201	extracellular matrix structural constituent	 42	1.28367301096598e-06	0.00183629424218683	31	11	1590	2739	1.99026174319203
GO:0005212	structural constituent of eye lens	  7	0.800202785632254	1	2	5	1619	2745	0.770423900590465
GO:0005216	ion channel activity	 35	0.97643285898993	1	8	27	1613	2723	0.616339120472372
GO:0005230	extracellular ligand-gated ion channel activity	 11	0.837750994012784	1	3	8	1618	2742	0.735404632381807
GO:0005243	gap junction channel activity	  5	0.268307979032342	0.874292856505159	3	2	1618	2748	1.61789019123998
GO:0005244	voltage-gated ion channel activity	 33	0.599420754318958	1	12	21	1609	2729	0.980539509842409
GO:0005245	voltage-gated calcium channel activity	 15	0.302496509430501	0.928961961772567	7	8	1614	2742	1.25835903763109
GO:0005246	calcium channel regulator activity	  6	0.0289935828529927	0.448381840769795	5	1	1616	2749	2.24706971005552
GO:0005248	voltage-gated sodium channel activity	  6	0.938108378346802	1	1	5	1620	2745	0.449413942011104
GO:0005249	voltage-gated potassium channel activity	 10	0.781377725261973	1	3	7	1618	2743	0.808945095619988
GO:0005251	delayed rectifier potassium channel activity	  5	0.901559628365078	1	1	4	1620	2746	0.539296730413325
GO:0005254	chloride channel activity	 14	0.231314488765893	0.874292856505159	7	7	1614	2743	1.34824182603331
GO:0005261	cation channel activity	  7	0.800202785632254	1	2	5	1619	2745	0.770423900590465
GO:0005262	calcium channel activity	 24	0.0656020930484379	0.528541035757744	13	11	1608	2739	1.46059531153609
GO:0005267	potassium channel activity	 19	0.88976193662496	1	5	14	1616	2736	0.709600961070165
GO:0005328	neurotransmitter:sodium symporter activity	  5	0.268307979032342	0.874292856505159	3	2	1618	2748	1.61789019123998
GO:0005388	calcium transmembrane transporter activity, phosphorylative mechanism	  5	0.268307979032342	0.874292856505159	3	2	1618	2748	1.61789019123998
GO:0005452	inorganic anion exchanger activity	  5	0.901559628365078	1	1	4	1620	2746	0.539296730413325
GO:0005484	SNAP receptor activity	  5	0.901559628365078	1	1	4	1620	2746	0.539296730413325
GO:0005496	steroid binding	  6	0.938108378346802	1	1	5	1620	2745	0.449413942011104
GO:0005506	iron ion binding	 38	0.80800515667715	1	12	26	1609	2724	0.851521153284198
GO:0005507	copper ion binding	 17	0.135312010717701	0.710114109470648	9	8	1612	2742	1.42755016874115
GO:0005513	detection of calcium ion	  5	0.611006382880356	1	2	3	1619	2747	1.07859346082665
GO:0005516	calmodulin binding	 58	0.496421838546201	1	22	36	1599	2714	1.02280414388734
GO:0005518	collagen binding	 29	0.00535184270043937	0.215394602094389	18	11	1603	2739	1.67367950817928
GO:0005520	insulin-like growth factor binding	 11	0.00321305535630131	0.155805955497933	9	2	1612	2748	2.20621389714542
GO:0005522	profilin binding	  7	0.515348610516959	1	3	4	1618	2746	1.1556358508857
GO:0005523	tropomyosin binding	  8	0.131659634381745	0.710114109470648	5	3	1616	2747	1.68530228254164
GO:0005536	glucose binding	  5	0.00698752388695992	0.221476302604128	5	0	1616	2750	2.69648365206663
GO:0005537	mannose binding	  8	0.621026637444471	1	3	5	1618	2745	1.01118136952498
GO:0005539	glycosaminoglycan binding	 10	0.000873219717141689	0.0757055033558294	9	1	1612	2749	2.42683528685996
GO:0005540	hyaluronic acid binding	  5	0.611006382880356	1	2	3	1619	2747	1.07859346082665
GO:0005543	phospholipid binding	 28	0.201788078320367	0.874292856505159	13	15	1608	2735	1.2519388384595
GO:0005544	calcium-dependent phospholipid binding	 16	0.377175534783405	0.98536875238176	7	9	1614	2741	1.17971159777915
GO:0005546	phosphatidylinositol-4,5-bisphosphate binding	 20	0.47666871145095	1	8	12	1613	2738	1.07859346082665
GO:0005547	phosphatidylinositol-3,4,5-trisphosphate binding	 10	0.781377725261973	1	3	7	1618	2743	0.808945095619988
GO:0005581	collagen trimer	 26	0.00309452465939058	0.155805955497933	17	9	1604	2741	1.76308546481279
GO:0005604	basement membrane	 38	8.19414668896921e-05	0.0326901779775793	26	12	1595	2738	1.84496249878243
GO:0005614	interstitial matrix	  5	0.0664052440141702	0.528541035757744	4	1	1617	2749	2.1571869216533
GO:0005635	nuclear envelope	 63	0.0897567921583973	0.637206407854032	29	34	1592	2716	1.24123850650686
GO:0005637	nuclear inner membrane	 21	0.110942300666224	0.710114109470648	11	10	1610	2740	1.41244381774918
GO:0005640	nuclear outer membrane	  8	0.859928168361515	1	2	6	1619	2744	0.674120913016656
GO:0005642	annulate lamellae	  6	1	1	0	6	1621	2744	0
GO:0005643	nuclear pore	 24	0.718996869076368	1	8	16	1613	2734	0.898827884022209
GO:0005657	replication fork	 10	0.542375343419917	1	4	6	1617	2744	1.07859346082665
GO:0005662	DNA replication factor A complex	  9	0.208584409041611	0.874292856505159	5	4	1616	2746	1.49804647337035
GO:0005664	nuclear origin of replication recognition complex	  5	0.901559628365078	1	1	4	1620	2746	0.539296730413325
GO:0005667	transcription factor complex	 86	0.531603575675604	1	32	54	1589	2696	1.00334275425735
GO:0005669	transcription factor TFIID complex	  8	1	1	0	8	1621	2742	0
GO:0005671	Ada2/Gcn5/Ada3 transcription activator complex	  5	1	1	0	5	1621	2745	0
GO:0005675	transcription factor TFIIH holo complex	  6	1	1	0	6	1621	2744	0
GO:0005680	anaphase-promoting complex	  7	0.235439100009758	0.874292856505159	4	3	1617	2747	1.54084780118093
GO:0005681	spliceosomal complex	 48	0.998334235498433	1	9	39	1612	2711	0.505590684762492
GO:0005685	U1 snRNP	  8	1	1	0	8	1621	2742	0
GO:0005686	U2 snRNP	  6	1	1	0	6	1621	2744	0
GO:0005689	U12-type spliceosomal complex	  8	0.859928168361515	1	2	6	1619	2744	0.674120913016656
GO:0005697	telomerase holoenzyme complex	  5	0.901559628365078	1	1	4	1620	2746	0.539296730413325
GO:0005719	nuclear euchromatin	 12	0.0362473632093955	0.448933792822859	8	4	1613	2746	1.79765576804442
GO:0005720	nuclear heterochromatin	  9	0.208584409041611	0.874292856505159	5	4	1616	2746	1.49804647337035
GO:0005721	pericentric heterochromatin	  9	0.709677010709356	1	3	6	1618	2744	0.898827884022208
GO:0005741	mitochondrial outer membrane	 47	0.175220597877629	0.828605174426273	21	26	1600	2724	1.20481184454041
GO:0005747	mitochondrial respiratory chain complex I	 13	0.913779546461806	1	3	10	1618	2740	0.622265458169221
GO:0005758	mitochondrial intermembrane space	 28	0.111767575554384	0.710114109470648	14	14	1607	2736	1.34824182603331
GO:0005759	mitochondrial matrix	 65	0.189277649825058	0.860927434259923	28	37	1593	2713	1.16156218858255
GO:0005761	mitochondrial ribosome	  7	0.515348610516959	1	3	4	1618	2746	1.1556358508857
GO:0005762	mitochondrial large ribosomal subunit	 17	0.816671165799813	1	5	12	1616	2738	0.793083427078419
GO:0005763	mitochondrial small ribosomal subunit	 10	0.0359216204721896	0.448933792822859	7	3	1614	2747	1.88753855644664
GO:0005765	lysosomal membrane	 48	0.41220507209375	1	19	29	1602	2721	1.06735811227637
GO:0005769	early endosome	 87	0.730260702357762	1	30	57	1591	2693	0.929821948988492
GO:0005770	late endosome	 42	0.37882285973298	0.98536875238176	17	25	1604	2725	1.09143385916982
GO:0005771	multivesicular body	 10	0.542375343419917	1	4	6	1617	2744	1.07859346082665
GO:0005773	vacuole	  7	0.235439100009758	0.874292856505159	4	3	1617	2747	1.54084780118093
GO:0005774	vacuolar membrane	  9	0.00213844268333823	0.139047375387061	8	1	1613	2749	2.39687435739256
GO:0005776	autophagosome	 15	0.955893396394678	1	3	12	1618	2738	0.539296730413325
GO:0005777	peroxisome	 47	0.606411478916401	1	17	30	1604	2720	0.975323874151758
GO:0005778	peroxisomal membrane	 24	0.393449373882351	0.98536875238176	10	14	1611	2736	1.12353485502776
GO:0005779	integral component of peroxisomal membrane	  8	0.9755447117189	1	1	7	1620	2743	0.337060456508328
GO:0005782	peroxisomal matrix	  8	0.621026637444471	1	3	5	1618	2745	1.01118136952498
GO:0005788	endoplasmic reticulum lumen	 39	0.155951135801112	0.765310805363605	18	21	1603	2729	1.24453091633844
GO:0005790	smooth endoplasmic reticulum	 12	0.47763441574499	1	5	7	1616	2743	1.12353485502776
GO:0005791	rough endoplasmic reticulum	 20	0.915780677247344	1	5	15	1616	2735	0.674120913016656
GO:0005793	endoplasmic reticulum-Golgi intermediate compartment	 36	0.83827142508144	1	11	25	1610	2725	0.823925560353691
GO:0005795	Golgi stack	 10	0.933226906869315	1	2	8	1619	2742	0.539296730413325
GO:0005796	Golgi lumen	  9	0.4437258909147	1	4	5	1617	2745	1.19843717869628
GO:0005798	Golgi-associated vesicle	  8	0.9755447117189	1	1	7	1620	2743	0.337060456508328
GO:0005801	cis-Golgi network	 17	0.649564238880757	1	6	11	1615	2739	0.951700112494103
GO:0005802	trans-Golgi network	 50	0.616070637491307	1	18	32	1603	2718	0.970734114743985
GO:0005811	lipid droplet	 30	0.0087996005856099	0.251756572754299	18	12	1603	2738	1.61789019123998
GO:0005814	centriole	 36	0.226443390371986	0.874292856505159	16	20	1605	2730	1.19843717869628
GO:0005815	microtubule organizing center	 94	0.158253580709805	0.775279956182793	40	54	1581	2696	1.14743985194324
GO:0005819	spindle	 70	0.000461524141373278	0.0574095899334326	40	30	1581	2720	1.54084780118093
GO:0005834	heterotrimeric G-protein complex	 12	0.707756305017222	1	4	8	1617	2742	0.898827884022209
GO:0005840	ribosome	 36	0.83827142508144	1	11	25	1610	2725	0.823925560353691
GO:0005844	polysome	 11	0.631049008593145	1	4	7	1617	2743	0.980539509842409
GO:0005852	eukaryotic translation initiation factor 3 complex	  5	0.901559628365078	1	1	4	1620	2746	0.539296730413325
GO:0005861	troponin complex	  6	0.00258631209375338	0.140144134524929	6	0	1615	2750	2.69648365206663
GO:0005865	striated muscle thin filament	 10	0.0359216204721896	0.448933792822859	7	3	1614	2747	1.88753855644664
GO:0005868	cytoplasmic dynein complex	  5	0.268307979032342	0.874292856505159	3	2	1618	2748	1.61789019123998
GO:0005871	kinesin complex	 17	0.269741605445141	0.875971320293472	8	9	1613	2741	1.26893348332547
GO:0005874	microtubule	 93	0.0264600027698912	0.448381840769795	44	49	1577	2701	1.2757557063541
GO:0005875	microtubule associated complex	  6	0.141228566336525	0.710114109470648	4	2	1617	2748	1.79765576804442
GO:0005876	spindle microtubule	 20	0.0103175860786736	0.256683598009436	13	7	1608	2743	1.75271437384331
GO:0005881	cytoplasmic microtubule	 21	0.367346836281681	0.98536875238176	9	12	1612	2738	1.1556358508857
GO:0005882	intermediate filament	 27	0.574467342435252	1	10	17	1611	2733	0.998697648913565
GO:0005884	actin filament	 29	0.00535184270043937	0.215394602094389	18	11	1603	2739	1.67367950817928
GO:0005885	Arp2/3 protein complex	  6	0.0289935828529927	0.448381840769795	5	1	1616	2749	2.24706971005552
GO:0005890	sodium:potassium-exchanging ATPase complex	  5	0.611006382880356	1	2	3	1619	2747	1.07859346082665
GO:0005891	voltage-gated calcium channel complex	 12	0.47763441574499	1	5	7	1616	2743	1.12353485502776
GO:0005901	caveola	 36	0.00748988075583946	0.22796328555805	21	15	1600	2735	1.57294879703886
GO:0005902	microvillus	 21	0.110942300666224	0.710114109470648	11	10	1610	2740	1.41244381774918
GO:0005903	brush border	 20	0.81170571475781	1	6	14	1615	2736	0.808945095619988
GO:0005905	clathrin-coated pit	 25	0.176733048750014	0.831633638937156	12	13	1609	2737	1.29431215299198
GO:0005911	cell-cell junction	 67	0.0269054130869774	0.448381840769795	33	34	1588	2716	1.32811881370446
GO:0005912	adherens junction	 44	0.471919765233476	1	17	27	1604	2723	1.04182322920756
GO:0005916	fascia adherens	  6	0.141228566336525	0.710114109470648	4	2	1617	2748	1.79765576804442
GO:0005921	gap junction	 12	0.260583248437255	0.874292856505159	6	6	1615	2744	1.34824182603331
GO:0005922	connexin complex	  6	0.718815878456455	1	2	4	1619	2746	0.898827884022209
GO:0005923	bicellular tight junction	 34	0.151501254269747	0.746032854502146	16	18	1605	2732	1.26893348332547
GO:0005925	focal adhesion	 68	0.567953682990235	1	25	43	1596	2707	0.991354283848024
GO:0005929	cilium	 71	0.987475545043488	1	18	53	1603	2697	0.68361557376337
GO:0005930	axoneme	 17	0.995876120105817	1	2	15	1619	2735	0.317233370831368
GO:0005938	cell cortex	 57	0.176344250208143	0.831171169432448	25	32	1596	2718	1.18266826845027
GO:0005975	carbohydrate metabolic process	 67	0.0269054130869774	0.448381840769795	33	34	1588	2716	1.32811881370446
GO:0005977	glycogen metabolic process	 19	0.12239547328796	0.710114109470648	10	9	1611	2741	1.41920192214033
GO:0005978	glycogen biosynthetic process	  8	0.621026637444471	1	3	5	1618	2745	1.01118136952498
GO:0005980	glycogen catabolic process	  5	0.0664052440141702	0.528541035757744	4	1	1617	2749	2.1571869216533
GO:0006002	fructose 6-phosphate metabolic process	  6	0.0289935828529927	0.448381840769795	5	1	1616	2749	2.24706971005552
GO:0006006	glucose metabolic process	 18	0.0855106932405852	0.608572371545558	10	8	1611	2742	1.49804647337035
GO:0006012	galactose metabolic process	  5	0.901559628365078	1	1	4	1620	2746	0.539296730413325
GO:0006013	mannose metabolic process	  6	0.395387391728158	0.98536875238176	3	3	1618	2747	1.34824182603331
GO:0006044	N-acetylglucosamine metabolic process	  6	0.395387391728158	0.98536875238176	3	3	1618	2747	1.34824182603331
GO:0006071	glycerol metabolic process	  6	0.395387391728158	0.98536875238176	3	3	1618	2747	1.34824182603331
GO:0006082	organic acid metabolic process	  6	1	1	0	6	1621	2744	0
GO:0006084	acetyl-CoA metabolic process	  6	0.0289935828529927	0.448381840769795	5	1	1616	2749	2.24706971005552
GO:0006094	gluconeogenesis	 11	0.186018051505006	0.848800072337835	6	5	1615	2745	1.47080926476361
GO:0006096	glycolytic process	 11	0.00321305535630131	0.155805955497933	9	2	1612	2748	2.20621389714542
GO:0006099	tricarboxylic acid cycle	 12	0.111452854572757	0.710114109470648	7	5	1614	2745	1.57294879703886
GO:0006103	2-oxoglutarate metabolic process	  9	0.208584409041611	0.874292856505159	5	4	1616	2746	1.49804647337035
GO:0006110	regulation of glycolytic process	  6	0.718815878456455	1	2	4	1619	2746	0.898827884022209
GO:0006111	regulation of gluconeogenesis	  6	0.718815878456455	1	2	4	1619	2746	0.898827884022209
GO:0006120	mitochondrial electron transport, NADH to ubiquinone	  5	0.611006382880356	1	2	3	1619	2747	1.07859346082665
GO:0006139	nucleobase-containing compound metabolic process	  9	0.0701198146538523	0.528541035757744	6	3	1615	2747	1.79765576804442
GO:0006165	nucleoside diphosphate phosphorylation	  7	0.235439100009758	0.874292856505159	4	3	1617	2747	1.54084780118093
GO:0006259	DNA metabolic process	  8	0.621026637444471	1	3	5	1618	2745	1.01118136952498
GO:0006260	DNA replication	 58	0.00024808357884378	0.0460253885842658	35	23	1586	2727	1.62718841072986
GO:0006261	DNA-dependent DNA replication	  8	0.339218565637772	0.969924578864316	4	4	1617	2746	1.34824182603331
GO:0006267	pre-replicative complex assembly involved in nuclear cell cycle DNA replication	  6	0.0289935828529927	0.448381840769795	5	1	1616	2749	2.24706971005552
GO:0006268	DNA unwinding involved in DNA replication	  8	0.0339172851015134	0.448933792822859	6	2	1615	2748	2.02236273904997
GO:0006270	DNA replication initiation	 14	0.00953895193755384	0.256683598009436	10	4	1611	2746	1.92605975147616
GO:0006275	regulation of DNA replication	 11	0.186018051505006	0.848800072337835	6	5	1615	2745	1.47080926476361
GO:0006284	base-excision repair	 13	0.341050026682105	0.969924578864316	6	7	1615	2743	1.24453091633844
GO:0006289	nucleotide-excision repair	 11	0.837750994012784	1	3	8	1618	2742	0.735404632381807
GO:0006298	mismatch repair	  5	0.268307979032342	0.874292856505159	3	2	1618	2748	1.61789019123998
GO:0006302	double-strand break repair	 19	0.594552101503364	1	7	12	1614	2738	0.99344134549823
GO:0006306	DNA methylation	  5	0.268307979032342	0.874292856505159	3	2	1618	2748	1.61789019123998
GO:0006310	DNA recombination	 24	0.13587547626206	0.710114109470648	12	12	1609	2738	1.34824182603331
GO:0006325	chromatin organization	 86	0.972770423551847	1	24	62	1597	2688	0.752507065693012
GO:0006334	nucleosome assembly	 21	0.543943711555115	1	8	13	1613	2737	1.02723186745395
GO:0006335	DNA replication-dependent nucleosome assembly	  9	0.709677010709356	1	3	6	1618	2744	0.898827884022208
GO:0006336	DNA replication-independent nucleosome assembly	  6	0.938108378346802	1	1	5	1620	2745	0.449413942011104
GO:0006337	nucleosome disassembly	  8	0.859928168361515	1	2	6	1619	2744	0.674120913016656
GO:0006338	chromatin remodeling	 25	0.876654794643343	1	7	18	1614	2732	0.755015422578655
GO:0006342	chromatin silencing	 12	0.47763441574499	1	5	7	1616	2743	1.12353485502776
GO:0006349	regulation of gene expression by genetic imprinting	  7	0.961092643799227	1	1	6	1620	2744	0.385211950295232
GO:0006351	transcription, DNA-templated	 34	0.370474899044366	0.98536875238176	14	20	1607	2730	1.11031679790979
GO:0006352	DNA-templated transcription, initiation	 10	0.933226906869315	1	2	8	1619	2742	0.539296730413325
GO:0006364	rRNA processing	 47	0.717943037239485	1	16	31	1605	2719	0.917951881554596
GO:0006366	transcription by RNA polymerase II	 47	0.935440626915106	1	13	34	1608	2716	0.745835903763109
GO:0006367	transcription initiation from RNA polymerase II promoter	 14	1	1	0	14	1621	2736	0
GO:0006368	transcription elongation from RNA polymerase II promoter	  5	1	1	0	5	1621	2745	0
GO:0006376	mRNA splice site selection	 11	0.837750994012784	1	3	8	1618	2742	0.735404632381807
GO:0006378	mRNA polyadenylation	  6	1	1	0	6	1621	2744	0
GO:0006396	RNA processing	 20	0.97079092431152	1	4	16	1617	2734	0.539296730413325
GO:0006400	tRNA modification	  6	0.0289935828529927	0.448381840769795	5	1	1616	2749	2.24706971005552
GO:0006401	RNA catabolic process	  6	0.718815878456455	1	2	4	1619	2746	0.898827884022209
GO:0006402	mRNA catabolic process	  5	0.611006382880356	1	2	3	1619	2747	1.07859346082665
GO:0006405	RNA export from nucleus	  9	0.4437258909147	1	4	5	1617	2745	1.19843717869628
GO:0006406	mRNA export from nucleus	 13	0.997605609435828	1	1	12	1620	2738	0.20742181938974
GO:0006412	translation	 68	0.279598131959619	0.902855818889922	28	40	1593	2710	1.11031679790979
GO:0006413	translational initiation	 15	0.955893396394678	1	3	12	1618	2738	0.539296730413325
GO:0006417	regulation of translation	 46	0.563003682574372	1	17	29	1604	2721	0.996526567068101
GO:0006418	tRNA aminoacylation for protein translation	 17	0.00109084841495468	0.083507882195434	13	4	1608	2746	2.06201691040389
GO:0006446	regulation of translational initiation	  6	0.141228566336525	0.710114109470648	4	2	1617	2748	1.79765576804442
GO:0006457	protein folding	 32	0.893939753225314	1	9	23	1612	2727	0.758386027143738
GO:0006464	cellular protein modification process	 11	0.387196429366767	0.98536875238176	5	6	1616	2744	1.22567438730301
GO:0006465	signal peptide processing	  5	0.901559628365078	1	1	4	1620	2746	0.539296730413325
GO:0006469	negative regulation of protein kinase activity	 21	0.850360079129928	1	6	15	1615	2735	0.770423900590464
GO:0006470	protein dephosphorylation	 45	0.396012783996164	0.986068385563992	18	27	1603	2723	1.07859346082665
GO:0006471	protein ADP-ribosylation	  6	0.718815878456455	1	2	4	1619	2746	0.898827884022209
GO:0006473	protein acetylation	  5	0.611006382880356	1	2	3	1619	2747	1.07859346082665
GO:0006479	protein methylation	 10	0.781377725261973	1	3	7	1618	2743	0.808945095619988
GO:0006486	protein glycosylation	 47	0.486401689029614	1	18	29	1603	2721	1.03269586674892
GO:0006487	protein N-linked glycosylation	 10	0.933226906869315	1	2	8	1619	2742	0.539296730413325
GO:0006491	N-glycan processing	  7	1	1	0	7	1621	2743	0
GO:0006493	protein O-linked glycosylation	 11	0.387196429366767	0.98536875238176	5	6	1616	2744	1.22567438730301
GO:0006497	protein lipidation	  5	0.0664052440141702	0.528541035757744	4	1	1617	2749	2.1571869216533
GO:0006509	membrane protein ectodomain proteolysis	  8	0.859928168361515	1	2	6	1619	2744	0.674120913016656
GO:0006511	ubiquitin-dependent protein catabolic process	 79	0.995505144846745	1	19	60	1602	2690	0.648521384674252
GO:0006513	protein monoubiquitination	 15	0.503921793911772	1	6	9	1615	2741	1.07859346082665
GO:0006515	protein quality control for misfolded or incompletely synthesized proteins	  6	0.938108378346802	1	1	5	1620	2745	0.449413942011104
GO:0006517	protein deglycosylation	  5	0.901559628365078	1	1	4	1620	2746	0.539296730413325
GO:0006518	peptide metabolic process	  5	0.901559628365078	1	1	4	1620	2746	0.539296730413325
GO:0006520	cellular amino acid metabolic process	  9	0.4437258909147	1	4	5	1617	2745	1.19843717869628
GO:0006536	glutamate metabolic process	  8	0.859928168361515	1	2	6	1619	2744	0.674120913016656
GO:0006541	glutamine metabolic process	  8	0.339218565637772	0.969924578864316	4	4	1617	2746	1.34824182603331
GO:0006590	thyroid hormone generation	  6	0.395387391728158	0.98536875238176	3	3	1618	2747	1.34824182603331
GO:0006605	protein targeting	 15	0.302496509430501	0.928961961772567	7	8	1614	2742	1.25835903763109
GO:0006606	protein import into nucleus	 30	0.727452192870463	1	10	20	1611	2730	0.898827884022209
GO:0006611	protein export from nucleus	 11	0.954443776392988	1	2	9	1619	2741	0.490269754921205
GO:0006612	protein targeting to membrane	  8	0.621026637444471	1	3	5	1618	2745	1.01118136952498
GO:0006614	SRP-dependent cotranslational protein targeting to membrane	  5	0.901559628365078	1	1	4	1620	2746	0.539296730413325
GO:0006621	protein retention in ER lumen	  5	0.611006382880356	1	2	3	1619	2747	1.07859346082665
GO:0006622	protein targeting to lysosome	  5	0.611006382880356	1	2	3	1619	2747	1.07859346082665
GO:0006631	fatty acid metabolic process	 58	0.000647223894093994	0.0685817615186265	34	24	1587	2726	1.58069731328044
GO:0006633	fatty acid biosynthetic process	 32	0.00299111569494633	0.155805955497933	20	12	1601	2738	1.68530228254164
GO:0006635	fatty acid beta-oxidation	 11	0.631049008593145	1	4	7	1617	2743	0.980539509842409
GO:0006636	unsaturated fatty acid biosynthetic process	  9	0.0158160203253439	0.337683836946336	7	2	1614	2748	2.09726506271849
GO:0006641	triglyceride metabolic process	 11	0.0675829846107961	0.528541035757744	7	4	1614	2746	1.71594414222422
GO:0006644	phospholipid metabolic process	 11	0.387196429366767	0.98536875238176	5	6	1616	2744	1.22567438730301
GO:0006656	phosphatidylcholine biosynthetic process	  5	0.268307979032342	0.874292856505159	3	2	1618	2748	1.61789019123998
GO:0006661	phosphatidylinositol biosynthetic process	  5	0.268307979032342	0.874292856505159	3	2	1618	2748	1.61789019123998
GO:0006665	sphingolipid metabolic process	  9	0.984630666865282	1	1	8	1620	2742	0.299609294674069
GO:0006672	ceramide metabolic process	  5	0.0664052440141702	0.528541035757744	4	1	1617	2749	2.1571869216533
GO:0006693	prostaglandin metabolic process	 12	0.47763441574499	1	5	7	1616	2743	1.12353485502776
GO:0006694	steroid biosynthetic process	 25	0.00163042809041465	0.116616369166908	17	8	1604	2742	1.83360888340531
GO:0006695	cholesterol biosynthetic process	 14	0.00189202824560594	0.128883162159014	11	3	1610	2747	2.11866572662378
GO:0006730	one-carbon metabolic process	  7	0.515348610516959	1	3	4	1618	2746	1.1556358508857
GO:0006734	NADH metabolic process	  6	0.395387391728158	0.98536875238176	3	3	1618	2747	1.34824182603331
GO:0006739	NADP metabolic process	  5	0.0664052440141702	0.528541035757744	4	1	1617	2749	2.1571869216533
GO:0006744	ubiquinone biosynthetic process	  5	0.268307979032342	0.874292856505159	3	2	1618	2748	1.61789019123998
GO:0006749	glutathione metabolic process	 12	0.111452854572757	0.710114109470648	7	5	1614	2745	1.57294879703886
GO:0006754	ATP biosynthetic process	  5	0.901559628365078	1	1	4	1620	2746	0.539296730413325
GO:0006790	sulfur compound metabolic process	  5	0.0664052440141702	0.528541035757744	4	1	1617	2749	2.1571869216533
GO:0006796	phosphate-containing compound metabolic process	  5	0.901559628365078	1	1	4	1620	2746	0.539296730413325
GO:0006801	superoxide metabolic process	  7	0.800202785632254	1	2	5	1619	2745	0.770423900590465
GO:0006805	xenobiotic metabolic process	 10	0.781377725261973	1	3	7	1618	2743	0.808945095619988
GO:0006807	nitrogen compound metabolic process	 10	0.933226906869315	1	2	8	1619	2742	0.539296730413325
GO:0006812	cation transport	 13	0.562999658909294	1	5	8	1616	2742	1.0371090969487
GO:0006813	potassium ion transport	 30	0.840320506967311	1	9	21	1612	2729	0.808945095619988
GO:0006814	sodium ion transport	 21	0.715069803827514	1	7	14	1614	2736	0.898827884022208
GO:0006816	calcium ion transport	 38	0.0702281139161311	0.528541035757744	19	19	1602	2731	1.34824182603331
GO:0006817	phosphate ion transport	  5	0.268307979032342	0.874292856505159	3	2	1618	2748	1.61789019123998
GO:0006820	anion transport	  6	0.938108378346802	1	1	5	1620	2745	0.449413942011104
GO:0006821	chloride transport	 15	0.503921793911772	1	6	9	1615	2741	1.07859346082665
GO:0006836	neurotransmitter transport	 10	0.781377725261973	1	3	7	1618	2743	0.808945095619988
GO:0006839	mitochondrial transport	  5	0.268307979032342	0.874292856505159	3	2	1618	2748	1.61789019123998
GO:0006865	amino acid transport	 15	0.302496509430501	0.928961961772567	7	8	1614	2742	1.25835903763109
GO:0006869	lipid transport	 26	0.00959547830952374	0.256683598009436	16	10	1605	2740	1.65937455511792
GO:0006874	cellular calcium ion homeostasis	 35	0.10916812475707	0.710114109470648	17	18	1604	2732	1.30972063100379
GO:0006878	cellular copper ion homeostasis	  5	0.611006382880356	1	2	3	1619	2747	1.07859346082665
GO:0006879	cellular iron ion homeostasis	 15	0.503921793911772	1	6	9	1615	2741	1.07859346082665
GO:0006883	cellular sodium ion homeostasis	  5	0.611006382880356	1	2	3	1619	2747	1.07859346082665
GO:0006886	intracellular protein transport	 88	0.997342748574318	1	21	67	1600	2683	0.643479053334081
GO:0006887	exocytosis	 25	0.766033418298173	1	8	17	1613	2733	0.86287476866132
GO:0006888	endoplasmic reticulum to Golgi vesicle-mediated transport	 38	0.700512246559205	1	13	25	1608	2725	0.922481249391214
GO:0006890	retrograde vesicle-mediated transport, Golgi to endoplasmic reticulum	 18	0.52551977682233	1	7	11	1614	2739	1.04863253135924
GO:0006891	intra-Golgi vesicle-mediated transport	  7	0.961092643799227	1	1	6	1620	2744	0.385211950295232
GO:0006892	post-Golgi vesicle-mediated transport	  5	0.611006382880356	1	2	3	1619	2747	1.07859346082665
GO:0006893	Golgi to plasma membrane transport	  8	0.859928168361515	1	2	6	1619	2744	0.674120913016656
GO:0006895	Golgi to endosome transport	  6	0.718815878456455	1	2	4	1619	2746	0.898827884022209
GO:0006897	endocytosis	 77	0.0306390466343296	0.448933792822859	37	40	1584	2710	1.29571292372033
GO:0006898	receptor-mediated endocytosis	 21	0.543943711555115	1	8	13	1613	2737	1.02723186745395
GO:0006904	vesicle docking involved in exocytosis	 12	0.47763441574499	1	5	7	1616	2743	1.12353485502776
GO:0006906	vesicle fusion	  6	0.718815878456455	1	2	4	1619	2746	0.898827884022209
GO:0006909	phagocytosis	 23	0.497589966419079	1	9	14	1612	2736	1.05514577689564
GO:0006910	phagocytosis, recognition	  5	0.611006382880356	1	2	3	1619	2747	1.07859346082665
GO:0006911	phagocytosis, engulfment	  9	0.902857070547847	1	2	7	1619	2743	0.599218589348139
GO:0006913	nucleocytoplasmic transport	 10	0.542375343419917	1	4	6	1617	2744	1.07859346082665
GO:0006914	autophagy	 48	0.753009446476356	1	16	32	1605	2718	0.898827884022209
GO:0006919	activation of cysteine-type endopeptidase activity involved in apoptotic process	 28	0.629646782510211	1	10	18	1611	2732	0.963029875738081
GO:0006935	chemotaxis	 27	0.41659720784538	1	11	16	1610	2734	1.09856741380492
GO:0006936	muscle contraction	 27	0.00549591260149961	0.215394602094389	17	10	1604	2740	1.69778600315306
GO:0006937	regulation of muscle contraction	 12	0.000141788527432524	0.040565697698445	11	1	1610	2749	2.47177668106107
GO:0006939	smooth muscle contraction	  7	0.800202785632254	1	2	5	1619	2745	0.770423900590465
GO:0006940	regulation of smooth muscle contraction	  8	0.859928168361515	1	2	6	1619	2744	0.674120913016656
GO:0006941	striated muscle contraction	  9	0.4437258909147	1	4	5	1617	2745	1.19843717869628
GO:0006952	defense response	 15	0.955893396394678	1	3	12	1618	2738	0.539296730413325
GO:0006953	acute-phase response	  9	0.984630666865282	1	1	8	1620	2742	0.299609294674069
GO:0006954	inflammatory response	 69	0.939095495332616	1	20	49	1601	2701	0.781589464367138
GO:0006955	immune response	 41	0.995592772037432	1	8	33	1613	2717	0.526143151622756
GO:0006957	complement activation, alternative pathway	  5	1	1	0	5	1621	2745	0
GO:0006958	complement activation, classical pathway	  7	0.961092643799227	1	1	6	1620	2744	0.385211950295232
GO:0006959	humoral immune response	  7	0.235439100009758	0.874292856505159	4	3	1617	2747	1.54084780118093
GO:0006970	response to osmotic stress	  6	0.395387391728158	0.98536875238176	3	3	1618	2747	1.34824182603331
GO:0006977	DNA damage response, signal transduction by p53 class mediator resulting in cell cycle arrest	  5	0.268307979032342	0.874292856505159	3	2	1618	2748	1.61789019123998
GO:0006978	DNA damage response, signal transduction by p53 class mediator resulting in transcription of p21 class mediator	  5	0.901559628365078	1	1	4	1620	2746	0.539296730413325
GO:0006979	response to oxidative stress	 48	0.0450860569338867	0.524354507674187	24	24	1597	2726	1.34824182603331
GO:0006983	ER overload response	  8	0.859928168361515	1	2	6	1619	2744	0.674120913016656
GO:0006986	response to unfolded protein	 17	0.269741605445141	0.875971320293472	8	9	1613	2741	1.26893348332547
GO:0006997	nucleus organization	  9	0.709677010709356	1	3	6	1618	2744	0.898827884022208
GO:0006998	nuclear envelope organization	  8	0.9755447117189	1	1	7	1620	2743	0.337060456508328
GO:0007005	mitochondrion organization	 17	0.0190544666017356	0.363364088011944	11	6	1610	2744	1.74478353957252
GO:0007009	plasma membrane organization	 12	0.111452854572757	0.710114109470648	7	5	1614	2745	1.57294879703886
GO:0007010	cytoskeleton organization	 37	0.390093970375304	0.98536875238176	15	22	1606	2728	1.09316904813512
GO:0007015	actin filament organization	 39	0.0485517584409444	0.528541035757744	20	19	1601	2731	1.38281212926494
GO:0007017	microtubule-based process	 11	0.837750994012784	1	3	8	1618	2742	0.735404632381807
GO:0007018	microtubule-based movement	 20	0.47666871145095	1	8	12	1613	2738	1.07859346082665
GO:0007020	microtubule nucleation	  7	0.515348610516959	1	3	4	1618	2746	1.1556358508857
GO:0007026	negative regulation of microtubule depolymerization	  8	0.339218565637772	0.969924578864316	4	4	1617	2746	1.34824182603331
GO:0007029	endoplasmic reticulum organization	 13	0.166705340484931	0.79358399189249	7	6	1614	2744	1.45195273572818
GO:0007030	Golgi organization	 34	0.931641194952811	1	9	25	1612	2725	0.713775084370577
GO:0007031	peroxisome organization	  8	0.621026637444471	1	3	5	1618	2745	1.01118136952498
GO:0007032	endosome organization	 11	0.631049008593145	1	4	7	1617	2743	0.980539509842409
GO:0007034	vacuolar transport	  8	0.859928168361515	1	2	6	1619	2744	0.674120913016656
GO:0007040	lysosome organization	 10	0.295751712156876	0.928961961772567	5	5	1616	2745	1.34824182603331
GO:0007041	lysosomal transport	  5	0.268307979032342	0.874292856505159	3	2	1618	2748	1.61789019123998
GO:0007042	lysosomal lumen acidification	  5	0.611006382880356	1	2	3	1619	2747	1.07859346082665
GO:0007043	cell-cell junction assembly	  7	0.515348610516959	1	3	4	1618	2746	1.1556358508857
GO:0007050	cell cycle arrest	 31	0.00517525861770817	0.215394602094389	19	12	1602	2738	1.652683528686
GO:0007051	spindle organization	  7	0.0123627495615496	0.280712908695187	6	1	1615	2749	2.31127170177139
GO:0007052	mitotic spindle organization	 19	0.00544393223214209	0.215394602094389	13	6	1608	2744	1.84496249878243
GO:0007059	chromosome segregation	 37	0.0530322793731092	0.528541035757744	19	18	1602	2732	1.38468079430448
GO:0007062	sister chromatid cohesion	  9	0.902857070547847	1	2	7	1619	2743	0.599218589348139
GO:0007064	mitotic sister chromatid cohesion	  7	0.515348610516959	1	3	4	1618	2746	1.1556358508857
GO:0007076	mitotic chromosome condensation	  7	0.0705706660816002	0.528541035757744	5	2	1616	2748	1.92605975147616
GO:0007080	mitotic metaphase plate congression	 16	0.0934465963216342	0.641128805938118	9	7	1612	2743	1.51677205428748
GO:0007088	regulation of mitotic nuclear division	  8	0.131659634381745	0.710114109470648	5	3	1616	2747	1.68530228254164
GO:0007093	mitotic cell cycle checkpoint	 11	0.387196429366767	0.98536875238176	5	6	1616	2744	1.22567438730301
GO:0007094	mitotic spindle assembly checkpoint	 15	0.000863865075140181	0.0757055033558294	12	3	1609	2747	2.1571869216533
GO:0007095	mitotic G2 DNA damage checkpoint	  9	0.709677010709356	1	3	6	1618	2744	0.898827884022208
GO:0007097	nuclear migration	  5	0.611006382880356	1	2	3	1619	2747	1.07859346082665
GO:0007098	centrosome cycle	 15	0.302496509430501	0.928961961772567	7	8	1614	2742	1.25835903763109
GO:0007100	mitotic centrosome separation	  5	0.0664052440141702	0.528541035757744	4	1	1617	2749	2.1571869216533
GO:0007131	reciprocal meiotic recombination	  8	0.131659634381745	0.710114109470648	5	3	1616	2747	1.68530228254164
GO:0007140	male meiotic nuclear division	  5	0.268307979032342	0.874292856505159	3	2	1618	2748	1.61789019123998
GO:0007154	cell communication	 11	0.387196429366767	0.98536875238176	5	6	1616	2744	1.22567438730301
GO:0007156	homophilic cell adhesion via plasma membrane adhesion molecules	 20	0.302943554817828	0.928961961772567	9	11	1612	2739	1.21341764342998
GO:0007157	heterophilic cell-cell adhesion via plasma membrane cell adhesion molecules	 14	0.423351680119263	1	6	8	1615	2742	1.1556358508857
GO:0007159	leukocyte cell-cell adhesion	 11	0.837750994012784	1	3	8	1618	2742	0.735404632381807
GO:0007160	cell-matrix adhesion	 31	0.22544283844604	0.874292856505159	14	17	1607	2733	1.21776681061073
GO:0007162	negative regulation of cell adhesion	 14	0.231314488765893	0.874292856505159	7	7	1614	2743	1.34824182603331
GO:0007163	establishment or maintenance of cell polarity	 18	0.52551977682233	1	7	11	1614	2739	1.04863253135924
GO:0007166	cell surface receptor signaling pathway	 30	0.727452192870463	1	10	20	1611	2730	0.898827884022209
GO:0007169	transmembrane receptor protein tyrosine kinase signaling pathway	 19	0.959788874898685	1	4	15	1617	2735	0.567680768856132
GO:0007173	epidermal growth factor receptor signaling pathway	 12	0.260583248437255	0.874292856505159	6	6	1615	2744	1.34824182603331
GO:0007178	transmembrane receptor protein serine/threonine kinase signaling pathway	  5	0.901559628365078	1	1	4	1620	2746	0.539296730413325
GO:0007179	transforming growth factor beta receptor signaling pathway	 38	0.942510427695217	1	10	28	1611	2722	0.709600961070165
GO:0007187	G protein-coupled receptor signaling pathway, coupled to cyclic nucleotide second messenger	  6	0.938108378346802	1	1	5	1620	2745	0.449413942011104
GO:0007188	adenylate cyclase-modulating G protein-coupled receptor signaling pathway	 15	0.990663624112368	1	2	13	1619	2737	0.359531153608883
GO:0007189	adenylate cyclase-activating G protein-coupled receptor signaling pathway	 16	0.968816490672672	1	3	13	1618	2737	0.505590684762492
GO:0007190	activation of adenylate cyclase activity	  7	0.961092643799227	1	1	6	1620	2744	0.385211950295232
GO:0007193	adenylate cyclase-inhibiting G protein-coupled receptor signaling pathway	 14	0.938074818776605	1	3	11	1618	2739	0.577817925442848
GO:0007194	negative regulation of adenylate cyclase activity	  5	1	1	0	5	1621	2745	0
GO:0007200	phospholipase C-activating G protein-coupled receptor signaling pathway	 11	0.993932037689796	1	1	10	1620	2740	0.245134877460602
GO:0007204	positive regulation of cytosolic calcium ion concentration	 45	0.838638218805193	1	14	31	1607	2719	0.838906025087395
GO:0007205	protein kinase C-activating G protein-coupled receptor signaling pathway	  5	0.611006382880356	1	2	3	1619	2747	1.07859346082665
GO:0007212	dopamine receptor signaling pathway	  8	0.859928168361515	1	2	6	1619	2744	0.674120913016656
GO:0007214	gamma-aminobutyric acid signaling pathway	  9	0.4437258909147	1	4	5	1617	2745	1.19843717869628
GO:0007218	neuropeptide signaling pathway	 16	0.999407101220192	1	1	15	1620	2735	0.168530228254164
GO:0007219	Notch signaling pathway	 33	0.0302523999320867	0.448933792822859	18	15	1603	2735	1.47080926476361
GO:0007224	smoothened signaling pathway	 11	0.387196429366767	0.98536875238176	5	6	1616	2744	1.22567438730301
GO:0007229	integrin-mediated signaling pathway	 34	0.8670646243243	1	10	24	1611	2726	0.793083427078419
GO:0007249	I-kappaB kinase/NF-kappaB signaling	 14	0.998496226027045	1	1	13	1620	2737	0.192605975147616
GO:0007254	JNK cascade	  8	0.9755447117189	1	1	7	1620	2743	0.337060456508328
GO:0007257	activation of JUN kinase activity	  7	0.961092643799227	1	1	6	1620	2744	0.385211950295232
GO:0007259	receptor signaling pathway via JAK-STAT	  9	0.709677010709356	1	3	6	1618	2744	0.898827884022208
GO:0007264	small GTPase mediated signal transduction	 31	0.869347738465423	1	9	22	1612	2728	0.782850092535472
GO:0007265	Ras protein signal transduction	 17	0.0190544666017356	0.363364088011944	11	6	1610	2744	1.74478353957252
GO:0007266	Rho protein signal transduction	 30	0.964366862232025	1	7	23	1614	2727	0.629179518815546
GO:0007267	cell-cell signaling	 22	0.952097071141428	1	5	17	1616	2733	0.612837193651506
GO:0007268	chemical synaptic transmission	 37	0.92838564783966	1	10	27	1611	2723	0.728779365423412
GO:0007269	neurotransmitter secretion	  7	0.800202785632254	1	2	5	1619	2745	0.770423900590465
GO:0007271	synaptic transmission, cholinergic	  5	0.901559628365078	1	1	4	1620	2746	0.539296730413325
GO:0007274	neuromuscular synaptic transmission	  9	0.4437258909147	1	4	5	1617	2745	1.19843717869628
GO:0007276	gamete generation	  7	0.800202785632254	1	2	5	1619	2745	0.770423900590465
GO:0007281	germ cell development	 12	0.260583248437255	0.874292856505159	6	6	1615	2744	1.34824182603331
GO:0007286	spermatid development	 18	0.945046361577901	1	4	14	1617	2736	0.599218589348139
GO:0007338	single fertilization	 13	0.913779546461806	1	3	10	1618	2740	0.622265458169221
GO:0007339	binding of sperm to zona pellucida	  5	0.901559628365078	1	1	4	1620	2746	0.539296730413325
GO:0007346	regulation of mitotic cell cycle	 35	0.807059187470968	1	11	24	1610	2726	0.847466290649511
GO:0007368	determination of left/right symmetry	 12	0.0362473632093955	0.448933792822859	8	4	1613	2746	1.79765576804442
GO:0007369	gastrulation	 13	0.913779546461806	1	3	10	1618	2740	0.622265458169221
GO:0007389	pattern specification process	 12	0.111452854572757	0.710114109470648	7	5	1614	2745	1.57294879703886
GO:0007405	neuroblast proliferation	  5	0.0664052440141702	0.528541035757744	4	1	1617	2749	2.1571869216533
GO:0007409	axonogenesis	 19	0.88976193662496	1	5	14	1616	2736	0.709600961070165
GO:0007411	axon guidance	 37	0.390093970375304	0.98536875238176	15	22	1606	2728	1.09316904813512
GO:0007413	axonal fasciculation	  5	0.0664052440141702	0.528541035757744	4	1	1617	2749	2.1571869216533
GO:0007416	synapse assembly	 12	0.47763441574499	1	5	7	1616	2743	1.12353485502776
GO:0007417	central nervous system development	 20	0.47666871145095	1	8	12	1613	2738	1.07859346082665
GO:0007420	brain development	 75	0.0548534678590462	0.528541035757744	35	40	1586	2710	1.25835903763109
GO:0007422	peripheral nervous system development	  7	0.0123627495615496	0.280712908695187	6	1	1615	2749	2.31127170177139
GO:0007492	endoderm development	 11	0.954443776392988	1	2	9	1619	2741	0.490269754921205
GO:0007498	mesoderm development	  6	0.938108378346802	1	1	5	1620	2745	0.449413942011104
GO:0007507	heart development	 89	0.112288644189382	0.710114109470648	39	50	1582	2700	1.18160519584942
GO:0007512	adult heart development	  6	0.718815878456455	1	2	4	1619	2746	0.898827884022209
GO:0007517	muscle organ development	 20	0.302943554817828	0.928961961772567	9	11	1612	2739	1.21341764342998
GO:0007519	skeletal muscle tissue development	 28	0.0550817326472331	0.528541035757744	15	13	1606	2737	1.44454481360712
GO:0007520	myoblast fusion	  8	0.339218565637772	0.969924578864316	4	4	1617	2746	1.34824182603331
GO:0007528	neuromuscular junction development	 10	0.121417105926346	0.710114109470648	6	4	1615	2746	1.61789019123998
GO:0007565	female pregnancy	 19	0.88976193662496	1	5	14	1616	2736	0.709600961070165
GO:0007566	embryo implantation	 17	0.00516428859533739	0.215394602094389	12	5	1609	2745	1.90340022498821
GO:0007568	aging	 73	0.200333746708658	0.874292856505159	31	42	1590	2708	1.14508209882281
GO:0007569	cell aging	 13	0.0640935809337508	0.528541035757744	8	5	1613	2745	1.65937455511792
GO:0007584	response to nutrient	 29	0.076056669223745	0.557943924741371	15	14	1606	2736	1.39473292348274
GO:0007585	respiratory gaseous exchange by respiratory system	  5	0.901559628365078	1	1	4	1620	2746	0.539296730413325
GO:0007595	lactation	 16	0.377175534783405	0.98536875238176	7	9	1614	2741	1.17971159777915
GO:0007596	blood coagulation	 18	0.71158646990997	1	6	12	1615	2738	0.898827884022208
GO:0007599	hemostasis	 13	0.772092592176301	1	4	9	1617	2741	0.829687277558962
GO:0007601	visual perception	 38	0.989579664075494	1	8	30	1613	2720	0.567680768856132
GO:0007602	phototransduction	  6	0.938108378346802	1	1	5	1620	2745	0.449413942011104
GO:0007605	sensory perception of sound	 38	0.207094745431915	0.874292856505159	17	21	1604	2729	1.20632163381928
GO:0007608	sensory perception of smell	 19	0.999853366182147	1	1	18	1620	2732	0.141920192214033
GO:0007611	learning or memory	 21	0.367346836281681	0.98536875238176	9	12	1612	2738	1.1556358508857
GO:0007612	learning	  9	0.0701198146538523	0.528541035757744	6	3	1615	2747	1.79765576804442
GO:0007613	memory	 24	0.560074321941117	1	9	15	1612	2735	1.01118136952498
GO:0007616	long-term memory	 13	0.341050026682105	0.969924578864316	6	7	1615	2743	1.24453091633844
GO:0007623	circadian rhythm	 36	0.340946569381681	0.969924578864316	15	21	1606	2729	1.12353485502776
GO:0007626	locomotory behavior	 22	0.952097071141428	1	5	17	1616	2733	0.612837193651506
GO:0007628	adult walking behavior	  9	0.208584409041611	0.874292856505159	5	4	1616	2746	1.49804647337035
GO:0008009	chemokine activity	  6	0.395387391728158	0.98536875238176	3	3	1618	2747	1.34824182603331
GO:0008013	beta-catenin binding	 17	0.135312010717701	0.710114109470648	9	8	1612	2742	1.42755016874115
GO:0008016	regulation of heart contraction	 12	0.111452854572757	0.710114109470648	7	5	1614	2745	1.57294879703886
GO:0008017	microtubule binding	 62	0.0439538826959579	0.523966909971398	30	32	1591	2718	1.30475015422579
GO:0008021	synaptic vesicle	 44	0.596166352523985	1	16	28	1605	2722	0.980539509842409
GO:0008022	protein C-terminus binding	 82	0.236508538949438	0.874292856505159	34	48	1587	2702	1.11805419719836
GO:0008023	transcription elongation factor complex	  7	1	1	0	7	1621	2743	0
GO:0008033	tRNA processing	 19	0.88976193662496	1	5	14	1616	2736	0.709600961070165
GO:0008045	motor neuron axon guidance	 10	0.295751712156876	0.928961961772567	5	5	1616	2745	1.34824182603331
GO:0008047	enzyme activator activity	 11	0.631049008593145	1	4	7	1617	2743	0.980539509842409
GO:0008076	voltage-gated potassium channel complex	 13	0.913779546461806	1	3	10	1618	2740	0.622265458169221
GO:0008080	N-acetyltransferase activity	  7	0.961092643799227	1	1	6	1620	2744	0.385211950295232
GO:0008081	phosphoric diester hydrolase activity	 14	0.824696881307542	1	4	10	1617	2740	0.770423900590465
GO:0008083	growth factor activity	 44	0.15899782383781	0.776267532423164	20	24	1601	2726	1.22567438730301
GO:0008089	anterograde axonal transport	  9	0.902857070547847	1	2	7	1619	2743	0.599218589348139
GO:0008090	retrograde axonal transport	  5	0.901559628365078	1	1	4	1620	2746	0.539296730413325
GO:0008092	cytoskeletal protein binding	 35	0.0279143341837555	0.448381840769795	19	16	1602	2734	1.46380541112188
GO:0008094	DNA-dependent ATPase activity	 14	0.938074818776605	1	3	11	1618	2739	0.577817925442848
GO:0008104	protein localization	 22	0.432829769572727	1	9	13	1612	2737	1.10310694857271
GO:0008131	primary amine oxidase activity	  5	0.901559628365078	1	1	4	1620	2746	0.539296730413325
GO:0008137	NADH dehydrogenase (ubiquinone) activity	  7	0.961092643799227	1	1	6	1620	2744	0.385211950295232
GO:0008138	protein tyrosine/serine/threonine phosphatase activity	 12	0.260583248437255	0.874292856505159	6	6	1615	2744	1.34824182603331
GO:0008139	nuclear localization sequence binding	  9	0.902857070547847	1	2	7	1619	2743	0.599218589348139
GO:0008143	poly(A) binding	 10	1	1	0	10	1621	2740	0
GO:0008144	drug binding	 29	0.532455752163122	1	11	18	1610	2732	1.02280414388734
GO:0008146	sulfotransferase activity	 15	0.708911907066413	1	5	10	1616	2740	0.898827884022209
GO:0008152	metabolic process	 50	0.0413350225170593	0.499976906207156	25	25	1596	2725	1.34824182603331
GO:0008154	actin polymerization or depolymerization	  7	0.235439100009758	0.874292856505159	4	3	1617	2747	1.54084780118093
GO:0008156	negative regulation of DNA replication	  7	0.961092643799227	1	1	6	1620	2744	0.385211950295232
GO:0008168	methyltransferase activity	 32	0.166470575396627	0.79358399189249	15	17	1606	2733	1.26397671190623
GO:0008179	adenylate cyclase binding	  6	0.395387391728158	0.98536875238176	3	3	1618	2747	1.34824182603331
GO:0008180	COP9 signalosome	 11	0.186018051505006	0.848800072337835	6	5	1615	2745	1.47080926476361
GO:0008201	heparin binding	 55	0.00110915747061394	0.083507882195434	32	23	1589	2727	1.56886321574785
GO:0008202	steroid metabolic process	 37	0.000530922666337856	0.0629462976018837	24	13	1597	2737	1.74907047701619
GO:0008203	cholesterol metabolic process	 31	0.00517525861770817	0.215394602094389	19	12	1602	2738	1.652683528686
GO:0008210	estrogen metabolic process	  6	0.718815878456455	1	2	4	1619	2746	0.898827884022209
GO:0008217	regulation of blood pressure	 18	0.0855106932405852	0.608572371545558	10	8	1611	2742	1.49804647337035
GO:0008219	cell death	 10	0.542375343419917	1	4	6	1617	2744	1.07859346082665
GO:0008234	cysteine-type peptidase activity	 42	0.906707059588054	1	12	30	1609	2720	0.770423900590464
GO:0008236	serine-type peptidase activity	 40	0.984301986726836	1	9	31	1612	2719	0.606708821714991
GO:0008237	metallopeptidase activity	 33	0.599420754318958	1	12	21	1609	2729	0.980539509842409
GO:0008253	5	  5	0.901559628365078	1	1	4	1620	2746	0.539296730413325
GO:0008266	poly(U) RNA binding	  5	0.901559628365078	1	1	4	1620	2746	0.539296730413325
GO:0008277	regulation of G protein-coupled receptor signaling pathway	  9	0.709677010709356	1	3	6	1618	2744	0.898827884022208
GO:0008278	cohesin complex	  6	1	1	0	6	1621	2744	0
GO:0008283	cell population proliferation	 69	0.109468834971326	0.710114109470648	31	38	1590	2712	1.21146366976906
GO:0008286	insulin receptor signaling pathway	 21	0.543943711555115	1	8	13	1613	2737	1.02723186745395
GO:0008289	lipid binding	 61	0.0974995626712422	0.667335523450775	28	33	1593	2717	1.23773020094861
GO:0008299	isoprenoid biosynthetic process	  8	0.0339172851015134	0.448933792822859	6	2	1615	2748	2.02236273904997
GO:0008301	DNA binding, bending	  6	0.395387391728158	0.98536875238176	3	3	1618	2747	1.34824182603331
GO:0008305	integrin complex	 12	0.969116020269325	1	2	10	1619	2740	0.449413942011104
GO:0008306	associative learning	  8	0.621026637444471	1	3	5	1618	2745	1.01118136952498
GO:0008307	structural constituent of muscle	  7	0.235439100009758	0.874292856505159	4	3	1617	2747	1.54084780118093
GO:0008327	methyl-CpG binding	  7	0.235439100009758	0.874292856505159	4	3	1617	2747	1.54084780118093
GO:0008328	ionotropic glutamate receptor complex	  6	0.938108378346802	1	1	5	1620	2745	0.449413942011104
GO:0008331	high voltage-gated calcium channel activity	  5	0.268307979032342	0.874292856505159	3	2	1618	2748	1.61789019123998
GO:0008333	endosome to lysosome transport	  8	0.859928168361515	1	2	6	1619	2744	0.674120913016656
GO:0008340	determination of adult lifespan	 11	0.837750994012784	1	3	8	1618	2742	0.735404632381807
GO:0008344	adult locomotory behavior	 18	0.0855106932405852	0.608572371545558	10	8	1611	2742	1.49804647337035
GO:0008347	glial cell migration	  5	0.611006382880356	1	2	3	1619	2747	1.07859346082665
GO:0008353	RNA polymerase II CTD heptapeptide repeat kinase activity	  8	0.859928168361515	1	2	6	1619	2744	0.674120913016656
GO:0008360	regulation of cell shape	 65	0.189277649825058	0.860927434259923	28	37	1593	2713	1.16156218858255
GO:0008361	regulation of cell size	  9	0.208584409041611	0.874292856505159	5	4	1616	2746	1.49804647337035
GO:0008373	sialyltransferase activity	  6	0.718815878456455	1	2	4	1619	2746	0.898827884022209
GO:0008375	acetylglucosaminyltransferase activity	 10	0.295751712156876	0.928961961772567	5	5	1616	2745	1.34824182603331
GO:0008376	acetylgalactosaminyltransferase activity	 10	0.781377725261973	1	3	7	1618	2743	0.808945095619988
GO:0008378	galactosyltransferase activity	  8	0.859928168361515	1	2	6	1619	2744	0.674120913016656
GO:0008380	RNA splicing	 81	0.999926311482219	1	15	66	1606	2684	0.499348824456783
GO:0008395	steroid hydroxylase activity	  8	1	1	0	8	1621	2742	0
GO:0008408	3	  6	0.141228566336525	0.710114109470648	4	2	1617	2748	1.79765576804442
GO:0008432	JUN kinase binding	  8	0.339218565637772	0.969924578864316	4	4	1617	2746	1.34824182603331
GO:0008483	transaminase activity	  9	0.208584409041611	0.874292856505159	5	4	1616	2746	1.49804647337035
GO:0008528	G protein-coupled peptide receptor activity	  8	1	1	0	8	1621	2742	0
GO:0008536	Ran GTPase binding	 19	0.765602332251481	1	6	13	1615	2737	0.851521153284198
GO:0008540	proteasome regulatory particle, base subcomplex	  5	0.268307979032342	0.874292856505159	3	2	1618	2748	1.61789019123998
GO:0008542	visual learning	 18	0.185113328194816	0.848800072337835	9	9	1612	2741	1.34824182603331
GO:0008543	fibroblast growth factor receptor signaling pathway	 16	0.377175534783405	0.98536875238176	7	9	1614	2741	1.17971159777915
GO:0008544	epidermis development	 15	0.955893396394678	1	3	12	1618	2738	0.539296730413325
GO:0008553	proton-exporting ATPase activity, phosphorylative mechanism	  7	0.235439100009758	0.874292856505159	4	3	1617	2747	1.54084780118093
GO:0008574	ATP-dependent microtubule motor activity, plus-end-directed	  8	0.621026637444471	1	3	5	1618	2745	1.01118136952498
GO:0008584	male gonad development	 44	0.15899782383781	0.776267532423164	20	24	1601	2726	1.22567438730301
GO:0008585	female gonad development	 12	0.707756305017222	1	4	8	1617	2742	0.898827884022209
GO:0008593	regulation of Notch signaling pathway	 10	0.121417105926346	0.710114109470648	6	4	1615	2746	1.61789019123998
GO:0008610	lipid biosynthetic process	  8	0.0339172851015134	0.448933792822859	6	2	1615	2748	2.02236273904997
GO:0008625	extrinsic apoptotic signaling pathway via death domain receptors	  8	0.621026637444471	1	3	5	1618	2745	1.01118136952498
GO:0008630	intrinsic apoptotic signaling pathway in response to DNA damage	 20	0.47666871145095	1	8	12	1613	2738	1.07859346082665
GO:0008631	intrinsic apoptotic signaling pathway in response to oxidative stress	  6	0.00258631209375338	0.140144134524929	6	0	1615	2750	2.69648365206663
GO:0008637	apoptotic mitochondrial changes	  9	0.4437258909147	1	4	5	1617	2745	1.19843717869628
GO:0008643	carbohydrate transport	  5	0.268307979032342	0.874292856505159	3	2	1618	2748	1.61789019123998
GO:0008652	cellular amino acid biosynthetic process	 12	0.000141788527432524	0.040565697698445	11	1	1610	2749	2.47177668106107
GO:0008654	phospholipid biosynthetic process	 23	0.0449613713268757	0.524354507674187	13	10	1608	2740	1.52409945551592
GO:0008656	cysteine-type endopeptidase activator activity involved in apoptotic process	  5	0.901559628365078	1	1	4	1620	2746	0.539296730413325
GO:0009055	electron transfer activity	 13	0.772092592176301	1	4	9	1617	2741	0.829687277558962
GO:0009058	biosynthetic process	 11	0.631049008593145	1	4	7	1617	2743	0.980539509842409
GO:0009060	aerobic respiration	  7	0.515348610516959	1	3	4	1618	2746	1.1556358508857
GO:0009116	nucleoside metabolic process	  6	0.938108378346802	1	1	5	1620	2745	0.449413942011104
GO:0009117	nucleotide metabolic process	 11	0.631049008593145	1	4	7	1617	2743	0.980539509842409
GO:0009267	cellular response to starvation	 28	0.201788078320367	0.874292856505159	13	15	1608	2735	1.2519388384595
GO:0009303	rRNA transcription	  6	0.718815878456455	1	2	4	1619	2746	0.898827884022209
GO:0009306	protein secretion	 16	0.0934465963216342	0.641128805938118	9	7	1612	2743	1.51677205428748
GO:0009312	oligosaccharide biosynthetic process	  6	0.718815878456455	1	2	4	1619	2746	0.898827884022209
GO:0009314	response to radiation	 16	0.377175534783405	0.98536875238176	7	9	1614	2741	1.17971159777915
GO:0009408	response to heat	 20	0.658027773070048	1	7	13	1614	2737	0.943769278223319
GO:0009409	response to cold	  8	0.859928168361515	1	2	6	1619	2744	0.674120913016656
GO:0009411	response to UV	 19	0.241559397610987	0.874292856505159	9	10	1612	2740	1.2772817299263
GO:0009416	response to light stimulus	 12	0.260583248437255	0.874292856505159	6	6	1615	2744	1.34824182603331
GO:0009566	fertilization	 13	0.562999658909294	1	5	8	1616	2742	1.0371090969487
GO:0009611	response to wounding	 26	0.123126678956176	0.710114109470648	13	13	1608	2737	1.34824182603331
GO:0009612	response to mechanical stimulus	 33	0.0129700162021669	0.287652839956586	19	14	1602	2736	1.55252089058381
GO:0009615	response to virus	 21	0.850360079129928	1	6	15	1615	2735	0.770423900590464
GO:0009617	response to bacterium	 35	0.97643285898993	1	8	27	1613	2723	0.616339120472372
GO:0009636	response to toxic substance	 44	0.053726619778787	0.528541035757744	22	22	1599	2728	1.34824182603331
GO:0009653	anatomical structure morphogenesis	 15	0.955893396394678	1	3	12	1618	2738	0.539296730413325
GO:0009725	response to hormone	 30	0.297324452610747	0.928961961772567	13	17	1608	2733	1.16847624922887
GO:0009743	response to carbohydrate	  6	0.395387391728158	0.98536875238176	3	3	1618	2747	1.34824182603331
GO:0009749	response to glucose	 26	0.123126678956176	0.710114109470648	13	13	1608	2737	1.34824182603331
GO:0009755	hormone-mediated signaling pathway	 10	0.990342195753722	1	1	9	1620	2741	0.269648365206663
GO:0009791	post-embryonic development	 29	0.680799956377099	1	10	19	1611	2731	0.929821948988492
GO:0009792	embryo development ending in birth or egg hatching	  5	0.901559628365078	1	1	4	1620	2746	0.539296730413325
GO:0009887	animal organ morphogenesis	 30	0.437387125497873	1	12	18	1609	2732	1.07859346082665
GO:0009888	tissue development	 12	0.0362473632093955	0.448933792822859	8	4	1613	2746	1.79765576804442
GO:0009897	external side of plasma membrane	 90	0.802948977618298	1	30	60	1591	2690	0.898827884022208
GO:0009898	cytoplasmic side of plasma membrane	 16	0.899893321190038	1	4	12	1617	2738	0.674120913016656
GO:0009925	basal plasma membrane	 16	0.579969549388792	1	6	10	1615	2740	1.01118136952498
GO:0009948	anterior/posterior axis specification	  8	0.859928168361515	1	2	6	1619	2744	0.674120913016656
GO:0009952	anterior/posterior pattern specification	 32	0.979335671130979	1	7	25	1614	2725	0.589855798889574
GO:0009953	dorsal/ventral pattern formation	 12	0.47763441574499	1	5	7	1616	2743	1.12353485502776
GO:0009954	proximal/distal pattern formation	  7	0.515348610516959	1	3	4	1618	2746	1.1556358508857
GO:0009966	regulation of signal transduction	 11	0.631049008593145	1	4	7	1617	2743	0.980539509842409
GO:0009967	positive regulation of signal transduction	 14	0.640581869348199	1	5	9	1616	2741	0.963029875738081
GO:0009968	negative regulation of signal transduction	 18	0.52551977682233	1	7	11	1614	2739	1.04863253135924
GO:0009987	cellular process	 16	0.377175534783405	0.98536875238176	7	9	1614	2741	1.17971159777915
GO:0010001	glial cell differentiation	  6	0.718815878456455	1	2	4	1619	2746	0.898827884022209
GO:0010008	endosome membrane	 46	0.782224175965108	1	15	31	1606	2719	0.87928814741303
GO:0010033	response to organic substance	 38	0.00705832400267427	0.221476302604128	22	16	1599	2734	1.56112211435436
GO:0010035	response to inorganic substance	  7	0.515348610516959	1	3	4	1618	2746	1.1556358508857
GO:0010038	response to metal ion	  5	0.268307979032342	0.874292856505159	3	2	1618	2748	1.61789019123998
GO:0010039	response to iron ion	  8	0.859928168361515	1	2	6	1619	2744	0.674120913016656
GO:0010043	response to zinc ion	 11	0.954443776392988	1	2	9	1619	2741	0.490269754921205
GO:0010165	response to X-ray	 10	0.121417105926346	0.710114109470648	6	4	1615	2746	1.61789019123998
GO:0010212	response to ionizing radiation	 11	0.0675829846107961	0.528541035757744	7	4	1614	2746	1.71594414222422
GO:0010243	response to organonitrogen compound	 19	0.12239547328796	0.710114109470648	10	9	1611	2741	1.41920192214033
GO:0010248	establishment or maintenance of transmembrane electrochemical gradient	  7	0.800202785632254	1	2	5	1619	2745	0.770423900590465
GO:0010288	response to lead ion	  5	0.611006382880356	1	2	3	1619	2747	1.07859346082665
GO:0010314	phosphatidylinositol-5-phosphate binding	  5	0.268307979032342	0.874292856505159	3	2	1618	2748	1.61789019123998
GO:0010332	response to gamma radiation	 11	0.387196429366767	0.98536875238176	5	6	1616	2744	1.22567438730301
GO:0010458	exit from mitosis	  5	0.268307979032342	0.874292856505159	3	2	1618	2748	1.61789019123998
GO:0010460	positive regulation of heart rate	  7	0.515348610516959	1	3	4	1618	2746	1.1556358508857
GO:0010466	negative regulation of peptidase activity	 26	0.673598644207634	1	9	17	1612	2733	0.933398187253832
GO:0010467	gene expression	  7	0.961092643799227	1	1	6	1620	2744	0.385211950295232
GO:0010468	regulation of gene expression	 77	0.319096703128294	0.969924578864316	31	46	1590	2704	1.08559731446838
GO:0010494	cytoplasmic stress granule	 25	0.945598030792113	1	6	19	1615	2731	0.64715607649599
GO:0010498	proteasomal protein catabolic process	  8	0.9755447117189	1	1	7	1620	2743	0.337060456508328
GO:0010499	proteasomal ubiquitin-independent protein catabolic process	  7	0.515348610516959	1	3	4	1618	2746	1.1556358508857
GO:0010506	regulation of autophagy	 18	0.52551977682233	1	7	11	1614	2739	1.04863253135924
GO:0010507	negative regulation of autophagy	 16	0.206480619691051	0.874292856505159	8	8	1613	2742	1.34824182603331
GO:0010508	positive regulation of autophagy	 16	0.899893321190038	1	4	12	1617	2738	0.674120913016656
GO:0010524	positive regulation of calcium ion transport into cytosol	  6	0.141228566336525	0.710114109470648	4	2	1617	2748	1.79765576804442
GO:0010529	negative regulation of transposition	  5	0.611006382880356	1	2	3	1619	2747	1.07859346082665
GO:0010544	negative regulation of platelet activation	  5	0.611006382880356	1	2	3	1619	2747	1.07859346082665
GO:0010569	regulation of double-strand break repair via homologous recombination	  5	0.268307979032342	0.874292856505159	3	2	1618	2748	1.61789019123998
GO:0010575	positive regulation of vascular endothelial growth factor production	 10	0.295751712156876	0.928961961772567	5	5	1616	2745	1.34824182603331
GO:0010592	positive regulation of lamellipodium assembly	  9	0.208584409041611	0.874292856505159	5	4	1616	2746	1.49804647337035
GO:0010594	regulation of endothelial cell migration	  5	0.268307979032342	0.874292856505159	3	2	1618	2748	1.61789019123998
GO:0010595	positive regulation of endothelial cell migration	 17	0.135312010717701	0.710114109470648	9	8	1612	2742	1.42755016874115
GO:0010596	negative regulation of endothelial cell migration	  7	0.235439100009758	0.874292856505159	4	3	1617	2747	1.54084780118093
GO:0010608	posttranscriptional regulation of gene expression	 11	0.954443776392988	1	2	9	1619	2741	0.490269754921205
GO:0010613	positive regulation of cardiac muscle hypertrophy	 11	0.837750994012784	1	3	8	1618	2742	0.735404632381807
GO:0010614	negative regulation of cardiac muscle hypertrophy	  5	0.611006382880356	1	2	3	1619	2747	1.07859346082665
GO:0010629	negative regulation of gene expression	 97	0.0836710665950101	0.602979651204846	43	54	1578	2696	1.19534842308108
GO:0010633	negative regulation of epithelial cell migration	  8	0.621026637444471	1	3	5	1618	2745	1.01118136952498
GO:0010634	positive regulation of epithelial cell migration	 18	0.945046361577901	1	4	14	1617	2736	0.599218589348139
GO:0010666	positive regulation of cardiac muscle cell apoptotic process	 10	0.542375343419917	1	4	6	1617	2744	1.07859346082665
GO:0010667	negative regulation of cardiac muscle cell apoptotic process	 10	0.295751712156876	0.928961961772567	5	5	1616	2745	1.34824182603331
GO:0010717	regulation of epithelial to mesenchymal transition	  5	0.611006382880356	1	2	3	1619	2747	1.07859346082665
GO:0010718	positive regulation of epithelial to mesenchymal transition	 23	0.497589966419079	1	9	14	1612	2736	1.05514577689564
GO:0010719	negative regulation of epithelial to mesenchymal transition	 10	0.542375343419917	1	4	6	1617	2744	1.07859346082665
GO:0010759	positive regulation of macrophage chemotaxis	  8	0.859928168361515	1	2	6	1619	2744	0.674120913016656
GO:0010763	positive regulation of fibroblast migration	  8	0.859928168361515	1	2	6	1619	2744	0.674120913016656
GO:0010800	positive regulation of peptidyl-threonine phosphorylation	  6	0.718815878456455	1	2	4	1619	2746	0.898827884022209
GO:0010801	negative regulation of peptidyl-threonine phosphorylation	  7	0.515348610516959	1	3	4	1618	2746	1.1556358508857
GO:0010811	positive regulation of cell-substrate adhesion	 16	0.000388847081439003	0.0529757857141423	13	3	1608	2747	2.19089296730413
GO:0010812	negative regulation of cell-substrate adhesion	 10	0.121417105926346	0.710114109470648	6	4	1615	2746	1.61789019123998
GO:0010821	regulation of mitochondrion organization	  6	0.938108378346802	1	1	5	1620	2745	0.449413942011104
GO:0010824	regulation of centrosome duplication	  8	0.859928168361515	1	2	6	1619	2744	0.674120913016656
GO:0010831	positive regulation of myotube differentiation	  6	0.0289935828529927	0.448381840769795	5	1	1616	2749	2.24706971005552
GO:0010832	negative regulation of myotube differentiation	  6	0.0289935828529927	0.448381840769795	5	1	1616	2749	2.24706971005552
GO:0010838	positive regulation of keratinocyte proliferation	  5	0.611006382880356	1	2	3	1619	2747	1.07859346082665
GO:0010839	negative regulation of keratinocyte proliferation	  6	0.718815878456455	1	2	4	1619	2746	0.898827884022209
GO:0010862	positive regulation of pathway-restricted SMAD protein phosphorylation	 14	0.423351680119263	1	6	8	1615	2742	1.1556358508857
GO:0010867	positive regulation of triglyceride biosynthetic process	  8	0.339218565637772	0.969924578864316	4	4	1617	2746	1.34824182603331
GO:0010875	positive regulation of cholesterol efflux	  5	0.611006382880356	1	2	3	1619	2747	1.07859346082665
GO:0010880	regulation of release of sequestered calcium ion into cytosol by sarcoplasmic reticulum	  7	0.0123627495615496	0.280712908695187	6	1	1615	2749	2.31127170177139
GO:0010884	positive regulation of lipid storage	  6	0.938108378346802	1	1	5	1620	2745	0.449413942011104
GO:0010906	regulation of glucose metabolic process	 14	0.0355916224810885	0.448933792822859	9	5	1612	2745	1.73345377632855
GO:0010917	negative regulation of mitochondrial membrane potential	  7	0.235439100009758	0.874292856505159	4	3	1617	2747	1.54084780118093
GO:0010918	positive regulation of mitochondrial membrane potential	  6	0.718815878456455	1	2	4	1619	2746	0.898827884022209
GO:0010923	negative regulation of phosphatase activity	  6	0.395387391728158	0.98536875238176	3	3	1618	2747	1.34824182603331
GO:0010942	positive regulation of cell death	 18	0.0103005280510795	0.256683598009436	12	6	1609	2744	1.79765576804442
GO:0010951	negative regulation of endopeptidase activity	 35	0.560994977304158	1	13	22	1608	2728	1.0015510707676
GO:0010952	positive regulation of peptidase activity	  9	0.0701198146538523	0.528541035757744	6	3	1615	2747	1.79765576804442
GO:0010955	negative regulation of protein processing	  5	0.00698752388695992	0.221476302604128	5	0	1616	2750	2.69648365206663
GO:0010971	positive regulation of G2/M transition of mitotic cell cycle	 13	0.0188434771316733	0.363364088011944	9	4	1612	2746	1.86679637450766
GO:0010975	regulation of neuron projection development	 12	0.707756305017222	1	4	8	1617	2742	0.898827884022209
GO:0010976	positive regulation of neuron projection development	 52	0.0199061096891395	0.374680130398869	27	25	1594	2725	1.40009728088075
GO:0010977	negative regulation of neuron projection development	 24	0.393449373882351	0.98536875238176	10	14	1611	2736	1.12353485502776
GO:0010996	response to auditory stimulus	  6	0.395387391728158	0.98536875238176	3	3	1618	2747	1.34824182603331
GO:0012501	programmed cell death	  8	0.621026637444471	1	3	5	1618	2745	1.01118136952498
GO:0012505	endomembrane system	 59	0.428954668107541	1	23	36	1598	2714	1.05117159317852
GO:0012506	vesicle membrane	  9	0.902857070547847	1	2	7	1619	2743	0.599218589348139
GO:0012507	ER to Golgi transport vesicle membrane	  8	0.131659634381745	0.710114109470648	5	3	1616	2747	1.68530228254164
GO:0014002	astrocyte development	  6	0.718815878456455	1	2	4	1619	2746	0.898827884022209
GO:0014003	oligodendrocyte development	 10	0.542375343419917	1	4	6	1617	2744	1.07859346082665
GO:0014032	neural crest cell development	  7	0.235439100009758	0.874292856505159	4	3	1617	2747	1.54084780118093
GO:0014059	regulation of dopamine secretion	  6	0.938108378346802	1	1	5	1620	2745	0.449413942011104
GO:0014065	phosphatidylinositol 3-kinase signaling	  8	0.621026637444471	1	3	5	1618	2745	1.01118136952498
GO:0014067	negative regulation of phosphatidylinositol 3-kinase signaling	  5	0.268307979032342	0.874292856505159	3	2	1618	2748	1.61789019123998
GO:0014068	positive regulation of phosphatidylinositol 3-kinase signaling	 23	0.90820894290398	1	6	17	1615	2733	0.703430517930424
GO:0014069	postsynaptic density	 88	0.756115773901769	1	30	58	1591	2692	0.919255790477259
GO:0014070	response to organic cyclic compound	 57	0.115124713525106	0.710114109470648	26	31	1595	2719	1.22997499918829
GO:0014704	intercalated disc	 16	0.0343632310865322	0.448933792822859	10	6	1611	2744	1.68530228254164
GO:0014823	response to activity	 16	0.206480619691051	0.874292856505159	8	8	1613	2742	1.34824182603331
GO:0014850	response to muscle activity	  6	0.395387391728158	0.98536875238176	3	3	1618	2747	1.34824182603331
GO:0014883	transition between fast and slow fiber	  6	0.0289935828529927	0.448381840769795	5	1	1616	2749	2.24706971005552
GO:0014898	cardiac muscle hypertrophy in response to stress	  5	0.268307979032342	0.874292856505159	3	2	1618	2748	1.61789019123998
GO:0014902	myotube differentiation	  9	0.0701198146538523	0.528541035757744	6	3	1615	2747	1.79765576804442
GO:0014909	smooth muscle cell migration	  6	0.718815878456455	1	2	4	1619	2746	0.898827884022209
GO:0014911	positive regulation of smooth muscle cell migration	 22	0.76529826235933	1	7	15	1614	2735	0.857972071112108
GO:0014912	negative regulation of smooth muscle cell migration	  7	0.235439100009758	0.874292856505159	4	3	1617	2747	1.54084780118093
GO:0015030	Cajal body	 14	0.824696881307542	1	4	10	1617	2740	0.770423900590465
GO:0015075	ion transmembrane transporter activity	  5	0.611006382880356	1	2	3	1619	2747	1.07859346082665
GO:0015078	proton transmembrane transporter activity	  5	0.611006382880356	1	2	3	1619	2747	1.07859346082665
GO:0015267	channel activity	  5	0.268307979032342	0.874292856505159	3	2	1618	2748	1.61789019123998
GO:0015276	ligand-gated ion channel activity	  7	0.800202785632254	1	2	5	1619	2745	0.770423900590465
GO:0015293	symporter activity	 18	0.00259616886746635	0.140144134524929	13	5	1608	2745	1.94746041538145
GO:0015297	antiporter activity	  7	0.235439100009758	0.874292856505159	4	3	1617	2747	1.54084780118093
GO:0015301	anion:anion antiporter activity	  5	0.901559628365078	1	1	4	1620	2746	0.539296730413325
GO:0015459	potassium channel regulator activity	  9	0.902857070547847	1	2	7	1619	2743	0.599218589348139
GO:0015485	cholesterol binding	 11	0.0675829846107961	0.528541035757744	7	4	1614	2746	1.71594414222422
GO:0015562	efflux transmembrane transporter activity	  5	0.901559628365078	1	1	4	1620	2746	0.539296730413325
GO:0015629	actin cytoskeleton	 64	0.000550037553319501	0.0629462976018837	37	27	1584	2723	1.55890461135102
GO:0015630	microtubule cytoskeleton	 50	0.191154423507448	0.866708091370538	22	28	1599	2722	1.18645280690932
GO:0015631	tubulin binding	 16	0.377175534783405	0.98536875238176	7	9	1614	2741	1.17971159777915
GO:0015698	inorganic anion transport	  6	0.938108378346802	1	1	5	1620	2745	0.449413942011104
GO:0015908	fatty acid transport	  8	0.621026637444471	1	3	5	1618	2745	1.01118136952498
GO:0015914	phospholipid transport	 15	0.149963608006343	0.741132558410753	8	7	1613	2743	1.43812461443553
GO:0015937	coenzyme A biosynthetic process	  6	0.718815878456455	1	2	4	1619	2746	0.898827884022209
GO:0016010	dystrophin-associated glycoprotein complex	  7	0.515348610516959	1	3	4	1618	2746	1.1556358508857
GO:0016018	cyclosporin A binding	  5	0.901559628365078	1	1	4	1620	2746	0.539296730413325
GO:0016032	viral process	 14	0.824696881307542	1	4	10	1617	2740	0.770423900590465
GO:0016042	lipid catabolic process	 29	0.381362056343023	0.98536875238176	12	17	1609	2733	1.11578633878619
GO:0016050	vesicle organization	  6	0.141228566336525	0.710114109470648	4	2	1617	2748	1.79765576804442
GO:0016055	Wnt signaling pathway	 75	0.901326348669818	1	23	52	1598	2698	0.826921653300432
GO:0016064	immunoglobulin mediated immune response	  5	0.901559628365078	1	1	4	1620	2746	0.539296730413325
GO:0016070	RNA metabolic process	  6	0.718815878456455	1	2	4	1619	2746	0.898827884022209
GO:0016079	synaptic vesicle exocytosis	  6	1	1	0	6	1621	2744	0
GO:0016082	synaptic vesicle priming	  5	0.611006382880356	1	2	3	1619	2747	1.07859346082665
GO:0016125	sterol metabolic process	  6	0.0289935828529927	0.448381840769795	5	1	1616	2749	2.24706971005552
GO:0016126	sterol biosynthetic process	 17	0.000172846671126487	0.0449558478266254	14	3	1607	2747	2.22063359581957
GO:0016192	vesicle-mediated transport	 81	0.793417453202249	1	27	54	1594	2696	0.898827884022208
GO:0016197	endosomal transport	 10	0.781377725261973	1	3	7	1618	2743	0.808945095619988
GO:0016208	AMP binding	  5	0.0664052440141702	0.528541035757744	4	1	1617	2749	2.1571869216533
GO:0016209	antioxidant activity	  8	0.0339172851015134	0.448933792822859	6	2	1615	2748	2.02236273904997
GO:0016234	inclusion body	  5	0.268307979032342	0.874292856505159	3	2	1618	2748	1.61789019123998
GO:0016235	aggresome	 10	0.121417105926346	0.710114109470648	6	4	1615	2746	1.61789019123998
GO:0016236	macroautophagy	  7	0.800202785632254	1	2	5	1619	2745	0.770423900590465
GO:0016239	positive regulation of macroautophagy	 17	0.816671165799813	1	5	12	1616	2738	0.793083427078419
GO:0016290	palmitoyl-CoA hydrolase activity	  6	0.00258631209375338	0.140144134524929	6	0	1615	2750	2.69648365206663
GO:0016298	lipase activity	  5	0.611006382880356	1	2	3	1619	2747	1.07859346082665
GO:0016311	dephosphorylation	 52	0.176088489616378	0.831171169432448	23	29	1598	2721	1.19267546149101
GO:0016323	basolateral plasma membrane	 58	0.705825293280182	1	20	38	1601	2712	0.929821948988492
GO:0016324	apical plasma membrane	100	0.380589205511756	0.98536875238176	39	61	1582	2689	1.05162862430598
GO:0016327	apicolateral plasma membrane	  8	0.621026637444471	1	3	5	1618	2745	1.01118136952498
GO:0016328	lateral plasma membrane	 23	0.0449613713268757	0.524354507674187	13	10	1608	2740	1.52409945551592
GO:0016339	calcium-dependent cell-cell adhesion via plasma membrane cell adhesion molecules	  7	0.961092643799227	1	1	6	1620	2744	0.385211950295232
GO:0016342	catenin complex	  7	0.800202785632254	1	2	5	1619	2745	0.770423900590465
GO:0016358	dendrite development	 10	0.781377725261973	1	3	7	1618	2743	0.808945095619988
GO:0016363	nuclear matrix	 43	0.779416749315099	1	14	29	1607	2721	0.87792490997518
GO:0016407	acetyltransferase activity	  6	1	1	0	6	1621	2744	0
GO:0016409	palmitoyltransferase activity	  5	0.268307979032342	0.874292856505159	3	2	1618	2748	1.61789019123998
GO:0016442	RISC complex	  6	0.395387391728158	0.98536875238176	3	3	1618	2747	1.34824182603331
GO:0016446	somatic hypermutation of immunoglobulin genes	  5	0.268307979032342	0.874292856505159	3	2	1618	2748	1.61789019123998
GO:0016459	myosin complex	 14	0.0355916224810885	0.448933792822859	9	5	1612	2745	1.73345377632855
GO:0016477	cell migration	 96	0.0107439311625913	0.264986095311843	47	49	1574	2701	1.32015345465762
GO:0016485	protein processing	 18	0.337444227245401	0.969924578864316	8	10	1613	2740	1.19843717869628
GO:0016493	C-C chemokine receptor activity	  6	0.938108378346802	1	1	5	1620	2745	0.449413942011104
GO:0016504	peptidase activator activity	  8	0.131659634381745	0.710114109470648	5	3	1616	2747	1.68530228254164
GO:0016514	SWI/SNF complex	  5	0.901559628365078	1	1	4	1620	2746	0.539296730413325
GO:0016525	negative regulation of angiogenesis	 30	0.437387125497873	1	12	18	1609	2732	1.07859346082665
GO:0016529	sarcoplasmic reticulum	 30	0.0087996005856099	0.251756572754299	18	12	1603	2738	1.61789019123998
GO:0016538	cyclin-dependent protein serine/threonine kinase regulator activity	 14	0.0355916224810885	0.448933792822859	9	5	1612	2745	1.73345377632855
GO:0016558	protein import into peroxisome matrix	  6	0.718815878456455	1	2	4	1619	2746	0.898827884022209
GO:0016571	histone methylation	  8	0.339218565637772	0.969924578864316	4	4	1617	2746	1.34824182603331
GO:0016573	histone acetylation	  9	1	1	0	9	1621	2741	0
GO:0016574	histone ubiquitination	  6	0.938108378346802	1	1	5	1620	2745	0.449413942011104
GO:0016575	histone deacetylation	 13	0.562999658909294	1	5	8	1616	2742	1.0371090969487
GO:0016579	protein deubiquitination	 20	0.992662227368811	1	3	17	1618	2733	0.404472547809994
GO:0016581	NuRD complex	  5	0.901559628365078	1	1	4	1620	2746	0.539296730413325
GO:0016592	mediator complex	 14	0.998496226027045	1	1	13	1620	2737	0.192605975147616
GO:0016597	amino acid binding	 10	0.295751712156876	0.928961961772567	5	5	1616	2745	1.34824182603331
GO:0016601	Rac protein signal transduction	  8	0.859928168361515	1	2	6	1619	2744	0.674120913016656
GO:0016604	nuclear body	 96	0.26620797440583	0.874292856505159	39	57	1582	2693	1.09544648365207
GO:0016605	PML body	 34	0.771597427100199	1	11	23	1610	2727	0.872391769786261
GO:0016616	oxidoreductase activity, acting on the CH-OH group of donors, NAD or NADP as acceptor	 17	0.135312010717701	0.710114109470648	9	8	1612	2742	1.42755016874115
GO:0016620	oxidoreductase activity, acting on the aldehyde or oxo group of donors, NAD or NADP as acceptor	  9	0.0701198146538523	0.528541035757744	6	3	1615	2747	1.79765576804442
GO:0016651	oxidoreductase activity, acting on NAD(P)H	  5	0.901559628365078	1	1	4	1620	2746	0.539296730413325
GO:0016705	oxidoreductase activity, acting on paired donors, with incorporation or reduction of molecular oxygen	 22	0.882258260418902	1	6	16	1615	2734	0.735404632381807
GO:0016712	oxidoreductase activity, acting on paired donors, with incorporation or reduction of molecular oxygen, reduced flavin or flavoprotein as one donor, and incorporation of one atom of oxygen	 10	0.933226906869315	1	2	8	1619	2742	0.539296730413325
GO:0016746	transferase activity, transferring acyl groups	 41	0.585253520326974	1	15	26	1606	2724	0.986518409292668
GO:0016747	transferase activity, transferring acyl groups other than amino-acyl groups	  9	0.0701198146538523	0.528541035757744	6	3	1615	2747	1.79765576804442
GO:0016757	transferase activity, transferring glycosyl groups	 49	0.456225308762059	1	19	30	1602	2720	1.04557529365849
GO:0016758	transferase activity, transferring hexosyl groups	  9	0.902857070547847	1	2	7	1619	2743	0.599218589348139
GO:0016773	phosphotransferase activity, alcohol group as acceptor	  7	0.515348610516959	1	3	4	1618	2746	1.1556358508857
GO:0016779	nucleotidyltransferase activity	 25	0.300764965231304	0.928961961772567	11	14	1610	2736	1.18645280690932
GO:0016788	hydrolase activity, acting on ester bonds	 10	0.295751712156876	0.928961961772567	5	5	1616	2745	1.34824182603331
GO:0016790	thiolester hydrolase activity	  5	0.268307979032342	0.874292856505159	3	2	1618	2748	1.61789019123998
GO:0016791	phosphatase activity	 41	0.333099533847965	0.969924578864316	17	24	1604	2726	1.11805419719836
GO:0016798	hydrolase activity, acting on glycosyl bonds	 22	0.76529826235933	1	7	15	1614	2735	0.857972071112108
GO:0016811	hydrolase activity, acting on carbon-nitrogen (but not peptide) bonds, in linear amides	  8	0.859928168361515	1	2	6	1619	2744	0.674120913016656
GO:0016829	lyase activity	 52	0.0379142018296064	0.465547345212464	26	26	1595	2724	1.34824182603331
GO:0016831	carboxy-lyase activity	  7	0.0123627495615496	0.280712908695187	6	1	1615	2749	2.31127170177139
GO:0016853	isomerase activity	 45	0.0373855940624053	0.461035278502335	23	22	1598	2728	1.37820275550072
GO:0016874	ligase activity	 44	9.14090960575445e-05	0.0326901779775793	29	15	1592	2735	1.77722786158937
GO:0016887	ATPase activity	 65	0.958694250464905	1	18	47	1603	2703	0.746718549803066
GO:0016922	nuclear receptor binding	 11	0.631049008593145	1	4	7	1617	2743	0.980539509842409
GO:0016925	protein sumoylation	 12	0.969116020269325	1	2	10	1619	2740	0.449413942011104
GO:0017015	regulation of transforming growth factor beta receptor signaling pathway	  7	0.515348610516959	1	3	4	1618	2746	1.1556358508857
GO:0017016	Ras GTPase binding	  6	0.395387391728158	0.98536875238176	3	3	1618	2747	1.34824182603331
GO:0017017	MAP kinase tyrosine/serine/threonine phosphatase activity	  6	0.0289935828529927	0.448381840769795	5	1	1616	2749	2.24706971005552
GO:0017022	myosin binding	  9	0.902857070547847	1	2	7	1619	2743	0.599218589348139
GO:0017025	TBP-class protein binding	  5	0.611006382880356	1	2	3	1619	2747	1.07859346082665
GO:0017046	peptide hormone binding	  8	0.859928168361515	1	2	6	1619	2744	0.674120913016656
GO:0017048	Rho GTPase binding	 16	0.0934465963216342	0.641128805938118	9	7	1612	2743	1.51677205428748
GO:0017049	GTP-Rho binding	  6	0.395387391728158	0.98536875238176	3	3	1618	2747	1.34824182603331
GO:0017053	transcriptional repressor complex	 18	0.945046361577901	1	4	14	1617	2736	0.599218589348139
GO:0017056	structural constituent of nuclear pore	  9	0.709677010709356	1	3	6	1618	2744	0.898827884022208
GO:0017075	syntaxin-1 binding	  8	0.9755447117189	1	1	7	1620	2743	0.337060456508328
GO:0017080	sodium channel regulator activity	  8	0.621026637444471	1	3	5	1618	2745	1.01118136952498
GO:0017101	aminoacyl-tRNA synthetase multienzyme complex	  9	0.208584409041611	0.874292856505159	5	4	1616	2746	1.49804647337035
GO:0017112	Rab guanyl-nucleotide exchange factor activity	  5	0.901559628365078	1	1	4	1620	2746	0.539296730413325
GO:0017116	single-stranded DNA helicase activity	  8	0.621026637444471	1	3	5	1618	2745	1.01118136952498
GO:0017119	Golgi transport complex	  6	0.938108378346802	1	1	5	1620	2745	0.449413942011104
GO:0017124	SH3 domain binding	 43	0.30771508253216	0.942583352381702	18	25	1603	2725	1.12876059853952
GO:0017134	fibroblast growth factor binding	  9	0.709677010709356	1	3	6	1618	2744	0.898827884022208
GO:0017137	Rab GTPase binding	 31	0.972781708224049	1	7	24	1614	2726	0.608883405305367
GO:0017147	Wnt-protein binding	 13	0.913779546461806	1	3	10	1618	2740	0.622265458169221
GO:0017148	negative regulation of translation	 30	0.840320506967311	1	9	21	1612	2729	0.808945095619988
GO:0017156	calcium-ion regulated exocytosis	  8	0.9755447117189	1	1	7	1620	2743	0.337060456508328
GO:0017157	regulation of exocytosis	 13	0.913779546461806	1	3	10	1618	2740	0.622265458169221
GO:0017158	regulation of calcium ion-dependent exocytosis	  5	0.901559628365078	1	1	4	1620	2746	0.539296730413325
GO:0018024	histone-lysine N-methyltransferase activity	  7	0.235439100009758	0.874292856505159	4	3	1617	2747	1.54084780118093
GO:0018105	peptidyl-serine phosphorylation	 59	0.428954668107541	1	23	36	1598	2714	1.05117159317852
GO:0018107	peptidyl-threonine phosphorylation	 23	0.964288217874053	1	5	18	1616	2732	0.586192098275353
GO:0018108	peptidyl-tyrosine phosphorylation	 45	0.905037862978212	1	13	32	1608	2718	0.778984166152581
GO:0018149	peptide cross-linking	  7	0.515348610516959	1	3	4	1618	2746	1.1556358508857
GO:0018279	protein N-linked glycosylation via asparagine	 10	0.542375343419917	1	4	6	1617	2744	1.07859346082665
GO:0018345	protein palmitoylation	  6	0.395387391728158	0.98536875238176	3	3	1618	2747	1.34824182603331
GO:0018401	peptidyl-proline hydroxylation to 4-hydroxy-L-proline	  6	0.0289935828529927	0.448381840769795	5	1	1616	2749	2.24706971005552
GO:0019001	guanyl nucleotide binding	  7	0.800202785632254	1	2	5	1619	2745	0.770423900590465
GO:0019003	GDP binding	 26	0.673598644207634	1	9	17	1612	2733	0.933398187253832
GO:0019005	SCF ubiquitin ligase complex	 18	0.71158646990997	1	6	12	1615	2738	0.898827884022208
GO:0019216	regulation of lipid metabolic process	 15	0.503921793911772	1	6	9	1615	2741	1.07859346082665
GO:0019221	cytokine-mediated signaling pathway	 25	0.876654794643343	1	7	18	1614	2732	0.755015422578655
GO:0019228	neuronal action potential	 10	0.990342195753722	1	1	9	1620	2741	0.269648365206663
GO:0019233	sensory perception of pain	 21	0.978924173759164	1	4	17	1617	2733	0.513615933726976
GO:0019369	arachidonic acid metabolic process	 10	0.295751712156876	0.928961961772567	5	5	1616	2745	1.34824182603331
GO:0019395	fatty acid oxidation	  7	0.800202785632254	1	2	5	1619	2745	0.770423900590465
GO:0019432	triglyceride biosynthetic process	  6	0.141228566336525	0.710114109470648	4	2	1617	2748	1.79765576804442
GO:0019706	protein-cysteine S-palmitoyltransferase activity	  7	0.515348610516959	1	3	4	1618	2746	1.1556358508857
GO:0019722	calcium-mediated signaling	 18	0.945046361577901	1	4	14	1617	2736	0.599218589348139
GO:0019789	SUMO transferase activity	  6	0.938108378346802	1	1	5	1620	2745	0.449413942011104
GO:0019825	oxygen binding	  6	0.938108378346802	1	1	5	1620	2745	0.449413942011104
GO:0019827	stem cell population maintenance	 22	0.999963779470223	1	1	21	1620	2729	0.122567438730301
GO:0019838	growth factor binding	 21	0.0485423839312328	0.528541035757744	12	9	1609	2741	1.54084780118093
GO:0019841	retinol binding	  5	0.268307979032342	0.874292856505159	3	2	1618	2748	1.61789019123998
GO:0019843	rRNA binding	 13	0.166705340484931	0.79358399189249	7	6	1614	2744	1.45195273572818
GO:0019855	calcium channel inhibitor activity	  6	0.141228566336525	0.710114109470648	4	2	1617	2748	1.79765576804442
GO:0019882	antigen processing and presentation	  9	0.709677010709356	1	3	6	1618	2744	0.898827884022208
GO:0019888	protein phosphatase regulator activity	  7	0.800202785632254	1	2	5	1619	2745	0.770423900590465
GO:0019894	kinesin binding	 15	0.708911907066413	1	5	10	1616	2740	0.898827884022209
GO:0019897	extrinsic component of plasma membrane	 11	0.186018051505006	0.848800072337835	6	5	1615	2745	1.47080926476361
GO:0019898	extrinsic component of membrane	 15	0.503921793911772	1	6	9	1615	2741	1.07859346082665
GO:0019900	kinase binding	 41	0.009897168706539	0.256683598009436	23	18	1598	2732	1.51266156091542
GO:0019902	phosphatase binding	 15	0.503921793911772	1	6	9	1615	2741	1.07859346082665
GO:0019903	protein phosphatase binding	 25	0.619044201980031	1	9	16	1612	2734	0.970734114743985
GO:0019905	syntaxin binding	 22	0.432829769572727	1	9	13	1612	2737	1.10310694857271
GO:0019911	structural constituent of myelin sheath	  6	1	1	0	6	1621	2744	0
GO:0019915	lipid storage	 11	0.186018051505006	0.848800072337835	6	5	1615	2745	1.47080926476361
GO:0019933	cAMP-mediated signaling	  8	0.9755447117189	1	1	7	1620	2743	0.337060456508328
GO:0019953	sexual reproduction	  5	0.901559628365078	1	1	4	1620	2746	0.539296730413325
GO:0019955	cytokine binding	 11	0.387196429366767	0.98536875238176	5	6	1616	2744	1.22567438730301
GO:0019956	chemokine binding	  7	0.961092643799227	1	1	6	1620	2744	0.385211950295232
GO:0019957	C-C chemokine binding	  7	0.961092643799227	1	1	6	1620	2744	0.385211950295232
GO:0020037	heme binding	 43	0.779416749315099	1	14	29	1607	2721	0.87792490997518
GO:0021510	spinal cord development	 16	0.377175534783405	0.98536875238176	7	9	1614	2741	1.17971159777915
GO:0021537	telencephalon development	  5	0.0664052440141702	0.528541035757744	4	1	1617	2749	2.1571869216533
GO:0021549	cerebellum development	 19	0.594552101503364	1	7	12	1614	2738	0.99344134549823
GO:0021554	optic nerve development	  5	0.0664052440141702	0.528541035757744	4	1	1617	2749	2.1571869216533
GO:0021591	ventricular system development	  5	0.901559628365078	1	1	4	1620	2746	0.539296730413325
GO:0021670	lateral ventricle development	  6	1	1	0	6	1621	2744	0
GO:0021707	cerebellar granule cell differentiation	  6	0.718815878456455	1	2	4	1619	2746	0.898827884022209
GO:0021766	hippocampus development	 19	0.88976193662496	1	5	14	1616	2736	0.709600961070165
GO:0021772	olfactory bulb development	  5	0.611006382880356	1	2	3	1619	2747	1.07859346082665
GO:0021799	cerebral cortex radially oriented cell migration	  5	0.611006382880356	1	2	3	1619	2747	1.07859346082665
GO:0021846	cell proliferation in forebrain	  5	0.611006382880356	1	2	3	1619	2747	1.07859346082665
GO:0021904	dorsal/ventral neural tube patterning	  6	0.395387391728158	0.98536875238176	3	3	1618	2747	1.34824182603331
GO:0021915	neural tube development	 14	0.231314488765893	0.874292856505159	7	7	1614	2743	1.34824182603331
GO:0021955	central nervous system neuron axonogenesis	  5	0.901559628365078	1	1	4	1620	2746	0.539296730413325
GO:0021983	pituitary gland development	  9	0.709677010709356	1	3	6	1618	2744	0.898827884022208
GO:0021987	cerebral cortex development	 22	0.432829769572727	1	9	13	1612	2737	1.10310694857271
GO:0022008	neurogenesis	 16	0.0934465963216342	0.641128805938118	9	7	1612	2743	1.51677205428748
GO:0022010	central nervous system myelination	  6	1	1	0	6	1621	2744	0
GO:0022407	regulation of cell-cell adhesion	  6	0.718815878456455	1	2	4	1619	2746	0.898827884022209
GO:0022408	negative regulation of cell-cell adhesion	  6	0.718815878456455	1	2	4	1619	2746	0.898827884022209
GO:0022409	positive regulation of cell-cell adhesion	  6	0.141228566336525	0.710114109470648	4	2	1617	2748	1.79765576804442
GO:0022604	regulation of cell morphogenesis	  8	0.339218565637772	0.969924578864316	4	4	1617	2746	1.34824182603331
GO:0022624	proteasome accessory complex	  6	0.395387391728158	0.98536875238176	3	3	1618	2747	1.34824182603331
GO:0022625	cytosolic large ribosomal subunit	  5	1	1	0	5	1621	2745	0
GO:0022841	potassium ion leak channel activity	  5	0.611006382880356	1	2	3	1619	2747	1.07859346082665
GO:0022848	acetylcholine-gated cation-selective channel activity	  5	0.611006382880356	1	2	3	1619	2747	1.07859346082665
GO:0022857	transmembrane transporter activity	 36	0.736122283810806	1	12	24	1609	2726	0.898827884022208
GO:0022900	electron transport chain	 14	0.824696881307542	1	4	10	1617	2740	0.770423900590465
GO:0022904	respiratory electron transport chain	  8	0.621026637444471	1	3	5	1618	2745	1.01118136952498
GO:0023014	signal transduction by protein phosphorylation	 17	0.99962778753984	1	1	16	1620	2734	0.158616685415684
GO:0023019	signal transduction involved in regulation of gene expression	  5	1	1	0	5	1621	2745	0
GO:0030001	metal ion transport	  5	0.901559628365078	1	1	4	1620	2746	0.539296730413325
GO:0030010	establishment of cell polarity	 10	0.121417105926346	0.710114109470648	6	4	1615	2746	1.61789019123998
GO:0030014	CCR4-NOT complex	  7	0.961092643799227	1	1	6	1620	2744	0.385211950295232
GO:0030016	myofibril	 19	0.000236901319011861	0.0460253885842658	15	4	1606	2746	2.12880288321049
GO:0030017	sarcomere	 19	0.000236901319011861	0.0460253885842658	15	4	1606	2746	2.12880288321049
GO:0030018	Z disc	 56	0.00168019427537451	0.117244776142597	32	24	1589	2726	1.54084780118093
GO:0030020	extracellular matrix structural constituent conferring tensile strength	 16	0.000388847081439003	0.0529757857141423	13	3	1608	2747	2.19089296730413
GO:0030021	extracellular matrix structural constituent conferring compression resistance	  5	0.0664052440141702	0.528541035757744	4	1	1617	2749	2.1571869216533
GO:0030027	lamellipodium	 54	0.162234784028399	0.789377069906889	24	30	1597	2720	1.19843717869628
GO:0030030	cell projection organization	 30	0.840320506967311	1	9	21	1612	2729	0.808945095619988
GO:0030031	cell projection assembly	 10	0.933226906869315	1	2	8	1619	2742	0.539296730413325
GO:0030032	lamellipodium assembly	 11	0.954443776392988	1	2	9	1619	2741	0.490269754921205
GO:0030036	actin cytoskeleton organization	 65	0.0505177749758992	0.528541035757744	31	34	1590	2716	1.28601528021639
GO:0030041	actin filament polymerization	  5	0.268307979032342	0.874292856505159	3	2	1618	2748	1.61789019123998
GO:0030042	actin filament depolymerization	  6	0.395387391728158	0.98536875238176	3	3	1618	2747	1.34824182603331
GO:0030048	actin filament-based movement	  8	0.621026637444471	1	3	5	1618	2745	1.01118136952498
GO:0030057	desmosome	  5	0.0664052440141702	0.528541035757744	4	1	1617	2749	2.1571869216533
GO:0030071	regulation of mitotic metaphase/anaphase transition	  6	0.395387391728158	0.98536875238176	3	3	1618	2747	1.34824182603331
GO:0030073	insulin secretion	  8	0.621026637444471	1	3	5	1618	2745	1.01118136952498
GO:0030097	hemopoiesis	 25	0.945598030792113	1	6	19	1615	2731	0.64715607649599
GO:0030098	lymphocyte differentiation	  5	0.901559628365078	1	1	4	1620	2746	0.539296730413325
GO:0030099	myeloid cell differentiation	  8	0.339218565637772	0.969924578864316	4	4	1617	2746	1.34824182603331
GO:0030100	regulation of endocytosis	  5	0.611006382880356	1	2	3	1619	2747	1.07859346082665
GO:0030111	regulation of Wnt signaling pathway	  6	0.938108378346802	1	1	5	1620	2745	0.449413942011104
GO:0030117	membrane coat	 12	0.707756305017222	1	4	8	1617	2742	0.898827884022209
GO:0030122	AP-2 adaptor complex	  5	1	1	0	5	1621	2745	0
GO:0030126	COPI vesicle coat	  5	0.611006382880356	1	2	3	1619	2747	1.07859346082665
GO:0030131	clathrin adaptor complex	  5	1	1	0	5	1621	2745	0
GO:0030133	transport vesicle	 23	0.332091685589512	0.969924578864316	10	13	1611	2737	1.17238419655071
GO:0030134	COPII-coated ER to Golgi transport vesicle	 14	0.938074818776605	1	3	11	1618	2739	0.577817925442848
GO:0030136	clathrin-coated vesicle	 21	0.543943711555115	1	8	13	1613	2737	1.02723186745395
GO:0030137	COPI-coated vesicle	  9	0.709677010709356	1	3	6	1618	2744	0.898827884022208
GO:0030139	endocytic vesicle	 25	0.300764965231304	0.928961961772567	11	14	1610	2736	1.18645280690932
GO:0030140	trans-Golgi network transport vesicle	 10	0.121417105926346	0.710114109470648	6	4	1615	2746	1.61789019123998
GO:0030141	secretory granule	 49	0.979127124432669	1	12	37	1609	2713	0.660363343363255
GO:0030145	manganese ion binding	 16	0.0343632310865322	0.448933792822859	10	6	1611	2744	1.68530228254164
GO:0030148	sphingolipid biosynthetic process	 11	0.837750994012784	1	3	8	1618	2742	0.735404632381807
GO:0030155	regulation of cell adhesion	 15	0.503921793911772	1	6	9	1615	2741	1.07859346082665
GO:0030163	protein catabolic process	 15	0.708911907066413	1	5	10	1616	2740	0.898827884022209
GO:0030165	PDZ domain binding	 31	0.639435188290723	1	11	20	1610	2730	0.956816779765577
GO:0030168	platelet activation	 10	0.933226906869315	1	2	8	1619	2742	0.539296730413325
GO:0030170	pyridoxal phosphate binding	 18	0.52551977682233	1	7	11	1614	2739	1.04863253135924
GO:0030173	integral component of Golgi membrane	 14	0.938074818776605	1	3	11	1618	2739	0.577817925442848
GO:0030175	filopodium	 27	0.41659720784538	1	11	16	1610	2734	1.09856741380492
GO:0030176	integral component of endoplasmic reticulum membrane	 44	0.244760091657558	0.874292856505159	19	25	1602	2725	1.16439066793786
GO:0030177	positive regulation of Wnt signaling pathway	 13	0.913779546461806	1	3	10	1618	2740	0.622265458169221
GO:0030178	negative regulation of Wnt signaling pathway	 12	0.969116020269325	1	2	10	1619	2740	0.449413942011104
GO:0030182	neuron differentiation	 46	0.225367009118269	0.874292856505159	20	26	1601	2724	1.17238419655071
GO:0030183	B cell differentiation	 11	0.837750994012784	1	3	8	1618	2742	0.735404632381807
GO:0030193	regulation of blood coagulation	  5	0.611006382880356	1	2	3	1619	2747	1.07859346082665
GO:0030198	extracellular matrix organization	 46	0.00029278849416694	0.0492745812830361	29	17	1592	2733	1.69995708499852
GO:0030199	collagen fibril organization	 19	0.00544393223214209	0.215394602094389	13	6	1608	2744	1.84496249878243
GO:0030206	chondroitin sulfate biosynthetic process	  5	0.268307979032342	0.874292856505159	3	2	1618	2748	1.61789019123998
GO:0030216	keratinocyte differentiation	 14	0.102096192203968	0.680879267821798	8	6	1613	2744	1.54084780118093
GO:0030217	T cell differentiation	 16	0.579969549388792	1	6	10	1615	2740	1.01118136952498
GO:0030218	erythrocyte differentiation	 18	0.857088356526676	1	5	13	1616	2737	0.749023236685174
GO:0030220	platelet formation	  8	0.339218565637772	0.969924578864316	4	4	1617	2746	1.34824182603331
GO:0030224	monocyte differentiation	 10	0.295751712156876	0.928961961772567	5	5	1616	2745	1.34824182603331
GO:0030225	macrophage differentiation	  5	0.611006382880356	1	2	3	1619	2747	1.07859346082665
GO:0030234	enzyme regulator activity	  8	0.621026637444471	1	3	5	1618	2745	1.01118136952498
GO:0030238	male sex determination	  5	0.611006382880356	1	2	3	1619	2747	1.07859346082665
GO:0030239	myofibril assembly	  5	0.611006382880356	1	2	3	1619	2747	1.07859346082665
GO:0030246	carbohydrate binding	 60	0.468849119333244	1	23	37	1598	2713	1.03365206662554
GO:0030247	polysaccharide binding	  8	0.859928168361515	1	2	6	1619	2744	0.674120913016656
GO:0030259	lipid glycosylation	  5	0.901559628365078	1	1	4	1620	2746	0.539296730413325
GO:0030261	chromosome condensation	 10	0.121417105926346	0.710114109470648	6	4	1615	2746	1.61789019123998
GO:0030276	clathrin binding	 12	0.969116020269325	1	2	10	1619	2740	0.449413942011104
GO:0030278	regulation of ossification	  6	0.938108378346802	1	1	5	1620	2745	0.449413942011104
GO:0030279	negative regulation of ossification	  8	0.621026637444471	1	3	5	1618	2745	1.01118136952498
GO:0030282	bone mineralization	 13	0.341050026682105	0.969924578864316	6	7	1615	2743	1.24453091633844
GO:0030285	integral component of synaptic vesicle membrane	 12	0.969116020269325	1	2	10	1619	2740	0.449413942011104
GO:0030286	dynein complex	  7	0.515348610516959	1	3	4	1618	2746	1.1556358508857
GO:0030295	protein kinase activator activity	  5	1	1	0	5	1621	2745	0
GO:0030296	protein tyrosine kinase activator activity	  5	0.268307979032342	0.874292856505159	3	2	1618	2748	1.61789019123998
GO:0030301	cholesterol transport	  6	0.0289935828529927	0.448381840769795	5	1	1616	2749	2.24706971005552
GO:0030307	positive regulation of cell growth	 35	0.991253749756798	1	7	28	1614	2722	0.539296730413325
GO:0030308	negative regulation of cell growth	 42	0.0587025062690887	0.528541035757744	21	21	1600	2729	1.34824182603331
GO:0030314	junctional membrane complex	  5	0.268307979032342	0.874292856505159	3	2	1618	2748	1.61789019123998
GO:0030315	T-tubule	 22	0.0101774085171155	0.256683598009436	14	8	1607	2742	1.71594414222422
GO:0030316	osteoclast differentiation	 14	0.998496226027045	1	1	13	1620	2737	0.192605975147616
GO:0030317	flagellated sperm motility	 17	0.925500138233184	1	4	13	1617	2737	0.634466741662735
GO:0030318	melanocyte differentiation	  8	0.621026637444471	1	3	5	1618	2745	1.01118136952498
GO:0030322	stabilization of membrane potential	  6	0.395387391728158	0.98536875238176	3	3	1618	2747	1.34824182603331
GO:0030324	lung development	 41	0.0040869594153872	0.191685096515127	24	17	1597	2733	1.57842945486827
GO:0030325	adrenal gland development	  8	0.131659634381745	0.710114109470648	5	3	1616	2747	1.68530228254164
GO:0030326	embryonic limb morphogenesis	 14	0.231314488765893	0.874292856505159	7	7	1614	2743	1.34824182603331
GO:0030330	DNA damage response, signal transduction by p53 class mediator	  5	0.611006382880356	1	2	3	1619	2747	1.07859346082665
GO:0030331	estrogen receptor binding	 13	0.166705340484931	0.79358399189249	7	6	1614	2744	1.45195273572818
GO:0030332	cyclin binding	 11	0.017829412392986	0.363364088011944	8	3	1613	2747	1.96107901968482
GO:0030334	regulation of cell migration	 34	0.0842981859328217	0.605972638074882	17	17	1604	2733	1.34824182603331
GO:0030335	positive regulation of cell migration	 77	0.24023235554886	0.874292856505159	32	45	1589	2705	1.12061658267704
GO:0030336	negative regulation of cell migration	 40	0.000921904950406402	0.0760474342870617	25	15	1596	2735	1.68530228254164
GO:0030371	translation repressor activity	  5	0.901559628365078	1	1	4	1620	2746	0.539296730413325
GO:0030374	nuclear receptor transcription coactivator activity	 19	0.959788874898685	1	4	15	1617	2735	0.567680768856132
GO:0030388	fructose 1,6-bisphosphate metabolic process	  5	0.268307979032342	0.874292856505159	3	2	1618	2748	1.61789019123998
GO:0030414	peptidase inhibitor activity	 26	0.673598644207634	1	9	17	1612	2733	0.933398187253832
GO:0030426	growth cone	 60	0.0801980047108632	0.580877193614632	28	32	1593	2718	1.25835903763109
GO:0030433	ubiquitin-dependent ERAD pathway	 23	0.964288217874053	1	5	18	1616	2732	0.586192098275353
GO:0030479	actin cortical patch	  5	0.901559628365078	1	1	4	1620	2746	0.539296730413325
GO:0030488	tRNA methylation	  7	0.515348610516959	1	3	4	1618	2746	1.1556358508857
GO:0030490	maturation of SSU-rRNA	  5	0.901559628365078	1	1	4	1620	2746	0.539296730413325
GO:0030496	midbody	 54	8.76596022184266e-06	0.00626985304867296	36	18	1585	2732	1.79765576804442
GO:0030500	regulation of bone mineralization	  5	0.268307979032342	0.874292856505159	3	2	1618	2748	1.61789019123998
GO:0030501	positive regulation of bone mineralization	 12	0.111452854572757	0.710114109470648	7	5	1614	2745	1.57294879703886
GO:0030506	ankyrin binding	  6	0.718815878456455	1	2	4	1619	2746	0.898827884022209
GO:0030507	spectrin binding	  7	0.800202785632254	1	2	5	1619	2745	0.770423900590465
GO:0030509	BMP signaling pathway	 22	0.432829769572727	1	9	13	1612	2737	1.10310694857271
GO:0030510	regulation of BMP signaling pathway	  5	0.0664052440141702	0.528541035757744	4	1	1617	2749	2.1571869216533
GO:0030511	positive regulation of transforming growth factor beta receptor signaling pathway	 10	0.295751712156876	0.928961961772567	5	5	1616	2745	1.34824182603331
GO:0030512	negative regulation of transforming growth factor beta receptor signaling pathway	 21	0.715069803827514	1	7	14	1614	2736	0.898827884022208
GO:0030513	positive regulation of BMP signaling pathway	 12	0.260583248437255	0.874292856505159	6	6	1615	2744	1.34824182603331
GO:0030514	negative regulation of BMP signaling pathway	 20	0.0782566299955145	0.568254361464891	11	9	1610	2741	1.48306600863664
GO:0030515	snoRNA binding	  8	0.859928168361515	1	2	6	1619	2744	0.674120913016656
GO:0030516	regulation of axon extension	  8	0.131659634381745	0.710114109470648	5	3	1616	2747	1.68530228254164
GO:0030517	negative regulation of axon extension	  8	0.339218565637772	0.969924578864316	4	4	1617	2746	1.34824182603331
GO:0030521	androgen receptor signaling pathway	  5	1	1	0	5	1621	2745	0
GO:0030522	intracellular receptor signaling pathway	  5	0.901559628365078	1	1	4	1620	2746	0.539296730413325
GO:0030534	adult behavior	  5	1	1	0	5	1621	2745	0
GO:0030544	Hsp70 protein binding	 16	0.377175534783405	0.98536875238176	7	9	1614	2741	1.17971159777915
GO:0030552	cAMP binding	  7	0.515348610516959	1	3	4	1618	2746	1.1556358508857
GO:0030574	collagen catabolic process	  8	0.621026637444471	1	3	5	1618	2745	1.01118136952498
GO:0030593	neutrophil chemotaxis	 15	0.955893396394678	1	3	12	1618	2738	0.539296730413325
GO:0030658	transport vesicle membrane	 10	0.933226906869315	1	2	8	1619	2742	0.539296730413325
GO:0030659	cytoplasmic vesicle membrane	 52	0.470358464702185	1	20	32	1601	2718	1.0371090969487
GO:0030663	COPI-coated vesicle membrane	  9	0.4437258909147	1	4	5	1617	2745	1.19843717869628
GO:0030667	secretory granule membrane	  9	0.902857070547847	1	2	7	1619	2743	0.599218589348139
GO:0030670	phagocytic vesicle membrane	 15	0.302496509430501	0.928961961772567	7	8	1614	2742	1.25835903763109
GO:0030672	synaptic vesicle membrane	 23	0.90820894290398	1	6	17	1615	2733	0.703430517930424
GO:0030674	protein binding, bridging	 22	0.071637525527402	0.530971400346884	12	10	1609	2740	1.47080926476361
GO:0030687	preribosome, large subunit precursor	  8	0.0339172851015134	0.448933792822859	6	2	1615	2748	2.02236273904997
GO:0030688	preribosome, small subunit precursor	  6	0.718815878456455	1	2	4	1619	2746	0.898827884022209
GO:0030742	GTP-dependent protein binding	  9	0.902857070547847	1	2	7	1619	2743	0.599218589348139
GO:0030833	regulation of actin filament polymerization	 11	0.00321305535630131	0.155805955497933	9	2	1612	2748	2.20621389714542
GO:0030837	negative regulation of actin filament polymerization	 10	0.00719933454812439	0.221476302604128	8	2	1613	2748	2.1571869216533
GO:0030838	positive regulation of actin filament polymerization	 16	0.0934465963216342	0.641128805938118	9	7	1612	2743	1.51677205428748
GO:0030851	granulocyte differentiation	  5	0.901559628365078	1	1	4	1620	2746	0.539296730413325
GO:0030855	epithelial cell differentiation	 22	0.000717574341751981	0.0707924204052558	16	6	1605	2744	1.96107901968482
GO:0030863	cortical cytoskeleton	 12	0.260583248437255	0.874292856505159	6	6	1615	2744	1.34824182603331
GO:0030864	cortical actin cytoskeleton	 16	0.0100667043623015	0.256683598009436	11	5	1610	2745	1.85383251079581
GO:0030865	cortical cytoskeleton organization	 13	0.341050026682105	0.969924578864316	6	7	1615	2743	1.24453091633844
GO:0030866	cortical actin cytoskeleton organization	 15	0.302496509430501	0.928961961772567	7	8	1614	2742	1.25835903763109
GO:0030877	beta-catenin destruction complex	  7	0.961092643799227	1	1	6	1620	2744	0.385211950295232
GO:0030879	mammary gland development	 13	0.913779546461806	1	3	10	1618	2740	0.622265458169221
GO:0030889	negative regulation of B cell proliferation	  6	0.718815878456455	1	2	4	1619	2746	0.898827884022209
GO:0030890	positive regulation of B cell proliferation	 11	0.631049008593145	1	4	7	1617	2743	0.980539509842409
GO:0030899	calcium-dependent ATPase activity	  5	0.268307979032342	0.874292856505159	3	2	1618	2748	1.61789019123998
GO:0030900	forebrain development	 20	0.166534316580405	0.79358399189249	10	10	1611	2740	1.34824182603331
GO:0030901	midbrain development	 12	0.969116020269325	1	2	10	1619	2740	0.449413942011104
GO:0030902	hindbrain development	  6	0.718815878456455	1	2	4	1619	2746	0.898827884022209
GO:0030904	retromer complex	  7	1	1	0	7	1621	2743	0
GO:0030950	establishment or maintenance of actin cytoskeleton polarity	  5	0.611006382880356	1	2	3	1619	2747	1.07859346082665
GO:0030953	astral microtubule organization	  6	0.395387391728158	0.98536875238176	3	3	1618	2747	1.34824182603331
GO:0030955	potassium ion binding	  5	0.0664052440141702	0.528541035757744	4	1	1617	2749	2.1571869216533
GO:0030968	endoplasmic reticulum unfolded protein response	 23	0.000353724847388028	0.0529757857141423	17	6	1604	2744	1.9930531341362
GO:0030971	receptor tyrosine kinase binding	 23	0.666022686697951	1	8	15	1613	2735	0.937907357240565
GO:0030992	intraciliary transport particle B	  9	0.984630666865282	1	1	8	1620	2742	0.299609294674069
GO:0031005	filamin binding	  5	0.268307979032342	0.874292856505159	3	2	1618	2748	1.61789019123998
GO:0031012	extracellular matrix	 76	8.73008373638177e-06	0.00626985304867296	47	29	1574	2721	1.66756225851489
GO:0031018	endocrine pancreas development	  8	0.339218565637772	0.969924578864316	4	4	1617	2746	1.34824182603331
GO:0031023	microtubule organizing center organization	  6	0.718815878456455	1	2	4	1619	2746	0.898827884022209
GO:0031032	actomyosin structure organization	 11	0.186018051505006	0.848800072337835	6	5	1615	2745	1.47080926476361
GO:0031047	gene silencing by RNA	 12	0.260583248437255	0.874292856505159	6	6	1615	2744	1.34824182603331
GO:0031065	positive regulation of histone deacetylation	  6	0.395387391728158	0.98536875238176	3	3	1618	2747	1.34824182603331
GO:0031069	hair follicle morphogenesis	  9	0.4437258909147	1	4	5	1617	2745	1.19843717869628
GO:0031072	heat shock protein binding	 21	0.715069803827514	1	7	14	1614	2736	0.898827884022208
GO:0031090	organelle membrane	 34	0.247771180308407	0.874292856505159	15	19	1606	2731	1.18962514061763
GO:0031091	platelet alpha granule	  8	0.339218565637772	0.969924578864316	4	4	1617	2746	1.34824182603331
GO:0031098	stress-activated protein kinase signaling cascade	 16	0.993784643175182	1	2	14	1619	2736	0.337060456508328
GO:0031100	animal organ regeneration	 18	0.0103005280510795	0.256683598009436	12	6	1609	2744	1.79765576804442
GO:0031103	axon regeneration	  5	0.0664052440141702	0.528541035757744	4	1	1617	2749	2.1571869216533
GO:0031110	regulation of microtubule polymerization or depolymerization	  6	0.141228566336525	0.710114109470648	4	2	1617	2748	1.79765576804442
GO:0031113	regulation of microtubule polymerization	  5	0.268307979032342	0.874292856505159	3	2	1618	2748	1.61789019123998
GO:0031115	negative regulation of microtubule polymerization	  5	0.268307979032342	0.874292856505159	3	2	1618	2748	1.61789019123998
GO:0031116	positive regulation of microtubule polymerization	 12	0.111452854572757	0.710114109470648	7	5	1614	2745	1.57294879703886
GO:0031122	cytoplasmic microtubule organization	 11	0.954443776392988	1	2	9	1619	2741	0.490269754921205
GO:0031145	anaphase-promoting complex-dependent catabolic process	  6	0.141228566336525	0.710114109470648	4	2	1617	2748	1.79765576804442
GO:0031146	SCF-dependent proteasomal ubiquitin-dependent protein catabolic process	 14	0.824696881307542	1	4	10	1617	2740	0.770423900590465
GO:0031175	neuron projection development	 40	0.66512962951055	1	14	26	1607	2724	0.943769278223319
GO:0031201	SNARE complex	 10	0.295751712156876	0.928961961772567	5	5	1616	2745	1.34824182603331
GO:0031204	posttranslational protein targeting to membrane, translocation	  5	0.611006382880356	1	2	3	1619	2747	1.07859346082665
GO:0031210	phosphatidylcholine binding	  9	0.709677010709356	1	3	6	1618	2744	0.898827884022208
GO:0031214	biomineral tissue development	  7	0.235439100009758	0.874292856505159	4	3	1617	2747	1.54084780118093
GO:0031225	anchored component of membrane	 25	0.766033418298173	1	8	17	1613	2733	0.86287476866132
GO:0031226	intrinsic component of plasma membrane	 10	0.781377725261973	1	3	7	1618	2743	0.808945095619988
GO:0031232	extrinsic component of external side of plasma membrane	  5	0.268307979032342	0.874292856505159	3	2	1618	2748	1.61789019123998
GO:0031234	extrinsic component of cytoplasmic side of plasma membrane	 20	0.0782566299955145	0.568254361464891	11	9	1610	2741	1.48306600863664
GO:0031252	cell leading edge	 22	0.607437392687909	1	8	14	1613	2736	0.980539509842409
GO:0031253	cell projection membrane	  8	0.339218565637772	0.969924578864316	4	4	1617	2746	1.34824182603331
GO:0031258	lamellipodium membrane	 12	0.969116020269325	1	2	10	1619	2740	0.449413942011104
GO:0031267	small GTPase binding	  7	0.235439100009758	0.874292856505159	4	3	1617	2747	1.54084780118093
GO:0031295	T cell costimulation	  6	0.718815878456455	1	2	4	1619	2746	0.898827884022209
GO:0031297	replication fork processing	  5	0.268307979032342	0.874292856505159	3	2	1618	2748	1.61789019123998
GO:0031298	replication fork protection complex	  5	0.0664052440141702	0.528541035757744	4	1	1617	2749	2.1571869216533
GO:0031305	integral component of mitochondrial inner membrane	  8	0.9755447117189	1	1	7	1620	2743	0.337060456508328
GO:0031307	integral component of mitochondrial outer membrane	  7	0.961092643799227	1	1	6	1620	2744	0.385211950295232
GO:0031333	negative regulation of protein-containing complex assembly	 18	0.71158646990997	1	6	12	1615	2738	0.898827884022208
GO:0031334	positive regulation of protein-containing complex assembly	 21	0.543943711555115	1	8	13	1613	2737	1.02723186745395
GO:0031340	positive regulation of vesicle fusion	  5	0.268307979032342	0.874292856505159	3	2	1618	2748	1.61789019123998
GO:0031362	anchored component of external side of plasma membrane	  5	0.611006382880356	1	2	3	1619	2747	1.07859346082665
GO:0031369	translation initiation factor binding	 10	0.781377725261973	1	3	7	1618	2743	0.808945095619988
GO:0031396	regulation of protein ubiquitination	  5	0.611006382880356	1	2	3	1619	2747	1.07859346082665
GO:0031397	negative regulation of protein ubiquitination	 13	0.562999658909294	1	5	8	1616	2742	1.0371090969487
GO:0031398	positive regulation of protein ubiquitination	 25	0.455238979649714	1	10	15	1611	2735	1.07859346082665
GO:0031418	L-ascorbic acid binding	  5	0.611006382880356	1	2	3	1619	2747	1.07859346082665
GO:0031430	M band	  8	0.0339172851015134	0.448933792822859	6	2	1615	2748	2.02236273904997
GO:0031434	mitogen-activated protein kinase kinase binding	  5	0.611006382880356	1	2	3	1619	2747	1.07859346082665
GO:0031435	mitogen-activated protein kinase kinase kinase binding	  9	0.208584409041611	0.874292856505159	5	4	1616	2746	1.49804647337035
GO:0031461	cullin-RING ubiquitin ligase complex	 10	0.933226906869315	1	2	8	1619	2742	0.539296730413325
GO:0031462	Cul2-RING ubiquitin ligase complex	  5	1	1	0	5	1621	2745	0
GO:0031463	Cul3-RING ubiquitin ligase complex	 11	0.387196429366767	0.98536875238176	5	6	1616	2744	1.22567438730301
GO:0031464	Cul4A-RING E3 ubiquitin ligase complex	  5	0.901559628365078	1	1	4	1620	2746	0.539296730413325
GO:0031489	myosin V binding	  7	0.961092643799227	1	1	6	1620	2744	0.385211950295232
GO:0031490	chromatin DNA binding	 23	0.808731326711183	1	7	16	1614	2734	0.820668937585495
GO:0031491	nucleosome binding	  8	0.621026637444471	1	3	5	1618	2745	1.01118136952498
GO:0031492	nucleosomal DNA binding	  7	0.235439100009758	0.874292856505159	4	3	1617	2747	1.54084780118093
GO:0031497	chromatin assembly	  5	0.901559628365078	1	1	4	1620	2746	0.539296730413325
GO:0031514	motile cilium	 28	0.940123207313422	1	7	21	1614	2729	0.674120913016656
GO:0031519	PcG protein complex	 11	0.954443776392988	1	2	9	1619	2741	0.490269754921205
GO:0031526	brush border membrane	 14	0.640581869348199	1	5	9	1616	2741	0.963029875738081
GO:0031527	filopodium membrane	  8	0.9755447117189	1	1	7	1620	2743	0.337060456508328
GO:0031528	microvillus membrane	 10	0.121417105926346	0.710114109470648	6	4	1615	2746	1.61789019123998
GO:0031529	ruffle organization	  5	0.0664052440141702	0.528541035757744	4	1	1617	2749	2.1571869216533
GO:0031532	actin cytoskeleton reorganization	 17	0.135312010717701	0.710114109470648	9	8	1612	2742	1.42755016874115
GO:0031589	cell-substrate adhesion	  8	0.859928168361515	1	2	6	1619	2744	0.674120913016656
GO:0031593	polyubiquitin modification-dependent protein binding	  9	0.709677010709356	1	3	6	1618	2744	0.898827884022208
GO:0031594	neuromuscular junction	 31	0.0694110137122935	0.528541035757744	16	15	1605	2735	1.39173349784084
GO:0031616	spindle pole centrosome	  8	0.131659634381745	0.710114109470648	5	3	1616	2747	1.68530228254164
GO:0031623	receptor internalization	 12	0.47763441574499	1	5	7	1616	2743	1.12353485502776
GO:0031624	ubiquitin conjugating enzyme binding	 11	0.954443776392988	1	2	9	1619	2741	0.490269754921205
GO:0031625	ubiquitin protein ligase binding	 99	0.959945943142603	1	29	70	1592	2680	0.789879049595274
GO:0031638	zymogen activation	 10	0.933226906869315	1	2	8	1619	2742	0.539296730413325
GO:0031640	killing of cells of other organism	  6	0.938108378346802	1	1	5	1620	2745	0.449413942011104
GO:0031641	regulation of myelination	 11	0.631049008593145	1	4	7	1617	2743	0.980539509842409
GO:0031643	positive regulation of myelination	  8	1	1	0	8	1621	2742	0
GO:0031647	regulation of protein stability	 25	0.994602395534053	1	4	21	1617	2729	0.43143738433066
GO:0031648	protein destabilization	 22	0.76529826235933	1	7	15	1614	2735	0.857972071112108
GO:0031663	lipopolysaccharide-mediated signaling pathway	 10	0.542375343419917	1	4	6	1617	2744	1.07859346082665
GO:0031667	response to nutrient levels	 20	0.302943554817828	0.928961961772567	9	11	1612	2739	1.21341764342998
GO:0031668	cellular response to extracellular stimulus	  7	0.515348610516959	1	3	4	1618	2746	1.1556358508857
GO:0031672	A band	  8	0.339218565637772	0.969924578864316	4	4	1617	2746	1.34824182603331
GO:0031674	I band	 13	0.341050026682105	0.969924578864316	6	7	1615	2743	1.24453091633844
GO:0031681	G-protein beta-subunit binding	  5	0.611006382880356	1	2	3	1619	2747	1.07859346082665
GO:0031683	G-protein beta/gamma-subunit complex binding	  8	0.859928168361515	1	2	6	1619	2744	0.674120913016656
GO:0031748	D1 dopamine receptor binding	  6	0.718815878456455	1	2	4	1619	2746	0.898827884022209
GO:0031901	early endosome membrane	 36	0.95712400014721	1	9	27	1612	2723	0.674120913016656
GO:0031902	late endosome membrane	 32	0.547360256876463	1	12	20	1609	2730	1.01118136952498
GO:0031941	filamentous actin	 17	0.0562328946362415	0.528541035757744	10	7	1611	2743	1.58616685415684
GO:0031953	negative regulation of protein autophosphorylation	  6	0.0289935828529927	0.448381840769795	5	1	1616	2749	2.24706971005552
GO:0031954	positive regulation of protein autophosphorylation	  8	0.339218565637772	0.969924578864316	4	4	1617	2746	1.34824182603331
GO:0031965	nuclear membrane	 92	0.120771188651781	0.710114109470648	40	52	1581	2698	1.17238419655071
GO:0031966	mitochondrial membrane	 48	0.0450860569338867	0.524354507674187	24	24	1597	2726	1.34824182603331
GO:0031982	vesicle	 37	0.0257530894355341	0.448381840769795	20	17	1601	2733	1.45755873084682
GO:0031994	insulin-like growth factor I binding	  8	0.131659634381745	0.710114109470648	5	3	1616	2747	1.68530228254164
GO:0031995	insulin-like growth factor II binding	  5	0.00698752388695992	0.221476302604128	5	0	1616	2750	2.69648365206663
GO:0032006	regulation of TOR signaling	  6	0.718815878456455	1	2	4	1619	2746	0.898827884022209
GO:0032007	negative regulation of TOR signaling	 11	0.837750994012784	1	3	8	1618	2742	0.735404632381807
GO:0032008	positive regulation of TOR signaling	  5	0.901559628365078	1	1	4	1620	2746	0.539296730413325
GO:0032009	early phagosome	  5	1	1	0	5	1621	2745	0
GO:0032012	regulation of ARF protein signal transduction	  5	0.901559628365078	1	1	4	1620	2746	0.539296730413325
GO:0032024	positive regulation of insulin secretion	 22	0.607437392687909	1	8	14	1613	2736	0.980539509842409
GO:0032040	small-subunit processome	 11	0.954443776392988	1	2	9	1619	2741	0.490269754921205
GO:0032060	bleb assembly	  6	0.0289935828529927	0.448381840769795	5	1	1616	2749	2.24706971005552
GO:0032088	negative regulation of NF-kappaB transcription factor activity	 26	0.807115540116191	1	8	18	1613	2732	0.829687277558962
GO:0032091	negative regulation of protein binding	 22	0.071637525527402	0.530971400346884	12	10	1609	2740	1.47080926476361
GO:0032092	positive regulation of protein binding	 24	0.00992529007819037	0.256683598009436	15	9	1606	2741	1.68530228254164
GO:0032094	response to food	  7	0.961092643799227	1	1	6	1620	2744	0.385211950295232
GO:0032147	activation of protein kinase activity	 32	0.979335671130979	1	7	25	1614	2725	0.589855798889574
GO:0032148	activation of protein kinase B activity	 11	0.954443776392988	1	2	9	1619	2741	0.490269754921205
GO:0032153	cell division site	  6	0.141228566336525	0.710114109470648	4	2	1617	2748	1.79765576804442
GO:0032154	cleavage furrow	 17	0.0190544666017356	0.363364088011944	11	6	1610	2744	1.74478353957252
GO:0032211	negative regulation of telomere maintenance via telomerase	  6	0.718815878456455	1	2	4	1619	2746	0.898827884022209
GO:0032212	positive regulation of telomere maintenance via telomerase	 11	0.837750994012784	1	3	8	1618	2742	0.735404632381807
GO:0032230	positive regulation of synaptic transmission, GABAergic	  5	0.611006382880356	1	2	3	1619	2747	1.07859346082665
GO:0032233	positive regulation of actin filament bundle assembly	  6	0.141228566336525	0.710114109470648	4	2	1617	2748	1.79765576804442
GO:0032259	methylation	 32	0.166470575396627	0.79358399189249	15	17	1606	2733	1.26397671190623
GO:0032266	phosphatidylinositol-3-phosphate binding	  9	0.0701198146538523	0.528541035757744	6	3	1615	2747	1.79765576804442
GO:0032270	positive regulation of cellular protein metabolic process	  7	0.800202785632254	1	2	5	1619	2745	0.770423900590465
GO:0032281	AMPA glutamate receptor complex	  5	0.611006382880356	1	2	3	1619	2747	1.07859346082665
GO:0032331	negative regulation of chondrocyte differentiation	 10	0.542375343419917	1	4	6	1617	2744	1.07859346082665
GO:0032332	positive regulation of chondrocyte differentiation	  5	0.268307979032342	0.874292856505159	3	2	1618	2748	1.61789019123998
GO:0032355	response to estradiol	 47	0.0634845284219468	0.528541035757744	23	24	1598	2726	1.31955582973473
GO:0032367	intracellular cholesterol transport	  5	0.0664052440141702	0.528541035757744	4	1	1617	2749	2.1571869216533
GO:0032391	photoreceptor connecting cilium	 10	0.990342195753722	1	1	9	1620	2741	0.269648365206663
GO:0032418	lysosome localization	  7	0.235439100009758	0.874292856505159	4	3	1617	2747	1.54084780118093
GO:0032420	stereocilium	 13	0.166705340484931	0.79358399189249	7	6	1614	2744	1.45195273572818
GO:0032435	negative regulation of proteasomal ubiquitin-dependent protein catabolic process	  9	0.902857070547847	1	2	7	1619	2743	0.599218589348139
GO:0032436	positive regulation of proteasomal ubiquitin-dependent protein catabolic process	 26	0.358026271542409	0.98536875238176	11	15	1610	2735	1.14082000664357
GO:0032456	endocytic recycling	 14	0.640581869348199	1	5	9	1616	2741	0.963029875738081
GO:0032465	regulation of cytokinesis	 14	0.0355916224810885	0.448933792822859	9	5	1612	2745	1.73345377632855
GO:0032467	positive regulation of cytokinesis	 14	0.231314488765893	0.874292856505159	7	7	1614	2743	1.34824182603331
GO:0032469	endoplasmic reticulum calcium ion homeostasis	  9	0.208584409041611	0.874292856505159	5	4	1616	2746	1.49804647337035
GO:0032471	negative regulation of endoplasmic reticulum calcium ion concentration	  5	0.268307979032342	0.874292856505159	3	2	1618	2748	1.61789019123998
GO:0032481	positive regulation of type I interferon production	  5	0.611006382880356	1	2	3	1619	2747	1.07859346082665
GO:0032482	Rab protein signal transduction	 18	0.857088356526676	1	5	13	1616	2737	0.749023236685174
GO:0032495	response to muramyl dipeptide	  5	0.901559628365078	1	1	4	1620	2746	0.539296730413325
GO:0032496	response to lipopolysaccharide	 59	0.236965687099346	0.874292856505159	25	34	1596	2716	1.1425778186723
GO:0032508	DNA duplex unwinding	 22	0.882258260418902	1	6	16	1615	2734	0.735404632381807
GO:0032509	endosome transport via multivesicular body sorting pathway	  7	0.515348610516959	1	3	4	1618	2746	1.1556358508857
GO:0032515	negative regulation of phosphoprotein phosphatase activity	 10	0.542375343419917	1	4	6	1617	2744	1.07859346082665
GO:0032516	positive regulation of phosphoprotein phosphatase activity	  5	0.268307979032342	0.874292856505159	3	2	1618	2748	1.61789019123998
GO:0032526	response to retinoic acid	 16	0.00228891905624372	0.140144134524929	12	4	1609	2746	2.02236273904997
GO:0032543	mitochondrial translation	 11	0.631049008593145	1	4	7	1617	2743	0.980539509842409
GO:0032570	response to progesterone	 13	0.562999658909294	1	5	8	1616	2742	1.0371090969487
GO:0032580	Golgi cisterna membrane	 29	0.806460012738256	1	9	20	1612	2730	0.836839754089642
GO:0032587	ruffle membrane	 22	0.272760377083504	0.881771117328705	10	12	1611	2738	1.22567438730301
GO:0032588	trans-Golgi network membrane	 10	0.781377725261973	1	3	7	1618	2743	0.808945095619988
GO:0032590	dendrite membrane	 11	0.954443776392988	1	2	9	1619	2741	0.490269754921205
GO:0032593	insulin-responsive compartment	  6	0.141228566336525	0.710114109470648	4	2	1617	2748	1.79765576804442
GO:0032688	negative regulation of interferon-beta production	  5	0.901559628365078	1	1	4	1620	2746	0.539296730413325
GO:0032689	negative regulation of interferon-gamma production	  7	0.515348610516959	1	3	4	1618	2746	1.1556358508857
GO:0032693	negative regulation of interleukin-10 production	  5	0.901559628365078	1	1	4	1620	2746	0.539296730413325
GO:0032715	negative regulation of interleukin-6 production	  6	0.141228566336525	0.710114109470648	4	2	1617	2748	1.79765576804442
GO:0032720	negative regulation of tumor necrosis factor production	 15	0.708911907066413	1	5	10	1616	2740	0.898827884022209
GO:0032727	positive regulation of interferon-alpha production	  7	0.800202785632254	1	2	5	1619	2745	0.770423900590465
GO:0032728	positive regulation of interferon-beta production	 10	0.990342195753722	1	1	9	1620	2741	0.269648365206663
GO:0032729	positive regulation of interferon-gamma production	 10	0.990342195753722	1	1	9	1620	2741	0.269648365206663
GO:0032733	positive regulation of interleukin-10 production	  6	0.718815878456455	1	2	4	1619	2746	0.898827884022209
GO:0032735	positive regulation of interleukin-12 production	  5	1	1	0	5	1621	2745	0
GO:0032743	positive regulation of interleukin-2 production	  5	0.901559628365078	1	1	4	1620	2746	0.539296730413325
GO:0032753	positive regulation of interleukin-4 production	  5	0.901559628365078	1	1	4	1620	2746	0.539296730413325
GO:0032755	positive regulation of interleukin-6 production	 14	0.938074818776605	1	3	11	1618	2739	0.577817925442848
GO:0032757	positive regulation of interleukin-8 production	  5	0.268307979032342	0.874292856505159	3	2	1618	2748	1.61789019123998
GO:0032760	positive regulation of tumor necrosis factor production	 16	0.899893321190038	1	4	12	1617	2738	0.674120913016656
GO:0032781	positive regulation of ATPase activity	 16	0.377175534783405	0.98536875238176	7	9	1614	2741	1.17971159777915
GO:0032793	positive regulation of CREB transcription factor activity	  5	0.901559628365078	1	1	4	1620	2746	0.539296730413325
GO:0032794	GTPase activating protein binding	  8	0.621026637444471	1	3	5	1618	2745	1.01118136952498
GO:0032809	neuronal cell body membrane	 10	0.933226906869315	1	2	8	1619	2742	0.539296730413325
GO:0032825	positive regulation of natural killer cell differentiation	  5	0.901559628365078	1	1	4	1620	2746	0.539296730413325
GO:0032839	dendrite cytoplasm	 14	0.938074818776605	1	3	11	1618	2739	0.577817925442848
GO:0032868	response to insulin	 27	0.0384404923199055	0.467992546924466	15	12	1606	2738	1.49804647337035
GO:0032869	cellular response to insulin stimulus	 45	0.0186456586833693	0.363364088011944	24	21	1597	2729	1.43812461443553
GO:0032870	cellular response to hormone stimulus	 17	0.269741605445141	0.875971320293472	8	9	1613	2741	1.26893348332547
GO:0032874	positive regulation of stress-activated MAPK cascade	  6	0.938108378346802	1	1	5	1620	2745	0.449413942011104
GO:0032880	regulation of protein localization	 24	0.992354290578975	1	4	20	1617	2730	0.449413942011104
GO:0032897	negative regulation of viral transcription	  6	0.938108378346802	1	1	5	1620	2745	0.449413942011104
GO:0032922	circadian regulation of gene expression	 22	0.607437392687909	1	8	14	1613	2736	0.980539509842409
GO:0032930	positive regulation of superoxide anion generation	  9	0.984630666865282	1	1	8	1620	2742	0.299609294674069
GO:0032956	regulation of actin cytoskeleton organization	 34	0.509355973733075	1	13	21	1608	2729	1.03100845520194
GO:0032966	negative regulation of collagen biosynthetic process	  7	0.800202785632254	1	2	5	1619	2745	0.770423900590465
GO:0032967	positive regulation of collagen biosynthetic process	 16	0.206480619691051	0.874292856505159	8	8	1613	2742	1.34824182603331
GO:0032968	positive regulation of transcription elongation from RNA polymerase II promoter	  6	1	1	0	6	1621	2744	0
GO:0032981	mitochondrial respiratory chain complex I assembly	 12	0.969116020269325	1	2	10	1619	2740	0.449413942011104
GO:0032982	myosin filament	  9	0.00213844268333823	0.139047375387061	8	1	1613	2749	2.39687435739256
GO:0032993	protein-DNA complex	 23	0.989222075117525	1	4	19	1617	2731	0.468953678620283
GO:0033017	sarcoplasmic reticulum membrane	 16	0.0343632310865322	0.448933792822859	10	6	1611	2744	1.68530228254164
GO:0033077	T cell differentiation in thymus	  9	0.709677010709356	1	3	6	1618	2744	0.898827884022208
GO:0033116	endoplasmic reticulum-Golgi intermediate compartment membrane	 15	0.149963608006343	0.741132558410753	8	7	1613	2743	1.43812461443553
GO:0033120	positive regulation of RNA splicing	  7	0.800202785632254	1	2	5	1619	2745	0.770423900590465
GO:0033137	negative regulation of peptidyl-serine phosphorylation	 11	0.837750994012784	1	3	8	1618	2742	0.735404632381807
GO:0033138	positive regulation of peptidyl-serine phosphorylation	 23	0.100738784655249	0.680879267821798	12	11	1609	2739	1.40686103586085
GO:0033169	histone H3-K9 demethylation	  5	1	1	0	5	1621	2745	0
GO:0033173	calcineurin-NFAT signaling cascade	  6	0.718815878456455	1	2	4	1619	2746	0.898827884022209
GO:0033189	response to vitamin A	  7	0.515348610516959	1	3	4	1618	2746	1.1556358508857
GO:0033194	response to hydroperoxide	  5	0.901559628365078	1	1	4	1620	2746	0.539296730413325
GO:0033197	response to vitamin E	  6	0.141228566336525	0.710114109470648	4	2	1617	2748	1.79765576804442
GO:0033198	response to ATP	  7	0.515348610516959	1	3	4	1618	2746	1.1556358508857
GO:0033209	tumor necrosis factor-mediated signaling pathway	  7	0.800202785632254	1	2	5	1619	2745	0.770423900590465
GO:0033270	paranode region of axon	  5	0.611006382880356	1	2	3	1619	2747	1.07859346082665
GO:0033280	response to vitamin D	  9	0.208584409041611	0.874292856505159	5	4	1616	2746	1.49804647337035
GO:0033327	Leydig cell differentiation	  5	0.611006382880356	1	2	3	1619	2747	1.07859346082665
GO:0033344	cholesterol efflux	  7	0.235439100009758	0.874292856505159	4	3	1617	2747	1.54084780118093
GO:0033365	protein localization to organelle	  5	0.611006382880356	1	2	3	1619	2747	1.07859346082665
GO:0033555	multicellular organismal response to stress	  5	0.901559628365078	1	1	4	1620	2746	0.539296730413325
GO:0033558	protein deacetylase activity	  5	0.268307979032342	0.874292856505159	3	2	1618	2748	1.61789019123998
GO:0033574	response to testosterone	 18	0.857088356526676	1	5	13	1616	2737	0.749023236685174
GO:0033598	mammary gland epithelial cell proliferation	  5	0.268307979032342	0.874292856505159	3	2	1618	2748	1.61789019123998
GO:0033613	activating transcription factor binding	 14	0.938074818776605	1	3	11	1618	2739	0.577817925442848
GO:0033617	mitochondrial respiratory chain complex IV assembly	  5	1	1	0	5	1621	2745	0
GO:0033627	cell adhesion mediated by integrin	  9	0.984630666865282	1	1	8	1620	2742	0.299609294674069
GO:0033630	positive regulation of cell adhesion mediated by integrin	  8	0.9755447117189	1	1	7	1620	2743	0.337060456508328
GO:0033673	negative regulation of kinase activity	  6	0.938108378346802	1	1	5	1620	2745	0.449413942011104
GO:0033674	positive regulation of kinase activity	 15	0.866800508304316	1	4	11	1617	2739	0.719062307217767
GO:0033690	positive regulation of osteoblast proliferation	  8	0.859928168361515	1	2	6	1619	2744	0.674120913016656
GO:0033993	response to lipid	 11	0.837750994012784	1	3	8	1618	2742	0.735404632381807
GO:0034045	phagophore assembly site membrane	  7	0.515348610516959	1	3	4	1618	2746	1.1556358508857
GO:0034063	stress granule assembly	  7	0.961092643799227	1	1	6	1620	2744	0.385211950295232
GO:0034067	protein localization to Golgi apparatus	  5	0.611006382880356	1	2	3	1619	2747	1.07859346082665
GO:0034097	response to cytokine	 28	0.201788078320367	0.874292856505159	13	15	1608	2735	1.2519388384595
GO:0034101	erythrocyte homeostasis	  5	0.611006382880356	1	2	3	1619	2747	1.07859346082665
GO:0034113	heterotypic cell-cell adhesion	  9	0.984630666865282	1	1	8	1620	2742	0.299609294674069
GO:0034116	positive regulation of heterotypic cell-cell adhesion	  5	1	1	0	5	1621	2745	0
GO:0034122	negative regulation of toll-like receptor signaling pathway	  5	0.611006382880356	1	2	3	1619	2747	1.07859346082665
GO:0034145	positive regulation of toll-like receptor 4 signaling pathway	  5	0.901559628365078	1	1	4	1620	2746	0.539296730413325
GO:0034185	apolipoprotein binding	  7	0.0705706660816002	0.528541035757744	5	2	1616	2748	1.92605975147616
GO:0034198	cellular response to amino acid starvation	 15	0.000863865075140181	0.0757055033558294	12	3	1609	2747	2.1571869216533
GO:0034214	protein hexamerization	  5	0.611006382880356	1	2	3	1619	2747	1.07859346082665
GO:0034220	ion transmembrane transport	 40	0.864334835528399	1	12	28	1609	2722	0.808945095619988
GO:0034236	protein kinase A catalytic subunit binding	  6	0.938108378346802	1	1	5	1620	2745	0.449413942011104
GO:0034260	negative regulation of GTPase activity	 15	0.149963608006343	0.741132558410753	8	7	1613	2743	1.43812461443553
GO:0034314	Arp2/3 complex-mediated actin nucleation	  8	0.131659634381745	0.710114109470648	5	3	1616	2747	1.68530228254164
GO:0034332	adherens junction organization	 11	0.954443776392988	1	2	9	1619	2741	0.490269754921205
GO:0034341	response to interferon-gamma	  8	0.131659634381745	0.710114109470648	5	3	1616	2747	1.68530228254164
GO:0034383	low-density lipoprotein particle clearance	  6	0.141228566336525	0.710114109470648	4	2	1617	2748	1.79765576804442
GO:0034389	lipid droplet organization	  7	0.800202785632254	1	2	5	1619	2745	0.770423900590465
GO:0034392	negative regulation of smooth muscle cell apoptotic process	  5	0.901559628365078	1	1	4	1620	2746	0.539296730413325
GO:0034394	protein localization to cell surface	  8	0.339218565637772	0.969924578864316	4	4	1617	2746	1.34824182603331
GO:0034399	nuclear periphery	  8	0.859928168361515	1	2	6	1619	2744	0.674120913016656
GO:0034446	substrate adhesion-dependent cell spreading	 18	0.185113328194816	0.848800072337835	9	9	1612	2741	1.34824182603331
GO:0034451	centriolar satellite	 24	0.246190921979537	0.874292856505159	11	13	1610	2737	1.23588834053054
GO:0034501	protein localization to kinetochore	  5	0.0664052440141702	0.528541035757744	4	1	1617	2749	2.1571869216533
GO:0034504	protein localization to nucleus	 15	0.708911907066413	1	5	10	1616	2740	0.898827884022209
GO:0034599	cellular response to oxidative stress	 21	0.00559066830520474	0.216147324610686	14	7	1607	2743	1.79765576804442
GO:0034605	cellular response to heat	 15	0.503921793911772	1	6	9	1615	2741	1.07859346082665
GO:0034612	response to tumor necrosis factor	 14	0.824696881307542	1	4	10	1617	2740	0.770423900590465
GO:0034613	cellular protein localization	 20	0.0782566299955145	0.568254361464891	11	9	1610	2741	1.48306600863664
GO:0034614	cellular response to reactive oxygen species	 12	0.260583248437255	0.874292856505159	6	6	1615	2744	1.34824182603331
GO:0034620	cellular response to unfolded protein	  5	0.611006382880356	1	2	3	1619	2747	1.07859346082665
GO:0034622	cellular protein-containing complex assembly	  7	0.515348610516959	1	3	4	1618	2746	1.1556358508857
GO:0034629	cellular protein-containing complex localization	  5	0.901559628365078	1	1	4	1620	2746	0.539296730413325
GO:0034644	cellular response to UV	 22	0.607437392687909	1	8	14	1613	2736	0.980539509842409
GO:0034663	endoplasmic reticulum chaperone complex	  6	0.395387391728158	0.98536875238176	3	3	1618	2747	1.34824182603331
GO:0034704	calcium channel complex	  8	0.131659634381745	0.710114109470648	5	3	1616	2747	1.68530228254164
GO:0034707	chloride channel complex	 11	0.387196429366767	0.98536875238176	5	6	1616	2744	1.22567438730301
GO:0034719	SMN-Sm protein complex	  5	1	1	0	5	1621	2745	0
GO:0034765	regulation of ion transmembrane transport	 33	0.599420754318958	1	12	21	1609	2729	0.980539509842409
GO:0034968	histone lysine methylation	  6	0.141228566336525	0.710114109470648	4	2	1617	2748	1.79765576804442
GO:0034976	response to endoplasmic reticulum stress	 29	0.00535184270043937	0.215394602094389	18	11	1603	2739	1.67367950817928
GO:0035019	somatic stem cell population maintenance	 15	0.990663624112368	1	2	13	1619	2737	0.359531153608883
GO:0035020	regulation of Rac protein signal transduction	  5	0.901559628365078	1	1	4	1620	2746	0.539296730413325
GO:0035023	regulation of Rho protein signal transduction	 19	0.241559397610987	0.874292856505159	9	10	1612	2740	1.2772817299263
GO:0035024	negative regulation of Rho protein signal transduction	  5	0.611006382880356	1	2	3	1619	2747	1.07859346082665
GO:0035025	positive regulation of Rho protein signal transduction	  8	0.00517790438156171	0.215394602094389	7	1	1614	2749	2.3594231955583
GO:0035035	histone acetyltransferase binding	 18	0.52551977682233	1	7	11	1614	2739	1.04863253135924
GO:0035050	embryonic heart tube development	  5	0.901559628365078	1	1	4	1620	2746	0.539296730413325
GO:0035064	methylated histone binding	 16	0.993784643175182	1	2	14	1619	2736	0.337060456508328
GO:0035066	positive regulation of histone acetylation	  7	0.0705706660816002	0.528541035757744	5	2	1616	2748	1.92605975147616
GO:0035091	phosphatidylinositol binding	 20	0.658027773070048	1	7	13	1614	2737	0.943769278223319
GO:0035094	response to nicotine	 15	0.866800508304316	1	4	11	1617	2739	0.719062307217767
GO:0035097	histone methyltransferase complex	  8	0.621026637444471	1	3	5	1618	2745	1.01118136952498
GO:0035098	ESC/E(Z) complex	  9	0.902857070547847	1	2	7	1619	2743	0.599218589348139
GO:0035102	PRC1 complex	  6	0.938108378346802	1	1	5	1620	2745	0.449413942011104
GO:0035108	limb morphogenesis	  5	0.611006382880356	1	2	3	1619	2747	1.07859346082665
GO:0035115	embryonic forelimb morphogenesis	 11	0.993932037689796	1	1	10	1620	2740	0.245134877460602
GO:0035116	embryonic hindlimb morphogenesis	 13	0.913779546461806	1	3	10	1618	2740	0.622265458169221
GO:0035137	hindlimb morphogenesis	  5	0.901559628365078	1	1	4	1620	2746	0.539296730413325
GO:0035145	exon-exon junction complex	  6	0.938108378346802	1	1	5	1620	2745	0.449413942011104
GO:0035176	social behavior	  9	0.709677010709356	1	3	6	1618	2744	0.898827884022208
GO:0035198	miRNA binding	  7	0.961092643799227	1	1	6	1620	2744	0.385211950295232
GO:0035235	ionotropic glutamate receptor signaling pathway	  6	0.938108378346802	1	1	5	1620	2745	0.449413942011104
GO:0035249	synaptic transmission, glutamatergic	  8	0.9755447117189	1	1	7	1620	2743	0.337060456508328
GO:0035255	ionotropic glutamate receptor binding	 12	0.881082557011305	1	3	9	1618	2741	0.674120913016656
GO:0035257	nuclear hormone receptor binding	 13	0.0640935809337508	0.528541035757744	8	5	1613	2745	1.65937455511792
GO:0035259	glucocorticoid receptor binding	  6	0.395387391728158	0.98536875238176	3	3	1618	2747	1.34824182603331
GO:0035264	multicellular organism growth	 35	0.694226313563975	1	12	23	1609	2727	0.924508680708557
GO:0035307	positive regulation of protein dephosphorylation	  9	0.902857070547847	1	2	7	1619	2743	0.599218589348139
GO:0035313	wound healing, spreading of epidermal cells	  8	0.859928168361515	1	2	6	1619	2744	0.674120913016656
GO:0035327	transcriptionally active chromatin	  9	0.4437258909147	1	4	5	1617	2745	1.19843717869628
GO:0035329	hippo signaling	  8	0.621026637444471	1	3	5	1618	2745	1.01118136952498
GO:0035335	peptidyl-tyrosine dephosphorylation	 29	0.381362056343023	0.98536875238176	12	17	1609	2733	1.11578633878619
GO:0035338	long-chain fatty-acyl-CoA biosynthetic process	  8	0.131659634381745	0.710114109470648	5	3	1616	2747	1.68530228254164
GO:0035371	microtubule plus-end	 12	0.47763441574499	1	5	7	1616	2743	1.12353485502776
GO:0035372	protein localization to microtubule	  5	0.611006382880356	1	2	3	1619	2747	1.07859346082665
GO:0035374	chondroitin sulfate binding	  6	0.0289935828529927	0.448381840769795	5	1	1616	2749	2.24706971005552
GO:0035418	protein localization to synapse	  5	0.901559628365078	1	1	4	1620	2746	0.539296730413325
GO:0035435	phosphate ion transmembrane transport	  6	0.141228566336525	0.710114109470648	4	2	1617	2748	1.79765576804442
GO:0035458	cellular response to interferon-beta	  7	0.515348610516959	1	3	4	1618	2746	1.1556358508857
GO:0035497	cAMP response element binding	  6	0.0289935828529927	0.448381840769795	5	1	1616	2749	2.24706971005552
GO:0035563	positive regulation of chromatin binding	  7	0.800202785632254	1	2	5	1619	2745	0.770423900590465
GO:0035567	non-canonical Wnt signaling pathway	  5	0.611006382880356	1	2	3	1619	2747	1.07859346082665
GO:0035584	calcium-mediated signaling using intracellular calcium source	  5	0.611006382880356	1	2	3	1619	2747	1.07859346082665
GO:0035613	RNA stem-loop binding	  6	0.718815878456455	1	2	4	1619	2746	0.898827884022209
GO:0035615	clathrin adaptor activity	  5	0.901559628365078	1	1	4	1620	2746	0.539296730413325
GO:0035690	cellular response to drug	 29	0.145097754796314	0.727013443909376	14	15	1607	2735	1.30175072858389
GO:0035725	sodium ion transmembrane transport	 12	0.707756305017222	1	4	8	1617	2742	0.898827884022209
GO:0035729	cellular response to hepatocyte growth factor stimulus	  7	0.800202785632254	1	2	5	1619	2745	0.770423900590465
GO:0035767	endothelial cell chemotaxis	  7	0.0705706660816002	0.528541035757744	5	2	1616	2748	1.92605975147616
GO:0035770	ribonucleoprotein granule	  6	0.718815878456455	1	2	4	1619	2746	0.898827884022209
GO:0035774	positive regulation of insulin secretion involved in cellular response to glucose stimulus	 14	0.824696881307542	1	4	10	1617	2740	0.770423900590465
GO:0035815	positive regulation of renal sodium excretion	  5	0.901559628365078	1	1	4	1620	2746	0.539296730413325
GO:0035855	megakaryocyte development	  7	0.800202785632254	1	2	5	1619	2745	0.770423900590465
GO:0035861	site of double-strand break	 19	0.765602332251481	1	6	13	1615	2737	0.851521153284198
GO:0035869	ciliary transition zone	  7	0.961092643799227	1	1	6	1620	2744	0.385211950295232
GO:0035902	response to immobilization stress	  7	0.515348610516959	1	3	4	1618	2746	1.1556358508857
GO:0035904	aorta development	  8	0.0339172851015134	0.448933792822859	6	2	1615	2748	2.02236273904997
GO:0035909	aorta morphogenesis	  5	0.0664052440141702	0.528541035757744	4	1	1617	2749	2.1571869216533
GO:0035914	skeletal muscle cell differentiation	 31	0.0327789714964908	0.448933792822859	17	14	1604	2736	1.47871684145589
GO:0035924	cellular response to vascular endothelial growth factor stimulus	 11	0.0675829846107961	0.528541035757744	7	4	1614	2746	1.71594414222422
GO:0035925	mRNA 3	  8	0.859928168361515	1	2	6	1619	2744	0.674120913016656
GO:0035987	endodermal cell differentiation	 13	0.0640935809337508	0.528541035757744	8	5	1613	2745	1.65937455511792
GO:0035988	chondrocyte proliferation	  5	0.0664052440141702	0.528541035757744	4	1	1617	2749	2.1571869216533
GO:0035994	response to muscle stretch	  6	0.395387391728158	0.98536875238176	3	3	1618	2747	1.34824182603331
GO:0036002	pre-mRNA binding	  7	0.961092643799227	1	1	6	1620	2744	0.385211950295232
GO:0036035	osteoclast development	  5	0.611006382880356	1	2	3	1619	2747	1.07859346082665
GO:0036064	ciliary basal body	 26	0.807115540116191	1	8	18	1613	2732	0.829687277558962
GO:0036120	cellular response to platelet-derived growth factor stimulus	 15	0.0602122033768893	0.528541035757744	9	6	1612	2744	1.61789019123998
GO:0036126	sperm flagellum	 14	0.98602759375001	1	2	12	1619	2738	0.385211950295232
GO:0036342	post-anal tail morphogenesis	  6	0.938108378346802	1	1	5	1620	2745	0.449413942011104
GO:0036459	thiol-dependent ubiquitinyl hydrolase activity	 26	0.985779514691888	1	5	21	1616	2729	0.518554548474351
GO:0036464	cytoplasmic ribonucleoprotein granule	 19	0.88976193662496	1	5	14	1616	2736	0.709600961070165
GO:0036477	somatodendritic compartment	  9	0.709677010709356	1	3	6	1618	2744	0.898827884022208
GO:0036503	ERAD pathway	  5	0.0664052440141702	0.528541035757744	4	1	1617	2749	2.1571869216533
GO:0038023	signaling receptor activity	 48	0.753009446476356	1	16	32	1605	2718	0.898827884022209
GO:0038024	cargo receptor activity	  7	0.515348610516959	1	3	4	1618	2746	1.1556358508857
GO:0038063	collagen-activated tyrosine kinase receptor signaling pathway	  7	0.515348610516959	1	3	4	1618	2746	1.1556358508857
GO:0038083	peptidyl-tyrosine autophosphorylation	  8	0.621026637444471	1	3	5	1618	2745	1.01118136952498
GO:0038084	vascular endothelial growth factor signaling pathway	  8	0.131659634381745	0.710114109470648	5	3	1616	2747	1.68530228254164
GO:0038085	vascular endothelial growth factor binding	  5	0.268307979032342	0.874292856505159	3	2	1618	2748	1.61789019123998
GO:0038132	neuregulin binding	  5	0.611006382880356	1	2	3	1619	2747	1.07859346082665
GO:0039694	viral RNA genome replication	  5	0.901559628365078	1	1	4	1620	2746	0.539296730413325
GO:0039702	viral budding via host ESCRT complex	  6	0.718815878456455	1	2	4	1619	2746	0.898827884022209
GO:0040008	regulation of growth	 23	0.100738784655249	0.680879267821798	12	11	1609	2739	1.40686103586085
GO:0040014	regulation of multicellular organism growth	 12	0.881082557011305	1	3	9	1618	2741	0.674120913016656
GO:0040015	negative regulation of multicellular organism growth	  5	0.611006382880356	1	2	3	1619	2747	1.07859346082665
GO:0040016	embryonic cleavage	  5	0.901559628365078	1	1	4	1620	2746	0.539296730413325
GO:0040018	positive regulation of multicellular organism growth	  9	0.984630666865282	1	1	8	1620	2742	0.299609294674069
GO:0040029	regulation of gene expression, epigenetic	  5	0.0664052440141702	0.528541035757744	4	1	1617	2749	2.1571869216533
GO:0040037	negative regulation of fibroblast growth factor receptor signaling pathway	  7	0.235439100009758	0.874292856505159	4	3	1617	2747	1.54084780118093
GO:0042026	protein refolding	  6	0.938108378346802	1	1	5	1620	2745	0.449413942011104
GO:0042043	neurexin family protein binding	  5	0.901559628365078	1	1	4	1620	2746	0.539296730413325
GO:0042054	histone methyltransferase activity	  5	0.901559628365078	1	1	4	1620	2746	0.539296730413325
GO:0042056	chemoattractant activity	  9	0.0158160203253439	0.337683836946336	7	2	1614	2748	2.09726506271849
GO:0042059	negative regulation of epidermal growth factor receptor signaling pathway	  5	0.268307979032342	0.874292856505159	3	2	1618	2748	1.61789019123998
GO:0042060	wound healing	 45	0.11930775189211	0.710114109470648	21	24	1600	2726	1.25835903763109
GO:0042073	intraciliary transport	 10	0.990342195753722	1	1	9	1620	2741	0.269648365206663
GO:0042074	cell migration involved in gastrulation	  6	0.718815878456455	1	2	4	1619	2746	0.898827884022209
GO:0042098	T cell proliferation	  7	0.515348610516959	1	3	4	1618	2746	1.1556358508857
GO:0042100	B cell proliferation	  5	0.268307979032342	0.874292856505159	3	2	1618	2748	1.61789019123998
GO:0042102	positive regulation of T cell proliferation	 16	0.579969549388792	1	6	10	1615	2740	1.01118136952498
GO:0042104	positive regulation of activated T cell proliferation	  8	0.859928168361515	1	2	6	1619	2744	0.674120913016656
GO:0042110	T cell activation	 13	0.772092592176301	1	4	9	1617	2741	0.829687277558962
GO:0042113	B cell activation	  5	1	1	0	5	1621	2745	0
GO:0042127	regulation of cell population proliferation	 66	0.217583509714722	0.874292856505159	28	38	1593	2712	1.14396276148281
GO:0042129	regulation of T cell proliferation	  5	0.901559628365078	1	1	4	1620	2746	0.539296730413325
GO:0042130	negative regulation of T cell proliferation	 15	0.708911907066413	1	5	10	1616	2740	0.898827884022209
GO:0042147	retrograde transport, endosome to Golgi	 19	0.989381531910217	1	3	16	1618	2734	0.425760576642099
GO:0042149	cellular response to glucose starvation	 16	0.0934465963216342	0.641128805938118	9	7	1612	2743	1.51677205428748
GO:0042162	telomeric DNA binding	  7	0.800202785632254	1	2	5	1619	2745	0.770423900590465
GO:0042169	SH2 domain binding	 13	0.979177197325238	1	2	11	1619	2739	0.414843638779481
GO:0042176	regulation of protein catabolic process	  6	0.395387391728158	0.98536875238176	3	3	1618	2747	1.34824182603331
GO:0042177	negative regulation of protein catabolic process	 12	0.0362473632093955	0.448933792822859	8	4	1613	2746	1.79765576804442
GO:0042220	response to cocaine	 13	0.772092592176301	1	4	9	1617	2741	0.829687277558962
GO:0042246	tissue regeneration	 14	0.102096192203968	0.680879267821798	8	6	1613	2744	1.54084780118093
GO:0042254	ribosome biogenesis	 41	0.333099533847965	0.969924578864316	17	24	1604	2726	1.11805419719836
GO:0042273	ribosomal large subunit biogenesis	 10	0.121417105926346	0.710114109470648	6	4	1615	2746	1.61789019123998
GO:0042274	ribosomal small subunit biogenesis	  5	0.901559628365078	1	1	4	1620	2746	0.539296730413325
GO:0042277	peptide binding	 19	0.4071786487977	1	8	11	1613	2739	1.13536153771226
GO:0042288	MHC class I protein binding	  5	0.0664052440141702	0.528541035757744	4	1	1617	2749	2.1571869216533
GO:0042307	positive regulation of protein import into nucleus	 17	0.135312010717701	0.710114109470648	9	8	1612	2742	1.42755016874115
GO:0042308	negative regulation of protein import into nucleus	  5	1	1	0	5	1621	2745	0
GO:0042310	vasoconstriction	  5	0.901559628365078	1	1	4	1620	2746	0.539296730413325
GO:0042311	vasodilation	  6	0.718815878456455	1	2	4	1619	2746	0.898827884022209
GO:0042325	regulation of phosphorylation	  9	0.902857070547847	1	2	7	1619	2743	0.599218589348139
GO:0042326	negative regulation of phosphorylation	  9	0.208584409041611	0.874292856505159	5	4	1616	2746	1.49804647337035
GO:0042327	positive regulation of phosphorylation	  9	0.709677010709356	1	3	6	1618	2744	0.898827884022208
GO:0042383	sarcolemma	 58	0.0521229023412682	0.528541035757744	28	30	1593	2720	1.30175072858389
GO:0042391	regulation of membrane potential	 29	0.897608348722481	1	8	21	1613	2729	0.743857559190793
GO:0042393	histone binding	 33	0.319949838388382	0.969924578864316	14	19	1607	2731	1.14396276148281
GO:0042405	nuclear inclusion body	  5	1	1	0	5	1621	2745	0
GO:0042470	melanosome	 40	0.864334835528399	1	12	28	1609	2722	0.808945095619988
GO:0042472	inner ear morphogenesis	 16	0.579969549388792	1	6	10	1615	2740	1.01118136952498
GO:0042474	middle ear morphogenesis	  7	0.235439100009758	0.874292856505159	4	3	1617	2747	1.54084780118093
GO:0042475	odontogenesis of dentin-containing tooth	 15	0.019177901883888	0.363364088011944	10	5	1611	2745	1.79765576804442
GO:0042476	odontogenesis	 12	0.111452854572757	0.710114109470648	7	5	1614	2745	1.57294879703886
GO:0042531	positive regulation of tyrosine phosphorylation of STAT protein	 10	0.781377725261973	1	3	7	1618	2743	0.808945095619988
GO:0042532	negative regulation of tyrosine phosphorylation of STAT protein	  6	0.718815878456455	1	2	4	1619	2746	0.898827884022209
GO:0042535	positive regulation of tumor necrosis factor biosynthetic process	  8	1	1	0	8	1621	2742	0
GO:0042542	response to hydrogen peroxide	 29	0.0355051251758219	0.448933792822859	16	13	1605	2737	1.48771511838159
GO:0042551	neuron maturation	  7	0.961092643799227	1	1	6	1620	2744	0.385211950295232
GO:0042552	myelination	 17	0.649564238880757	1	6	11	1615	2739	0.951700112494103
GO:0042555	MCM complex	  5	0.00698752388695992	0.221476302604128	5	0	1616	2750	2.69648365206663
GO:0042562	hormone binding	  6	0.938108378346802	1	1	5	1620	2745	0.449413942011104
GO:0042572	retinol metabolic process	 11	0.017829412392986	0.363364088011944	8	3	1613	2747	1.96107901968482
GO:0042573	retinoic acid metabolic process	  6	0.395387391728158	0.98536875238176	3	3	1618	2747	1.34824182603331
GO:0042581	specific granule	  5	1	1	0	5	1621	2745	0
GO:0042582	azurophil granule	  5	0.901559628365078	1	1	4	1620	2746	0.539296730413325
GO:0042588	zymogen granule	  5	0.611006382880356	1	2	3	1619	2747	1.07859346082665
GO:0042589	zymogen granule membrane	  7	1	1	0	7	1621	2743	0
GO:0042593	glucose homeostasis	 35	0.0121495182368308	0.280712908695187	20	15	1601	2735	1.54084780118093
GO:0042594	response to starvation	 16	0.0343632310865322	0.448933792822859	10	6	1611	2744	1.68530228254164
GO:0042623	ATPase activity, coupled	  5	0.901559628365078	1	1	4	1620	2746	0.539296730413325
GO:0042626	ATPase-coupled transmembrane transporter activity	 12	0.996188039273475	1	1	11	1620	2739	0.224706971005552
GO:0042629	mast cell granule	  6	0.395387391728158	0.98536875238176	3	3	1618	2747	1.34824182603331
GO:0042632	cholesterol homeostasis	 29	0.076056669223745	0.557943924741371	15	14	1606	2736	1.39473292348274
GO:0042645	mitochondrial nucleoid	 15	0.708911907066413	1	5	10	1616	2740	0.898827884022209
GO:0042692	muscle cell differentiation	  6	0.938108378346802	1	1	5	1620	2745	0.449413942011104
GO:0042730	fibrinolysis	  6	0.938108378346802	1	1	5	1620	2745	0.449413942011104
GO:0042733	embryonic digit morphogenesis	 17	0.649564238880757	1	6	11	1615	2739	0.951700112494103
GO:0042734	presynaptic membrane	 21	0.999222351545414	1	2	19	1619	2731	0.256807966863488
GO:0042738	exogenous drug catabolic process	  8	0.9755447117189	1	1	7	1620	2743	0.337060456508328
GO:0042742	defense response to bacterium	 30	0.98698534300687	1	6	24	1615	2726	0.539296730413325
GO:0042744	hydrogen peroxide catabolic process	  6	0.395387391728158	0.98536875238176	3	3	1618	2747	1.34824182603331
GO:0042752	regulation of circadian rhythm	 28	0.475144350300326	1	11	17	1610	2733	1.05933286331189
GO:0042753	positive regulation of circadian rhythm	  5	0.901559628365078	1	1	4	1620	2746	0.539296730413325
GO:0042754	negative regulation of circadian rhythm	  5	0.611006382880356	1	2	3	1619	2747	1.07859346082665
GO:0042755	eating behavior	 10	0.990342195753722	1	1	9	1620	2741	0.269648365206663
GO:0042761	very long-chain fatty acid biosynthetic process	  6	0.395387391728158	0.98536875238176	3	3	1618	2747	1.34824182603331
GO:0042771	intrinsic apoptotic signaling pathway in response to DNA damage by p53 class mediator	 14	0.824696881307542	1	4	10	1617	2740	0.770423900590465
GO:0042789	mRNA transcription by RNA polymerase II	  8	0.621026637444471	1	3	5	1618	2745	1.01118136952498
GO:0042805	actinin binding	  6	0.718815878456455	1	2	4	1619	2746	0.898827884022209
GO:0042813	Wnt-activated receptor activity	  9	0.902857070547847	1	2	7	1619	2743	0.599218589348139
GO:0042826	histone deacetylase binding	 36	0.340946569381681	0.969924578864316	15	21	1606	2729	1.12353485502776
GO:0042832	defense response to protozoan	  7	0.961092643799227	1	1	6	1620	2744	0.385211950295232
GO:0042834	peptidoglycan binding	  5	0.611006382880356	1	2	3	1619	2747	1.07859346082665
GO:0042974	retinoic acid receptor binding	  5	0.611006382880356	1	2	3	1619	2747	1.07859346082665
GO:0042981	regulation of apoptotic process	 65	0.557962914253217	1	24	41	1597	2709	0.995624733070754
GO:0042985	negative regulation of amyloid precursor protein biosynthetic process	  5	0.0664052440141702	0.528541035757744	4	1	1617	2749	2.1571869216533
GO:0043001	Golgi to plasma membrane protein transport	  9	0.902857070547847	1	2	7	1619	2743	0.599218589348139
GO:0043010	camera-type eye development	 17	0.649564238880757	1	6	11	1615	2739	0.951700112494103
GO:0043011	myeloid dendritic cell differentiation	  9	0.984630666865282	1	1	8	1620	2742	0.299609294674069
GO:0043014	alpha-tubulin binding	  9	0.0701198146538523	0.528541035757744	6	3	1615	2747	1.79765576804442
GO:0043015	gamma-tubulin binding	  6	0.718815878456455	1	2	4	1619	2746	0.898827884022209
GO:0043021	ribonucleoprotein complex binding	 12	0.881082557011305	1	3	9	1618	2741	0.674120913016656
GO:0043022	ribosome binding	 20	0.166534316580405	0.79358399189249	10	10	1611	2740	1.34824182603331
GO:0043023	ribosomal large subunit binding	  7	0.515348610516959	1	3	4	1618	2746	1.1556358508857
GO:0043027	cysteine-type endopeptidase inhibitor activity involved in apoptotic process	 13	0.562999658909294	1	5	8	1616	2742	1.0371090969487
GO:0043029	T cell homeostasis	 10	0.781377725261973	1	3	7	1618	2743	0.808945095619988
GO:0043032	positive regulation of macrophage activation	  6	0.718815878456455	1	2	4	1619	2746	0.898827884022209
GO:0043034	costamere	  5	0.611006382880356	1	2	3	1619	2747	1.07859346082665
GO:0043069	negative regulation of programmed cell death	  6	0.718815878456455	1	2	4	1619	2746	0.898827884022209
GO:0043085	positive regulation of catalytic activity	 22	0.272760377083504	0.881771117328705	10	12	1611	2738	1.22567438730301
GO:0043086	negative regulation of catalytic activity	 19	0.4071786487977	1	8	11	1613	2739	1.13536153771226
GO:0043087	regulation of GTPase activity	 27	0.723164295093826	1	9	18	1612	2732	0.898827884022208
GO:0043113	receptor clustering	 12	0.47763441574499	1	5	7	1616	2743	1.12353485502776
GO:0043117	positive regulation of vascular permeability	  5	0.611006382880356	1	2	3	1619	2747	1.07859346082665
GO:0043123	positive regulation of I-kappaB kinase/NF-kappaB signaling	 35	0.945686178144527	1	9	26	1612	2724	0.693381510531418
GO:0043124	negative regulation of I-kappaB kinase/NF-kappaB signaling	 18	0.857088356526676	1	5	13	1616	2737	0.749023236685174
GO:0043129	surfactant homeostasis	  5	0.0664052440141702	0.528541035757744	4	1	1617	2749	2.1571869216533
GO:0043130	ubiquitin binding	 22	0.150247075805046	0.741132558410753	11	11	1610	2739	1.34824182603331
GO:0043138	3	  5	0.611006382880356	1	2	3	1619	2747	1.07859346082665
GO:0043153	entrainment of circadian clock by photoperiod	 10	0.295751712156876	0.928961961772567	5	5	1616	2745	1.34824182603331
GO:0043154	negative regulation of cysteine-type endopeptidase activity involved in apoptotic process	 41	0.142532330451511	0.715412276178551	19	22	1602	2728	1.24958998510405
GO:0043161	proteasome-mediated ubiquitin-dependent protein catabolic process	 57	0.764940098650946	1	19	38	1602	2712	0.898827884022208
GO:0043162	ubiquitin-dependent protein catabolic process via the multivesicular body sorting pathway	  7	0.800202785632254	1	2	5	1619	2745	0.770423900590465
GO:0043171	peptide catabolic process	  8	0.339218565637772	0.969924578864316	4	4	1617	2746	1.34824182603331
GO:0043195	terminal bouton	 15	0.866800508304316	1	4	11	1617	2739	0.719062307217767
GO:0043197	dendritic spine	 62	0.743215224040464	1	21	41	1600	2709	0.913325107958051
GO:0043198	dendritic shaft	 15	0.302496509430501	0.928961961772567	7	8	1614	2742	1.25835903763109
GO:0043200	response to amino acid	 12	0.707756305017222	1	4	8	1617	2742	0.898827884022209
GO:0043202	lysosomal lumen	  5	0.611006382880356	1	2	3	1619	2747	1.07859346082665
GO:0043204	perikaryon	 49	0.919901481921508	1	14	35	1607	2715	0.770423900590464
GO:0043209	myelin sheath	 57	0.115124713525106	0.710114109470648	26	31	1595	2719	1.22997499918829
GO:0043220	Schmidt-Lanterman incisure	  8	0.131659634381745	0.710114109470648	5	3	1616	2747	1.68530228254164
GO:0043229	intracellular organelle	  6	1	1	0	6	1621	2744	0
GO:0043235	receptor complex	 54	0.663574903286038	1	19	35	1602	2715	0.948762766467887
GO:0043236	laminin binding	 11	0.387196429366767	0.98536875238176	5	6	1616	2744	1.22567438730301
GO:0043248	proteasome assembly	  6	0.718815878456455	1	2	4	1619	2746	0.898827884022209
GO:0043254	regulation of protein-containing complex assembly	  5	0.0664052440141702	0.528541035757744	4	1	1617	2749	2.1571869216533
GO:0043267	negative regulation of potassium ion transport	  5	0.268307979032342	0.874292856505159	3	2	1618	2748	1.61789019123998
GO:0043268	positive regulation of potassium ion transport	  5	0.901559628365078	1	1	4	1620	2746	0.539296730413325
GO:0043274	phospholipase binding	  5	0.611006382880356	1	2	3	1619	2747	1.07859346082665
GO:0043277	apoptotic cell clearance	  9	0.709677010709356	1	3	6	1618	2744	0.898827884022208
GO:0043278	response to morphine	  9	0.709677010709356	1	3	6	1618	2744	0.898827884022208
GO:0043280	positive regulation of cysteine-type endopeptidase activity involved in apoptotic process	 16	0.579969549388792	1	6	10	1615	2740	1.01118136952498
GO:0043292	contractile fiber	 10	0.00719933454812439	0.221476302604128	8	2	1613	2748	2.1571869216533
GO:0043295	glutathione binding	  5	0.0664052440141702	0.528541035757744	4	1	1617	2749	2.1571869216533
GO:0043296	apical junction complex	  5	0.901559628365078	1	1	4	1620	2746	0.539296730413325
GO:0043306	positive regulation of mast cell degranulation	  7	0.961092643799227	1	1	6	1620	2744	0.385211950295232
GO:0043330	response to exogenous dsRNA	  5	0.611006382880356	1	2	3	1619	2747	1.07859346082665
GO:0043353	enucleate erythrocyte differentiation	  6	0.718815878456455	1	2	4	1619	2746	0.898827884022209
GO:0043388	positive regulation of DNA binding	 15	0.302496509430501	0.928961961772567	7	8	1614	2742	1.25835903763109
GO:0043392	negative regulation of DNA binding	 12	0.0362473632093955	0.448933792822859	8	4	1613	2746	1.79765576804442
GO:0043393	regulation of protein binding	 11	0.631049008593145	1	4	7	1617	2743	0.980539509842409
GO:0043394	proteoglycan binding	  7	0.0123627495615496	0.280712908695187	6	1	1615	2749	2.31127170177139
GO:0043401	steroid hormone mediated signaling pathway	 11	0.954443776392988	1	2	9	1619	2741	0.490269754921205
GO:0043403	skeletal muscle tissue regeneration	 15	0.019177901883888	0.363364088011944	10	5	1611	2745	1.79765576804442
GO:0043406	positive regulation of MAP kinase activity	 22	0.150247075805046	0.741132558410753	11	11	1610	2739	1.34824182603331
GO:0043407	negative regulation of MAP kinase activity	 13	0.0640935809337508	0.528541035757744	8	5	1613	2745	1.65937455511792
GO:0043408	regulation of MAPK cascade	  6	0.938108378346802	1	1	5	1620	2745	0.449413942011104
GO:0043409	negative regulation of MAPK cascade	  6	0.141228566336525	0.710114109470648	4	2	1617	2748	1.79765576804442
GO:0043410	positive regulation of MAPK cascade	 34	0.771597427100199	1	11	23	1610	2727	0.872391769786261
GO:0043422	protein kinase B binding	 10	0.781377725261973	1	3	7	1618	2743	0.808945095619988
GO:0043425	bHLH transcription factor binding	  7	0.800202785632254	1	2	5	1619	2745	0.770423900590465
GO:0043433	negative regulation of DNA-binding transcription factor activity	 31	0.0694110137122935	0.528541035757744	16	15	1605	2735	1.39173349784084
GO:0043434	response to peptide hormone	 24	0.393449373882351	0.98536875238176	10	14	1611	2736	1.12353485502776
GO:0043473	pigmentation	 13	0.772092592176301	1	4	9	1617	2741	0.829687277558962
GO:0043484	regulation of RNA splicing	 20	0.915780677247344	1	5	15	1616	2735	0.674120913016656
GO:0043488	regulation of mRNA stability	 14	0.640581869348199	1	5	9	1616	2741	0.963029875738081
GO:0043491	protein kinase B signaling	 13	0.341050026682105	0.969924578864316	6	7	1615	2743	1.24453091633844
GO:0043507	positive regulation of JUN kinase activity	 11	0.387196429366767	0.98536875238176	5	6	1616	2744	1.22567438730301
GO:0043508	negative regulation of JUN kinase activity	  8	0.131659634381745	0.710114109470648	5	3	1616	2747	1.68530228254164
GO:0043515	kinetochore binding	  5	0.611006382880356	1	2	3	1619	2747	1.07859346082665
GO:0043517	positive regulation of DNA damage response, signal transduction by p53 class mediator	  7	0.800202785632254	1	2	5	1619	2745	0.770423900590465
GO:0043518	negative regulation of DNA damage response, signal transduction by p53 class mediator	  9	0.902857070547847	1	2	7	1619	2743	0.599218589348139
GO:0043522	leucine zipper domain binding	  7	0.0705706660816002	0.528541035757744	5	2	1616	2748	1.92605975147616
GO:0043523	regulation of neuron apoptotic process	 11	0.631049008593145	1	4	7	1617	2743	0.980539509842409
GO:0043524	negative regulation of neuron apoptotic process	 48	0.0450860569338867	0.524354507674187	24	24	1597	2726	1.34824182603331
GO:0043525	positive regulation of neuron apoptotic process	 29	0.381362056343023	0.98536875238176	12	17	1609	2733	1.11578633878619
GO:0043531	ADP binding	 11	0.387196429366767	0.98536875238176	5	6	1616	2744	1.22567438730301
GO:0043534	blood vessel endothelial cell migration	  5	0.0664052440141702	0.528541035757744	4	1	1617	2749	2.1571869216533
GO:0043536	positive regulation of blood vessel endothelial cell migration	 15	0.708911907066413	1	5	10	1616	2740	0.898827884022209
GO:0043537	negative regulation of blood vessel endothelial cell migration	  6	0.395387391728158	0.98536875238176	3	3	1618	2747	1.34824182603331
GO:0043539	protein serine/threonine kinase activator activity	 12	0.707756305017222	1	4	8	1617	2742	0.898827884022209
GO:0043542	endothelial cell migration	 16	0.206480619691051	0.874292856505159	8	8	1613	2742	1.34824182603331
GO:0043547	positive regulation of GTPase activity	 71	0.101120672155113	0.680879267821798	32	39	1589	2711	1.21531657557932
GO:0043548	phosphatidylinositol 3-kinase binding	 10	0.781377725261973	1	3	7	1618	2743	0.808945095619988
GO:0043551	regulation of phosphatidylinositol 3-kinase activity	  6	0.718815878456455	1	2	4	1619	2746	0.898827884022209
GO:0043552	positive regulation of phosphatidylinositol 3-kinase activity	  9	0.902857070547847	1	2	7	1619	2743	0.599218589348139
GO:0043567	regulation of insulin-like growth factor receptor signaling pathway	  5	0.0664052440141702	0.528541035757744	4	1	1617	2749	2.1571869216533
GO:0043588	skin development	 18	0.52551977682233	1	7	11	1614	2739	1.04863253135924
GO:0043589	skin morphogenesis	  7	0.0705706660816002	0.528541035757744	5	2	1616	2748	1.92605975147616
GO:0043621	protein self-association	 22	0.76529826235933	1	7	15	1614	2735	0.857972071112108
GO:0043627	response to estrogen	 23	0.0449613713268757	0.524354507674187	13	10	1608	2740	1.52409945551592
GO:0043653	mitochondrial fragmentation involved in apoptotic process	  6	0.718815878456455	1	2	4	1619	2746	0.898827884022209
GO:0043666	regulation of phosphoprotein phosphatase activity	 12	0.881082557011305	1	3	9	1618	2741	0.674120913016656
GO:0043679	axon terminus	 24	0.929051654116408	1	6	18	1615	2732	0.674120913016656
GO:0043687	post-translational protein modification	  5	0.901559628365078	1	1	4	1620	2746	0.539296730413325
GO:0043923	positive regulation by host of viral transcription	  6	0.395387391728158	0.98536875238176	3	3	1618	2747	1.34824182603331
GO:0043966	histone H3 acetylation	 11	0.954443776392988	1	2	9	1619	2741	0.490269754921205
GO:0043967	histone H4 acetylation	 10	0.781377725261973	1	3	7	1618	2743	0.808945095619988
GO:0044030	regulation of DNA methylation	  8	0.859928168361515	1	2	6	1619	2744	0.674120913016656
GO:0044212	transcription regulatory region DNA binding	 85	0.673934078681804	1	30	55	1591	2695	0.951700112494103
GO:0044257	cellular protein catabolic process	  8	0.339218565637772	0.969924578864316	4	4	1617	2746	1.34824182603331
GO:0044291	cell-cell contact zone	  7	0.0123627495615496	0.280712908695187	6	1	1615	2749	2.31127170177139
GO:0044295	axonal growth cone	 12	0.0362473632093955	0.448933792822859	8	4	1613	2746	1.79765576804442
GO:0044297	cell body	 37	0.170766714834486	0.811567393922701	17	20	1604	2730	1.2389249212198
GO:0044306	neuron projection terminus	  7	0.800202785632254	1	2	5	1619	2745	0.770423900590465
GO:0044319	wound healing, spreading of cells	  8	0.339218565637772	0.969924578864316	4	4	1617	2746	1.34824182603331
GO:0044322	endoplasmic reticulum quality control compartment	  5	0.611006382880356	1	2	3	1619	2747	1.07859346082665
GO:0044325	ion channel binding	 47	0.175220597877629	0.828605174426273	21	26	1600	2724	1.20481184454041
GO:0044342	type B pancreatic cell proliferation	  6	0.395387391728158	0.98536875238176	3	3	1618	2747	1.34824182603331
GO:0044344	cellular response to fibroblast growth factor stimulus	 11	0.631049008593145	1	4	7	1617	2743	0.980539509842409
GO:0044389	ubiquitin-like protein ligase binding	  9	0.0158160203253439	0.337683836946336	7	2	1614	2748	2.09726506271849
GO:0044548	S100 protein binding	 10	0.295751712156876	0.928961961772567	5	5	1616	2745	1.34824182603331
GO:0044615	nuclear pore nuclear basket	  8	0.859928168361515	1	2	6	1619	2744	0.674120913016656
GO:0044772	mitotic cell cycle phase transition	 12	0.00141059481347468	0.103479788752591	10	2	1611	2748	2.24706971005552
GO:0044782	cilium organization	  6	0.718815878456455	1	2	4	1619	2746	0.898827884022209
GO:0044798	nuclear transcription factor complex	 13	0.772092592176301	1	4	9	1617	2741	0.829687277558962
GO:0044804	autophagy of nucleus	  5	0.611006382880356	1	2	3	1619	2747	1.07859346082665
GO:0044849	estrous cycle	  7	0.0705706660816002	0.528541035757744	5	2	1616	2748	1.92605975147616
GO:0044853	plasma membrane raft	  7	0.515348610516959	1	3	4	1618	2746	1.1556358508857
GO:0045019	negative regulation of nitric oxide biosynthetic process	  6	0.141228566336525	0.710114109470648	4	2	1617	2748	1.79765576804442
GO:0045022	early endosome to late endosome transport	  8	0.621026637444471	1	3	5	1618	2745	1.01118136952498
GO:0045055	regulated exocytosis	  5	0.611006382880356	1	2	3	1619	2747	1.07859346082665
GO:0045056	transcytosis	  6	0.938108378346802	1	1	5	1620	2745	0.449413942011104
GO:0045070	positive regulation of viral genome replication	  8	0.859928168361515	1	2	6	1619	2744	0.674120913016656
GO:0045071	negative regulation of viral genome replication	 10	0.542375343419917	1	4	6	1617	2744	1.07859346082665
GO:0045087	innate immune response	 91	0.999405828034729	1	20	71	1601	2679	0.592633769684973
GO:0045088	regulation of innate immune response	  5	1	1	0	5	1621	2745	0
GO:0045089	positive regulation of innate immune response	  6	0.938108378346802	1	1	5	1620	2745	0.449413942011104
GO:0045095	keratin filament	 11	0.993932037689796	1	1	10	1620	2740	0.245134877460602
GO:0045111	intermediate filament cytoskeleton	 13	0.562999658909294	1	5	8	1616	2742	1.0371090969487
GO:0045116	protein neddylation	  6	1	1	0	6	1621	2744	0
GO:0045120	pronucleus	  8	0.339218565637772	0.969924578864316	4	4	1617	2746	1.34824182603331
GO:0045121	membrane raft	 74	0.227767018558586	0.874292856505159	31	43	1590	2707	1.12960801640629
GO:0045165	cell fate commitment	 20	0.47666871145095	1	8	12	1613	2738	1.07859346082665
GO:0045171	intercellular bridge	 25	0.0916131060667767	0.641128805938118	13	12	1608	2738	1.40217149907465
GO:0045176	apical protein localization	  8	0.339218565637772	0.969924578864316	4	4	1617	2746	1.34824182603331
GO:0045177	apical part of cell	 32	0.0924959527584273	0.641128805938118	16	16	1605	2734	1.34824182603331
GO:0045182	translation regulator activity	 10	0.295751712156876	0.928961961772567	5	5	1616	2745	1.34824182603331
GO:0045184	establishment of protein localization	 17	0.135312010717701	0.710114109470648	9	8	1612	2742	1.42755016874115
GO:0045197	establishment or maintenance of epithelial cell apical/basal polarity	  6	0.395387391728158	0.98536875238176	3	3	1618	2747	1.34824182603331
GO:0045198	establishment of epithelial cell apical/basal polarity	  7	0.515348610516959	1	3	4	1618	2746	1.1556358508857
GO:0045211	postsynaptic membrane	 49	0.456225308762059	1	19	30	1602	2720	1.04557529365849
GO:0045214	sarcomere organization	 20	0.0310889230908486	0.448933792822859	12	8	1609	2742	1.61789019123998
GO:0045216	cell-cell junction organization	  8	0.621026637444471	1	3	5	1618	2745	1.01118136952498
GO:0045254	pyruvate dehydrogenase complex	  5	0.268307979032342	0.874292856505159	3	2	1618	2748	1.61789019123998
GO:0045292	mRNA cis splicing, via spliceosome	  9	0.709677010709356	1	3	6	1618	2744	0.898827884022208
GO:0045296	cadherin binding	 13	0.562999658909294	1	5	8	1616	2742	1.0371090969487
GO:0045332	phospholipid translocation	  8	0.9755447117189	1	1	7	1620	2743	0.337060456508328
GO:0045333	cellular respiration	  6	0.395387391728158	0.98536875238176	3	3	1618	2747	1.34824182603331
GO:0045334	clathrin-coated endocytic vesicle	  5	0.901559628365078	1	1	4	1620	2746	0.539296730413325
GO:0045335	phagocytic vesicle	 33	0.838986036905447	1	10	23	1611	2727	0.817116258202008
GO:0045348	positive regulation of MHC class II biosynthetic process	  6	0.938108378346802	1	1	5	1620	2745	0.449413942011104
GO:0045429	positive regulation of nitric oxide biosynthetic process	 11	0.000353256241772883	0.0529757857141423	10	1	1611	2749	2.45134877460602
GO:0045444	fat cell differentiation	 28	0.76746206421238	1	9	19	1612	2731	0.866726888164273
GO:0045445	myoblast differentiation	  8	0.621026637444471	1	3	5	1618	2745	1.01118136952498
GO:0045453	bone resorption	 10	0.542375343419917	1	4	6	1617	2744	1.07859346082665
GO:0045454	cell redox homeostasis	 25	0.0164208880236208	0.348001189893179	15	10	1606	2740	1.61789019123998
GO:0045471	response to ethanol	 44	0.885855743550451	1	13	31	1608	2719	0.796688351746958
GO:0045475	locomotor rhythm	  5	0.268307979032342	0.874292856505159	3	2	1618	2748	1.61789019123998
GO:0045494	photoreceptor cell maintenance	  6	0.395387391728158	0.98536875238176	3	3	1618	2747	1.34824182603331
GO:0045505	dynein intermediate chain binding	  5	0.611006382880356	1	2	3	1619	2747	1.07859346082665
GO:0045579	positive regulation of B cell differentiation	  5	0.901559628365078	1	1	4	1620	2746	0.539296730413325
GO:0045580	regulation of T cell differentiation	  5	0.268307979032342	0.874292856505159	3	2	1618	2748	1.61789019123998
GO:0045582	positive regulation of T cell differentiation	  7	0.961092643799227	1	1	6	1620	2744	0.385211950295232
GO:0045595	regulation of cell differentiation	 10	0.295751712156876	0.928961961772567	5	5	1616	2745	1.34824182603331
GO:0045596	negative regulation of cell differentiation	 14	0.102096192203968	0.680879267821798	8	6	1613	2744	1.54084780118093
GO:0045597	positive regulation of cell differentiation	 19	0.241559397610987	0.874292856505159	9	10	1612	2740	1.2772817299263
GO:0045598	regulation of fat cell differentiation	  7	0.800202785632254	1	2	5	1619	2745	0.770423900590465
GO:0045599	negative regulation of fat cell differentiation	 20	0.302943554817828	0.928961961772567	9	11	1612	2739	1.21341764342998
GO:0045600	positive regulation of fat cell differentiation	 20	0.658027773070048	1	7	13	1614	2737	0.943769278223319
GO:0045616	regulation of keratinocyte differentiation	  7	0.961092643799227	1	1	6	1620	2744	0.385211950295232
GO:0045617	negative regulation of keratinocyte differentiation	  5	0.901559628365078	1	1	4	1620	2746	0.539296730413325
GO:0045638	negative regulation of myeloid cell differentiation	  9	0.984630666865282	1	1	8	1620	2742	0.299609294674069
GO:0045647	negative regulation of erythrocyte differentiation	  5	0.901559628365078	1	1	4	1620	2746	0.539296730413325
GO:0045648	positive regulation of erythrocyte differentiation	 10	0.933226906869315	1	2	8	1619	2742	0.539296730413325
GO:0045654	positive regulation of megakaryocyte differentiation	  6	1	1	0	6	1621	2744	0
GO:0045662	negative regulation of myoblast differentiation	 11	0.0675829846107961	0.528541035757744	7	4	1614	2746	1.71594414222422
GO:0045663	positive regulation of myoblast differentiation	  8	0.131659634381745	0.710114109470648	5	3	1616	2747	1.68530228254164
GO:0045664	regulation of neuron differentiation	  7	0.515348610516959	1	3	4	1618	2746	1.1556358508857
GO:0045665	negative regulation of neuron differentiation	 20	0.166534316580405	0.79358399189249	10	10	1611	2740	1.34824182603331
GO:0045666	positive regulation of neuron differentiation	 32	0.166470575396627	0.79358399189249	15	17	1606	2733	1.26397671190623
GO:0045667	regulation of osteoblast differentiation	  7	0.800202785632254	1	2	5	1619	2745	0.770423900590465
GO:0045668	negative regulation of osteoblast differentiation	 14	0.0355916224810885	0.448933792822859	9	5	1612	2745	1.73345377632855
GO:0045669	positive regulation of osteoblast differentiation	 27	0.0384404923199055	0.467992546924466	15	12	1606	2738	1.49804647337035
GO:0045670	regulation of osteoclast differentiation	  7	0.800202785632254	1	2	5	1619	2745	0.770423900590465
GO:0045671	negative regulation of osteoclast differentiation	  5	0.901559628365078	1	1	4	1620	2746	0.539296730413325
GO:0045672	positive regulation of osteoclast differentiation	  7	0.961092643799227	1	1	6	1620	2744	0.385211950295232
GO:0045687	positive regulation of glial cell differentiation	  5	0.611006382880356	1	2	3	1619	2747	1.07859346082665
GO:0045722	positive regulation of gluconeogenesis	  6	0.718815878456455	1	2	4	1619	2746	0.898827884022209
GO:0045727	positive regulation of translation	 32	0.271310154151139	0.880066157626315	14	18	1607	2732	1.17971159777915
GO:0045732	positive regulation of protein catabolic process	 23	0.497589966419079	1	9	14	1612	2736	1.05514577689564
GO:0045736	negative regulation of cyclin-dependent protein serine/threonine kinase activity	 12	0.111452854572757	0.710114109470648	7	5	1614	2745	1.57294879703886
GO:0045737	positive regulation of cyclin-dependent protein serine/threonine kinase activity	 15	0.0602122033768893	0.528541035757744	9	6	1612	2744	1.61789019123998
GO:0045739	positive regulation of DNA repair	 12	0.969116020269325	1	2	10	1619	2740	0.449413942011104
GO:0045740	positive regulation of DNA replication	 12	0.111452854572757	0.710114109470648	7	5	1614	2745	1.57294879703886
GO:0045745	positive regulation of G protein-coupled receptor signaling pathway	  6	0.938108378346802	1	1	5	1620	2745	0.449413942011104
GO:0045746	negative regulation of Notch signaling pathway	 14	0.102096192203968	0.680879267821798	8	6	1613	2744	1.54084780118093
GO:0045747	positive regulation of Notch signaling pathway	 11	0.0675829846107961	0.528541035757744	7	4	1614	2746	1.71594414222422
GO:0045765	regulation of angiogenesis	  8	0.131659634381745	0.710114109470648	5	3	1616	2747	1.68530228254164
GO:0045766	positive regulation of angiogenesis	 50	0.191154423507448	0.866708091370538	22	28	1599	2722	1.18645280690932
GO:0045773	positive regulation of axon extension	 16	0.206480619691051	0.874292856505159	8	8	1613	2742	1.34824182603331
GO:0045776	negative regulation of blood pressure	 11	0.993932037689796	1	1	10	1620	2740	0.245134877460602
GO:0045777	positive regulation of blood pressure	 11	0.954443776392988	1	2	9	1619	2741	0.490269754921205
GO:0045778	positive regulation of ossification	  9	0.902857070547847	1	2	7	1619	2743	0.599218589348139
GO:0045780	positive regulation of bone resorption	  6	1	1	0	6	1621	2744	0
GO:0045785	positive regulation of cell adhesion	 17	0.135312010717701	0.710114109470648	9	8	1612	2742	1.42755016874115
GO:0045786	negative regulation of cell cycle	 13	0.0640935809337508	0.528541035757744	8	5	1613	2745	1.65937455511792
GO:0045787	positive regulation of cell cycle	 18	0.185113328194816	0.848800072337835	9	9	1612	2741	1.34824182603331
GO:0045793	positive regulation of cell size	  5	0.901559628365078	1	1	4	1620	2746	0.539296730413325
GO:0045807	positive regulation of endocytosis	 10	0.0359216204721896	0.448933792822859	7	3	1614	2747	1.88753855644664
GO:0045814	negative regulation of gene expression, epigenetic	  5	0.611006382880356	1	2	3	1619	2747	1.07859346082665
GO:0045821	positive regulation of glycolytic process	  6	0.718815878456455	1	2	4	1619	2746	0.898827884022209
GO:0045823	positive regulation of heart contraction	  6	0.938108378346802	1	1	5	1620	2745	0.449413942011104
GO:0045840	positive regulation of mitotic nuclear division	 10	0.781377725261973	1	3	7	1618	2743	0.808945095619988
GO:0045859	regulation of protein kinase activity	  6	0.395387391728158	0.98536875238176	3	3	1618	2747	1.34824182603331
GO:0045860	positive regulation of protein kinase activity	 15	0.302496509430501	0.928961961772567	7	8	1614	2742	1.25835903763109
GO:0045861	negative regulation of proteolysis	  7	0.235439100009758	0.874292856505159	4	3	1617	2747	1.54084780118093
GO:0045862	positive regulation of proteolysis	 13	0.913779546461806	1	3	10	1618	2740	0.622265458169221
GO:0045869	negative regulation of single stranded viral RNA replication via double stranded DNA intermediate	  5	0.611006382880356	1	2	3	1619	2747	1.07859346082665
GO:0045879	negative regulation of smoothened signaling pathway	  6	0.395387391728158	0.98536875238176	3	3	1618	2747	1.34824182603331
GO:0045880	positive regulation of smoothened signaling pathway	 11	0.837750994012784	1	3	8	1618	2742	0.735404632381807
GO:0045899	positive regulation of RNA polymerase II transcriptional preinitiation complex assembly	  6	0.395387391728158	0.98536875238176	3	3	1618	2747	1.34824182603331
GO:0045907	positive regulation of vasoconstriction	 14	0.640581869348199	1	5	9	1616	2741	0.963029875738081
GO:0045921	positive regulation of exocytosis	 11	0.631049008593145	1	4	7	1617	2743	0.980539509842409
GO:0045926	negative regulation of growth	  5	0.901559628365078	1	1	4	1620	2746	0.539296730413325
GO:0045930	negative regulation of mitotic cell cycle	 15	0.302496509430501	0.928961961772567	7	8	1614	2742	1.25835903763109
GO:0045931	positive regulation of mitotic cell cycle	 15	0.019177901883888	0.363364088011944	10	5	1611	2745	1.79765576804442
GO:0045943	positive regulation of transcription by RNA polymerase I	  6	0.0289935828529927	0.448381840769795	5	1	1616	2749	2.24706971005552
GO:0045948	positive regulation of translational initiation	  6	0.938108378346802	1	1	5	1620	2745	0.449413942011104
GO:0045955	negative regulation of calcium ion-dependent exocytosis	  5	0.611006382880356	1	2	3	1619	2747	1.07859346082665
GO:0045956	positive regulation of calcium ion-dependent exocytosis	  5	0.611006382880356	1	2	3	1619	2747	1.07859346082665
GO:0045987	positive regulation of smooth muscle contraction	  8	0.131659634381745	0.710114109470648	5	3	1616	2747	1.68530228254164
GO:0045995	regulation of embryonic development	  8	0.621026637444471	1	3	5	1618	2745	1.01118136952498
GO:0046034	ATP metabolic process	 19	0.241559397610987	0.874292856505159	9	10	1612	2740	1.2772817299263
GO:0046039	GTP metabolic process	  6	0.938108378346802	1	1	5	1620	2745	0.449413942011104
GO:0046085	adenosine metabolic process	  6	0.718815878456455	1	2	4	1619	2746	0.898827884022209
GO:0046325	negative regulation of glucose import	  5	0.611006382880356	1	2	3	1619	2747	1.07859346082665
GO:0046326	positive regulation of glucose import	 19	0.765602332251481	1	6	13	1615	2737	0.851521153284198
GO:0046329	negative regulation of JNK cascade	  7	0.515348610516959	1	3	4	1618	2746	1.1556358508857
GO:0046330	positive regulation of JNK cascade	 29	0.953650662319631	1	7	22	1614	2728	0.650875364291944
GO:0046332	SMAD binding	 24	0.393449373882351	0.98536875238176	10	14	1611	2736	1.12353485502776
GO:0046426	negative regulation of receptor signaling pathway via JAK-STAT	  7	0.235439100009758	0.874292856505159	4	3	1617	2747	1.54084780118093
GO:0046427	positive regulation of receptor signaling pathway via JAK-STAT	  9	0.208584409041611	0.874292856505159	5	4	1616	2746	1.49804647337035
GO:0046488	phosphatidylinositol metabolic process	  5	0.268307979032342	0.874292856505159	3	2	1618	2748	1.61789019123998
GO:0046513	ceramide biosynthetic process	  5	1	1	0	5	1621	2745	0
GO:0046540	U4/U6 x U5 tri-snRNP complex	  5	0.901559628365078	1	1	4	1620	2746	0.539296730413325
GO:0046579	positive regulation of Ras protein signal transduction	  7	0.515348610516959	1	3	4	1618	2746	1.1556358508857
GO:0046580	negative regulation of Ras protein signal transduction	  6	0.718815878456455	1	2	4	1619	2746	0.898827884022209
GO:0046597	negative regulation of viral entry into host cell	  7	0.515348610516959	1	3	4	1618	2746	1.1556358508857
GO:0046621	negative regulation of organ growth	  5	0.901559628365078	1	1	4	1620	2746	0.539296730413325
GO:0046626	regulation of insulin receptor signaling pathway	  5	0.0664052440141702	0.528541035757744	4	1	1617	2749	2.1571869216533
GO:0046627	negative regulation of insulin receptor signaling pathway	 10	0.542375343419917	1	4	6	1617	2744	1.07859346082665
GO:0046628	positive regulation of insulin receptor signaling pathway	  9	0.208584409041611	0.874292856505159	5	4	1616	2746	1.49804647337035
GO:0046641	positive regulation of alpha-beta T cell proliferation	  5	0.901559628365078	1	1	4	1620	2746	0.539296730413325
GO:0046658	anchored component of plasma membrane	  7	0.515348610516959	1	3	4	1618	2746	1.1556358508857
GO:0046676	negative regulation of insulin secretion	 14	0.640581869348199	1	5	9	1616	2741	0.963029875738081
GO:0046677	response to antibiotic	 11	0.631049008593145	1	4	7	1617	2743	0.980539509842409
GO:0046685	response to arsenic-containing substance	  5	0.901559628365078	1	1	4	1620	2746	0.539296730413325
GO:0046686	response to cadmium ion	 11	0.0675829846107961	0.528541035757744	7	4	1614	2746	1.71594414222422
GO:0046688	response to copper ion	  5	0.00698752388695992	0.221476302604128	5	0	1616	2750	2.69648365206663
GO:0046697	decidualization	 14	0.00953895193755384	0.256683598009436	10	4	1611	2746	1.92605975147616
GO:0046716	muscle cell cellular homeostasis	  9	0.709677010709356	1	3	6	1618	2744	0.898827884022208
GO:0046718	viral entry into host cell	 13	0.341050026682105	0.969924578864316	6	7	1615	2743	1.24453091633844
GO:0046777	protein autophosphorylation	 62	0.929230319116614	1	18	44	1603	2706	0.782850092535472
GO:0046827	positive regulation of protein export from nucleus	  8	0.339218565637772	0.969924578864316	4	4	1617	2746	1.34824182603331
GO:0046835	carbohydrate phosphorylation	  6	0.395387391728158	0.98536875238176	3	3	1618	2747	1.34824182603331
GO:0046847	filopodium assembly	  6	0.718815878456455	1	2	4	1619	2746	0.898827884022209
GO:0046849	bone remodeling	  5	0.611006382880356	1	2	3	1619	2747	1.07859346082665
GO:0046854	phosphatidylinositol phosphorylation	 19	0.4071786487977	1	8	11	1613	2739	1.13536153771226
GO:0046855	inositol phosphate dephosphorylation	  5	0.901559628365078	1	1	4	1620	2746	0.539296730413325
GO:0046856	phosphatidylinositol dephosphorylation	  5	0.901559628365078	1	1	4	1620	2746	0.539296730413325
GO:0046875	ephrin receptor binding	  9	0.902857070547847	1	2	7	1619	2743	0.599218589348139
GO:0046907	intracellular transport	  6	0.718815878456455	1	2	4	1619	2746	0.898827884022209
GO:0046928	regulation of neurotransmitter secretion	  5	0.611006382880356	1	2	3	1619	2747	1.07859346082665
GO:0046940	nucleoside monophosphate phosphorylation	  6	0.718815878456455	1	2	4	1619	2746	0.898827884022209
GO:0046961	proton-transporting ATPase activity, rotational mechanism	  8	0.339218565637772	0.969924578864316	4	4	1617	2746	1.34824182603331
GO:0046965	retinoid X receptor binding	  5	0.268307979032342	0.874292856505159	3	2	1618	2748	1.61789019123998
GO:0046966	thyroid hormone receptor binding	 11	0.993932037689796	1	1	10	1620	2740	0.245134877460602
GO:0046983	protein dimerization activity	 57	0.255277619928116	0.874292856505159	24	33	1597	2717	1.13536153771226
GO:0047485	protein N-terminus binding	 43	0.550985775327436	1	16	27	1605	2723	1.00334275425735
GO:0047496	vesicle transport along microtubule	  6	0.395387391728158	0.98536875238176	3	3	1618	2747	1.34824182603331
GO:0047617	acyl-CoA hydrolase activity	  5	0.268307979032342	0.874292856505159	3	2	1618	2748	1.61789019123998
GO:0047676	arachidonate-CoA ligase activity	  5	0.268307979032342	0.874292856505159	3	2	1618	2748	1.61789019123998
GO:0048008	platelet-derived growth factor receptor signaling pathway	 17	0.0562328946362415	0.528541035757744	10	7	1611	2743	1.58616685415684
GO:0048010	vascular endothelial growth factor receptor signaling pathway	 10	0.542375343419917	1	4	6	1617	2744	1.07859346082665
GO:0048011	neurotrophin TRK receptor signaling pathway	  5	0.0664052440141702	0.528541035757744	4	1	1617	2749	2.1571869216533
GO:0048013	ephrin receptor signaling pathway	 11	0.954443776392988	1	2	9	1619	2741	0.490269754921205
GO:0048015	phosphatidylinositol-mediated signaling	 15	0.708911907066413	1	5	10	1616	2740	0.898827884022209
GO:0048018	receptor ligand activity	 14	0.231314488765893	0.874292856505159	7	7	1614	2743	1.34824182603331
GO:0048024	regulation of mRNA splicing, via spliceosome	  7	0.961092643799227	1	1	6	1620	2744	0.385211950295232
GO:0048025	negative regulation of mRNA splicing, via spliceosome	 10	0.542375343419917	1	4	6	1617	2744	1.07859346082665
GO:0048026	positive regulation of mRNA splicing, via spliceosome	  5	0.901559628365078	1	1	4	1620	2746	0.539296730413325
GO:0048027	mRNA 5	  9	0.984630666865282	1	1	8	1620	2742	0.299609294674069
GO:0048029	monosaccharide binding	  6	0.395387391728158	0.98536875238176	3	3	1618	2747	1.34824182603331
GO:0048037	cofactor binding	  9	0.0158160203253439	0.337683836946336	7	2	1614	2748	2.09726506271849
GO:0048038	quinone binding	  7	0.800202785632254	1	2	5	1619	2745	0.770423900590465
GO:0048041	focal adhesion assembly	 11	0.387196429366767	0.98536875238176	5	6	1616	2744	1.22567438730301
GO:0048096	chromatin-mediated maintenance of transcription	  5	0.611006382880356	1	2	3	1619	2747	1.07859346082665
GO:0048103	somatic stem cell division	  8	0.9755447117189	1	1	7	1620	2743	0.337060456508328
GO:0048146	positive regulation of fibroblast proliferation	 32	0.0924959527584273	0.641128805938118	16	16	1605	2734	1.34824182603331
GO:0048147	negative regulation of fibroblast proliferation	 16	0.899893321190038	1	4	12	1617	2738	0.674120913016656
GO:0048148	behavioral response to cocaine	  5	0.901559628365078	1	1	4	1620	2746	0.539296730413325
GO:0048149	behavioral response to ethanol	  5	0.901559628365078	1	1	4	1620	2746	0.539296730413325
GO:0048156	tau protein binding	  7	0.515348610516959	1	3	4	1618	2746	1.1556358508857
GO:0048167	regulation of synaptic plasticity	 12	0.707756305017222	1	4	8	1617	2742	0.898827884022209
GO:0048168	regulation of neuronal synaptic plasticity	  7	0.961092643799227	1	1	6	1620	2744	0.385211950295232
GO:0048169	regulation of long-term neuronal synaptic plasticity	 10	0.542375343419917	1	4	6	1617	2744	1.07859346082665
GO:0048240	sperm capacitation	  7	1	1	0	7	1621	2743	0
GO:0048251	elastic fiber assembly	  6	0.395387391728158	0.98536875238176	3	3	1618	2747	1.34824182603331
GO:0048255	mRNA stabilization	  9	0.4437258909147	1	4	5	1617	2745	1.19843717869628
GO:0048260	positive regulation of receptor-mediated endocytosis	 10	0.933226906869315	1	2	8	1619	2742	0.539296730413325
GO:0048265	response to pain	  5	0.901559628365078	1	1	4	1620	2746	0.539296730413325
GO:0048266	behavioral response to pain	  6	0.938108378346802	1	1	5	1620	2745	0.449413942011104
GO:0048268	clathrin coat assembly	  7	0.800202785632254	1	2	5	1619	2745	0.770423900590465
GO:0048278	vesicle docking	  5	0.268307979032342	0.874292856505159	3	2	1618	2748	1.61789019123998
GO:0048286	lung alveolus development	 15	0.302496509430501	0.928961961772567	7	8	1614	2742	1.25835903763109
GO:0048306	calcium-dependent protein binding	 33	0.0129700162021669	0.287652839956586	19	14	1602	2736	1.55252089058381
GO:0048339	paraxial mesoderm development	  6	0.395387391728158	0.98536875238176	3	3	1618	2747	1.34824182603331
GO:0048365	Rac GTPase binding	 16	0.0934465963216342	0.641128805938118	9	7	1612	2743	1.51677205428748
GO:0048382	mesendoderm development	  5	1	1	0	5	1621	2745	0
GO:0048407	platelet-derived growth factor binding	 10	0.00719933454812439	0.221476302604128	8	2	1613	2748	2.1571869216533
GO:0048468	cell development	  9	0.4437258909147	1	4	5	1617	2745	1.19843717869628
GO:0048469	cell maturation	 11	0.837750994012784	1	3	8	1618	2742	0.735404632381807
GO:0048477	oogenesis	 11	0.631049008593145	1	4	7	1617	2743	0.980539509842409
GO:0048485	sympathetic nervous system development	  5	0.611006382880356	1	2	3	1619	2747	1.07859346082665
GO:0048487	beta-tubulin binding	 14	0.231314488765893	0.874292856505159	7	7	1614	2743	1.34824182603331
GO:0048488	synaptic vesicle endocytosis	 11	0.837750994012784	1	3	8	1618	2742	0.735404632381807
GO:0048489	synaptic vesicle transport	  5	1	1	0	5	1621	2745	0
GO:0048511	rhythmic process	 55	0.483732447326089	1	21	34	1600	2716	1.02956648533453
GO:0048513	animal organ development	  5	1	1	0	5	1621	2745	0
GO:0048514	blood vessel morphogenesis	 17	0.649564238880757	1	6	11	1615	2739	0.951700112494103
GO:0048515	spermatid differentiation	  5	0.268307979032342	0.874292856505159	3	2	1618	2748	1.61789019123998
GO:0048535	lymph node development	  9	0.984630666865282	1	1	8	1620	2742	0.299609294674069
GO:0048536	spleen development	 11	0.387196429366767	0.98536875238176	5	6	1616	2744	1.22567438730301
GO:0048538	thymus development	 19	0.4071786487977	1	8	11	1613	2739	1.13536153771226
GO:0048545	response to steroid hormone	  9	0.0158160203253439	0.337683836946336	7	2	1614	2748	2.09726506271849
GO:0048546	digestive tract morphogenesis	  5	0.901559628365078	1	1	4	1620	2746	0.539296730413325
GO:0048557	embryonic digestive tract morphogenesis	  6	0.395387391728158	0.98536875238176	3	3	1618	2747	1.34824182603331
GO:0048565	digestive tract development	  8	0.339218565637772	0.969924578864316	4	4	1617	2746	1.34824182603331
GO:0048568	embryonic organ development	 16	0.579969549388792	1	6	10	1615	2740	1.01118136952498
GO:0048589	developmental growth	  7	0.800202785632254	1	2	5	1619	2745	0.770423900590465
GO:0048592	eye morphogenesis	  5	0.0664052440141702	0.528541035757744	4	1	1617	2749	2.1571869216533
GO:0048593	camera-type eye morphogenesis	  8	0.339218565637772	0.969924578864316	4	4	1617	2746	1.34824182603331
GO:0048596	embryonic camera-type eye morphogenesis	  5	0.901559628365078	1	1	4	1620	2746	0.539296730413325
GO:0048598	embryonic morphogenesis	  7	0.800202785632254	1	2	5	1619	2745	0.770423900590465
GO:0048643	positive regulation of skeletal muscle tissue development	  5	0.268307979032342	0.874292856505159	3	2	1618	2748	1.61789019123998
GO:0048661	positive regulation of smooth muscle cell proliferation	 36	0.226443390371986	0.874292856505159	16	20	1605	2730	1.19843717869628
GO:0048662	negative regulation of smooth muscle cell proliferation	 10	0.121417105926346	0.710114109470648	6	4	1615	2746	1.61789019123998
GO:0048663	neuron fate commitment	  9	0.208584409041611	0.874292856505159	5	4	1616	2746	1.49804647337035
GO:0048665	neuron fate specification	  5	0.268307979032342	0.874292856505159	3	2	1618	2748	1.61789019123998
GO:0048666	neuron development	 18	0.71158646990997	1	6	12	1615	2738	0.898827884022208
GO:0048667	cell morphogenesis involved in neuron differentiation	  6	0.395387391728158	0.98536875238176	3	3	1618	2747	1.34824182603331
GO:0048675	axon extension	  7	0.961092643799227	1	1	6	1620	2744	0.385211950295232
GO:0048678	response to axon injury	 12	0.0086204369847812	0.25166398176999	9	3	1612	2747	2.02236273904997
GO:0048679	regulation of axon regeneration	  5	0.268307979032342	0.874292856505159	3	2	1618	2748	1.61789019123998
GO:0048680	positive regulation of axon regeneration	  5	0.00698752388695992	0.221476302604128	5	0	1616	2750	2.69648365206663
GO:0048701	embryonic cranial skeleton morphogenesis	 15	0.866800508304316	1	4	11	1617	2739	0.719062307217767
GO:0048704	embryonic skeletal system morphogenesis	 18	0.857088356526676	1	5	13	1616	2737	0.749023236685174
GO:0048705	skeletal system morphogenesis	 15	0.302496509430501	0.928961961772567	7	8	1614	2742	1.25835903763109
GO:0048706	embryonic skeletal system development	 16	0.206480619691051	0.874292856505159	8	8	1613	2742	1.34824182603331
GO:0048709	oligodendrocyte differentiation	  6	0.718815878456455	1	2	4	1619	2746	0.898827884022209
GO:0048711	positive regulation of astrocyte differentiation	  5	0.00698752388695992	0.221476302604128	5	0	1616	2750	2.69648365206663
GO:0048714	positive regulation of oligodendrocyte differentiation	  7	0.515348610516959	1	3	4	1618	2746	1.1556358508857
GO:0048715	negative regulation of oligodendrocyte differentiation	  9	0.0701198146538523	0.528541035757744	6	3	1615	2747	1.79765576804442
GO:0048738	cardiac muscle tissue development	 11	0.0675829846107961	0.528541035757744	7	4	1614	2746	1.71594414222422
GO:0048739	cardiac muscle fiber development	  8	0.621026637444471	1	3	5	1618	2745	1.01118136952498
GO:0048741	skeletal muscle fiber development	  8	0.0339172851015134	0.448933792822859	6	2	1615	2748	2.02236273904997
GO:0048745	smooth muscle tissue development	  9	0.709677010709356	1	3	6	1618	2744	0.898827884022208
GO:0048747	muscle fiber development	  7	0.000956905849120665	0.0760474342870617	7	0	1614	2750	2.69648365206663
GO:0048754	branching morphogenesis of an epithelial tube	 15	0.019177901883888	0.363364088011944	10	5	1611	2745	1.79765576804442
GO:0048771	tissue remodeling	  6	0.141228566336525	0.710114109470648	4	2	1617	2748	1.79765576804442
GO:0048786	presynaptic active zone	  5	1	1	0	5	1621	2745	0
GO:0048812	neuron projection morphogenesis	 18	0.0328106557527666	0.448933792822859	11	7	1610	2743	1.64785112070738
GO:0048813	dendrite morphogenesis	 12	0.47763441574499	1	5	7	1616	2743	1.12353485502776
GO:0048821	erythrocyte development	  6	0.718815878456455	1	2	4	1619	2746	0.898827884022209
GO:0048839	inner ear development	 16	0.579969549388792	1	6	10	1615	2740	1.01118136952498
GO:0048844	artery morphogenesis	  9	0.208584409041611	0.874292856505159	5	4	1616	2746	1.49804647337035
GO:0048856	anatomical structure development	 14	0.423351680119263	1	6	8	1615	2742	1.1556358508857
GO:0048863	stem cell differentiation	 10	1	1	0	10	1621	2740	0
GO:0048870	cell motility	  6	0.395387391728158	0.98536875238176	3	3	1618	2747	1.34824182603331
GO:0048872	homeostasis of number of cells	 10	0.781377725261973	1	3	7	1618	2743	0.808945095619988
GO:0048873	homeostasis of number of cells within a tissue	 11	0.0675829846107961	0.528541035757744	7	4	1614	2746	1.71594414222422
GO:0050431	transforming growth factor beta binding	  9	0.902857070547847	1	2	7	1619	2743	0.599218589348139
GO:0050482	arachidonic acid secretion	  9	0.902857070547847	1	2	7	1619	2743	0.599218589348139
GO:0050660	flavin adenine dinucleotide binding	 13	0.772092592176301	1	4	9	1617	2741	0.829687277558962
GO:0050661	NADP binding	 10	0.121417105926346	0.710114109470648	6	4	1615	2746	1.61789019123998
GO:0050662	coenzyme binding	  5	0.611006382880356	1	2	3	1619	2747	1.07859346082665
GO:0050678	regulation of epithelial cell proliferation	  7	0.235439100009758	0.874292856505159	4	3	1617	2747	1.54084780118093
GO:0050679	positive regulation of epithelial cell proliferation	 27	0.574467342435252	1	10	17	1611	2733	0.998697648913565
GO:0050680	negative regulation of epithelial cell proliferation	 30	0.918440291178907	1	8	22	1613	2728	0.719062307217767
GO:0050681	androgen receptor binding	 11	0.837750994012784	1	3	8	1618	2742	0.735404632381807
GO:0050699	WW domain binding	 10	0.542375343419917	1	4	6	1617	2744	1.07859346082665
GO:0050709	negative regulation of protein secretion	  7	0.515348610516959	1	3	4	1618	2746	1.1556358508857
GO:0050714	positive regulation of protein secretion	 17	0.978098566195419	1	3	14	1618	2736	0.475850056247052
GO:0050715	positive regulation of cytokine secretion	  7	0.800202785632254	1	2	5	1619	2745	0.770423900590465
GO:0050718	positive regulation of interleukin-1 beta secretion	  9	0.709677010709356	1	3	6	1618	2744	0.898827884022208
GO:0050727	regulation of inflammatory response	 15	0.866800508304316	1	4	11	1617	2739	0.719062307217767
GO:0050728	negative regulation of inflammatory response	 31	0.0694110137122935	0.528541035757744	16	15	1605	2735	1.39173349784084
GO:0050729	positive regulation of inflammatory response	 10	0.542375343419917	1	4	6	1617	2744	1.07859346082665
GO:0050730	regulation of peptidyl-tyrosine phosphorylation	  6	0.0289935828529927	0.448381840769795	5	1	1616	2749	2.24706971005552
GO:0050731	positive regulation of peptidyl-tyrosine phosphorylation	 40	0.40831494342251	1	16	24	1605	2726	1.07859346082665
GO:0050732	negative regulation of peptidyl-tyrosine phosphorylation	  7	0.515348610516959	1	3	4	1618	2746	1.1556358508857
GO:0050750	low-density lipoprotein particle receptor binding	  9	0.984630666865282	1	1	8	1620	2742	0.299609294674069
GO:0050765	negative regulation of phagocytosis	  7	0.800202785632254	1	2	5	1619	2745	0.770423900590465
GO:0050766	positive regulation of phagocytosis	 21	0.850360079129928	1	6	15	1615	2735	0.770423900590464
GO:0050767	regulation of neurogenesis	 12	0.0362473632093955	0.448933792822859	8	4	1613	2746	1.79765576804442
GO:0050768	negative regulation of neurogenesis	 10	0.542375343419917	1	4	6	1617	2744	1.07859346082665
GO:0050769	positive regulation of neurogenesis	 10	0.990342195753722	1	1	9	1620	2741	0.269648365206663
GO:0050771	negative regulation of axonogenesis	  5	0.901559628365078	1	1	4	1620	2746	0.539296730413325
GO:0050772	positive regulation of axonogenesis	 13	0.166705340484931	0.79358399189249	7	6	1614	2744	1.45195273572818
GO:0050775	positive regulation of dendrite morphogenesis	 10	0.121417105926346	0.710114109470648	6	4	1615	2746	1.61789019123998
GO:0050776	regulation of immune response	  8	0.859928168361515	1	2	6	1619	2744	0.674120913016656
GO:0050790	regulation of catalytic activity	 21	0.543943711555115	1	8	13	1613	2737	1.02723186745395
GO:0050796	regulation of insulin secretion	  5	0.611006382880356	1	2	3	1619	2747	1.07859346082665
GO:0050804	modulation of chemical synaptic transmission	 23	0.808731326711183	1	7	16	1614	2734	0.820668937585495
GO:0050806	positive regulation of synaptic transmission	 10	0.990342195753722	1	1	9	1620	2741	0.269648365206663
GO:0050807	regulation of synapse organization	  8	0.339218565637772	0.969924578864316	4	4	1617	2746	1.34824182603331
GO:0050808	synapse organization	 12	0.881082557011305	1	3	9	1618	2741	0.674120913016656
GO:0050821	protein stabilization	 57	0.764940098650946	1	19	38	1602	2712	0.898827884022208
GO:0050829	defense response to Gram-negative bacterium	  8	0.9755447117189	1	1	7	1620	2743	0.337060456508328
GO:0050830	defense response to Gram-positive bacterium	 12	0.707756305017222	1	4	8	1617	2742	0.898827884022209
GO:0050832	defense response to fungus	  5	0.268307979032342	0.874292856505159	3	2	1618	2748	1.61789019123998
GO:0050839	cell adhesion molecule binding	 22	0.76529826235933	1	7	15	1614	2735	0.857972071112108
GO:0050840	extracellular matrix binding	 14	0.102096192203968	0.680879267821798	8	6	1613	2744	1.54084780118093
GO:0050847	progesterone receptor signaling pathway	  5	1	1	0	5	1621	2745	0
GO:0050850	positive regulation of calcium-mediated signaling	  5	0.611006382880356	1	2	3	1619	2747	1.07859346082665
GO:0050852	T cell receptor signaling pathway	 12	0.47763441574499	1	5	7	1616	2743	1.12353485502776
GO:0050853	B cell receptor signaling pathway	  8	0.621026637444471	1	3	5	1618	2745	1.01118136952498
GO:0050868	negative regulation of T cell activation	  6	0.938108378346802	1	1	5	1620	2745	0.449413942011104
GO:0050870	positive regulation of T cell activation	  7	0.961092643799227	1	1	6	1620	2744	0.385211950295232
GO:0050872	white fat cell differentiation	  8	0.339218565637772	0.969924578864316	4	4	1617	2746	1.34824182603331
GO:0050873	brown fat cell differentiation	 13	0.0640935809337508	0.528541035757744	8	5	1613	2745	1.65937455511792
GO:0050877	nervous system process	 11	0.954443776392988	1	2	9	1619	2741	0.490269754921205
GO:0050884	neuromuscular process controlling posture	  5	0.268307979032342	0.874292856505159	3	2	1618	2748	1.61789019123998
GO:0050885	neuromuscular process controlling balance	 17	0.135312010717701	0.710114109470648	9	8	1612	2742	1.42755016874115
GO:0050890	cognition	 11	0.186018051505006	0.848800072337835	6	5	1615	2745	1.47080926476361
GO:0050892	intestinal absorption	  6	0.395387391728158	0.98536875238176	3	3	1618	2747	1.34824182603331
GO:0050896	response to stimulus	 31	0.999900041647277	1	3	28	1618	2722	0.260950030845157
GO:0050900	leukocyte migration	  8	0.859928168361515	1	2	6	1619	2744	0.674120913016656
GO:0050901	leukocyte tethering or rolling	  5	1	1	0	5	1621	2745	0
GO:0050905	neuromuscular process	  6	0.395387391728158	0.98536875238176	3	3	1618	2747	1.34824182603331
GO:0050911	detection of chemical stimulus involved in sensory perception of smell	 11	1	1	0	11	1621	2739	0
GO:0050918	positive chemotaxis	 11	0.017829412392986	0.363364088011944	8	3	1613	2747	1.96107901968482
GO:0050919	negative chemotaxis	  5	0.901559628365078	1	1	4	1620	2746	0.539296730413325
GO:0050921	positive regulation of chemotaxis	  6	0.395387391728158	0.98536875238176	3	3	1618	2747	1.34824182603331
GO:0050927	positive regulation of positive chemotaxis	  5	0.611006382880356	1	2	3	1619	2747	1.07859346082665
GO:0050930	induction of positive chemotaxis	  8	0.131659634381745	0.710114109470648	5	3	1616	2747	1.68530228254164
GO:0050965	detection of temperature stimulus involved in sensory perception of pain	  6	0.141228566336525	0.710114109470648	4	2	1617	2748	1.79765576804442
GO:0050966	detection of mechanical stimulus involved in sensory perception of pain	  5	0.611006382880356	1	2	3	1619	2747	1.07859346082665
GO:0050998	nitric-oxide synthase binding	  9	0.4437258909147	1	4	5	1617	2745	1.19843717869628
GO:0051000	positive regulation of nitric-oxide synthase activity	  5	0.0664052440141702	0.528541035757744	4	1	1617	2749	2.1571869216533
GO:0051010	microtubule plus-end binding	  8	0.339218565637772	0.969924578864316	4	4	1617	2746	1.34824182603331
GO:0051015	actin filament binding	 72	9.36028635071567e-07	0.00183629424218683	47	25	1574	2725	1.76020460621016
GO:0051016	barbed-end actin filament capping	  9	0.0701198146538523	0.528541035757744	6	3	1615	2747	1.79765576804442
GO:0051017	actin filament bundle assembly	 16	0.0934465963216342	0.641128805938118	9	7	1612	2743	1.51677205428748
GO:0051019	mitogen-activated protein kinase binding	 10	0.0359216204721896	0.448933792822859	7	3	1614	2747	1.88753855644664
GO:0051020	GTPase binding	 13	0.341050026682105	0.969924578864316	6	7	1615	2743	1.24453091633844
GO:0051028	mRNA transport	 36	0.981949675802136	1	8	28	1613	2722	0.599218589348139
GO:0051059	NF-kappaB binding	 14	0.423351680119263	1	6	8	1615	2742	1.1556358508857
GO:0051082	unfolded protein binding	 28	0.976500753500397	1	6	22	1615	2728	0.577817925442848
GO:0051085	chaperone cofactor-dependent protein refolding	 11	0.837750994012784	1	3	8	1618	2742	0.735404632381807
GO:0051087	chaperone binding	 40	0.40831494342251	1	16	24	1605	2726	1.07859346082665
GO:0051091	positive regulation of DNA-binding transcription factor activity	 38	0.888836264244102	1	11	27	1610	2723	0.780561057177181
GO:0051092	positive regulation of NF-kappaB transcription factor activity	 30	0.840320506967311	1	9	21	1612	2729	0.808945095619988
GO:0051117	ATPase binding	 33	0.319949838388382	0.969924578864316	14	19	1607	2731	1.14396276148281
GO:0051145	smooth muscle cell differentiation	  6	0.141228566336525	0.710114109470648	4	2	1617	2748	1.79765576804442
GO:0051146	striated muscle cell differentiation	  9	0.4437258909147	1	4	5	1617	2745	1.19843717869628
GO:0051152	positive regulation of smooth muscle cell differentiation	  5	0.901559628365078	1	1	4	1620	2746	0.539296730413325
GO:0051209	release of sequestered calcium ion into cytosol	 18	0.185113328194816	0.848800072337835	9	9	1612	2741	1.34824182603331
GO:0051213	dioxygenase activity	 19	0.88976193662496	1	5	14	1616	2736	0.709600961070165
GO:0051216	cartilage development	 26	0.222681365716162	0.874292856505159	12	14	1609	2736	1.24453091633844
GO:0051219	phosphoprotein binding	 16	0.377175534783405	0.98536875238176	7	9	1614	2741	1.17971159777915
GO:0051223	regulation of protein transport	  5	0.901559628365078	1	1	4	1620	2746	0.539296730413325
GO:0051225	spindle assembly	 11	0.186018051505006	0.848800072337835	6	5	1615	2745	1.47080926476361
GO:0051233	spindle midzone	 12	0.0086204369847812	0.25166398176999	9	3	1612	2747	2.02236273904997
GO:0051246	regulation of protein metabolic process	  6	0.718815878456455	1	2	4	1619	2746	0.898827884022209
GO:0051247	positive regulation of protein metabolic process	  5	0.611006382880356	1	2	3	1619	2747	1.07859346082665
GO:0051252	regulation of RNA metabolic process	 12	0.707756305017222	1	4	8	1617	2742	0.898827884022209
GO:0051259	protein complex oligomerization	 16	0.206480619691051	0.874292856505159	8	8	1613	2742	1.34824182603331
GO:0051260	protein homooligomerization	 49	0.0581439922290075	0.528541035757744	24	25	1597	2725	1.32072668672651
GO:0051262	protein tetramerization	  7	0.0705706660816002	0.528541035757744	5	2	1616	2748	1.92605975147616
GO:0051276	chromosome organization	 18	0.52551977682233	1	7	11	1614	2739	1.04863253135924
GO:0051279	regulation of release of sequestered calcium ion into cytosol	  5	0.611006382880356	1	2	3	1619	2747	1.07859346082665
GO:0051280	negative regulation of release of sequestered calcium ion into cytosol	  5	0.611006382880356	1	2	3	1619	2747	1.07859346082665
GO:0051281	positive regulation of release of sequestered calcium ion into cytosol	 11	0.631049008593145	1	4	7	1617	2743	0.980539509842409
GO:0051287	NAD binding	 16	0.0100667043623015	0.256683598009436	11	5	1610	2745	1.85383251079581
GO:0051289	protein homotetramerization	 26	0.123126678956176	0.710114109470648	13	13	1608	2737	1.34824182603331
GO:0051290	protein heterotetramerization	 14	0.0355916224810885	0.448933792822859	9	5	1612	2745	1.73345377632855
GO:0051291	protein heterooligomerization	  7	0.515348610516959	1	3	4	1618	2746	1.1556358508857
GO:0051298	centrosome duplication	  6	0.718815878456455	1	2	4	1619	2746	0.898827884022209
GO:0051310	metaphase plate congression	  6	0.395387391728158	0.98536875238176	3	3	1618	2747	1.34824182603331
GO:0051315	attachment of mitotic spindle microtubules to kinetochore	  6	0.141228566336525	0.710114109470648	4	2	1617	2748	1.79765576804442
GO:0051321	meiotic cell cycle	 27	0.723164295093826	1	9	18	1612	2732	0.898827884022208
GO:0051371	muscle alpha-actinin binding	  9	0.0701198146538523	0.528541035757744	6	3	1615	2747	1.79765576804442
GO:0051382	kinetochore assembly	  6	0.141228566336525	0.710114109470648	4	2	1617	2748	1.79765576804442
GO:0051383	kinetochore organization	  6	0.395387391728158	0.98536875238176	3	3	1618	2747	1.34824182603331
GO:0051384	response to glucocorticoid	 24	0.246190921979537	0.874292856505159	11	13	1610	2737	1.23588834053054
GO:0051393	alpha-actinin binding	  5	0.268307979032342	0.874292856505159	3	2	1618	2748	1.61789019123998
GO:0051402	neuron apoptotic process	 19	0.989381531910217	1	3	16	1618	2734	0.425760576642099
GO:0051403	stress-activated MAPK cascade	  5	0.901559628365078	1	1	4	1620	2746	0.539296730413325
GO:0051412	response to corticosterone	  7	0.800202785632254	1	2	5	1619	2745	0.770423900590465
GO:0051443	positive regulation of ubiquitin-protein transferase activity	  8	0.621026637444471	1	3	5	1618	2745	1.01118136952498
GO:0051457	maintenance of protein location in nucleus	  6	0.395387391728158	0.98536875238176	3	3	1618	2747	1.34824182603331
GO:0051480	regulation of cytosolic calcium ion concentration	 11	0.0675829846107961	0.528541035757744	7	4	1614	2746	1.71594414222422
GO:0051481	negative regulation of cytosolic calcium ion concentration	 11	0.186018051505006	0.848800072337835	6	5	1615	2745	1.47080926476361
GO:0051482	positive regulation of cytosolic calcium ion concentration involved in phospholipase C-activating G protein-coupled signaling pathway	  7	0.800202785632254	1	2	5	1619	2745	0.770423900590465
GO:0051489	regulation of filopodium assembly	  8	0.859928168361515	1	2	6	1619	2744	0.674120913016656
GO:0051491	positive regulation of filopodium assembly	 15	0.503921793911772	1	6	9	1615	2741	1.07859346082665
GO:0051493	regulation of cytoskeleton organization	  8	0.339218565637772	0.969924578864316	4	4	1617	2746	1.34824182603331
GO:0051496	positive regulation of stress fiber assembly	 25	0.0415919271853559	0.499976906207156	14	11	1607	2739	1.51003084515731
GO:0051497	negative regulation of stress fiber assembly	  9	0.4437258909147	1	4	5	1617	2745	1.19843717869628
GO:0051536	iron-sulfur cluster binding	 17	0.135312010717701	0.710114109470648	9	8	1612	2742	1.42755016874115
GO:0051539	4 iron, 4 sulfur cluster binding	 15	0.0602122033768893	0.528541035757744	9	6	1612	2744	1.61789019123998
GO:0051549	positive regulation of keratinocyte migration	  7	0.0705706660816002	0.528541035757744	5	2	1616	2748	1.92605975147616
GO:0051560	mitochondrial calcium ion homeostasis	  5	0.0664052440141702	0.528541035757744	4	1	1617	2749	2.1571869216533
GO:0051591	response to cAMP	 21	0.367346836281681	0.98536875238176	9	12	1612	2738	1.1556358508857
GO:0051592	response to calcium ion	 23	0.195629676025694	0.874292856505159	11	12	1610	2738	1.28962261620578
GO:0051593	response to folic acid	  6	0.938108378346802	1	1	5	1620	2745	0.449413942011104
GO:0051602	response to electrical stimulus	  9	0.709677010709356	1	3	6	1618	2744	0.898827884022208
GO:0051603	proteolysis involved in cellular protein catabolic process	 23	0.90820894290398	1	6	17	1615	2733	0.703430517930424
GO:0051607	defense response to virus	 37	0.657085318487026	1	13	24	1608	2726	0.947413175050436
GO:0051642	centrosome localization	  7	0.235439100009758	0.874292856505159	4	3	1617	2747	1.54084780118093
GO:0051683	establishment of Golgi localization	  6	0.718815878456455	1	2	4	1619	2746	0.898827884022209
GO:0051693	actin filament capping	  7	0.515348610516959	1	3	4	1618	2746	1.1556358508857
GO:0051721	protein phosphatase 2A binding	 13	0.772092592176301	1	4	9	1617	2741	0.829687277558962
GO:0051726	regulation of cell cycle	 59	0.0651049734371484	0.528541035757744	28	31	1593	2719	1.27968715691297
GO:0051764	actin crosslink formation	  7	0.0705706660816002	0.528541035757744	5	2	1616	2748	1.92605975147616
GO:0051770	positive regulation of nitric-oxide synthase biosynthetic process	  6	0.938108378346802	1	1	5	1620	2745	0.449413942011104
GO:0051781	positive regulation of cell division	 16	0.206480619691051	0.874292856505159	8	8	1613	2742	1.34824182603331
GO:0051782	negative regulation of cell division	  6	0.395387391728158	0.98536875238176	3	3	1618	2747	1.34824182603331
GO:0051787	misfolded protein binding	  7	0.515348610516959	1	3	4	1618	2746	1.1556358508857
GO:0051865	protein autoubiquitination	 19	0.594552101503364	1	7	12	1614	2738	0.99344134549823
GO:0051879	Hsp90 protein binding	  8	0.621026637444471	1	3	5	1618	2745	1.01118136952498
GO:0051881	regulation of mitochondrial membrane potential	 13	0.0640935809337508	0.528541035757744	8	5	1613	2745	1.65937455511792
GO:0051893	regulation of focal adhesion assembly	  9	0.709677010709356	1	3	6	1618	2744	0.898827884022208
GO:0051894	positive regulation of focal adhesion assembly	  9	0.0701198146538523	0.528541035757744	6	3	1615	2747	1.79765576804442
GO:0051895	negative regulation of focal adhesion assembly	  7	0.515348610516959	1	3	4	1618	2746	1.1556358508857
GO:0051896	regulation of protein kinase B signaling	  5	0.00698752388695992	0.221476302604128	5	0	1616	2750	2.69648365206663
GO:0051897	positive regulation of protein kinase B signaling	 36	0.95712400014721	1	9	27	1612	2723	0.674120913016656
GO:0051898	negative regulation of protein kinase B signaling	 15	0.866800508304316	1	4	11	1617	2739	0.719062307217767
GO:0051920	peroxiredoxin activity	  6	0.00258631209375338	0.140144134524929	6	0	1615	2750	2.69648365206663
GO:0051924	regulation of calcium ion transport	 15	0.302496509430501	0.928961961772567	7	8	1614	2742	1.25835903763109
GO:0051926	negative regulation of calcium ion transport	  6	0.0289935828529927	0.448381840769795	5	1	1616	2749	2.24706971005552
GO:0051928	positive regulation of calcium ion transport	 10	0.542375343419917	1	4	6	1617	2744	1.07859346082665
GO:0051930	regulation of sensory perception of pain	 12	0.881082557011305	1	3	9	1618	2741	0.674120913016656
GO:0051959	dynein light intermediate chain binding	  9	0.709677010709356	1	3	6	1618	2744	0.898827884022208
GO:0051965	positive regulation of synapse assembly	 14	0.102096192203968	0.680879267821798	8	6	1613	2744	1.54084780118093
GO:0051967	negative regulation of synaptic transmission, glutamatergic	  5	0.901559628365078	1	1	4	1620	2746	0.539296730413325
GO:0051968	positive regulation of synaptic transmission, glutamatergic	  6	0.718815878456455	1	2	4	1619	2746	0.898827884022209
GO:0051973	positive regulation of telomerase activity	 12	0.260583248437255	0.874292856505159	6	6	1615	2744	1.34824182603331
GO:0051983	regulation of chromosome segregation	  5	0.268307979032342	0.874292856505159	3	2	1618	2748	1.61789019123998
GO:0051988	regulation of attachment of spindle microtubules to kinetochore	  6	0.141228566336525	0.710114109470648	4	2	1617	2748	1.79765576804442
GO:0052689	carboxylic ester hydrolase activity	 10	0.781377725261973	1	3	7	1618	2743	0.808945095619988
GO:0055003	cardiac myofibril assembly	  9	0.0701198146538523	0.528541035757744	6	3	1615	2747	1.79765576804442
GO:0055007	cardiac muscle cell differentiation	  8	0.339218565637772	0.969924578864316	4	4	1617	2746	1.34824182603331
GO:0055008	cardiac muscle tissue morphogenesis	  9	0.4437258909147	1	4	5	1617	2745	1.19843717869628
GO:0055010	ventricular cardiac muscle tissue morphogenesis	  9	0.0701198146538523	0.528541035757744	6	3	1615	2747	1.79765576804442
GO:0055013	cardiac muscle cell development	  6	0.0289935828529927	0.448381840769795	5	1	1616	2749	2.24706971005552
GO:0055037	recycling endosome	 31	0.972781708224049	1	7	24	1614	2726	0.608883405305367
GO:0055038	recycling endosome membrane	 15	0.149963608006343	0.741132558410753	8	7	1613	2743	1.43812461443553
GO:0055072	iron ion homeostasis	  8	0.339218565637772	0.969924578864316	4	4	1617	2746	1.34824182603331
GO:0055074	calcium ion homeostasis	 14	0.231314488765893	0.874292856505159	7	7	1614	2743	1.34824182603331
GO:0055085	transmembrane transport	 95	0.891793789539048	1	30	65	1591	2685	0.851521153284198
GO:0055088	lipid homeostasis	  7	0.515348610516959	1	3	4	1618	2746	1.1556358508857
GO:0055089	fatty acid homeostasis	  7	0.515348610516959	1	3	4	1618	2746	1.1556358508857
GO:0055093	response to hyperoxia	  7	0.515348610516959	1	3	4	1618	2746	1.1556358508857
GO:0060021	roof of mouth development	 20	0.47666871145095	1	8	12	1613	2738	1.07859346082665
GO:0060037	pharyngeal system development	  7	0.800202785632254	1	2	5	1619	2745	0.770423900590465
GO:0060038	cardiac muscle cell proliferation	  8	0.9755447117189	1	1	7	1620	2743	0.337060456508328
GO:0060041	retina development in camera-type eye	 17	0.135312010717701	0.710114109470648	9	8	1612	2742	1.42755016874115
GO:0060042	retina morphogenesis in camera-type eye	  5	0.901559628365078	1	1	4	1620	2746	0.539296730413325
GO:0060044	negative regulation of cardiac muscle cell proliferation	  6	0.141228566336525	0.710114109470648	4	2	1617	2748	1.79765576804442
GO:0060045	positive regulation of cardiac muscle cell proliferation	  6	0.141228566336525	0.710114109470648	4	2	1617	2748	1.79765576804442
GO:0060047	heart contraction	 10	0.781377725261973	1	3	7	1618	2743	0.808945095619988
GO:0060048	cardiac muscle contraction	 18	0.0328106557527666	0.448933792822859	11	7	1610	2743	1.64785112070738
GO:0060065	uterus development	  9	0.902857070547847	1	2	7	1619	2743	0.599218589348139
GO:0060070	canonical Wnt signaling pathway	 27	0.723164295093826	1	9	18	1612	2732	0.898827884022208
GO:0060071	Wnt signaling pathway, planar cell polarity pathway	  6	0.938108378346802	1	1	5	1620	2745	0.449413942011104
GO:0060076	excitatory synapse	 12	0.47763441574499	1	5	7	1616	2743	1.12353485502776
GO:0060077	inhibitory synapse	  8	0.859928168361515	1	2	6	1619	2744	0.674120913016656
GO:0060078	regulation of postsynaptic membrane potential	 10	0.781377725261973	1	3	7	1618	2743	0.808945095619988
GO:0060079	excitatory postsynaptic potential	 14	0.824696881307542	1	4	10	1617	2740	0.770423900590465
GO:0060090	molecular adaptor activity	 25	0.0415919271853559	0.499976906207156	14	11	1607	2739	1.51003084515731
GO:0060100	positive regulation of phagocytosis, engulfment	  5	1	1	0	5	1621	2745	0
GO:0060122	inner ear receptor cell stereocilium organization	  7	0.800202785632254	1	2	5	1619	2745	0.770423900590465
GO:0060124	positive regulation of growth hormone secretion	  6	1	1	0	6	1621	2744	0
GO:0060134	prepulse inhibition	  5	0.901559628365078	1	1	4	1620	2746	0.539296730413325
GO:0060135	maternal process involved in female pregnancy	  6	0.395387391728158	0.98536875238176	3	3	1618	2747	1.34824182603331
GO:0060136	embryonic process involved in female pregnancy	  6	0.938108378346802	1	1	5	1620	2745	0.449413942011104
GO:0060170	ciliary membrane	  9	0.208584409041611	0.874292856505159	5	4	1616	2746	1.49804647337035
GO:0060173	limb development	  9	0.984630666865282	1	1	8	1620	2742	0.299609294674069
GO:0060213	positive regulation of nuclear-transcribed mRNA poly(A) tail shortening	  5	0.901559628365078	1	1	4	1620	2746	0.539296730413325
GO:0060216	definitive hemopoiesis	  9	0.902857070547847	1	2	7	1619	2743	0.599218589348139
GO:0060236	regulation of mitotic spindle organization	  6	0.395387391728158	0.98536875238176	3	3	1618	2747	1.34824182603331
GO:0060252	positive regulation of glial cell proliferation	  7	0.235439100009758	0.874292856505159	4	3	1617	2747	1.54084780118093
GO:0060253	negative regulation of glial cell proliferation	  5	0.0664052440141702	0.528541035757744	4	1	1617	2749	2.1571869216533
GO:0060261	positive regulation of transcription initiation from RNA polymerase II promoter	  7	0.515348610516959	1	3	4	1618	2746	1.1556358508857
GO:0060271	cilium assembly	 31	0.769365052194149	1	10	21	1611	2729	0.869833436150524
GO:0060291	long-term synaptic potentiation	 11	0.631049008593145	1	4	7	1617	2743	0.980539509842409
GO:0060292	long-term synaptic depression	  5	0.268307979032342	0.874292856505159	3	2	1618	2748	1.61789019123998
GO:0060307	regulation of ventricular cardiac muscle cell membrane repolarization	  9	0.4437258909147	1	4	5	1617	2745	1.19843717869628
GO:0060314	regulation of ryanodine-sensitive calcium-release channel activity	  6	0.141228566336525	0.710114109470648	4	2	1617	2748	1.79765576804442
GO:0060315	negative regulation of ryanodine-sensitive calcium-release channel activity	  8	0.0339172851015134	0.448933792822859	6	2	1615	2748	2.02236273904997
GO:0060317	cardiac epithelial to mesenchymal transition	  7	0.515348610516959	1	3	4	1618	2746	1.1556358508857
GO:0060324	face development	  6	0.718815878456455	1	2	4	1619	2746	0.898827884022209
GO:0060325	face morphogenesis	 11	0.837750994012784	1	3	8	1618	2742	0.735404632381807
GO:0060326	cell chemotaxis	 26	0.515996922216781	1	10	16	1611	2734	1.0371090969487
GO:0060337	type I interferon signaling pathway	  5	0.611006382880356	1	2	3	1619	2747	1.07859346082665
GO:0060346	bone trabecula formation	  5	0.268307979032342	0.874292856505159	3	2	1618	2748	1.61789019123998
GO:0060348	bone development	 22	0.071637525527402	0.530971400346884	12	10	1609	2740	1.47080926476361
GO:0060349	bone morphogenesis	 10	0.781377725261973	1	3	7	1618	2743	0.808945095619988
GO:0060384	innervation	  6	0.395387391728158	0.98536875238176	3	3	1618	2747	1.34824182603331
GO:0060390	regulation of SMAD protein signal transduction	  5	0.611006382880356	1	2	3	1619	2747	1.07859346082665
GO:0060391	positive regulation of SMAD protein signal transduction	  8	0.621026637444471	1	3	5	1618	2745	1.01118136952498
GO:0060394	negative regulation of pathway-restricted SMAD protein phosphorylation	  5	1	1	0	5	1621	2745	0
GO:0060395	SMAD protein signal transduction	 16	0.206480619691051	0.874292856505159	8	8	1613	2742	1.34824182603331
GO:0060412	ventricular septum morphogenesis	 15	0.302496509430501	0.928961961772567	7	8	1614	2742	1.25835903763109
GO:0060429	epithelium development	  5	0.611006382880356	1	2	3	1619	2747	1.07859346082665
GO:0060441	epithelial tube branching involved in lung morphogenesis	  6	0.718815878456455	1	2	4	1619	2746	0.898827884022209
GO:0060444	branching involved in mammary gland duct morphogenesis	  5	0.901559628365078	1	1	4	1620	2746	0.539296730413325
GO:0060501	positive regulation of epithelial cell proliferation involved in lung morphogenesis	  5	0.611006382880356	1	2	3	1619	2747	1.07859346082665
GO:0060546	negative regulation of necroptotic process	  7	0.800202785632254	1	2	5	1619	2745	0.770423900590465
GO:0060548	negative regulation of cell death	 42	0.37882285973298	0.98536875238176	17	25	1604	2725	1.09143385916982
GO:0060612	adipose tissue development	 16	0.579969549388792	1	6	10	1615	2740	1.01118136952498
GO:0060674	placenta blood vessel development	  6	0.141228566336525	0.710114109470648	4	2	1617	2748	1.79765576804442
GO:0060707	trophoblast giant cell differentiation	  6	0.718815878456455	1	2	4	1619	2746	0.898827884022209
GO:0060711	labyrinthine layer development	  5	0.268307979032342	0.874292856505159	3	2	1618	2748	1.61789019123998
GO:0060716	labyrinthine layer blood vessel development	  9	0.709677010709356	1	3	6	1618	2744	0.898827884022208
GO:0060740	prostate gland epithelium morphogenesis	  5	0.611006382880356	1	2	3	1619	2747	1.07859346082665
GO:0060749	mammary gland alveolus development	  6	0.395387391728158	0.98536875238176	3	3	1618	2747	1.34824182603331
GO:0060766	negative regulation of androgen receptor signaling pathway	  9	0.709677010709356	1	3	6	1618	2744	0.898827884022208
GO:0060828	regulation of canonical Wnt signaling pathway	  6	0.395387391728158	0.98536875238176	3	3	1618	2747	1.34824182603331
GO:0060976	coronary vasculature development	 12	0.47763441574499	1	5	7	1616	2743	1.12353485502776
GO:0060982	coronary artery morphogenesis	  5	0.611006382880356	1	2	3	1619	2747	1.07859346082665
GO:0060993	kidney morphogenesis	  7	0.961092643799227	1	1	6	1620	2744	0.385211950295232
GO:0060997	dendritic spine morphogenesis	  6	1	1	0	6	1621	2744	0
GO:0060999	positive regulation of dendritic spine development	  9	0.208584409041611	0.874292856505159	5	4	1616	2746	1.49804647337035
GO:0061003	positive regulation of dendritic spine morphogenesis	  8	0.339218565637772	0.969924578864316	4	4	1617	2746	1.34824182603331
GO:0061024	membrane organization	  8	0.131659634381745	0.710114109470648	5	3	1616	2747	1.68530228254164
GO:0061025	membrane fusion	  8	0.621026637444471	1	3	5	1618	2745	1.01118136952498
GO:0061037	negative regulation of cartilage development	  5	1	1	0	5	1621	2745	0
GO:0061052	negative regulation of cell growth involved in cardiac muscle cell development	  7	0.800202785632254	1	2	5	1619	2745	0.770423900590465
GO:0061053	somite development	  5	0.268307979032342	0.874292856505159	3	2	1618	2748	1.61789019123998
GO:0061077	chaperone-mediated protein folding	  5	0.0664052440141702	0.528541035757744	4	1	1617	2749	2.1571869216533
GO:0061098	positive regulation of protein tyrosine kinase activity	 12	0.0086204369847812	0.25166398176999	9	3	1612	2747	2.02236273904997
GO:0061099	negative regulation of protein tyrosine kinase activity	  8	0.621026637444471	1	3	5	1618	2745	1.01118136952498
GO:0061136	regulation of proteasomal protein catabolic process	  7	0.235439100009758	0.874292856505159	4	3	1617	2747	1.54084780118093
GO:0061158	3	  6	0.938108378346802	1	1	5	1620	2745	0.449413942011104
GO:0061178	regulation of insulin secretion involved in cellular response to glucose stimulus	 11	0.387196429366767	0.98536875238176	5	6	1616	2744	1.22567438730301
GO:0061179	negative regulation of insulin secretion involved in cellular response to glucose stimulus	  5	0.268307979032342	0.874292856505159	3	2	1618	2748	1.61789019123998
GO:0061298	retina vasculature development in camera-type eye	  5	0.611006382880356	1	2	3	1619	2747	1.07859346082665
GO:0061299	retina vasculature morphogenesis in camera-type eye	  5	0.0664052440141702	0.528541035757744	4	1	1617	2749	2.1571869216533
GO:0061337	cardiac conduction	  5	0.611006382880356	1	2	3	1619	2747	1.07859346082665
GO:0061351	neural precursor cell proliferation	  5	0.268307979032342	0.874292856505159	3	2	1618	2748	1.61789019123998
GO:0061419	positive regulation of transcription from RNA polymerase II promoter in response to hypoxia	  5	0.268307979032342	0.874292856505159	3	2	1618	2748	1.61789019123998
GO:0061436	establishment of skin barrier	  6	1	1	0	6	1621	2744	0
GO:0061469	regulation of type B pancreatic cell proliferation	  5	0.0664052440141702	0.528541035757744	4	1	1617	2749	2.1571869216533
GO:0061512	protein localization to cilium	  7	0.515348610516959	1	3	4	1618	2746	1.1556358508857
GO:0061564	axon development	  5	0.901559628365078	1	1	4	1620	2746	0.539296730413325
GO:0061629	RNA polymerase II-specific DNA-binding transcription factor binding	  6	0.395387391728158	0.98536875238176	3	3	1618	2747	1.34824182603331
GO:0061630	ubiquitin protein ligase activity	 74	0.996969136959641	1	17	57	1604	2693	0.619462460609901
GO:0061631	ubiquitin conjugating enzyme activity	 14	0.640581869348199	1	5	9	1616	2741	0.963029875738081
GO:0061844	antimicrobial humoral immune response mediated by antimicrobial peptide	  9	0.902857070547847	1	2	7	1619	2743	0.599218589348139
GO:0061952	midbody abscission	  9	0.4437258909147	1	4	5	1617	2745	1.19843717869628
GO:0065003	protein-containing complex assembly	 28	0.0550817326472331	0.528541035757744	15	13	1606	2737	1.44454481360712
GO:0070006	metalloaminopeptidase activity	  5	0.268307979032342	0.874292856505159	3	2	1618	2748	1.61789019123998
GO:0070034	telomerase RNA binding	  5	0.901559628365078	1	1	4	1620	2746	0.539296730413325
GO:0070059	intrinsic apoptotic signaling pathway in response to endoplasmic reticulum stress	 19	0.0523143911979482	0.528541035757744	11	8	1610	2742	1.56112211435436
GO:0070062	extracellular exosome	 27	0.0834246541008087	0.602722059046499	14	13	1607	2737	1.39817670847899
GO:0070063	RNA polymerase binding	  6	0.718815878456455	1	2	4	1619	2746	0.898827884022209
GO:0070064	proline-rich region binding	  9	0.208584409041611	0.874292856505159	5	4	1616	2746	1.49804647337035
GO:0070098	chemokine-mediated signaling pathway	 10	0.933226906869315	1	2	8	1619	2742	0.539296730413325
GO:0070102	interleukin-6-mediated signaling pathway	  5	0.611006382880356	1	2	3	1619	2747	1.07859346082665
GO:0070131	positive regulation of mitochondrial translation	  7	0.235439100009758	0.874292856505159	4	3	1617	2747	1.54084780118093
GO:0070182	DNA polymerase binding	  6	0.395387391728158	0.98536875238176	3	3	1618	2747	1.34824182603331
GO:0070207	protein homotrimerization	 13	0.0640935809337508	0.528541035757744	8	5	1613	2745	1.65937455511792
GO:0070262	peptidyl-serine dephosphorylation	  5	0.611006382880356	1	2	3	1619	2747	1.07859346082665
GO:0070273	phosphatidylinositol-4-phosphate binding	  9	0.709677010709356	1	3	6	1618	2744	0.898827884022208
GO:0070300	phosphatidic acid binding	  6	0.395387391728158	0.98536875238176	3	3	1618	2747	1.34824182603331
GO:0070301	cellular response to hydrogen peroxide	 29	0.076056669223745	0.557943924741371	15	14	1606	2736	1.39473292348274
GO:0070306	lens fiber cell differentiation	  6	0.718815878456455	1	2	4	1619	2746	0.898827884022209
GO:0070330	aromatase activity	  7	0.800202785632254	1	2	5	1619	2745	0.770423900590465
GO:0070371	ERK1 and ERK2 cascade	 13	0.772092592176301	1	4	9	1617	2741	0.829687277558962
GO:0070372	regulation of ERK1 and ERK2 cascade	  8	0.131659634381745	0.710114109470648	5	3	1616	2747	1.68530228254164
GO:0070373	negative regulation of ERK1 and ERK2 cascade	 22	0.272760377083504	0.881771117328705	10	12	1611	2738	1.22567438730301
GO:0070374	positive regulation of ERK1 and ERK2 cascade	 72	0.243987283328796	0.874292856505159	30	42	1591	2708	1.12353485502776
GO:0070382	exocytic vesicle	 10	0.781377725261973	1	3	7	1618	2743	0.808945095619988
GO:0070402	NADPH binding	  8	0.339218565637772	0.969924578864316	4	4	1617	2746	1.34824182603331
GO:0070403	NAD+ binding	  5	0.611006382880356	1	2	3	1619	2747	1.07859346082665
GO:0070412	R-SMAD binding	  9	0.4437258909147	1	4	5	1617	2745	1.19843717869628
GO:0070469	respirasome	 15	0.990663624112368	1	2	13	1619	2737	0.359531153608883
GO:0070491	repressing transcription factor binding	 16	0.0934465963216342	0.641128805938118	9	7	1612	2743	1.51677205428748
GO:0070507	regulation of microtubule cytoskeleton organization	 12	0.707756305017222	1	4	8	1617	2742	0.898827884022209
GO:0070509	calcium ion import	  7	0.800202785632254	1	2	5	1619	2745	0.770423900590465
GO:0070527	platelet aggregation	 11	0.954443776392988	1	2	9	1619	2741	0.490269754921205
GO:0070528	protein kinase C signaling	  7	0.0705706660816002	0.528541035757744	5	2	1616	2748	1.92605975147616
GO:0070530	K63-linked polyubiquitin modification-dependent protein binding	  5	0.611006382880356	1	2	3	1619	2747	1.07859346082665
GO:0070534	protein K63-linked ubiquitination	 16	0.899893321190038	1	4	12	1617	2738	0.674120913016656
GO:0070536	protein K63-linked deubiquitination	 10	0.542375343419917	1	4	6	1617	2744	1.07859346082665
GO:0070542	response to fatty acid	 10	0.121417105926346	0.710114109470648	6	4	1615	2746	1.61789019123998
GO:0070555	response to interleukin-1	 12	0.260583248437255	0.874292856505159	6	6	1615	2744	1.34824182603331
GO:0070577	lysine-acetylated histone binding	  6	0.938108378346802	1	1	5	1620	2745	0.449413942011104
GO:0070584	mitochondrion morphogenesis	  7	0.800202785632254	1	2	5	1619	2745	0.770423900590465
GO:0070588	calcium ion transmembrane transport	 35	0.0279143341837555	0.448381840769795	19	16	1602	2734	1.46380541112188
GO:0070628	proteasome binding	  5	0.901559628365078	1	1	4	1620	2746	0.539296730413325
GO:0070728	leucine binding	  6	0.141228566336525	0.710114109470648	4	2	1617	2748	1.79765576804442
GO:0070742	C2H2 zinc finger domain binding	  5	0.901559628365078	1	1	4	1620	2746	0.539296730413325
GO:0070830	bicellular tight junction assembly	 10	0.781377725261973	1	3	7	1618	2743	0.808945095619988
GO:0070840	dynein complex binding	  6	0.718815878456455	1	2	4	1619	2746	0.898827884022209
GO:0070885	negative regulation of calcineurin-NFAT signaling cascade	  6	0.141228566336525	0.710114109470648	4	2	1617	2748	1.79765576804442
GO:0070888	E-box binding	 16	0.579969549388792	1	6	10	1615	2740	1.01118136952498
GO:0070914	UV-damage excision repair	  5	0.901559628365078	1	1	4	1620	2746	0.539296730413325
GO:0070932	histone H3 deacetylation	  8	0.859928168361515	1	2	6	1619	2744	0.674120913016656
GO:0070936	protein K48-linked ubiquitination	 23	0.497589966419079	1	9	14	1612	2736	1.05514577689564
GO:0070971	endoplasmic reticulum exit site	  5	0.611006382880356	1	2	3	1619	2747	1.07859346082665
GO:0070979	protein K11-linked ubiquitination	  9	0.4437258909147	1	4	5	1617	2745	1.19843717869628
GO:0070986	left/right axis specification	  6	0.0289935828529927	0.448381840769795	5	1	1616	2749	2.24706971005552
GO:0071005	U2-type precatalytic spliceosome	 11	0.837750994012784	1	3	8	1618	2742	0.735404632381807
GO:0071007	U2-type catalytic step 2 spliceosome	 10	0.990342195753722	1	1	9	1620	2741	0.269648365206663
GO:0071011	precatalytic spliceosome	  6	0.938108378346802	1	1	5	1620	2745	0.449413942011104
GO:0071013	catalytic step 2 spliceosome	 28	0.992520654382564	1	5	23	1616	2727	0.48151493786904
GO:0071108	protein K48-linked deubiquitination	 13	0.913779546461806	1	3	10	1618	2740	0.622265458169221
GO:0071158	positive regulation of cell cycle arrest	 13	0.913779546461806	1	3	10	1618	2740	0.622265458169221
GO:0071222	cellular response to lipopolysaccharide	 44	0.810714062942605	1	14	30	1607	2720	0.857972071112108
GO:0071230	cellular response to amino acid stimulus	 26	0.000855318142133281	0.0757055033558294	18	8	1603	2742	1.86679637450766
GO:0071233	cellular response to leucine	  7	0.0123627495615496	0.280712908695187	6	1	1615	2749	2.31127170177139
GO:0071260	cellular response to mechanical stimulus	 35	0.560994977304158	1	13	22	1608	2728	1.0015510707676
GO:0071276	cellular response to cadmium ion	  8	0.339218565637772	0.969924578864316	4	4	1617	2746	1.34824182603331
GO:0071277	cellular response to calcium ion	 34	0.370474899044366	0.98536875238176	14	20	1607	2730	1.11031679790979
GO:0071285	cellular response to lithium ion	  5	0.611006382880356	1	2	3	1619	2747	1.07859346082665
GO:0071300	cellular response to retinoic acid	 18	0.185113328194816	0.848800072337835	9	9	1612	2741	1.34824182603331
GO:0071310	cellular response to organic substance	 16	0.0343632310865322	0.448933792822859	10	6	1611	2744	1.68530228254164
GO:0071313	cellular response to caffeine	  5	0.0664052440141702	0.528541035757744	4	1	1617	2749	2.1571869216533
GO:0071318	cellular response to ATP	  8	0.339218565637772	0.969924578864316	4	4	1617	2746	1.34824182603331
GO:0071320	cellular response to cAMP	 15	0.866800508304316	1	4	11	1617	2739	0.719062307217767
GO:0071333	cellular response to glucose stimulus	 27	0.574467342435252	1	10	17	1611	2733	0.998697648913565
GO:0071339	MLL1 complex	  7	0.800202785632254	1	2	5	1619	2745	0.770423900590465
GO:0071345	cellular response to cytokine stimulus	  8	0.621026637444471	1	3	5	1618	2745	1.01118136952498
GO:0071346	cellular response to interferon-gamma	 31	0.769365052194149	1	10	21	1611	2729	0.869833436150524
GO:0071347	cellular response to interleukin-1	 24	0.718996869076368	1	8	16	1613	2734	0.898827884022209
GO:0071353	cellular response to interleukin-4	  7	0.0705706660816002	0.528541035757744	5	2	1616	2748	1.92605975147616
GO:0071356	cellular response to tumor necrosis factor	 38	0.80800515667715	1	12	26	1609	2724	0.851521153284198
GO:0071360	cellular response to exogenous dsRNA	  7	0.515348610516959	1	3	4	1618	2746	1.1556358508857
GO:0071361	cellular response to ethanol	  7	0.961092643799227	1	1	6	1620	2744	0.385211950295232
GO:0071363	cellular response to growth factor stimulus	 33	0.20529915411488	0.874292856505159	15	18	1606	2732	1.22567438730301
GO:0071364	cellular response to epidermal growth factor stimulus	 19	0.765602332251481	1	6	13	1615	2737	0.851521153284198
GO:0071372	cellular response to follicle-stimulating hormone stimulus	  7	0.800202785632254	1	2	5	1619	2745	0.770423900590465
GO:0071375	cellular response to peptide hormone stimulus	  9	0.4437258909147	1	4	5	1617	2745	1.19843717869628
GO:0071383	cellular response to steroid hormone stimulus	  6	0.718815878456455	1	2	4	1619	2746	0.898827884022209
GO:0071385	cellular response to glucocorticoid stimulus	  7	0.515348610516959	1	3	4	1618	2746	1.1556358508857
GO:0071391	cellular response to estrogen stimulus	  9	0.709677010709356	1	3	6	1618	2744	0.898827884022208
GO:0071392	cellular response to estradiol stimulus	 12	0.707756305017222	1	4	8	1617	2742	0.898827884022209
GO:0071394	cellular response to testosterone stimulus	  6	0.395387391728158	0.98536875238176	3	3	1618	2747	1.34824182603331
GO:0071397	cellular response to cholesterol	  5	0.268307979032342	0.874292856505159	3	2	1618	2748	1.61789019123998
GO:0071398	cellular response to fatty acid	 10	0.781377725261973	1	3	7	1618	2743	0.808945095619988
GO:0071404	cellular response to low-density lipoprotein particle stimulus	 10	0.0359216204721896	0.448933792822859	7	3	1614	2747	1.88753855644664
GO:0071407	cellular response to organic cyclic compound	 31	0.131794971034971	0.710114109470648	15	16	1606	2734	1.30475015422579
GO:0071437	invadopodium	  5	0.268307979032342	0.874292856505159	3	2	1618	2748	1.61789019123998
GO:0071456	cellular response to hypoxia	 60	0.0478557948386175	0.528541035757744	29	31	1592	2719	1.3033004318322
GO:0071459	protein localization to chromosome, centromeric region	  5	0.611006382880356	1	2	3	1619	2747	1.07859346082665
GO:0071470	cellular response to osmotic stress	  6	0.141228566336525	0.710114109470648	4	2	1617	2748	1.79765576804442
GO:0071479	cellular response to ionizing radiation	 19	0.594552101503364	1	7	12	1614	2738	0.99344134549823
GO:0071480	cellular response to gamma radiation	 14	0.640581869348199	1	5	9	1616	2741	0.963029875738081
GO:0071481	cellular response to X-ray	  7	0.235439100009758	0.874292856505159	4	3	1617	2747	1.54084780118093
GO:0071482	cellular response to light stimulus	  5	1	1	0	5	1621	2745	0
GO:0071498	cellular response to fluid shear stress	  8	0.131659634381745	0.710114109470648	5	3	1616	2747	1.68530228254164
GO:0071526	semaphorin-plexin signaling pathway	  7	0.235439100009758	0.874292856505159	4	3	1617	2747	1.54084780118093
GO:0071542	dopaminergic neuron differentiation	 10	0.781377725261973	1	3	7	1618	2743	0.808945095619988
GO:0071549	cellular response to dexamethasone stimulus	 15	0.503921793911772	1	6	9	1615	2741	1.07859346082665
GO:0071559	response to transforming growth factor beta	  6	0.141228566336525	0.710114109470648	4	2	1617	2748	1.79765576804442
GO:0071560	cellular response to transforming growth factor beta stimulus	 21	0.367346836281681	0.98536875238176	9	12	1612	2738	1.1556358508857
GO:0071564	npBAF complex	  5	0.611006382880356	1	2	3	1619	2747	1.07859346082665
GO:0071636	positive regulation of transforming growth factor beta production	  6	0.718815878456455	1	2	4	1619	2746	0.898827884022209
GO:0071711	basement membrane organization	  7	0.0705706660816002	0.528541035757744	5	2	1616	2748	1.92605975147616
GO:0071732	cellular response to nitric oxide	  8	0.339218565637772	0.969924578864316	4	4	1617	2746	1.34824182603331
GO:0071773	cellular response to BMP stimulus	 11	0.837750994012784	1	3	8	1618	2742	0.735404632381807
GO:0071782	endoplasmic reticulum tubular network	  6	0.395387391728158	0.98536875238176	3	3	1618	2747	1.34824182603331
GO:0071786	endoplasmic reticulum tubular network organization	  7	0.515348610516959	1	3	4	1618	2746	1.1556358508857
GO:0071805	potassium ion transmembrane transport	 27	0.842463432757186	1	8	19	1613	2731	0.798958119130852
GO:0071837	HMG box domain binding	  6	0.718815878456455	1	2	4	1619	2746	0.898827884022209
GO:0071850	mitotic cell cycle arrest	  6	0.718815878456455	1	2	4	1619	2746	0.898827884022209
GO:0071880	adenylate cyclase-activating adrenergic receptor signaling pathway	  5	1	1	0	5	1621	2745	0
GO:0071889	14-3-3 protein binding	 12	0.707756305017222	1	4	8	1617	2742	0.898827884022209
GO:0071897	DNA biosynthetic process	 14	0.0355916224810885	0.448933792822859	9	5	1612	2745	1.73345377632855
GO:0071901	negative regulation of protein serine/threonine kinase activity	  9	0.4437258909147	1	4	5	1617	2745	1.19843717869628
GO:0071902	positive regulation of protein serine/threonine kinase activity	 19	0.765602332251481	1	6	13	1615	2737	0.851521153284198
GO:0071944	cell periphery	 28	0.32611526041501	0.969924578864316	12	16	1609	2734	1.1556358508857
GO:0071949	FAD binding	 13	0.166705340484931	0.79358399189249	7	6	1614	2744	1.45195273572818
GO:0072006	nephron development	  5	0.268307979032342	0.874292856505159	3	2	1618	2748	1.61789019123998
GO:0072075	metanephric mesenchyme development	  5	0.268307979032342	0.874292856505159	3	2	1618	2748	1.61789019123998
GO:0072332	intrinsic apoptotic signaling pathway by p53 class mediator	 10	0.542375343419917	1	4	6	1617	2744	1.07859346082665
GO:0072358	cardiovascular system development	  5	0.268307979032342	0.874292856505159	3	2	1618	2748	1.61789019123998
GO:0072425	signal transduction involved in G2 DNA damage checkpoint	  5	0.0664052440141702	0.528541035757744	4	1	1617	2749	2.1571869216533
GO:0072546	ER membrane protein complex	  6	0.718815878456455	1	2	4	1619	2746	0.898827884022209
GO:0072583	clathrin-dependent endocytosis	  7	0.961092643799227	1	1	6	1620	2744	0.385211950295232
GO:0072593	reactive oxygen species metabolic process	 10	0.121417105926346	0.710114109470648	6	4	1615	2746	1.61789019123998
GO:0072657	protein localization to membrane	  6	0.938108378346802	1	1	5	1620	2745	0.449413942011104
GO:0072659	protein localization to plasma membrane	 55	0.005952475228468	0.221476302604128	30	25	1591	2725	1.47080926476361
GO:0072686	mitotic spindle	 31	0.00517525861770817	0.215394602094389	19	12	1602	2738	1.652683528686
GO:0072711	cellular response to hydroxyurea	  5	0.0664052440141702	0.528541035757744	4	1	1617	2749	2.1571869216533
GO:0080008	Cul4-RING E3 ubiquitin ligase complex	  9	0.709677010709356	1	3	6	1618	2744	0.898827884022208
GO:0080025	phosphatidylinositol-3,5-bisphosphate binding	  9	0.709677010709356	1	3	6	1618	2744	0.898827884022208
GO:0085029	extracellular matrix assembly	  5	0.611006382880356	1	2	3	1619	2747	1.07859346082665
GO:0086002	cardiac muscle cell action potential involved in contraction	  5	0.611006382880356	1	2	3	1619	2747	1.07859346082665
GO:0086004	regulation of cardiac muscle cell contraction	  7	0.0705706660816002	0.528541035757744	5	2	1616	2748	1.92605975147616
GO:0086005	ventricular cardiac muscle cell action potential	  5	0.611006382880356	1	2	3	1619	2747	1.07859346082665
GO:0086091	regulation of heart rate by cardiac conduction	  9	0.4437258909147	1	4	5	1617	2745	1.19843717869628
GO:0090023	positive regulation of neutrophil chemotaxis	  7	0.961092643799227	1	1	6	1620	2744	0.385211950295232
GO:0090026	positive regulation of monocyte chemotaxis	  6	0.718815878456455	1	2	4	1619	2746	0.898827884022209
GO:0090050	positive regulation of cell migration involved in sprouting angiogenesis	 13	0.0640935809337508	0.528541035757744	8	5	1613	2745	1.65937455511792
GO:0090051	negative regulation of cell migration involved in sprouting angiogenesis	  7	0.235439100009758	0.874292856505159	4	3	1617	2747	1.54084780118093
GO:0090090	negative regulation of canonical Wnt signaling pathway	 34	0.0425105222094029	0.508881188456492	18	16	1603	2734	1.42755016874115
GO:0090102	cochlea development	 13	0.341050026682105	0.969924578864316	6	7	1615	2743	1.24453091633844
GO:0090103	cochlea morphogenesis	  8	0.621026637444471	1	3	5	1618	2745	1.01118136952498
GO:0090141	positive regulation of mitochondrial fission	  6	0.395387391728158	0.98536875238176	3	3	1618	2747	1.34824182603331
GO:0090162	establishment of epithelial cell polarity	  7	0.800202785632254	1	2	5	1619	2745	0.770423900590465
GO:0090179	planar cell polarity pathway involved in neural tube closure	  6	0.395387391728158	0.98536875238176	3	3	1618	2747	1.34824182603331
GO:0090181	regulation of cholesterol metabolic process	  5	0.611006382880356	1	2	3	1619	2747	1.07859346082665
GO:0090190	positive regulation of branching involved in ureteric bud morphogenesis	  6	0.141228566336525	0.710114109470648	4	2	1617	2748	1.79765576804442
GO:0090200	positive regulation of release of cytochrome c from mitochondria	 13	0.913779546461806	1	3	10	1618	2740	0.622265458169221
GO:0090201	negative regulation of release of cytochrome c from mitochondria	  8	0.339218565637772	0.969924578864316	4	4	1617	2746	1.34824182603331
GO:0090263	positive regulation of canonical Wnt signaling pathway	 29	0.680799956377099	1	10	19	1611	2731	0.929821948988492
GO:0090280	positive regulation of calcium ion import	  8	0.131659634381745	0.710114109470648	5	3	1616	2747	1.68530228254164
GO:0090303	positive regulation of wound healing	 11	0.387196429366767	0.98536875238176	5	6	1616	2744	1.22567438730301
GO:0090305	nucleic acid phosphodiester bond hydrolysis	 31	0.131794971034971	0.710114109470648	15	16	1606	2734	1.30475015422579
GO:0090307	mitotic spindle assembly	 14	0.102096192203968	0.680879267821798	8	6	1613	2744	1.54084780118093
GO:0090314	positive regulation of protein targeting to membrane	 10	0.00719933454812439	0.221476302604128	8	2	1613	2748	2.1571869216533
GO:0090316	positive regulation of intracellular protein transport	  9	0.902857070547847	1	2	7	1619	2743	0.599218589348139
GO:0090331	negative regulation of platelet aggregation	  7	0.800202785632254	1	2	5	1619	2745	0.770423900590465
GO:0090336	positive regulation of brown fat cell differentiation	  5	0.611006382880356	1	2	3	1619	2747	1.07859346082665
GO:0090398	cellular senescence	  7	0.0705706660816002	0.528541035757744	5	2	1616	2748	1.92605975147616
GO:0090501	RNA phosphodiester bond hydrolysis	  7	1	1	0	7	1621	2743	0
GO:0090502	RNA phosphodiester bond hydrolysis, endonucleolytic	 12	0.881082557011305	1	3	9	1618	2741	0.674120913016656
GO:0090503	RNA phosphodiester bond hydrolysis, exonucleolytic	  8	1	1	0	8	1621	2742	0
GO:0090543	Flemming body	  8	0.339218565637772	0.969924578864316	4	4	1617	2746	1.34824182603331
GO:0090575	RNA polymerase II transcription factor complex	 25	0.876654794643343	1	7	18	1614	2732	0.755015422578655
GO:0090630	activation of GTPase activity	 19	0.12239547328796	0.710114109470648	10	9	1611	2741	1.41920192214033
GO:0090650	cellular response to oxygen-glucose deprivation	  6	0.718815878456455	1	2	4	1619	2746	0.898827884022209
GO:0090734	site of DNA damage	  5	0.611006382880356	1	2	3	1619	2747	1.07859346082665
GO:0097009	energy homeostasis	 11	0.631049008593145	1	4	7	1617	2743	0.980539509842409
GO:0097027	ubiquitin-protein transferase activator activity	  5	0.268307979032342	0.874292856505159	3	2	1618	2748	1.61789019123998
GO:0097038	perinuclear endoplasmic reticulum	  9	0.902857070547847	1	2	7	1619	2743	0.599218589348139
GO:0097060	synaptic membrane	 16	0.76752206964715	1	5	11	1616	2739	0.842651141270821
GO:0097066	response to thyroid hormone	  5	0.611006382880356	1	2	3	1619	2747	1.07859346082665
GO:0097105	presynaptic membrane assembly	  5	0.268307979032342	0.874292856505159	3	2	1618	2748	1.61789019123998
GO:0097110	scaffold protein binding	 27	0.41659720784538	1	11	16	1610	2734	1.09856741380492
GO:0097150	neuronal stem cell population maintenance	  7	0.235439100009758	0.874292856505159	4	3	1617	2747	1.54084780118093
GO:0097153	cysteine-type endopeptidase activity involved in apoptotic process	  7	0.515348610516959	1	3	4	1618	2746	1.1556358508857
GO:0097157	pre-mRNA intronic binding	  5	0.901559628365078	1	1	4	1620	2746	0.539296730413325
GO:0097190	apoptotic signaling pathway	 19	0.4071786487977	1	8	11	1613	2739	1.13536153771226
GO:0097191	extrinsic apoptotic signaling pathway	 12	0.881082557011305	1	3	9	1618	2741	0.674120913016656
GO:0097192	extrinsic apoptotic signaling pathway in absence of ligand	 14	0.938074818776605	1	3	11	1618	2739	0.577817925442848
GO:0097193	intrinsic apoptotic signaling pathway	 12	0.260583248437255	0.874292856505159	6	6	1615	2744	1.34824182603331
GO:0097194	execution phase of apoptosis	  8	0.339218565637772	0.969924578864316	4	4	1617	2746	1.34824182603331
GO:0097202	activation of cysteine-type endopeptidase activity	  6	0.938108378346802	1	1	5	1620	2745	0.449413942011104
GO:0097225	sperm midpiece	  7	0.961092643799227	1	1	6	1620	2744	0.385211950295232
GO:0097228	sperm principal piece	  6	0.938108378346802	1	1	5	1620	2745	0.449413942011104
GO:0097242	amyloid-beta clearance	  5	0.901559628365078	1	1	4	1620	2746	0.539296730413325
GO:0097284	hepatocyte apoptotic process	  6	0.938108378346802	1	1	5	1620	2745	0.449413942011104
GO:0097352	autophagosome maturation	  6	0.938108378346802	1	1	5	1620	2745	0.449413942011104
GO:0097371	MDM2/MDM4 family protein binding	  5	0.611006382880356	1	2	3	1619	2747	1.07859346082665
GO:0097421	liver regeneration	 11	0.186018051505006	0.848800072337835	6	5	1615	2745	1.47080926476361
GO:0097422	tubular endosome	  5	1	1	0	5	1621	2745	0
GO:0097431	mitotic spindle pole	 12	0.260583248437255	0.874292856505159	6	6	1615	2744	1.34824182603331
GO:0097435	supramolecular fiber organization	  5	0.00698752388695992	0.221476302604128	5	0	1616	2750	2.69648365206663
GO:0097440	apical dendrite	  8	0.339218565637772	0.969924578864316	4	4	1617	2746	1.34824182603331
GO:0097470	ribbon synapse	  6	0.938108378346802	1	1	5	1620	2745	0.449413942011104
GO:0097503	sialylation	  6	0.718815878456455	1	2	4	1619	2746	0.898827884022209
GO:0097546	ciliary base	  5	0.901559628365078	1	1	4	1620	2746	0.539296730413325
GO:0097602	cullin family protein binding	  7	0.800202785632254	1	2	5	1619	2745	0.770423900590465
GO:0097718	disordered domain specific binding	 12	0.260583248437255	0.874292856505159	6	6	1615	2744	1.34824182603331
GO:0097730	non-motile cilium	  5	0.268307979032342	0.874292856505159	3	2	1618	2748	1.61789019123998
GO:0097746	regulation of blood vessel diameter	  8	0.9755447117189	1	1	7	1620	2743	0.337060456508328
GO:0097755	positive regulation of blood vessel diameter	 12	0.969116020269325	1	2	10	1619	2740	0.449413942011104
GO:0097756	negative regulation of blood vessel diameter	  5	0.0664052440141702	0.528541035757744	4	1	1617	2749	2.1571869216533
GO:0098531	ligand-activated transcription factor activity	  5	1	1	0	5	1621	2745	0
GO:0098586	cellular response to virus	  6	0.938108378346802	1	1	5	1620	2745	0.449413942011104
GO:0098609	cell-cell adhesion	 44	0.244760091657558	0.874292856505159	19	25	1602	2725	1.16439066793786
GO:0098655	cation transmembrane transport	 12	0.47763441574499	1	5	7	1616	2743	1.12353485502776
GO:0098656	anion transmembrane transport	  7	0.800202785632254	1	2	5	1619	2745	0.770423900590465
GO:0098685	Schaffer collateral - CA1 synapse	 34	0.771597427100199	1	11	23	1610	2727	0.872391769786261
GO:0098686	hippocampal mossy fiber to CA3 synapse	 13	0.772092592176301	1	4	9	1617	2741	0.829687277558962
GO:0098688	parallel fiber to Purkinje cell synapse	  9	0.4437258909147	1	4	5	1617	2745	1.19843717869628
GO:0098693	regulation of synaptic vesicle cycle	  5	0.611006382880356	1	2	3	1619	2747	1.07859346082665
GO:0098696	regulation of neurotransmitter receptor localization to postsynaptic specialization membrane	  7	0.800202785632254	1	2	5	1619	2745	0.770423900590465
GO:0098761	cellular response to interleukin-7	  6	0.718815878456455	1	2	4	1619	2746	0.898827884022209
GO:0098793	presynapse	 48	0.839331647591101	1	15	33	1606	2717	0.842651141270821
GO:0098794	postsynapse	 53	0.883961809835199	1	16	37	1605	2713	0.814032800623887
GO:0098831	presynaptic active zone cytoplasmic component	  6	1	1	0	6	1621	2744	0
GO:0098839	postsynaptic density membrane	 11	0.954443776392988	1	2	9	1619	2741	0.490269754921205
GO:0098869	cellular oxidant detoxification	 24	0.13587547626206	0.710114109470648	12	12	1609	2738	1.34824182603331
GO:0098885	modification of postsynaptic actin cytoskeleton	  5	0.611006382880356	1	2	3	1619	2747	1.07859346082665
GO:0098982	GABA-ergic synapse	 24	0.929051654116408	1	6	18	1615	2732	0.674120913016656
GO:0099003	vesicle-mediated transport in synapse	  6	0.718815878456455	1	2	4	1619	2746	0.898827884022209
GO:0099055	integral component of postsynaptic membrane	 16	0.579969549388792	1	6	10	1615	2740	1.01118136952498
GO:0099056	integral component of presynaptic membrane	 18	0.857088356526676	1	5	13	1616	2737	0.749023236685174
GO:0099059	integral component of presynaptic active zone membrane	  5	1	1	0	5	1621	2745	0
GO:0099060	integral component of postsynaptic specialization membrane	  6	0.718815878456455	1	2	4	1619	2746	0.898827884022209
GO:0099061	integral component of postsynaptic density membrane	 14	0.938074818776605	1	3	11	1618	2739	0.577817925442848
GO:0099072	regulation of postsynaptic membrane neurotransmitter receptor levels	  6	0.395387391728158	0.98536875238176	3	3	1618	2747	1.34824182603331
GO:0099092	postsynaptic density, intracellular component	 12	0.0362473632093955	0.448933792822859	8	4	1613	2746	1.79765576804442
GO:0099149	regulation of postsynaptic neurotransmitter receptor internalization	  9	0.709677010709356	1	3	6	1618	2744	0.898827884022208
GO:0099151	regulation of postsynaptic density assembly	  6	0.395387391728158	0.98536875238176	3	3	1618	2747	1.34824182603331
GO:0099170	postsynaptic modulation of chemical synaptic transmission	  5	0.901559628365078	1	1	4	1620	2746	0.539296730413325
GO:0099175	regulation of postsynapse organization	 11	0.387196429366767	0.98536875238176	5	6	1616	2744	1.22567438730301
GO:0099523	presynaptic cytosol	  7	0.800202785632254	1	2	5	1619	2745	0.770423900590465
GO:0099524	postsynaptic cytosol	 12	0.47763441574499	1	5	7	1616	2743	1.12353485502776
GO:0099560	synaptic membrane adhesion	  6	0.141228566336525	0.710114109470648	4	2	1617	2748	1.79765576804442
GO:0099645	neurotransmitter receptor localization to postsynaptic specialization membrane	  5	0.611006382880356	1	2	3	1619	2747	1.07859346082665
GO:0099738	cell cortex region	  7	0.0705706660816002	0.528541035757744	5	2	1616	2748	1.92605975147616
GO:0102391	decanoate-CoA ligase activity	  5	0.268307979032342	0.874292856505159	3	2	1618	2748	1.61789019123998
GO:0102567	phospholipase A2 activity (consuming 1,2-dipalmitoylphosphatidylcholine)	  6	0.718815878456455	1	2	4	1619	2746	0.898827884022209
GO:0102568	phospholipase A2 activity consuming 1,2-dioleoylphosphatidylethanolamine)	  6	0.718815878456455	1	2	4	1619	2746	0.898827884022209
GO:0106074	aminoacyl-tRNA metabolism involved in translational fidelity	  5	0.0664052440141702	0.528541035757744	4	1	1617	2749	2.1571869216533
GO:0120020	cholesterol transfer activity	  5	0.0664052440141702	0.528541035757744	4	1	1617	2749	2.1571869216533
GO:0120162	positive regulation of cold-induced thermogenesis	 26	0.358026271542409	0.98536875238176	11	15	1610	2735	1.14082000664357
GO:0120163	negative regulation of cold-induced thermogenesis	 15	0.708911907066413	1	5	10	1616	2740	0.898827884022209
GO:0140326	ATPase-coupled intramembrane lipid transporter activity	  5	0.901559628365078	1	1	4	1620	2746	0.539296730413325
GO:0150093	amyloid-beta clearance by transcytosis	  5	0.901559628365078	1	1	4	1620	2746	0.539296730413325
GO:0150094	amyloid-beta clearance by cellular catabolic process	  5	0.268307979032342	0.874292856505159	3	2	1618	2748	1.61789019123998
GO:1900006	positive regulation of dendrite development	  5	0.00698752388695992	0.221476302604128	5	0	1616	2750	2.69648365206663
GO:1900025	negative regulation of substrate adhesion-dependent cell spreading	  5	0.901559628365078	1	1	4	1620	2746	0.539296730413325
GO:1900026	positive regulation of substrate adhesion-dependent cell spreading	 17	0.135312010717701	0.710114109470648	9	8	1612	2742	1.42755016874115
GO:1900029	positive regulation of ruffle assembly	  6	0.141228566336525	0.710114109470648	4	2	1617	2748	1.79765576804442
GO:1900087	positive regulation of G1/S transition of mitotic cell cycle	 17	0.452379285320191	1	7	10	1614	2740	1.11031679790979
GO:1900153	positive regulation of nuclear-transcribed mRNA catabolic process, deadenylation-dependent decay	  7	0.961092643799227	1	1	6	1620	2744	0.385211950295232
GO:1900181	negative regulation of protein localization to nucleus	  7	0.800202785632254	1	2	5	1619	2745	0.770423900590465
GO:1900182	positive regulation of protein localization to nucleus	 15	0.503921793911772	1	6	9	1615	2741	1.07859346082665
GO:1900242	regulation of synaptic vesicle endocytosis	  9	0.902857070547847	1	2	7	1619	2743	0.599218589348139
GO:1900271	regulation of long-term synaptic potentiation	  5	0.901559628365078	1	1	4	1620	2746	0.539296730413325
GO:1900745	positive regulation of p38MAPK cascade	 11	0.631049008593145	1	4	7	1617	2743	0.980539509842409
GO:1901030	positive regulation of mitochondrial outer membrane permeabilization involved in apoptotic signaling pathway	  5	0.611006382880356	1	2	3	1619	2747	1.07859346082665
GO:1901215	negative regulation of neuron death	 23	0.964288217874053	1	5	18	1616	2732	0.586192098275353
GO:1901216	positive regulation of neuron death	 18	0.52551977682233	1	7	11	1614	2739	1.04863253135924
GO:1901222	regulation of NIK/NF-kappaB signaling	  5	0.268307979032342	0.874292856505159	3	2	1618	2748	1.61789019123998
GO:1901223	negative regulation of NIK/NF-kappaB signaling	  9	0.0701198146538523	0.528541035757744	6	3	1615	2747	1.79765576804442
GO:1901224	positive regulation of NIK/NF-kappaB signaling	 14	0.640581869348199	1	5	9	1616	2741	0.963029875738081
GO:1901386	negative regulation of voltage-gated calcium channel activity	  5	0.901559628365078	1	1	4	1620	2746	0.539296730413325
GO:1901387	positive regulation of voltage-gated calcium channel activity	  6	0.395387391728158	0.98536875238176	3	3	1618	2747	1.34824182603331
GO:1901653	cellular response to peptide	  5	0.268307979032342	0.874292856505159	3	2	1618	2748	1.61789019123998
GO:1901673	regulation of mitotic spindle assembly	 15	0.708911907066413	1	5	10	1616	2740	0.898827884022209
GO:1901741	positive regulation of myoblast fusion	 10	0.295751712156876	0.928961961772567	5	5	1616	2745	1.34824182603331
GO:1901796	regulation of signal transduction by p53 class mediator	  6	0.395387391728158	0.98536875238176	3	3	1618	2747	1.34824182603331
GO:1901800	positive regulation of proteasomal protein catabolic process	  5	0.0664052440141702	0.528541035757744	4	1	1617	2749	2.1571869216533
GO:1901998	toxin transport	 16	0.993784643175182	1	2	14	1619	2736	0.337060456508328
GO:1902004	positive regulation of amyloid-beta formation	  5	0.611006382880356	1	2	3	1619	2747	1.07859346082665
GO:1902017	regulation of cilium assembly	  6	0.718815878456455	1	2	4	1619	2746	0.898827884022209
GO:1902042	negative regulation of extrinsic apoptotic signaling pathway via death domain receptors	 10	0.295751712156876	0.928961961772567	5	5	1616	2745	1.34824182603331
GO:1902043	positive regulation of extrinsic apoptotic signaling pathway via death domain receptors	  5	0.901559628365078	1	1	4	1620	2746	0.539296730413325
GO:1902166	negative regulation of intrinsic apoptotic signaling pathway in response to DNA damage by p53 class mediator	  5	0.901559628365078	1	1	4	1620	2746	0.539296730413325
GO:1902187	negative regulation of viral release from host cell	  8	0.339218565637772	0.969924578864316	4	4	1617	2746	1.34824182603331
GO:1902188	positive regulation of viral release from host cell	  5	0.268307979032342	0.874292856505159	3	2	1618	2748	1.61789019123998
GO:1902230	negative regulation of intrinsic apoptotic signaling pathway in response to DNA damage	  8	0.131659634381745	0.710114109470648	5	3	1616	2747	1.68530228254164
GO:1902236	negative regulation of endoplasmic reticulum stress-induced intrinsic apoptotic signaling pathway	  6	0.395387391728158	0.98536875238176	3	3	1618	2747	1.34824182603331
GO:1902237	positive regulation of endoplasmic reticulum stress-induced intrinsic apoptotic signaling pathway	  5	0.901559628365078	1	1	4	1620	2746	0.539296730413325
GO:1902396	protein localization to bicellular tight junction	  5	0.611006382880356	1	2	3	1619	2747	1.07859346082665
GO:1902430	negative regulation of amyloid-beta formation	  5	0.611006382880356	1	2	3	1619	2747	1.07859346082665
GO:1902476	chloride transmembrane transport	 19	0.4071786487977	1	8	11	1613	2739	1.13536153771226
GO:1902600	proton transmembrane transport	 22	0.150247075805046	0.741132558410753	11	11	1610	2739	1.34824182603331
GO:1902715	positive regulation of interferon-gamma secretion	  5	0.268307979032342	0.874292856505159	3	2	1618	2748	1.61789019123998
GO:1902741	positive regulation of interferon-alpha secretion	  7	0.800202785632254	1	2	5	1619	2745	0.770423900590465
GO:1902807	negative regulation of cell cycle G1/S phase transition	  6	0.141228566336525	0.710114109470648	4	2	1617	2748	1.79765576804442
GO:1902894	negative regulation of pri-miRNA transcription by RNA polymerase II	  7	0.515348610516959	1	3	4	1618	2746	1.1556358508857
GO:1902895	positive regulation of pri-miRNA transcription by RNA polymerase II	 20	0.81170571475781	1	6	14	1615	2736	0.808945095619988
GO:1902902	negative regulation of autophagosome assembly	  7	0.0123627495615496	0.280712908695187	6	1	1615	2749	2.31127170177139
GO:1903076	regulation of protein localization to plasma membrane	 13	0.562999658909294	1	5	8	1616	2742	1.0371090969487
GO:1903077	negative regulation of protein localization to plasma membrane	  7	0.800202785632254	1	2	5	1619	2745	0.770423900590465
GO:1903078	positive regulation of protein localization to plasma membrane	 15	0.708911907066413	1	5	10	1616	2740	0.898827884022209
GO:1903351	cellular response to dopamine	  6	0.141228566336525	0.710114109470648	4	2	1617	2748	1.79765576804442
GO:1903358	regulation of Golgi organization	  5	0.611006382880356	1	2	3	1619	2747	1.07859346082665
GO:1903364	positive regulation of cellular protein catabolic process	  5	0.611006382880356	1	2	3	1619	2747	1.07859346082665
GO:1903393	positive regulation of adherens junction organization	  5	0.268307979032342	0.874292856505159	3	2	1618	2748	1.61789019123998
GO:1903428	positive regulation of reactive oxygen species biosynthetic process	  5	1	1	0	5	1621	2745	0
GO:1903506	regulation of nucleic acid-templated transcription	  6	1	1	0	6	1621	2744	0
GO:1903507	negative regulation of nucleic acid-templated transcription	 10	0.781377725261973	1	3	7	1618	2743	0.808945095619988
GO:1903508	positive regulation of nucleic acid-templated transcription	 24	0.718996869076368	1	8	16	1613	2734	0.898827884022209
GO:1903543	positive regulation of exosomal secretion	  7	0.800202785632254	1	2	5	1619	2745	0.770423900590465
GO:1903608	protein localization to cytoplasmic stress granule	  5	1	1	0	5	1621	2745	0
GO:1903671	negative regulation of sprouting angiogenesis	  6	0.395387391728158	0.98536875238176	3	3	1618	2747	1.34824182603331
GO:1903672	positive regulation of sprouting angiogenesis	 12	0.260583248437255	0.874292856505159	6	6	1615	2744	1.34824182603331
GO:1903715	regulation of aerobic respiration	  5	0.611006382880356	1	2	3	1619	2747	1.07859346082665
GO:1903799	negative regulation of production of miRNAs involved in gene silencing by miRNA	  5	0.901559628365078	1	1	4	1620	2746	0.539296730413325
GO:1903800	positive regulation of production of miRNAs involved in gene silencing by miRNA	  5	0.901559628365078	1	1	4	1620	2746	0.539296730413325
GO:1903861	positive regulation of dendrite extension	  9	1	1	0	9	1621	2741	0
GO:1904058	positive regulation of sensory perception of pain	  5	0.268307979032342	0.874292856505159	3	2	1618	2748	1.61789019123998
GO:1904115	axon cytoplasm	 18	0.52551977682233	1	7	11	1614	2739	1.04863253135924
GO:1904315	transmitter-gated ion channel activity involved in regulation of postsynaptic membrane potential	 10	0.933226906869315	1	2	8	1619	2742	0.539296730413325
GO:1904355	positive regulation of telomere capping	  7	0.235439100009758	0.874292856505159	4	3	1617	2747	1.54084780118093
GO:1904385	cellular response to angiotensin	  5	0.268307979032342	0.874292856505159	3	2	1618	2748	1.61789019123998
GO:1904469	positive regulation of tumor necrosis factor secretion	  7	0.800202785632254	1	2	5	1619	2745	0.770423900590465
GO:1904646	cellular response to amyloid-beta	 15	0.866800508304316	1	4	11	1617	2739	0.719062307217767
GO:1904706	negative regulation of vascular smooth muscle cell proliferation	  8	0.621026637444471	1	3	5	1618	2745	1.01118136952498
GO:1904707	positive regulation of vascular smooth muscle cell proliferation	 12	0.111452854572757	0.710114109470648	7	5	1614	2745	1.57294879703886
GO:1904754	positive regulation of vascular associated smooth muscle cell migration	  6	0.141228566336525	0.710114109470648	4	2	1617	2748	1.79765576804442
GO:1905050	positive regulation of metallopeptidase activity	  5	0.0664052440141702	0.528541035757744	4	1	1617	2749	2.1571869216533
GO:1905515	non-motile cilium assembly	  7	1	1	0	7	1621	2743	0
GO:1905564	positive regulation of vascular endothelial cell proliferation	  6	1	1	0	6	1621	2744	0
GO:1905606	regulation of presynapse assembly	 10	0.295751712156876	0.928961961772567	5	5	1616	2745	1.34824182603331
GO:1990090	cellular response to nerve growth factor stimulus	 12	0.707756305017222	1	4	8	1617	2742	0.898827884022209
GO:1990124	messenger ribonucleoprotein complex	  6	0.718815878456455	1	2	4	1619	2746	0.898827884022209
GO:1990126	retrograde transport, endosome to plasma membrane	  6	1	1	0	6	1621	2744	0
GO:1990138	neuron projection extension	 11	0.387196429366767	0.98536875238176	5	6	1616	2744	1.22567438730301
GO:1990253	cellular response to leucine starvation	  6	0.00258631209375338	0.140144134524929	6	0	1615	2750	2.69648365206663
GO:1990314	cellular response to insulin-like growth factor stimulus	  8	0.859928168361515	1	2	6	1619	2744	0.674120913016656
GO:1990381	ubiquitin-specific protease binding	  7	0.515348610516959	1	3	4	1618	2746	1.1556358508857
GO:1990404	protein ADP-ribosylase activity	  5	0.901559628365078	1	1	4	1620	2746	0.539296730413325
GO:1990440	positive regulation of transcription from RNA polymerase II promoter in response to endoplasmic reticulum stress	  7	0.0123627495615496	0.280712908695187	6	1	1615	2749	2.31127170177139
GO:1990573	potassium ion import across plasma membrane	  7	0.800202785632254	1	2	5	1619	2745	0.770423900590465
GO:1990776	response to angiotensin	  5	0.268307979032342	0.874292856505159	3	2	1618	2748	1.61789019123998
GO:1990782	protein tyrosine kinase binding	  6	0.718815878456455	1	2	4	1619	2746	0.898827884022209
GO:1990825	sequence-specific mRNA binding	  7	0.800202785632254	1	2	5	1619	2745	0.770423900590465
GO:1990830	cellular response to leukemia inhibitory factor	 47	0.884940200101361	1	14	33	1607	2717	0.803207896360271
GO:1990837	sequence-specific double-stranded DNA binding	  7	0.515348610516959	1	3	4	1618	2746	1.1556358508857
GO:1990841	promoter-specific chromatin binding	 26	0.358026271542409	0.98536875238176	11	15	1610	2735	1.14082000664357
GO:1990869	cellular response to chemokine	  6	0.395387391728158	0.98536875238176	3	3	1618	2747	1.34824182603331
GO:1990904	ribonucleoprotein complex	 50	0.983495788070191	1	12	38	1609	2712	0.64715607649599
GO:2000009	negative regulation of protein localization to cell surface	  5	0.611006382880356	1	2	3	1619	2747	1.07859346082665
GO:2000010	positive regulation of protein localization to cell surface	  5	1	1	0	5	1621	2745	0
GO:2000036	regulation of stem cell population maintenance	  5	0.611006382880356	1	2	3	1619	2747	1.07859346082665
GO:2000045	regulation of G1/S transition of mitotic cell cycle	  9	0.208584409041611	0.874292856505159	5	4	1616	2746	1.49804647337035
GO:2000059	negative regulation of ubiquitin-dependent protein catabolic process	  5	0.901559628365078	1	1	4	1620	2746	0.539296730413325
GO:2000060	positive regulation of ubiquitin-dependent protein catabolic process	  5	0.611006382880356	1	2	3	1619	2747	1.07859346082665
GO:2000114	regulation of establishment of cell polarity	  5	0.901559628365078	1	1	4	1620	2746	0.539296730413325
GO:2000134	negative regulation of G1/S transition of mitotic cell cycle	 15	0.149963608006343	0.741132558410753	8	7	1613	2743	1.43812461443553
GO:2000144	positive regulation of DNA-templated transcription, initiation	  5	0.901559628365078	1	1	4	1620	2746	0.539296730413325
GO:2000147	positive regulation of cell motility	  9	0.4437258909147	1	4	5	1617	2745	1.19843717869628
GO:2000179	positive regulation of neural precursor cell proliferation	 10	0.781377725261973	1	3	7	1618	2743	0.808945095619988
GO:2000249	regulation of actin cytoskeleton reorganization	  7	0.0705706660816002	0.528541035757744	5	2	1616	2748	1.92605975147616
GO:2000251	positive regulation of actin cytoskeleton reorganization	  8	0.0339172851015134	0.448933792822859	6	2	1615	2748	2.02236273904997
GO:2000270	negative regulation of fibroblast apoptotic process	  5	0.611006382880356	1	2	3	1619	2747	1.07859346082665
GO:2000272	negative regulation of signaling receptor activity	  6	0.718815878456455	1	2	4	1619	2746	0.898827884022209
GO:2000279	negative regulation of DNA biosynthetic process	  7	0.0705706660816002	0.528541035757744	5	2	1616	2748	1.92605975147616
GO:2000288	positive regulation of myoblast proliferation	  5	0.901559628365078	1	1	4	1620	2746	0.539296730413325
GO:2000300	regulation of synaptic vesicle exocytosis	 18	0.945046361577901	1	4	14	1617	2736	0.599218589348139
GO:2000347	positive regulation of hepatocyte proliferation	  7	0.961092643799227	1	1	6	1620	2744	0.385211950295232
GO:2000352	negative regulation of endothelial cell apoptotic process	  9	0.4437258909147	1	4	5	1617	2745	1.19843717869628
GO:2000353	positive regulation of endothelial cell apoptotic process	  8	0.339218565637772	0.969924578864316	4	4	1617	2746	1.34824182603331
GO:2000377	regulation of reactive oxygen species metabolic process	 12	0.47763441574499	1	5	7	1616	2743	1.12353485502776
GO:2000378	negative regulation of reactive oxygen species metabolic process	 11	0.387196429366767	0.98536875238176	5	6	1616	2744	1.22567438730301
GO:2000379	positive regulation of reactive oxygen species metabolic process	 11	0.387196429366767	0.98536875238176	5	6	1616	2744	1.22567438730301
GO:2000406	positive regulation of T cell migration	  5	0.611006382880356	1	2	3	1619	2747	1.07859346082665
GO:2000463	positive regulation of excitatory postsynaptic potential	  9	0.709677010709356	1	3	6	1618	2744	0.898827884022208
GO:2000484	positive regulation of interleukin-8 secretion	  5	0.611006382880356	1	2	3	1619	2747	1.07859346082665
GO:2000573	positive regulation of DNA biosynthetic process	 11	0.017829412392986	0.363364088011944	8	3	1613	2747	1.96107901968482
GO:2000637	positive regulation of gene silencing by miRNA	  7	0.961092643799227	1	1	6	1620	2744	0.385211950295232
GO:2000641	regulation of early endosome to late endosome transport	  5	0.901559628365078	1	1	4	1620	2746	0.539296730413325
GO:2000648	positive regulation of stem cell proliferation	  7	0.961092643799227	1	1	6	1620	2744	0.385211950295232
GO:2000649	regulation of sodium ion transmembrane transporter activity	  5	0.268307979032342	0.874292856505159	3	2	1618	2748	1.61789019123998
GO:2000678	negative regulation of transcription regulatory region DNA binding	  5	0.268307979032342	0.874292856505159	3	2	1618	2748	1.61789019123998
GO:2000679	positive regulation of transcription regulatory region DNA binding	  6	0.718815878456455	1	2	4	1619	2746	0.898827884022209
GO:2000727	positive regulation of cardiac muscle cell differentiation	  7	0.800202785632254	1	2	5	1619	2745	0.770423900590465
GO:2000737	negative regulation of stem cell differentiation	  5	0.611006382880356	1	2	3	1619	2747	1.07859346082665
GO:2000772	regulation of cellular senescence	  6	0.938108378346802	1	1	5	1620	2745	0.449413942011104
GO:2000773	negative regulation of cellular senescence	  8	0.339218565637772	0.969924578864316	4	4	1617	2746	1.34824182603331
GO:2000774	positive regulation of cellular senescence	  5	0.901559628365078	1	1	4	1620	2746	0.539296730413325
GO:2000778	positive regulation of interleukin-6 secretion	 12	0.47763441574499	1	5	7	1616	2743	1.12353485502776
GO:2000781	positive regulation of double-strand break repair	  6	0.718815878456455	1	2	4	1619	2746	0.898827884022209
GO:2000785	regulation of autophagosome assembly	  5	0.268307979032342	0.874292856505159	3	2	1618	2748	1.61789019123998
GO:2000810	regulation of bicellular tight junction assembly	  8	0.339218565637772	0.969924578864316	4	4	1617	2746	1.34824182603331
GO:2000811	negative regulation of anoikis	  7	0.515348610516959	1	3	4	1618	2746	1.1556358508857
GO:2001022	positive regulation of response to DNA damage stimulus	  7	0.800202785632254	1	2	5	1619	2745	0.770423900590465
GO:2001046	positive regulation of integrin-mediated signaling pathway	  5	0.268307979032342	0.874292856505159	3	2	1618	2748	1.61789019123998
GO:2001223	negative regulation of neuron migration	  6	0.395387391728158	0.98536875238176	3	3	1618	2747	1.34824182603331
GO:2001234	negative regulation of apoptotic signaling pathway	 14	0.640581869348199	1	5	9	1616	2741	0.963029875738081
GO:2001235	positive regulation of apoptotic signaling pathway	 13	0.772092592176301	1	4	9	1617	2741	0.829687277558962
GO:2001237	negative regulation of extrinsic apoptotic signaling pathway	 16	0.579969549388792	1	6	10	1615	2740	1.01118136952498
GO:2001238	positive regulation of extrinsic apoptotic signaling pathway	  8	0.339218565637772	0.969924578864316	4	4	1617	2746	1.34824182603331
GO:2001240	negative regulation of extrinsic apoptotic signaling pathway in absence of ligand	  7	0.515348610516959	1	3	4	1618	2746	1.1556358508857
GO:2001241	positive regulation of extrinsic apoptotic signaling pathway in absence of ligand	  5	0.268307979032342	0.874292856505159	3	2	1618	2748	1.61789019123998
GO:2001243	negative regulation of intrinsic apoptotic signaling pathway	 10	0.295751712156876	0.928961961772567	5	5	1616	2745	1.34824182603331
GO:2001244	positive regulation of intrinsic apoptotic signaling pathway	 18	0.185113328194816	0.848800072337835	9	9	1612	2741	1.34824182603331
